2026-09-16T23:25:23.289186Z NOTICE wpa_supplicant[770]: Successfully initialized wpa_supplicant
2026-09-16T23:25:23.394259Z NOTICE hermes[889]: Starting post-start script.
2026-09-16T23:25:23.405066Z NOTICE hermes[897]: Variant: 
2026-09-16T23:25:23.406612Z NOTICE hermes[900]: Skip non cellular SKU.
2026-09-16T23:25:23.423860Z INFO hermes[884]: Initialize
2026-09-16T23:25:23.423895Z INFO hermes[884]: Transitioning from state Uninitialized to state Uninitialized
2026-09-16T23:25:23.511275Z INFO shill[957]: INFO shill: [../../../../../../../mnt/host/source/src/platform2/shill/manager.cc:348] Start
2026-09-16T23:25:23.512918Z INFO shill[957]: INFO shill: [../../../../../../../mnt/host/source/src/platform2/shill/dbus/power_manager_proxy.cc:421] OnSignalConnected interface: org.chromium.PowerManager signal: SuspendImminentsuccess: 1
2026-09-16T23:25:23.513149Z INFO shill[957]: INFO shill: [../../../../../../../mnt/host/source/src/platform2/shill/dbus/power_manager_proxy.cc:421] OnSignalConnected interface: org.chromium.PowerManager signal: SuspendDonesuccess: 1
2026-09-16T23:25:23.513377Z INFO shill[957]: INFO shill: [../../../../../../../mnt/host/source/src/platform2/shill/dbus/power_manager_proxy.cc:421] OnSignalConnected interface: org.chromium.PowerManager signal: DarkSuspendImminentsuccess: 1
2026-09-16T23:25:24.180015Z INFO shill[957]: INFO shill: [../../../../../../../mnt/host/source/src/platform2/shill/manager.cc:552] PushProfileInternal: default profile.
2026-09-16T23:25:24.181993Z INFO shill[957]: INFO shill: [../../../../../../../mnt/host/source/src/platform2/shill/manager.cc:599] PushProfileInternal: finished; 1 profile(s) now present.
2026-09-16T23:25:24.182196Z INFO shill[957]: INFO shill: [../../../../../../../mnt/host/source/src/platform2/shill/cellular/modem_info.cc:40] Start
2026-09-16T23:25:24.183802Z INFO shill[957]: INFO shill: [../../../../../../../mnt/host/source/src/platform2/shill/service.cc:1389] unselected ethernet_4 sid=none SetAutoConnect: 1
2026-09-16T23:25:24.184493Z INFO shill[957]: INFO shill: [../../../../../../../mnt/host/source/src/platform2/shill/wifi/p2p_manager.cc:150] Start
2026-09-16T23:25:24.188495Z INFO shill[957]: INFO shill: [../../../../../../../mnt/host/source/src/platform2/shill/cellular/modem.cc:128] ShouldCreateCellularDeviceNot creating cellular device for non-cellular variant.
2026-09-16T23:25:24.363562Z INFO shill[957]: INFO shill: [../../../../../../../mnt/host/source/src/platform2/shill/wifi/p2p_manager.cc:491] SetAllowed Allowed set to true
2026-09-16T23:25:24.363615Z INFO shill[957]: INFO shill: [../../../../../../../mnt/host/source/src/platform2/shill/wifi/p2p_manager.cc:154] Stop
2026-09-16T23:25:25.744027Z INFO patchpanel_bpf_loader[1843]: Pinned bpf program match_dtls_srtp at /sys/fs/bpf/patchpanel/match_dtls_srtp
2026-09-16T23:25:25.761271Z INFO dnsproxyd[1849]: INFO dnsproxyd: [../../../../../tmp/portage/chromeos-base/dns-proxy-0.0.1-r1080/work/dns-proxy-0.0.1/dns-proxy/controller.cc:95] Starting DNS Proxy service
2026-09-16T23:25:25.792289Z INFO dnsproxyd[1849]: INFO dnsproxyd: [../../../../../../../mnt/host/source/src/platform2/shill/dbus/client/client.cc:403] Default service changed from [] to [/]
2026-09-16T23:25:25.876793Z NOTICE ModemManager[1891]: <msg> ModemManager (version 1.24.0) starting in system bus...
2026-09-16T23:25:25.895525Z INFO patchpaneld[1919]: INFO patchpaneld: [../../../../../tmp/portage/chromeos-base/patchpanel-0.0.2-r1688/work/patchpanel-0.0.2/patchpanel/main.cc:75] Starting patchpanel D-Bus daemon
2026-09-16T23:25:25.934949Z INFO shill[957]: INFO shill: [../../../../../../../mnt/host/source/src/platform2/shill/dbus/dbus_objectmanager_proxy.cc:100] OnServiceOwnerChanged old:  new: :1.80
2026-09-16T23:25:25.934990Z INFO shill[957]: INFO shill: [../../../../../../../mnt/host/source/src/platform2/shill/dbus/dbus_objectmanager_proxy.cc:86] OnServiceAvailable: 1
2026-09-16T23:25:25.935031Z INFO shill[957]: INFO shill: [../../../../../../../mnt/host/source/src/platform2/shill/dbus/dbus_objectmanager_proxy.cc:86] OnServiceAvailable: 1
2026-09-16T23:25:25.935076Z INFO shill[957]: INFO shill: [../../../../../../../mnt/host/source/src/platform2/shill/cellular/modem_info.cc:125] OnAppeared
2026-09-16T23:25:25.935094Z INFO shill[957]: INFO shill: [../../../../../../../mnt/host/source/src/platform2/shill/cellular/modem_info.cc:92] Connect
2026-09-16T23:25:25.935179Z INFO shill[957]: INFO shill: [../../../../../../../mnt/host/source/src/platform2/shill/cellular/modem_info.cc:125] OnAppeared
2026-09-16T23:25:25.935196Z INFO shill[957]: INFO shill: [../../../../../../../mnt/host/source/src/platform2/shill/cellular/modem_info.cc:92] Connect
2026-09-16T23:25:25.941587Z INFO patchpaneld[1980]: INFO patchpaneld: [../../../../../tmp/portage/chromeos-base/patchpanel-0.0.2-r1688/work/patchpanel-0.0.2/patchpanel/main.cc:48] Spawning adb proxy
2026-09-16T23:25:25.942914Z INFO patchpaneld[1981]: INFO patchpaneld: [../../../../../tmp/portage/chromeos-base/patchpanel-0.0.2-r1688/work/patchpanel-0.0.2/patchpanel/main.cc:62] Spawning multicast proxy
2026-09-16T23:25:25.944291Z INFO patchpaneld[1982]: INFO patchpaneld: [../../../../../tmp/portage/chromeos-base/patchpanel-0.0.2-r1688/work/patchpanel-0.0.2/patchpanel/main.cc:55] Spawning nd proxy
2026-09-16T23:25:25.946788Z INFO hermes[884]: WaitForModemStepLast: Waiting for modem...
2026-09-16T23:25:25.947230Z INFO shill[957]: INFO shill: [../../../../../../../mnt/host/source/src/platform2/shill/cellular/modem_info.cc:168] OnGetManagedObjectsReply: 1
2026-09-16T23:25:25.947285Z INFO shill[957]: INFO shill: [../../../../../../../mnt/host/source/src/platform2/shill/cellular/modem_info.cc:168] OnGetManagedObjectsReply: 1
2026-09-16T23:25:25.950216Z INFO patchpaneld[1982]: INFO patchpaneld: [../../../../../tmp/portage/chromeos-base/patchpanel-0.0.2-r1688/work/patchpanel-0.0.2/patchpanel/ndproxy.cc:860] Started watching on packet fd...
2026-09-16T23:25:25.954383Z INFO patchpaneld[1983]: INFO patchpaneld: [../../../../../tmp/portage/chromeos-base/patchpanel-0.0.2-r1688/work/patchpanel-0.0.2/patchpanel/main.cc:69] Spawning socket D-Bus daemon
2026-09-16T23:25:26.015440Z INFO dnsproxyd[1849]: INFO dnsproxyd: [../../../../../tmp/portage/chromeos-base/dns-proxy-0.0.1-r1080/work/dns-proxy-0.0.1/dns-proxy/controller.cc:191] Service enabled by feature flag
2026-09-16T23:25:26.015527Z INFO dnsproxyd[1849]: INFO dnsproxyd: [../../../../../tmp/portage/chromeos-base/dns-proxy-0.0.1-r1080/work/dns-proxy-0.0.1/dns-proxy/controller.cc:208] Service is running on root namespace
2026-09-16T23:25:26.017066Z INFO dnsproxyd[1849]: INFO dnsproxyd: [../../../../../tmp/portage/chromeos-base/dns-proxy-0.0.1-r1080/work/dns-proxy-0.0.1/dns-proxy/controller.cc:360] Launched process for proxy {system:}(pid: 2015)
2026-09-16T23:25:26.018478Z INFO dnsproxyd[1849]: INFO dnsproxyd: [../../../../../tmp/portage/chromeos-base/dns-proxy-0.0.1-r1080/work/dns-proxy-0.0.1/dns-proxy/controller.cc:360] Launched process for proxy {default:}(pid: 2016)
2026-09-16T23:25:26.035880Z WARNING dnsproxyd[2016]: WARNING dnsproxyd: [../../../../../tmp/portage/chromeos-base/net-base-0.0.1-r305/work/net-base-0.0.1/net-base/socket.cc:257] Failed to increase receive buffer size to 3145728b: Operation not permitted (1)
2026-09-16T23:25:26.036133Z INFO dnsproxyd[2016]: INFO dnsproxyd: [../../../../../tmp/portage/chromeos-base/dns-proxy-0.0.1-r1080/work/dns-proxy-0.0.1/dns-proxy/proxy.cc:195] {default:_} Starting DNS proxy
2026-09-16T23:25:26.044796Z WARNING dnsproxyd[2015]: WARNING dnsproxyd: [../../../../../tmp/portage/chromeos-base/net-base-0.0.1-r305/work/net-base-0.0.1/net-base/socket.cc:257] Failed to increase receive buffer size to 3145728b: Operation not permitted (1)
2026-09-16T23:25:26.044951Z INFO dnsproxyd[2015]: INFO dnsproxyd: [../../../../../tmp/portage/chromeos-base/dns-proxy-0.0.1-r1080/work/dns-proxy-0.0.1/dns-proxy/proxy.cc:195] {system:_} Starting DNS proxy
2026-09-16T23:25:26.143670Z INFO patchpaneld[1919]: INFO patchpaneld: [../../../../../tmp/portage/chromeos-base/patchpanel-0.0.2-r1688/work/patchpanel-0.0.2/patchpanel/conntrack_monitor.cc:71] ConntrackMonitor started
2026-09-16T23:25:26.143735Z INFO patchpaneld[1919]: INFO patchpaneld: [../../../../../tmp/portage/chromeos-base/patchpanel-0.0.2-r1688/work/patchpanel-0.0.2/patchpanel/conntrack_monitor.cc:195] ConntrackMonitor added listener
2026-09-16T23:25:26.179326Z INFO shill[957]: INFO shill: [../../../../../../../mnt/host/source/src/platform2/shill/manager.cc:2979] OnPatchpanelClientReady
2026-09-16T23:25:26.181781Z INFO dnsproxyd[2016]: INFO dnsproxyd: [../../../../../../../mnt/host/source/src/platform2/shill/dbus/client/client.cc:403] Default service changed from [] to [/]
2026-09-16T23:25:26.182299Z INFO dnsproxyd[2015]: INFO dnsproxyd: [../../../../../../../mnt/host/source/src/platform2/shill/dbus/client/client.cc:403] Default service changed from [] to [/]
2026-09-16T23:25:26.182377Z INFO dnsproxyd[2015]: INFO dnsproxyd: [../../../../../tmp/portage/chromeos-base/patchpanel-client-0.0.1-r1219/work/patchpanel-client-0.0.1/patchpanel/dbus/client.cc:1030] Patchpanel reset
2026-09-16T23:25:26.182518Z WARNING dnsproxyd[2015]: WARNING dnsproxyd: [../../../../../tmp/portage/chromeos-base/dns-proxy-0.0.1-r1080/work/dns-proxy-0.0.1/dns-proxy/proxy.cc:368] {system:_} Patchpanel has been reset
2026-09-16T23:25:26.182580Z INFO dnsproxyd[2016]: INFO dnsproxyd: [../../../../../tmp/portage/chromeos-base/patchpanel-client-0.0.1-r1219/work/patchpanel-client-0.0.1/patchpanel/dbus/client.cc:1030] Patchpanel reset
2026-09-16T23:25:26.182732Z WARNING dnsproxyd[2016]: WARNING dnsproxyd: [../../../../../tmp/portage/chromeos-base/dns-proxy-0.0.1-r1080/work/dns-proxy-0.0.1/dns-proxy/proxy.cc:368] {default:_} Patchpanel has been reset
2026-09-16T23:25:26.190537Z INFO patchpaneld[1919]: INFO patchpaneld: [../../../../../tmp/portage/chromeos-base/patchpanel-0.0.2-r1688/work/patchpanel-0.0.2/patchpanel/conntrack_monitor.cc:195] ConntrackMonitor added listener
2026-09-16T23:25:26.190574Z INFO patchpaneld[1919]: INFO patchpaneld: [../../../../../tmp/portage/chromeos-base/patchpanel-0.0.2-r1688/work/patchpanel-0.0.2/patchpanel/manager.cc:1192] SetFeatureFlag: set WiFi QoS to 1 from 0
2026-09-16T23:25:26.191351Z INFO dnsproxyd[1849]: INFO dnsproxyd: [../../../../../tmp/portage/chromeos-base/patchpanel-client-0.0.1-r1219/work/patchpanel-client-0.0.1/patchpanel/dbus/client.cc:1030] Patchpanel reset
2026-09-16T23:25:26.191371Z WARNING dnsproxyd[1849]: WARNING dnsproxyd: [../../../../../tmp/portage/chromeos-base/dns-proxy-0.0.1-r1080/work/dns-proxy-0.0.1/dns-proxy/controller.cc:234] Patchpanel has been reset
2026-09-16T23:25:27.178831Z INFO patchpaneld[1919]: INFO patchpaneld: [../../../../../tmp/portage/chromeos-base/patchpanel-0.0.2-r1688/work/patchpanel-0.0.2/patchpanel/manager.cc:175] RunDelayedInitialization: start
2026-09-16T23:25:27.180604Z INFO patchpaneld[1919]: INFO patchpaneld: [../../../../../tmp/portage/chromeos-base/patchpanel-0.0.2-r1688/work/patchpanel-0.0.2/patchpanel/manager.cc:198] RunDelayedInitialization: finished
2026-09-16T23:25:32.128303Z INFO shill[957]: INFO shill: [../../../../../../../mnt/host/source/src/platform2/shill/device_info.cc:1389] Creating WiFi device for station mode interface wlan0 at interface index 2
2026-09-16T23:25:32.134901Z INFO shill[957]: INFO shill: [../../../../../../../mnt/host/source/src/platform2/shill/device.cc:117] wlan0 no_service sid=none Device
2026-09-16T23:25:32.136079Z INFO shill[957]: INFO shill: [../../../../../../../mnt/host/source/src/platform2/shill/manager.cc:1205] Device wlan0 registered.
2026-09-16T23:25:32.136577Z INFO shill[957]: INFO shill: [../../../../../../../mnt/host/source/src/platform2/shill/manager.cc:1567] Device wlan0 updated: enabled
2026-09-16T23:25:32.143975Z INFO shill[957]: INFO shill: [../../../../../../../mnt/host/source/src/platform2/shill/device.cc:603] wlan0 no_service sid=none SetEnabledChecked:  starting
2026-09-16T23:25:32.144028Z INFO shill[957]: INFO shill: [../../../../../../../mnt/host/source/src/platform2/shill/device.cc:658] wlan0 no_service sid=none SetEnabledUnchecked(true)
2026-09-16T23:25:32.151446Z INFO shill[957]: INFO shill: [../../../../../../../mnt/host/source/src/platform2/shill/wifi/wifi.cc:3671] wlan0: disabled supplicant: absent proxy: null
2026-09-16T23:25:32.151486Z INFO shill[957]: INFO shill: [../../../../../../../mnt/host/source/src/platform2/shill/device.cc:556] wlan0 no_service sid=none OnEnabledStateChanged: (target: 1, success: 1)
2026-09-16T23:25:32.152211Z INFO shill[957]: INFO shill: [../../../../../../../mnt/host/source/src/platform2/shill/wifi/wifi.cc:3591] WPA supplicant presence changed: 1
2026-09-16T23:25:32.152252Z INFO shill[957]: INFO shill: [../../../../../../../mnt/host/source/src/platform2/shill/wifi/wifi.cc:3671] wlan0: enabled supplicant: present proxy: null
2026-09-16T23:25:32.152273Z INFO shill[957]: INFO shill: [../../../../../../../mnt/host/source/src/platform2/shill/wifi/wifi.cc:3621] WiFi debug scope changed; enable is now 0
2026-09-16T23:25:33.031332Z INFO shill[957]: INFO shill: [../../../../../../../mnt/host/source/src/platform2/shill/wifi/wifi.cc:3725] connected to supplicant on attempt 1
2026-09-16T23:25:33.106059Z NOTICE wpa_supplicant[770]: wlan0: CTRL-EVENT-REGDOM-CHANGE init=USER type=COUNTRY alpha2=US
2026-09-16T23:25:33.107016Z INFO shill[957]: INFO shill: [../../../../../../../mnt/host/source/src/platform2/shill/manager.cc:2828] The WiFi AP list is empty
2026-09-16T23:25:33.108650Z INFO patchpaneld[1919]: INFO patchpaneld: [../../../../../tmp/portage/chromeos-base/patchpanel-0.0.2-r1688/work/patchpanel-0.0.2/patchpanel/shill_client.cc:474] New shill Device {shill_device: wlan0, type: wifi, ifname: wlan0, ifindex: 2, service: /, sid: none}
2026-09-16T23:25:33.108708Z INFO patchpaneld[1919]: INFO patchpaneld: [../../../../../tmp/portage/chromeos-base/patchpanel-0.0.2-r1688/work/patchpanel-0.0.2/patchpanel/datapath.cc:2197] Enable QoS DSCP application on wlan0
2026-09-16T23:25:33.108946Z INFO shill[957]: INFO shill: [../../../../../../../mnt/host/source/src/platform2/shill/manager.cc:3007] Setting ARC always-on VPN package: ""
2026-09-16T23:25:33.112987Z INFO shill[957]: INFO shill: [../../../../../../../mnt/host/source/src/platform2/shill/manager.cc:559] PushProfileInternal: user profile: chronos
2026-09-16T23:25:33.120047Z INFO shill[957]: INFO shill: [../../../../../../../mnt/host/source/src/platform2/shill/tethering_manager.cc:1364] Tethering config is not available in the persistent store, use default config
2026-09-16T23:25:33.121316Z INFO shill[957]: INFO shill: [../../../../../../../mnt/host/source/src/platform2/shill/manager.cc:599] PushProfileInternal: finished; 2 profile(s) now present.
2026-09-16T23:25:33.136086Z INFO shill[957]: INFO shill: [../../../../../../../mnt/host/source/src/platform2/shill/power_manager.cc:230] OnPowerManagerAppeared
2026-09-16T23:25:33.137200Z INFO shill[957]: INFO shill: [../../../../../../../mnt/host/source/src/platform2/shill/wifi/wifi_provider.cc:1616] RegionChanged: Country notification: US
2026-09-16T23:25:33.139954Z INFO shill[957]: INFO shill: [../../../../../../../mnt/host/source/src/platform2/shill/dbus/power_manager_proxy.cc:180] ChangeRegDomain
2026-09-16T23:25:33.209382Z INFO patchpaneld[1919]: INFO patchpaneld: [../../../../../tmp/portage/chromeos-base/patchpanel-0.0.2-r1688/work/patchpanel-0.0.2/patchpanel/datapath.cc:1472] Start connection pinning on wlan0 fwmark=0x03ea0000
2026-09-16T23:25:33.236727Z INFO patchpaneld[1919]: INFO patchpaneld: [../../../../../tmp/portage/chromeos-base/patchpanel-0.0.2-r1688/work/patchpanel-0.0.2/patchpanel/datapath.cc:1648] UpdateSourceEnforcementIPv6Prefix: wlan0, {}
2026-09-16T23:25:33.248164Z INFO patchpaneld[1919]: INFO patchpaneld: [../../../../../tmp/portage/chromeos-base/patchpanel-0.0.2-r1688/work/patchpanel-0.0.2/patchpanel/network_monitor_service.cc:163] ipconfigs changed on wlan0, update watching entries
2026-09-16T23:25:33.248207Z INFO patchpaneld[1919]: INFO patchpaneld: [../../../../../tmp/portage/chromeos-base/patchpanel-0.0.2-r1688/work/patchpanel-0.0.2/patchpanel/network_monitor_service.cc:194] Stop due to empty watching list on wlan0
2026-09-16T23:25:33.469662Z INFO shill[957]: INFO shill: [../../../../../../../mnt/host/source/src/platform2/shill/manager.cc:2182] ScanAndConnectToBestServices: ensure scan
2026-09-16T23:25:35.350079Z INFO shill[957]: INFO shill: [../../../../../../../mnt/host/source/src/platform2/shill/wifi/wifi_service.cc:1497] unselected wifi_psk_6 sid=none UpdateFromEndpoints: sig: -52, sec: wpa2+wpa3, freq: 2422
2026-09-16T23:25:35.350764Z INFO shill[957]: INFO shill: [../../../../../../../mnt/host/source/src/platform2/shill/manager.cc:1497] Service wifi_psk_6 updated; state: Idle
2026-09-16T23:25:35.356704Z INFO shill[957]: INFO shill: [../../../../../../../mnt/host/source/src/platform2/shill/wifi/wifi_provider.cc:510] Assigning endpoint 0a:33:ed:eb:1d:55 to service wifi_psk_2
2026-09-16T23:25:35.356968Z INFO shill[957]: INFO shill: [../../../../../../../mnt/host/source/src/platform2/shill/wifi/wifi_service.cc:1497] unselected wifi_psk_2 sid=none UpdateFromEndpoints: sig: -52, sec: wpa2+wpa3, freq: 2422
2026-09-16T23:25:35.358039Z INFO shill[957]: INFO shill: [../../../../../../../mnt/host/source/src/platform2/shill/manager.cc:1497] Service wifi_psk_2 updated; state: Idle
2026-09-16T23:25:35.363907Z INFO shill[957]: INFO shill: [../../../../../../../mnt/host/source/src/platform2/shill/wifi/wifi_service.cc:1497] unselected wifi_psk_7 sid=none UpdateFromEndpoints: sig: -54, sec: wpa2, freq: 5180
2026-09-16T23:25:35.364595Z INFO shill[957]: INFO shill: [../../../../../../../mnt/host/source/src/platform2/shill/manager.cc:1497] Service wifi_psk_7 updated; state: Idle
2026-09-16T23:25:35.380649Z INFO shill[957]: INFO shill: [../../../../../../../mnt/host/source/src/platform2/shill/wifi/wifi.cc:535] ScanDone
2026-09-16T23:25:35.386658Z INFO shill[957]: INFO shill: [../../../../../../../mnt/host/source/src/platform2/shill/wifi/wifi_service.cc:1497] unselected wifi_psk_8 sid=none UpdateFromEndpoints: sig: -54, sec: wpa2, freq: 5180
2026-09-16T23:25:35.388476Z INFO shill[957]: INFO shill: [../../../../../../../mnt/host/source/src/platform2/shill/manager.cc:1497] Service wifi_psk_8 updated; state: Idle
2026-09-16T23:25:35.390560Z INFO shill[957]: INFO shill: [../../../../../../../mnt/host/source/src/platform2/shill/wifi/wifi_service.cc:1497] unselected wifi_psk_9 sid=none UpdateFromEndpoints: sig: -62, sec: wpa2, freq: 2412
2026-09-16T23:25:35.392438Z INFO shill[957]: INFO shill: [../../../../../../../mnt/host/source/src/platform2/shill/manager.cc:1497] Service wifi_psk_9 updated; state: Idle
2026-09-16T23:25:35.393765Z INFO shill[957]: INFO shill: [../../../../../../../mnt/host/source/src/platform2/shill/wifi/wifi_service.cc:1497] unselected wifi_psk_7 sid=none UpdateFromEndpoints: sig: -37, sec: wpa2, freq: 2432
2026-09-16T23:25:35.397259Z INFO shill[957]: INFO shill: [../../../../../../../mnt/host/source/src/platform2/shill/wifi/wifi_service.cc:1497] unselected wifi_psk_10 sid=none UpdateFromEndpoints: sig: -62, sec: wpa2, freq: 2447
2026-09-16T23:25:35.399287Z INFO shill[957]: INFO shill: [../../../../../../../mnt/host/source/src/platform2/shill/manager.cc:1497] Service wifi_psk_10 updated; state: Idle
2026-09-16T23:25:35.404474Z INFO shill[957]: INFO shill: [../../../../../../../mnt/host/source/src/platform2/shill/wifi/wifi_service.cc:1497] unselected wifi_psk_11 sid=none UpdateFromEndpoints: sig: -71, sec: wpa2, freq: 5220
2026-09-16T23:25:35.405048Z INFO shill[957]: INFO shill: [../../../../../../../mnt/host/source/src/platform2/shill/manager.cc:1497] Service wifi_psk_11 updated; state: Idle
2026-09-16T23:25:35.407161Z INFO shill[957]: INFO shill: [../../../../../../../mnt/host/source/src/platform2/shill/wifi/wifi_service.cc:1497] unselected wifi_psk_12 sid=none UpdateFromEndpoints: sig: -75, sec: wpa2, freq: 5745
2026-09-16T23:25:35.408913Z INFO shill[957]: INFO shill: [../../../../../../../mnt/host/source/src/platform2/shill/manager.cc:1497] Service wifi_psk_12 updated; state: Idle
2026-09-16T23:25:35.410523Z INFO shill[957]: INFO shill: [../../../../../../../mnt/host/source/src/platform2/shill/wifi/wifi_service.cc:1497] unselected wifi_psk_13 sid=none UpdateFromEndpoints: sig: -73, sec: wpa+wpa2, freq: 2462
2026-09-16T23:25:35.412402Z INFO shill[957]: INFO shill: [../../../../../../../mnt/host/source/src/platform2/shill/manager.cc:1497] Service wifi_psk_13 updated; state: Idle
2026-09-16T23:25:35.418643Z INFO shill[957]: INFO shill: [../../../../../../../mnt/host/source/src/platform2/shill/wifi/wifi_service.cc:1497] unselected wifi_psk_14 sid=none UpdateFromEndpoints: sig: -74, sec: wpa+wpa2, freq: 2462
2026-09-16T23:25:35.419259Z INFO shill[957]: INFO shill: [../../../../../../../mnt/host/source/src/platform2/shill/manager.cc:1497] Service wifi_psk_14 updated; state: Idle
2026-09-16T23:25:35.421488Z INFO shill[957]: INFO shill: [../../../../../../../mnt/host/source/src/platform2/shill/wifi/wifi_service.cc:1497] unselected wifi_psk_15 sid=none UpdateFromEndpoints: sig: -76, sec: wpa2, freq: 5220
2026-09-16T23:25:35.422090Z INFO shill[957]: INFO shill: [../../../../../../../mnt/host/source/src/platform2/shill/manager.cc:1497] Service wifi_psk_15 updated; state: Idle
2026-09-16T23:25:35.424208Z INFO shill[957]: INFO shill: [../../../../../../../mnt/host/source/src/platform2/shill/wifi/wifi_service.cc:1497] unselected wifi_psk_16 sid=none UpdateFromEndpoints: sig: -77, sec: wpa2, freq: 5745
2026-09-16T23:25:35.424694Z INFO shill[957]: INFO shill: [../../../../../../../mnt/host/source/src/platform2/shill/manager.cc:1497] Service wifi_psk_16 updated; state: Idle
2026-09-16T23:25:35.428724Z INFO shill[957]: INFO shill: [../../../../../../../mnt/host/source/src/platform2/shill/wifi/wifi_service.cc:1497] unselected wifi_psk_17 sid=none UpdateFromEndpoints: sig: -79, sec: wpa2, freq: 5745
2026-09-16T23:25:35.429375Z INFO shill[957]: INFO shill: [../../../../../../../mnt/host/source/src/platform2/shill/manager.cc:1497] Service wifi_psk_17 updated; state: Idle
2026-09-16T23:25:35.431166Z INFO shill[957]: INFO shill: [../../../../../../../mnt/host/source/src/platform2/shill/wifi/wifi_service.cc:1497] unselected wifi_psk_18 sid=none UpdateFromEndpoints: sig: -78, sec: wpa2, freq: 2417
2026-09-16T23:25:35.431803Z INFO shill[957]: INFO shill: [../../../../../../../mnt/host/source/src/platform2/shill/manager.cc:1497] Service wifi_psk_18 updated; state: Idle
2026-09-16T23:25:35.435314Z INFO shill[957]: INFO shill: [../../../../../../../mnt/host/source/src/platform2/shill/wifi/wifi_service.cc:1497] unselected wifi_psk_19 sid=none UpdateFromEndpoints: sig: -80, sec: wpa2, freq: 2452
2026-09-16T23:25:35.436539Z INFO shill[957]: INFO shill: [../../../../../../../mnt/host/source/src/platform2/shill/manager.cc:1497] Service wifi_psk_19 updated; state: Idle
2026-09-16T23:25:35.440513Z INFO shill[957]: INFO shill: [../../../../../../../mnt/host/source/src/platform2/shill/wifi/wifi_service.cc:1497] unselected wifi_psk_20 sid=none UpdateFromEndpoints: sig: -86, sec: wpa2+wpa3, freq: 5805
2026-09-16T23:25:35.441474Z INFO shill[957]: INFO shill: [../../../../../../../mnt/host/source/src/platform2/shill/manager.cc:1497] Service wifi_psk_20 updated; state: Idle
2026-09-16T23:25:35.443231Z INFO shill[957]: INFO shill: [../../../../../../../mnt/host/source/src/platform2/shill/wifi/wifi_service.cc:1497] unselected wifi_psk_21 sid=none UpdateFromEndpoints: sig: -85, sec: wpa2, freq: 5240
2026-09-16T23:25:35.443994Z INFO shill[957]: INFO shill: [../../../../../../../mnt/host/source/src/platform2/shill/manager.cc:1497] Service wifi_psk_21 updated; state: Idle
2026-09-16T23:25:35.449659Z INFO shill[957]: INFO shill: [../../../../../../../mnt/host/source/src/platform2/shill/wifi/wifi_service.cc:1497] unselected wifi_psk_22 sid=none UpdateFromEndpoints: sig: -86, sec: wpa2, freq: 5200
2026-09-16T23:25:35.451212Z INFO shill[957]: INFO shill: [../../../../../../../mnt/host/source/src/platform2/shill/manager.cc:1497] Service wifi_psk_22 updated; state: Idle
2026-09-16T23:25:35.456411Z INFO shill[957]: INFO shill: [../../../../../../../mnt/host/source/src/platform2/shill/wifi/wifi_service.cc:1497] unselected wifi_psk_23 sid=none UpdateFromEndpoints: sig: -88, sec: wpa2+wpa3, freq: 5805
2026-09-16T23:25:35.456956Z INFO shill[957]: INFO shill: [../../../../../../../mnt/host/source/src/platform2/shill/manager.cc:1497] Service wifi_psk_23 updated; state: Idle
2026-09-16T23:25:35.459384Z INFO shill[957]: INFO shill: [../../../../../../../mnt/host/source/src/platform2/shill/wifi/wifi_service.cc:1497] unselected wifi_psk_24 sid=none UpdateFromEndpoints: sig: -91, sec: wpa2, freq: 5180
2026-09-16T23:25:35.459868Z INFO shill[957]: INFO shill: [../../../../../../../mnt/host/source/src/platform2/shill/manager.cc:1497] Service wifi_psk_24 updated; state: Idle
2026-09-16T23:25:35.461830Z INFO shill[957]: INFO shill: [../../../../../../../mnt/host/source/src/platform2/shill/wifi/wifi_service.cc:1497] unselected wifi_psk_25 sid=none UpdateFromEndpoints: sig: -93, sec: wpa2, freq: 5640
2026-09-16T23:25:35.462333Z INFO shill[957]: INFO shill: [../../../../../../../mnt/host/source/src/platform2/shill/manager.cc:1497] Service wifi_psk_25 updated; state: Idle
2026-09-16T23:25:35.466757Z INFO shill[957]: INFO shill: [../../../../../../../mnt/host/source/src/platform2/shill/wifi/wifi_service.cc:1497] unselected wifi_psk_26 sid=none UpdateFromEndpoints: sig: -95, sec: wpa2, freq: 5745
2026-09-16T23:25:35.467298Z INFO shill[957]: INFO shill: [../../../../../../../mnt/host/source/src/platform2/shill/manager.cc:1497] Service wifi_psk_26 updated; state: Idle
2026-09-16T23:25:35.470160Z INFO shill[957]: INFO shill: [../../../../../../../mnt/host/source/src/platform2/shill/wifi/wifi_service.cc:1497] unselected wifi_none_27 sid=none UpdateFromEndpoints: sig: -55, sec: none, freq: 5765
2026-09-16T23:25:35.470657Z INFO shill[957]: INFO shill: [../../../../../../../mnt/host/source/src/platform2/shill/manager.cc:1497] Service wifi_none_27 updated; state: Idle
2026-09-16T23:25:35.477655Z INFO shill[957]: INFO shill: [../../../../../../../mnt/host/source/src/platform2/shill/wifi/wifi.cc:3970] UpdateScanStateAfterScanDone - wlan0: Scan state: FULL_START -> FULL_NOCONNECTION ensured scan: Waiting
2026-09-16T23:25:35.478278Z INFO shill[957]: INFO shill: [../../../../../../../mnt/host/source/src/platform2/shill/wifi/wifi.cc:3970] UpdateScanStateAfterScanDone - wlan0: Scan state: FULL_NOCONNECTION -> IDLE ensured scan: Waiting
2026-09-16T23:25:35.478389Z INFO shill[957]: INFO shill: [../../../../../../../mnt/host/source/src/platform2/shill/wifi/wifi.cc:2707] WiFi wlan0 StateChanged shill-unknown -> inactive
2026-09-16T23:25:35.481794Z INFO shill[957]: INFO shill: [../../../../../../../mnt/host/source/src/platform2/shill/wifi/wifi.cc:3970] ScanTask - wlan0: Scan state: IDLE -> FULL_START ensured scan: Scanning
2026-09-16T23:25:35.484173Z INFO patchpaneld[1919]: INFO patchpaneld: [../../../../../tmp/portage/chromeos-base/patchpanel-0.0.2-r1688/work/patchpanel-0.0.2/patchpanel/shill_client.cc:319] Service /service/2 was not connected
2026-09-16T23:25:35.486174Z INFO patchpaneld[1919]: INFO patchpaneld: [../../../../../tmp/portage/chromeos-base/patchpanel-0.0.2-r1688/work/patchpanel-0.0.2/patchpanel/shill_client.cc:319] Service /service/27 was not connected
2026-09-16T23:25:35.488655Z INFO patchpaneld[1919]: INFO patchpaneld: [../../../../../tmp/portage/chromeos-base/patchpanel-0.0.2-r1688/work/patchpanel-0.0.2/patchpanel/shill_client.cc:319] Service /service/7 was not connected
2026-09-16T23:25:35.495131Z INFO patchpaneld[1919]: INFO patchpaneld: [../../../../../tmp/portage/chromeos-base/patchpanel-0.0.2-r1688/work/patchpanel-0.0.2/patchpanel/shill_client.cc:319] Service /service/6 was not connected
2026-09-16T23:25:35.517294Z INFO patchpaneld[1919]: INFO patchpaneld: [../../../../../tmp/portage/chromeos-base/patchpanel-0.0.2-r1688/work/patchpanel-0.0.2/patchpanel/shill_client.cc:319] Service /service/8 was not connected
2026-09-16T23:25:35.520379Z INFO patchpaneld[1919]: INFO patchpaneld: [../../../../../tmp/portage/chromeos-base/patchpanel-0.0.2-r1688/work/patchpanel-0.0.2/patchpanel/shill_client.cc:319] Service /service/9 was not connected
2026-09-16T23:25:35.523440Z INFO patchpaneld[1919]: INFO patchpaneld: [../../../../../tmp/portage/chromeos-base/patchpanel-0.0.2-r1688/work/patchpanel-0.0.2/patchpanel/shill_client.cc:319] Service /service/10 was not connected
2026-09-16T23:25:35.529972Z INFO patchpaneld[1919]: INFO patchpaneld: [../../../../../tmp/portage/chromeos-base/patchpanel-0.0.2-r1688/work/patchpanel-0.0.2/patchpanel/shill_client.cc:319] Service /service/11 was not connected
2026-09-16T23:25:35.533459Z INFO patchpaneld[1919]: INFO patchpaneld: [../../../../../tmp/portage/chromeos-base/patchpanel-0.0.2-r1688/work/patchpanel-0.0.2/patchpanel/shill_client.cc:319] Service /service/12 was not connected
2026-09-16T23:25:35.536169Z INFO patchpaneld[1919]: INFO patchpaneld: [../../../../../tmp/portage/chromeos-base/patchpanel-0.0.2-r1688/work/patchpanel-0.0.2/patchpanel/shill_client.cc:319] Service /service/13 was not connected
2026-09-16T23:25:35.538724Z INFO patchpaneld[1919]: INFO patchpaneld: [../../../../../tmp/portage/chromeos-base/patchpanel-0.0.2-r1688/work/patchpanel-0.0.2/patchpanel/shill_client.cc:319] Service /service/14 was not connected
2026-09-16T23:25:35.541008Z INFO patchpaneld[1919]: INFO patchpaneld: [../../../../../tmp/portage/chromeos-base/patchpanel-0.0.2-r1688/work/patchpanel-0.0.2/patchpanel/shill_client.cc:319] Service /service/15 was not connected
2026-09-16T23:25:35.542915Z INFO patchpaneld[1919]: INFO patchpaneld: [../../../../../tmp/portage/chromeos-base/patchpanel-0.0.2-r1688/work/patchpanel-0.0.2/patchpanel/shill_client.cc:319] Service /service/16 was not connected
2026-09-16T23:25:35.545617Z INFO patchpaneld[1919]: INFO patchpaneld: [../../../../../tmp/portage/chromeos-base/patchpanel-0.0.2-r1688/work/patchpanel-0.0.2/patchpanel/shill_client.cc:319] Service /service/18 was not connected
2026-09-16T23:25:35.548155Z INFO patchpaneld[1919]: INFO patchpaneld: [../../../../../tmp/portage/chromeos-base/patchpanel-0.0.2-r1688/work/patchpanel-0.0.2/patchpanel/shill_client.cc:319] Service /service/17 was not connected
2026-09-16T23:25:35.550397Z INFO patchpaneld[1919]: INFO patchpaneld: [../../../../../tmp/portage/chromeos-base/patchpanel-0.0.2-r1688/work/patchpanel-0.0.2/patchpanel/shill_client.cc:319] Service /service/19 was not connected
2026-09-16T23:25:35.552317Z INFO patchpaneld[1919]: INFO patchpaneld: [../../../../../tmp/portage/chromeos-base/patchpanel-0.0.2-r1688/work/patchpanel-0.0.2/patchpanel/shill_client.cc:319] Service /service/21 was not connected
2026-09-16T23:25:35.553807Z INFO patchpaneld[1919]: INFO patchpaneld: [../../../../../tmp/portage/chromeos-base/patchpanel-0.0.2-r1688/work/patchpanel-0.0.2/patchpanel/shill_client.cc:319] Service /service/20 was not connected
2026-09-16T23:25:35.555555Z INFO patchpaneld[1919]: INFO patchpaneld: [../../../../../tmp/portage/chromeos-base/patchpanel-0.0.2-r1688/work/patchpanel-0.0.2/patchpanel/shill_client.cc:319] Service /service/22 was not connected
2026-09-16T23:25:35.557119Z INFO patchpaneld[1919]: INFO patchpaneld: [../../../../../tmp/portage/chromeos-base/patchpanel-0.0.2-r1688/work/patchpanel-0.0.2/patchpanel/shill_client.cc:319] Service /service/23 was not connected
2026-09-16T23:25:35.558450Z INFO patchpaneld[1919]: INFO patchpaneld: [../../../../../tmp/portage/chromeos-base/patchpanel-0.0.2-r1688/work/patchpanel-0.0.2/patchpanel/shill_client.cc:319] Service /service/24 was not connected
2026-09-16T23:25:35.560192Z INFO patchpaneld[1919]: INFO patchpaneld: [../../../../../tmp/portage/chromeos-base/patchpanel-0.0.2-r1688/work/patchpanel-0.0.2/patchpanel/shill_client.cc:319] Service /service/25 was not connected
2026-09-16T23:25:35.561725Z INFO patchpaneld[1919]: INFO patchpaneld: [../../../../../tmp/portage/chromeos-base/patchpanel-0.0.2-r1688/work/patchpanel-0.0.2/patchpanel/shill_client.cc:319] Service /service/26 was not connected
2026-09-16T23:25:35.563836Z INFO patchpaneld[1919]: INFO patchpaneld: [../../../../../tmp/portage/chromeos-base/patchpanel-0.0.2-r1688/work/patchpanel-0.0.2/patchpanel/shill_client.cc:319] Service /service/2 was not connected
2026-09-16T23:25:35.569477Z INFO patchpaneld[1919]: INFO patchpaneld: [../../../../../tmp/portage/chromeos-base/patchpanel-0.0.2-r1688/work/patchpanel-0.0.2/patchpanel/shill_client.cc:319] Service /service/2 was not connected
2026-09-16T23:25:36.150329Z NOTICE ModemManager[1891]: <msg> [base-manager] couldn't check support for device '/sys/devices/platform/soc/11240000.mmc/mmc_host/mmc1/mmc1:0001/mmc1:0001:1': not supported by any plugin
2026-09-16T23:25:37.921174Z INFO shill[957]: INFO shill: [../../../../../../../mnt/host/source/src/platform2/shill/wifi/wifi_service.cc:1497] unselected wifi_psk_28 sid=none UpdateFromEndpoints: sig: -73, sec: wpa2+wpa3, freq: 2437
2026-09-16T23:25:37.921358Z INFO shill[957]: INFO shill: [../../../../../../../mnt/host/source/src/platform2/shill/manager.cc:1497] Service wifi_psk_28 updated; state: Idle
2026-09-16T23:25:37.932084Z INFO shill[957]: INFO shill: [../../../../../../../mnt/host/source/src/platform2/shill/wifi/wifi_service.cc:1497] unselected wifi_psk_29 sid=none UpdateFromEndpoints: sig: -82, sec: wpa2, freq: 2457
2026-09-16T23:25:37.932431Z INFO shill[957]: INFO shill: [../../../../../../../mnt/host/source/src/platform2/shill/manager.cc:1497] Service wifi_psk_29 updated; state: Idle
2026-09-16T23:25:37.937456Z INFO shill[957]: INFO shill: [../../../../../../../mnt/host/source/src/platform2/shill/wifi/wifi_service.cc:1497] unselected wifi_psk_30 sid=none UpdateFromEndpoints: sig: -85, sec: wpa2+wpa3, freq: 2447
2026-09-16T23:25:37.938207Z INFO shill[957]: INFO shill: [../../../../../../../mnt/host/source/src/platform2/shill/manager.cc:1497] Service wifi_psk_30 updated; state: Idle
2026-09-16T23:25:37.940195Z INFO shill[957]: INFO shill: [../../../../../../../mnt/host/source/src/platform2/shill/wifi/wifi_service.cc:1497] unselected wifi_psk_31 sid=none UpdateFromEndpoints: sig: -88, sec: wpa2, freq: 5500
2026-09-16T23:25:37.940855Z INFO shill[957]: INFO shill: [../../../../../../../mnt/host/source/src/platform2/shill/manager.cc:1497] Service wifi_psk_31 updated; state: Idle
2026-09-16T23:25:37.942155Z INFO shill[957]: INFO shill: [../../../../../../../mnt/host/source/src/platform2/shill/wifi/wifi_service.cc:1497] unselected wifi_psk_32 sid=none UpdateFromEndpoints: sig: -87, sec: wpa2, freq: 2447
2026-09-16T23:25:37.942843Z INFO shill[957]: INFO shill: [../../../../../../../mnt/host/source/src/platform2/shill/manager.cc:1497] Service wifi_psk_32 updated; state: Idle
2026-09-16T23:25:37.944258Z INFO shill[957]: INFO shill: [../../../../../../../mnt/host/source/src/platform2/shill/wifi/wifi_service.cc:1497] unselected wifi_psk_33 sid=none UpdateFromEndpoints: sig: -96, sec: wpa2, freq: 5700
2026-09-16T23:25:37.944967Z INFO shill[957]: INFO shill: [../../../../../../../mnt/host/source/src/platform2/shill/manager.cc:1497] Service wifi_psk_33 updated; state: Idle
2026-09-16T23:25:37.948526Z INFO shill[957]: INFO shill: [../../../../../../../mnt/host/source/src/platform2/shill/wifi/wifi_service.cc:1497] unselected wifi_psk_34 sid=none UpdateFromEndpoints: sig: -94, sec: wpa2, freq: 5785
2026-09-16T23:25:37.949253Z INFO shill[957]: INFO shill: [../../../../../../../mnt/host/source/src/platform2/shill/manager.cc:1497] Service wifi_psk_34 updated; state: Idle
2026-09-16T23:25:37.950990Z INFO shill[957]: INFO shill: [../../../../../../../mnt/host/source/src/platform2/shill/wifi/wifi.cc:535] ScanDone
2026-09-16T23:25:37.969128Z INFO shill[957]: INFO shill: [../../../../../../../mnt/host/source/src/platform2/shill/wifi/wifi_service.cc:1497] unselected wifi_none_35 sid=none UpdateFromEndpoints: sig: -94, sec: none, freq: 5785
2026-09-16T23:25:37.969706Z INFO shill[957]: INFO shill: [../../../../../../../mnt/host/source/src/platform2/shill/manager.cc:1497] Service wifi_none_35 updated; state: Idle
2026-09-16T23:25:37.976295Z INFO shill[957]: INFO shill: [../../../../../../../mnt/host/source/src/platform2/shill/wifi/wifi.cc:3970] UpdateScanStateAfterScanDone - wlan0: Scan state: FULL_START -> FULL_NOCONNECTION ensured scan: Scanning
2026-09-16T23:25:37.976848Z INFO shill[957]: INFO shill: [../../../../../../../mnt/host/source/src/platform2/shill/wifi/wifi.cc:3970] UpdateScanStateAfterScanDone - wlan0: Scan state: FULL_NOCONNECTION -> IDLE ensured scan: Scanning
2026-09-16T23:25:37.980884Z INFO patchpaneld[1919]: INFO patchpaneld: [../../../../../tmp/portage/chromeos-base/patchpanel-0.0.2-r1688/work/patchpanel-0.0.2/patchpanel/shill_client.cc:319] Service /service/28 was not connected
2026-09-16T23:25:37.983338Z INFO patchpaneld[1919]: INFO patchpaneld: [../../../../../tmp/portage/chromeos-base/patchpanel-0.0.2-r1688/work/patchpanel-0.0.2/patchpanel/shill_client.cc:319] Service /service/29 was not connected
2026-09-16T23:25:37.985394Z INFO patchpaneld[1919]: INFO patchpaneld: [../../../../../tmp/portage/chromeos-base/patchpanel-0.0.2-r1688/work/patchpanel-0.0.2/patchpanel/shill_client.cc:319] Service /service/30 was not connected
2026-09-16T23:25:37.987506Z INFO patchpaneld[1919]: INFO patchpaneld: [../../../../../tmp/portage/chromeos-base/patchpanel-0.0.2-r1688/work/patchpanel-0.0.2/patchpanel/shill_client.cc:319] Service /service/31 was not connected
2026-09-16T23:25:37.989628Z INFO patchpaneld[1919]: INFO patchpaneld: [../../../../../tmp/portage/chromeos-base/patchpanel-0.0.2-r1688/work/patchpanel-0.0.2/patchpanel/shill_client.cc:319] Service /service/32 was not connected
2026-09-16T23:25:37.991863Z INFO patchpaneld[1919]: INFO patchpaneld: [../../../../../tmp/portage/chromeos-base/patchpanel-0.0.2-r1688/work/patchpanel-0.0.2/patchpanel/shill_client.cc:319] Service /service/33 was not connected
2026-09-16T23:25:37.994248Z INFO patchpaneld[1919]: INFO patchpaneld: [../../../../../tmp/portage/chromeos-base/patchpanel-0.0.2-r1688/work/patchpanel-0.0.2/patchpanel/shill_client.cc:319] Service /service/34 was not connected
2026-09-16T23:25:37.996658Z INFO patchpaneld[1919]: INFO patchpaneld: [../../../../../tmp/portage/chromeos-base/patchpanel-0.0.2-r1688/work/patchpanel-0.0.2/patchpanel/shill_client.cc:319] Service /service/2 was not connected
2026-09-16T23:25:38.001334Z INFO patchpaneld[1919]: INFO patchpaneld: [../../../../../tmp/portage/chromeos-base/patchpanel-0.0.2-r1688/work/patchpanel-0.0.2/patchpanel/shill_client.cc:319] Service /service/35 was not connected
2026-09-16T23:25:38.003638Z INFO patchpaneld[1919]: INFO patchpaneld: [../../../../../tmp/portage/chromeos-base/patchpanel-0.0.2-r1688/work/patchpanel-0.0.2/patchpanel/shill_client.cc:319] Service /service/2 was not connected
2026-09-16T23:25:38.011303Z INFO patchpaneld[1919]: message repeated 2 times: [ INFO patchpaneld: [../../../../../tmp/portage/chromeos-base/patchpanel-0.0.2-r1688/work/patchpanel-0.0.2/patchpanel/shill_client.cc:319] Service /service/2 was not connected]
2026-09-16T23:25:40.226091Z INFO patchpaneld[1919]: INFO patchpaneld: [../../../../../tmp/portage/chromeos-base/patchpanel-0.0.2-r1688/work/patchpanel-0.0.2/patchpanel/patchpanel_adaptor.cc:407] TerminaVmStartup(cid: 32)
2026-09-16T23:25:40.269941Z INFO patchpaneld[1919]: INFO patchpaneld: [../../../../../tmp/portage/chromeos-base/patchpanel-0.0.2-r1688/work/patchpanel-0.0.2/patchpanel/crostini_service.cc:177] Start {id: 32, vm_type: Termina}: VM network service started on vmtap0 with VM subnet: 100.115.92.24/30, LXD subnet: 100.115.92.192/28
2026-09-16T23:25:50.429701Z INFO shill[957]: INFO shill: [../../../../../../../mnt/host/source/src/platform2/shill/wifi/wifi_service.cc:1497] unselected wifi_psk_36 sid=none UpdateFromEndpoints: sig: -77, sec: wpa+wpa2, freq: 2437
2026-09-16T23:25:50.430345Z INFO shill[957]: INFO shill: [../../../../../../../mnt/host/source/src/platform2/shill/manager.cc:1497] Service wifi_psk_36 updated; state: Idle
2026-09-16T23:25:50.436120Z INFO shill[957]: INFO shill: [../../../../../../../mnt/host/source/src/platform2/shill/wifi/wifi.cc:535] ScanDone
2026-09-16T23:25:50.438131Z INFO shill[957]: INFO shill: [../../../../../../../mnt/host/source/src/platform2/shill/wifi/wifi_service.cc:1497] unselected wifi_psk_37 sid=none UpdateFromEndpoints: sig: -77, sec: wpa2, freq: 2462
2026-09-16T23:25:50.438616Z INFO shill[957]: INFO shill: [../../../../../../../mnt/host/source/src/platform2/shill/manager.cc:1497] Service wifi_psk_37 updated; state: Idle
2026-09-16T23:25:50.442730Z INFO shill[957]: INFO shill: [../../../../../../../mnt/host/source/src/platform2/shill/wifi/wifi_service.cc:1497] unselected wifi_psk_38 sid=none UpdateFromEndpoints: sig: -87, sec: wpa2, freq: 2462
2026-09-16T23:25:50.443622Z INFO shill[957]: INFO shill: [../../../../../../../mnt/host/source/src/platform2/shill/manager.cc:1497] Service wifi_psk_38 updated; state: Idle
2026-09-16T23:25:50.451826Z INFO shill[957]: INFO shill: [../../../../../../../mnt/host/source/src/platform2/shill/wifi/wifi_service.cc:1497] unselected wifi_psk_39 sid=none UpdateFromEndpoints: sig: -92, sec: wpa2, freq: 5200
2026-09-16T23:25:50.452520Z INFO shill[957]: INFO shill: [../../../../../../../mnt/host/source/src/platform2/shill/manager.cc:1497] Service wifi_psk_39 updated; state: Idle
2026-09-16T23:25:50.502357Z INFO patchpaneld[1919]: INFO patchpaneld: [../../../../../tmp/portage/chromeos-base/patchpanel-0.0.2-r1688/work/patchpanel-0.0.2/patchpanel/shill_client.cc:319] Service /service/36 was not connected
2026-09-16T23:25:50.506649Z INFO patchpaneld[1919]: INFO patchpaneld: [../../../../../tmp/portage/chromeos-base/patchpanel-0.0.2-r1688/work/patchpanel-0.0.2/patchpanel/shill_client.cc:319] Service /service/37 was not connected
2026-09-16T23:25:50.508102Z INFO patchpaneld[1919]: INFO patchpaneld: [../../../../../tmp/portage/chromeos-base/patchpanel-0.0.2-r1688/work/patchpanel-0.0.2/patchpanel/shill_client.cc:319] Service /service/38 was not connected
2026-09-16T23:25:50.509966Z INFO patchpaneld[1919]: INFO patchpaneld: [../../../../../tmp/portage/chromeos-base/patchpanel-0.0.2-r1688/work/patchpanel-0.0.2/patchpanel/shill_client.cc:319] Service /service/39 was not connected
2026-09-16T23:25:50.512117Z INFO patchpaneld[1919]: INFO patchpaneld: [../../../../../tmp/portage/chromeos-base/patchpanel-0.0.2-r1688/work/patchpanel-0.0.2/patchpanel/shill_client.cc:319] Service /service/2 was not connected
2026-09-16T23:25:50.516565Z INFO patchpaneld[1919]: INFO patchpaneld: [../../../../../tmp/portage/chromeos-base/patchpanel-0.0.2-r1688/work/patchpanel-0.0.2/patchpanel/shill_client.cc:319] Service /service/2 was not connected
2026-09-16T23:26:02.918147Z INFO shill[957]: INFO shill: [../../../../../../../mnt/host/source/src/platform2/shill/wifi/wifi_service.cc:1497] unselected wifi_psk_40 sid=none UpdateFromEndpoints: sig: -69, sec: wpa2, freq: 2437
2026-09-16T23:26:02.918348Z INFO shill[957]: INFO shill: [../../../../../../../mnt/host/source/src/platform2/shill/manager.cc:1497] Service wifi_psk_40 updated; state: Idle
2026-09-16T23:26:02.919352Z INFO shill[957]: INFO shill: [../../../../../../../mnt/host/source/src/platform2/shill/wifi/wifi_service.cc:1497] unselected wifi_psk_41 sid=none UpdateFromEndpoints: sig: -84, sec: wpa2+wpa3, freq: 5200
2026-09-16T23:26:02.919546Z INFO shill[957]: INFO shill: [../../../../../../../mnt/host/source/src/platform2/shill/manager.cc:1497] Service wifi_psk_41 updated; state: Idle
2026-09-16T23:26:02.921109Z INFO shill[957]: INFO shill: [../../../../../../../mnt/host/source/src/platform2/shill/wifi/wifi.cc:535] ScanDone
2026-09-16T23:26:02.921724Z INFO shill[957]: INFO shill: [../../../../../../../mnt/host/source/src/platform2/shill/wifi/wifi_service.cc:1497] unselected wifi_psk_33 sid=none UpdateFromEndpoints: sig: -84, sec: wpa2, freq: 2437
2026-09-16T23:26:02.926099Z INFO shill[957]: INFO shill: [../../../../../../../mnt/host/source/src/platform2/shill/wifi/wifi_service.cc:1497] unselected wifi_psk_42 sid=none UpdateFromEndpoints: sig: -97, sec: wpa2, freq: 5700
2026-09-16T23:26:02.926276Z INFO shill[957]: INFO shill: [../../../../../../../mnt/host/source/src/platform2/shill/manager.cc:1497] Service wifi_psk_42 updated; state: Idle
2026-09-16T23:26:02.933993Z INFO shill[957]: INFO shill: [../../../../../../../mnt/host/source/src/platform2/shill/wifi/wifi_service.cc:1497] unselected wifi_none_43 sid=none UpdateFromEndpoints: sig: -95, sec: none, freq: 5785
2026-09-16T23:26:02.934170Z INFO shill[957]: INFO shill: [../../../../../../../mnt/host/source/src/platform2/shill/manager.cc:1497] Service wifi_none_43 updated; state: Idle
2026-09-16T23:26:02.961967Z INFO patchpaneld[1919]: INFO patchpaneld: [../../../../../tmp/portage/chromeos-base/patchpanel-0.0.2-r1688/work/patchpanel-0.0.2/patchpanel/shill_client.cc:319] Service /service/43 was not connected
2026-09-16T23:26:02.963811Z INFO patchpaneld[1919]: INFO patchpaneld: [../../../../../tmp/portage/chromeos-base/patchpanel-0.0.2-r1688/work/patchpanel-0.0.2/patchpanel/shill_client.cc:319] Service /service/40 was not connected
2026-09-16T23:26:02.965202Z INFO patchpaneld[1919]: INFO patchpaneld: [../../../../../tmp/portage/chromeos-base/patchpanel-0.0.2-r1688/work/patchpanel-0.0.2/patchpanel/shill_client.cc:319] Service /service/41 was not connected
2026-09-16T23:26:02.966793Z INFO patchpaneld[1919]: INFO patchpaneld: [../../../../../tmp/portage/chromeos-base/patchpanel-0.0.2-r1688/work/patchpanel-0.0.2/patchpanel/shill_client.cc:319] Service /service/42 was not connected
2026-09-16T23:26:02.967960Z INFO patchpaneld[1919]: INFO patchpaneld: [../../../../../tmp/portage/chromeos-base/patchpanel-0.0.2-r1688/work/patchpanel-0.0.2/patchpanel/shill_client.cc:319] Service /service/2 was not connected
2026-09-16T23:26:02.971165Z INFO patchpaneld[1919]: INFO patchpaneld: [../../../../../tmp/portage/chromeos-base/patchpanel-0.0.2-r1688/work/patchpanel-0.0.2/patchpanel/shill_client.cc:319] Service /service/2 was not connected
2026-09-16T23:26:15.400902Z INFO shill[957]: INFO shill: [../../../../../../../mnt/host/source/src/platform2/shill/wifi/wifi_service.cc:1497] unselected wifi_psk_44 sid=none UpdateFromEndpoints: sig: -75, sec: wpa2, freq: 2412
2026-09-16T23:26:15.401333Z INFO shill[957]: INFO shill: [../../../../../../../mnt/host/source/src/platform2/shill/manager.cc:1497] Service wifi_psk_44 updated; state: Idle
2026-09-16T23:26:15.402557Z INFO shill[957]: INFO shill: [../../../../../../../mnt/host/source/src/platform2/shill/wifi/wifi_service.cc:1497] unselected wifi_psk_31 sid=none UpdateFromEndpoints: sig: -75, sec: wpa2, freq: 2412
2026-09-16T23:26:15.413740Z INFO shill[957]: INFO shill: [../../../../../../../mnt/host/source/src/platform2/shill/wifi/wifi_service.cc:1497] unselected wifi_psk_45 sid=none UpdateFromEndpoints: sig: -79, sec: wpa2+wpa3, freq: 2417
2026-09-16T23:26:15.414505Z INFO shill[957]: INFO shill: [../../../../../../../mnt/host/source/src/platform2/shill/manager.cc:1497] Service wifi_psk_45 updated; state: Idle
2026-09-16T23:26:15.419308Z INFO shill[957]: INFO shill: [../../../../../../../mnt/host/source/src/platform2/shill/wifi/wifi.cc:535] ScanDone
2026-09-16T23:26:15.431240Z INFO shill[957]: INFO shill: [../../../../../../../mnt/host/source/src/platform2/shill/wifi/wifi_service.cc:1497] unselected wifi_psk_46 sid=none UpdateFromEndpoints: sig: -77, sec: wpa2, freq: 2412
2026-09-16T23:26:15.440207Z INFO shill[957]: INFO shill: [../../../../../../../mnt/host/source/src/platform2/shill/manager.cc:1497] Service wifi_psk_46 updated; state: Idle
2026-09-16T23:26:15.452047Z INFO shill[957]: INFO shill: [../../../../../../../mnt/host/source/src/platform2/shill/wifi/wifi_service.cc:1497] unselected wifi_psk_47 sid=none UpdateFromEndpoints: sig: -82, sec: wpa2, freq: 2447
2026-09-16T23:26:15.452545Z INFO shill[957]: INFO shill: [../../../../../../../mnt/host/source/src/platform2/shill/manager.cc:1497] Service wifi_psk_47 updated; state: Idle
2026-09-16T23:26:15.453456Z INFO shill[957]: INFO shill: [../../../../../../../mnt/host/source/src/platform2/shill/wifi/wifi_service.cc:1497] unselected wifi_psk_48 sid=none UpdateFromEndpoints: sig: -82, sec: wpa2, freq: 2462
2026-09-16T23:26:15.453721Z INFO shill[957]: INFO shill: [../../../../../../../mnt/host/source/src/platform2/shill/manager.cc:1497] Service wifi_psk_48 updated; state: Idle
2026-09-16T23:26:15.454572Z INFO shill[957]: INFO shill: [../../../../../../../mnt/host/source/src/platform2/shill/wifi/wifi_service.cc:1497] unselected wifi_802_1x_49 sid=none UpdateFromEndpoints: sig: -87, sec: wpa2-ent, freq: 5220
2026-09-16T23:26:15.454890Z INFO shill[957]: INFO shill: [../../../../../../../mnt/host/source/src/platform2/shill/manager.cc:1497] Service wifi_802_1x_49 updated; state: Idle
2026-09-16T23:26:15.455695Z INFO shill[957]: INFO shill: [../../../../../../../mnt/host/source/src/platform2/shill/wifi/wifi_service.cc:1497] unselected wifi_psk_50 sid=none UpdateFromEndpoints: sig: -93, sec: wpa2, freq: 5745
2026-09-16T23:26:15.455997Z INFO shill[957]: INFO shill: [../../../../../../../mnt/host/source/src/platform2/shill/manager.cc:1497] Service wifi_psk_50 updated; state: Idle
2026-09-16T23:26:15.456751Z INFO shill[957]: INFO shill: [../../../../../../../mnt/host/source/src/platform2/shill/wifi/wifi_service.cc:1497] unselected wifi_psk_51 sid=none UpdateFromEndpoints: sig: -96, sec: wpa2, freq: 5745
2026-09-16T23:26:15.457127Z INFO shill[957]: INFO shill: [../../../../../../../mnt/host/source/src/platform2/shill/manager.cc:1497] Service wifi_psk_51 updated; state: Idle
2026-09-16T23:26:15.457631Z INFO shill[957]: INFO shill: [../../../../../../../mnt/host/source/src/platform2/shill/wifi/wifi_service.cc:1497] unselected wifi_none_43 sid=none UpdateFromEndpoints: sig: -72, sec: none, freq: 5220
2026-09-16T23:26:15.470108Z INFO patchpaneld[1919]: INFO patchpaneld: [../../../../../tmp/portage/chromeos-base/patchpanel-0.0.2-r1688/work/patchpanel-0.0.2/patchpanel/shill_client.cc:319] Service /service/49 was not connected
2026-09-16T23:26:15.471569Z INFO patchpaneld[1919]: INFO patchpaneld: [../../../../../tmp/portage/chromeos-base/patchpanel-0.0.2-r1688/work/patchpanel-0.0.2/patchpanel/shill_client.cc:319] Service /service/44 was not connected
2026-09-16T23:26:15.473350Z INFO patchpaneld[1919]: INFO patchpaneld: [../../../../../tmp/portage/chromeos-base/patchpanel-0.0.2-r1688/work/patchpanel-0.0.2/patchpanel/shill_client.cc:319] Service /service/46 was not connected
2026-09-16T23:26:15.475331Z INFO patchpaneld[1919]: INFO patchpaneld: [../../../../../tmp/portage/chromeos-base/patchpanel-0.0.2-r1688/work/patchpanel-0.0.2/patchpanel/shill_client.cc:319] Service /service/45 was not connected
2026-09-16T23:26:15.477013Z INFO patchpaneld[1919]: INFO patchpaneld: [../../../../../tmp/portage/chromeos-base/patchpanel-0.0.2-r1688/work/patchpanel-0.0.2/patchpanel/shill_client.cc:319] Service /service/47 was not connected
2026-09-16T23:26:15.478732Z INFO patchpaneld[1919]: INFO patchpaneld: [../../../../../tmp/portage/chromeos-base/patchpanel-0.0.2-r1688/work/patchpanel-0.0.2/patchpanel/shill_client.cc:319] Service /service/48 was not connected
2026-09-16T23:26:15.480417Z INFO patchpaneld[1919]: INFO patchpaneld: [../../../../../tmp/portage/chromeos-base/patchpanel-0.0.2-r1688/work/patchpanel-0.0.2/patchpanel/shill_client.cc:319] Service /service/50 was not connected
2026-09-16T23:26:15.482397Z INFO patchpaneld[1919]: INFO patchpaneld: [../../../../../tmp/portage/chromeos-base/patchpanel-0.0.2-r1688/work/patchpanel-0.0.2/patchpanel/shill_client.cc:319] Service /service/51 was not connected
2026-09-16T23:26:15.484678Z INFO patchpaneld[1919]: INFO patchpaneld: [../../../../../tmp/portage/chromeos-base/patchpanel-0.0.2-r1688/work/patchpanel-0.0.2/patchpanel/shill_client.cc:319] Service /service/2 was not connected
2026-09-16T23:26:15.488844Z INFO patchpaneld[1919]: INFO patchpaneld: [../../../../../tmp/portage/chromeos-base/patchpanel-0.0.2-r1688/work/patchpanel-0.0.2/patchpanel/shill_client.cc:319] Service /service/2 was not connected
2026-09-16T23:26:48.196017Z INFO shill[957]: INFO shill: [../../../../../../../mnt/host/source/src/platform2/shill/wifi/wifi_service.cc:1497] unselected wifi_psk_52 sid=none UpdateFromEndpoints: sig: -77, sec: wpa2+wpa3, freq: 2412
2026-09-16T23:26:48.197372Z INFO shill[957]: INFO shill: [../../../../../../../mnt/host/source/src/platform2/shill/manager.cc:1497] Service wifi_psk_52 updated; state: Idle
2026-09-16T23:26:48.214683Z INFO shill[957]: INFO shill: [../../../../../../../mnt/host/source/src/platform2/shill/wifi/wifi_service.cc:1497] unselected wifi_psk_53 sid=none UpdateFromEndpoints: sig: -89, sec: wpa+wpa2, freq: 2412
2026-09-16T23:26:48.216292Z INFO shill[957]: INFO shill: [../../../../../../../mnt/host/source/src/platform2/shill/manager.cc:1497] Service wifi_psk_53 updated; state: Idle
2026-09-16T23:26:48.252598Z INFO shill[957]: INFO shill: [../../../../../../../mnt/host/source/src/platform2/shill/wifi/wifi_service.cc:1497] unselected wifi_psk_54 sid=none UpdateFromEndpoints: sig: -93, sec: wpa2+wpa3, freq: 5785
2026-09-16T23:26:48.253402Z INFO shill[957]: INFO shill: [../../../../../../../mnt/host/source/src/platform2/shill/manager.cc:1497] Service wifi_psk_54 updated; state: Idle
2026-09-16T23:26:48.270871Z INFO shill[957]: INFO shill: [../../../../../../../mnt/host/source/src/platform2/shill/wifi/wifi.cc:535] ScanDone
2026-09-16T23:26:48.320072Z INFO patchpaneld[1919]: INFO patchpaneld: [../../../../../tmp/portage/chromeos-base/patchpanel-0.0.2-r1688/work/patchpanel-0.0.2/patchpanel/shill_client.cc:319] Service /service/52 was not connected
2026-09-16T23:26:48.321241Z INFO patchpaneld[1919]: INFO patchpaneld: [../../../../../tmp/portage/chromeos-base/patchpanel-0.0.2-r1688/work/patchpanel-0.0.2/patchpanel/shill_client.cc:319] Service /service/53 was not connected
2026-09-16T23:26:48.322317Z INFO patchpaneld[1919]: INFO patchpaneld: [../../../../../tmp/portage/chromeos-base/patchpanel-0.0.2-r1688/work/patchpanel-0.0.2/patchpanel/shill_client.cc:319] Service /service/54 was not connected
2026-09-16T23:26:48.323298Z INFO patchpaneld[1919]: INFO patchpaneld: [../../../../../tmp/portage/chromeos-base/patchpanel-0.0.2-r1688/work/patchpanel-0.0.2/patchpanel/shill_client.cc:319] Service /service/2 was not connected
2026-09-16T23:26:48.328019Z INFO patchpaneld[1919]: message repeated 2 times: [ INFO patchpaneld: [../../../../../tmp/portage/chromeos-base/patchpanel-0.0.2-r1688/work/patchpanel-0.0.2/patchpanel/shill_client.cc:319] Service /service/2 was not connected]
2026-09-16T23:26:50.514769Z INFO shill[957]: INFO shill: [../../../../../../../mnt/host/source/src/platform2/shill/service.cc:403] unselected wifi_psk_2 sid=none Connect: D-Bus RPC
2026-09-16T23:26:50.568919Z INFO shill[957]: INFO shill: [../../../../../../../mnt/host/source/src/platform2/shill/service.cc:560] unselected wifi_psk_2 sid=none SetState: state Idle -> Associating
2026-09-16T23:26:50.569001Z INFO shill[957]: INFO shill: [../../../../../../../mnt/host/source/src/platform2/shill/manager.cc:1497] Service wifi_psk_2 updated; state: Associating
2026-09-16T23:26:50.572064Z INFO shill[957]: INFO shill: [../../../../../../../mnt/host/source/src/platform2/shill/device.cc:444] wlan0 no_service sid=none SelectService(wifi_psk_2)
2026-09-16T23:26:50.583659Z NOTICE wpa_supplicant[770]: SME: Trying to authenticate with 0a:33:ed:eb:1d:55 (SSID='e49ad76e72c9' freq=2422 MHz)
2026-09-16T23:26:50.587592Z INFO patchpaneld[1919]: INFO patchpaneld: [../../../../../tmp/portage/chromeos-base/patchpanel-0.0.2-r1688/work/patchpanel-0.0.2/patchpanel/shill_client.cc:319] Service /service/2 was not connected
2026-09-16T23:26:50.759748Z INFO shill[957]: INFO shill: [../../../../../../../mnt/host/source/src/platform2/shill/wifi/wifi.cc:2707] WiFi wlan0 StateChanged inactive -> authenticating
2026-09-16T23:26:50.767894Z NOTICE wpa_supplicant[770]: SME: Trying to authenticate with 0a:33:ed:eb:1d:55 (SSID='e49ad76e72c9' freq=2422 MHz)
2026-09-16T23:26:50.782469Z NOTICE wpa_supplicant[770]: wlan0: PMKSA-CACHE-ADDED 0a:33:ed:eb:1d:55 0
2026-09-16T23:26:50.782798Z NOTICE wpa_supplicant[770]: Trying to associate with 0a:33:ed:eb:1d:55 (SSID='e49ad76e72c9' freq=2422 MHz)
2026-09-16T23:26:50.785906Z INFO shill[957]: INFO shill: [../../../../../../../mnt/host/source/src/platform2/shill/wifi/wifi.cc:2707] WiFi wlan0 StateChanged authenticating -> associating
2026-09-16T23:26:52.153213Z NOTICE wpa_supplicant[770]: wlan0: Added BSSID 0a:33:ed:eb:1d:55 into ignore list, ignoring for 10 seconds
2026-09-16T23:26:52.153668Z NOTICE wpa_supplicant[770]: wlan0: CTRL-EVENT-DISCONNECTED bssid=0a:33:ed:eb:1d:55 reason=3 locally_generated=1
2026-09-16T23:26:52.153790Z NOTICE wpa_supplicant[770]: wlan0: BSSID 0a:33:ed:eb:1d:55 ignore list count incremented to 2, ignoring for 10 seconds
2026-09-16T23:26:52.156349Z NOTICE wpa_supplicant[770]: wlan0: CTRL-EVENT-DSCP-POLICY clear_all
2026-09-16T23:26:52.159145Z INFO shill[957]: INFO shill: [../../../../../../../mnt/host/source/src/platform2/shill/wifi/wifi.cc:1341] WiFi wlan0 supplicant updated DisconnectReason to 3 (Deauthenticated because sending STA is leaving (or has left) IBSS or ESS)
2026-09-16T23:26:52.163260Z INFO shill[957]: INFO shill: [../../../../../../../mnt/host/source/src/platform2/shill/wifi/wifi.cc:2707] WiFi wlan0 StateChanged associating -> disconnected
2026-09-16T23:26:52.267335Z INFO shill[957]: INFO shill: [../../../../../../../mnt/host/source/src/platform2/shill/wifi/wifi.cc:2707] WiFi wlan0 StateChanged disconnected -> scanning
2026-09-16T23:26:54.723802Z INFO shill[957]: INFO shill: [../../../../../../../mnt/host/source/src/platform2/shill/wifi/wifi_service.cc:1497] unselected wifi_psk_55 sid=none UpdateFromEndpoints: sig: -74, sec: wpa2+wpa3, freq: 2437
2026-09-16T23:26:54.730137Z INFO shill[957]: INFO shill: [../../../../../../../mnt/host/source/src/platform2/shill/manager.cc:1497] Service wifi_psk_55 updated; state: Idle
2026-09-16T23:26:54.789370Z INFO shill[957]: INFO shill: [../../../../../../../mnt/host/source/src/platform2/shill/wifi/wifi_service.cc:1497] unselected wifi_psk_56 sid=none UpdateFromEndpoints: sig: -82, sec: wpa2, freq: 2437
2026-09-16T23:26:54.789958Z NOTICE wpa_supplicant[770]: wlan0: Removed BSSID 0a:33:ed:eb:1d:55 from ignore list (clear)
2026-09-16T23:26:54.791361Z INFO shill[957]: INFO shill: [../../../../../../../mnt/host/source/src/platform2/shill/manager.cc:1497] Service wifi_psk_56 updated; state: Idle
2026-09-16T23:26:54.795201Z INFO shill[957]: INFO shill: [../../../../../../../mnt/host/source/src/platform2/shill/wifi/wifi_service.cc:1497] unselected wifi_psk_57 sid=none UpdateFromEndpoints: sig: -87, sec: wpa2+wpa3, freq: 2412
2026-09-16T23:26:54.796845Z INFO shill[957]: INFO shill: [../../../../../../../mnt/host/source/src/platform2/shill/manager.cc:1497] Service wifi_psk_57 updated; state: Idle
2026-09-16T23:26:54.812137Z NOTICE wpa_supplicant[770]: SME: Trying to authenticate with 0a:33:ed:eb:1d:55 (SSID='e49ad76e72c9' freq=2422 MHz)
2026-09-16T23:26:54.821610Z INFO shill[957]: INFO shill: [../../../../../../../mnt/host/source/src/platform2/shill/wifi/wifi.cc:535] ScanDone
2026-09-16T23:26:54.834129Z INFO shill[957]: INFO shill: [../../../../../../../mnt/host/source/src/platform2/shill/wifi/wifi_service.cc:1497] unselected wifi_none_43 sid=none UpdateFromEndpoints: sig: -83, sec: none, freq: 5220
2026-09-16T23:26:54.852853Z INFO patchpaneld[1919]: INFO patchpaneld: [../../../../../tmp/portage/chromeos-base/patchpanel-0.0.2-r1688/work/patchpanel-0.0.2/patchpanel/shill_client.cc:319] Service /service/55 was not connected
2026-09-16T23:26:54.858213Z NOTICE wpa_supplicant[770]: Trying to associate with 0a:33:ed:eb:1d:55 (SSID='e49ad76e72c9' freq=2422 MHz)
2026-09-16T23:26:54.864965Z INFO shill[957]: INFO shill: [../../../../../../../mnt/host/source/src/platform2/shill/wifi/wifi_service.cc:1497] unselected wifi_psk_58 sid=none UpdateFromEndpoints: sig: -92, sec: wpa2, freq: 5805
2026-09-16T23:26:54.865371Z INFO shill[957]: INFO shill: [../../../../../../../mnt/host/source/src/platform2/shill/manager.cc:1497] Service wifi_psk_58 updated; state: Idle
2026-09-16T23:26:54.867011Z INFO shill[957]: INFO shill: [../../../../../../../mnt/host/source/src/platform2/shill/wifi/wifi_service.cc:1497] unselected wifi_psk_59 sid=none UpdateFromEndpoints: sig: -93, sec: wpa2, freq: 5220
2026-09-16T23:26:54.867211Z INFO shill[957]: INFO shill: [../../../../../../../mnt/host/source/src/platform2/shill/manager.cc:1497] Service wifi_psk_59 updated; state: Idle
2026-09-16T23:26:54.869030Z INFO shill[957]: INFO shill: [../../../../../../../mnt/host/source/src/platform2/shill/wifi/wifi_service.cc:1497] unselected wifi_psk_60 sid=none UpdateFromEndpoints: sig: -94, sec: wpa2, freq: 5745
2026-09-16T23:26:54.870342Z INFO shill[957]: INFO shill: [../../../../../../../mnt/host/source/src/platform2/shill/manager.cc:1497] Service wifi_psk_60 updated; state: Idle
2026-09-16T23:26:54.871922Z INFO shill[957]: INFO shill: [../../../../../../../mnt/host/source/src/platform2/shill/wifi/wifi_service.cc:1497] unselected wifi_psk_8 sid=none UpdateFromEndpoints: sig: -77, sec: wpa2, freq: 5180
2026-09-16T23:26:54.873175Z INFO shill[957]: INFO shill: [../../../../../../../mnt/host/source/src/platform2/shill/wifi/wifi_service.cc:1497] unselected wifi_psk_7 sid=none UpdateFromEndpoints: sig: -69, sec: wpa2, freq: 2432
2026-09-16T23:26:54.888368Z NOTICE wpa_supplicant[770]: wlan0: Associated with 0a:33:ed:eb:1d:55
2026-09-16T23:26:54.889701Z NOTICE wpa_supplicant[770]: wlan0: CTRL-EVENT-SUBNET-STATUS-UPDATE status=0
2026-09-16T23:26:54.903128Z INFO shill[957]: INFO shill: [../../../../../../../mnt/host/source/src/platform2/shill/wifi/wifi.cc:2707] WiFi wlan0 StateChanged scanning -> authenticating
2026-09-16T23:26:54.903205Z INFO shill[957]: INFO shill: [../../../../../../../mnt/host/source/src/platform2/shill/wifi/wifi.cc:2707] WiFi wlan0 StateChanged authenticating -> associating
2026-09-16T23:26:54.905511Z INFO patchpaneld[1919]: INFO patchpaneld: [../../../../../tmp/portage/chromeos-base/patchpanel-0.0.2-r1688/work/patchpanel-0.0.2/patchpanel/shill_client.cc:319] Service /service/2 was not connected
2026-09-16T23:26:54.905567Z INFO shill[957]: INFO shill: [../../../../../../../mnt/host/source/src/platform2/shill/wifi/wifi.cc:1215] WiFi wlan0 CurrentBSS (unknown) -> /fi/w1/wpa_supplicant1/Interfaces/0/BSSs/1
2026-09-16T23:26:54.906459Z INFO shill[957]: INFO shill: [../../../../../../../mnt/host/source/src/platform2/shill/device.cc:444] wlan0 wifi_psk_2 sid=none SelectService(wifi_psk_2)
2026-09-16T23:26:54.906518Z INFO shill[957]: INFO shill: [../../../../../../../mnt/host/source/src/platform2/shill/wifi/wifi.cc:2707] WiFi wlan0 StateChanged associating -> 4way_handshake
2026-09-16T23:26:54.913249Z INFO patchpaneld[1919]: INFO patchpaneld: [../../../../../tmp/portage/chromeos-base/patchpanel-0.0.2-r1688/work/patchpanel-0.0.2/patchpanel/shill_client.cc:319] Service /service/56 was not connected
2026-09-16T23:26:54.914704Z INFO patchpaneld[1919]: INFO patchpaneld: [../../../../../tmp/portage/chromeos-base/patchpanel-0.0.2-r1688/work/patchpanel-0.0.2/patchpanel/shill_client.cc:319] Service /service/57 was not connected
2026-09-16T23:26:54.916058Z INFO patchpaneld[1919]: INFO patchpaneld: [../../../../../tmp/portage/chromeos-base/patchpanel-0.0.2-r1688/work/patchpanel-0.0.2/patchpanel/shill_client.cc:319] Service /service/58 was not connected
2026-09-16T23:26:54.917341Z INFO patchpaneld[1919]: INFO patchpaneld: [../../../../../tmp/portage/chromeos-base/patchpanel-0.0.2-r1688/work/patchpanel-0.0.2/patchpanel/shill_client.cc:319] Service /service/59 was not connected
2026-09-16T23:26:54.918651Z INFO patchpaneld[1919]: INFO patchpaneld: [../../../../../tmp/portage/chromeos-base/patchpanel-0.0.2-r1688/work/patchpanel-0.0.2/patchpanel/shill_client.cc:319] Service /service/60 was not connected
2026-09-16T23:26:54.920118Z INFO patchpaneld[1919]: INFO patchpaneld: [../../../../../tmp/portage/chromeos-base/patchpanel-0.0.2-r1688/work/patchpanel-0.0.2/patchpanel/shill_client.cc:319] Service /service/2 was not connected
2026-09-16T23:26:54.921768Z INFO patchpaneld[1919]: INFO patchpaneld: [../../../../../tmp/portage/chromeos-base/patchpanel-0.0.2-r1688/work/patchpanel-0.0.2/patchpanel/shill_client.cc:319] Service /service/2 was not connected
2026-09-16T23:26:55.102327Z NOTICE wpa_supplicant[770]: wlan0: WPA: Key negotiation completed with 0a:33:ed:eb:1d:55 [PTK=CCMP GTK=CCMP]
2026-09-16T23:26:55.102545Z NOTICE wpa_supplicant[770]: wlan0: CTRL-EVENT-CONNECTED - Connection to 0a:33:ed:eb:1d:55 completed [id=0 id_str=]
2026-09-16T23:26:55.103335Z ERR wpa_supplicant[770]: bgscan simple: Failed to enable signal strength monitoring
2026-09-16T23:26:55.147803Z INFO shill[957]: INFO shill: [../../../../../../../mnt/host/source/src/platform2/shill/wifi/wifi.cc:2707] WiFi wlan0 StateChanged 4way_handshake -> completed
2026-09-16T23:26:55.149709Z INFO shill[957]: INFO shill: [../../../../../../../mnt/host/source/src/platform2/shill/network/network.cc:195] wlan0 wifi_psk_2 sid=1 Start: options={dhcp={use_legacy_dhcpcd=0, use_arp_gateway=1, use_rfc_8925=1, apply_dscp=1}, accept_ra=1, dhcp_pd=0, ignore_link_monitoring=0, probing_configuration=default, validation_mode=1, }
2026-09-16T23:26:55.151301Z INFO shill[957]: INFO shill: [../../../../../../../mnt/host/source/src/platform2/shill/network/dhcpcd_proxy.cc:389] wlan0 wifi_psk_2 sid=1 Create: Created dhcpcd with pid 4968 and args: -B -i chromeos -q -o captive_portal_uri -o wpad_url --clientid --nodelay --noconfigure -4 -A -K -o ipv6_only_preferred --apply_dscp wlan0
2026-09-16T23:26:55.151608Z INFO shill[957]: INFO shill: [../../../../../../../mnt/host/source/src/platform2/shill/network/network.cc:313] wlan0 wifi_psk_2 sid=1 Start: Started IP provisioning, dhcp: started, accept_ra: true,  initial config: wlan0: static {IPv4 address: nullopt, IPv6 addresses: [], DNS: [192.168.1.1,0.0.0.0,0.0.0.0,0.0.0.0]}; combined config {IPv4 address: nullopt, IPv6 addresses: [], DNS: [192.168.1.1]}
2026-09-16T23:26:55.151627Z INFO shill[957]: INFO shill: [../../../../../../../mnt/host/source/src/platform2/shill/wifi/wifi.cc:2789] wlan0 is up; started L3 configuration.
2026-09-16T23:26:55.164662Z ERR dhcpcd[4968]: refusing chroot: dhcp: /dev/null
2026-09-16T23:26:55.165127Z INFO dhcpcd[4968]: dhcpcd-10.0.10 starting
2026-09-16T23:26:55.172581Z INFO shill[957]: INFO shill: [../../../../../../../mnt/host/source/src/platform2/shill/service.cc:560] wlan0 wifi_psk_2 sid=1 SetState: state Associating -> Configuring
2026-09-16T23:26:55.172626Z INFO shill[957]: INFO shill: [../../../../../../../mnt/host/source/src/platform2/shill/manager.cc:1497] Service wifi_psk_2 updated; state: Configuring
2026-09-16T23:26:55.179676Z NOTICE wpa_supplicant[770]: wlan0: GAS-QUERY-START addr=0a:33:ed:eb:1d:55 dialog_token=120 freq=2422
2026-09-16T23:26:55.198898Z INFO dhcpcd[4968]: wlan0: connected to Access Point: <redacted>
2026-09-16T23:26:55.199312Z INFO dhcpcd[4968]: wlan0: soliciting a DHCP lease
2026-09-16T23:26:55.199457Z INFO dhcpcd[4968]: wlan0: sending DISCOVER (xid 0x3df9da0b), next in 4.7 seconds
2026-09-16T23:26:55.207199Z INFO dhcpcd[4968]: wlan0: received OFFER with xid 0x3df9da0b
2026-09-16T23:26:55.207364Z INFO dhcpcd[4968]: wlan0: offered 192.168.1.99 from 192.168.1.1
2026-09-16T23:26:55.207425Z INFO dhcpcd[4968]: wlan0: requesting lease of 192.168.1.99
2026-09-16T23:26:55.207491Z INFO dhcpcd[4968]: wlan0: sending REQUEST (xid 0x3df9da0b), next in 4.8 seconds
2026-09-16T23:26:55.213844Z INFO dhcpcd[4968]: wlan0: received ACK with xid 0x3df9da0b
2026-09-16T23:26:55.214023Z INFO dhcpcd[4968]: wlan0: acknowledged 192.168.1.99 from 192.168.1.1
2026-09-16T23:26:55.214093Z INFO dhcpcd[4968]: wlan0: leased 192.168.1.99 for 86400 seconds
2026-09-16T23:26:55.217007Z INFO shill[957]: INFO shill: [../../../../../../../mnt/host/source/src/platform2/shill/network/dhcpcd_proxy.cc:171] wlan0 wifi_psk_2 sid=1 GetEventReason: Ignore the reason: PREINIT
2026-09-16T23:26:55.221077Z NOTICE wpa_supplicant[770]: wlan0: GAS-QUERY-DONE addr=0a:33:ed:eb:1d:55 dialog_token=120 freq=2422 status_code=0 result=SUCCESS
2026-09-16T23:26:55.221283Z NOTICE wpa_supplicant[770]: wlan0: RX-ANQP 0a:33:ed:eb:1d:55 ANQP Capability list
2026-09-16T23:26:55.221362Z NOTICE wpa_supplicant[770]: wlan0: ANQP-QUERY-DONE addr=0a:33:ed:eb:1d:55 result=SUCCESS
2026-09-16T23:26:55.234467Z INFO shill[957]: INFO shill: [../../../../../../../mnt/host/source/src/platform2/shill/network/network.cc:574] wlan0 wifi_psk_2 sid=1 OnIPConfigUpdatedFromDHCP: DHCP lease acquired {IPv4 address: 192.168.1.99/24, IPv4 broadcast: 192.168.1.255, IPv4 gateway: 192.168.1.1, IPv6 addresses: [], DNS: [192.168.1.1], search domains: 1}
2026-09-16T23:26:55.243546Z INFO shill[957]: INFO shill: [../../../../../../../mnt/host/source/src/platform2/shill/network/network.cc:342] wlan0 wifi_psk_2 sid=1 SetupConnection: family: IPv4, is_slaac: 0
2026-09-16T23:26:55.258639Z INFO patchpaneld[1919]: INFO patchpaneld: [../../../../../tmp/portage/chromeos-base/patchpanel-0.0.2-r1688/work/patchpanel-0.0.2/patchpanel/shill_client.cc:319] Service /service/2 was not connected
2026-09-16T23:26:55.259119Z INFO patchpaneld[1919]: INFO patchpaneld: [../../../../../tmp/portage/chromeos-base/patchpanel-0.0.2-r1688/work/patchpanel-0.0.2/patchpanel/manager.cc:1109] ConfigureNetwork on wlan0(2, sid=1): {IPv4 address: nullopt, IPv6 addresses: [], DNS: [192.168.1.1]}, priority {31}, area 0x10000
2026-09-16T23:26:55.261828Z INFO patchpaneld[1919]: INFO patchpaneld: [../../../../../tmp/portage/chromeos-base/patchpanel-0.0.2-r1688/work/patchpanel-0.0.2/patchpanel/shill_client.cc:799] [/device/wlan0]: IPConfig changed: {IPv4 address: nullopt, IPv6 addresses: [], DNS: [192.168.1.1]}
2026-09-16T23:26:55.261921Z INFO patchpaneld[1919]: INFO patchpaneld: [../../../../../tmp/portage/chromeos-base/patchpanel-0.0.2-r1688/work/patchpanel-0.0.2/patchpanel/conntrack_monitor.cc:195] ConntrackMonitor added listener
2026-09-16T23:26:55.261957Z INFO patchpaneld[1919]: INFO patchpaneld: [../../../../../tmp/portage/chromeos-base/patchpanel-0.0.2-r1688/work/patchpanel-0.0.2/patchpanel/conntrack_monitor.cc:215] ConntrackMonitor removed listener
2026-09-16T23:26:55.261981Z INFO patchpaneld[1919]: INFO patchpaneld: [../../../../../tmp/portage/chromeos-base/patchpanel-0.0.2-r1688/work/patchpanel-0.0.2/patchpanel/network_monitor_service.cc:163] ipconfigs changed on wlan0, update watching entries
2026-09-16T23:26:55.262016Z INFO patchpaneld[1919]: INFO patchpaneld: [../../../../../tmp/portage/chromeos-base/patchpanel-0.0.2-r1688/work/patchpanel-0.0.2/patchpanel/network_monitor_service.cc:194] Stop due to empty watching list on wlan0
2026-09-16T23:26:55.262443Z INFO patchpaneld[1919]: INFO patchpaneld: [../../../../../tmp/portage/chromeos-base/patchpanel-0.0.2-r1688/work/patchpanel-0.0.2/patchpanel/manager.cc:1109] ConfigureNetwork on wlan0(2, sid=1): {IPv4 address: 192.168.1.99/24, IPv4 broadcast: 192.168.1.255, IPv4 gateway: 192.168.1.1, IPv6 addresses: [], DNS: [192.168.1.1], search domains: 1}, priority {31}, area 0x70007
2026-09-16T23:26:55.263922Z INFO patchpaneld[1919]: INFO patchpaneld: [../../../../../tmp/portage/chromeos-base/patchpanel-0.0.2-r1688/work/patchpanel-0.0.2/patchpanel/network/address_service.cc:83] SetIPv4Address: adding new address 192.168.1.99/24
2026-09-16T23:26:55.264643Z WARNING patchpaneld[1919]: WARNING patchpaneld: [../../../../../tmp/portage/chromeos-base/patchpanel-0.0.2-r1688/work/patchpanel-0.0.2/patchpanel/network/routing_table.cc:111] Successfully removed routing entry but could not find the corresponding entry in patchpanel's representation of the routing table.
2026-09-16T23:26:55.267258Z INFO patchpaneld[1919]: INFO patchpaneld: [../../../../../tmp/portage/chromeos-base/patchpanel-0.0.2-r1688/work/patchpanel-0.0.2/patchpanel/shill_client.cc:799] [/device/wlan0]: IPConfig changed: {IPv4 address: 192.168.1.99/24, IPv4 broadcast: 192.168.1.255, IPv4 gateway: 192.168.1.1, IPv6 addresses: [], DNS: [192.168.1.1], search domains: 1}
2026-09-16T23:26:55.294002Z INFO patchpaneld[1919]: INFO patchpaneld: [../../../../../tmp/portage/chromeos-base/patchpanel-0.0.2-r1688/work/patchpanel-0.0.2/patchpanel/network_monitor_service.cc:163] ipconfigs changed on wlan0, update watching entries
2026-09-16T23:26:55.294081Z INFO patchpaneld[1919]: INFO patchpaneld: [../../../../../tmp/portage/chromeos-base/patchpanel-0.0.2-r1688/work/patchpanel-0.0.2/patchpanel/network_monitor_service.cc:127] IPv4 watching entries added on wlan0: skipped_dns_num=0 ,watching_dns_num=1
2026-09-16T23:26:55.294251Z INFO patchpaneld[1919]: INFO patchpaneld: [../../../../../tmp/portage/chromeos-base/patchpanel-0.0.2-r1688/work/patchpanel-0.0.2/patchpanel/qos_service.cc:92] DoHUpdater called with 4 valid hostnames, interface=wlan0, name_servers={192.168.1.1}
2026-09-16T23:26:55.300651Z INFO shill[957]: INFO shill: [../../../../../../../mnt/host/source/src/platform2/shill/network/network.cc:386] wlan0 wifi_psk_2 sid=1 OnSetupConnectionFinished: success: true
2026-09-16T23:26:55.300904Z INFO shill[957]: INFO shill: [../../../../../../../mnt/host/source/src/platform2/shill/service.cc:560] wlan0 wifi_psk_2 sid=1 SetState: state Configuring -> Connected
2026-09-16T23:26:55.313224Z INFO shill[957]: INFO shill: [../../../../../../../mnt/host/source/src/platform2/shill/manager.cc:1497] Service wifi_psk_2 updated; state: Connected
2026-09-16T23:26:55.318817Z INFO patchpaneld[1919]: INFO patchpaneld: [../../../../../tmp/portage/chromeos-base/patchpanel-0.0.2-r1688/work/patchpanel-0.0.2/patchpanel/network_monitor_service.cc:338] NUD state changed on wlan0 for { addr: 192.168.1.1, role: gateway and dns_server, state: NUD_REACHABLE }, old_state=NUD_NONE
2026-09-16T23:26:55.329327Z INFO shill[957]: INFO shill: [../../../../../../../mnt/host/source/src/platform2/shill/wifi/wifi_service.cc:835] wlan0 wifi_psk_2 sid=1 SendPostReadyStateMetrics: time_resume_to_ready=0 s
2026-09-16T23:26:55.332200Z INFO dnsproxyd[2016]: INFO dnsproxyd: [../../../../../../../mnt/host/source/src/platform2/shill/dbus/client/client.cc:701] Device [/device/wlan0] connection state changed from [configuration] to [ready]
2026-09-16T23:26:55.332732Z INFO dnsproxyd[2015]: INFO dnsproxyd: [../../../../../../../mnt/host/source/src/platform2/shill/dbus/client/client.cc:701] Device [/device/wlan0] connection state changed from [configuration] to [ready]
2026-09-16T23:26:55.333237Z INFO dnsproxyd[1849]: INFO dnsproxyd: [../../../../../../../mnt/host/source/src/platform2/shill/dbus/client/client.cc:701] Device [/device/wlan0] connection state changed from [configuration] to [ready]
2026-09-16T23:26:55.356448Z INFO shill[957]: INFO shill: [../../../../../../../mnt/host/source/src/platform2/shill/network/network_monitor.cc:158] wlan0 wifi_psk_2 sid=1 StartValidationTask(NetworkConnectionUpdate)
2026-09-16T23:26:55.358601Z INFO shill[957]: INFO shill: [../../../../../../../mnt/host/source/src/platform2/shill/network/portal_detector.cc:169] wlan0 wifi_psk_2 sid=1 detection StartHttpProbe: { num_attempts=1, IPv4, HTTP probe connectivitycheck.gstatic.com in-flight, HTTPS probe not started, is_complete=false}
2026-09-16T23:26:55.359984Z INFO shill[957]: INFO shill: [../../../../../../../mnt/host/source/src/platform2/shill/network/portal_detector.cc:191] wlan0 wifi_psk_2 sid=1 detection StartHttpsProbe: { num_attempts=1, IPv4, HTTP probe connectivitycheck.gstatic.com in-flight, HTTPS probe www.google.com in-flight, is_complete=false}
2026-09-16T23:26:55.381919Z INFO shill[957]: INFO shill: [../../../../../../../mnt/host/source/src/platform2/shill/manager.cc:1658] UpdateDefaultPhysicalService: None -> wlan0 wifi_psk_2 sid=1
2026-09-16T23:26:55.398728Z INFO dnsproxyd[2015]: INFO dnsproxyd: [../../../../../../../mnt/host/source/src/platform2/shill/dbus/client/client.cc:403] Default service changed from [/] to [/service/2]
2026-09-16T23:26:55.399378Z INFO dnsproxyd[2016]: INFO dnsproxyd: [../../../../../../../mnt/host/source/src/platform2/shill/dbus/client/client.cc:403] Default service changed from [/] to [/service/2]
2026-09-16T23:26:55.400089Z INFO dnsproxyd[1849]: INFO dnsproxyd: [../../../../../../../mnt/host/source/src/platform2/shill/dbus/client/client.cc:403] Default service changed from [/] to [/service/2]
2026-09-16T23:26:55.404951Z INFO shill[957]: INFO shill: [../../../../../../../mnt/host/source/src/platform2/shill/network/network_monitor.cc:158] wlan0 wifi_psk_2 sid=1 StartValidationTask(ServiceReorder)
2026-09-16T23:26:55.405009Z INFO shill[957]: INFO shill: [../../../../../../../mnt/host/source/src/platform2/shill/network/portal_detector.cc:138] wlan0 wifi_psk_2 sid=1 detection Start: Attempt is already running
2026-09-16T23:26:55.407254Z INFO shill[957]: INFO shill: [../../../../../../../mnt/host/source/src/platform2/shill/network/http_request.cc:259] wlan0 wifi_psk_2 sid=1 detection HTTP probe GetDNSResult: Resolved connectivitycheck.gstatic.com to 142.251.32.3 in 0.03103 s
2026-09-16T23:26:55.408278Z INFO shill[957]: INFO shill: [../../../../../../../mnt/host/source/src/platform2/shill/network/http_request.cc:259] wlan0 wifi_psk_2 sid=1 detection HTTPS probe GetDNSResult: Resolved www.google.com to 142.251.150.119,142.251.151.119,142.251.153.119,142.251.154.119,142.251.155.119,142.251.157.119,142.251.152.119,142.251.156.119 in 0.03002 s
2026-09-16T23:26:55.434195Z INFO dnsproxyd[1849]: INFO dnsproxyd: [../../../../../tmp/portage/chromeos-base/dns-proxy-0.0.1-r1080/work/dns-proxy-0.0.1/dns-proxy/resolv_conf.cc:62] Setting resolv.conf to [192.168.1.1]
2026-09-16T23:26:55.436803Z INFO patchpaneld[1919]: INFO patchpaneld: [../../../../../tmp/portage/chromeos-base/patchpanel-0.0.2-r1688/work/patchpanel-0.0.2/patchpanel/shill_client.cc:378] Default logical device changed from none to {shill_device: wlan0, type: wifi, ifname: wlan0, ifindex: 2, service: wifi_psk_2, sid: 1}
2026-09-16T23:26:55.436847Z INFO patchpaneld[1919]: INFO patchpaneld: [../../../../../tmp/portage/chromeos-base/patchpanel-0.0.2-r1688/work/patchpanel-0.0.2/patchpanel/guest_ipv6_service.cc:98] wlan0 wifi_psk_2 sid=1 StartForwarding: uplink: wlan0, downlink: vmtap0, mtu: default, hop_limit: default
2026-09-16T23:26:55.437413Z INFO patchpaneld[1919]: INFO patchpaneld: [../../../../../tmp/portage/chromeos-base/patchpanel-0.0.2-r1688/work/patchpanel-0.0.2/patchpanel/manager.cc:1067] Starting multicast forwarding from {shill_device: wlan0, type: wifi, ifname: wlan0, ifindex: 2, service: wifi_psk_2, sid: 1} to vmtap0
2026-09-16T23:26:55.437485Z INFO patchpaneld[1919]: INFO patchpaneld: [../../../../../tmp/portage/chromeos-base/patchpanel-0.0.2-r1688/work/patchpanel-0.0.2/patchpanel/manager.cc:1024] Starting broadcast forwarding from {shill_device: wlan0, type: wifi, ifname: wlan0, ifindex: 2, service: wifi_psk_2, sid: 1} to vmtap0
2026-09-16T23:26:55.437601Z INFO patchpaneld[1981]: INFO patchpaneld: [../../../../../tmp/portage/chromeos-base/patchpanel-0.0.2-r1688/work/patchpanel-0.0.2/patchpanel/multicast_proxy.cc:101] Enabling mDNS forwarding for device wlan0
2026-09-16T23:26:55.437606Z INFO patchpaneld[1919]: INFO patchpaneld: [../../../../../tmp/portage/chromeos-base/patchpanel-0.0.2-r1688/work/patchpanel-0.0.2/patchpanel/shill_client.cc:394] Default physical device changed from none to {shill_device: wlan0, type: wifi, ifname: wlan0, ifindex: 2, service: wifi_psk_2, sid: 1}
2026-09-16T23:26:55.437918Z INFO patchpaneld[1981]: INFO patchpaneld: [../../../../../tmp/portage/chromeos-base/patchpanel-0.0.2-r1688/work/patchpanel-0.0.2/patchpanel/multicast_proxy.cc:108] Starting forwarding outbound mDNS traffic between wlan0 and vmtap0
2026-09-16T23:26:55.438009Z INFO patchpaneld[1981]: INFO patchpaneld: [../../../../../tmp/portage/chromeos-base/patchpanel-0.0.2-r1688/work/patchpanel-0.0.2/patchpanel/multicast_proxy.cc:112] Starting forwarding inbound mDNS traffic between wlan0 and vmtap0
2026-09-16T23:26:55.438190Z INFO patchpaneld[1981]: INFO patchpaneld: [../../../../../tmp/portage/chromeos-base/patchpanel-0.0.2-r1688/work/patchpanel-0.0.2/patchpanel/multicast_forwarder.cc:271] Started IPv4 forwarding between wlan0 and vmtap0 for 224.0.0.251:5353
2026-09-16T23:26:55.438380Z INFO patchpaneld[1981]: INFO patchpaneld: [../../../../../tmp/portage/chromeos-base/patchpanel-0.0.2-r1688/work/patchpanel-0.0.2/patchpanel/multicast_forwarder.cc:287] Started IPv6 forwarding between wlan0 and vmtap0 for ff02::fb:5353
2026-09-16T23:26:55.438426Z INFO patchpaneld[1981]: INFO patchpaneld: [../../../../../tmp/portage/chromeos-base/patchpanel-0.0.2-r1688/work/patchpanel-0.0.2/patchpanel/multicast_proxy.cc:121] Enabling SSDP forwarding for device wlan0
2026-09-16T23:26:55.438987Z INFO patchpaneld[1981]: INFO patchpaneld: [../../../../../tmp/portage/chromeos-base/patchpanel-0.0.2-r1688/work/patchpanel-0.0.2/patchpanel/multicast_proxy.cc:128] Starting forwarding outbound SSDP traffic between wlan0 and vmtap0
2026-09-16T23:26:55.439162Z INFO patchpaneld[1981]: INFO patchpaneld: [../../../../../tmp/portage/chromeos-base/patchpanel-0.0.2-r1688/work/patchpanel-0.0.2/patchpanel/multicast_proxy.cc:132] Starting forwarding inbound SSDP traffic between wlan0 and vmtap0
2026-09-16T23:26:55.439359Z INFO patchpaneld[1981]: INFO patchpaneld: [../../../../../tmp/portage/chromeos-base/patchpanel-0.0.2-r1688/work/patchpanel-0.0.2/patchpanel/multicast_forwarder.cc:271] Started IPv4 forwarding between wlan0 and vmtap0 for 239.255.255.250:1900
2026-09-16T23:26:55.439504Z INFO patchpaneld[1981]: INFO patchpaneld: [../../../../../tmp/portage/chromeos-base/patchpanel-0.0.2-r1688/work/patchpanel-0.0.2/patchpanel/multicast_forwarder.cc:287] Started IPv6 forwarding between wlan0 and vmtap0 for ff02::c:1900
2026-09-16T23:26:55.439841Z INFO patchpaneld[1981]: INFO patchpaneld: [../../../../../tmp/portage/chromeos-base/patchpanel-0.0.2-r1688/work/patchpanel-0.0.2/patchpanel/multicast_proxy.cc:194] Enabling broadcast forwarding for device wlan0
2026-09-16T23:26:55.439890Z INFO patchpaneld[1981]: INFO patchpaneld: [../../../../../tmp/portage/chromeos-base/patchpanel-0.0.2-r1688/work/patchpanel-0.0.2/patchpanel/multicast_proxy.cc:198] Starting broadcast forwarding between wlan0 and vmtap0
2026-09-16T23:26:55.456505Z WARNING patchpaneld[1981]: WARNING patchpaneld: [../../../../../tmp/portage/chromeos-base/net-base-0.0.1-r305/work/net-base-0.0.1/net-base/socket.cc:257] Failed to increase receive buffer size to 3145728b: Operation not permitted (1)
2026-09-16T23:26:55.472633Z INFO patchpaneld[1919]: INFO patchpaneld: [../../../../../tmp/portage/chromeos-base/patchpanel-0.0.2-r1688/work/patchpanel-0.0.2/patchpanel/manager.cc:1109] ConfigureNetwork on wlan0(2, sid=1): {IPv4 address: 192.168.1.99/24, IPv4 broadcast: 192.168.1.255, IPv4 gateway: 192.168.1.1, IPv6 addresses: [], DNS: [192.168.1.1], search domains: 1}, priority {0, primary_logical, primary_physical, primary_for_dns}, area 0x30000
2026-09-16T23:26:55.479195Z INFO shill[957]: INFO shill: [../../../../../../../mnt/host/source/src/platform2/shill/network/portal_detector.cc:272] wlan0 wifi_psk_2 sid=1 detection ProcessHTTPProbeResult: { num_attempts=1, IPv4, HTTP probe connectivitycheck.gstatic.com result=Success code=204 content-length=0 duration=0.122328 s, HTTPS probe www.google.com in-flight, is_complete=false}
2026-09-16T23:26:55.559694Z INFO shill[957]: INFO shill: [../../../../../../../mnt/host/source/src/platform2/shill/network/portal_detector.cc:287] wlan0 wifi_psk_2 sid=1 detection ProcessHTTPSProbeResult: { num_attempts=1, IPv4, HTTP probe connectivitycheck.gstatic.com result=Success code=204 content-length=0 duration=0.122328 s, HTTPS probe www.google.com result=Success duration=0.202838 s, is_complete=true}
2026-09-16T23:26:55.561442Z INFO shill[957]: INFO shill: [../../../../../../../mnt/host/source/src/platform2/shill/network/network.cc:1145] wlan0 wifi_psk_2 sid=1 OnNetworkMonitorResult: unevaluated -> internet-connectivity
2026-09-16T23:26:55.579184Z INFO shill[957]: INFO shill: [../../../../../../../mnt/host/source/src/platform2/shill/service.cc:560] wlan0 wifi_psk_2 sid=1 SetState: state Connected -> Online
2026-09-16T23:26:55.579351Z INFO shill[957]: INFO shill: [../../../../../../../mnt/host/source/src/platform2/shill/manager.cc:1497] Service wifi_psk_2 updated; state: Online
2026-09-16T23:26:55.592346Z INFO dnsproxyd[2015]: INFO dnsproxyd: [../../../../../../../mnt/host/source/src/platform2/shill/dbus/client/client.cc:701] Device [/device/wlan0] connection state changed from [ready] to [online]
2026-09-16T23:26:55.592417Z INFO dnsproxyd[2015]: INFO dnsproxyd: [../../../../../tmp/portage/chromeos-base/dns-proxy-0.0.1-r1080/work/dns-proxy-0.0.1/dns-proxy/proxy.cc:578] {system:_ sid=0} is now tracking [wlan0]
2026-09-16T23:26:55.595802Z INFO dnsproxyd[1849]: INFO dnsproxyd: [../../../../../../../mnt/host/source/src/platform2/shill/dbus/client/client.cc:701] Device [/device/wlan0] connection state changed from [ready] to [online]
2026-09-16T23:26:55.595880Z INFO dnsproxyd[1849]: INFO dnsproxyd: [../../../../../tmp/portage/chromeos-base/dns-proxy-0.0.1-r1080/work/dns-proxy-0.0.1/dns-proxy/resolv_conf.cc:62] Setting resolv.conf to [192.168.1.1]
2026-09-16T23:26:55.596539Z INFO dnsproxyd[2016]: INFO dnsproxyd: [../../../../../../../mnt/host/source/src/platform2/shill/dbus/client/client.cc:701] Device [/device/wlan0] connection state changed from [ready] to [online]
2026-09-16T23:26:55.596606Z INFO dnsproxyd[2016]: INFO dnsproxyd: [../../../../../tmp/portage/chromeos-base/dns-proxy-0.0.1-r1080/work/dns-proxy-0.0.1/dns-proxy/proxy.cc:578] {default:_ sid=0} is now tracking [wlan0]
2026-09-16T23:26:55.600460Z INFO dnsproxyd[2016]: INFO dnsproxyd: [../../../../../tmp/portage/chromeos-base/dns-proxy-0.0.1-r1080/work/dns-proxy-0.0.1/dns-proxy/resolver.cc:279] {default:wlan0 sid=1} Accepting TCP connections on {family: AF_INET, port: 53, addr: 127.0.0.3}
2026-09-16T23:26:55.600683Z INFO dnsproxyd[2016]: INFO dnsproxyd: [../../../../../tmp/portage/chromeos-base/dns-proxy-0.0.1-r1080/work/dns-proxy-0.0.1/dns-proxy/resolver.cc:316] {default:wlan0 sid=1} Accepting UDP queries on {family: AF_INET, port: 53, addr: 127.0.0.3}
2026-09-16T23:26:55.600825Z INFO dnsproxyd[2016]: INFO dnsproxyd: [../../../../../tmp/portage/chromeos-base/dns-proxy-0.0.1-r1080/work/dns-proxy-0.0.1/dns-proxy/resolver.cc:279] {default:wlan0 sid=1} Accepting TCP connections on {family: AF_INET6, port: 53, addr: fd64:ffff::3}
2026-09-16T23:26:55.600918Z INFO dnsproxyd[2016]: INFO dnsproxyd: [../../../../../tmp/portage/chromeos-base/dns-proxy-0.0.1-r1080/work/dns-proxy-0.0.1/dns-proxy/resolver.cc:316] {default:wlan0 sid=1} Accepting UDP queries on {family: AF_INET6, port: 53, addr: fd64:ffff::3}
2026-09-16T23:26:55.601541Z INFO dnsproxyd[2015]: INFO dnsproxyd: [../../../../../tmp/portage/chromeos-base/dns-proxy-0.0.1-r1080/work/dns-proxy-0.0.1/dns-proxy/resolver.cc:279] {system:wlan0 sid=1} Accepting TCP connections on {family: AF_INET, port: 53, addr: 127.0.0.2}
2026-09-16T23:26:55.601694Z INFO dnsproxyd[2015]: INFO dnsproxyd: [../../../../../tmp/portage/chromeos-base/dns-proxy-0.0.1-r1080/work/dns-proxy-0.0.1/dns-proxy/resolver.cc:316] {system:wlan0 sid=1} Accepting UDP queries on {family: AF_INET, port: 53, addr: 127.0.0.2}
2026-09-16T23:26:55.601821Z INFO dnsproxyd[2015]: INFO dnsproxyd: [../../../../../tmp/portage/chromeos-base/dns-proxy-0.0.1-r1080/work/dns-proxy-0.0.1/dns-proxy/resolver.cc:279] {system:wlan0 sid=1} Accepting TCP connections on {family: AF_INET6, port: 53, addr: fd64:ffff::2}
2026-09-16T23:26:55.601925Z INFO dnsproxyd[2015]: INFO dnsproxyd: [../../../../../tmp/portage/chromeos-base/dns-proxy-0.0.1-r1080/work/dns-proxy-0.0.1/dns-proxy/resolver.cc:316] {system:wlan0 sid=1} Accepting UDP queries on {family: AF_INET6, port: 53, addr: fd64:ffff::2}
2026-09-16T23:26:55.607072Z INFO dnsproxyd[2016]: INFO dnsproxyd: [../../../../../tmp/portage/chromeos-base/dns-proxy-0.0.1-r1080/work/dns-proxy-0.0.1/dns-proxy/resolver.cc:279] {default:wlan0 sid=1} Accepting TCP connections on {family: AF_INET, port: 53, addr: 100.115.92.25}
2026-09-16T23:26:55.607246Z INFO dnsproxyd[2016]: INFO dnsproxyd: [../../../../../tmp/portage/chromeos-base/dns-proxy-0.0.1-r1080/work/dns-proxy-0.0.1/dns-proxy/resolver.cc:316] {default:wlan0 sid=1} Accepting UDP queries on {family: AF_INET, port: 53, addr: 100.115.92.25}
2026-09-16T23:26:55.607475Z INFO dnsproxyd[2016]: INFO dnsproxyd: [../../../../../tmp/portage/chromeos-base/dns-proxy-0.0.1-r1080/work/dns-proxy-0.0.1/dns-proxy/resolver.cc:279] {default:wlan0 sid=1} Accepting TCP connections on {family: AF_INET6, port: 53, addr: fe80::d03b:11ff:fede:13ba}
2026-09-16T23:26:55.607593Z INFO dnsproxyd[2016]: INFO dnsproxyd: [../../../../../tmp/portage/chromeos-base/dns-proxy-0.0.1-r1080/work/dns-proxy-0.0.1/dns-proxy/resolver.cc:316] {default:wlan0 sid=1} Accepting UDP queries on {family: AF_INET6, port: 53, addr: fe80::d03b:11ff:fede:13ba}
2026-09-16T23:26:55.610993Z INFO shill[957]: INFO shill: [../../../../../../../mnt/host/source/src/platform2/shill/manager.cc:1658] UpdateDefaultPhysicalService: wlan0 wifi_psk_2 sid=1 -> wlan0 wifi_psk_2 sid=1
2026-09-16T23:26:55.627831Z INFO dnsproxyd[2015]: INFO dnsproxyd: [../../../../../tmp/portage/chromeos-base/dns-proxy-0.0.1-r1080/work/dns-proxy-0.0.1/dns-proxy/proxy.cc:945] {system:wlan0 sid=1} DoH: automatic
2026-09-16T23:26:55.628248Z INFO dnsproxyd[2015]: INFO dnsproxyd: [../../../../../tmp/portage/chromeos-base/dns-proxy-0.0.1-r1080/work/dns-proxy-0.0.1/dns-proxy/resolver.cc:719] {system:wlan0 sid=1} Name servers are updated, 0/1 validated name servers
2026-09-16T23:26:55.628474Z INFO dnsproxyd[2015]: INFO dnsproxyd: [../../../../../tmp/portage/chromeos-base/dns-proxy-0.0.1-r1080/work/dns-proxy-0.0.1/dns-proxy/proxy.cc:787] {system:wlan0 sid=1} applied device DNS configuration
2026-09-16T23:26:55.628630Z INFO dnsproxyd[1849]: INFO dnsproxyd: [../../../../../tmp/portage/chromeos-base/dns-proxy-0.0.1-r1080/work/dns-proxy-0.0.1/dns-proxy/resolv_conf.cc:62] Setting resolv.conf to [127.0.0.2]
2026-09-16T23:26:55.628687Z INFO dnsproxyd[2016]: INFO dnsproxyd: [../../../../../tmp/portage/chromeos-base/dns-proxy-0.0.1-r1080/work/dns-proxy-0.0.1/dns-proxy/proxy.cc:945] {default:wlan0 sid=1} DoH: automatic
2026-09-16T23:26:55.629588Z INFO dnsproxyd[2016]: INFO dnsproxyd: [../../../../../tmp/portage/chromeos-base/dns-proxy-0.0.1-r1080/work/dns-proxy-0.0.1/dns-proxy/resolver.cc:719] {default:wlan0 sid=1} Name servers are updated, 0/1 validated name servers
2026-09-16T23:26:55.629912Z INFO dnsproxyd[2016]: INFO dnsproxyd: [../../../../../tmp/portage/chromeos-base/dns-proxy-0.0.1-r1080/work/dns-proxy-0.0.1/dns-proxy/proxy.cc:787] {default:wlan0 sid=1} applied device DNS configuration
2026-09-16T23:26:55.705229Z INFO patchpaneld[1919]: INFO patchpaneld: [../../../../../tmp/portage/chromeos-base/patchpanel-0.0.2-r1688/work/patchpanel-0.0.2/patchpanel/guest_ipv6_service.cc:691] RegisterDownstreamNeighborIP: downlink: , neighbor IP {fd64:ffff::2}, no corresponding uplink IP yet, postponing /128 route
2026-09-16T23:26:55.708064Z INFO dnsproxyd[2015]: INFO dnsproxyd: [../../../../../tmp/portage/chromeos-base/dns-proxy-0.0.1-r1080/work/dns-proxy-0.0.1/dns-proxy/resolver.cc:610] {system:wlan0 sid=1} Do53 probe attempt 1 to 192.168.1.1 succeeded (0.079954 s). 1/1 validated name servers
2026-09-16T23:26:55.718037Z INFO patchpaneld[1919]: INFO patchpaneld: [../../../../../tmp/portage/chromeos-base/patchpanel-0.0.2-r1688/work/patchpanel-0.0.2/patchpanel/guest_ipv6_service.cc:691] RegisterDownstreamNeighborIP: downlink: , neighbor IP {fd64:ffff::3}, no corresponding uplink IP yet, postponing /128 route
2026-09-16T23:26:55.746169Z INFO patchpaneld[1919]: INFO patchpaneld: [../../../../../tmp/portage/chromeos-base/patchpanel-0.0.2-r1688/work/patchpanel-0.0.2/patchpanel/guest_ipv6_service.cc:691] RegisterDownstreamNeighborIP: downlink: , neighbor IP {fe80::d03b:11ff:fede:13ba}, no corresponding uplink IP yet, postponing /128 route
2026-09-16T23:26:55.747235Z INFO dnsproxyd[2016]: INFO dnsproxyd: [../../../../../tmp/portage/chromeos-base/dns-proxy-0.0.1-r1080/work/dns-proxy-0.0.1/dns-proxy/resolver.cc:610] {default:wlan0 sid=1} Do53 probe attempt 1 to 192.168.1.1 succeeded (0.118407 s). 1/1 validated name servers
2026-09-16T23:26:56.755308Z INFO shill[957]: INFO shill: [../../../../../../../mnt/host/source/src/platform2/shill/network/network.cc:737] wlan0 wifi_psk_2 sid=1 OnUpdateFromSLAAC(DefaultRoute): {IPv4 address: nullopt, IPv6 addresses: [], IPv6 gateway: fe80::c33:edff:fecb:1d55, DNS: []}
2026-09-16T23:26:56.756768Z INFO shill[957]: INFO shill: [../../../../../../../mnt/host/source/src/platform2/shill/network/network.cc:737] wlan0 wifi_psk_2 sid=1 OnUpdateFromSLAAC(RDNSS): {IPv4 address: nullopt, IPv6 addresses: [], IPv6 gateway: fe80::c33:edff:fecb:1d55, DNS: [2600:381:d526:9931::1]}
2026-09-16T23:26:56.760075Z INFO dnsproxyd[1849]: INFO dnsproxyd: [../../../../../tmp/portage/chromeos-base/dns-proxy-0.0.1-r1080/work/dns-proxy-0.0.1/dns-proxy/resolv_conf.cc:62] Setting resolv.conf to [127.0.0.2]
2026-09-16T23:26:56.761225Z INFO dnsproxyd[2015]: INFO dnsproxyd: [../../../../../tmp/portage/chromeos-base/dns-proxy-0.0.1-r1080/work/dns-proxy-0.0.1/dns-proxy/proxy.cc:787] {system:wlan0 sid=1} applied device DNS configuration
2026-09-16T23:26:56.761272Z INFO dnsproxyd[2016]: INFO dnsproxyd: [../../../../../tmp/portage/chromeos-base/dns-proxy-0.0.1-r1080/work/dns-proxy-0.0.1/dns-proxy/proxy.cc:787] {default:wlan0 sid=1} applied device DNS configuration
2026-09-16T23:26:56.761302Z INFO dnsproxyd[1849]: INFO dnsproxyd: [../../../../../tmp/portage/chromeos-base/dns-proxy-0.0.1-r1080/work/dns-proxy-0.0.1/dns-proxy/resolv_conf.cc:62] Setting resolv.conf to [127.0.0.2]
2026-09-16T23:26:56.761419Z INFO patchpaneld[1919]: INFO patchpaneld: [../../../../../tmp/portage/chromeos-base/patchpanel-0.0.2-r1688/work/patchpanel-0.0.2/patchpanel/manager.cc:899] OnDnsRedirectionRulesAutoclose: { type: USER, proxy_address: 127.0.0.3, nameserver(s): 192.168.1.1, }
2026-09-16T23:26:56.761689Z INFO dnsproxyd[2015]: INFO dnsproxyd: [../../../../../tmp/portage/chromeos-base/dns-proxy-0.0.1-r1080/work/dns-proxy-0.0.1/dns-proxy/proxy.cc:787] {system:wlan0 sid=1} applied device DNS configuration
2026-09-16T23:26:56.761773Z INFO dnsproxyd[1849]: INFO dnsproxyd: [../../../../../tmp/portage/chromeos-base/dns-proxy-0.0.1-r1080/work/dns-proxy-0.0.1/dns-proxy/resolv_conf.cc:62] Setting resolv.conf to [127.0.0.2]
2026-09-16T23:26:56.766903Z INFO patchpaneld[1919]: INFO patchpaneld: [../../../../../tmp/portage/chromeos-base/patchpanel-0.0.2-r1688/work/patchpanel-0.0.2/patchpanel/manager.cc:899] OnDnsRedirectionRulesAutoclose: { type: EXCLUDE_DESTINATION, proxy_address: 127.0.0.2 }
2026-09-16T23:26:56.799711Z INFO patchpaneld[1919]: INFO patchpaneld: [../../../../../tmp/portage/chromeos-base/patchpanel-0.0.2-r1688/work/patchpanel-0.0.2/patchpanel/manager.cc:899] OnDnsRedirectionRulesAutoclose: { type: USER, proxy_address: fd64:ffff::3 }
2026-09-16T23:26:56.807805Z INFO patchpaneld[1919]: INFO patchpaneld: [../../../../../tmp/portage/chromeos-base/patchpanel-0.0.2-r1688/work/patchpanel-0.0.2/patchpanel/manager.cc:899] OnDnsRedirectionRulesAutoclose: { type: EXCLUDE_DESTINATION, proxy_address: fd64:ffff::2 }
2026-09-16T23:26:57.647058Z INFO patchpaneld[1919]: INFO patchpaneld: [../../../../../tmp/portage/chromeos-base/patchpanel-0.0.2-r1688/work/patchpanel-0.0.2/patchpanel/guest_ipv6_service.cc:700] RegisterDownstreamNeighborIP: uplink: wlan0, downlink: vmtap0, neighbor IP {2600:381:d526:9931:747b:98ff:fe3b:5b07}, uplink IP {}
2026-09-16T23:26:58.019380Z INFO shill[957]: INFO shill: [../../../../../../../mnt/host/source/src/platform2/shill/network/slaac_controller.cc:168] wlan0 wifi_psk_2 sid=1 AddressMsgHandler: RTNL cache: Add address 2600:381:d526:9931:e025:ad92:6e99:8889/64
2026-09-16T23:26:58.019546Z INFO shill[957]: INFO shill: [../../../../../../../mnt/host/source/src/platform2/shill/network/network.cc:737] wlan0 wifi_psk_2 sid=1 OnUpdateFromSLAAC(Address): {IPv4 address: nullopt, IPv6 addresses: [2600:381:d526:9931:e025:ad92:6e99:8889/64], IPv6 gateway: fe80::c33:edff:fecb:1d55, DNS: [2600:381:d526:9931::1]}
2026-09-16T23:26:58.023466Z INFO dnsproxyd[2015]: INFO dnsproxyd: [../../../../../tmp/portage/chromeos-base/dns-proxy-0.0.1-r1080/work/dns-proxy-0.0.1/dns-proxy/proxy.cc:787] {system:wlan0 sid=1} applied device DNS configuration
2026-09-16T23:26:58.023586Z INFO dnsproxyd[2015]: INFO dnsproxyd: [../../../../../tmp/portage/chromeos-base/dns-proxy-0.0.1-r1080/work/dns-proxy-0.0.1/dns-proxy/proxy.cc:787] {system:wlan0 sid=1} applied device DNS configuration
2026-09-16T23:26:58.023983Z INFO dnsproxyd[1849]: INFO dnsproxyd: [../../../../../tmp/portage/chromeos-base/dns-proxy-0.0.1-r1080/work/dns-proxy-0.0.1/dns-proxy/resolv_conf.cc:62] Setting resolv.conf to [127.0.0.2]
2026-09-16T23:26:58.024423Z INFO dnsproxyd[2016]: INFO dnsproxyd: [../../../../../tmp/portage/chromeos-base/dns-proxy-0.0.1-r1080/work/dns-proxy-0.0.1/dns-proxy/proxy.cc:787] {default:wlan0 sid=1} applied device DNS configuration
2026-09-16T23:26:58.024463Z INFO dnsproxyd[1849]: INFO dnsproxyd: [../../../../../tmp/portage/chromeos-base/dns-proxy-0.0.1-r1080/work/dns-proxy-0.0.1/dns-proxy/resolv_conf.cc:62] Setting resolv.conf to [127.0.0.2]
2026-09-16T23:26:58.024957Z INFO dnsproxyd[1849]: INFO dnsproxyd: [../../../../../tmp/portage/chromeos-base/dns-proxy-0.0.1-r1080/work/dns-proxy-0.0.1/dns-proxy/resolv_conf.cc:62] Setting resolv.conf to [127.0.0.2]
2026-09-16T23:26:58.026209Z INFO patchpaneld[1919]: INFO patchpaneld: [../../../../../tmp/portage/chromeos-base/patchpanel-0.0.2-r1688/work/patchpanel-0.0.2/patchpanel/manager.cc:899] OnDnsRedirectionRulesAutoclose: { type: EXCLUDE_DESTINATION, proxy_address: 127.0.0.2 }
2026-09-16T23:26:58.037029Z INFO patchpaneld[1919]: INFO patchpaneld: [../../../../../tmp/portage/chromeos-base/patchpanel-0.0.2-r1688/work/patchpanel-0.0.2/patchpanel/manager.cc:899] OnDnsRedirectionRulesAutoclose: { type: USER, proxy_address: 127.0.0.3, nameserver(s): 192.168.1.1, }
2026-09-16T23:26:58.065834Z INFO patchpaneld[1919]: INFO patchpaneld: [../../../../../tmp/portage/chromeos-base/patchpanel-0.0.2-r1688/work/patchpanel-0.0.2/patchpanel/manager.cc:899] OnDnsRedirectionRulesAutoclose: { type: EXCLUDE_DESTINATION, proxy_address: fd64:ffff::2 }
2026-09-16T23:26:58.073592Z INFO patchpaneld[1919]: INFO patchpaneld: [../../../../../tmp/portage/chromeos-base/patchpanel-0.0.2-r1688/work/patchpanel-0.0.2/patchpanel/manager.cc:1109] ConfigureNetwork on wlan0(2, sid=1): {IPv4 address: 192.168.1.99/24, IPv4 broadcast: 192.168.1.255, IPv4 gateway: 192.168.1.1, IPv6 addresses: [2600:381:d526:9931:e025:ad92:6e99:8889/64], IPv6 gateway: fe80::c33:edff:fecb:1d55, DNS: [192.168.1.1], search domains: 1}, priority {0, primary_logical, primary_physical, primary_for_dns}, area 0x10000
2026-09-16T23:26:58.076413Z INFO patchpaneld[1919]: INFO patchpaneld: [../../../../../tmp/portage/chromeos-base/patchpanel-0.0.2-r1688/work/patchpanel-0.0.2/patchpanel/shill_client.cc:799] [/device/wlan0]: IPConfig changed: {IPv4 address: 192.168.1.99/24, IPv4 broadcast: 192.168.1.255, IPv4 gateway: 192.168.1.1, IPv6 addresses: [2600:381:d526:9931:e025:ad92:6e99:8889/64], IPv6 gateway: fe80::c33:edff:fecb:1d55, DNS: [192.168.1.1], search domains: 1}
2026-09-16T23:26:58.076507Z INFO patchpaneld[1919]: INFO patchpaneld: [../../../../../tmp/portage/chromeos-base/patchpanel-0.0.2-r1688/work/patchpanel-0.0.2/patchpanel/network_monitor_service.cc:163] ipconfigs changed on wlan0, update watching entries
2026-09-16T23:26:58.076573Z INFO patchpaneld[1919]: INFO patchpaneld: [../../../../../tmp/portage/chromeos-base/patchpanel-0.0.2-r1688/work/patchpanel-0.0.2/patchpanel/network_monitor_service.cc:127] IPv4 watching entries added on wlan0: skipped_dns_num=0 ,watching_dns_num=1
2026-09-16T23:26:58.076619Z INFO patchpaneld[1919]: INFO patchpaneld: [../../../../../tmp/portage/chromeos-base/patchpanel-0.0.2-r1688/work/patchpanel-0.0.2/patchpanel/network_monitor_service.cc:127] IPv6 watching entries added on wlan0: skipped_dns_num=0 ,watching_dns_num=0
2026-09-16T23:26:58.076833Z INFO patchpaneld[1919]: INFO patchpaneld: [../../../../../tmp/portage/chromeos-base/patchpanel-0.0.2-r1688/work/patchpanel-0.0.2/patchpanel/shill_client.cc:835] NotifyIPv6NetworkChangeHandlers: ipv6_addresses subnet changes: from {IPv4 address: 192.168.1.99/24, IPv4 broadcast: 192.168.1.255, IPv4 gateway: 192.168.1.1, IPv6 addresses: [], DNS: [192.168.1.1], search domains: 1} to {IPv4 address: 192.168.1.99/24, IPv4 broadcast: 192.168.1.255, IPv4 gateway: 192.168.1.1, IPv6 addresses: [2600:381:d526:9931:e025:ad92:6e99:8889/64], IPv6 gateway: fe80::c33:edff:fecb:1d55, DNS: [192.168.1.1], search domains: 1}
2026-09-16T23:26:58.076910Z INFO patchpaneld[1919]: INFO patchpaneld: [../../../../../tmp/portage/chromeos-base/patchpanel-0.0.2-r1688/work/patchpanel-0.0.2/patchpanel/guest_ipv6_service.cc:372] wlan0 wifi_psk_2 sid=1 OnUplinkIPv6Changed: {} to {2600:381:d526:9931:e025:ad92:6e99:8889}
2026-09-16T23:26:58.082285Z INFO shill[957]: INFO shill: [../../../../../../../mnt/host/source/src/platform2/shill/network/slaac_controller.cc:168] wlan0 wifi_psk_2 sid=1 AddressMsgHandler: RTNL cache: Add address 2600:381:d526:9931:46fa:66ff:fe1f:bbd7/64
2026-09-16T23:26:58.082359Z INFO shill[957]: INFO shill: [../../../../../../../mnt/host/source/src/platform2/shill/network/network.cc:737] wlan0 wifi_psk_2 sid=1 OnUpdateFromSLAAC(Address): {IPv4 address: nullopt, IPv6 addresses: [2600:381:d526:9931:e025:ad92:6e99:8889/64,2600:381:d526:9931:46fa:66ff:fe1f:bbd7/64], IPv6 gateway: fe80::c33:edff:fecb:1d55, DNS: [2600:381:d526:9931::1]}
2026-09-16T23:26:58.082884Z INFO patchpaneld[1919]: INFO patchpaneld: [../../../../../tmp/portage/chromeos-base/patchpanel-0.0.2-r1688/work/patchpanel-0.0.2/patchpanel/guest_ipv6_service.cc:438] wlan0 wifi_psk_2 sid=1 OnUplinkIPv6Changed: uplink: wlan0, downlink: vmtap0, update /128 downlink route for existing neighbor IP {2600:381:d526:9931:747b:98ff:fe3b:5b07} because of new uplink IP {2600:381:d526:9931:e025:ad92:6e99:8889}
2026-09-16T23:26:58.087382Z INFO dnsproxyd[1849]: INFO dnsproxyd: [../../../../../tmp/portage/chromeos-base/dns-proxy-0.0.1-r1080/work/dns-proxy-0.0.1/dns-proxy/resolv_conf.cc:62] Setting resolv.conf to [127.0.0.2]
2026-09-16T23:26:58.089265Z INFO patchpaneld[1919]: INFO patchpaneld: [../../../../../tmp/portage/chromeos-base/patchpanel-0.0.2-r1688/work/patchpanel-0.0.2/patchpanel/datapath.cc:1648] UpdateSourceEnforcementIPv6Prefix: wlan0, {2600:381:d526:9931::/64}
2026-09-16T23:26:58.109779Z INFO patchpaneld[1919]: INFO patchpaneld: [../../../../../tmp/portage/chromeos-base/patchpanel-0.0.2-r1688/work/patchpanel-0.0.2/patchpanel/manager.cc:1109] ConfigureNetwork on wlan0(2, sid=1): {IPv4 address: 192.168.1.99/24, IPv4 broadcast: 192.168.1.255, IPv4 gateway: 192.168.1.1, IPv6 addresses: [2600:381:d526:9931:e025:ad92:6e99:8889/64], IPv6 gateway: fe80::c33:edff:fecb:1d55, DNS: [192.168.1.1], search domains: 1}, priority {0, primary_logical, primary_physical, primary_for_dns}, area 0x20000
2026-09-16T23:26:58.121565Z INFO dnsproxyd[2015]: INFO dnsproxyd: [../../../../../tmp/portage/chromeos-base/dns-proxy-0.0.1-r1080/work/dns-proxy-0.0.1/dns-proxy/proxy.cc:787] {system:wlan0 sid=1} applied device DNS configuration
2026-09-16T23:26:58.121795Z INFO dnsproxyd[1849]: INFO dnsproxyd: [../../../../../tmp/portage/chromeos-base/dns-proxy-0.0.1-r1080/work/dns-proxy-0.0.1/dns-proxy/resolv_conf.cc:62] Setting resolv.conf to [127.0.0.2]
2026-09-16T23:26:58.122041Z INFO dnsproxyd[2015]: INFO dnsproxyd: [../../../../../tmp/portage/chromeos-base/dns-proxy-0.0.1-r1080/work/dns-proxy-0.0.1/dns-proxy/proxy.cc:787] {system:wlan0 sid=1} applied device DNS configuration
2026-09-16T23:26:58.122089Z INFO dnsproxyd[1849]: INFO dnsproxyd: [../../../../../tmp/portage/chromeos-base/dns-proxy-0.0.1-r1080/work/dns-proxy-0.0.1/dns-proxy/resolv_conf.cc:62] Setting resolv.conf to [127.0.0.2]
2026-09-16T23:26:58.128353Z INFO patchpaneld[1919]: INFO patchpaneld: [../../../../../tmp/portage/chromeos-base/patchpanel-0.0.2-r1688/work/patchpanel-0.0.2/patchpanel/manager.cc:899] OnDnsRedirectionRulesAutoclose: { type: USER, proxy_address: fd64:ffff::3 }
2026-09-16T23:26:58.137809Z INFO patchpaneld[1919]: INFO patchpaneld: [../../../../../tmp/portage/chromeos-base/patchpanel-0.0.2-r1688/work/patchpanel-0.0.2/patchpanel/manager.cc:1109] ConfigureNetwork on wlan0(2, sid=1): {IPv4 address: 192.168.1.99/24, IPv4 broadcast: 192.168.1.255, IPv4 gateway: 192.168.1.1, IPv6 addresses: [2600:381:d526:9931:e025:ad92:6e99:8889/64,2600:381:d526:9931:46fa:66ff:fe1f:bbd7/64], IPv6 gateway: fe80::c33:edff:fecb:1d55, DNS: [192.168.1.1], search domains: 1}, priority {0, primary_logical, primary_physical, primary_for_dns}, area 0x10000
2026-09-16T23:26:58.142613Z INFO patchpaneld[1919]: INFO patchpaneld: [../../../../../tmp/portage/chromeos-base/patchpanel-0.0.2-r1688/work/patchpanel-0.0.2/patchpanel/shill_client.cc:799] [/device/wlan0]: IPConfig changed: {IPv4 address: 192.168.1.99/24, IPv4 broadcast: 192.168.1.255, IPv4 gateway: 192.168.1.1, IPv6 addresses: [2600:381:d526:9931:e025:ad92:6e99:8889/64,2600:381:d526:9931:46fa:66ff:fe1f:bbd7/64], IPv6 gateway: fe80::c33:edff:fecb:1d55, DNS: [192.168.1.1], search domains: 1}
2026-09-16T23:26:58.142703Z INFO patchpaneld[1919]: INFO patchpaneld: [../../../../../tmp/portage/chromeos-base/patchpanel-0.0.2-r1688/work/patchpanel-0.0.2/patchpanel/network_monitor_service.cc:163] ipconfigs changed on wlan0, update watching entries
2026-09-16T23:26:58.142763Z INFO patchpaneld[1919]: INFO patchpaneld: [../../../../../tmp/portage/chromeos-base/patchpanel-0.0.2-r1688/work/patchpanel-0.0.2/patchpanel/network_monitor_service.cc:127] IPv4 watching entries added on wlan0: skipped_dns_num=0 ,watching_dns_num=1
2026-09-16T23:26:58.142804Z INFO patchpaneld[1919]: INFO patchpaneld: [../../../../../tmp/portage/chromeos-base/patchpanel-0.0.2-r1688/work/patchpanel-0.0.2/patchpanel/network_monitor_service.cc:127] IPv6 watching entries added on wlan0: skipped_dns_num=0 ,watching_dns_num=0
2026-09-16T23:26:58.152281Z INFO patchpaneld[1919]: INFO patchpaneld: [../../../../../tmp/portage/chromeos-base/patchpanel-0.0.2-r1688/work/patchpanel-0.0.2/patchpanel/manager.cc:899] OnDnsRedirectionRulesAutoclose: { type: EXCLUDE_DESTINATION, proxy_address: 127.0.0.2 }
2026-09-16T23:26:58.154513Z INFO dnsproxyd[2016]: INFO dnsproxyd: [../../../../../tmp/portage/chromeos-base/dns-proxy-0.0.1-r1080/work/dns-proxy-0.0.1/dns-proxy/proxy.cc:787] {default:wlan0 sid=1} applied device DNS configuration
2026-09-16T23:26:58.161480Z INFO patchpaneld[1919]: INFO patchpaneld: [../../../../../tmp/portage/chromeos-base/patchpanel-0.0.2-r1688/work/patchpanel-0.0.2/patchpanel/manager.cc:899] OnDnsRedirectionRulesAutoclose: { type: EXCLUDE_DESTINATION, proxy_address: fd64:ffff::2 }
2026-09-16T23:26:58.170139Z INFO patchpaneld[1919]: INFO patchpaneld: [../../../../../tmp/portage/chromeos-base/patchpanel-0.0.2-r1688/work/patchpanel-0.0.2/patchpanel/manager.cc:899] OnDnsRedirectionRulesAutoclose: { type: USER, proxy_address: 127.0.0.3, nameserver(s): 192.168.1.1, }
2026-09-16T23:26:58.196222Z INFO patchpaneld[1919]: INFO patchpaneld: [../../../../../tmp/portage/chromeos-base/patchpanel-0.0.2-r1688/work/patchpanel-0.0.2/patchpanel/manager.cc:899] OnDnsRedirectionRulesAutoclose: { type: USER, proxy_address: fd64:ffff::3 }
2026-09-16T23:26:58.209383Z INFO patchpaneld[1919]: INFO patchpaneld: [../../../../../tmp/portage/chromeos-base/patchpanel-0.0.2-r1688/work/patchpanel-0.0.2/patchpanel/network_monitor_service.cc:338] NUD state changed on wlan0 for { addr: fe80::c33:edff:fecb:1d55, role: gateway, state: NUD_STALE }, old_state=NUD_NONE
2026-09-16T23:26:58.244633Z INFO shill[957]: INFO shill: [../../../../../../../mnt/host/source/src/platform2/shill/network/connection_diagnostics.cc:162] wlan0 wifi_psk_2 sid=1 reachability Start: Starting IPv4 diagnostics, url=none
2026-09-16T23:27:00.272036Z INFO shill[957]: INFO shill: [../../../../../../../mnt/host/source/src/platform2/shill/network/connection_diagnostics.cc:219] wlan0 wifi_psk_2 sid=1 reachability PrintEvents: IPv4 Ping (gateway): Success, Pinged 192.168.1.1: 3.11ms, 6.01ms, 2.49ms
2026-09-16T23:27:00.272151Z INFO shill[957]: INFO shill: [../../../../../../../mnt/host/source/src/platform2/shill/network/connection_diagnostics.cc:219] wlan0 wifi_psk_2 sid=1 reachability PrintEvents: IPv4 Ping DNS servers: Success, Pinged 192.168.1.1: 3.18ms, 6.01ms, 5.02ms
2026-09-16T23:27:00.272226Z INFO shill[957]: INFO shill: [../../../../../../../mnt/host/source/src/platform2/shill/network/connection_diagnostics.cc:219] wlan0 wifi_psk_2 sid=1 reachability PrintEvents: IPv4 Ping Google DNS servers: Success, Pinged 8.8.8.8: 16.61ms, 23.05ms, 22.61ms
2026-09-16T23:27:00.272298Z INFO shill[957]: INFO shill: [../../../../../../../mnt/host/source/src/platform2/shill/network/connection_diagnostics.cc:219] wlan0 wifi_psk_2 sid=1 reachability PrintEvents: IPv4 Ping Google DNS servers: Success, Pinged 8.8.4.4: 16.45ms, 31.25ms, 22.05ms
2026-09-16T23:27:00.272369Z INFO shill[957]: INFO shill: [../../../../../../../mnt/host/source/src/platform2/shill/network/connection_diagnostics.cc:174] wlan0 wifi_psk_2 sid=1 reachability Stop: Stopping IPv4 diagnostics
2026-09-16T23:27:00.343353Z INFO patchpaneld[1919]: INFO patchpaneld: [../../../../../tmp/portage/chromeos-base/patchpanel-0.0.2-r1688/work/patchpanel-0.0.2/patchpanel/qos_service.cc:174] Updating iptables rules for QoS with 7 IPv4 addrs and 5 IPv6 addrs
2026-09-16T23:27:01.039660Z INFO shill[957]: INFO shill: [../../../../../../../mnt/host/source/src/platform2/shill/network/connection_diagnostics.cc:162] wlan0 wifi_psk_2 sid=1 reachability Start: Starting IPv6 diagnostics, url=none
2026-09-16T23:27:05.042929Z INFO shill[957]: INFO shill: [../../../../../../../mnt/host/source/src/platform2/shill/network/connection_diagnostics.cc:219] wlan0 wifi_psk_2 sid=1 reachability PrintEvents: IPv6 Ping (gateway): Success, Pinged fe80::c33:edff:fecb:1d55: 26.33ms, 2.70ms, 2.07ms
2026-09-16T23:27:05.042985Z WARNING shill[957]: WARNING shill: [../../../../../../../mnt/host/source/src/platform2/shill/network/connection_diagnostics.cc:222] wlan0 wifi_psk_2 sid=1 reachability PrintEvents: IPv6 Ping Google DNS servers: Failure, Pinged 2001:4860:4860::8888: NA, NA, NA
2026-09-16T23:27:05.043005Z WARNING shill[957]: WARNING shill: [../../../../../../../mnt/host/source/src/platform2/shill/network/connection_diagnostics.cc:222] wlan0 wifi_psk_2 sid=1 reachability PrintEvents: IPv6 Ping Google DNS servers: Failure, Pinged 2001:4860:4860::8844: NA, NA, NA
2026-09-16T23:27:05.043025Z INFO shill[957]: INFO shill: [../../../../../../../mnt/host/source/src/platform2/shill/network/connection_diagnostics.cc:174] wlan0 wifi_psk_2 sid=1 reachability Stop: Stopping IPv6 diagnostics
2026-09-16T23:30:10.304914Z INFO shill[957]: INFO shill: [../../../../../../../mnt/host/source/src/platform2/shill/device.cc:603] wlan0 wifi_psk_2 sid=1 SetEnabledChecked:  stopping
2026-09-16T23:30:10.305037Z INFO shill[957]: INFO shill: [../../../../../../../mnt/host/source/src/platform2/shill/manager.cc:1567] Device wlan0 updated: disabled
2026-09-16T23:30:10.316009Z INFO shill[957]: INFO shill: [../../../../../../../mnt/host/source/src/platform2/shill/device.cc:658] wlan0 wifi_psk_2 sid=1 SetEnabledUnchecked(false)
2026-09-16T23:30:10.316226Z INFO shill[957]: INFO shill: [../../../../../../../mnt/host/source/src/platform2/shill/network/network.cc:429] wlan0 wifi_psk_2 sid=1 StopInternal: is_failure: 0, network config: {IPv4 address: 192.168.1.99/24, IPv4 broadcast: 192.168.1.255, IPv4 gateway: 192.168.1.1, IPv6 addresses: [2600:381:d526:9931:e025:ad92:6e99:8889/64,2600:381:d526:9931:46fa:66ff:fe1f:bbd7/64], IPv6 gateway: fe80::c33:edff:fecb:1d55, DNS: [192.168.1.1], search domains: 1}
2026-09-16T23:30:10.316746Z INFO dhcpcd[4968]: received SIGALRM, releasing
2026-09-16T23:30:10.316798Z INFO dhcpcd[4968]: wlan0: removing interface
2026-09-16T23:30:10.317260Z INFO dhcpcd[4968]: wlan0: releasing lease of 192.168.1.99
2026-09-16T23:30:10.317324Z INFO dhcpcd[4968]: wlan0: sending RELEASE with xid 0xacc97617
2026-09-16T23:30:10.331776Z INFO dhcpcd[4968]: dhcpcd exited
2026-09-16T23:30:10.348313Z INFO shill[957]: INFO shill: [../../../../../../../mnt/host/source/src/platform2/shill/device.cc:444] wlan0 wifi_psk_2 sid=none SelectService(*reset*)
2026-09-16T23:30:10.348359Z INFO shill[957]: INFO shill: [../../../../../../../mnt/host/source/src/platform2/shill/service.cc:560] wlan0 wifi_psk_2 sid=none SetState: state Online -> Idle
2026-09-16T23:30:10.348387Z INFO shill[957]: INFO shill: [../../../../../../../mnt/host/source/src/platform2/shill/manager.cc:1497] Service wifi_psk_2 updated; state: Idle
2026-09-16T23:30:10.353225Z INFO shill[957]: INFO shill: [../../../../../../../mnt/host/source/src/platform2/shill/device.cc:444] wlan0 no_service sid=none SelectService(*reset*)
2026-09-16T23:30:10.356911Z INFO dnsproxyd[2016]: INFO dnsproxyd: [../../../../../tmp/portage/chromeos-base/dns-proxy-0.0.1-r1080/work/dns-proxy-0.0.1/dns-proxy/proxy.cc:787] {default:wlan0 sid=1} applied device DNS configuration
2026-09-16T23:30:10.357217Z INFO patchpaneld[1919]: INFO patchpaneld: [../../../../../tmp/portage/chromeos-base/patchpanel-0.0.2-r1688/work/patchpanel-0.0.2/patchpanel/manager.cc:899] OnDnsRedirectionRulesAutoclose: { type: USER, proxy_address: 127.0.0.3, nameserver(s): 192.168.1.1, }
2026-09-16T23:30:10.357475Z INFO dnsproxyd[2015]: INFO dnsproxyd: [../../../../../tmp/portage/chromeos-base/dns-proxy-0.0.1-r1080/work/dns-proxy-0.0.1/dns-proxy/proxy.cc:787] {system:wlan0 sid=1} applied device DNS configuration
2026-09-16T23:30:10.357658Z INFO dnsproxyd[1849]: INFO dnsproxyd: [../../../../../tmp/portage/chromeos-base/dns-proxy-0.0.1-r1080/work/dns-proxy-0.0.1/dns-proxy/resolv_conf.cc:62] Setting resolv.conf to [127.0.0.2]
2026-09-16T23:30:10.357807Z INFO dnsproxyd[2015]: INFO dnsproxyd: [../../../../../tmp/portage/chromeos-base/dns-proxy-0.0.1-r1080/work/dns-proxy-0.0.1/dns-proxy/proxy.cc:787] {system:wlan0 sid=1} applied device DNS configuration
2026-09-16T23:30:10.358030Z INFO dnsproxyd[1849]: INFO dnsproxyd: [../../../../../tmp/portage/chromeos-base/dns-proxy-0.0.1-r1080/work/dns-proxy-0.0.1/dns-proxy/resolv_conf.cc:62] Setting resolv.conf to [127.0.0.2]
2026-09-16T23:30:10.358556Z INFO dnsproxyd[1849]: INFO dnsproxyd: [../../../../../tmp/portage/chromeos-base/dns-proxy-0.0.1-r1080/work/dns-proxy-0.0.1/dns-proxy/resolv_conf.cc:62] Setting resolv.conf to [127.0.0.2]
2026-09-16T23:30:10.360255Z INFO dnsproxyd[1849]: INFO dnsproxyd: [../../../../../../../mnt/host/source/src/platform2/shill/dbus/client/client.cc:701] Device [/device/wlan0] connection state changed from [online] to [idle]
2026-09-16T23:30:10.360319Z INFO dnsproxyd[1849]: INFO dnsproxyd: [../../../../../tmp/portage/chromeos-base/dns-proxy-0.0.1-r1080/work/dns-proxy-0.0.1/dns-proxy/resolv_conf.cc:62] Setting resolv.conf to [127.0.0.2]
2026-09-16T23:30:10.364647Z INFO dnsproxyd[1849]: message repeated 2 times: [ INFO dnsproxyd: [../../../../../tmp/portage/chromeos-base/dns-proxy-0.0.1-r1080/work/dns-proxy-0.0.1/dns-proxy/resolv_conf.cc:62] Setting resolv.conf to [127.0.0.2]]
2026-09-16T23:30:10.368398Z INFO patchpaneld[1919]: INFO patchpaneld: [../../../../../tmp/portage/chromeos-base/patchpanel-0.0.2-r1688/work/patchpanel-0.0.2/patchpanel/manager.cc:899] OnDnsRedirectionRulesAutoclose: { type: EXCLUDE_DESTINATION, proxy_address: 127.0.0.2 }
2026-09-16T23:30:10.396553Z INFO patchpaneld[1919]: INFO patchpaneld: [../../../../../tmp/portage/chromeos-base/patchpanel-0.0.2-r1688/work/patchpanel-0.0.2/patchpanel/manager.cc:899] OnDnsRedirectionRulesAutoclose: { type: USER, proxy_address: fd64:ffff::3 }
2026-09-16T23:30:10.405002Z INFO patchpaneld[1919]: INFO patchpaneld: [../../../../../tmp/portage/chromeos-base/patchpanel-0.0.2-r1688/work/patchpanel-0.0.2/patchpanel/network_monitor_service.cc:338] NUD state changed on wlan0 for { addr: 192.168.1.1, role: gateway and dns_server, state: NUD_NONE }, old_state=NUD_REACHABLE
2026-09-16T23:30:10.405044Z INFO patchpaneld[1919]: INFO patchpaneld: [../../../../../tmp/portage/chromeos-base/patchpanel-0.0.2-r1688/work/patchpanel-0.0.2/patchpanel/manager.cc:899] OnDnsRedirectionRulesAutoclose: { type: EXCLUDE_DESTINATION, proxy_address: fd64:ffff::2 }
2026-09-16T23:30:10.432814Z INFO patchpaneld[1919]: INFO patchpaneld: [../../../../../tmp/portage/chromeos-base/patchpanel-0.0.2-r1688/work/patchpanel-0.0.2/patchpanel/network_monitor_service.cc:338] NUD state changed on wlan0 for { addr: fe80::c33:edff:fecb:1d55, role: gateway, state: NUD_NONE }, old_state=NUD_REACHABLE
2026-09-16T23:30:10.432932Z INFO dnsproxyd[2015]: INFO dnsproxyd: [../../../../../../../mnt/host/source/src/platform2/shill/dbus/client/client.cc:701] Device [/device/wlan0] connection state changed from [online] to [idle]
2026-09-16T23:30:10.432989Z WARNING dnsproxyd[2015]: WARNING dnsproxyd: [../../../../../tmp/portage/chromeos-base/dns-proxy-0.0.1-r1080/work/dns-proxy-0.0.1/dns-proxy/proxy.cc:565] {system:wlan0 sid=1} is stopping because the default device [wlan0] is offline
2026-09-16T23:30:10.433761Z INFO dnsproxyd[2016]: INFO dnsproxyd: [../../../../../../../mnt/host/source/src/platform2/shill/dbus/client/client.cc:701] Device [/device/wlan0] connection state changed from [online] to [idle]
2026-09-16T23:30:10.433836Z WARNING dnsproxyd[2016]: WARNING dnsproxyd: [../../../../../tmp/portage/chromeos-base/dns-proxy-0.0.1-r1080/work/dns-proxy-0.0.1/dns-proxy/proxy.cc:565] {default:wlan0 sid=1} is stopping because the default device [wlan0] is offline
2026-09-16T23:30:10.433841Z INFO patchpaneld[1919]: INFO patchpaneld: [../../../../../tmp/portage/chromeos-base/patchpanel-0.0.2-r1688/work/patchpanel-0.0.2/patchpanel/manager.cc:899] OnDnsRedirectionRulesAutoclose: { type: EXCLUDE_DESTINATION, proxy_address: fd64:ffff::2 }
2026-09-16T23:30:10.433888Z WARNING dnsproxyd[1849]: WARNING dnsproxyd: [../../../../../tmp/portage/chromeos-base/dns-proxy-0.0.1-r1080/work/dns-proxy-0.0.1/dns-proxy/resolv_conf.cc:58] Setting resolv.conf to []
2026-09-16T23:30:10.445405Z INFO patchpaneld[1919]: INFO patchpaneld: [../../../../../tmp/portage/chromeos-base/patchpanel-0.0.2-r1688/work/patchpanel-0.0.2/patchpanel/manager.cc:899] OnDnsRedirectionRulesAutoclose: { type: EXCLUDE_DESTINATION, proxy_address: 127.0.0.2 }
2026-09-16T23:30:10.455413Z INFO patchpaneld[1919]: INFO patchpaneld: [../../../../../tmp/portage/chromeos-base/patchpanel-0.0.2-r1688/work/patchpanel-0.0.2/patchpanel/manager.cc:899] OnDnsRedirectionRulesAutoclose: { type: USER, proxy_address: fd64:ffff::3 }
2026-09-16T23:30:10.465272Z INFO patchpaneld[1919]: INFO patchpaneld: [../../../../../tmp/portage/chromeos-base/patchpanel-0.0.2-r1688/work/patchpanel-0.0.2/patchpanel/manager.cc:899] OnDnsRedirectionRulesAutoclose: { type: USER, proxy_address: 127.0.0.3, nameserver(s): 192.168.1.1, }
2026-09-16T23:30:10.470642Z NOTICE wpa_supplicant[770]: nl80211: send_event_marker failed: Source based routing not supported
2026-09-16T23:30:10.470721Z NOTICE wpa_supplicant[770]: wlan0: CTRL-EVENT-DISCONNECTED bssid=0a:33:ed:eb:1d:55 reason=3 locally_generated=1
2026-09-16T23:30:10.472174Z NOTICE wpa_supplicant[770]: wlan0: CTRL-EVENT-DSCP-POLICY clear_all
2026-09-16T23:30:10.473438Z NOTICE wpa_supplicant[770]: wlan0: PMKSA-CACHE-REMOVED 0a:33:ed:eb:1d:55 0
2026-09-16T23:30:10.474504Z INFO shill[957]: INFO shill: [../../../../../../../mnt/host/source/src/platform2/shill/wifi/wifi_provider.cc:543] Removed endpoint 0a:33:ed:eb:1d:55 from service wifi_psk_2
2026-09-16T23:30:10.475189Z INFO patchpaneld[1919]: INFO patchpaneld: [../../../../../tmp/portage/chromeos-base/patchpanel-0.0.2-r1688/work/patchpanel-0.0.2/patchpanel/manager.cc:899] OnDnsRedirectionRulesAutoclose: { type: DEFAULT, input_ifname: vmtap0, proxy_address: fe80::d03b:11ff:fede:13ba }
2026-09-16T23:30:10.484183Z INFO shill[957]: INFO shill: [../../../../../../../mnt/host/source/src/platform2/shill/wifi/wifi_service.cc:1497] unselected wifi_psk_13 sid=none UpdateFromEndpoints: sig: -95, sec: wpa+wpa2, freq: 5785
2026-09-16T23:30:10.488517Z INFO patchpaneld[1919]: INFO patchpaneld: [../../../../../tmp/portage/chromeos-base/patchpanel-0.0.2-r1688/work/patchpanel-0.0.2/patchpanel/manager.cc:899] OnDnsRedirectionRulesAutoclose: { type: DEFAULT, input_ifname: vmtap0, proxy_address: 100.115.92.25 }
2026-09-16T23:30:10.489221Z INFO shill[957]: INFO shill: [../../../../../../../mnt/host/source/src/platform2/shill/wifi/wifi_service.cc:1497] unselected wifi_psk_19 sid=none UpdateFromEndpoints: sig: -95, sec: wpa2, freq: 5240
2026-09-16T23:30:10.490019Z INFO shill[957]: INFO shill: [../../../../../../../mnt/host/source/src/platform2/shill/wifi/wifi_service.cc:1497] unselected wifi_psk_21 sid=none UpdateFromEndpoints: sig: -94, sec: wpa2, freq: 5660
2026-09-16T23:30:10.493822Z INFO shill[957]: INFO shill: [../../../../../../../mnt/host/source/src/platform2/shill/wifi/wifi_service.cc:1497] unselected wifi_none_27 sid=none UpdateFromEndpoints: sig: -75, sec: none, freq: 5765
2026-09-16T23:30:10.494745Z INFO shill[957]: INFO shill: [../../../../../../../mnt/host/source/src/platform2/shill/wifi/wifi_service.cc:1497] unselected wifi_psk_9 sid=none UpdateFromEndpoints: sig: -84, sec: wpa2, freq: 5680
2026-09-16T23:30:10.508848Z INFO shill[957]: INFO shill: [../../../../../../../mnt/host/source/src/platform2/shill/device.cc:556] wlan0 no_service sid=none OnEnabledStateChanged: (target: 0, success: 1)
2026-09-16T23:30:10.521677Z INFO shill[957]: INFO shill: [../../../../../../../mnt/host/source/src/platform2/shill/manager.cc:1658] UpdateDefaultPhysicalService: unselected wifi_psk_2 sid=none -> None
2026-09-16T23:30:10.526813Z INFO patchpaneld[1919]: INFO patchpaneld: [../../../../../tmp/portage/chromeos-base/patchpanel-0.0.2-r1688/work/patchpanel-0.0.2/patchpanel/manager.cc:1109] ConfigureNetwork on wlan0(2, sid=1): {IPv4 address: nullopt, IPv6 addresses: [], DNS: []}, priority {31}, area 0x80000000
2026-09-16T23:30:10.527537Z WARNING patchpaneld[1919]: WARNING patchpaneld: [../../../../../tmp/portage/chromeos-base/patchpanel-0.0.2-r1688/work/patchpanel-0.0.2/patchpanel/network/routing_table.cc:111] Successfully removed routing entry but could not find the corresponding entry in patchpanel's representation of the routing table.
2026-09-16T23:30:10.539526Z INFO dnsproxyd[2016]: INFO dnsproxyd: [../../../../../../../mnt/host/source/src/platform2/shill/dbus/client/client.cc:403] Default service changed from [/service/2] to [/]
2026-09-16T23:30:10.539529Z INFO dnsproxyd[2015]: INFO dnsproxyd: [../../../../../../../mnt/host/source/src/platform2/shill/dbus/client/client.cc:403] Default service changed from [/service/2] to [/]
2026-09-16T23:30:10.539559Z INFO dnsproxyd[1849]: INFO dnsproxyd: [../../../../../../../mnt/host/source/src/platform2/shill/dbus/client/client.cc:403] Default service changed from [/service/2] to [/]
2026-09-16T23:30:10.556834Z INFO shill[957]: INFO shill: [../../../../../../../mnt/host/source/src/platform2/shill/wifi/wifi.cc:1341] WiFi wlan0 supplicant updated DisconnectReason to 3 (Deauthenticated because sending STA is leaving (or has left) IBSS or ESS)
2026-09-16T23:30:10.557265Z INFO shill[957]: INFO shill: [../../../../../../../mnt/host/source/src/platform2/shill/wifi/wifi.cc:2707] WiFi wlan0 StateChanged completed -> disconnected
2026-09-16T23:30:10.558593Z INFO shill[957]: INFO shill: [../../../../../../../mnt/host/source/src/platform2/shill/wifi/wifi.cc:535] ScanDone
2026-09-16T23:30:10.560030Z WARNING shill[957]: WARNING shill: [../../../../../../../mnt/host/source/src/platform2/shill/network/dhcpcd_proxy.cc:475] GetAliveProxy: Received signal from the untracked dhcpcd with pid: 4968
2026-09-16T23:30:10.560064Z WARNING shill[957]: WARNING shill: [../../../../../../../mnt/host/source/src/platform2/shill/network/dhcpcd_proxy.cc:514] OnDHCPEvent: Proxy with pid 4968 is not found
2026-09-16T23:30:10.560235Z WARNING shill[957]: WARNING shill: [../../../../../../../mnt/host/source/src/platform2/shill/network/dhcpcd_proxy.cc:475] GetAliveProxy: Received signal from the untracked dhcpcd with pid: 4968
2026-09-16T23:30:10.560268Z WARNING shill[957]: WARNING shill: [../../../../../../../mnt/host/source/src/platform2/shill/network/dhcpcd_proxy.cc:514] OnDHCPEvent: Proxy with pid 4968 is not found
2026-09-16T23:30:10.561662Z INFO shill[957]: INFO shill: [../../../../../../../mnt/host/source/src/platform2/shill/wifi/wifi.cc:2707] WiFi wlan0 StateChanged disconnected -> interface_disabled
2026-09-16T23:30:10.561957Z INFO patchpaneld[1919]: INFO patchpaneld: [../../../../../tmp/portage/chromeos-base/patchpanel-0.0.2-r1688/work/patchpanel-0.0.2/patchpanel/shill_client.cc:799] [/device/wlan0]: IPConfig changed: {IPv4 address: nullopt, IPv6 addresses: [], DNS: []}
2026-09-16T23:30:10.562025Z INFO patchpaneld[1919]: INFO patchpaneld: [../../../../../tmp/portage/chromeos-base/patchpanel-0.0.2-r1688/work/patchpanel-0.0.2/patchpanel/conntrack_monitor.cc:195] ConntrackMonitor added listener
2026-09-16T23:30:10.562047Z INFO patchpaneld[1919]: INFO patchpaneld: [../../../../../tmp/portage/chromeos-base/patchpanel-0.0.2-r1688/work/patchpanel-0.0.2/patchpanel/conntrack_monitor.cc:215] ConntrackMonitor removed listener
2026-09-16T23:30:10.562070Z INFO patchpaneld[1919]: INFO patchpaneld: [../../../../../tmp/portage/chromeos-base/patchpanel-0.0.2-r1688/work/patchpanel-0.0.2/patchpanel/network_monitor_service.cc:163] ipconfigs changed on wlan0, update watching entries
2026-09-16T23:30:10.562103Z INFO patchpaneld[1919]: INFO patchpaneld: [../../../../../tmp/portage/chromeos-base/patchpanel-0.0.2-r1688/work/patchpanel-0.0.2/patchpanel/network_monitor_service.cc:194] Stop due to empty watching list on wlan0
2026-09-16T23:30:10.562171Z INFO patchpaneld[1919]: INFO patchpaneld: [../../../../../tmp/portage/chromeos-base/patchpanel-0.0.2-r1688/work/patchpanel-0.0.2/patchpanel/shill_client.cc:835] NotifyIPv6NetworkChangeHandlers: ipv6_addresses subnet changes: from {IPv4 address: 192.168.1.99/24, IPv4 broadcast: 192.168.1.255, IPv4 gateway: 192.168.1.1, IPv6 addresses: [2600:381:d526:9931:e025:ad92:6e99:8889/64,2600:381:d526:9931:46fa:66ff:fe1f:bbd7/64], IPv6 gateway: fe80::c33:edff:fecb:1d55, DNS: [192.168.1.1], search domains: 1} to {IPv4 address: nullopt, IPv6 addresses: [], DNS: []}
2026-09-16T23:30:10.562205Z INFO patchpaneld[1919]: INFO patchpaneld: [../../../../../tmp/portage/chromeos-base/patchpanel-0.0.2-r1688/work/patchpanel-0.0.2/patchpanel/guest_ipv6_service.cc:341] wlan0 / sid=none OnUplinkIPv6Changed: {2600:381:d526:9931:e025:ad92:6e99:8889} to {}
2026-09-16T23:30:10.571856Z INFO patchpaneld[1919]: INFO patchpaneld: [../../../../../tmp/portage/chromeos-base/patchpanel-0.0.2-r1688/work/patchpanel-0.0.2/patchpanel/datapath.cc:1648] UpdateSourceEnforcementIPv6Prefix: wlan0, {}
2026-09-16T23:30:10.617327Z INFO shill[957]: INFO shill: [../../../../../../../mnt/host/source/src/platform2/shill/network/network.cc:1405] wlan0 wifi_psk_2 sid=1 LogTrafficCounter Unknown: rx=371.76KiB, tx=480B
2026-09-16T23:30:10.617362Z INFO shill[957]: INFO shill: [../../../../../../../mnt/host/source/src/platform2/shill/network/network.cc:1405] wlan0 wifi_psk_2 sid=1 LogTrafficCounter Chrome: rx=13.20MiB, tx=449.55KiB
2026-09-16T23:30:10.617383Z INFO shill[957]: INFO shill: [../../../../../../../mnt/host/source/src/platform2/shill/network/network.cc:1405] wlan0 wifi_psk_2 sid=1 LogTrafficCounter User: rx=11.92KiB, tx=5.17KiB
2026-09-16T23:30:10.617422Z INFO shill[957]: INFO shill: [../../../../../../../mnt/host/source/src/platform2/shill/network/network.cc:1405] wlan0 wifi_psk_2 sid=1 LogTrafficCounter System: rx=44.47KiB, tx=20.92KiB
2026-09-16T23:30:10.617443Z INFO shill[957]: INFO shill: [../../../../../../../mnt/host/source/src/platform2/shill/network/network.cc:1405] wlan0 wifi_psk_2 sid=1 LogTrafficCounter Crostini: rx=1.51MiB, tx=34.30KiB
2026-09-16T23:30:10.623462Z INFO patchpaneld[1919]: INFO patchpaneld: [../../../../../tmp/portage/chromeos-base/patchpanel-0.0.2-r1688/work/patchpanel-0.0.2/patchpanel/shill_client.cc:378] Default logical device changed from {shill_device: wlan0, type: wifi, ifname: wlan0, ifindex: 2, service: /, sid: none} to none
2026-09-16T23:30:10.623531Z INFO patchpaneld[1919]: INFO patchpaneld: [../../../../../tmp/portage/chromeos-base/patchpanel-0.0.2-r1688/work/patchpanel-0.0.2/patchpanel/guest_ipv6_service.cc:216] wlan0 / sid=none StopForwarding: uplink: wlan0, downlink: vmtap0
2026-09-16T23:30:10.629961Z WARNING patchpaneld[1919]: WARNING patchpaneld: [../../../../../tmp/portage/chromeos-base/patchpanel-0.0.2-r1688/work/patchpanel-0.0.2/patchpanel/minijailed_process_runner.cc:235] '/bin/ip -6 route del 2600:381:d526:9931:747b:98ff:fe3b:5b07/128' exited with code 2
2026-09-16T23:30:10.630162Z WARNING patchpaneld[1919]: WARNING patchpaneld: [../../../../../tmp/portage/chromeos-base/patchpanel-0.0.2-r1688/work/patchpanel-0.0.2/patchpanel/minijailed_process_runner.cc:246] stderr: RTNETLINK answers: No such process
2026-09-16T23:30:10.630264Z INFO patchpaneld[1919]: INFO patchpaneld: [../../../../../tmp/portage/chromeos-base/patchpanel-0.0.2-r1688/work/patchpanel-0.0.2/patchpanel/manager.cc:1087] Stopping multicast forwarding from {shill_device: wlan0, type: wifi, ifname: wlan0, ifindex: 2, service: /, sid: none} to vmtap0
2026-09-16T23:30:10.630341Z INFO patchpaneld[1919]: INFO patchpaneld: [../../../../../tmp/portage/chromeos-base/patchpanel-0.0.2-r1688/work/patchpanel-0.0.2/patchpanel/manager.cc:1042] Stopping broadcast forwarding from {shill_device: wlan0, type: wifi, ifname: wlan0, ifindex: 2, service: /, sid: none} to vmtap0
2026-09-16T23:30:10.630412Z INFO patchpaneld[1981]: INFO patchpaneld: [../../../../../tmp/portage/chromeos-base/patchpanel-0.0.2-r1688/work/patchpanel-0.0.2/patchpanel/multicast_proxy.cc:146] Disabling forwarding outbound mDNS traffic between wlan0 and vmtap0
2026-09-16T23:30:10.630415Z INFO patchpaneld[1919]: INFO patchpaneld: [../../../../../tmp/portage/chromeos-base/patchpanel-0.0.2-r1688/work/patchpanel-0.0.2/patchpanel/shill_client.cc:394] Default physical device changed from {shill_device: wlan0, type: wifi, ifname: wlan0, ifindex: 2, service: /, sid: none} to none
2026-09-16T23:30:10.630424Z INFO patchpaneld[1981]: INFO patchpaneld: [../../../../../tmp/portage/chromeos-base/patchpanel-0.0.2-r1688/work/patchpanel-0.0.2/patchpanel/multicast_proxy.cc:150] Disabling forwarding inbound mDNS traffic between wlan0 and vmtap0
2026-09-16T23:30:10.630495Z INFO patchpaneld[1981]: INFO patchpaneld: [../../../../../tmp/portage/chromeos-base/patchpanel-0.0.2-r1688/work/patchpanel-0.0.2/patchpanel/multicast_proxy.cc:157] Disabling forwarding outbound SSDP traffic between wlan0 and vmtap0
2026-09-16T23:30:10.630503Z INFO patchpaneld[1981]: INFO patchpaneld: [../../../../../tmp/portage/chromeos-base/patchpanel-0.0.2-r1688/work/patchpanel-0.0.2/patchpanel/multicast_proxy.cc:161] Disabling forwarding inbound SSDP traffic between wlan0 and vmtap0
2026-09-16T23:30:10.630569Z INFO patchpaneld[1981]: INFO patchpaneld: [../../../../../tmp/portage/chromeos-base/patchpanel-0.0.2-r1688/work/patchpanel-0.0.2/patchpanel/multicast_proxy.cc:210] Disabling broadcast forwarding between wlan0 and vmtap0
                                                                                                                                                                                                                                                                                                                                                                                                                                                                                                                                                                                                                                                                                                                                                                                                                                                                                                                                                                                                                                                                                                                                                                                                                                                                                                                                                                                                                                                                                                                                                                                                                                                                                                                                                                                                                                                                                                                                                                                                                                                                                                                                                                                                                                                                                                                                                                                                                                                                                                                                                                                                                                                                                                                                                                                                                                                                                                                                                                                                                                                                                                                                                                                                                                                  2026-09-17T00:07:17.971581Z NOTICE wpa_supplicant[775]: Successfully initialized wpa_supplicant
2026-09-17T00:07:18.546764Z NOTICE hermes[1325]: Starting post-start script.
2026-09-17T00:07:18.557800Z NOTICE hermes[1336]: Variant: 
2026-09-17T00:07:18.559182Z NOTICE hermes[1337]: Skip non cellular SKU.
2026-09-17T00:07:18.576306Z INFO hermes[1318]: Initialize
2026-09-17T00:07:18.576346Z INFO hermes[1318]: Transitioning from state Uninitialized to state Uninitialized
2026-09-17T00:07:18.642478Z INFO shill[1370]: INFO shill: [../../../../../../../mnt/host/source/src/platform2/shill/manager.cc:348] Start
2026-09-17T00:07:18.644988Z INFO shill[1370]: INFO shill: [../../../../../../../mnt/host/source/src/platform2/shill/dbus/power_manager_proxy.cc:421] OnSignalConnected interface: org.chromium.PowerManager signal: SuspendImminentsuccess: 1
2026-09-17T00:07:18.645237Z INFO shill[1370]: INFO shill: [../../../../../../../mnt/host/source/src/platform2/shill/dbus/power_manager_proxy.cc:421] OnSignalConnected interface: org.chromium.PowerManager signal: SuspendDonesuccess: 1
2026-09-17T00:07:18.645465Z INFO shill[1370]: INFO shill: [../../../../../../../mnt/host/source/src/platform2/shill/dbus/power_manager_proxy.cc:421] OnSignalConnected interface: org.chromium.PowerManager signal: DarkSuspendImminentsuccess: 1
2026-09-17T00:07:18.871319Z INFO shill[1370]: INFO shill: [../../../../../../../mnt/host/source/src/platform2/shill/manager.cc:552] PushProfileInternal: default profile.
2026-09-17T00:07:18.873380Z INFO shill[1370]: INFO shill: [../../../../../../../mnt/host/source/src/platform2/shill/manager.cc:599] PushProfileInternal: finished; 1 profile(s) now present.
2026-09-17T00:07:18.873524Z INFO shill[1370]: INFO shill: [../../../../../../../mnt/host/source/src/platform2/shill/cellular/modem_info.cc:40] Start
2026-09-17T00:07:18.877217Z INFO shill[1370]: INFO shill: [../../../../../../../mnt/host/source/src/platform2/shill/service.cc:1389] unselected ethernet_4 sid=none SetAutoConnect: 1
2026-09-17T00:07:18.877594Z INFO shill[1370]: INFO shill: [../../../../../../../mnt/host/source/src/platform2/shill/wifi/p2p_manager.cc:150] Start
2026-09-17T00:07:18.880314Z INFO shill[1370]: INFO shill: [../../../../../../../mnt/host/source/src/platform2/shill/cellular/modem.cc:128] ShouldCreateCellularDeviceNot creating cellular device for non-cellular variant.
2026-09-17T00:07:18.910596Z INFO shill[1370]: INFO shill: [../../../../../../../mnt/host/source/src/platform2/shill/power_manager.cc:230] OnPowerManagerAppeared
2026-09-17T00:07:19.080610Z INFO shill[1370]: INFO shill: [../../../../../../../mnt/host/source/src/platform2/shill/wifi/p2p_manager.cc:491] SetAllowed Allowed set to true
2026-09-17T00:07:19.080643Z INFO shill[1370]: INFO shill: [../../../../../../../mnt/host/source/src/platform2/shill/wifi/p2p_manager.cc:154] Stop
2026-09-17T00:07:20.477598Z NOTICE ModemManager[1835]: <msg> ModemManager (version 1.24.0) starting in system bus...
2026-09-17T00:07:20.479467Z INFO patchpanel_bpf_loader[1830]: Pinned bpf program match_dtls_srtp at /sys/fs/bpf/patchpanel/match_dtls_srtp
2026-09-17T00:07:20.497233Z INFO shill[1370]: INFO shill: [../../../../../../../mnt/host/source/src/platform2/shill/dbus/dbus_objectmanager_proxy.cc:100] OnServiceOwnerChanged old:  new: :1.71
2026-09-17T00:07:20.497287Z INFO shill[1370]: INFO shill: [../../../../../../../mnt/host/source/src/platform2/shill/dbus/dbus_objectmanager_proxy.cc:86] OnServiceAvailable: 1
2026-09-17T00:07:20.497341Z INFO shill[1370]: INFO shill: [../../../../../../../mnt/host/source/src/platform2/shill/dbus/dbus_objectmanager_proxy.cc:86] OnServiceAvailable: 1
2026-09-17T00:07:20.497389Z INFO shill[1370]: INFO shill: [../../../../../../../mnt/host/source/src/platform2/shill/cellular/modem_info.cc:125] OnAppeared
2026-09-17T00:07:20.497409Z INFO shill[1370]: INFO shill: [../../../../../../../mnt/host/source/src/platform2/shill/cellular/modem_info.cc:92] Connect
2026-09-17T00:07:20.497482Z INFO shill[1370]: INFO shill: [../../../../../../../mnt/host/source/src/platform2/shill/cellular/modem_info.cc:125] OnAppeared
2026-09-17T00:07:20.497499Z INFO shill[1370]: INFO shill: [../../../../../../../mnt/host/source/src/platform2/shill/cellular/modem_info.cc:92] Connect
2026-09-17T00:07:20.503259Z INFO dnsproxyd[1837]: INFO dnsproxyd: [../../../../../tmp/portage/chromeos-base/dns-proxy-0.0.1-r1080/work/dns-proxy-0.0.1/dns-proxy/controller.cc:95] Starting DNS Proxy service
2026-09-17T00:07:20.511393Z INFO hermes[1318]: WaitForModemStepLast: Waiting for modem...
2026-09-17T00:07:20.512223Z INFO shill[1370]: INFO shill: [../../../../../../../mnt/host/source/src/platform2/shill/cellular/modem_info.cc:168] OnGetManagedObjectsReply: 1
2026-09-17T00:07:20.512284Z INFO shill[1370]: INFO shill: [../../../../../../../mnt/host/source/src/platform2/shill/cellular/modem_info.cc:168] OnGetManagedObjectsReply: 1
2026-09-17T00:07:20.512373Z INFO dnsproxyd[1837]: INFO dnsproxyd: [../../../../../../../mnt/host/source/src/platform2/shill/dbus/client/client.cc:403] Default service changed from [] to [/]
2026-09-17T00:07:20.520440Z INFO dnsproxyd[1837]: INFO dnsproxyd: [../../../../../tmp/portage/chromeos-base/dns-proxy-0.0.1-r1080/work/dns-proxy-0.0.1/dns-proxy/controller.cc:191] Service enabled by feature flag
2026-09-17T00:07:20.520735Z INFO dnsproxyd[1837]: INFO dnsproxyd: [../../../../../tmp/portage/chromeos-base/dns-proxy-0.0.1-r1080/work/dns-proxy-0.0.1/dns-proxy/controller.cc:208] Service is running on root namespace
2026-09-17T00:07:20.522191Z INFO dnsproxyd[1837]: INFO dnsproxyd: [../../../../../tmp/portage/chromeos-base/dns-proxy-0.0.1-r1080/work/dns-proxy-0.0.1/dns-proxy/controller.cc:360] Launched process for proxy {default:}(pid: 1928)
2026-09-17T00:07:20.523921Z INFO dnsproxyd[1837]: INFO dnsproxyd: [../../../../../tmp/portage/chromeos-base/dns-proxy-0.0.1-r1080/work/dns-proxy-0.0.1/dns-proxy/controller.cc:360] Launched process for proxy {system:}(pid: 1929)
2026-09-17T00:07:20.557019Z WARNING dnsproxyd[1929]: WARNING dnsproxyd: [../../../../../tmp/portage/chromeos-base/net-base-0.0.1-r305/work/net-base-0.0.1/net-base/socket.cc:257] Failed to increase receive buffer size to 3145728b: Operation not permitted (1)
2026-09-17T00:07:20.558129Z WARNING dnsproxyd[1928]: WARNING dnsproxyd: [../../../../../tmp/portage/chromeos-base/net-base-0.0.1-r305/work/net-base-0.0.1/net-base/socket.cc:257] Failed to increase receive buffer size to 3145728b: Operation not permitted (1)
2026-09-17T00:07:20.558675Z INFO dnsproxyd[1929]: INFO dnsproxyd: [../../../../../tmp/portage/chromeos-base/dns-proxy-0.0.1-r1080/work/dns-proxy-0.0.1/dns-proxy/proxy.cc:195] {system:_} Starting DNS proxy
2026-09-17T00:07:20.559241Z INFO dnsproxyd[1928]: INFO dnsproxyd: [../../../../../tmp/portage/chromeos-base/dns-proxy-0.0.1-r1080/work/dns-proxy-0.0.1/dns-proxy/proxy.cc:195] {default:_} Starting DNS proxy
2026-09-17T00:07:20.632603Z INFO patchpaneld[1967]: INFO patchpaneld: [../../../../../tmp/portage/chromeos-base/patchpanel-0.0.2-r1688/work/patchpanel-0.0.2/patchpanel/main.cc:75] Starting patchpanel D-Bus daemon
2026-09-17T00:07:20.677344Z INFO patchpaneld[2007]: INFO patchpaneld: [../../../../../tmp/portage/chromeos-base/patchpanel-0.0.2-r1688/work/patchpanel-0.0.2/patchpanel/main.cc:48] Spawning adb proxy
2026-09-17T00:07:20.677577Z INFO patchpaneld[2010]: INFO patchpaneld: [../../../../../tmp/portage/chromeos-base/patchpanel-0.0.2-r1688/work/patchpanel-0.0.2/patchpanel/main.cc:69] Spawning socket D-Bus daemon
2026-09-17T00:07:20.691896Z INFO patchpaneld[2009]: INFO patchpaneld: [../../../../../tmp/portage/chromeos-base/patchpanel-0.0.2-r1688/work/patchpanel-0.0.2/patchpanel/main.cc:55] Spawning nd proxy
2026-09-17T00:07:20.693239Z INFO patchpaneld[2008]: INFO patchpaneld: [../../../../../tmp/portage/chromeos-base/patchpanel-0.0.2-r1688/work/patchpanel-0.0.2/patchpanel/main.cc:62] Spawning multicast proxy
2026-09-17T00:07:20.693628Z INFO patchpaneld[2009]: INFO patchpaneld: [../../../../../tmp/portage/chromeos-base/patchpanel-0.0.2-r1688/work/patchpanel-0.0.2/patchpanel/ndproxy.cc:860] Started watching on packet fd...
2026-09-17T00:07:20.873865Z INFO patchpaneld[1967]: INFO patchpaneld: [../../../../../tmp/portage/chromeos-base/patchpanel-0.0.2-r1688/work/patchpanel-0.0.2/patchpanel/conntrack_monitor.cc:71] ConntrackMonitor started
2026-09-17T00:07:20.873921Z INFO patchpaneld[1967]: INFO patchpaneld: [../../../../../tmp/portage/chromeos-base/patchpanel-0.0.2-r1688/work/patchpanel-0.0.2/patchpanel/conntrack_monitor.cc:195] ConntrackMonitor added listener
2026-09-17T00:07:20.942257Z INFO shill[1370]: INFO shill: [../../../../../../../mnt/host/source/src/platform2/shill/manager.cc:2979] OnPatchpanelClientReady
2026-09-17T00:07:20.951096Z INFO dnsproxyd[1928]: INFO dnsproxyd: [../../../../../../../mnt/host/source/src/platform2/shill/dbus/client/client.cc:403] Default service changed from [] to [/]
2026-09-17T00:07:20.952490Z INFO dnsproxyd[1929]: INFO dnsproxyd: [../../../../../../../mnt/host/source/src/platform2/shill/dbus/client/client.cc:403] Default service changed from [] to [/]
2026-09-17T00:07:20.952692Z INFO dnsproxyd[1929]: INFO dnsproxyd: [../../../../../tmp/portage/chromeos-base/patchpanel-client-0.0.1-r1219/work/patchpanel-client-0.0.1/patchpanel/dbus/client.cc:1030] Patchpanel reset
2026-09-17T00:07:20.952973Z WARNING dnsproxyd[1929]: WARNING dnsproxyd: [../../../../../tmp/portage/chromeos-base/dns-proxy-0.0.1-r1080/work/dns-proxy-0.0.1/dns-proxy/proxy.cc:368] {system:_} Patchpanel has been reset
2026-09-17T00:07:20.955221Z INFO dnsproxyd[1928]: INFO dnsproxyd: [../../../../../tmp/portage/chromeos-base/patchpanel-client-0.0.1-r1219/work/patchpanel-client-0.0.1/patchpanel/dbus/client.cc:1030] Patchpanel reset
2026-09-17T00:07:20.955410Z WARNING dnsproxyd[1928]: WARNING dnsproxyd: [../../../../../tmp/portage/chromeos-base/dns-proxy-0.0.1-r1080/work/dns-proxy-0.0.1/dns-proxy/proxy.cc:368] {default:_} Patchpanel has been reset
2026-09-17T00:07:20.961537Z INFO patchpaneld[1967]: INFO patchpaneld: [../../../../../tmp/portage/chromeos-base/patchpanel-0.0.2-r1688/work/patchpanel-0.0.2/patchpanel/conntrack_monitor.cc:195] ConntrackMonitor added listener
2026-09-17T00:07:20.961595Z INFO patchpaneld[1967]: INFO patchpaneld: [../../../../../tmp/portage/chromeos-base/patchpanel-0.0.2-r1688/work/patchpanel-0.0.2/patchpanel/manager.cc:1192] SetFeatureFlag: set WiFi QoS to 1 from 0
2026-09-17T00:07:20.964675Z INFO dnsproxyd[1837]: INFO dnsproxyd: [../../../../../tmp/portage/chromeos-base/patchpanel-client-0.0.1-r1219/work/patchpanel-client-0.0.1/patchpanel/dbus/client.cc:1030] Patchpanel reset
2026-09-17T00:07:20.964715Z WARNING dnsproxyd[1837]: WARNING dnsproxyd: [../../../../../tmp/portage/chromeos-base/dns-proxy-0.0.1-r1080/work/dns-proxy-0.0.1/dns-proxy/controller.cc:234] Patchpanel has been reset
2026-09-17T00:07:21.939291Z INFO patchpaneld[1967]: INFO patchpaneld: [../../../../../tmp/portage/chromeos-base/patchpanel-0.0.2-r1688/work/patchpanel-0.0.2/patchpanel/manager.cc:175] RunDelayedInitialization: start
2026-09-17T00:07:21.941479Z INFO patchpaneld[1967]: INFO patchpaneld: [../../../../../tmp/portage/chromeos-base/patchpanel-0.0.2-r1688/work/patchpanel-0.0.2/patchpanel/manager.cc:198] RunDelayedInitialization: finished
2026-09-17T00:07:27.281783Z INFO shill[1370]: INFO shill: [../../../../../../../mnt/host/source/src/platform2/shill/manager.cc:559] PushProfileInternal: user profile: chronos
2026-09-17T00:07:27.282107Z INFO shill[1370]: INFO shill: [../../../../../../../mnt/host/source/src/platform2/shill/tethering_manager.cc:1364] Tethering config is not available in the persistent store, use default config
2026-09-17T00:07:27.282928Z INFO shill[1370]: INFO shill: [../../../../../../../mnt/host/source/src/platform2/shill/manager.cc:599] PushProfileInternal: finished; 2 profile(s) now present.
2026-09-17T00:07:27.299169Z INFO shill[1370]: INFO shill: [../../../../../../../mnt/host/source/src/platform2/shill/manager.cc:3007] Setting ARC always-on VPN package: ""
2026-09-17T00:07:27.690989Z INFO shill[1370]: INFO shill: [../../../../../../../mnt/host/source/src/platform2/shill/manager.cc:2185] ScanAndConnectToBestServices: no WiFi device available
2026-09-17T00:07:35.278839Z INFO patchpaneld[1967]: INFO patchpaneld: [../../../../../tmp/portage/chromeos-base/patchpanel-0.0.2-r1688/work/patchpanel-0.0.2/patchpanel/patchpanel_adaptor.cc:407] TerminaVmStartup(cid: 32)
2026-09-17T00:07:35.317332Z INFO patchpaneld[1967]: INFO patchpaneld: [../../../../../tmp/portage/chromeos-base/patchpanel-0.0.2-r1688/work/patchpanel-0.0.2/patchpanel/crostini_service.cc:177] Start {id: 32, vm_type: Termina}: VM network service started on vmtap0 with VM subnet: 100.115.92.24/30, LXD subnet: 100.115.92.192/28
2026-09-17T00:50:42.685608Z INFO hermes[1318]: Shutdown
2026-09-17T00:50:42.685696Z INFO hermes[1318]: Transitioning from state Uninitialized to state Uninitialized
2026-09-17T00:50:42.685721Z INFO hermes[1318]: Uninhibiting in 0 seconds.
2026-09-17T00:50:42.730565Z INFO shill[1370]: INFO shill: [../../../../../../../mnt/host/source/src/platform2/shill/shill_daemon.cc:32] ShillDaemon received shutdown.
2026-09-17T00:50:42.805292Z INFO shill[1370]: INFO shill: [../../../../../../../mnt/host/source/src/platform2/shill/wifi/p2p_manager.cc:154] Stop
2026-09-17T00:50:42.805390Z INFO shill[1370]: INFO shill: [../../../../../../../mnt/host/source/src/platform2/shill/cellular/modem_info.cc:50] Stop
2026-09-17T00:50:42.817810Z INFO shill[1370]: INFO shill: [../../../../../../../mnt/host/source/src/platform2/shill/cellular/modem_info.cc:100] Disconnect
2026-09-17T00:50:42.832557Z INFO shill[1370]: INFO shill: [../../../../../../../mnt/host/source/src/platform2/shill/power_manager.cc:60] Stop
2026-09-17T00:50:42.833151Z INFO shill[1370]: INFO shill: [../../../../../../../mnt/host/source/src/platform2/shill/dbus/power_manager_proxy.cc:262] UnregisterSuspendDelayInternal(57606146, dark=false)
2026-09-17T00:50:42.837243Z INFO shill[1370]: INFO shill: [../../../../../../../mnt/host/source/src/platform2/shill/dbus/power_manager_proxy.cc:262] UnregisterSuspendDelayInternal(57638913, dark=true)
2026-09-17T00:50:42.850007Z INFO shill[1370]: INFO shill: [../../../../../../../mnt/host/source/src/platform2/shill/shill_main.cc:120] Process exiting.
2026-09-17T00:50:42.860809Z WARNING dnsproxyd[1837]: WARNING dnsproxyd: [../../../../../tmp/portage/chromeos-base/dns-proxy-0.0.1-r1080/work/dns-proxy-0.0.1/dns-proxy/controller.cc:264] Shill has been shutdown
2026-09-17T00:50:42.861899Z WARNING dnsproxyd[1928]: WARNING dnsproxyd: [../../../../../tmp/portage/chromeos-base/dns-proxy-0.0.1-r1080/work/dns-proxy-0.0.1/dns-proxy/proxy.cc:437] {default:_} Shill has been shutdown
2026-09-17T00:50:42.862275Z WARNING dnsproxyd[1929]: WARNING dnsproxyd: [../../../../../tmp/portage/chromeos-base/dns-proxy-0.0.1-r1080/work/dns-proxy-0.0.1/dns-proxy/proxy.cc:437] {system:_} Shill has been shutdown
2026-09-17T00:50:42.864795Z ERR dnsproxyd[1928]: ERROR dnsproxyd: [../libchrome-0.0.1/platform2/libchrome/dbus/object_proxy.cc:572] Failed to call method: org.chromium.flimflam.Manager.GetProperties: object_path= /: org.freedesktop.DBus.Error.ServiceUnknown: The name org.chromium.flimflam was not provided by any .service files
2026-09-17T00:50:42.864856Z ERR dnsproxyd[1928]: ERROR dnsproxyd: [/build/corsola/usr/include/brillo/dbus/dbus_method_invoker.h:114] CallMethodAndBlockWithTimeout(...): Domain=dbus, Code=org.freedesktop.DBus.Error.ServiceUnknown, Message=Error calling D-Bus method: org.chromium.flimflam.Manager.GetProperties: The name org.chromium.flimflam was not provided by any .service files
2026-09-17T00:50:42.864884Z WARNING dnsproxyd[1928]: WARNING dnsproxyd: [../../../../../../../mnt/host/source/src/platform2/shill/dbus/client/client.cc:369] Unable to get shill Manager properties, likely because shill is unavailable
2026-09-17T00:50:42.867746Z ERR dnsproxyd[1929]: ERROR dnsproxyd: [../libchrome-0.0.1/platform2/libchrome/dbus/object_proxy.cc:572] Failed to call method: org.chromium.flimflam.Manager.GetProperties: object_path= /: org.freedesktop.DBus.Error.ServiceUnknown: The name org.chromium.flimflam was not provided by any .service files
2026-09-17T00:50:42.867823Z ERR dnsproxyd[1929]: ERROR dnsproxyd: [/build/corsola/usr/include/brillo/dbus/dbus_method_invoker.h:114] CallMethodAndBlockWithTimeout(...): Domain=dbus, Code=org.freedesktop.DBus.Error.ServiceUnknown, Message=Error calling D-Bus method: org.chromium.flimflam.Manager.GetProperties: The name org.chromium.flimflam was not provided by any .service files
2026-09-17T00:50:42.867854Z WARNING dnsproxyd[1929]: WARNING dnsproxyd: [../../../../../../../mnt/host/source/src/platform2/shill/dbus/client/client.cc:369] Unable to get shill Manager properties, likely because shill is unavailable
2026-09-18T01:38:39.335765Z NOTICE wpa_supplicant[779]: Successfully initialized wpa_supplicant
2026-09-18T01:38:39.506028Z NOTICE hermes[1035]: Starting post-start script.
2026-09-18T01:38:39.518906Z NOTICE hermes[1057]: Variant: 
2026-09-18T01:38:39.520589Z NOTICE hermes[1062]: Skip non cellular SKU.
2026-09-18T01:38:39.546391Z INFO hermes[1020]: Initialize
2026-09-18T01:38:39.546448Z INFO hermes[1020]: Transitioning from state Uninitialized to state Uninitialized
2026-09-18T01:38:39.582298Z INFO shill[1083]: INFO shill: [../../../../../../../mnt/host/source/src/platform2/shill/manager.cc:348] Start
2026-09-18T01:38:39.584585Z INFO shill[1083]: INFO shill: [../../../../../../../mnt/host/source/src/platform2/shill/dbus/power_manager_proxy.cc:421] OnSignalConnected interface: org.chromium.PowerManager signal: SuspendImminentsuccess: 1
2026-09-18T01:38:39.584777Z INFO shill[1083]: INFO shill: [../../../../../../../mnt/host/source/src/platform2/shill/dbus/power_manager_proxy.cc:421] OnSignalConnected interface: org.chromium.PowerManager signal: SuspendDonesuccess: 1
2026-09-18T01:38:39.584986Z INFO shill[1083]: INFO shill: [../../../../../../../mnt/host/source/src/platform2/shill/dbus/power_manager_proxy.cc:421] OnSignalConnected interface: org.chromium.PowerManager signal: DarkSuspendImminentsuccess: 1
2026-09-18T01:38:40.268694Z INFO shill[1083]: INFO shill: [../../../../../../../mnt/host/source/src/platform2/shill/manager.cc:552] PushProfileInternal: default profile.
2026-09-18T01:38:40.270830Z INFO shill[1083]: INFO shill: [../../../../../../../mnt/host/source/src/platform2/shill/manager.cc:599] PushProfileInternal: finished; 1 profile(s) now present.
2026-09-18T01:38:40.270942Z INFO shill[1083]: INFO shill: [../../../../../../../mnt/host/source/src/platform2/shill/cellular/modem_info.cc:40] Start
2026-09-18T01:38:40.275254Z INFO shill[1083]: INFO shill: [../../../../../../../mnt/host/source/src/platform2/shill/service.cc:1389] unselected ethernet_4 sid=none SetAutoConnect: 1
2026-09-18T01:38:40.276038Z INFO shill[1083]: INFO shill: [../../../../../../../mnt/host/source/src/platform2/shill/wifi/p2p_manager.cc:150] Start
2026-09-18T01:38:40.278696Z INFO shill[1083]: INFO shill: [../../../../../../../mnt/host/source/src/platform2/shill/cellular/modem.cc:128] ShouldCreateCellularDeviceNot creating cellular device for non-cellular variant.
2026-09-18T01:38:40.448676Z INFO shill[1083]: INFO shill: [../../../../../../../mnt/host/source/src/platform2/shill/wifi/p2p_manager.cc:491] SetAllowed Allowed set to true
2026-09-18T01:38:40.448713Z INFO shill[1083]: INFO shill: [../../../../../../../mnt/host/source/src/platform2/shill/wifi/p2p_manager.cc:154] Stop
2026-09-18T01:38:41.830432Z INFO patchpanel_bpf_loader[1851]: Pinned bpf program match_dtls_srtp at /sys/fs/bpf/patchpanel/match_dtls_srtp
2026-09-18T01:38:41.896376Z INFO dnsproxyd[1860]: INFO dnsproxyd: [../../../../../tmp/portage/chromeos-base/dns-proxy-0.0.1-r1080/work/dns-proxy-0.0.1/dns-proxy/controller.cc:95] Starting DNS Proxy service
2026-09-18T01:38:41.902231Z INFO dnsproxyd[1860]: INFO dnsproxyd: [../../../../../../../mnt/host/source/src/platform2/shill/dbus/client/client.cc:403] Default service changed from [] to [/]
2026-09-18T01:38:41.943910Z NOTICE ModemManager[1908]: <msg> ModemManager (version 1.24.0) starting in system bus...
2026-09-18T01:38:41.972541Z INFO shill[1083]: INFO shill: [../../../../../../../mnt/host/source/src/platform2/shill/dbus/dbus_objectmanager_proxy.cc:100] OnServiceOwnerChanged old:  new: :1.80
2026-09-18T01:38:41.972622Z INFO shill[1083]: INFO shill: [../../../../../../../mnt/host/source/src/platform2/shill/dbus/dbus_objectmanager_proxy.cc:86] OnServiceAvailable: 1
2026-09-18T01:38:41.972679Z INFO shill[1083]: INFO shill: [../../../../../../../mnt/host/source/src/platform2/shill/dbus/dbus_objectmanager_proxy.cc:86] OnServiceAvailable: 1
2026-09-18T01:38:41.972736Z INFO shill[1083]: INFO shill: [../../../../../../../mnt/host/source/src/platform2/shill/cellular/modem_info.cc:125] OnAppeared
2026-09-18T01:38:41.972770Z INFO shill[1083]: INFO shill: [../../../../../../../mnt/host/source/src/platform2/shill/cellular/modem_info.cc:92] Connect
2026-09-18T01:38:41.972903Z INFO shill[1083]: INFO shill: [../../../../../../../mnt/host/source/src/platform2/shill/cellular/modem_info.cc:125] OnAppeared
2026-09-18T01:38:41.972923Z INFO shill[1083]: INFO shill: [../../../../../../../mnt/host/source/src/platform2/shill/cellular/modem_info.cc:92] Connect
2026-09-18T01:38:41.978415Z INFO hermes[1020]: WaitForModemStepLast: Waiting for modem...
2026-09-18T01:38:41.978527Z INFO shill[1083]: INFO shill: [../../../../../../../mnt/host/source/src/platform2/shill/cellular/modem_info.cc:168] OnGetManagedObjectsReply: 1
2026-09-18T01:38:41.979688Z INFO shill[1083]: INFO shill: [../../../../../../../mnt/host/source/src/platform2/shill/cellular/modem_info.cc:168] OnGetManagedObjectsReply: 1
2026-09-18T01:38:41.988769Z INFO patchpaneld[1969]: INFO patchpaneld: [../../../../../tmp/portage/chromeos-base/patchpanel-0.0.2-r1688/work/patchpanel-0.0.2/patchpanel/main.cc:75] Starting patchpanel D-Bus daemon
2026-09-18T01:38:42.036291Z INFO patchpaneld[2012]: INFO patchpaneld: [../../../../../tmp/portage/chromeos-base/patchpanel-0.0.2-r1688/work/patchpanel-0.0.2/patchpanel/main.cc:48] Spawning adb proxy
2026-09-18T01:38:42.041259Z INFO patchpaneld[2015]: INFO patchpaneld: [../../../../../tmp/portage/chromeos-base/patchpanel-0.0.2-r1688/work/patchpanel-0.0.2/patchpanel/main.cc:69] Spawning socket D-Bus daemon
2026-09-18T01:38:42.046268Z INFO patchpaneld[2013]: INFO patchpaneld: [../../../../../tmp/portage/chromeos-base/patchpanel-0.0.2-r1688/work/patchpanel-0.0.2/patchpanel/main.cc:62] Spawning multicast proxy
2026-09-18T01:38:42.058118Z INFO patchpaneld[2014]: INFO patchpaneld: [../../../../../tmp/portage/chromeos-base/patchpanel-0.0.2-r1688/work/patchpanel-0.0.2/patchpanel/main.cc:55] Spawning nd proxy
2026-09-18T01:38:42.060010Z INFO patchpaneld[2014]: INFO patchpaneld: [../../../../../tmp/portage/chromeos-base/patchpanel-0.0.2-r1688/work/patchpanel-0.0.2/patchpanel/ndproxy.cc:860] Started watching on packet fd...
2026-09-18T01:38:42.151506Z INFO dnsproxyd[1860]: INFO dnsproxyd: [../../../../../tmp/portage/chromeos-base/dns-proxy-0.0.1-r1080/work/dns-proxy-0.0.1/dns-proxy/controller.cc:191] Service enabled by feature flag
2026-09-18T01:38:42.151579Z INFO dnsproxyd[1860]: INFO dnsproxyd: [../../../../../tmp/portage/chromeos-base/dns-proxy-0.0.1-r1080/work/dns-proxy-0.0.1/dns-proxy/controller.cc:208] Service is running on root namespace
2026-09-18T01:38:42.153477Z INFO dnsproxyd[1860]: INFO dnsproxyd: [../../../../../tmp/portage/chromeos-base/dns-proxy-0.0.1-r1080/work/dns-proxy-0.0.1/dns-proxy/controller.cc:360] Launched process for proxy {system:}(pid: 2041)
2026-09-18T01:38:42.154999Z INFO dnsproxyd[1860]: INFO dnsproxyd: [../../../../../tmp/portage/chromeos-base/dns-proxy-0.0.1-r1080/work/dns-proxy-0.0.1/dns-proxy/controller.cc:360] Launched process for proxy {default:}(pid: 2043)
2026-09-18T01:38:42.184485Z WARNING dnsproxyd[2041]: WARNING dnsproxyd: [../../../../../tmp/portage/chromeos-base/net-base-0.0.1-r305/work/net-base-0.0.1/net-base/socket.cc:257] Failed to increase receive buffer size to 3145728b: Operation not permitted (1)
2026-09-18T01:38:42.184641Z INFO dnsproxyd[2041]: INFO dnsproxyd: [../../../../../tmp/portage/chromeos-base/dns-proxy-0.0.1-r1080/work/dns-proxy-0.0.1/dns-proxy/proxy.cc:195] {system:_} Starting DNS proxy
2026-09-18T01:38:42.193619Z WARNING dnsproxyd[2043]: WARNING dnsproxyd: [../../../../../tmp/portage/chromeos-base/net-base-0.0.1-r305/work/net-base-0.0.1/net-base/socket.cc:257] Failed to increase receive buffer size to 3145728b: Operation not permitted (1)
2026-09-18T01:38:42.193830Z INFO dnsproxyd[2043]: INFO dnsproxyd: [../../../../../tmp/portage/chromeos-base/dns-proxy-0.0.1-r1080/work/dns-proxy-0.0.1/dns-proxy/proxy.cc:195] {default:_} Starting DNS proxy
2026-09-18T01:38:42.220782Z INFO patchpaneld[1969]: INFO patchpaneld: [../../../../../tmp/portage/chromeos-base/patchpanel-0.0.2-r1688/work/patchpanel-0.0.2/patchpanel/conntrack_monitor.cc:71] ConntrackMonitor started
2026-09-18T01:38:42.220800Z INFO patchpaneld[1969]: INFO patchpaneld: [../../../../../tmp/portage/chromeos-base/patchpanel-0.0.2-r1688/work/patchpanel-0.0.2/patchpanel/conntrack_monitor.cc:195] ConntrackMonitor added listener
2026-09-18T01:38:42.254389Z INFO shill[1083]: INFO shill: [../../../../../../../mnt/host/source/src/platform2/shill/manager.cc:2979] OnPatchpanelClientReady
2026-09-18T01:38:42.257427Z INFO dnsproxyd[2043]: INFO dnsproxyd: [../../../../../../../mnt/host/source/src/platform2/shill/dbus/client/client.cc:403] Default service changed from [] to [/]
2026-09-18T01:38:42.257989Z INFO dnsproxyd[2043]: INFO dnsproxyd: [../../../../../tmp/portage/chromeos-base/patchpanel-client-0.0.1-r1219/work/patchpanel-client-0.0.1/patchpanel/dbus/client.cc:1030] Patchpanel reset
2026-09-18T01:38:42.258136Z WARNING dnsproxyd[2043]: WARNING dnsproxyd: [../../../../../tmp/portage/chromeos-base/dns-proxy-0.0.1-r1080/work/dns-proxy-0.0.1/dns-proxy/proxy.cc:368] {default:_} Patchpanel has been reset
2026-09-18T01:38:42.258262Z INFO dnsproxyd[2041]: INFO dnsproxyd: [../../../../../../../mnt/host/source/src/platform2/shill/dbus/client/client.cc:403] Default service changed from [] to [/]
2026-09-18T01:38:42.258377Z INFO dnsproxyd[2041]: INFO dnsproxyd: [../../../../../tmp/portage/chromeos-base/patchpanel-client-0.0.1-r1219/work/patchpanel-client-0.0.1/patchpanel/dbus/client.cc:1030] Patchpanel reset
2026-09-18T01:38:42.258510Z WARNING dnsproxyd[2041]: WARNING dnsproxyd: [../../../../../tmp/portage/chromeos-base/dns-proxy-0.0.1-r1080/work/dns-proxy-0.0.1/dns-proxy/proxy.cc:368] {system:_} Patchpanel has been reset
2026-09-18T01:38:42.265199Z INFO patchpaneld[1969]: INFO patchpaneld: [../../../../../tmp/portage/chromeos-base/patchpanel-0.0.2-r1688/work/patchpanel-0.0.2/patchpanel/conntrack_monitor.cc:195] ConntrackMonitor added listener
2026-09-18T01:38:42.265245Z INFO patchpaneld[1969]: INFO patchpaneld: [../../../../../tmp/portage/chromeos-base/patchpanel-0.0.2-r1688/work/patchpanel-0.0.2/patchpanel/manager.cc:1192] SetFeatureFlag: set WiFi QoS to 1 from 0
2026-09-18T01:38:42.265959Z INFO dnsproxyd[1860]: INFO dnsproxyd: [../../../../../tmp/portage/chromeos-base/patchpanel-client-0.0.1-r1219/work/patchpanel-client-0.0.1/patchpanel/dbus/client.cc:1030] Patchpanel reset
2026-09-18T01:38:42.265977Z WARNING dnsproxyd[1860]: WARNING dnsproxyd: [../../../../../tmp/portage/chromeos-base/dns-proxy-0.0.1-r1080/work/dns-proxy-0.0.1/dns-proxy/controller.cc:234] Patchpanel has been reset
2026-09-18T01:38:43.254032Z INFO patchpaneld[1969]: INFO patchpaneld: [../../../../../tmp/portage/chromeos-base/patchpanel-0.0.2-r1688/work/patchpanel-0.0.2/patchpanel/manager.cc:175] RunDelayedInitialization: start
2026-09-18T01:38:43.255819Z INFO patchpaneld[1969]: INFO patchpaneld: [../../../../../tmp/portage/chromeos-base/patchpanel-0.0.2-r1688/work/patchpanel-0.0.2/patchpanel/manager.cc:198] RunDelayedInitialization: finished
2026-09-18T01:38:49.050534Z INFO shill[1083]: INFO shill: [../../../../../../../mnt/host/source/src/platform2/shill/manager.cc:3007] Setting ARC always-on VPN package: ""
2026-09-18T01:38:49.131481Z INFO shill[1083]: INFO shill: [../../../../../../../mnt/host/source/src/platform2/shill/manager.cc:559] PushProfileInternal: user profile: chronos
2026-09-18T01:38:49.131884Z INFO shill[1083]: INFO shill: [../../../../../../../mnt/host/source/src/platform2/shill/tethering_manager.cc:1364] Tethering config is not available in the persistent store, use default config
2026-09-18T01:38:49.132897Z INFO shill[1083]: INFO shill: [../../../../../../../mnt/host/source/src/platform2/shill/manager.cc:599] PushProfileInternal: finished; 2 profile(s) now present.
2026-09-18T01:38:49.236060Z INFO shill[1083]: INFO shill: [../../../../../../../mnt/host/source/src/platform2/shill/power_manager.cc:230] OnPowerManagerAppeared
2026-09-18T01:38:49.411307Z INFO shill[1083]: INFO shill: [../../../../../../../mnt/host/source/src/platform2/shill/manager.cc:2185] ScanAndConnectToBestServices: no WiFi device available
2026-09-18T01:39:01.787671Z INFO patchpaneld[1969]: INFO patchpaneld: [../../../../../tmp/portage/chromeos-base/patchpanel-0.0.2-r1688/work/patchpanel-0.0.2/patchpanel/patchpanel_adaptor.cc:407] TerminaVmStartup(cid: 32)
2026-09-18T01:39:01.827967Z INFO patchpaneld[1969]: INFO patchpaneld: [../../../../../tmp/portage/chromeos-base/patchpanel-0.0.2-r1688/work/patchpanel-0.0.2/patchpanel/crostini_service.cc:177] Start {id: 32, vm_type: Termina}: VM network service started on vmtap0 with VM subnet: 100.115.92.24/30, LXD subnet: 100.115.92.192/28
