./emsec/ChameleonMini/Firmware/Chameleon-Mini/.gitignore
./emsec/ChameleonMini/Firmware/Chameleon-Mini/BuildScripts/.gitignore
./emsec/ChameleonMini/Firmware/LUFA/.gitignore
./emsec/ChameleonMini/Firmware/LUFA/Bootloaders/HID/HostLoaderApp/.gitignore
./emsec/ChameleonMini/RevE-light/Firmware/.gitignore
./emsec/ChameleonMini/RevE-light/Firmware/Chameleon-Mini/.gitignore
./emsec/ChameleonMini/RevE/Firmware/.gitignore
./emsec/ChameleonMini/RevE/Firmware/Chameleon-Mini/.gitignore
./RFIDResearchGroup/ChameleonMini/.gitignore
./RFIDResearchGroup/ChameleonMini/Firmware/Chameleon-Mini/.gitignore
./RFIDResearchGroup/ChameleonMini/Firmware/LUFA/.gitignore
./RFIDResearchGroup/ChameleonMini/Firmware/LUFA/Bootloaders/HID/HostLoaderApp/.gitignore
./RFIDResearchGroup/ChameleonMini/RevE-light/Firmware/.gitignore
./RFIDResearchGroup/ChameleonMini/RevE-light/Firmware/Chameleon-Mini/.gitignore
./RFIDResearchGroup/ChameleonMini/RevE/Firmware/.gitignore
./RFIDResearchGroup/ChameleonMini/RevE/Firmware/Chameleon-Mini/.gitignore
./ChameleonBLEAPI/packets/.gitignore
./XBoxDev/cromwell/.gitignore
./XBoxDev/xbox-linux/.gitattributes
./XBoxDev/xbox-linux/.gitignore
./XBoxDev/xbox-linux/Documentation/.gitignore
./XBoxDev/xbox-linux/Documentation/devicetree/bindings/.gitignore
./XBoxDev/xbox-linux/Documentation/vm/.gitignore
./XBoxDev/xbox-linux/arch/.gitignore
./XBoxDev/xbox-linux/arch/alpha/kernel/.gitignore
./XBoxDev/xbox-linux/arch/arc/boot/.gitignore
./XBoxDev/xbox-linux/arch/arc/kernel/.gitignore
./XBoxDev/xbox-linux/arch/arm/boot/.gitignore
./XBoxDev/xbox-linux/arch/arm/boot/compressed/.gitignore
./XBoxDev/xbox-linux/arch/arm/crypto/.gitignore
./XBoxDev/xbox-linux/arch/arm/kernel/.gitignore
./XBoxDev/xbox-linux/arch/arm/mach-at91/.gitignore
./XBoxDev/xbox-linux/arch/arm/mach-omap2/.gitignore
./XBoxDev/xbox-linux/arch/arm/vdso/.gitignore
./XBoxDev/xbox-linux/arch/arm64/boot/.gitignore
./XBoxDev/xbox-linux/arch/arm64/crypto/.gitignore
./XBoxDev/xbox-linux/arch/arm64/kernel/.gitignore
./XBoxDev/xbox-linux/arch/arm64/kernel/vdso/.gitignore
./XBoxDev/xbox-linux/arch/arm64/kernel/vdso32/.gitignore
./XBoxDev/xbox-linux/arch/h8300/kernel/.gitignore
./XBoxDev/xbox-linux/arch/ia64/kernel/.gitignore
./XBoxDev/xbox-linux/arch/m68k/kernel/.gitignore
./XBoxDev/xbox-linux/arch/microblaze/boot/.gitignore
./XBoxDev/xbox-linux/arch/microblaze/kernel/.gitignore
./XBoxDev/xbox-linux/arch/mips/boot/.gitignore
./XBoxDev/xbox-linux/arch/mips/boot/compressed/.gitignore
./XBoxDev/xbox-linux/arch/mips/boot/tools/.gitignore
./XBoxDev/xbox-linux/arch/mips/kernel/.gitignore
./XBoxDev/xbox-linux/arch/mips/tools/.gitignore
./XBoxDev/xbox-linux/arch/mips/vdso/.gitignore
./XBoxDev/xbox-linux/arch/nds32/kernel/.gitignore
./XBoxDev/xbox-linux/arch/nds32/kernel/vdso/.gitignore
./XBoxDev/xbox-linux/arch/nios2/boot/.gitignore
./XBoxDev/xbox-linux/arch/nios2/kernel/.gitignore
./XBoxDev/xbox-linux/arch/openrisc/kernel/.gitignore
./XBoxDev/xbox-linux/arch/parisc/boot/.gitignore
./XBoxDev/xbox-linux/arch/parisc/boot/compressed/.gitignore
./XBoxDev/xbox-linux/arch/parisc/kernel/.gitignore
./XBoxDev/xbox-linux/arch/powerpc/boot/.gitignore
./XBoxDev/xbox-linux/arch/powerpc/kernel/.gitignore
./XBoxDev/xbox-linux/arch/powerpc/kernel/vdso32/.gitignore
./XBoxDev/xbox-linux/arch/powerpc/kernel/vdso64/.gitignore
./XBoxDev/xbox-linux/arch/powerpc/platforms/cell/spufs/.gitignore
./XBoxDev/xbox-linux/arch/powerpc/purgatory/.gitignore
./XBoxDev/xbox-linux/arch/riscv/boot/.gitignore
./XBoxDev/xbox-linux/arch/riscv/kernel/.gitignore
./XBoxDev/xbox-linux/arch/riscv/kernel/vdso/.gitignore
./XBoxDev/xbox-linux/arch/s390/boot/.gitignore
./XBoxDev/xbox-linux/arch/s390/boot/compressed/.gitignore
./XBoxDev/xbox-linux/arch/s390/kernel/.gitignore
./XBoxDev/xbox-linux/arch/s390/kernel/vdso64/.gitignore
./XBoxDev/xbox-linux/arch/s390/purgatory/.gitignore
./XBoxDev/xbox-linux/arch/s390/tools/.gitignore
./XBoxDev/xbox-linux/arch/sh/boot/.gitignore
./XBoxDev/xbox-linux/arch/sh/boot/compressed/.gitignore
./XBoxDev/xbox-linux/arch/sh/kernel/.gitignore
./XBoxDev/xbox-linux/arch/sh/kernel/vsyscall/.gitignore
./XBoxDev/xbox-linux/arch/sparc/boot/.gitignore
./XBoxDev/xbox-linux/arch/sparc/kernel/.gitignore
./XBoxDev/xbox-linux/arch/sparc/vdso/.gitignore
./XBoxDev/xbox-linux/arch/sparc/vdso/vdso32/.gitignore
./XBoxDev/xbox-linux/arch/um/.gitignore
./XBoxDev/xbox-linux/arch/unicore32/.gitignore
./XBoxDev/xbox-linux/arch/x86/.gitignore
./XBoxDev/xbox-linux/arch/x86/boot/.gitignore
./XBoxDev/xbox-linux/arch/x86/boot/compressed/.gitignore
./XBoxDev/xbox-linux/arch/x86/boot/tools/.gitignore
./XBoxDev/xbox-linux/arch/x86/crypto/.gitignore
./XBoxDev/xbox-linux/arch/x86/entry/vdso/.gitignore
./XBoxDev/xbox-linux/arch/x86/entry/vdso/vdso32/.gitignore
./XBoxDev/xbox-linux/arch/x86/kernel/.gitignore
./XBoxDev/xbox-linux/arch/x86/kernel/cpu/.gitignore
./XBoxDev/xbox-linux/arch/x86/lib/.gitignore
./XBoxDev/xbox-linux/arch/x86/purgatory/.gitignore
./XBoxDev/xbox-linux/arch/x86/realmode/rm/.gitignore
./XBoxDev/xbox-linux/arch/x86/tools/.gitignore
./XBoxDev/xbox-linux/arch/x86/um/vdso/.gitignore
./XBoxDev/xbox-linux/arch/xtensa/boot/.gitignore
./XBoxDev/xbox-linux/arch/xtensa/boot/boot-elf/.gitignore
./XBoxDev/xbox-linux/arch/xtensa/boot/lib/.gitignore
./XBoxDev/xbox-linux/arch/xtensa/kernel/.gitignore
./XBoxDev/xbox-linux/certs/.gitignore
./XBoxDev/xbox-linux/drivers/atm/.gitignore
./XBoxDev/xbox-linux/drivers/base/firmware_loader/builtin/.gitignore
./XBoxDev/xbox-linux/drivers/crypto/vmx/.gitignore
./XBoxDev/xbox-linux/drivers/eisa/.gitignore
./XBoxDev/xbox-linux/drivers/gpu/drm/i915/.gitignore
./XBoxDev/xbox-linux/drivers/gpu/drm/radeon/.gitignore
./XBoxDev/xbox-linux/drivers/memory/.gitignore
./XBoxDev/xbox-linux/drivers/net/wan/.gitignore
./XBoxDev/xbox-linux/drivers/scsi/.gitignore
./XBoxDev/xbox-linux/drivers/scsi/aic7xxx/.gitignore
./XBoxDev/xbox-linux/drivers/staging/comedi/drivers/ni_routing/tools/.gitignore
./XBoxDev/xbox-linux/drivers/staging/greybus/tools/.gitignore
./XBoxDev/xbox-linux/drivers/tty/vt/.gitignore
./XBoxDev/xbox-linux/drivers/video/logo/.gitignore
./XBoxDev/xbox-linux/drivers/zorro/.gitignore
./XBoxDev/xbox-linux/fs/unicode/.gitignore
./XBoxDev/xbox-linux/kernel/.gitignore
./XBoxDev/xbox-linux/kernel/debug/kdb/.gitignore
./XBoxDev/xbox-linux/lib/.gitignore
./XBoxDev/xbox-linux/lib/raid6/.gitignore
./XBoxDev/xbox-linux/net/bpfilter/.gitignore
./XBoxDev/xbox-linux/net/wireless/.gitignore
./XBoxDev/xbox-linux/samples/auxdisplay/.gitignore
./XBoxDev/xbox-linux/samples/binderfs/.gitignore
./XBoxDev/xbox-linux/samples/bpf/.gitignore
./XBoxDev/xbox-linux/samples/connector/.gitignore
./XBoxDev/xbox-linux/samples/hidraw/.gitignore
./XBoxDev/xbox-linux/samples/mei/.gitignore
./XBoxDev/xbox-linux/samples/mic/mpssd/.gitignore
./XBoxDev/xbox-linux/samples/pidfd/.gitignore
./XBoxDev/xbox-linux/samples/seccomp/.gitignore
./XBoxDev/xbox-linux/samples/timers/.gitignore
./XBoxDev/xbox-linux/samples/uhid/.gitignore
./XBoxDev/xbox-linux/samples/vfs/.gitignore
./XBoxDev/xbox-linux/samples/watch_queue/.gitignore
./XBoxDev/xbox-linux/samples/watchdog/.gitignore
./XBoxDev/xbox-linux/scripts/.gitignore
./XBoxDev/xbox-linux/scripts/basic/.gitignore
./XBoxDev/xbox-linux/scripts/dtc/.gitignore
./XBoxDev/xbox-linux/scripts/gcc-plugins/.gitignore
./XBoxDev/xbox-linux/scripts/gdb/linux/.gitignore
./XBoxDev/xbox-linux/scripts/genksyms/.gitignore
./XBoxDev/xbox-linux/scripts/kconfig/.gitignore
./XBoxDev/xbox-linux/scripts/mod/.gitignore
./XBoxDev/xbox-linux/scripts/selinux/genheaders/.gitignore
./XBoxDev/xbox-linux/scripts/selinux/mdp/.gitignore
./XBoxDev/xbox-linux/security/apparmor/.gitignore
./XBoxDev/xbox-linux/security/selinux/.gitignore
./XBoxDev/xbox-linux/security/tomoyo/.gitignore
./XBoxDev/xbox-linux/sound/oss/.gitignore
./XBoxDev/xbox-linux/tools/accounting/.gitignore
./XBoxDev/xbox-linux/tools/bootconfig/.gitignore
./XBoxDev/xbox-linux/tools/bpf/.gitignore
./XBoxDev/xbox-linux/tools/bpf/bpftool/.gitignore
./XBoxDev/xbox-linux/tools/bpf/runqslower/.gitignore
./XBoxDev/xbox-linux/tools/build/.gitignore
./XBoxDev/xbox-linux/tools/build/feature/.gitignore
./XBoxDev/xbox-linux/tools/cgroup/.gitignore
./XBoxDev/xbox-linux/tools/gpio/.gitignore
./XBoxDev/xbox-linux/tools/iio/.gitignore
./XBoxDev/xbox-linux/tools/laptop/dslm/.gitignore
./XBoxDev/xbox-linux/tools/leds/.gitignore
./XBoxDev/xbox-linux/tools/lib/bpf/.gitignore
./XBoxDev/xbox-linux/tools/lib/lockdep/.gitignore
./XBoxDev/xbox-linux/tools/lib/traceevent/.gitignore
./XBoxDev/xbox-linux/tools/memory-model/.gitignore
./XBoxDev/xbox-linux/tools/memory-model/litmus-tests/.gitignore
./XBoxDev/xbox-linux/tools/objtool/.gitignore
./XBoxDev/xbox-linux/tools/pcmcia/.gitignore
./XBoxDev/xbox-linux/tools/perf/.gitignore
./XBoxDev/xbox-linux/tools/perf/tests/.gitignore
./XBoxDev/xbox-linux/tools/power/acpi/.gitignore
./XBoxDev/xbox-linux/tools/power/cpupower/.gitignore
./XBoxDev/xbox-linux/tools/power/x86/intel-speed-select/.gitignore
./XBoxDev/xbox-linux/tools/power/x86/turbostat/.gitignore
./XBoxDev/xbox-linux/tools/spi/.gitignore
./XBoxDev/xbox-linux/tools/testing/kunit/.gitattributes
./XBoxDev/xbox-linux/tools/testing/kunit/.gitignore
./XBoxDev/xbox-linux/tools/testing/radix-tree/.gitignore
./XBoxDev/xbox-linux/tools/testing/selftests/.gitignore
./XBoxDev/xbox-linux/tools/testing/selftests/android/ion/.gitignore
./XBoxDev/xbox-linux/tools/testing/selftests/arm64/signal/.gitignore
./XBoxDev/xbox-linux/tools/testing/selftests/arm64/tags/.gitignore
./XBoxDev/xbox-linux/tools/testing/selftests/bpf/.gitignore
./XBoxDev/xbox-linux/tools/testing/selftests/bpf/map_tests/.gitignore
./XBoxDev/xbox-linux/tools/testing/selftests/bpf/prog_tests/.gitignore
./XBoxDev/xbox-linux/tools/testing/selftests/bpf/verifier/.gitignore
./XBoxDev/xbox-linux/tools/testing/selftests/breakpoints/.gitignore
./XBoxDev/xbox-linux/tools/testing/selftests/capabilities/.gitignore
./XBoxDev/xbox-linux/tools/testing/selftests/cgroup/.gitignore
./XBoxDev/xbox-linux/tools/testing/selftests/clone3/.gitignore
./XBoxDev/xbox-linux/tools/testing/selftests/drivers/.gitignore
./XBoxDev/xbox-linux/tools/testing/selftests/efivarfs/.gitignore
./XBoxDev/xbox-linux/tools/testing/selftests/exec/.gitignore
./XBoxDev/xbox-linux/tools/testing/selftests/filesystems/.gitignore
./XBoxDev/xbox-linux/tools/testing/selftests/filesystems/binderfs/.gitignore
./XBoxDev/xbox-linux/tools/testing/selftests/filesystems/epoll/.gitignore
./XBoxDev/xbox-linux/tools/testing/selftests/ftrace/.gitignore
./XBoxDev/xbox-linux/tools/testing/selftests/futex/functional/.gitignore
./XBoxDev/xbox-linux/tools/testing/selftests/gpio/.gitignore
./XBoxDev/xbox-linux/tools/testing/selftests/ia64/.gitignore
./XBoxDev/xbox-linux/tools/testing/selftests/intel_pstate/.gitignore
./XBoxDev/xbox-linux/tools/testing/selftests/ipc/.gitignore
./XBoxDev/xbox-linux/tools/testing/selftests/ir/.gitignore
./XBoxDev/xbox-linux/tools/testing/selftests/kcmp/.gitignore
./XBoxDev/xbox-linux/tools/testing/selftests/kvm/.gitignore
./XBoxDev/xbox-linux/tools/testing/selftests/lkdtm/.gitignore
./XBoxDev/xbox-linux/tools/testing/selftests/media_tests/.gitignore
./XBoxDev/xbox-linux/tools/testing/selftests/membarrier/.gitignore
./XBoxDev/xbox-linux/tools/testing/selftests/memfd/.gitignore
./XBoxDev/xbox-linux/tools/testing/selftests/mount/.gitignore
./XBoxDev/xbox-linux/tools/testing/selftests/mqueue/.gitignore
./XBoxDev/xbox-linux/tools/testing/selftests/net/.gitignore
./XBoxDev/xbox-linux/tools/testing/selftests/net/forwarding/.gitignore
./XBoxDev/xbox-linux/tools/testing/selftests/net/mptcp/.gitignore
./XBoxDev/xbox-linux/tools/testing/selftests/nsfs/.gitignore
./XBoxDev/xbox-linux/tools/testing/selftests/openat2/.gitignore
./XBoxDev/xbox-linux/tools/testing/selftests/pid_namespace/.gitignore
./XBoxDev/xbox-linux/tools/testing/selftests/pidfd/.gitignore
./XBoxDev/xbox-linux/tools/testing/selftests/powerpc/alignment/.gitignore
./XBoxDev/xbox-linux/tools/testing/selftests/powerpc/benchmarks/.gitignore
./XBoxDev/xbox-linux/tools/testing/selftests/powerpc/cache_shape/.gitignore
./XBoxDev/xbox-linux/tools/testing/selftests/powerpc/copyloops/.gitignore
./XBoxDev/xbox-linux/tools/testing/selftests/powerpc/dscr/.gitignore
./XBoxDev/xbox-linux/tools/testing/selftests/powerpc/math/.gitignore
./XBoxDev/xbox-linux/tools/testing/selftests/powerpc/mm/.gitignore
./XBoxDev/xbox-linux/tools/testing/selftests/powerpc/pmu/.gitignore
./XBoxDev/xbox-linux/tools/testing/selftests/powerpc/pmu/ebb/.gitignore
./XBoxDev/xbox-linux/tools/testing/selftests/powerpc/primitives/.gitignore
./XBoxDev/xbox-linux/tools/testing/selftests/powerpc/ptrace/.gitignore
./XBoxDev/xbox-linux/tools/testing/selftests/powerpc/security/.gitignore
./XBoxDev/xbox-linux/tools/testing/selftests/powerpc/signal/.gitignore
./XBoxDev/xbox-linux/tools/testing/selftests/powerpc/stringloops/.gitignore
./XBoxDev/xbox-linux/tools/testing/selftests/powerpc/switch_endian/.gitignore
./XBoxDev/xbox-linux/tools/testing/selftests/powerpc/syscalls/.gitignore
./XBoxDev/xbox-linux/tools/testing/selftests/powerpc/tm/.gitignore
./XBoxDev/xbox-linux/tools/testing/selftests/powerpc/vphn/.gitignore
./XBoxDev/xbox-linux/tools/testing/selftests/prctl/.gitignore
./XBoxDev/xbox-linux/tools/testing/selftests/proc/.gitignore
./XBoxDev/xbox-linux/tools/testing/selftests/pstore/.gitignore
./XBoxDev/xbox-linux/tools/testing/selftests/ptp/.gitignore
./XBoxDev/xbox-linux/tools/testing/selftests/ptrace/.gitignore
./XBoxDev/xbox-linux/tools/testing/selftests/rcutorture/.gitignore
./XBoxDev/xbox-linux/tools/testing/selftests/rcutorture/formal/srcu-cbmc/.gitignore
./XBoxDev/xbox-linux/tools/testing/selftests/rcutorture/formal/srcu-cbmc/include/linux/.gitignore
./XBoxDev/xbox-linux/tools/testing/selftests/rcutorture/formal/srcu-cbmc/tests/store_buffering/.gitignore
./XBoxDev/xbox-linux/tools/testing/selftests/rseq/.gitignore
./XBoxDev/xbox-linux/tools/testing/selftests/rtc/.gitignore
./XBoxDev/xbox-linux/tools/testing/selftests/safesetid/.gitignore
./XBoxDev/xbox-linux/tools/testing/selftests/seccomp/.gitignore
./XBoxDev/xbox-linux/tools/testing/selftests/sigaltstack/.gitignore
./XBoxDev/xbox-linux/tools/testing/selftests/size/.gitignore
./XBoxDev/xbox-linux/tools/testing/selftests/sparc64/drivers/.gitignore
./XBoxDev/xbox-linux/tools/testing/selftests/splice/.gitignore
./XBoxDev/xbox-linux/tools/testing/selftests/sync/.gitignore
./XBoxDev/xbox-linux/tools/testing/selftests/tc-testing/.gitignore
./XBoxDev/xbox-linux/tools/testing/selftests/timens/.gitignore
./XBoxDev/xbox-linux/tools/testing/selftests/timers/.gitignore
./XBoxDev/xbox-linux/tools/testing/selftests/tmpfs/.gitignore
./XBoxDev/xbox-linux/tools/testing/selftests/vDSO/.gitignore
./XBoxDev/xbox-linux/tools/testing/selftests/vm/.gitignore
./XBoxDev/xbox-linux/tools/testing/selftests/watchdog/.gitignore
./XBoxDev/xbox-linux/tools/testing/selftests/wireguard/qemu/.gitignore
./XBoxDev/xbox-linux/tools/testing/selftests/x86/.gitignore
./XBoxDev/xbox-linux/tools/testing/vsock/.gitignore
./XBoxDev/xbox-linux/tools/thermal/tmon/.gitignore
./XBoxDev/xbox-linux/tools/usb/.gitignore
./XBoxDev/xbox-linux/tools/usb/usbip/.gitignore
./XBoxDev/xbox-linux/tools/virtio/.gitignore
./XBoxDev/xbox-linux/tools/vm/.gitignore
./XBoxDev/xbox-linux/usr/.gitignore
./XBoxDev/xbox-linux/usr/include/.gitignore
./iceman1001/ChameleonMini-rebooted/.gitattributes
./iceman1001/ChameleonMini-rebooted/.gitignore
./iceman1001/ChameleonMini-rebooted/Firmware/Atmel-DFU-Bootloader/.gitignore
./iceman1001/ChameleonMini-rebooted/Firmware/ChameleonMini/.gitignore
./iceman1001/ChameleonMini-rebooted/Firmware/ChameleonMini/LUFA/Build/DMBS/.gitignore
./xboxoneresearch/XBOX_Linux/.gitattributes
./xboxoneresearch/XBOX_Linux/.gitignore
./avrdudes/avrdude/.gitattributes
./avrdudes/avrdude/.gitignore
./avrdudes/avrdude/src/auto-aux/.gitignore
./avrdudes/avrdude/src/auto-m4/.gitignore
./avrdudes/avrdude/src/doc/.gitignore
./avrdudes/avr-libc/.gitignore
./avrdudes/avr-libc/doc/examples/.gitignore
./avrdudes/avr-libc/tests/.gitignore
./avrdudes/avr-libc/tests/bench-fix/.gitignore
./avrdudes/avr-libc/tests/bench-libc/.gitignore
./avrdudes/avr-libc/tests/bench-math/.gitignore
./avrdudes/avr-libc/tests/compile/.gitignore
./avrdudes/avr-libc/tests/simulate/.gitignore
./ro5bert/avra/.gitattributes
./ro5bert/avra/.gitignore
./dfu-util/dfu-util/.gitignore
./abcminiuser/lufa/.gitignore
./abcminiuser/lufa/Bootloaders/HID/HostLoaderApp/.gitignore
./abcminiuser/lufa/LUFA/Build/DMBS/.gitignore
./gregkh/usbutils/.gitignore
./nfc-tools/libnfc/.gitignore
./nfc-tools/libfreefare/.gitignore
./nfc-tools/libfreefare/debian/.gitignore
./nfc-tools/libfreefare/m4/.gitignore
./Drswith/usb.ids/.gitignore
./unicode-org/cldr/.gitignore
./unicode-org/cldr/docs/.gitignore
./unicode-org/cldr/docs/charts/keyboards/.gitignore
./unicode-org/cldr/docs/site/.gitignore
./unicode-org/cldr/tools/cldr-apps-webdriver/.gitignore
./unicode-org/cldr/tools/cldr-apps/.gitignore
./unicode-org/cldr/tools/cldr-apps/js/.gitignore
./unicode-org/cldr/tools/cldr-apps/js/test/.gitignore
./unicode-org/cldr/tools/scripts/ansible/.gitignore
./unicode-org/cldr/tools/scripts/jira-updater/.gitignore
./unicode-org/cldr/tools/scripts/keyboard-abnf-tests/.gitignore
./unicode-org/cldr/tools/scripts/tr-archive/.gitignore
./unicode-org/cldr/tools/scripts/web/docker/.gitignore
./unicode-org/cldr/tools/st-prom-exporter/.gitignore
./unicode-org/icu-data/.gitattributes
./unicode-org/icu-data/.gitignore
./unicode-org/icu-data/meta/.gitattributes
./unicode-org/icu-data/tzdata/eclipse/versions/org.eclipse.rcp.patch.icudata2007h_3.2.2.v20071018_322-2007h/updatesite/features/.gitattributes
./unicode-org/icu-data/tzdata/eclipse/versions/org.eclipse.rcp.patch.icudata2007h_3.2.2.v20071018_322-2007h/updatesite/plugins/.gitattributes
./unicode-org/icu-data/tzdata/eclipse/versions/org.eclipse.rcp.patch.icudata2007j_3.2.2.v20071204_322-2007j/updatesite/features/.gitattributes
./unicode-org/icu-data/tzdata/eclipse/versions/org.eclipse.rcp.patch.icudata2007j_3.2.2.v20071204_322-2007j/updatesite/plugins/.gitattributes
./unicode-org/icu-data/tzdata/eclipse/versions/org.eclipse.rcp.patch.icudata2007k_3.2.2.v20080102_322-2007k/updatesite/features/.gitattributes
./unicode-org/icu-data/tzdata/eclipse/versions/org.eclipse.rcp.patch.icudata2007k_3.2.2.v20080102_322-2007k/updatesite/plugins/.gitattributes
./unicode-org/icu-data/tzdata/eclipse/versions/org.eclipse.rcp.patch.icudata2008a_3.2.2.v20080311_322-2008a/updatesite/features/.gitattributes
./unicode-org/icu-data/tzdata/eclipse/versions/org.eclipse.rcp.patch.icudata2008a_3.2.2.v20080311_322-2008a/updatesite/plugins/.gitattributes
./unicode-org/icu-data/tzdata/eclipse/versions/org.eclipse.rcp.patch.icudata2008b_3.2.2.v20080327_322-2008b/updatesite/features/.gitattributes
./unicode-org/icu-data/tzdata/eclipse/versions/org.eclipse.rcp.patch.icudata2008b_3.2.2.v20080327_322-2008b/updatesite/plugins/.gitattributes
./unicode-org/icu-data/tzdata/eclipse/versions/org.eclipse.rcp.patch.icudata2008c_3.2.2.v20080527_322-2008c/updatesite/features/.gitattributes
./unicode-org/icu-data/tzdata/eclipse/versions/org.eclipse.rcp.patch.icudata2008c_3.2.2.v20080527_322-2008c/updatesite/plugins/.gitattributes
./unicode-org/icu-data/tzdata/eclipse/versions/org.eclipse.rcp.patch.icudata2008d_3.2.2.v20080710_322-2008d/updatesite/features/.gitattributes
./unicode-org/icu-data/tzdata/eclipse/versions/org.eclipse.rcp.patch.icudata2008d_3.2.2.v20080710_322-2008d/updatesite/plugins/.gitattributes
./unicode-org/icu-data/tzdata/eclipse/versions/org.eclipse.rcp.patch.icudata2008d_3.3.2.v20080715_332-2008d/updatesite/features/.gitattributes
./unicode-org/icu-data/tzdata/eclipse/versions/org.eclipse.rcp.patch.icudata2008d_3.3.2.v20080715_332-2008d/updatesite/plugins/.gitattributes
./unicode-org/icu-data/tzdata/eclipse/versions/org.eclipse.rcp.patch.icudata2008e_3.2.2.v20080729_322-2008e/updatesite/features/.gitattributes
./unicode-org/icu-data/tzdata/eclipse/versions/org.eclipse.rcp.patch.icudata2008e_3.2.2.v20080729_322-2008e/updatesite/plugins/.gitattributes
./unicode-org/icu-data/tzdata/eclipse/versions/org.eclipse.rcp.patch.icudata2008e_3.3.2.v20080729_332-2008e/updatesite/features/.gitattributes
./unicode-org/icu-data/tzdata/eclipse/versions/org.eclipse.rcp.patch.icudata2008e_3.3.2.v20080729_332-2008e/updatesite/plugins/.gitattributes
./unicode-org/icu-data/tzdata/eclipse/versions/org.eclipse.rcp.patch.icudata2008f_3.2.2.v20080915_322-2008f/updatesite/features/.gitattributes
./unicode-org/icu-data/tzdata/eclipse/versions/org.eclipse.rcp.patch.icudata2008f_3.2.2.v20080915_322-2008f/updatesite/plugins/.gitattributes
./unicode-org/icu-data/tzdata/eclipse/versions/org.eclipse.rcp.patch.icudata2008f_3.3.2.v20080915_332-2008f/updatesite/features/.gitattributes
./unicode-org/icu-data/tzdata/eclipse/versions/org.eclipse.rcp.patch.icudata2008f_3.3.2.v20080915_332-2008f/updatesite/plugins/.gitattributes
./unicode-org/icu-data/tzdata/eclipse/versions/org.eclipse.rcp.patch.icudata2008g_3.2.2.v20081008_322-2008g/updatesite/features/.gitattributes
./unicode-org/icu-data/tzdata/eclipse/versions/org.eclipse.rcp.patch.icudata2008g_3.2.2.v20081008_322-2008g/updatesite/plugins/.gitattributes
./unicode-org/icu-data/tzdata/eclipse/versions/org.eclipse.rcp.patch.icudata2008g_3.3.2.v20081008_332-2008g/updatesite/features/.gitattributes
./unicode-org/icu-data/tzdata/eclipse/versions/org.eclipse.rcp.patch.icudata2008g_3.3.2.v20081008_332-2008g/updatesite/plugins/.gitattributes
./unicode-org/icu-data/tzdata/eclipse/versions/org.eclipse.rcp.patch.icudata2008h_3.2.2.v20081014_322-2008h/updatesite/features/.gitattributes
./unicode-org/icu-data/tzdata/eclipse/versions/org.eclipse.rcp.patch.icudata2008h_3.2.2.v20081014_322-2008h/updatesite/plugins/.gitattributes
./unicode-org/icu-data/tzdata/eclipse/versions/org.eclipse.rcp.patch.icudata2008h_3.3.2.v20081014_332-2008h/updatesite/features/.gitattributes
./unicode-org/icu-data/tzdata/eclipse/versions/org.eclipse.rcp.patch.icudata2008h_3.3.2.v20081014_332-2008h/updatesite/plugins/.gitattributes
./unicode-org/icu-data/tzdata/eclipse/versions/org.eclipse.rcp.patch.icudata2008i_3.2.2.v20081027_322-2008i/updatesite/features/.gitattributes
./unicode-org/icu-data/tzdata/eclipse/versions/org.eclipse.rcp.patch.icudata2008i_3.2.2.v20081027_322-2008i/updatesite/plugins/.gitattributes
./unicode-org/icu-data/tzdata/eclipse/versions/org.eclipse.rcp.patch.icudata2008i_3.3.2.v20081027_332-2008i/updatesite/features/.gitattributes
./unicode-org/icu-data/tzdata/eclipse/versions/org.eclipse.rcp.patch.icudata2008i_3.3.2.v20081027_332-2008i/updatesite/plugins/.gitattributes
./unicode-org/icu-data/tzdata/eclipse/versions/org.eclipse.rcp.patch.icudata2009a_3.2.2.v20090122_322-2009a/updatesite/features/.gitattributes
./unicode-org/icu-data/tzdata/eclipse/versions/org.eclipse.rcp.patch.icudata2009a_3.2.2.v20090122_322-2009a/updatesite/plugins/.gitattributes
./unicode-org/icu-data/tzdata/eclipse/versions/org.eclipse.rcp.patch.icudata2009a_3.3.2.v20090122_332-2009a/updatesite/features/.gitattributes
./unicode-org/icu-data/tzdata/eclipse/versions/org.eclipse.rcp.patch.icudata2009a_3.3.2.v20090122_332-2009a/updatesite/plugins/.gitattributes
./unicode-org/icu-data/tzdata/eclipse/versions/org.eclipse.rcp.patch.icudata2009j_3.2.2.v20090707_322-2009j/updatesite/features/.gitattributes
./unicode-org/icu-data/tzdata/eclipse/versions/org.eclipse.rcp.patch.icudata2009j_3.2.2.v20090707_322-2009j/updatesite/plugins/.gitattributes
./unicode-org/icu-data/tzdata/eclipse/versions/org.eclipse.rcp.patch.icudata2009j_3.3.2.v20090707_332-2009j/updatesite/features/.gitattributes
./unicode-org/icu-data/tzdata/eclipse/versions/org.eclipse.rcp.patch.icudata2009j_3.3.2.v20090707_332-2009j/updatesite/plugins/.gitattributes
./unicode-org/icu-data/tzdata/eclipse/versions/org.eclipse.rcp.patch.icudata2009j_3.4.2.v20090707_342-2009j/updatesite/features/.gitattributes
./unicode-org/icu-data/tzdata/eclipse/versions/org.eclipse.rcp.patch.icudata2009j_3.4.2.v20090707_342-2009j/updatesite/plugins/.gitattributes
./unicode-org/icu-data/tzdata/eclipse/versions/org.eclipse.rcp.patch.icudata2009p_3.2.2.v20091101_322-2009p/updatesite/features/.gitattributes
./unicode-org/icu-data/tzdata/eclipse/versions/org.eclipse.rcp.patch.icudata2009p_3.2.2.v20091101_322-2009p/updatesite/plugins/.gitattributes
./unicode-org/icu-data/tzdata/eclipse/versions/org.eclipse.rcp.patch.icudata2009p_3.3.2.v20091101_332-2009p/updatesite/features/.gitattributes
./unicode-org/icu-data/tzdata/eclipse/versions/org.eclipse.rcp.patch.icudata2009p_3.3.2.v20091101_332-2009p/updatesite/plugins/.gitattributes
./unicode-org/icu-data/tzdata/eclipse/versions/org.eclipse.rcp.patch.icudata2009p_3.4.2.v20091101_342-2009p/updatesite/features/.gitattributes
./unicode-org/icu-data/tzdata/eclipse/versions/org.eclipse.rcp.patch.icudata2009p_3.4.2.v20091101_342-2009p/updatesite/plugins/.gitattributes
./unicode-org/icu-data/tzdata/eclipse/versions/org.eclipse.rcp.patch.icudata2009r_3.2.2.v20091111_322-2009r/updatesite/features/.gitattributes
./unicode-org/icu-data/tzdata/eclipse/versions/org.eclipse.rcp.patch.icudata2009r_3.2.2.v20091111_322-2009r/updatesite/plugins/.gitattributes
./unicode-org/icu-data/tzdata/eclipse/versions/org.eclipse.rcp.patch.icudata2009r_3.3.2.v20091111_332-2009r/updatesite/features/.gitattributes
./unicode-org/icu-data/tzdata/eclipse/versions/org.eclipse.rcp.patch.icudata2009r_3.3.2.v20091111_332-2009r/updatesite/plugins/.gitattributes
./unicode-org/icu-data/tzdata/eclipse/versions/org.eclipse.rcp.patch.icudata2009r_3.4.2.v20091111_342-2009r/updatesite/features/.gitattributes
./unicode-org/icu-data/tzdata/eclipse/versions/org.eclipse.rcp.patch.icudata2009r_3.4.2.v20091111_342-2009r/updatesite/plugins/.gitattributes
./unicode-org/icu-data/tzdata/eclipse/versions/org.eclipse.rcp.patch.icudata2010b_3.2.2.v20100202_322-2010b/updatesite/features/.gitattributes
./unicode-org/icu-data/tzdata/eclipse/versions/org.eclipse.rcp.patch.icudata2010b_3.2.2.v20100202_322-2010b/updatesite/plugins/.gitattributes
./unicode-org/icu-data/tzdata/eclipse/versions/org.eclipse.rcp.patch.icudata2010b_3.3.2.v20100202_332-2010b/updatesite/features/.gitattributes
./unicode-org/icu-data/tzdata/eclipse/versions/org.eclipse.rcp.patch.icudata2010b_3.3.2.v20100202_332-2010b/updatesite/plugins/.gitattributes
./unicode-org/icu-data/tzdata/eclipse/versions/org.eclipse.rcp.patch.icudata2010b_3.4.2.v20100202_342-2010b/updatesite/features/.gitattributes
./unicode-org/icu-data/tzdata/eclipse/versions/org.eclipse.rcp.patch.icudata2010b_3.4.2.v20100202_342-2010b/updatesite/plugins/.gitattributes
./unicode-org/icu-data/tzdata/eclipse/versions/org.eclipse.rcp.patch.icudata2010e_3.2.2.v20100311_322-2010e/updatesite/features/.gitattributes
./unicode-org/icu-data/tzdata/eclipse/versions/org.eclipse.rcp.patch.icudata2010e_3.2.2.v20100311_322-2010e/updatesite/plugins/.gitattributes
./unicode-org/icu-data/tzdata/eclipse/versions/org.eclipse.rcp.patch.icudata2010e_3.3.2.v20100311_332-2010e/updatesite/features/.gitattributes
./unicode-org/icu-data/tzdata/eclipse/versions/org.eclipse.rcp.patch.icudata2010e_3.3.2.v20100311_332-2010e/updatesite/plugins/.gitattributes
./unicode-org/icu-data/tzdata/eclipse/versions/org.eclipse.rcp.patch.icudata2010e_3.4.2.v20100311_342-2010e/updatesite/features/.gitattributes
./unicode-org/icu-data/tzdata/eclipse/versions/org.eclipse.rcp.patch.icudata2010e_3.4.2.v20100311_342-2010e/updatesite/plugins/.gitattributes
./unicode-org/icu-data/tzdata/eclipse/versions/org.eclipse.rcp.patch.icudata2010j_3.2.2.v20100526_322-2010j/updatesite/features/.gitattributes
./unicode-org/icu-data/tzdata/eclipse/versions/org.eclipse.rcp.patch.icudata2010j_3.2.2.v20100526_322-2010j/updatesite/plugins/.gitattributes
./unicode-org/icu-data/tzdata/eclipse/versions/org.eclipse.rcp.patch.icudata2010j_3.3.2.v20100526_332-2010j/updatesite/features/.gitattributes
./unicode-org/icu-data/tzdata/eclipse/versions/org.eclipse.rcp.patch.icudata2010j_3.3.2.v20100526_332-2010j/updatesite/plugins/.gitattributes
./unicode-org/icu-data/tzdata/eclipse/versions/org.eclipse.rcp.patch.icudata2010j_3.4.2.v20100526_342-2010j/updatesite/features/.gitattributes
./unicode-org/icu-data/tzdata/eclipse/versions/org.eclipse.rcp.patch.icudata2010j_3.4.2.v20100526_342-2010j/updatesite/plugins/.gitattributes
./unicode-org/icu-data/tzdata/eclipse/versions/org.eclipse.rcp.patch.icudata2010l_3.2.2.v20100903_322-2010l/updatesite/features/.gitattributes
./unicode-org/icu-data/tzdata/eclipse/versions/org.eclipse.rcp.patch.icudata2010l_3.2.2.v20100903_322-2010l/updatesite/plugins/.gitattributes
./unicode-org/icu-data/tzdata/eclipse/versions/org.eclipse.rcp.patch.icudata2010l_3.3.2.v20100903_332-2010l/updatesite/features/.gitattributes
./unicode-org/icu-data/tzdata/eclipse/versions/org.eclipse.rcp.patch.icudata2010l_3.3.2.v20100903_332-2010l/updatesite/plugins/.gitattributes
./unicode-org/icu-data/tzdata/eclipse/versions/org.eclipse.rcp.patch.icudata2010l_3.4.2.v20100903_342-2010l/updatesite/features/.gitattributes
./unicode-org/icu-data/tzdata/eclipse/versions/org.eclipse.rcp.patch.icudata2010l_3.4.2.v20100903_342-2010l/updatesite/plugins/.gitattributes
./unicode-org/icu-data/tzdata/eclipse/versions/org.eclipse.rcp.patch.icudata2010l_3.5.2.v20100903_352-2010l/updatesite/features/.gitattributes
./unicode-org/icu-data/tzdata/eclipse/versions/org.eclipse.rcp.patch.icudata2010l_3.5.2.v20100903_352-2010l/updatesite/plugins/.gitattributes
./unicode-org/icu-data/tzdata/eclipse/versions/org.eclipse.rcp.patch.icudata2010l_3.6.0.v20100903_360-2010l/updatesite/features/.gitattributes
./unicode-org/icu-data/tzdata/eclipse/versions/org.eclipse.rcp.patch.icudata2010l_3.6.0.v20100903_360-2010l/updatesite/plugins/.gitattributes
./unicode-org/icu-data/tzdata/eclipse/versions/org.eclipse.rcp.patch.icudata2011g_3.2.2.v20110511_322-2011g/updatesite/features/.gitattributes
./unicode-org/icu-data/tzdata/eclipse/versions/org.eclipse.rcp.patch.icudata2011g_3.2.2.v20110511_322-2011g/updatesite/plugins/.gitattributes
./unicode-org/icu-data/tzdata/eclipse/versions/org.eclipse.rcp.patch.icudata2011g_3.3.2.v20110511_332-2011g/updatesite/features/.gitattributes
./unicode-org/icu-data/tzdata/eclipse/versions/org.eclipse.rcp.patch.icudata2011g_3.3.2.v20110511_332-2011g/updatesite/plugins/.gitattributes
./unicode-org/icu-data/tzdata/eclipse/versions/org.eclipse.rcp.patch.icudata2011g_3.4.2.v20110511_342-2011g/updatesite/features/.gitattributes
./unicode-org/icu-data/tzdata/eclipse/versions/org.eclipse.rcp.patch.icudata2011g_3.4.2.v20110511_342-2011g/updatesite/plugins/.gitattributes
./unicode-org/icu-data/tzdata/eclipse/versions/org.eclipse.rcp.patch.icudata2011g_3.5.2.v20110511_352-2011g/updatesite/features/.gitattributes
./unicode-org/icu-data/tzdata/eclipse/versions/org.eclipse.rcp.patch.icudata2011g_3.5.2.v20110511_352-2011g/updatesite/plugins/.gitattributes
./unicode-org/icu-data/tzdata/eclipse/versions/org.eclipse.rcp.patch.icudata2011g_3.6.2.v20110511_362-2011g/updatesite/features/.gitattributes
./unicode-org/icu-data/tzdata/eclipse/versions/org.eclipse.rcp.patch.icudata2011g_3.6.2.v20110511_362-2011g/updatesite/plugins/.gitattributes
./unicode-org/icu-data/tzdata/eclipse/versions/org.eclipse.rcp.patch.icudata2011h_3.2.2.v20110726_322-2011h/updatesite/features/.gitattributes
./unicode-org/icu-data/tzdata/eclipse/versions/org.eclipse.rcp.patch.icudata2011h_3.2.2.v20110726_322-2011h/updatesite/plugins/.gitattributes
./unicode-org/icu-data/tzdata/eclipse/versions/org.eclipse.rcp.patch.icudata2011h_3.3.2.v20110726_332-2011h/updatesite/features/.gitattributes
./unicode-org/icu-data/tzdata/eclipse/versions/org.eclipse.rcp.patch.icudata2011h_3.3.2.v20110726_332-2011h/updatesite/plugins/.gitattributes
./unicode-org/icu-data/tzdata/eclipse/versions/org.eclipse.rcp.patch.icudata2011h_3.4.2.v20110726_342-2011h/updatesite/features/.gitattributes
./unicode-org/icu-data/tzdata/eclipse/versions/org.eclipse.rcp.patch.icudata2011h_3.4.2.v20110726_342-2011h/updatesite/plugins/.gitattributes
./unicode-org/icu-data/tzdata/eclipse/versions/org.eclipse.rcp.patch.icudata2011h_3.5.2.v20110726_352-2011h/updatesite/features/.gitattributes
./unicode-org/icu-data/tzdata/eclipse/versions/org.eclipse.rcp.patch.icudata2011h_3.5.2.v20110726_352-2011h/updatesite/plugins/.gitattributes
./unicode-org/icu-data/tzdata/eclipse/versions/org.eclipse.rcp.patch.icudata2011h_3.6.2.v20110726_362-2011h/updatesite/features/.gitattributes
./unicode-org/icu-data/tzdata/eclipse/versions/org.eclipse.rcp.patch.icudata2011h_3.6.2.v20110726_362-2011h/updatesite/plugins/.gitattributes
./unicode-org/icu-data/tzdata/eclipse/versions/org.eclipse.rcp.patch.icudata2011n_3.2.2.v20111202_322-2011n/updatesite/features/.gitattributes
./unicode-org/icu-data/tzdata/eclipse/versions/org.eclipse.rcp.patch.icudata2011n_3.2.2.v20111202_322-2011n/updatesite/plugins/.gitattributes
./unicode-org/icu-data/tzdata/eclipse/versions/org.eclipse.rcp.patch.icudata2011n_3.3.2.v20111202_332-2011n/updatesite/features/.gitattributes
./unicode-org/icu-data/tzdata/eclipse/versions/org.eclipse.rcp.patch.icudata2011n_3.3.2.v20111202_332-2011n/updatesite/plugins/.gitattributes
./unicode-org/icu-data/tzdata/eclipse/versions/org.eclipse.rcp.patch.icudata2011n_3.4.2.v20111204_342-2011n/updatesite/features/.gitattributes
./unicode-org/icu-data/tzdata/eclipse/versions/org.eclipse.rcp.patch.icudata2011n_3.4.2.v20111204_342-2011n/updatesite/plugins/.gitattributes
./unicode-org/icu-data/tzdata/eclipse/versions/org.eclipse.rcp.patch.icudata2011n_3.5.2.v20111204_352-2011n/updatesite/features/.gitattributes
./unicode-org/icu-data/tzdata/eclipse/versions/org.eclipse.rcp.patch.icudata2011n_3.5.2.v20111204_352-2011n/updatesite/plugins/.gitattributes
./unicode-org/icu-data/tzdata/eclipse/versions/org.eclipse.rcp.patch.icudata2011n_3.6.2.v20111204_362-2011n/updatesite/features/.gitattributes
./unicode-org/icu-data/tzdata/eclipse/versions/org.eclipse.rcp.patch.icudata2011n_3.6.2.v20111204_362-2011n/updatesite/plugins/.gitattributes
./unicode-org/icu-data/tzdata/eclipse/versions/org.eclipse.rcp.patch.icudata2012b_3.2.2.v20120307_322-2012b/updatesite/features/.gitattributes
./unicode-org/icu-data/tzdata/eclipse/versions/org.eclipse.rcp.patch.icudata2012b_3.2.2.v20120307_322-2012b/updatesite/plugins/.gitattributes
./unicode-org/icu-data/tzdata/eclipse/versions/org.eclipse.rcp.patch.icudata2012b_3.3.2.v20120307_332-2012b/updatesite/features/.gitattributes
./unicode-org/icu-data/tzdata/eclipse/versions/org.eclipse.rcp.patch.icudata2012b_3.3.2.v20120307_332-2012b/updatesite/plugins/.gitattributes
./unicode-org/icu-data/tzdata/eclipse/versions/org.eclipse.rcp.patch.icudata2012b_3.4.2.v20120307_342-2012b/updatesite/features/.gitattributes
./unicode-org/icu-data/tzdata/eclipse/versions/org.eclipse.rcp.patch.icudata2012b_3.4.2.v20120307_342-2012b/updatesite/plugins/.gitattributes
./unicode-org/icu-data/tzdata/eclipse/versions/org.eclipse.rcp.patch.icudata2012b_3.5.2.v20120307_352-2012b/updatesite/features/.gitattributes
./unicode-org/icu-data/tzdata/eclipse/versions/org.eclipse.rcp.patch.icudata2012b_3.5.2.v20120307_352-2012b/updatesite/plugins/.gitattributes
./unicode-org/icu-data/tzdata/eclipse/versions/org.eclipse.rcp.patch.icudata2012b_3.6.2.v20120307_362-2012b/updatesite/features/.gitattributes
./unicode-org/icu-data/tzdata/eclipse/versions/org.eclipse.rcp.patch.icudata2012b_3.6.2.v20120307_362-2012b/updatesite/plugins/.gitattributes
./unicode-org/icu-data/tzdata/eclipse/versions/org.eclipse.rcp.patch1_3.3.0.v20070705_330-2007f/updatesite/features/.gitattributes
./unicode-org/icu-data/tzdata/eclipse/versions/org.eclipse.rcp.patch1_3.3.0.v20070705_330-2007f/updatesite/plugins/.gitattributes
./unicode-org/icu-data/tzdata/eclipse/versions/org.eclipse.rcp.patch1_3.3.1.1_v20071204_3311-2007j/updatesite/features/.gitattributes
./unicode-org/icu-data/tzdata/eclipse/versions/org.eclipse.rcp.patch1_3.3.1.1_v20071204_3311-2007j/updatesite/plugins/.gitattributes
./unicode-org/icu-data/tzdata/eclipse/versions/org.eclipse.rcp.patch1_3.3.1.v20071002_331-2007h/updatesite/features/.gitattributes
./unicode-org/icu-data/tzdata/eclipse/versions/org.eclipse.rcp.patch1_3.3.1.v20071002_331-2007h/updatesite/plugins/.gitattributes
./unicode-org/icu-data/tzdata/eclipse/versions/org.eclipse.rcp.patch1_3.3.2.v20080311_332-2008a/updatesite/features/.gitattributes
./unicode-org/icu-data/tzdata/eclipse/versions/org.eclipse.rcp.patch1_3.3.2.v20080311_332-2008a/updatesite/plugins/.gitattributes
./unicode-org/icu-data/tzdata/eclipse/versions/org.eclipse.rcp.patch1_3.3.2.v20080527_332-2008c/updatesite/features/.gitattributes
./unicode-org/icu-data/tzdata/eclipse/versions/org.eclipse.rcp.patch1_3.3.2.v20080527_332-2008c/updatesite/plugins/.gitattributes
./unicode-org/icu-data/tzdata/eclipse/versions/org.eclipse.rcp.patch1_3.4.0.v20080710_340-2008d/updatesite/features/.gitattributes
./unicode-org/icu-data/tzdata/eclipse/versions/org.eclipse.rcp.patch1_3.4.0.v20080710_340-2008d/updatesite/plugins/.gitattributes
./unicode-org/icu-data/tzdata/eclipse/versions/org.eclipse.rcp.patch1_3.4.1.v20081008_341-2008g/updatesite/features/.gitattributes
./unicode-org/icu-data/tzdata/eclipse/versions/org.eclipse.rcp.patch1_3.4.1.v20081008_341-2008g/updatesite/plugins/.gitattributes
./unicode-org/icu-data/tzdata/eclipse/versions/org.eclipse.rcp.patch2_3.2.2.v20070417_322-2007e/updatesite/features/.gitattributes
./unicode-org/icu-data/tzdata/eclipse/versions/org.eclipse.rcp.patch2_3.2.2.v20070417_322-2007e/updatesite/plugins/.gitattributes
./unicode-org/icu-data/tzdata/eclipse/versions/org.eclipse.rcp.patch2_3.3.1.1_v20080102_3311-2007k/updatesite/features/.gitattributes
./unicode-org/icu-data/tzdata/eclipse/versions/org.eclipse.rcp.patch2_3.3.1.1_v20080102_3311-2007k/updatesite/plugins/.gitattributes
./unicode-org/icu-data/tzdata/eclipse/versions/org.eclipse.rcp.patch2_3.3.1.v20071204_331-2007j/updatesite/features/.gitattributes
./unicode-org/icu-data/tzdata/eclipse/versions/org.eclipse.rcp.patch2_3.3.1.v20071204_331-2007j/updatesite/plugins/.gitattributes
./unicode-org/icu-data/tzdata/eclipse/versions/org.eclipse.rcp.patch2_3.3.2.v20080328_332-2008b/updatesite/features/.gitattributes
./unicode-org/icu-data/tzdata/eclipse/versions/org.eclipse.rcp.patch2_3.3.2.v20080328_332-2008b/updatesite/plugins/.gitattributes
./unicode-org/icu-data/tzdata/eclipse/versions/org.eclipse.rcp.patch2_3.4.0.v20080904_340-2008e/updatesite/features/.gitattributes
./unicode-org/icu-data/tzdata/eclipse/versions/org.eclipse.rcp.patch2_3.4.0.v20080904_340-2008e/updatesite/plugins/.gitattributes
./unicode-org/icu-data/tzdata/eclipse/versions/org.eclipse.rcp.patch2_3.4.1.v20081014_341-2008h/updatesite/features/.gitattributes
./unicode-org/icu-data/tzdata/eclipse/versions/org.eclipse.rcp.patch2_3.4.1.v20081014_341-2008h/updatesite/plugins/.gitattributes
./unicode-org/icu-data/tzdata/eclipse/versions/org.eclipse.rcp.patch3_3.2.2.v20070507_322-2007f/updatesite/features/.gitattributes
./unicode-org/icu-data/tzdata/eclipse/versions/org.eclipse.rcp.patch3_3.2.2.v20070507_322-2007f/updatesite/plugins/.gitattributes
./unicode-org/icu-data/tzdata/eclipse/versions/org.eclipse.rcp.patch3_3.3.1.v20080102_331-2007k/updatesite/features/.gitattributes
./unicode-org/icu-data/tzdata/eclipse/versions/org.eclipse.rcp.patch3_3.3.1.v20080102_331-2007k/updatesite/plugins/.gitattributes
./unicode-org/icu-data/tzdata/eclipse/versions/org.eclipse.rcp.patch3_3.4.0.v20080915_340-2008f/updatesite/features/.gitattributes
./unicode-org/icu-data/tzdata/eclipse/versions/org.eclipse.rcp.patch3_3.4.0.v20080915_340-2008f/updatesite/plugins/.gitattributes
./unicode-org/icu-data/tzdata/eclipse/versions/org.eclipse.rcp.patch3_3.4.1.v20081027_341-2008i/updatesite/features/.gitattributes
./unicode-org/icu-data/tzdata/eclipse/versions/org.eclipse.rcp.patch3_3.4.1.v20081027_341-2008i/updatesite/plugins/.gitattributes
./unicode-org/icu-data/tzdata/eclipse/versions/org.eclipse.rcp.patch4_3.4.1.v20090122_341-2009a/updatesite/features/.gitattributes
./unicode-org/icu-data/tzdata/eclipse/versions/org.eclipse.rcp.patch4_3.4.1.v20090122_341-2009a/updatesite/plugins/.gitattributes
./unicode-org/icu-data/tzdata/icu/2003a/be/.gitattributes
./unicode-org/icu-data/tzdata/icu/2003a/ee/.gitattributes
./unicode-org/icu-data/tzdata/icu/2003a/le/.gitattributes
./unicode-org/icu-data/tzdata/icu/2003d/be/.gitattributes
./unicode-org/icu-data/tzdata/icu/2003d/ee/.gitattributes
./unicode-org/icu-data/tzdata/icu/2003d/le/.gitattributes
./unicode-org/icu-data/tzdata/icu/2004e/be/.gitattributes
./unicode-org/icu-data/tzdata/icu/2004e/ee/.gitattributes
./unicode-org/icu-data/tzdata/icu/2004e/le/.gitattributes
./unicode-org/icu-data/tzdata/icu/2005m/be/.gitattributes
./unicode-org/icu-data/tzdata/icu/2005m/ee/.gitattributes
./unicode-org/icu-data/tzdata/icu/2005m/le/.gitattributes
./unicode-org/icu-data/tzdata/icu/2006a/be/.gitattributes
./unicode-org/icu-data/tzdata/icu/2006a/ee/.gitattributes
./unicode-org/icu-data/tzdata/icu/2006a/le/.gitattributes
./unicode-org/icu-data/tzdata/icu/2006b/be/.gitattributes
./unicode-org/icu-data/tzdata/icu/2006b/ee/.gitattributes
./unicode-org/icu-data/tzdata/icu/2006b/le/.gitattributes
./unicode-org/icu-data/tzdata/icu/2006c/be/.gitattributes
./unicode-org/icu-data/tzdata/icu/2006c/ee/.gitattributes
./unicode-org/icu-data/tzdata/icu/2006c/le/.gitattributes
./unicode-org/icu-data/tzdata/icu/2006d/be/.gitattributes
./unicode-org/icu-data/tzdata/icu/2006d/ee/.gitattributes
./unicode-org/icu-data/tzdata/icu/2006d/le/.gitattributes
./unicode-org/icu-data/tzdata/icu/2006f/be/.gitattributes
./unicode-org/icu-data/tzdata/icu/2006f/ee/.gitattributes
./unicode-org/icu-data/tzdata/icu/2006f/le/.gitattributes
./unicode-org/icu-data/tzdata/icu/2006g/be/.gitattributes
./unicode-org/icu-data/tzdata/icu/2006g/ee/.gitattributes
./unicode-org/icu-data/tzdata/icu/2006g/le/.gitattributes
./unicode-org/icu-data/tzdata/icu/2006j/be/.gitattributes
./unicode-org/icu-data/tzdata/icu/2006j/ee/.gitattributes
./unicode-org/icu-data/tzdata/icu/2006j/le/.gitattributes
./unicode-org/icu-data/tzdata/icu/2006k/be/.gitattributes
./unicode-org/icu-data/tzdata/icu/2006k/ee/.gitattributes
./unicode-org/icu-data/tzdata/icu/2006k/le/.gitattributes
./unicode-org/icu-data/tzdata/icu/2006l/be/.gitattributes
./unicode-org/icu-data/tzdata/icu/2006l/ee/.gitattributes
./unicode-org/icu-data/tzdata/icu/2006l/le/.gitattributes
./unicode-org/icu-data/tzdata/icu/2006m/be/.gitattributes
./unicode-org/icu-data/tzdata/icu/2006m/ee/.gitattributes
./unicode-org/icu-data/tzdata/icu/2006m/le/.gitattributes
./unicode-org/icu-data/tzdata/icu/2006n/be/.gitattributes
./unicode-org/icu-data/tzdata/icu/2006n/ee/.gitattributes
./unicode-org/icu-data/tzdata/icu/2006n/le/.gitattributes
./unicode-org/icu-data/tzdata/icu/2006o/be/.gitattributes
./unicode-org/icu-data/tzdata/icu/2006o/ee/.gitattributes
./unicode-org/icu-data/tzdata/icu/2006o/le/.gitattributes
./unicode-org/icu-data/tzdata/icu/2006p/be/.gitattributes
./unicode-org/icu-data/tzdata/icu/2006p/ee/.gitattributes
./unicode-org/icu-data/tzdata/icu/2006p/le/.gitattributes
./unicode-org/icu-data/tzdata/icu/2007a/be/.gitattributes
./unicode-org/icu-data/tzdata/icu/2007a/ee/.gitattributes
./unicode-org/icu-data/tzdata/icu/2007a/le/.gitattributes
./unicode-org/icu-data/tzdata/icu/2007b/be/.gitattributes
./unicode-org/icu-data/tzdata/icu/2007b/ee/.gitattributes
./unicode-org/icu-data/tzdata/icu/2007b/le/.gitattributes
./unicode-org/icu-data/tzdata/icu/2007c/be/.gitattributes
./unicode-org/icu-data/tzdata/icu/2007c/ee/.gitattributes
./unicode-org/icu-data/tzdata/icu/2007c/le/.gitattributes
./unicode-org/icu-data/tzdata/icu/2007d/be/.gitattributes
./unicode-org/icu-data/tzdata/icu/2007d/ee/.gitattributes
./unicode-org/icu-data/tzdata/icu/2007d/le/.gitattributes
./unicode-org/icu-data/tzdata/icu/2007e/be/.gitattributes
./unicode-org/icu-data/tzdata/icu/2007e/ee/.gitattributes
./unicode-org/icu-data/tzdata/icu/2007e/le/.gitattributes
./unicode-org/icu-data/tzdata/icu/2007f/be/.gitattributes
./unicode-org/icu-data/tzdata/icu/2007f/ee/.gitattributes
./unicode-org/icu-data/tzdata/icu/2007f/le/.gitattributes
./unicode-org/icu-data/tzdata/icu/2007g/be/.gitattributes
./unicode-org/icu-data/tzdata/icu/2007g/ee/.gitattributes
./unicode-org/icu-data/tzdata/icu/2007g/le/.gitattributes
./unicode-org/icu-data/tzdata/icu/2007h/be/.gitattributes
./unicode-org/icu-data/tzdata/icu/2007h/ee/.gitattributes
./unicode-org/icu-data/tzdata/icu/2007h/le/.gitattributes
./unicode-org/icu-data/tzdata/icu/2007i/be/.gitattributes
./unicode-org/icu-data/tzdata/icu/2007i/ee/.gitattributes
./unicode-org/icu-data/tzdata/icu/2007i/le/.gitattributes
./unicode-org/icu-data/tzdata/icu/2007j/be/.gitattributes
./unicode-org/icu-data/tzdata/icu/2007j/ee/.gitattributes
./unicode-org/icu-data/tzdata/icu/2007j/le/.gitattributes
./unicode-org/icu-data/tzdata/icu/2007k/be/.gitattributes
./unicode-org/icu-data/tzdata/icu/2007k/ee/.gitattributes
./unicode-org/icu-data/tzdata/icu/2007k/le/.gitattributes
./unicode-org/icu-data/tzdata/icu/2008a/be/.gitattributes
./unicode-org/icu-data/tzdata/icu/2008a/ee/.gitattributes
./unicode-org/icu-data/tzdata/icu/2008a/le/.gitattributes
./unicode-org/icu-data/tzdata/icu/2008b/be/.gitattributes
./unicode-org/icu-data/tzdata/icu/2008b/ee/.gitattributes
./unicode-org/icu-data/tzdata/icu/2008b/le/.gitattributes
./unicode-org/icu-data/tzdata/icu/2008c/be/.gitattributes
./unicode-org/icu-data/tzdata/icu/2008c/ee/.gitattributes
./unicode-org/icu-data/tzdata/icu/2008c/le/.gitattributes
./unicode-org/icu-data/tzdata/icu/2008d/be/.gitattributes
./unicode-org/icu-data/tzdata/icu/2008d/ee/.gitattributes
./unicode-org/icu-data/tzdata/icu/2008d/le/.gitattributes
./unicode-org/icu-data/tzdata/icu/2008e/be/.gitattributes
./unicode-org/icu-data/tzdata/icu/2008e/ee/.gitattributes
./unicode-org/icu-data/tzdata/icu/2008e/le/.gitattributes
./unicode-org/icu-data/tzdata/icu/2008f/be/.gitattributes
./unicode-org/icu-data/tzdata/icu/2008f/ee/.gitattributes
./unicode-org/icu-data/tzdata/icu/2008f/le/.gitattributes
./unicode-org/icu-data/tzdata/icu/2008g/be/.gitattributes
./unicode-org/icu-data/tzdata/icu/2008g/ee/.gitattributes
./unicode-org/icu-data/tzdata/icu/2008g/le/.gitattributes
./unicode-org/icu-data/tzdata/icu/2008h/be/.gitattributes
./unicode-org/icu-data/tzdata/icu/2008h/ee/.gitattributes
./unicode-org/icu-data/tzdata/icu/2008h/le/.gitattributes
./unicode-org/icu-data/tzdata/icu/2008i/be/.gitattributes
./unicode-org/icu-data/tzdata/icu/2008i/ee/.gitattributes
./unicode-org/icu-data/tzdata/icu/2008i/le/.gitattributes
./unicode-org/icu-data/tzdata/icu/2009a/be/.gitattributes
./unicode-org/icu-data/tzdata/icu/2009a/ee/.gitattributes
./unicode-org/icu-data/tzdata/icu/2009a/le/.gitattributes
./unicode-org/icu-data/tzdata/icu/2009b/be/.gitattributes
./unicode-org/icu-data/tzdata/icu/2009b/ee/.gitattributes
./unicode-org/icu-data/tzdata/icu/2009b/le/.gitattributes
./unicode-org/icu-data/tzdata/icu/2009c/be/.gitattributes
./unicode-org/icu-data/tzdata/icu/2009c/ee/.gitattributes
./unicode-org/icu-data/tzdata/icu/2009c/le/.gitattributes
./unicode-org/icu-data/tzdata/icu/2009d/be/.gitattributes
./unicode-org/icu-data/tzdata/icu/2009d/ee/.gitattributes
./unicode-org/icu-data/tzdata/icu/2009d/le/.gitattributes
./unicode-org/icu-data/tzdata/icu/2009e/be/.gitattributes
./unicode-org/icu-data/tzdata/icu/2009e/ee/.gitattributes
./unicode-org/icu-data/tzdata/icu/2009e/le/.gitattributes
./unicode-org/icu-data/tzdata/icu/2009f/be/.gitattributes
./unicode-org/icu-data/tzdata/icu/2009f/ee/.gitattributes
./unicode-org/icu-data/tzdata/icu/2009f/le/.gitattributes
./unicode-org/icu-data/tzdata/icu/2009g/be/.gitattributes
./unicode-org/icu-data/tzdata/icu/2009g/ee/.gitattributes
./unicode-org/icu-data/tzdata/icu/2009g/le/.gitattributes
./unicode-org/icu-data/tzdata/icu/2009h/be/.gitattributes
./unicode-org/icu-data/tzdata/icu/2009h/ee/.gitattributes
./unicode-org/icu-data/tzdata/icu/2009h/le/.gitattributes
./unicode-org/icu-data/tzdata/icu/2009i/be/.gitattributes
./unicode-org/icu-data/tzdata/icu/2009i/ee/.gitattributes
./unicode-org/icu-data/tzdata/icu/2009i/le/.gitattributes
./unicode-org/icu-data/tzdata/icu/2009j/be/.gitattributes
./unicode-org/icu-data/tzdata/icu/2009j/ee/.gitattributes
./unicode-org/icu-data/tzdata/icu/2009j/le/.gitattributes
./unicode-org/icu-data/tzdata/icu/2009k/be/.gitattributes
./unicode-org/icu-data/tzdata/icu/2009k/ee/.gitattributes
./unicode-org/icu-data/tzdata/icu/2009k/le/.gitattributes
./unicode-org/icu-data/tzdata/icu/2009l/be/.gitattributes
./unicode-org/icu-data/tzdata/icu/2009l/ee/.gitattributes
./unicode-org/icu-data/tzdata/icu/2009l/le/.gitattributes
./unicode-org/icu-data/tzdata/icu/2009m/be/.gitattributes
./unicode-org/icu-data/tzdata/icu/2009m/ee/.gitattributes
./unicode-org/icu-data/tzdata/icu/2009m/le/.gitattributes
./unicode-org/icu-data/tzdata/icu/2009n/be/.gitattributes
./unicode-org/icu-data/tzdata/icu/2009n/ee/.gitattributes
./unicode-org/icu-data/tzdata/icu/2009n/le/.gitattributes
./unicode-org/icu-data/tzdata/icu/2009o/be/.gitattributes
./unicode-org/icu-data/tzdata/icu/2009o/ee/.gitattributes
./unicode-org/icu-data/tzdata/icu/2009o/le/.gitattributes
./unicode-org/icu-data/tzdata/icu/2009p/be/.gitattributes
./unicode-org/icu-data/tzdata/icu/2009p/be/38/.gitattributes
./unicode-org/icu-data/tzdata/icu/2009p/be/40/.gitattributes
./unicode-org/icu-data/tzdata/icu/2009p/be/42/.gitattributes
./unicode-org/icu-data/tzdata/icu/2009p/ee/.gitattributes
./unicode-org/icu-data/tzdata/icu/2009p/ee/38/.gitattributes
./unicode-org/icu-data/tzdata/icu/2009p/ee/40/.gitattributes
./unicode-org/icu-data/tzdata/icu/2009p/ee/42/.gitattributes
./unicode-org/icu-data/tzdata/icu/2009p/le/.gitattributes
./unicode-org/icu-data/tzdata/icu/2009p/le/38/.gitattributes
./unicode-org/icu-data/tzdata/icu/2009p/le/40/.gitattributes
./unicode-org/icu-data/tzdata/icu/2009p/le/42/.gitattributes
./unicode-org/icu-data/tzdata/icu/2009q/be/.gitattributes
./unicode-org/icu-data/tzdata/icu/2009q/be/38/.gitattributes
./unicode-org/icu-data/tzdata/icu/2009q/be/40/.gitattributes
./unicode-org/icu-data/tzdata/icu/2009q/be/42/.gitattributes
./unicode-org/icu-data/tzdata/icu/2009q/ee/.gitattributes
./unicode-org/icu-data/tzdata/icu/2009q/ee/38/.gitattributes
./unicode-org/icu-data/tzdata/icu/2009q/ee/40/.gitattributes
./unicode-org/icu-data/tzdata/icu/2009q/ee/42/.gitattributes
./unicode-org/icu-data/tzdata/icu/2009q/le/.gitattributes
./unicode-org/icu-data/tzdata/icu/2009q/le/38/.gitattributes
./unicode-org/icu-data/tzdata/icu/2009q/le/40/.gitattributes
./unicode-org/icu-data/tzdata/icu/2009q/le/42/.gitattributes
./unicode-org/icu-data/tzdata/icu/2009r/be/.gitattributes
./unicode-org/icu-data/tzdata/icu/2009r/be/38/.gitattributes
./unicode-org/icu-data/tzdata/icu/2009r/be/40/.gitattributes
./unicode-org/icu-data/tzdata/icu/2009r/be/42/.gitattributes
./unicode-org/icu-data/tzdata/icu/2009r/ee/.gitattributes
./unicode-org/icu-data/tzdata/icu/2009r/ee/38/.gitattributes
./unicode-org/icu-data/tzdata/icu/2009r/ee/40/.gitattributes
./unicode-org/icu-data/tzdata/icu/2009r/ee/42/.gitattributes
./unicode-org/icu-data/tzdata/icu/2009r/le/.gitattributes
./unicode-org/icu-data/tzdata/icu/2009r/le/38/.gitattributes
./unicode-org/icu-data/tzdata/icu/2009r/le/40/.gitattributes
./unicode-org/icu-data/tzdata/icu/2009r/le/42/.gitattributes
./unicode-org/icu-data/tzdata/icu/2009s/be/.gitattributes
./unicode-org/icu-data/tzdata/icu/2009s/be/38/.gitattributes
./unicode-org/icu-data/tzdata/icu/2009s/be/40/.gitattributes
./unicode-org/icu-data/tzdata/icu/2009s/be/42/.gitattributes
./unicode-org/icu-data/tzdata/icu/2009s/ee/.gitattributes
./unicode-org/icu-data/tzdata/icu/2009s/ee/38/.gitattributes
./unicode-org/icu-data/tzdata/icu/2009s/ee/40/.gitattributes
./unicode-org/icu-data/tzdata/icu/2009s/ee/42/.gitattributes
./unicode-org/icu-data/tzdata/icu/2009s/le/.gitattributes
./unicode-org/icu-data/tzdata/icu/2009s/le/38/.gitattributes
./unicode-org/icu-data/tzdata/icu/2009s/le/40/.gitattributes
./unicode-org/icu-data/tzdata/icu/2009s/le/42/.gitattributes
./unicode-org/icu-data/tzdata/icu/2009t/be/.gitattributes
./unicode-org/icu-data/tzdata/icu/2009t/be/38/.gitattributes
./unicode-org/icu-data/tzdata/icu/2009t/be/40/.gitattributes
./unicode-org/icu-data/tzdata/icu/2009t/be/42/.gitattributes
./unicode-org/icu-data/tzdata/icu/2009t/ee/.gitattributes
./unicode-org/icu-data/tzdata/icu/2009t/ee/38/.gitattributes
./unicode-org/icu-data/tzdata/icu/2009t/ee/40/.gitattributes
./unicode-org/icu-data/tzdata/icu/2009t/ee/42/.gitattributes
./unicode-org/icu-data/tzdata/icu/2009t/le/.gitattributes
./unicode-org/icu-data/tzdata/icu/2009t/le/38/.gitattributes
./unicode-org/icu-data/tzdata/icu/2009t/le/40/.gitattributes
./unicode-org/icu-data/tzdata/icu/2009t/le/42/.gitattributes
./unicode-org/icu-data/tzdata/icu/2009u/be/.gitattributes
./unicode-org/icu-data/tzdata/icu/2009u/be/38/.gitattributes
./unicode-org/icu-data/tzdata/icu/2009u/be/40/.gitattributes
./unicode-org/icu-data/tzdata/icu/2009u/be/42/.gitattributes
./unicode-org/icu-data/tzdata/icu/2009u/ee/.gitattributes
./unicode-org/icu-data/tzdata/icu/2009u/ee/38/.gitattributes
./unicode-org/icu-data/tzdata/icu/2009u/ee/40/.gitattributes
./unicode-org/icu-data/tzdata/icu/2009u/ee/42/.gitattributes
./unicode-org/icu-data/tzdata/icu/2009u/le/.gitattributes
./unicode-org/icu-data/tzdata/icu/2009u/le/38/.gitattributes
./unicode-org/icu-data/tzdata/icu/2009u/le/40/.gitattributes
./unicode-org/icu-data/tzdata/icu/2009u/le/42/.gitattributes
./unicode-org/icu-data/tzdata/icu/2010a/be/.gitattributes
./unicode-org/icu-data/tzdata/icu/2010a/be/38/.gitattributes
./unicode-org/icu-data/tzdata/icu/2010a/be/40/.gitattributes
./unicode-org/icu-data/tzdata/icu/2010a/be/42/.gitattributes
./unicode-org/icu-data/tzdata/icu/2010a/ee/.gitattributes
./unicode-org/icu-data/tzdata/icu/2010a/ee/38/.gitattributes
./unicode-org/icu-data/tzdata/icu/2010a/ee/40/.gitattributes
./unicode-org/icu-data/tzdata/icu/2010a/ee/42/.gitattributes
./unicode-org/icu-data/tzdata/icu/2010a/le/.gitattributes
./unicode-org/icu-data/tzdata/icu/2010a/le/38/.gitattributes
./unicode-org/icu-data/tzdata/icu/2010a/le/40/.gitattributes
./unicode-org/icu-data/tzdata/icu/2010a/le/42/.gitattributes
./unicode-org/icu-data/tzdata/icu/2010b/be/.gitattributes
./unicode-org/icu-data/tzdata/icu/2010b/be/38/.gitattributes
./unicode-org/icu-data/tzdata/icu/2010b/be/40/.gitattributes
./unicode-org/icu-data/tzdata/icu/2010b/be/42/.gitattributes
./unicode-org/icu-data/tzdata/icu/2010b/ee/.gitattributes
./unicode-org/icu-data/tzdata/icu/2010b/ee/38/.gitattributes
./unicode-org/icu-data/tzdata/icu/2010b/ee/40/.gitattributes
./unicode-org/icu-data/tzdata/icu/2010b/ee/42/.gitattributes
./unicode-org/icu-data/tzdata/icu/2010b/le/.gitattributes
./unicode-org/icu-data/tzdata/icu/2010b/le/38/.gitattributes
./unicode-org/icu-data/tzdata/icu/2010b/le/40/.gitattributes
./unicode-org/icu-data/tzdata/icu/2010b/le/42/.gitattributes
./unicode-org/icu-data/tzdata/icu/2010c/be/.gitattributes
./unicode-org/icu-data/tzdata/icu/2010c/be/38/.gitattributes
./unicode-org/icu-data/tzdata/icu/2010c/be/40/.gitattributes
./unicode-org/icu-data/tzdata/icu/2010c/be/42/.gitattributes
./unicode-org/icu-data/tzdata/icu/2010c/ee/.gitattributes
./unicode-org/icu-data/tzdata/icu/2010c/ee/38/.gitattributes
./unicode-org/icu-data/tzdata/icu/2010c/ee/40/.gitattributes
./unicode-org/icu-data/tzdata/icu/2010c/ee/42/.gitattributes
./unicode-org/icu-data/tzdata/icu/2010c/le/.gitattributes
./unicode-org/icu-data/tzdata/icu/2010c/le/38/.gitattributes
./unicode-org/icu-data/tzdata/icu/2010c/le/40/.gitattributes
./unicode-org/icu-data/tzdata/icu/2010c/le/42/.gitattributes
./unicode-org/icu-data/tzdata/icu/2010d/be/.gitattributes
./unicode-org/icu-data/tzdata/icu/2010d/be/38/.gitattributes
./unicode-org/icu-data/tzdata/icu/2010d/be/40/.gitattributes
./unicode-org/icu-data/tzdata/icu/2010d/be/42/.gitattributes
./unicode-org/icu-data/tzdata/icu/2010d/ee/.gitattributes
./unicode-org/icu-data/tzdata/icu/2010d/ee/38/.gitattributes
./unicode-org/icu-data/tzdata/icu/2010d/ee/40/.gitattributes
./unicode-org/icu-data/tzdata/icu/2010d/ee/42/.gitattributes
./unicode-org/icu-data/tzdata/icu/2010d/le/.gitattributes
./unicode-org/icu-data/tzdata/icu/2010d/le/38/.gitattributes
./unicode-org/icu-data/tzdata/icu/2010d/le/40/.gitattributes
./unicode-org/icu-data/tzdata/icu/2010d/le/42/.gitattributes
./unicode-org/icu-data/tzdata/icu/2010e/be/.gitattributes
./unicode-org/icu-data/tzdata/icu/2010e/be/38/.gitattributes
./unicode-org/icu-data/tzdata/icu/2010e/be/40/.gitattributes
./unicode-org/icu-data/tzdata/icu/2010e/be/42/.gitattributes
./unicode-org/icu-data/tzdata/icu/2010e/ee/.gitattributes
./unicode-org/icu-data/tzdata/icu/2010e/ee/38/.gitattributes
./unicode-org/icu-data/tzdata/icu/2010e/ee/40/.gitattributes
./unicode-org/icu-data/tzdata/icu/2010e/ee/42/.gitattributes
./unicode-org/icu-data/tzdata/icu/2010e/le/.gitattributes
./unicode-org/icu-data/tzdata/icu/2010e/le/38/.gitattributes
./unicode-org/icu-data/tzdata/icu/2010e/le/40/.gitattributes
./unicode-org/icu-data/tzdata/icu/2010e/le/42/.gitattributes
./unicode-org/icu-data/tzdata/icu/2010f/be/.gitattributes
./unicode-org/icu-data/tzdata/icu/2010f/be/38/.gitattributes
./unicode-org/icu-data/tzdata/icu/2010f/be/40/.gitattributes
./unicode-org/icu-data/tzdata/icu/2010f/be/42/.gitattributes
./unicode-org/icu-data/tzdata/icu/2010f/ee/.gitattributes
./unicode-org/icu-data/tzdata/icu/2010f/ee/38/.gitattributes
./unicode-org/icu-data/tzdata/icu/2010f/ee/40/.gitattributes
./unicode-org/icu-data/tzdata/icu/2010f/ee/42/.gitattributes
./unicode-org/icu-data/tzdata/icu/2010f/le/.gitattributes
./unicode-org/icu-data/tzdata/icu/2010f/le/38/.gitattributes
./unicode-org/icu-data/tzdata/icu/2010f/le/40/.gitattributes
./unicode-org/icu-data/tzdata/icu/2010f/le/42/.gitattributes
./unicode-org/icu-data/tzdata/icu/2010g/be/.gitattributes
./unicode-org/icu-data/tzdata/icu/2010g/be/38/.gitattributes
./unicode-org/icu-data/tzdata/icu/2010g/be/40/.gitattributes
./unicode-org/icu-data/tzdata/icu/2010g/be/42/.gitattributes
./unicode-org/icu-data/tzdata/icu/2010g/ee/.gitattributes
./unicode-org/icu-data/tzdata/icu/2010g/ee/38/.gitattributes
./unicode-org/icu-data/tzdata/icu/2010g/ee/40/.gitattributes
./unicode-org/icu-data/tzdata/icu/2010g/ee/42/.gitattributes
./unicode-org/icu-data/tzdata/icu/2010g/le/.gitattributes
./unicode-org/icu-data/tzdata/icu/2010g/le/38/.gitattributes
./unicode-org/icu-data/tzdata/icu/2010g/le/40/.gitattributes
./unicode-org/icu-data/tzdata/icu/2010g/le/42/.gitattributes
./unicode-org/icu-data/tzdata/icu/2010h/be/.gitattributes
./unicode-org/icu-data/tzdata/icu/2010h/be/38/.gitattributes
./unicode-org/icu-data/tzdata/icu/2010h/be/40/.gitattributes
./unicode-org/icu-data/tzdata/icu/2010h/be/42/.gitattributes
./unicode-org/icu-data/tzdata/icu/2010h/ee/.gitattributes
./unicode-org/icu-data/tzdata/icu/2010h/ee/38/.gitattributes
./unicode-org/icu-data/tzdata/icu/2010h/ee/40/.gitattributes
./unicode-org/icu-data/tzdata/icu/2010h/ee/42/.gitattributes
./unicode-org/icu-data/tzdata/icu/2010h/le/.gitattributes
./unicode-org/icu-data/tzdata/icu/2010h/le/38/.gitattributes
./unicode-org/icu-data/tzdata/icu/2010h/le/40/.gitattributes
./unicode-org/icu-data/tzdata/icu/2010h/le/42/.gitattributes
./unicode-org/icu-data/tzdata/icu/2010i/be/.gitattributes
./unicode-org/icu-data/tzdata/icu/2010i/be/38/.gitattributes
./unicode-org/icu-data/tzdata/icu/2010i/be/40/.gitattributes
./unicode-org/icu-data/tzdata/icu/2010i/be/42/.gitattributes
./unicode-org/icu-data/tzdata/icu/2010i/ee/.gitattributes
./unicode-org/icu-data/tzdata/icu/2010i/ee/38/.gitattributes
./unicode-org/icu-data/tzdata/icu/2010i/ee/40/.gitattributes
./unicode-org/icu-data/tzdata/icu/2010i/ee/42/.gitattributes
./unicode-org/icu-data/tzdata/icu/2010i/le/.gitattributes
./unicode-org/icu-data/tzdata/icu/2010i/le/38/.gitattributes
./unicode-org/icu-data/tzdata/icu/2010i/le/40/.gitattributes
./unicode-org/icu-data/tzdata/icu/2010i/le/42/.gitattributes
./unicode-org/icu-data/tzdata/icu/2010j/be/.gitattributes
./unicode-org/icu-data/tzdata/icu/2010j/be/38/.gitattributes
./unicode-org/icu-data/tzdata/icu/2010j/be/40/.gitattributes
./unicode-org/icu-data/tzdata/icu/2010j/be/42/.gitattributes
./unicode-org/icu-data/tzdata/icu/2010j/ee/.gitattributes
./unicode-org/icu-data/tzdata/icu/2010j/ee/38/.gitattributes
./unicode-org/icu-data/tzdata/icu/2010j/ee/40/.gitattributes
./unicode-org/icu-data/tzdata/icu/2010j/ee/42/.gitattributes
./unicode-org/icu-data/tzdata/icu/2010j/le/.gitattributes
./unicode-org/icu-data/tzdata/icu/2010j/le/38/.gitattributes
./unicode-org/icu-data/tzdata/icu/2010j/le/40/.gitattributes
./unicode-org/icu-data/tzdata/icu/2010j/le/42/.gitattributes
./unicode-org/icu-data/tzdata/icu/2010k/be/.gitattributes
./unicode-org/icu-data/tzdata/icu/2010k/be/38/.gitattributes
./unicode-org/icu-data/tzdata/icu/2010k/be/40/.gitattributes
./unicode-org/icu-data/tzdata/icu/2010k/be/42/.gitattributes
./unicode-org/icu-data/tzdata/icu/2010k/ee/.gitattributes
./unicode-org/icu-data/tzdata/icu/2010k/ee/38/.gitattributes
./unicode-org/icu-data/tzdata/icu/2010k/ee/40/.gitattributes
./unicode-org/icu-data/tzdata/icu/2010k/ee/42/.gitattributes
./unicode-org/icu-data/tzdata/icu/2010k/le/.gitattributes
./unicode-org/icu-data/tzdata/icu/2010k/le/38/.gitattributes
./unicode-org/icu-data/tzdata/icu/2010k/le/40/.gitattributes
./unicode-org/icu-data/tzdata/icu/2010k/le/42/.gitattributes
./unicode-org/icu-data/tzdata/icu/2010l/be/.gitattributes
./unicode-org/icu-data/tzdata/icu/2010l/be/38/.gitattributes
./unicode-org/icu-data/tzdata/icu/2010l/be/40/.gitattributes
./unicode-org/icu-data/tzdata/icu/2010l/be/42/.gitattributes
./unicode-org/icu-data/tzdata/icu/2010l/ee/.gitattributes
./unicode-org/icu-data/tzdata/icu/2010l/ee/38/.gitattributes
./unicode-org/icu-data/tzdata/icu/2010l/ee/40/.gitattributes
./unicode-org/icu-data/tzdata/icu/2010l/ee/42/.gitattributes
./unicode-org/icu-data/tzdata/icu/2010l/le/.gitattributes
./unicode-org/icu-data/tzdata/icu/2010l/le/38/.gitattributes
./unicode-org/icu-data/tzdata/icu/2010l/le/40/.gitattributes
./unicode-org/icu-data/tzdata/icu/2010l/le/42/.gitattributes
./unicode-org/icu-data/tzdata/icu/2010m/be/.gitattributes
./unicode-org/icu-data/tzdata/icu/2010m/be/38/.gitattributes
./unicode-org/icu-data/tzdata/icu/2010m/be/40/.gitattributes
./unicode-org/icu-data/tzdata/icu/2010m/be/42/.gitattributes
./unicode-org/icu-data/tzdata/icu/2010m/ee/.gitattributes
./unicode-org/icu-data/tzdata/icu/2010m/ee/38/.gitattributes
./unicode-org/icu-data/tzdata/icu/2010m/ee/40/.gitattributes
./unicode-org/icu-data/tzdata/icu/2010m/ee/42/.gitattributes
./unicode-org/icu-data/tzdata/icu/2010m/le/.gitattributes
./unicode-org/icu-data/tzdata/icu/2010m/le/38/.gitattributes
./unicode-org/icu-data/tzdata/icu/2010m/le/40/.gitattributes
./unicode-org/icu-data/tzdata/icu/2010m/le/42/.gitattributes
./unicode-org/icu-data/tzdata/icu/2010n/be/.gitattributes
./unicode-org/icu-data/tzdata/icu/2010n/be/38/.gitattributes
./unicode-org/icu-data/tzdata/icu/2010n/be/40/.gitattributes
./unicode-org/icu-data/tzdata/icu/2010n/be/42/.gitattributes
./unicode-org/icu-data/tzdata/icu/2010n/ee/.gitattributes
./unicode-org/icu-data/tzdata/icu/2010n/ee/38/.gitattributes
./unicode-org/icu-data/tzdata/icu/2010n/ee/40/.gitattributes
./unicode-org/icu-data/tzdata/icu/2010n/ee/42/.gitattributes
./unicode-org/icu-data/tzdata/icu/2010n/le/.gitattributes
./unicode-org/icu-data/tzdata/icu/2010n/le/38/.gitattributes
./unicode-org/icu-data/tzdata/icu/2010n/le/40/.gitattributes
./unicode-org/icu-data/tzdata/icu/2010n/le/42/.gitattributes
./unicode-org/icu-data/tzdata/icu/2010o/be/.gitattributes
./unicode-org/icu-data/tzdata/icu/2010o/be/38/.gitattributes
./unicode-org/icu-data/tzdata/icu/2010o/be/40/.gitattributes
./unicode-org/icu-data/tzdata/icu/2010o/be/42/.gitattributes
./unicode-org/icu-data/tzdata/icu/2010o/ee/.gitattributes
./unicode-org/icu-data/tzdata/icu/2010o/ee/38/.gitattributes
./unicode-org/icu-data/tzdata/icu/2010o/ee/40/.gitattributes
./unicode-org/icu-data/tzdata/icu/2010o/ee/42/.gitattributes
./unicode-org/icu-data/tzdata/icu/2010o/le/.gitattributes
./unicode-org/icu-data/tzdata/icu/2010o/le/38/.gitattributes
./unicode-org/icu-data/tzdata/icu/2010o/le/40/.gitattributes
./unicode-org/icu-data/tzdata/icu/2010o/le/42/.gitattributes
./unicode-org/icu-data/tzdata/icu/2011a/be/.gitattributes
./unicode-org/icu-data/tzdata/icu/2011a/be/38/.gitattributes
./unicode-org/icu-data/tzdata/icu/2011a/be/40/.gitattributes
./unicode-org/icu-data/tzdata/icu/2011a/be/42/.gitattributes
./unicode-org/icu-data/tzdata/icu/2011a/ee/.gitattributes
./unicode-org/icu-data/tzdata/icu/2011a/ee/38/.gitattributes
./unicode-org/icu-data/tzdata/icu/2011a/ee/40/.gitattributes
./unicode-org/icu-data/tzdata/icu/2011a/ee/42/.gitattributes
./unicode-org/icu-data/tzdata/icu/2011a/le/.gitattributes
./unicode-org/icu-data/tzdata/icu/2011a/le/38/.gitattributes
./unicode-org/icu-data/tzdata/icu/2011a/le/40/.gitattributes
./unicode-org/icu-data/tzdata/icu/2011a/le/42/.gitattributes
./unicode-org/icu-data/tzdata/icu/2011b/be/.gitattributes
./unicode-org/icu-data/tzdata/icu/2011b/be/38/.gitattributes
./unicode-org/icu-data/tzdata/icu/2011b/be/40/.gitattributes
./unicode-org/icu-data/tzdata/icu/2011b/be/42/.gitattributes
./unicode-org/icu-data/tzdata/icu/2011b/ee/.gitattributes
./unicode-org/icu-data/tzdata/icu/2011b/ee/38/.gitattributes
./unicode-org/icu-data/tzdata/icu/2011b/ee/40/.gitattributes
./unicode-org/icu-data/tzdata/icu/2011b/ee/42/.gitattributes
./unicode-org/icu-data/tzdata/icu/2011b/le/.gitattributes
./unicode-org/icu-data/tzdata/icu/2011b/le/38/.gitattributes
./unicode-org/icu-data/tzdata/icu/2011b/le/40/.gitattributes
./unicode-org/icu-data/tzdata/icu/2011b/le/42/.gitattributes
./unicode-org/icu-data/tzdata/icu/2011c/be/.gitattributes
./unicode-org/icu-data/tzdata/icu/2011c/be/38/.gitattributes
./unicode-org/icu-data/tzdata/icu/2011c/be/40/.gitattributes
./unicode-org/icu-data/tzdata/icu/2011c/be/42/.gitattributes
./unicode-org/icu-data/tzdata/icu/2011c/ee/.gitattributes
./unicode-org/icu-data/tzdata/icu/2011c/ee/38/.gitattributes
./unicode-org/icu-data/tzdata/icu/2011c/ee/40/.gitattributes
./unicode-org/icu-data/tzdata/icu/2011c/ee/42/.gitattributes
./unicode-org/icu-data/tzdata/icu/2011c/le/.gitattributes
./unicode-org/icu-data/tzdata/icu/2011c/le/38/.gitattributes
./unicode-org/icu-data/tzdata/icu/2011c/le/40/.gitattributes
./unicode-org/icu-data/tzdata/icu/2011c/le/42/.gitattributes
./unicode-org/icu-data/tzdata/icu/2011d/be/.gitattributes
./unicode-org/icu-data/tzdata/icu/2011d/be/38/.gitattributes
./unicode-org/icu-data/tzdata/icu/2011d/be/40/.gitattributes
./unicode-org/icu-data/tzdata/icu/2011d/be/42/.gitattributes
./unicode-org/icu-data/tzdata/icu/2011d/ee/.gitattributes
./unicode-org/icu-data/tzdata/icu/2011d/ee/38/.gitattributes
./unicode-org/icu-data/tzdata/icu/2011d/ee/40/.gitattributes
./unicode-org/icu-data/tzdata/icu/2011d/ee/42/.gitattributes
./unicode-org/icu-data/tzdata/icu/2011d/le/.gitattributes
./unicode-org/icu-data/tzdata/icu/2011d/le/38/.gitattributes
./unicode-org/icu-data/tzdata/icu/2011d/le/40/.gitattributes
./unicode-org/icu-data/tzdata/icu/2011d/le/42/.gitattributes
./unicode-org/icu-data/tzdata/icu/2011e/be/.gitattributes
./unicode-org/icu-data/tzdata/icu/2011e/be/38/.gitattributes
./unicode-org/icu-data/tzdata/icu/2011e/be/40/.gitattributes
./unicode-org/icu-data/tzdata/icu/2011e/be/42/.gitattributes
./unicode-org/icu-data/tzdata/icu/2011e/ee/.gitattributes
./unicode-org/icu-data/tzdata/icu/2011e/ee/38/.gitattributes
./unicode-org/icu-data/tzdata/icu/2011e/ee/40/.gitattributes
./unicode-org/icu-data/tzdata/icu/2011e/ee/42/.gitattributes
./unicode-org/icu-data/tzdata/icu/2011e/le/.gitattributes
./unicode-org/icu-data/tzdata/icu/2011e/le/38/.gitattributes
./unicode-org/icu-data/tzdata/icu/2011e/le/40/.gitattributes
./unicode-org/icu-data/tzdata/icu/2011e/le/42/.gitattributes
./unicode-org/icu-data/tzdata/icu/2011f/be/.gitattributes
./unicode-org/icu-data/tzdata/icu/2011f/be/38/.gitattributes
./unicode-org/icu-data/tzdata/icu/2011f/be/40/.gitattributes
./unicode-org/icu-data/tzdata/icu/2011f/be/42/.gitattributes
./unicode-org/icu-data/tzdata/icu/2011f/ee/.gitattributes
./unicode-org/icu-data/tzdata/icu/2011f/ee/38/.gitattributes
./unicode-org/icu-data/tzdata/icu/2011f/ee/40/.gitattributes
./unicode-org/icu-data/tzdata/icu/2011f/ee/42/.gitattributes
./unicode-org/icu-data/tzdata/icu/2011f/le/.gitattributes
./unicode-org/icu-data/tzdata/icu/2011f/le/38/.gitattributes
./unicode-org/icu-data/tzdata/icu/2011f/le/40/.gitattributes
./unicode-org/icu-data/tzdata/icu/2011f/le/42/.gitattributes
./unicode-org/icu-data/tzdata/icu/2011g/be/.gitattributes
./unicode-org/icu-data/tzdata/icu/2011g/be/38/.gitattributes
./unicode-org/icu-data/tzdata/icu/2011g/be/40/.gitattributes
./unicode-org/icu-data/tzdata/icu/2011g/be/42/.gitattributes
./unicode-org/icu-data/tzdata/icu/2011g/ee/.gitattributes
./unicode-org/icu-data/tzdata/icu/2011g/ee/38/.gitattributes
./unicode-org/icu-data/tzdata/icu/2011g/ee/40/.gitattributes
./unicode-org/icu-data/tzdata/icu/2011g/ee/42/.gitattributes
./unicode-org/icu-data/tzdata/icu/2011g/le/.gitattributes
./unicode-org/icu-data/tzdata/icu/2011g/le/38/.gitattributes
./unicode-org/icu-data/tzdata/icu/2011g/le/40/.gitattributes
./unicode-org/icu-data/tzdata/icu/2011g/le/42/.gitattributes
./unicode-org/icu-data/tzdata/icu/2011h/be/.gitattributes
./unicode-org/icu-data/tzdata/icu/2011h/be/38/.gitattributes
./unicode-org/icu-data/tzdata/icu/2011h/be/40/.gitattributes
./unicode-org/icu-data/tzdata/icu/2011h/be/42/.gitattributes
./unicode-org/icu-data/tzdata/icu/2011h/ee/.gitattributes
./unicode-org/icu-data/tzdata/icu/2011h/ee/38/.gitattributes
./unicode-org/icu-data/tzdata/icu/2011h/ee/40/.gitattributes
./unicode-org/icu-data/tzdata/icu/2011h/ee/42/.gitattributes
./unicode-org/icu-data/tzdata/icu/2011h/le/.gitattributes
./unicode-org/icu-data/tzdata/icu/2011h/le/38/.gitattributes
./unicode-org/icu-data/tzdata/icu/2011h/le/40/.gitattributes
./unicode-org/icu-data/tzdata/icu/2011h/le/42/.gitattributes
./unicode-org/icu-data/tzdata/icu/2011i/be/.gitattributes
./unicode-org/icu-data/tzdata/icu/2011i/be/38/.gitattributes
./unicode-org/icu-data/tzdata/icu/2011i/be/40/.gitattributes
./unicode-org/icu-data/tzdata/icu/2011i/be/42/.gitattributes
./unicode-org/icu-data/tzdata/icu/2011i/ee/.gitattributes
./unicode-org/icu-data/tzdata/icu/2011i/ee/38/.gitattributes
./unicode-org/icu-data/tzdata/icu/2011i/ee/40/.gitattributes
./unicode-org/icu-data/tzdata/icu/2011i/ee/42/.gitattributes
./unicode-org/icu-data/tzdata/icu/2011i/le/.gitattributes
./unicode-org/icu-data/tzdata/icu/2011i/le/38/.gitattributes
./unicode-org/icu-data/tzdata/icu/2011i/le/40/.gitattributes
./unicode-org/icu-data/tzdata/icu/2011i/le/42/.gitattributes
./unicode-org/icu-data/tzdata/icu/2011j/be/.gitattributes
./unicode-org/icu-data/tzdata/icu/2011j/be/38/.gitattributes
./unicode-org/icu-data/tzdata/icu/2011j/be/40/.gitattributes
./unicode-org/icu-data/tzdata/icu/2011j/be/42/.gitattributes
./unicode-org/icu-data/tzdata/icu/2011j/ee/.gitattributes
./unicode-org/icu-data/tzdata/icu/2011j/ee/38/.gitattributes
./unicode-org/icu-data/tzdata/icu/2011j/ee/40/.gitattributes
./unicode-org/icu-data/tzdata/icu/2011j/ee/42/.gitattributes
./unicode-org/icu-data/tzdata/icu/2011j/le/.gitattributes
./unicode-org/icu-data/tzdata/icu/2011j/le/38/.gitattributes
./unicode-org/icu-data/tzdata/icu/2011j/le/40/.gitattributes
./unicode-org/icu-data/tzdata/icu/2011j/le/42/.gitattributes
./unicode-org/icu-data/tzdata/icu/2011k/be/.gitattributes
./unicode-org/icu-data/tzdata/icu/2011k/be/38/.gitattributes
./unicode-org/icu-data/tzdata/icu/2011k/be/40/.gitattributes
./unicode-org/icu-data/tzdata/icu/2011k/be/42/.gitattributes
./unicode-org/icu-data/tzdata/icu/2011k/ee/.gitattributes
./unicode-org/icu-data/tzdata/icu/2011k/ee/38/.gitattributes
./unicode-org/icu-data/tzdata/icu/2011k/ee/40/.gitattributes
./unicode-org/icu-data/tzdata/icu/2011k/ee/42/.gitattributes
./unicode-org/icu-data/tzdata/icu/2011k/le/.gitattributes
./unicode-org/icu-data/tzdata/icu/2011k/le/38/.gitattributes
./unicode-org/icu-data/tzdata/icu/2011k/le/40/.gitattributes
./unicode-org/icu-data/tzdata/icu/2011k/le/42/.gitattributes
./unicode-org/icu-data/tzdata/icu/2011l/be/.gitattributes
./unicode-org/icu-data/tzdata/icu/2011l/be/38/.gitattributes
./unicode-org/icu-data/tzdata/icu/2011l/be/40/.gitattributes
./unicode-org/icu-data/tzdata/icu/2011l/be/42/.gitattributes
./unicode-org/icu-data/tzdata/icu/2011l/ee/.gitattributes
./unicode-org/icu-data/tzdata/icu/2011l/ee/38/.gitattributes
./unicode-org/icu-data/tzdata/icu/2011l/ee/40/.gitattributes
./unicode-org/icu-data/tzdata/icu/2011l/ee/42/.gitattributes
./unicode-org/icu-data/tzdata/icu/2011l/le/.gitattributes
./unicode-org/icu-data/tzdata/icu/2011l/le/38/.gitattributes
./unicode-org/icu-data/tzdata/icu/2011l/le/40/.gitattributes
./unicode-org/icu-data/tzdata/icu/2011l/le/42/.gitattributes
./unicode-org/icu-data/tzdata/icu/2011m/be/.gitattributes
./unicode-org/icu-data/tzdata/icu/2011m/be/38/.gitattributes
./unicode-org/icu-data/tzdata/icu/2011m/be/40/.gitattributes
./unicode-org/icu-data/tzdata/icu/2011m/be/42/.gitattributes
./unicode-org/icu-data/tzdata/icu/2011m/ee/.gitattributes
./unicode-org/icu-data/tzdata/icu/2011m/ee/38/.gitattributes
./unicode-org/icu-data/tzdata/icu/2011m/ee/40/.gitattributes
./unicode-org/icu-data/tzdata/icu/2011m/ee/42/.gitattributes
./unicode-org/icu-data/tzdata/icu/2011m/le/.gitattributes
./unicode-org/icu-data/tzdata/icu/2011m/le/38/.gitattributes
./unicode-org/icu-data/tzdata/icu/2011m/le/40/.gitattributes
./unicode-org/icu-data/tzdata/icu/2011m/le/42/.gitattributes
./unicode-org/icu-data/tzdata/icu/2011n/be/.gitattributes
./unicode-org/icu-data/tzdata/icu/2011n/be/38/.gitattributes
./unicode-org/icu-data/tzdata/icu/2011n/be/40/.gitattributes
./unicode-org/icu-data/tzdata/icu/2011n/be/42/.gitattributes
./unicode-org/icu-data/tzdata/icu/2011n/ee/.gitattributes
./unicode-org/icu-data/tzdata/icu/2011n/ee/38/.gitattributes
./unicode-org/icu-data/tzdata/icu/2011n/ee/40/.gitattributes
./unicode-org/icu-data/tzdata/icu/2011n/ee/42/.gitattributes
./unicode-org/icu-data/tzdata/icu/2011n/le/.gitattributes
./unicode-org/icu-data/tzdata/icu/2011n/le/38/.gitattributes
./unicode-org/icu-data/tzdata/icu/2011n/le/40/.gitattributes
./unicode-org/icu-data/tzdata/icu/2011n/le/42/.gitattributes
./unicode-org/icu-data/tzdata/icunew/2010a/36/be/.gitattributes
./unicode-org/icu-data/tzdata/icunew/2010a/36/ee/.gitattributes
./unicode-org/icu-data/tzdata/icunew/2010a/36/le/.gitattributes
./unicode-org/icu-data/tzdata/icunew/2010a/38/be/.gitattributes
./unicode-org/icu-data/tzdata/icunew/2010a/38/ee/.gitattributes
./unicode-org/icu-data/tzdata/icunew/2010a/38/le/.gitattributes
./unicode-org/icu-data/tzdata/icunew/2010a/40/be/.gitattributes
./unicode-org/icu-data/tzdata/icunew/2010a/40/ee/.gitattributes
./unicode-org/icu-data/tzdata/icunew/2010a/40/le/.gitattributes
./unicode-org/icu-data/tzdata/icunew/2010a/42/be/.gitattributes
./unicode-org/icu-data/tzdata/icunew/2010a/42/ee/.gitattributes
./unicode-org/icu-data/tzdata/icunew/2010a/42/le/.gitattributes
./unicode-org/icu-data/tzdata/icunew/2010a/44/be/.gitattributes
./unicode-org/icu-data/tzdata/icunew/2010a/44/ee/.gitattributes
./unicode-org/icu-data/tzdata/icunew/2010a/44/le/.gitattributes
./unicode-org/icu-data/tzdata/icunew/2010b/36/be/.gitattributes
./unicode-org/icu-data/tzdata/icunew/2010b/36/ee/.gitattributes
./unicode-org/icu-data/tzdata/icunew/2010b/36/le/.gitattributes
./unicode-org/icu-data/tzdata/icunew/2010b/38/be/.gitattributes
./unicode-org/icu-data/tzdata/icunew/2010b/38/ee/.gitattributes
./unicode-org/icu-data/tzdata/icunew/2010b/38/le/.gitattributes
./unicode-org/icu-data/tzdata/icunew/2010b/40/be/.gitattributes
./unicode-org/icu-data/tzdata/icunew/2010b/40/ee/.gitattributes
./unicode-org/icu-data/tzdata/icunew/2010b/40/le/.gitattributes
./unicode-org/icu-data/tzdata/icunew/2010b/42/be/.gitattributes
./unicode-org/icu-data/tzdata/icunew/2010b/42/ee/.gitattributes
./unicode-org/icu-data/tzdata/icunew/2010b/42/le/.gitattributes
./unicode-org/icu-data/tzdata/icunew/2010b/44/be/.gitattributes
./unicode-org/icu-data/tzdata/icunew/2010b/44/ee/.gitattributes
./unicode-org/icu-data/tzdata/icunew/2010b/44/le/.gitattributes
./unicode-org/icu-data/tzdata/icunew/2010c/36/be/.gitattributes
./unicode-org/icu-data/tzdata/icunew/2010c/36/ee/.gitattributes
./unicode-org/icu-data/tzdata/icunew/2010c/36/le/.gitattributes
./unicode-org/icu-data/tzdata/icunew/2010c/38/be/.gitattributes
./unicode-org/icu-data/tzdata/icunew/2010c/38/ee/.gitattributes
./unicode-org/icu-data/tzdata/icunew/2010c/38/le/.gitattributes
./unicode-org/icu-data/tzdata/icunew/2010c/40/be/.gitattributes
./unicode-org/icu-data/tzdata/icunew/2010c/40/ee/.gitattributes
./unicode-org/icu-data/tzdata/icunew/2010c/40/le/.gitattributes
./unicode-org/icu-data/tzdata/icunew/2010c/42/be/.gitattributes
./unicode-org/icu-data/tzdata/icunew/2010c/42/ee/.gitattributes
./unicode-org/icu-data/tzdata/icunew/2010c/42/le/.gitattributes
./unicode-org/icu-data/tzdata/icunew/2010c/44/be/.gitattributes
./unicode-org/icu-data/tzdata/icunew/2010c/44/ee/.gitattributes
./unicode-org/icu-data/tzdata/icunew/2010c/44/le/.gitattributes
./unicode-org/icu-data/tzdata/icunew/2010d/36/be/.gitattributes
./unicode-org/icu-data/tzdata/icunew/2010d/36/ee/.gitattributes
./unicode-org/icu-data/tzdata/icunew/2010d/36/le/.gitattributes
./unicode-org/icu-data/tzdata/icunew/2010d/38/be/.gitattributes
./unicode-org/icu-data/tzdata/icunew/2010d/38/ee/.gitattributes
./unicode-org/icu-data/tzdata/icunew/2010d/38/le/.gitattributes
./unicode-org/icu-data/tzdata/icunew/2010d/40/be/.gitattributes
./unicode-org/icu-data/tzdata/icunew/2010d/40/ee/.gitattributes
./unicode-org/icu-data/tzdata/icunew/2010d/40/le/.gitattributes
./unicode-org/icu-data/tzdata/icunew/2010d/42/be/.gitattributes
./unicode-org/icu-data/tzdata/icunew/2010d/42/ee/.gitattributes
./unicode-org/icu-data/tzdata/icunew/2010d/42/le/.gitattributes
./unicode-org/icu-data/tzdata/icunew/2010d/44/be/.gitattributes
./unicode-org/icu-data/tzdata/icunew/2010d/44/ee/.gitattributes
./unicode-org/icu-data/tzdata/icunew/2010d/44/le/.gitattributes
./unicode-org/icu-data/tzdata/icunew/2010e/36/be/.gitattributes
./unicode-org/icu-data/tzdata/icunew/2010e/36/ee/.gitattributes
./unicode-org/icu-data/tzdata/icunew/2010e/36/le/.gitattributes
./unicode-org/icu-data/tzdata/icunew/2010e/38/be/.gitattributes
./unicode-org/icu-data/tzdata/icunew/2010e/38/ee/.gitattributes
./unicode-org/icu-data/tzdata/icunew/2010e/38/le/.gitattributes
./unicode-org/icu-data/tzdata/icunew/2010e/40/be/.gitattributes
./unicode-org/icu-data/tzdata/icunew/2010e/40/ee/.gitattributes
./unicode-org/icu-data/tzdata/icunew/2010e/40/le/.gitattributes
./unicode-org/icu-data/tzdata/icunew/2010e/42/be/.gitattributes
./unicode-org/icu-data/tzdata/icunew/2010e/42/ee/.gitattributes
./unicode-org/icu-data/tzdata/icunew/2010e/42/le/.gitattributes
./unicode-org/icu-data/tzdata/icunew/2010e/44/be/.gitattributes
./unicode-org/icu-data/tzdata/icunew/2010e/44/ee/.gitattributes
./unicode-org/icu-data/tzdata/icunew/2010e/44/le/.gitattributes
./unicode-org/icu-data/tzdata/icunew/2010f/36/be/.gitattributes
./unicode-org/icu-data/tzdata/icunew/2010f/36/ee/.gitattributes
./unicode-org/icu-data/tzdata/icunew/2010f/36/le/.gitattributes
./unicode-org/icu-data/tzdata/icunew/2010f/38/be/.gitattributes
./unicode-org/icu-data/tzdata/icunew/2010f/38/ee/.gitattributes
./unicode-org/icu-data/tzdata/icunew/2010f/38/le/.gitattributes
./unicode-org/icu-data/tzdata/icunew/2010f/40/be/.gitattributes
./unicode-org/icu-data/tzdata/icunew/2010f/40/ee/.gitattributes
./unicode-org/icu-data/tzdata/icunew/2010f/40/le/.gitattributes
./unicode-org/icu-data/tzdata/icunew/2010f/42/be/.gitattributes
./unicode-org/icu-data/tzdata/icunew/2010f/42/ee/.gitattributes
./unicode-org/icu-data/tzdata/icunew/2010f/42/le/.gitattributes
./unicode-org/icu-data/tzdata/icunew/2010f/44/be/.gitattributes
./unicode-org/icu-data/tzdata/icunew/2010f/44/ee/.gitattributes
./unicode-org/icu-data/tzdata/icunew/2010f/44/le/.gitattributes
./unicode-org/icu-data/tzdata/icunew/2010g/44/be/.gitattributes
./unicode-org/icu-data/tzdata/icunew/2010g/44/ee/.gitattributes
./unicode-org/icu-data/tzdata/icunew/2010g/44/le/.gitattributes
./unicode-org/icu-data/tzdata/icunew/2010h/36/be/.gitattributes
./unicode-org/icu-data/tzdata/icunew/2010h/36/ee/.gitattributes
./unicode-org/icu-data/tzdata/icunew/2010h/36/le/.gitattributes
./unicode-org/icu-data/tzdata/icunew/2010h/38/be/.gitattributes
./unicode-org/icu-data/tzdata/icunew/2010h/38/ee/.gitattributes
./unicode-org/icu-data/tzdata/icunew/2010h/38/le/.gitattributes
./unicode-org/icu-data/tzdata/icunew/2010h/40/be/.gitattributes
./unicode-org/icu-data/tzdata/icunew/2010h/40/ee/.gitattributes
./unicode-org/icu-data/tzdata/icunew/2010h/40/le/.gitattributes
./unicode-org/icu-data/tzdata/icunew/2010h/42/be/.gitattributes
./unicode-org/icu-data/tzdata/icunew/2010h/42/ee/.gitattributes
./unicode-org/icu-data/tzdata/icunew/2010h/42/le/.gitattributes
./unicode-org/icu-data/tzdata/icunew/2010h/44/be/.gitattributes
./unicode-org/icu-data/tzdata/icunew/2010h/44/ee/.gitattributes
./unicode-org/icu-data/tzdata/icunew/2010h/44/le/.gitattributes
./unicode-org/icu-data/tzdata/icunew/2010i/36/be/.gitattributes
./unicode-org/icu-data/tzdata/icunew/2010i/36/ee/.gitattributes
./unicode-org/icu-data/tzdata/icunew/2010i/36/le/.gitattributes
./unicode-org/icu-data/tzdata/icunew/2010i/38/be/.gitattributes
./unicode-org/icu-data/tzdata/icunew/2010i/38/ee/.gitattributes
./unicode-org/icu-data/tzdata/icunew/2010i/38/le/.gitattributes
./unicode-org/icu-data/tzdata/icunew/2010i/40/be/.gitattributes
./unicode-org/icu-data/tzdata/icunew/2010i/40/ee/.gitattributes
./unicode-org/icu-data/tzdata/icunew/2010i/40/le/.gitattributes
./unicode-org/icu-data/tzdata/icunew/2010i/42/be/.gitattributes
./unicode-org/icu-data/tzdata/icunew/2010i/42/ee/.gitattributes
./unicode-org/icu-data/tzdata/icunew/2010i/42/le/.gitattributes
./unicode-org/icu-data/tzdata/icunew/2010i/44/be/.gitattributes
./unicode-org/icu-data/tzdata/icunew/2010i/44/ee/.gitattributes
./unicode-org/icu-data/tzdata/icunew/2010i/44/le/.gitattributes
./unicode-org/icu-data/tzdata/icunew/2010j/36/be/.gitattributes
./unicode-org/icu-data/tzdata/icunew/2010j/36/ee/.gitattributes
./unicode-org/icu-data/tzdata/icunew/2010j/36/le/.gitattributes
./unicode-org/icu-data/tzdata/icunew/2010j/38/be/.gitattributes
./unicode-org/icu-data/tzdata/icunew/2010j/38/ee/.gitattributes
./unicode-org/icu-data/tzdata/icunew/2010j/38/le/.gitattributes
./unicode-org/icu-data/tzdata/icunew/2010j/40/be/.gitattributes
./unicode-org/icu-data/tzdata/icunew/2010j/40/ee/.gitattributes
./unicode-org/icu-data/tzdata/icunew/2010j/40/le/.gitattributes
./unicode-org/icu-data/tzdata/icunew/2010j/42/be/.gitattributes
./unicode-org/icu-data/tzdata/icunew/2010j/42/ee/.gitattributes
./unicode-org/icu-data/tzdata/icunew/2010j/42/le/.gitattributes
./unicode-org/icu-data/tzdata/icunew/2010j/44/be/.gitattributes
./unicode-org/icu-data/tzdata/icunew/2010j/44/ee/.gitattributes
./unicode-org/icu-data/tzdata/icunew/2010j/44/le/.gitattributes
./unicode-org/icu-data/tzdata/icunew/2010k/36/be/.gitattributes
./unicode-org/icu-data/tzdata/icunew/2010k/36/ee/.gitattributes
./unicode-org/icu-data/tzdata/icunew/2010k/36/le/.gitattributes
./unicode-org/icu-data/tzdata/icunew/2010k/38/be/.gitattributes
./unicode-org/icu-data/tzdata/icunew/2010k/38/ee/.gitattributes
./unicode-org/icu-data/tzdata/icunew/2010k/38/le/.gitattributes
./unicode-org/icu-data/tzdata/icunew/2010k/40/be/.gitattributes
./unicode-org/icu-data/tzdata/icunew/2010k/40/ee/.gitattributes
./unicode-org/icu-data/tzdata/icunew/2010k/40/le/.gitattributes
./unicode-org/icu-data/tzdata/icunew/2010k/42/be/.gitattributes
./unicode-org/icu-data/tzdata/icunew/2010k/42/ee/.gitattributes
./unicode-org/icu-data/tzdata/icunew/2010k/42/le/.gitattributes
./unicode-org/icu-data/tzdata/icunew/2010k/44/be/.gitattributes
./unicode-org/icu-data/tzdata/icunew/2010k/44/ee/.gitattributes
./unicode-org/icu-data/tzdata/icunew/2010k/44/le/.gitattributes
./unicode-org/icu-data/tzdata/icunew/2010l/36/be/.gitattributes
./unicode-org/icu-data/tzdata/icunew/2010l/36/ee/.gitattributes
./unicode-org/icu-data/tzdata/icunew/2010l/36/le/.gitattributes
./unicode-org/icu-data/tzdata/icunew/2010l/38/be/.gitattributes
./unicode-org/icu-data/tzdata/icunew/2010l/38/ee/.gitattributes
./unicode-org/icu-data/tzdata/icunew/2010l/38/le/.gitattributes
./unicode-org/icu-data/tzdata/icunew/2010l/40/be/.gitattributes
./unicode-org/icu-data/tzdata/icunew/2010l/40/ee/.gitattributes
./unicode-org/icu-data/tzdata/icunew/2010l/40/le/.gitattributes
./unicode-org/icu-data/tzdata/icunew/2010l/42/be/.gitattributes
./unicode-org/icu-data/tzdata/icunew/2010l/42/ee/.gitattributes
./unicode-org/icu-data/tzdata/icunew/2010l/42/le/.gitattributes
./unicode-org/icu-data/tzdata/icunew/2010l/44/be/.gitattributes
./unicode-org/icu-data/tzdata/icunew/2010l/44/ee/.gitattributes
./unicode-org/icu-data/tzdata/icunew/2010l/44/le/.gitattributes
./unicode-org/icu-data/tzdata/icunew/2010m/36/be/.gitattributes
./unicode-org/icu-data/tzdata/icunew/2010m/36/ee/.gitattributes
./unicode-org/icu-data/tzdata/icunew/2010m/36/le/.gitattributes
./unicode-org/icu-data/tzdata/icunew/2010m/38/be/.gitattributes
./unicode-org/icu-data/tzdata/icunew/2010m/38/ee/.gitattributes
./unicode-org/icu-data/tzdata/icunew/2010m/38/le/.gitattributes
./unicode-org/icu-data/tzdata/icunew/2010m/40/be/.gitattributes
./unicode-org/icu-data/tzdata/icunew/2010m/40/ee/.gitattributes
./unicode-org/icu-data/tzdata/icunew/2010m/40/le/.gitattributes
./unicode-org/icu-data/tzdata/icunew/2010m/42/be/.gitattributes
./unicode-org/icu-data/tzdata/icunew/2010m/42/ee/.gitattributes
./unicode-org/icu-data/tzdata/icunew/2010m/42/le/.gitattributes
./unicode-org/icu-data/tzdata/icunew/2010m/44/be/.gitattributes
./unicode-org/icu-data/tzdata/icunew/2010m/44/ee/.gitattributes
./unicode-org/icu-data/tzdata/icunew/2010m/44/le/.gitattributes
./unicode-org/icu-data/tzdata/icunew/2010n/36/be/.gitattributes
./unicode-org/icu-data/tzdata/icunew/2010n/36/ee/.gitattributes
./unicode-org/icu-data/tzdata/icunew/2010n/36/le/.gitattributes
./unicode-org/icu-data/tzdata/icunew/2010n/38/be/.gitattributes
./unicode-org/icu-data/tzdata/icunew/2010n/38/ee/.gitattributes
./unicode-org/icu-data/tzdata/icunew/2010n/38/le/.gitattributes
./unicode-org/icu-data/tzdata/icunew/2010n/40/be/.gitattributes
./unicode-org/icu-data/tzdata/icunew/2010n/40/ee/.gitattributes
./unicode-org/icu-data/tzdata/icunew/2010n/40/le/.gitattributes
./unicode-org/icu-data/tzdata/icunew/2010n/42/be/.gitattributes
./unicode-org/icu-data/tzdata/icunew/2010n/42/ee/.gitattributes
./unicode-org/icu-data/tzdata/icunew/2010n/42/le/.gitattributes
./unicode-org/icu-data/tzdata/icunew/2010n/44/be/.gitattributes
./unicode-org/icu-data/tzdata/icunew/2010n/44/ee/.gitattributes
./unicode-org/icu-data/tzdata/icunew/2010n/44/le/.gitattributes
./unicode-org/icu-data/tzdata/icunew/2010o/36/be/.gitattributes
./unicode-org/icu-data/tzdata/icunew/2010o/36/ee/.gitattributes
./unicode-org/icu-data/tzdata/icunew/2010o/36/le/.gitattributes
./unicode-org/icu-data/tzdata/icunew/2010o/38/be/.gitattributes
./unicode-org/icu-data/tzdata/icunew/2010o/38/ee/.gitattributes
./unicode-org/icu-data/tzdata/icunew/2010o/38/le/.gitattributes
./unicode-org/icu-data/tzdata/icunew/2010o/40/be/.gitattributes
./unicode-org/icu-data/tzdata/icunew/2010o/40/ee/.gitattributes
./unicode-org/icu-data/tzdata/icunew/2010o/40/le/.gitattributes
./unicode-org/icu-data/tzdata/icunew/2010o/42/be/.gitattributes
./unicode-org/icu-data/tzdata/icunew/2010o/42/ee/.gitattributes
./unicode-org/icu-data/tzdata/icunew/2010o/42/le/.gitattributes
./unicode-org/icu-data/tzdata/icunew/2010o/44/be/.gitattributes
./unicode-org/icu-data/tzdata/icunew/2010o/44/ee/.gitattributes
./unicode-org/icu-data/tzdata/icunew/2010o/44/le/.gitattributes
./unicode-org/icu-data/tzdata/icunew/2011a/36/be/.gitattributes
./unicode-org/icu-data/tzdata/icunew/2011a/36/ee/.gitattributes
./unicode-org/icu-data/tzdata/icunew/2011a/36/le/.gitattributes
./unicode-org/icu-data/tzdata/icunew/2011a/38/be/.gitattributes
./unicode-org/icu-data/tzdata/icunew/2011a/38/ee/.gitattributes
./unicode-org/icu-data/tzdata/icunew/2011a/38/le/.gitattributes
./unicode-org/icu-data/tzdata/icunew/2011a/40/be/.gitattributes
./unicode-org/icu-data/tzdata/icunew/2011a/40/ee/.gitattributes
./unicode-org/icu-data/tzdata/icunew/2011a/40/le/.gitattributes
./unicode-org/icu-data/tzdata/icunew/2011a/42/be/.gitattributes
./unicode-org/icu-data/tzdata/icunew/2011a/42/ee/.gitattributes
./unicode-org/icu-data/tzdata/icunew/2011a/42/le/.gitattributes
./unicode-org/icu-data/tzdata/icunew/2011a/44/be/.gitattributes
./unicode-org/icu-data/tzdata/icunew/2011a/44/ee/.gitattributes
./unicode-org/icu-data/tzdata/icunew/2011a/44/le/.gitattributes
./unicode-org/icu-data/tzdata/icunew/2011b/36/be/.gitattributes
./unicode-org/icu-data/tzdata/icunew/2011b/36/ee/.gitattributes
./unicode-org/icu-data/tzdata/icunew/2011b/36/le/.gitattributes
./unicode-org/icu-data/tzdata/icunew/2011b/38/be/.gitattributes
./unicode-org/icu-data/tzdata/icunew/2011b/38/ee/.gitattributes
./unicode-org/icu-data/tzdata/icunew/2011b/38/le/.gitattributes
./unicode-org/icu-data/tzdata/icunew/2011b/40/be/.gitattributes
./unicode-org/icu-data/tzdata/icunew/2011b/40/ee/.gitattributes
./unicode-org/icu-data/tzdata/icunew/2011b/40/le/.gitattributes
./unicode-org/icu-data/tzdata/icunew/2011b/42/be/.gitattributes
./unicode-org/icu-data/tzdata/icunew/2011b/42/ee/.gitattributes
./unicode-org/icu-data/tzdata/icunew/2011b/42/le/.gitattributes
./unicode-org/icu-data/tzdata/icunew/2011b/44/be/.gitattributes
./unicode-org/icu-data/tzdata/icunew/2011b/44/ee/.gitattributes
./unicode-org/icu-data/tzdata/icunew/2011b/44/le/.gitattributes
./unicode-org/icu-data/tzdata/icunew/2011c/36/be/.gitattributes
./unicode-org/icu-data/tzdata/icunew/2011c/36/ee/.gitattributes
./unicode-org/icu-data/tzdata/icunew/2011c/36/le/.gitattributes
./unicode-org/icu-data/tzdata/icunew/2011c/38/be/.gitattributes
./unicode-org/icu-data/tzdata/icunew/2011c/38/ee/.gitattributes
./unicode-org/icu-data/tzdata/icunew/2011c/38/le/.gitattributes
./unicode-org/icu-data/tzdata/icunew/2011c/40/be/.gitattributes
./unicode-org/icu-data/tzdata/icunew/2011c/40/ee/.gitattributes
./unicode-org/icu-data/tzdata/icunew/2011c/40/le/.gitattributes
./unicode-org/icu-data/tzdata/icunew/2011c/42/be/.gitattributes
./unicode-org/icu-data/tzdata/icunew/2011c/42/ee/.gitattributes
./unicode-org/icu-data/tzdata/icunew/2011c/42/le/.gitattributes
./unicode-org/icu-data/tzdata/icunew/2011c/44/be/.gitattributes
./unicode-org/icu-data/tzdata/icunew/2011c/44/ee/.gitattributes
./unicode-org/icu-data/tzdata/icunew/2011c/44/le/.gitattributes
./unicode-org/icu-data/tzdata/icunew/2011d/36/be/.gitattributes
./unicode-org/icu-data/tzdata/icunew/2011d/36/ee/.gitattributes
./unicode-org/icu-data/tzdata/icunew/2011d/36/le/.gitattributes
./unicode-org/icu-data/tzdata/icunew/2011d/38/be/.gitattributes
./unicode-org/icu-data/tzdata/icunew/2011d/38/ee/.gitattributes
./unicode-org/icu-data/tzdata/icunew/2011d/38/le/.gitattributes
./unicode-org/icu-data/tzdata/icunew/2011d/40/be/.gitattributes
./unicode-org/icu-data/tzdata/icunew/2011d/40/ee/.gitattributes
./unicode-org/icu-data/tzdata/icunew/2011d/40/le/.gitattributes
./unicode-org/icu-data/tzdata/icunew/2011d/42/be/.gitattributes
./unicode-org/icu-data/tzdata/icunew/2011d/42/ee/.gitattributes
./unicode-org/icu-data/tzdata/icunew/2011d/42/le/.gitattributes
./unicode-org/icu-data/tzdata/icunew/2011d/44/be/.gitattributes
./unicode-org/icu-data/tzdata/icunew/2011d/44/ee/.gitattributes
./unicode-org/icu-data/tzdata/icunew/2011d/44/le/.gitattributes
./unicode-org/icu-data/tzdata/icunew/2011e/36/be/.gitattributes
./unicode-org/icu-data/tzdata/icunew/2011e/36/ee/.gitattributes
./unicode-org/icu-data/tzdata/icunew/2011e/36/le/.gitattributes
./unicode-org/icu-data/tzdata/icunew/2011e/38/be/.gitattributes
./unicode-org/icu-data/tzdata/icunew/2011e/38/ee/.gitattributes
./unicode-org/icu-data/tzdata/icunew/2011e/38/le/.gitattributes
./unicode-org/icu-data/tzdata/icunew/2011e/40/be/.gitattributes
./unicode-org/icu-data/tzdata/icunew/2011e/40/ee/.gitattributes
./unicode-org/icu-data/tzdata/icunew/2011e/40/le/.gitattributes
./unicode-org/icu-data/tzdata/icunew/2011e/42/be/.gitattributes
./unicode-org/icu-data/tzdata/icunew/2011e/42/ee/.gitattributes
./unicode-org/icu-data/tzdata/icunew/2011e/42/le/.gitattributes
./unicode-org/icu-data/tzdata/icunew/2011e/44/be/.gitattributes
./unicode-org/icu-data/tzdata/icunew/2011e/44/ee/.gitattributes
./unicode-org/icu-data/tzdata/icunew/2011e/44/le/.gitattributes
./unicode-org/icu-data/tzdata/icunew/2011f/36/be/.gitattributes
./unicode-org/icu-data/tzdata/icunew/2011f/36/ee/.gitattributes
./unicode-org/icu-data/tzdata/icunew/2011f/36/le/.gitattributes
./unicode-org/icu-data/tzdata/icunew/2011f/38/be/.gitattributes
./unicode-org/icu-data/tzdata/icunew/2011f/38/ee/.gitattributes
./unicode-org/icu-data/tzdata/icunew/2011f/38/le/.gitattributes
./unicode-org/icu-data/tzdata/icunew/2011f/40/be/.gitattributes
./unicode-org/icu-data/tzdata/icunew/2011f/40/ee/.gitattributes
./unicode-org/icu-data/tzdata/icunew/2011f/40/le/.gitattributes
./unicode-org/icu-data/tzdata/icunew/2011f/42/be/.gitattributes
./unicode-org/icu-data/tzdata/icunew/2011f/42/ee/.gitattributes
./unicode-org/icu-data/tzdata/icunew/2011f/42/le/.gitattributes
./unicode-org/icu-data/tzdata/icunew/2011f/44/be/.gitattributes
./unicode-org/icu-data/tzdata/icunew/2011f/44/ee/.gitattributes
./unicode-org/icu-data/tzdata/icunew/2011f/44/le/.gitattributes
./unicode-org/icu-data/tzdata/icunew/2011g/36/be/.gitattributes
./unicode-org/icu-data/tzdata/icunew/2011g/36/ee/.gitattributes
./unicode-org/icu-data/tzdata/icunew/2011g/36/le/.gitattributes
./unicode-org/icu-data/tzdata/icunew/2011g/38/be/.gitattributes
./unicode-org/icu-data/tzdata/icunew/2011g/38/ee/.gitattributes
./unicode-org/icu-data/tzdata/icunew/2011g/38/le/.gitattributes
./unicode-org/icu-data/tzdata/icunew/2011g/40/be/.gitattributes
./unicode-org/icu-data/tzdata/icunew/2011g/40/ee/.gitattributes
./unicode-org/icu-data/tzdata/icunew/2011g/40/le/.gitattributes
./unicode-org/icu-data/tzdata/icunew/2011g/42/be/.gitattributes
./unicode-org/icu-data/tzdata/icunew/2011g/42/ee/.gitattributes
./unicode-org/icu-data/tzdata/icunew/2011g/42/le/.gitattributes
./unicode-org/icu-data/tzdata/icunew/2011g/44/be/.gitattributes
./unicode-org/icu-data/tzdata/icunew/2011g/44/ee/.gitattributes
./unicode-org/icu-data/tzdata/icunew/2011g/44/le/.gitattributes
./unicode-org/icu-data/tzdata/icunew/2011h/36/be/.gitattributes
./unicode-org/icu-data/tzdata/icunew/2011h/36/ee/.gitattributes
./unicode-org/icu-data/tzdata/icunew/2011h/36/le/.gitattributes
./unicode-org/icu-data/tzdata/icunew/2011h/38/be/.gitattributes
./unicode-org/icu-data/tzdata/icunew/2011h/38/ee/.gitattributes
./unicode-org/icu-data/tzdata/icunew/2011h/38/le/.gitattributes
./unicode-org/icu-data/tzdata/icunew/2011h/40/be/.gitattributes
./unicode-org/icu-data/tzdata/icunew/2011h/40/ee/.gitattributes
./unicode-org/icu-data/tzdata/icunew/2011h/40/le/.gitattributes
./unicode-org/icu-data/tzdata/icunew/2011h/42/be/.gitattributes
./unicode-org/icu-data/tzdata/icunew/2011h/42/ee/.gitattributes
./unicode-org/icu-data/tzdata/icunew/2011h/42/le/.gitattributes
./unicode-org/icu-data/tzdata/icunew/2011h/44/be/.gitattributes
./unicode-org/icu-data/tzdata/icunew/2011h/44/ee/.gitattributes
./unicode-org/icu-data/tzdata/icunew/2011h/44/le/.gitattributes
./unicode-org/icu-data/tzdata/icunew/2011i/36/be/.gitattributes
./unicode-org/icu-data/tzdata/icunew/2011i/36/ee/.gitattributes
./unicode-org/icu-data/tzdata/icunew/2011i/36/le/.gitattributes
./unicode-org/icu-data/tzdata/icunew/2011i/38/be/.gitattributes
./unicode-org/icu-data/tzdata/icunew/2011i/38/ee/.gitattributes
./unicode-org/icu-data/tzdata/icunew/2011i/38/le/.gitattributes
./unicode-org/icu-data/tzdata/icunew/2011i/40/be/.gitattributes
./unicode-org/icu-data/tzdata/icunew/2011i/40/ee/.gitattributes
./unicode-org/icu-data/tzdata/icunew/2011i/40/le/.gitattributes
./unicode-org/icu-data/tzdata/icunew/2011i/42/be/.gitattributes
./unicode-org/icu-data/tzdata/icunew/2011i/42/ee/.gitattributes
./unicode-org/icu-data/tzdata/icunew/2011i/42/le/.gitattributes
./unicode-org/icu-data/tzdata/icunew/2011i/44/be/.gitattributes
./unicode-org/icu-data/tzdata/icunew/2011i/44/ee/.gitattributes
./unicode-org/icu-data/tzdata/icunew/2011i/44/le/.gitattributes
./unicode-org/icu-data/tzdata/icunew/2011j/36/be/.gitattributes
./unicode-org/icu-data/tzdata/icunew/2011j/36/ee/.gitattributes
./unicode-org/icu-data/tzdata/icunew/2011j/36/le/.gitattributes
./unicode-org/icu-data/tzdata/icunew/2011j/38/be/.gitattributes
./unicode-org/icu-data/tzdata/icunew/2011j/38/ee/.gitattributes
./unicode-org/icu-data/tzdata/icunew/2011j/38/le/.gitattributes
./unicode-org/icu-data/tzdata/icunew/2011j/40/be/.gitattributes
./unicode-org/icu-data/tzdata/icunew/2011j/40/ee/.gitattributes
./unicode-org/icu-data/tzdata/icunew/2011j/40/le/.gitattributes
./unicode-org/icu-data/tzdata/icunew/2011j/42/be/.gitattributes
./unicode-org/icu-data/tzdata/icunew/2011j/42/ee/.gitattributes
./unicode-org/icu-data/tzdata/icunew/2011j/42/le/.gitattributes
./unicode-org/icu-data/tzdata/icunew/2011j/44/be/.gitattributes
./unicode-org/icu-data/tzdata/icunew/2011j/44/ee/.gitattributes
./unicode-org/icu-data/tzdata/icunew/2011j/44/le/.gitattributes
./unicode-org/icu-data/tzdata/icunew/2011k/36/be/.gitattributes
./unicode-org/icu-data/tzdata/icunew/2011k/36/ee/.gitattributes
./unicode-org/icu-data/tzdata/icunew/2011k/36/le/.gitattributes
./unicode-org/icu-data/tzdata/icunew/2011k/38/be/.gitattributes
./unicode-org/icu-data/tzdata/icunew/2011k/38/ee/.gitattributes
./unicode-org/icu-data/tzdata/icunew/2011k/38/le/.gitattributes
./unicode-org/icu-data/tzdata/icunew/2011k/40/be/.gitattributes
./unicode-org/icu-data/tzdata/icunew/2011k/40/ee/.gitattributes
./unicode-org/icu-data/tzdata/icunew/2011k/40/le/.gitattributes
./unicode-org/icu-data/tzdata/icunew/2011k/42/be/.gitattributes
./unicode-org/icu-data/tzdata/icunew/2011k/42/ee/.gitattributes
./unicode-org/icu-data/tzdata/icunew/2011k/42/le/.gitattributes
./unicode-org/icu-data/tzdata/icunew/2011k/44/be/.gitattributes
./unicode-org/icu-data/tzdata/icunew/2011k/44/ee/.gitattributes
./unicode-org/icu-data/tzdata/icunew/2011k/44/le/.gitattributes
./unicode-org/icu-data/tzdata/icunew/2011l/36/be/.gitattributes
./unicode-org/icu-data/tzdata/icunew/2011l/36/ee/.gitattributes
./unicode-org/icu-data/tzdata/icunew/2011l/36/le/.gitattributes
./unicode-org/icu-data/tzdata/icunew/2011l/38/be/.gitattributes
./unicode-org/icu-data/tzdata/icunew/2011l/38/ee/.gitattributes
./unicode-org/icu-data/tzdata/icunew/2011l/38/le/.gitattributes
./unicode-org/icu-data/tzdata/icunew/2011l/40/be/.gitattributes
./unicode-org/icu-data/tzdata/icunew/2011l/40/ee/.gitattributes
./unicode-org/icu-data/tzdata/icunew/2011l/40/le/.gitattributes
./unicode-org/icu-data/tzdata/icunew/2011l/42/be/.gitattributes
./unicode-org/icu-data/tzdata/icunew/2011l/42/ee/.gitattributes
./unicode-org/icu-data/tzdata/icunew/2011l/42/le/.gitattributes
./unicode-org/icu-data/tzdata/icunew/2011l/44/be/.gitattributes
./unicode-org/icu-data/tzdata/icunew/2011l/44/ee/.gitattributes
./unicode-org/icu-data/tzdata/icunew/2011l/44/le/.gitattributes
./unicode-org/icu-data/tzdata/icunew/2011m/36/be/.gitattributes
./unicode-org/icu-data/tzdata/icunew/2011m/36/ee/.gitattributes
./unicode-org/icu-data/tzdata/icunew/2011m/36/le/.gitattributes
./unicode-org/icu-data/tzdata/icunew/2011m/38/be/.gitattributes
./unicode-org/icu-data/tzdata/icunew/2011m/38/ee/.gitattributes
./unicode-org/icu-data/tzdata/icunew/2011m/38/le/.gitattributes
./unicode-org/icu-data/tzdata/icunew/2011m/40/be/.gitattributes
./unicode-org/icu-data/tzdata/icunew/2011m/40/ee/.gitattributes
./unicode-org/icu-data/tzdata/icunew/2011m/40/le/.gitattributes
./unicode-org/icu-data/tzdata/icunew/2011m/42/be/.gitattributes
./unicode-org/icu-data/tzdata/icunew/2011m/42/ee/.gitattributes
./unicode-org/icu-data/tzdata/icunew/2011m/42/le/.gitattributes
./unicode-org/icu-data/tzdata/icunew/2011m/44/be/.gitattributes
./unicode-org/icu-data/tzdata/icunew/2011m/44/ee/.gitattributes
./unicode-org/icu-data/tzdata/icunew/2011m/44/le/.gitattributes
./unicode-org/icu-data/tzdata/icunew/2011n/36/be/.gitattributes
./unicode-org/icu-data/tzdata/icunew/2011n/36/ee/.gitattributes
./unicode-org/icu-data/tzdata/icunew/2011n/36/le/.gitattributes
./unicode-org/icu-data/tzdata/icunew/2011n/38/be/.gitattributes
./unicode-org/icu-data/tzdata/icunew/2011n/38/ee/.gitattributes
./unicode-org/icu-data/tzdata/icunew/2011n/38/le/.gitattributes
./unicode-org/icu-data/tzdata/icunew/2011n/40/be/.gitattributes
./unicode-org/icu-data/tzdata/icunew/2011n/40/ee/.gitattributes
./unicode-org/icu-data/tzdata/icunew/2011n/40/le/.gitattributes
./unicode-org/icu-data/tzdata/icunew/2011n/42/be/.gitattributes
./unicode-org/icu-data/tzdata/icunew/2011n/42/ee/.gitattributes
./unicode-org/icu-data/tzdata/icunew/2011n/42/le/.gitattributes
./unicode-org/icu-data/tzdata/icunew/2011n/44/be/.gitattributes
./unicode-org/icu-data/tzdata/icunew/2011n/44/ee/.gitattributes
./unicode-org/icu-data/tzdata/icunew/2011n/44/le/.gitattributes
./unicode-org/icu-data/tzdata/icunew/2012a/36/be/.gitattributes
./unicode-org/icu-data/tzdata/icunew/2012a/36/ee/.gitattributes
./unicode-org/icu-data/tzdata/icunew/2012a/36/le/.gitattributes
./unicode-org/icu-data/tzdata/icunew/2012a/38/be/.gitattributes
./unicode-org/icu-data/tzdata/icunew/2012a/38/ee/.gitattributes
./unicode-org/icu-data/tzdata/icunew/2012a/38/le/.gitattributes
./unicode-org/icu-data/tzdata/icunew/2012a/40/be/.gitattributes
./unicode-org/icu-data/tzdata/icunew/2012a/40/ee/.gitattributes
./unicode-org/icu-data/tzdata/icunew/2012a/40/le/.gitattributes
./unicode-org/icu-data/tzdata/icunew/2012a/42/be/.gitattributes
./unicode-org/icu-data/tzdata/icunew/2012a/42/ee/.gitattributes
./unicode-org/icu-data/tzdata/icunew/2012a/42/le/.gitattributes
./unicode-org/icu-data/tzdata/icunew/2012a/44/be/.gitattributes
./unicode-org/icu-data/tzdata/icunew/2012a/44/ee/.gitattributes
./unicode-org/icu-data/tzdata/icunew/2012a/44/le/.gitattributes
./unicode-org/icu-data/tzdata/icunew/2012b/36/be/.gitattributes
./unicode-org/icu-data/tzdata/icunew/2012b/36/ee/.gitattributes
./unicode-org/icu-data/tzdata/icunew/2012b/36/le/.gitattributes
./unicode-org/icu-data/tzdata/icunew/2012b/38/be/.gitattributes
./unicode-org/icu-data/tzdata/icunew/2012b/38/ee/.gitattributes
./unicode-org/icu-data/tzdata/icunew/2012b/38/le/.gitattributes
./unicode-org/icu-data/tzdata/icunew/2012b/40/be/.gitattributes
./unicode-org/icu-data/tzdata/icunew/2012b/40/ee/.gitattributes
./unicode-org/icu-data/tzdata/icunew/2012b/40/le/.gitattributes
./unicode-org/icu-data/tzdata/icunew/2012b/42/be/.gitattributes
./unicode-org/icu-data/tzdata/icunew/2012b/42/ee/.gitattributes
./unicode-org/icu-data/tzdata/icunew/2012b/42/le/.gitattributes
./unicode-org/icu-data/tzdata/icunew/2012b/44/be/.gitattributes
./unicode-org/icu-data/tzdata/icunew/2012b/44/ee/.gitattributes
./unicode-org/icu-data/tzdata/icunew/2012b/44/le/.gitattributes
./unicode-org/icu-data/tzdata/icunew/2012c/36/be/.gitattributes
./unicode-org/icu-data/tzdata/icunew/2012c/36/ee/.gitattributes
./unicode-org/icu-data/tzdata/icunew/2012c/36/le/.gitattributes
./unicode-org/icu-data/tzdata/icunew/2012c/38/be/.gitattributes
./unicode-org/icu-data/tzdata/icunew/2012c/38/ee/.gitattributes
./unicode-org/icu-data/tzdata/icunew/2012c/38/le/.gitattributes
./unicode-org/icu-data/tzdata/icunew/2012c/40/be/.gitattributes
./unicode-org/icu-data/tzdata/icunew/2012c/40/ee/.gitattributes
./unicode-org/icu-data/tzdata/icunew/2012c/40/le/.gitattributes
./unicode-org/icu-data/tzdata/icunew/2012c/42/be/.gitattributes
./unicode-org/icu-data/tzdata/icunew/2012c/42/ee/.gitattributes
./unicode-org/icu-data/tzdata/icunew/2012c/42/le/.gitattributes
./unicode-org/icu-data/tzdata/icunew/2012c/44/be/.gitattributes
./unicode-org/icu-data/tzdata/icunew/2012c/44/ee/.gitattributes
./unicode-org/icu-data/tzdata/icunew/2012c/44/le/.gitattributes
./unicode-org/icu-data/tzdata/icunew/2012d/36/be/.gitattributes
./unicode-org/icu-data/tzdata/icunew/2012d/36/ee/.gitattributes
./unicode-org/icu-data/tzdata/icunew/2012d/36/le/.gitattributes
./unicode-org/icu-data/tzdata/icunew/2012d/38/be/.gitattributes
./unicode-org/icu-data/tzdata/icunew/2012d/38/ee/.gitattributes
./unicode-org/icu-data/tzdata/icunew/2012d/38/le/.gitattributes
./unicode-org/icu-data/tzdata/icunew/2012d/40/be/.gitattributes
./unicode-org/icu-data/tzdata/icunew/2012d/40/ee/.gitattributes
./unicode-org/icu-data/tzdata/icunew/2012d/40/le/.gitattributes
./unicode-org/icu-data/tzdata/icunew/2012d/42/be/.gitattributes
./unicode-org/icu-data/tzdata/icunew/2012d/42/ee/.gitattributes
./unicode-org/icu-data/tzdata/icunew/2012d/42/le/.gitattributes
./unicode-org/icu-data/tzdata/icunew/2012d/44/be/.gitattributes
./unicode-org/icu-data/tzdata/icunew/2012d/44/ee/.gitattributes
./unicode-org/icu-data/tzdata/icunew/2012d/44/le/.gitattributes
./unicode-org/icu-data/tzdata/icunew/2012e/36/be/.gitattributes
./unicode-org/icu-data/tzdata/icunew/2012e/36/ee/.gitattributes
./unicode-org/icu-data/tzdata/icunew/2012e/36/le/.gitattributes
./unicode-org/icu-data/tzdata/icunew/2012e/38/be/.gitattributes
./unicode-org/icu-data/tzdata/icunew/2012e/38/ee/.gitattributes
./unicode-org/icu-data/tzdata/icunew/2012e/38/le/.gitattributes
./unicode-org/icu-data/tzdata/icunew/2012e/40/be/.gitattributes
./unicode-org/icu-data/tzdata/icunew/2012e/40/ee/.gitattributes
./unicode-org/icu-data/tzdata/icunew/2012e/40/le/.gitattributes
./unicode-org/icu-data/tzdata/icunew/2012e/42/be/.gitattributes
./unicode-org/icu-data/tzdata/icunew/2012e/42/ee/.gitattributes
./unicode-org/icu-data/tzdata/icunew/2012e/42/le/.gitattributes
./unicode-org/icu-data/tzdata/icunew/2012e/44/be/.gitattributes
./unicode-org/icu-data/tzdata/icunew/2012e/44/ee/.gitattributes
./unicode-org/icu-data/tzdata/icunew/2012e/44/le/.gitattributes
./unicode-org/icu-data/tzdata/icunew/2012f/36/be/.gitattributes
./unicode-org/icu-data/tzdata/icunew/2012f/36/ee/.gitattributes
./unicode-org/icu-data/tzdata/icunew/2012f/36/le/.gitattributes
./unicode-org/icu-data/tzdata/icunew/2012f/38/be/.gitattributes
./unicode-org/icu-data/tzdata/icunew/2012f/38/ee/.gitattributes
./unicode-org/icu-data/tzdata/icunew/2012f/38/le/.gitattributes
./unicode-org/icu-data/tzdata/icunew/2012f/40/be/.gitattributes
./unicode-org/icu-data/tzdata/icunew/2012f/40/ee/.gitattributes
./unicode-org/icu-data/tzdata/icunew/2012f/40/le/.gitattributes
./unicode-org/icu-data/tzdata/icunew/2012f/42/be/.gitattributes
./unicode-org/icu-data/tzdata/icunew/2012f/42/ee/.gitattributes
./unicode-org/icu-data/tzdata/icunew/2012f/42/le/.gitattributes
./unicode-org/icu-data/tzdata/icunew/2012f/44/be/.gitattributes
./unicode-org/icu-data/tzdata/icunew/2012f/44/ee/.gitattributes
./unicode-org/icu-data/tzdata/icunew/2012f/44/le/.gitattributes
./unicode-org/icu-data/tzdata/icunew/2012g/36/be/.gitattributes
./unicode-org/icu-data/tzdata/icunew/2012g/36/ee/.gitattributes
./unicode-org/icu-data/tzdata/icunew/2012g/36/le/.gitattributes
./unicode-org/icu-data/tzdata/icunew/2012g/38/be/.gitattributes
./unicode-org/icu-data/tzdata/icunew/2012g/38/ee/.gitattributes
./unicode-org/icu-data/tzdata/icunew/2012g/38/le/.gitattributes
./unicode-org/icu-data/tzdata/icunew/2012g/40/be/.gitattributes
./unicode-org/icu-data/tzdata/icunew/2012g/40/ee/.gitattributes
./unicode-org/icu-data/tzdata/icunew/2012g/40/le/.gitattributes
./unicode-org/icu-data/tzdata/icunew/2012g/42/be/.gitattributes
./unicode-org/icu-data/tzdata/icunew/2012g/42/ee/.gitattributes
./unicode-org/icu-data/tzdata/icunew/2012g/42/le/.gitattributes
./unicode-org/icu-data/tzdata/icunew/2012g/44/be/.gitattributes
./unicode-org/icu-data/tzdata/icunew/2012g/44/ee/.gitattributes
./unicode-org/icu-data/tzdata/icunew/2012g/44/le/.gitattributes
./unicode-org/icu-data/tzdata/icunew/2012h/36/be/.gitattributes
./unicode-org/icu-data/tzdata/icunew/2012h/36/ee/.gitattributes
./unicode-org/icu-data/tzdata/icunew/2012h/36/le/.gitattributes
./unicode-org/icu-data/tzdata/icunew/2012h/38/be/.gitattributes
./unicode-org/icu-data/tzdata/icunew/2012h/38/ee/.gitattributes
./unicode-org/icu-data/tzdata/icunew/2012h/38/le/.gitattributes
./unicode-org/icu-data/tzdata/icunew/2012h/40/be/.gitattributes
./unicode-org/icu-data/tzdata/icunew/2012h/40/ee/.gitattributes
./unicode-org/icu-data/tzdata/icunew/2012h/40/le/.gitattributes
./unicode-org/icu-data/tzdata/icunew/2012h/42/be/.gitattributes
./unicode-org/icu-data/tzdata/icunew/2012h/42/ee/.gitattributes
./unicode-org/icu-data/tzdata/icunew/2012h/42/le/.gitattributes
./unicode-org/icu-data/tzdata/icunew/2012h/44/be/.gitattributes
./unicode-org/icu-data/tzdata/icunew/2012h/44/ee/.gitattributes
./unicode-org/icu-data/tzdata/icunew/2012h/44/le/.gitattributes
./unicode-org/icu-data/tzdata/icunew/2012i/36/be/.gitattributes
./unicode-org/icu-data/tzdata/icunew/2012i/36/ee/.gitattributes
./unicode-org/icu-data/tzdata/icunew/2012i/36/le/.gitattributes
./unicode-org/icu-data/tzdata/icunew/2012i/38/be/.gitattributes
./unicode-org/icu-data/tzdata/icunew/2012i/38/ee/.gitattributes
./unicode-org/icu-data/tzdata/icunew/2012i/38/le/.gitattributes
./unicode-org/icu-data/tzdata/icunew/2012i/40/be/.gitattributes
./unicode-org/icu-data/tzdata/icunew/2012i/40/ee/.gitattributes
./unicode-org/icu-data/tzdata/icunew/2012i/40/le/.gitattributes
./unicode-org/icu-data/tzdata/icunew/2012i/42/be/.gitattributes
./unicode-org/icu-data/tzdata/icunew/2012i/42/ee/.gitattributes
./unicode-org/icu-data/tzdata/icunew/2012i/42/le/.gitattributes
./unicode-org/icu-data/tzdata/icunew/2012i/44/be/.gitattributes
./unicode-org/icu-data/tzdata/icunew/2012i/44/ee/.gitattributes
./unicode-org/icu-data/tzdata/icunew/2012i/44/le/.gitattributes
./unicode-org/icu-data/tzdata/icunew/2012j/36/be/.gitattributes
./unicode-org/icu-data/tzdata/icunew/2012j/36/ee/.gitattributes
./unicode-org/icu-data/tzdata/icunew/2012j/36/le/.gitattributes
./unicode-org/icu-data/tzdata/icunew/2012j/38/be/.gitattributes
./unicode-org/icu-data/tzdata/icunew/2012j/38/ee/.gitattributes
./unicode-org/icu-data/tzdata/icunew/2012j/38/le/.gitattributes
./unicode-org/icu-data/tzdata/icunew/2012j/40/be/.gitattributes
./unicode-org/icu-data/tzdata/icunew/2012j/40/ee/.gitattributes
./unicode-org/icu-data/tzdata/icunew/2012j/40/le/.gitattributes
./unicode-org/icu-data/tzdata/icunew/2012j/42/be/.gitattributes
./unicode-org/icu-data/tzdata/icunew/2012j/42/ee/.gitattributes
./unicode-org/icu-data/tzdata/icunew/2012j/42/le/.gitattributes
./unicode-org/icu-data/tzdata/icunew/2012j/44/be/.gitattributes
./unicode-org/icu-data/tzdata/icunew/2012j/44/ee/.gitattributes
./unicode-org/icu-data/tzdata/icunew/2012j/44/le/.gitattributes
./unicode-org/icu-data/tzdata/icunew/2013a/36/be/.gitattributes
./unicode-org/icu-data/tzdata/icunew/2013a/36/ee/.gitattributes
./unicode-org/icu-data/tzdata/icunew/2013a/36/le/.gitattributes
./unicode-org/icu-data/tzdata/icunew/2013a/38/be/.gitattributes
./unicode-org/icu-data/tzdata/icunew/2013a/38/ee/.gitattributes
./unicode-org/icu-data/tzdata/icunew/2013a/38/le/.gitattributes
./unicode-org/icu-data/tzdata/icunew/2013a/40/be/.gitattributes
./unicode-org/icu-data/tzdata/icunew/2013a/40/ee/.gitattributes
./unicode-org/icu-data/tzdata/icunew/2013a/40/le/.gitattributes
./unicode-org/icu-data/tzdata/icunew/2013a/42/be/.gitattributes
./unicode-org/icu-data/tzdata/icunew/2013a/42/ee/.gitattributes
./unicode-org/icu-data/tzdata/icunew/2013a/42/le/.gitattributes
./unicode-org/icu-data/tzdata/icunew/2013a/44/be/.gitattributes
./unicode-org/icu-data/tzdata/icunew/2013a/44/ee/.gitattributes
./unicode-org/icu-data/tzdata/icunew/2013a/44/le/.gitattributes
./unicode-org/icu-data/tzdata/icunew/2013b/36/be/.gitattributes
./unicode-org/icu-data/tzdata/icunew/2013b/36/ee/.gitattributes
./unicode-org/icu-data/tzdata/icunew/2013b/36/le/.gitattributes
./unicode-org/icu-data/tzdata/icunew/2013b/38/be/.gitattributes
./unicode-org/icu-data/tzdata/icunew/2013b/38/ee/.gitattributes
./unicode-org/icu-data/tzdata/icunew/2013b/38/le/.gitattributes
./unicode-org/icu-data/tzdata/icunew/2013b/40/be/.gitattributes
./unicode-org/icu-data/tzdata/icunew/2013b/40/ee/.gitattributes
./unicode-org/icu-data/tzdata/icunew/2013b/40/le/.gitattributes
./unicode-org/icu-data/tzdata/icunew/2013b/42/be/.gitattributes
./unicode-org/icu-data/tzdata/icunew/2013b/42/ee/.gitattributes
./unicode-org/icu-data/tzdata/icunew/2013b/42/le/.gitattributes
./unicode-org/icu-data/tzdata/icunew/2013b/44/be/.gitattributes
./unicode-org/icu-data/tzdata/icunew/2013b/44/ee/.gitattributes
./unicode-org/icu-data/tzdata/icunew/2013b/44/le/.gitattributes
./unicode-org/icu-data/tzdata/icunew/2013c/36/be/.gitattributes
./unicode-org/icu-data/tzdata/icunew/2013c/36/ee/.gitattributes
./unicode-org/icu-data/tzdata/icunew/2013c/36/le/.gitattributes
./unicode-org/icu-data/tzdata/icunew/2013c/38/be/.gitattributes
./unicode-org/icu-data/tzdata/icunew/2013c/38/ee/.gitattributes
./unicode-org/icu-data/tzdata/icunew/2013c/38/le/.gitattributes
./unicode-org/icu-data/tzdata/icunew/2013c/40/be/.gitattributes
./unicode-org/icu-data/tzdata/icunew/2013c/40/ee/.gitattributes
./unicode-org/icu-data/tzdata/icunew/2013c/40/le/.gitattributes
./unicode-org/icu-data/tzdata/icunew/2013c/42/be/.gitattributes
./unicode-org/icu-data/tzdata/icunew/2013c/42/ee/.gitattributes
./unicode-org/icu-data/tzdata/icunew/2013c/42/le/.gitattributes
./unicode-org/icu-data/tzdata/icunew/2013c/44/be/.gitattributes
./unicode-org/icu-data/tzdata/icunew/2013c/44/ee/.gitattributes
./unicode-org/icu-data/tzdata/icunew/2013c/44/le/.gitattributes
./unicode-org/icu-data/tzdata/icunew/2013d/36/be/.gitattributes
./unicode-org/icu-data/tzdata/icunew/2013d/36/ee/.gitattributes
./unicode-org/icu-data/tzdata/icunew/2013d/36/le/.gitattributes
./unicode-org/icu-data/tzdata/icunew/2013d/38/be/.gitattributes
./unicode-org/icu-data/tzdata/icunew/2013d/38/ee/.gitattributes
./unicode-org/icu-data/tzdata/icunew/2013d/38/le/.gitattributes
./unicode-org/icu-data/tzdata/icunew/2013d/40/be/.gitattributes
./unicode-org/icu-data/tzdata/icunew/2013d/40/ee/.gitattributes
./unicode-org/icu-data/tzdata/icunew/2013d/40/le/.gitattributes
./unicode-org/icu-data/tzdata/icunew/2013d/42/be/.gitattributes
./unicode-org/icu-data/tzdata/icunew/2013d/42/ee/.gitattributes
./unicode-org/icu-data/tzdata/icunew/2013d/42/le/.gitattributes
./unicode-org/icu-data/tzdata/icunew/2013d/44/be/.gitattributes
./unicode-org/icu-data/tzdata/icunew/2013d/44/ee/.gitattributes
./unicode-org/icu-data/tzdata/icunew/2013d/44/le/.gitattributes
./unicode-org/icu-data/tzdata/icunew/2013e/36/be/.gitattributes
./unicode-org/icu-data/tzdata/icunew/2013e/36/ee/.gitattributes
./unicode-org/icu-data/tzdata/icunew/2013e/36/le/.gitattributes
./unicode-org/icu-data/tzdata/icunew/2013e/38/be/.gitattributes
./unicode-org/icu-data/tzdata/icunew/2013e/38/ee/.gitattributes
./unicode-org/icu-data/tzdata/icunew/2013e/38/le/.gitattributes
./unicode-org/icu-data/tzdata/icunew/2013e/40/be/.gitattributes
./unicode-org/icu-data/tzdata/icunew/2013e/40/ee/.gitattributes
./unicode-org/icu-data/tzdata/icunew/2013e/40/le/.gitattributes
./unicode-org/icu-data/tzdata/icunew/2013e/42/be/.gitattributes
./unicode-org/icu-data/tzdata/icunew/2013e/42/ee/.gitattributes
./unicode-org/icu-data/tzdata/icunew/2013e/42/le/.gitattributes
./unicode-org/icu-data/tzdata/icunew/2013e/44/be/.gitattributes
./unicode-org/icu-data/tzdata/icunew/2013e/44/ee/.gitattributes
./unicode-org/icu-data/tzdata/icunew/2013e/44/le/.gitattributes
./unicode-org/icu-data/tzdata/icunew/2013f/36/be/.gitattributes
./unicode-org/icu-data/tzdata/icunew/2013f/36/ee/.gitattributes
./unicode-org/icu-data/tzdata/icunew/2013f/36/le/.gitattributes
./unicode-org/icu-data/tzdata/icunew/2013f/38/be/.gitattributes
./unicode-org/icu-data/tzdata/icunew/2013f/38/ee/.gitattributes
./unicode-org/icu-data/tzdata/icunew/2013f/38/le/.gitattributes
./unicode-org/icu-data/tzdata/icunew/2013f/40/be/.gitattributes
./unicode-org/icu-data/tzdata/icunew/2013f/40/ee/.gitattributes
./unicode-org/icu-data/tzdata/icunew/2013f/40/le/.gitattributes
./unicode-org/icu-data/tzdata/icunew/2013f/42/be/.gitattributes
./unicode-org/icu-data/tzdata/icunew/2013f/42/ee/.gitattributes
./unicode-org/icu-data/tzdata/icunew/2013f/42/le/.gitattributes
./unicode-org/icu-data/tzdata/icunew/2013f/44/be/.gitattributes
./unicode-org/icu-data/tzdata/icunew/2013f/44/ee/.gitattributes
./unicode-org/icu-data/tzdata/icunew/2013f/44/le/.gitattributes
./unicode-org/icu-data/tzdata/icunew/2013g/36/be/.gitattributes
./unicode-org/icu-data/tzdata/icunew/2013g/36/ee/.gitattributes
./unicode-org/icu-data/tzdata/icunew/2013g/36/le/.gitattributes
./unicode-org/icu-data/tzdata/icunew/2013g/38/be/.gitattributes
./unicode-org/icu-data/tzdata/icunew/2013g/38/ee/.gitattributes
./unicode-org/icu-data/tzdata/icunew/2013g/38/le/.gitattributes
./unicode-org/icu-data/tzdata/icunew/2013g/40/be/.gitattributes
./unicode-org/icu-data/tzdata/icunew/2013g/40/ee/.gitattributes
./unicode-org/icu-data/tzdata/icunew/2013g/40/le/.gitattributes
./unicode-org/icu-data/tzdata/icunew/2013g/42/be/.gitattributes
./unicode-org/icu-data/tzdata/icunew/2013g/42/ee/.gitattributes
./unicode-org/icu-data/tzdata/icunew/2013g/42/le/.gitattributes
./unicode-org/icu-data/tzdata/icunew/2013g/44/be/.gitattributes
./unicode-org/icu-data/tzdata/icunew/2013g/44/ee/.gitattributes
./unicode-org/icu-data/tzdata/icunew/2013g/44/le/.gitattributes
./unicode-org/icu-data/tzdata/icunew/2013h/36/be/.gitattributes
./unicode-org/icu-data/tzdata/icunew/2013h/36/ee/.gitattributes
./unicode-org/icu-data/tzdata/icunew/2013h/36/le/.gitattributes
./unicode-org/icu-data/tzdata/icunew/2013h/38/be/.gitattributes
./unicode-org/icu-data/tzdata/icunew/2013h/38/ee/.gitattributes
./unicode-org/icu-data/tzdata/icunew/2013h/38/le/.gitattributes
./unicode-org/icu-data/tzdata/icunew/2013h/40/be/.gitattributes
./unicode-org/icu-data/tzdata/icunew/2013h/40/ee/.gitattributes
./unicode-org/icu-data/tzdata/icunew/2013h/40/le/.gitattributes
./unicode-org/icu-data/tzdata/icunew/2013h/42/be/.gitattributes
./unicode-org/icu-data/tzdata/icunew/2013h/42/ee/.gitattributes
./unicode-org/icu-data/tzdata/icunew/2013h/42/le/.gitattributes
./unicode-org/icu-data/tzdata/icunew/2013h/44/be/.gitattributes
./unicode-org/icu-data/tzdata/icunew/2013h/44/ee/.gitattributes
./unicode-org/icu-data/tzdata/icunew/2013h/44/le/.gitattributes
./unicode-org/icu-data/tzdata/icunew/2013i/36/be/.gitattributes
./unicode-org/icu-data/tzdata/icunew/2013i/36/ee/.gitattributes
./unicode-org/icu-data/tzdata/icunew/2013i/36/le/.gitattributes
./unicode-org/icu-data/tzdata/icunew/2013i/38/be/.gitattributes
./unicode-org/icu-data/tzdata/icunew/2013i/38/ee/.gitattributes
./unicode-org/icu-data/tzdata/icunew/2013i/38/le/.gitattributes
./unicode-org/icu-data/tzdata/icunew/2013i/40/be/.gitattributes
./unicode-org/icu-data/tzdata/icunew/2013i/40/ee/.gitattributes
./unicode-org/icu-data/tzdata/icunew/2013i/40/le/.gitattributes
./unicode-org/icu-data/tzdata/icunew/2013i/42/be/.gitattributes
./unicode-org/icu-data/tzdata/icunew/2013i/42/ee/.gitattributes
./unicode-org/icu-data/tzdata/icunew/2013i/42/le/.gitattributes
./unicode-org/icu-data/tzdata/icunew/2013i/44/be/.gitattributes
./unicode-org/icu-data/tzdata/icunew/2013i/44/ee/.gitattributes
./unicode-org/icu-data/tzdata/icunew/2013i/44/le/.gitattributes
./unicode-org/icu-data/tzdata/icunew/2014a/36/be/.gitattributes
./unicode-org/icu-data/tzdata/icunew/2014a/36/ee/.gitattributes
./unicode-org/icu-data/tzdata/icunew/2014a/36/le/.gitattributes
./unicode-org/icu-data/tzdata/icunew/2014a/38/be/.gitattributes
./unicode-org/icu-data/tzdata/icunew/2014a/38/ee/.gitattributes
./unicode-org/icu-data/tzdata/icunew/2014a/38/le/.gitattributes
./unicode-org/icu-data/tzdata/icunew/2014a/40/be/.gitattributes
./unicode-org/icu-data/tzdata/icunew/2014a/40/ee/.gitattributes
./unicode-org/icu-data/tzdata/icunew/2014a/40/le/.gitattributes
./unicode-org/icu-data/tzdata/icunew/2014a/42/be/.gitattributes
./unicode-org/icu-data/tzdata/icunew/2014a/42/ee/.gitattributes
./unicode-org/icu-data/tzdata/icunew/2014a/42/le/.gitattributes
./unicode-org/icu-data/tzdata/icunew/2014a/44/be/.gitattributes
./unicode-org/icu-data/tzdata/icunew/2014a/44/ee/.gitattributes
./unicode-org/icu-data/tzdata/icunew/2014a/44/le/.gitattributes
./unicode-org/icu-data/tzdata/icunew/2014b/36/be/.gitattributes
./unicode-org/icu-data/tzdata/icunew/2014b/36/ee/.gitattributes
./unicode-org/icu-data/tzdata/icunew/2014b/36/le/.gitattributes
./unicode-org/icu-data/tzdata/icunew/2014b/38/be/.gitattributes
./unicode-org/icu-data/tzdata/icunew/2014b/38/ee/.gitattributes
./unicode-org/icu-data/tzdata/icunew/2014b/38/le/.gitattributes
./unicode-org/icu-data/tzdata/icunew/2014b/40/be/.gitattributes
./unicode-org/icu-data/tzdata/icunew/2014b/40/ee/.gitattributes
./unicode-org/icu-data/tzdata/icunew/2014b/40/le/.gitattributes
./unicode-org/icu-data/tzdata/icunew/2014b/42/be/.gitattributes
./unicode-org/icu-data/tzdata/icunew/2014b/42/ee/.gitattributes
./unicode-org/icu-data/tzdata/icunew/2014b/42/le/.gitattributes
./unicode-org/icu-data/tzdata/icunew/2014b/44/be/.gitattributes
./unicode-org/icu-data/tzdata/icunew/2014b/44/ee/.gitattributes
./unicode-org/icu-data/tzdata/icunew/2014b/44/le/.gitattributes
./unicode-org/icu-data/tzdata/icunew/2014c/36/be/.gitattributes
./unicode-org/icu-data/tzdata/icunew/2014c/36/ee/.gitattributes
./unicode-org/icu-data/tzdata/icunew/2014c/36/le/.gitattributes
./unicode-org/icu-data/tzdata/icunew/2014c/38/be/.gitattributes
./unicode-org/icu-data/tzdata/icunew/2014c/38/ee/.gitattributes
./unicode-org/icu-data/tzdata/icunew/2014c/38/le/.gitattributes
./unicode-org/icu-data/tzdata/icunew/2014c/40/be/.gitattributes
./unicode-org/icu-data/tzdata/icunew/2014c/40/ee/.gitattributes
./unicode-org/icu-data/tzdata/icunew/2014c/40/le/.gitattributes
./unicode-org/icu-data/tzdata/icunew/2014c/42/be/.gitattributes
./unicode-org/icu-data/tzdata/icunew/2014c/42/ee/.gitattributes
./unicode-org/icu-data/tzdata/icunew/2014c/42/le/.gitattributes
./unicode-org/icu-data/tzdata/icunew/2014c/44/be/.gitattributes
./unicode-org/icu-data/tzdata/icunew/2014c/44/ee/.gitattributes
./unicode-org/icu-data/tzdata/icunew/2014c/44/le/.gitattributes
./unicode-org/icu-data/tzdata/icunew/2014d/36/be/.gitattributes
./unicode-org/icu-data/tzdata/icunew/2014d/36/ee/.gitattributes
./unicode-org/icu-data/tzdata/icunew/2014d/36/le/.gitattributes
./unicode-org/icu-data/tzdata/icunew/2014d/38/be/.gitattributes
./unicode-org/icu-data/tzdata/icunew/2014d/38/ee/.gitattributes
./unicode-org/icu-data/tzdata/icunew/2014d/38/le/.gitattributes
./unicode-org/icu-data/tzdata/icunew/2014d/40/be/.gitattributes
./unicode-org/icu-data/tzdata/icunew/2014d/40/ee/.gitattributes
./unicode-org/icu-data/tzdata/icunew/2014d/40/le/.gitattributes
./unicode-org/icu-data/tzdata/icunew/2014d/42/be/.gitattributes
./unicode-org/icu-data/tzdata/icunew/2014d/42/ee/.gitattributes
./unicode-org/icu-data/tzdata/icunew/2014d/42/le/.gitattributes
./unicode-org/icu-data/tzdata/icunew/2014d/44/be/.gitattributes
./unicode-org/icu-data/tzdata/icunew/2014d/44/ee/.gitattributes
./unicode-org/icu-data/tzdata/icunew/2014d/44/le/.gitattributes
./unicode-org/icu-data/tzdata/icunew/2014e/36/be/.gitattributes
./unicode-org/icu-data/tzdata/icunew/2014e/36/ee/.gitattributes
./unicode-org/icu-data/tzdata/icunew/2014e/36/le/.gitattributes
./unicode-org/icu-data/tzdata/icunew/2014e/38/be/.gitattributes
./unicode-org/icu-data/tzdata/icunew/2014e/38/ee/.gitattributes
./unicode-org/icu-data/tzdata/icunew/2014e/38/le/.gitattributes
./unicode-org/icu-data/tzdata/icunew/2014e/40/be/.gitattributes
./unicode-org/icu-data/tzdata/icunew/2014e/40/ee/.gitattributes
./unicode-org/icu-data/tzdata/icunew/2014e/40/le/.gitattributes
./unicode-org/icu-data/tzdata/icunew/2014e/42/be/.gitattributes
./unicode-org/icu-data/tzdata/icunew/2014e/42/ee/.gitattributes
./unicode-org/icu-data/tzdata/icunew/2014e/42/le/.gitattributes
./unicode-org/icu-data/tzdata/icunew/2014e/44/be/.gitattributes
./unicode-org/icu-data/tzdata/icunew/2014e/44/ee/.gitattributes
./unicode-org/icu-data/tzdata/icunew/2014e/44/le/.gitattributes
./unicode-org/icu-data/tzdata/icunew/2014f/36/be/.gitattributes
./unicode-org/icu-data/tzdata/icunew/2014f/36/ee/.gitattributes
./unicode-org/icu-data/tzdata/icunew/2014f/36/le/.gitattributes
./unicode-org/icu-data/tzdata/icunew/2014f/38/be/.gitattributes
./unicode-org/icu-data/tzdata/icunew/2014f/38/ee/.gitattributes
./unicode-org/icu-data/tzdata/icunew/2014f/38/le/.gitattributes
./unicode-org/icu-data/tzdata/icunew/2014f/40/be/.gitattributes
./unicode-org/icu-data/tzdata/icunew/2014f/40/ee/.gitattributes
./unicode-org/icu-data/tzdata/icunew/2014f/40/le/.gitattributes
./unicode-org/icu-data/tzdata/icunew/2014f/42/be/.gitattributes
./unicode-org/icu-data/tzdata/icunew/2014f/42/ee/.gitattributes
./unicode-org/icu-data/tzdata/icunew/2014f/42/le/.gitattributes
./unicode-org/icu-data/tzdata/icunew/2014f/44/be/.gitattributes
./unicode-org/icu-data/tzdata/icunew/2014f/44/ee/.gitattributes
./unicode-org/icu-data/tzdata/icunew/2014f/44/le/.gitattributes
./unicode-org/icu-data/tzdata/icunew/2014g/36/be/.gitattributes
./unicode-org/icu-data/tzdata/icunew/2014g/36/ee/.gitattributes
./unicode-org/icu-data/tzdata/icunew/2014g/36/le/.gitattributes
./unicode-org/icu-data/tzdata/icunew/2014g/38/be/.gitattributes
./unicode-org/icu-data/tzdata/icunew/2014g/38/ee/.gitattributes
./unicode-org/icu-data/tzdata/icunew/2014g/38/le/.gitattributes
./unicode-org/icu-data/tzdata/icunew/2014g/40/be/.gitattributes
./unicode-org/icu-data/tzdata/icunew/2014g/40/ee/.gitattributes
./unicode-org/icu-data/tzdata/icunew/2014g/40/le/.gitattributes
./unicode-org/icu-data/tzdata/icunew/2014g/42/be/.gitattributes
./unicode-org/icu-data/tzdata/icunew/2014g/42/ee/.gitattributes
./unicode-org/icu-data/tzdata/icunew/2014g/42/le/.gitattributes
./unicode-org/icu-data/tzdata/icunew/2014g/44/be/.gitattributes
./unicode-org/icu-data/tzdata/icunew/2014g/44/ee/.gitattributes
./unicode-org/icu-data/tzdata/icunew/2014g/44/le/.gitattributes
./unicode-org/icu-data/tzdata/icunew/2014h/36/be/.gitattributes
./unicode-org/icu-data/tzdata/icunew/2014h/36/ee/.gitattributes
./unicode-org/icu-data/tzdata/icunew/2014h/36/le/.gitattributes
./unicode-org/icu-data/tzdata/icunew/2014h/38/be/.gitattributes
./unicode-org/icu-data/tzdata/icunew/2014h/38/ee/.gitattributes
./unicode-org/icu-data/tzdata/icunew/2014h/38/le/.gitattributes
./unicode-org/icu-data/tzdata/icunew/2014h/40/be/.gitattributes
./unicode-org/icu-data/tzdata/icunew/2014h/40/ee/.gitattributes
./unicode-org/icu-data/tzdata/icunew/2014h/40/le/.gitattributes
./unicode-org/icu-data/tzdata/icunew/2014h/42/be/.gitattributes
./unicode-org/icu-data/tzdata/icunew/2014h/42/ee/.gitattributes
./unicode-org/icu-data/tzdata/icunew/2014h/42/le/.gitattributes
./unicode-org/icu-data/tzdata/icunew/2014h/44/be/.gitattributes
./unicode-org/icu-data/tzdata/icunew/2014h/44/ee/.gitattributes
./unicode-org/icu-data/tzdata/icunew/2014h/44/le/.gitattributes
./unicode-org/icu-data/tzdata/icunew/2014i/36/be/.gitattributes
./unicode-org/icu-data/tzdata/icunew/2014i/36/ee/.gitattributes
./unicode-org/icu-data/tzdata/icunew/2014i/36/le/.gitattributes
./unicode-org/icu-data/tzdata/icunew/2014i/38/be/.gitattributes
./unicode-org/icu-data/tzdata/icunew/2014i/38/ee/.gitattributes
./unicode-org/icu-data/tzdata/icunew/2014i/38/le/.gitattributes
./unicode-org/icu-data/tzdata/icunew/2014i/40/be/.gitattributes
./unicode-org/icu-data/tzdata/icunew/2014i/40/ee/.gitattributes
./unicode-org/icu-data/tzdata/icunew/2014i/40/le/.gitattributes
./unicode-org/icu-data/tzdata/icunew/2014i/42/be/.gitattributes
./unicode-org/icu-data/tzdata/icunew/2014i/42/ee/.gitattributes
./unicode-org/icu-data/tzdata/icunew/2014i/42/le/.gitattributes
./unicode-org/icu-data/tzdata/icunew/2014i/44/be/.gitattributes
./unicode-org/icu-data/tzdata/icunew/2014i/44/ee/.gitattributes
./unicode-org/icu-data/tzdata/icunew/2014i/44/le/.gitattributes
./unicode-org/icu-data/tzdata/icunew/2014j/36/be/.gitattributes
./unicode-org/icu-data/tzdata/icunew/2014j/36/ee/.gitattributes
./unicode-org/icu-data/tzdata/icunew/2014j/36/le/.gitattributes
./unicode-org/icu-data/tzdata/icunew/2014j/38/be/.gitattributes
./unicode-org/icu-data/tzdata/icunew/2014j/38/ee/.gitattributes
./unicode-org/icu-data/tzdata/icunew/2014j/38/le/.gitattributes
./unicode-org/icu-data/tzdata/icunew/2014j/40/be/.gitattributes
./unicode-org/icu-data/tzdata/icunew/2014j/40/ee/.gitattributes
./unicode-org/icu-data/tzdata/icunew/2014j/40/le/.gitattributes
./unicode-org/icu-data/tzdata/icunew/2014j/42/be/.gitattributes
./unicode-org/icu-data/tzdata/icunew/2014j/42/ee/.gitattributes
./unicode-org/icu-data/tzdata/icunew/2014j/42/le/.gitattributes
./unicode-org/icu-data/tzdata/icunew/2014j/44/be/.gitattributes
./unicode-org/icu-data/tzdata/icunew/2014j/44/ee/.gitattributes
./unicode-org/icu-data/tzdata/icunew/2014j/44/le/.gitattributes
./unicode-org/icu-data/tzdata/icunew/2015a/36/be/.gitattributes
./unicode-org/icu-data/tzdata/icunew/2015a/36/ee/.gitattributes
./unicode-org/icu-data/tzdata/icunew/2015a/36/le/.gitattributes
./unicode-org/icu-data/tzdata/icunew/2015a/38/be/.gitattributes
./unicode-org/icu-data/tzdata/icunew/2015a/38/ee/.gitattributes
./unicode-org/icu-data/tzdata/icunew/2015a/38/le/.gitattributes
./unicode-org/icu-data/tzdata/icunew/2015a/40/be/.gitattributes
./unicode-org/icu-data/tzdata/icunew/2015a/40/ee/.gitattributes
./unicode-org/icu-data/tzdata/icunew/2015a/40/le/.gitattributes
./unicode-org/icu-data/tzdata/icunew/2015a/42/be/.gitattributes
./unicode-org/icu-data/tzdata/icunew/2015a/42/ee/.gitattributes
./unicode-org/icu-data/tzdata/icunew/2015a/42/le/.gitattributes
./unicode-org/icu-data/tzdata/icunew/2015a/44/be/.gitattributes
./unicode-org/icu-data/tzdata/icunew/2015a/44/ee/.gitattributes
./unicode-org/icu-data/tzdata/icunew/2015a/44/le/.gitattributes
./unicode-org/icu-data/tzdata/icunew/2015b/36/be/.gitattributes
./unicode-org/icu-data/tzdata/icunew/2015b/36/ee/.gitattributes
./unicode-org/icu-data/tzdata/icunew/2015b/36/le/.gitattributes
./unicode-org/icu-data/tzdata/icunew/2015b/38/be/.gitattributes
./unicode-org/icu-data/tzdata/icunew/2015b/38/ee/.gitattributes
./unicode-org/icu-data/tzdata/icunew/2015b/38/le/.gitattributes
./unicode-org/icu-data/tzdata/icunew/2015b/40/be/.gitattributes
./unicode-org/icu-data/tzdata/icunew/2015b/40/ee/.gitattributes
./unicode-org/icu-data/tzdata/icunew/2015b/40/le/.gitattributes
./unicode-org/icu-data/tzdata/icunew/2015b/42/be/.gitattributes
./unicode-org/icu-data/tzdata/icunew/2015b/42/ee/.gitattributes
./unicode-org/icu-data/tzdata/icunew/2015b/42/le/.gitattributes
./unicode-org/icu-data/tzdata/icunew/2015b/44/be/.gitattributes
./unicode-org/icu-data/tzdata/icunew/2015b/44/ee/.gitattributes
./unicode-org/icu-data/tzdata/icunew/2015b/44/le/.gitattributes
./unicode-org/icu-data/tzdata/icunew/2015c/36/be/.gitattributes
./unicode-org/icu-data/tzdata/icunew/2015c/36/ee/.gitattributes
./unicode-org/icu-data/tzdata/icunew/2015c/36/le/.gitattributes
./unicode-org/icu-data/tzdata/icunew/2015c/38/be/.gitattributes
./unicode-org/icu-data/tzdata/icunew/2015c/38/ee/.gitattributes
./unicode-org/icu-data/tzdata/icunew/2015c/38/le/.gitattributes
./unicode-org/icu-data/tzdata/icunew/2015c/40/be/.gitattributes
./unicode-org/icu-data/tzdata/icunew/2015c/40/ee/.gitattributes
./unicode-org/icu-data/tzdata/icunew/2015c/40/le/.gitattributes
./unicode-org/icu-data/tzdata/icunew/2015c/42/be/.gitattributes
./unicode-org/icu-data/tzdata/icunew/2015c/42/ee/.gitattributes
./unicode-org/icu-data/tzdata/icunew/2015c/42/le/.gitattributes
./unicode-org/icu-data/tzdata/icunew/2015c/44/be/.gitattributes
./unicode-org/icu-data/tzdata/icunew/2015c/44/ee/.gitattributes
./unicode-org/icu-data/tzdata/icunew/2015c/44/le/.gitattributes
./unicode-org/icu-data/tzdata/icunew/2015d/36/be/.gitattributes
./unicode-org/icu-data/tzdata/icunew/2015d/36/ee/.gitattributes
./unicode-org/icu-data/tzdata/icunew/2015d/36/le/.gitattributes
./unicode-org/icu-data/tzdata/icunew/2015d/38/be/.gitattributes
./unicode-org/icu-data/tzdata/icunew/2015d/38/ee/.gitattributes
./unicode-org/icu-data/tzdata/icunew/2015d/38/le/.gitattributes
./unicode-org/icu-data/tzdata/icunew/2015d/40/be/.gitattributes
./unicode-org/icu-data/tzdata/icunew/2015d/40/ee/.gitattributes
./unicode-org/icu-data/tzdata/icunew/2015d/40/le/.gitattributes
./unicode-org/icu-data/tzdata/icunew/2015d/42/be/.gitattributes
./unicode-org/icu-data/tzdata/icunew/2015d/42/ee/.gitattributes
./unicode-org/icu-data/tzdata/icunew/2015d/42/le/.gitattributes
./unicode-org/icu-data/tzdata/icunew/2015d/44/be/.gitattributes
./unicode-org/icu-data/tzdata/icunew/2015d/44/ee/.gitattributes
./unicode-org/icu-data/tzdata/icunew/2015d/44/le/.gitattributes
./unicode-org/icu-data/tzdata/icunew/2015e/36/be/.gitattributes
./unicode-org/icu-data/tzdata/icunew/2015e/36/ee/.gitattributes
./unicode-org/icu-data/tzdata/icunew/2015e/36/le/.gitattributes
./unicode-org/icu-data/tzdata/icunew/2015e/38/be/.gitattributes
./unicode-org/icu-data/tzdata/icunew/2015e/38/ee/.gitattributes
./unicode-org/icu-data/tzdata/icunew/2015e/38/le/.gitattributes
./unicode-org/icu-data/tzdata/icunew/2015e/40/be/.gitattributes
./unicode-org/icu-data/tzdata/icunew/2015e/40/ee/.gitattributes
./unicode-org/icu-data/tzdata/icunew/2015e/40/le/.gitattributes
./unicode-org/icu-data/tzdata/icunew/2015e/42/be/.gitattributes
./unicode-org/icu-data/tzdata/icunew/2015e/42/ee/.gitattributes
./unicode-org/icu-data/tzdata/icunew/2015e/42/le/.gitattributes
./unicode-org/icu-data/tzdata/icunew/2015e/44/be/.gitattributes
./unicode-org/icu-data/tzdata/icunew/2015e/44/ee/.gitattributes
./unicode-org/icu-data/tzdata/icunew/2015e/44/le/.gitattributes
./unicode-org/icu-data/tzdata/icunew/2015f/36/be/.gitattributes
./unicode-org/icu-data/tzdata/icunew/2015f/36/ee/.gitattributes
./unicode-org/icu-data/tzdata/icunew/2015f/36/le/.gitattributes
./unicode-org/icu-data/tzdata/icunew/2015f/38/be/.gitattributes
./unicode-org/icu-data/tzdata/icunew/2015f/38/ee/.gitattributes
./unicode-org/icu-data/tzdata/icunew/2015f/38/le/.gitattributes
./unicode-org/icu-data/tzdata/icunew/2015f/40/be/.gitattributes
./unicode-org/icu-data/tzdata/icunew/2015f/40/ee/.gitattributes
./unicode-org/icu-data/tzdata/icunew/2015f/40/le/.gitattributes
./unicode-org/icu-data/tzdata/icunew/2015f/42/be/.gitattributes
./unicode-org/icu-data/tzdata/icunew/2015f/42/ee/.gitattributes
./unicode-org/icu-data/tzdata/icunew/2015f/42/le/.gitattributes
./unicode-org/icu-data/tzdata/icunew/2015f/44/be/.gitattributes
./unicode-org/icu-data/tzdata/icunew/2015f/44/ee/.gitattributes
./unicode-org/icu-data/tzdata/icunew/2015f/44/le/.gitattributes
./unicode-org/icu-data/tzdata/icunew/2015g/36/be/.gitattributes
./unicode-org/icu-data/tzdata/icunew/2015g/36/ee/.gitattributes
./unicode-org/icu-data/tzdata/icunew/2015g/36/le/.gitattributes
./unicode-org/icu-data/tzdata/icunew/2015g/38/be/.gitattributes
./unicode-org/icu-data/tzdata/icunew/2015g/38/ee/.gitattributes
./unicode-org/icu-data/tzdata/icunew/2015g/38/le/.gitattributes
./unicode-org/icu-data/tzdata/icunew/2015g/40/be/.gitattributes
./unicode-org/icu-data/tzdata/icunew/2015g/40/ee/.gitattributes
./unicode-org/icu-data/tzdata/icunew/2015g/40/le/.gitattributes
./unicode-org/icu-data/tzdata/icunew/2015g/42/be/.gitattributes
./unicode-org/icu-data/tzdata/icunew/2015g/42/ee/.gitattributes
./unicode-org/icu-data/tzdata/icunew/2015g/42/le/.gitattributes
./unicode-org/icu-data/tzdata/icunew/2015g/44/be/.gitattributes
./unicode-org/icu-data/tzdata/icunew/2015g/44/ee/.gitattributes
./unicode-org/icu-data/tzdata/icunew/2015g/44/le/.gitattributes
./unicode-org/icu-data/tzdata/icunew/2016a/36/be/.gitattributes
./unicode-org/icu-data/tzdata/icunew/2016a/36/ee/.gitattributes
./unicode-org/icu-data/tzdata/icunew/2016a/36/le/.gitattributes
./unicode-org/icu-data/tzdata/icunew/2016a/38/be/.gitattributes
./unicode-org/icu-data/tzdata/icunew/2016a/38/ee/.gitattributes
./unicode-org/icu-data/tzdata/icunew/2016a/38/le/.gitattributes
./unicode-org/icu-data/tzdata/icunew/2016a/40/be/.gitattributes
./unicode-org/icu-data/tzdata/icunew/2016a/40/ee/.gitattributes
./unicode-org/icu-data/tzdata/icunew/2016a/40/le/.gitattributes
./unicode-org/icu-data/tzdata/icunew/2016a/42/be/.gitattributes
./unicode-org/icu-data/tzdata/icunew/2016a/42/ee/.gitattributes
./unicode-org/icu-data/tzdata/icunew/2016a/42/le/.gitattributes
./unicode-org/icu-data/tzdata/icunew/2016a/44/be/.gitattributes
./unicode-org/icu-data/tzdata/icunew/2016a/44/ee/.gitattributes
./unicode-org/icu-data/tzdata/icunew/2016a/44/le/.gitattributes
./unicode-org/icu-data/tzdata/icunew/2016b/36/be/.gitattributes
./unicode-org/icu-data/tzdata/icunew/2016b/36/ee/.gitattributes
./unicode-org/icu-data/tzdata/icunew/2016b/36/le/.gitattributes
./unicode-org/icu-data/tzdata/icunew/2016b/38/be/.gitattributes
./unicode-org/icu-data/tzdata/icunew/2016b/38/ee/.gitattributes
./unicode-org/icu-data/tzdata/icunew/2016b/38/le/.gitattributes
./unicode-org/icu-data/tzdata/icunew/2016b/40/be/.gitattributes
./unicode-org/icu-data/tzdata/icunew/2016b/40/ee/.gitattributes
./unicode-org/icu-data/tzdata/icunew/2016b/40/le/.gitattributes
./unicode-org/icu-data/tzdata/icunew/2016b/42/be/.gitattributes
./unicode-org/icu-data/tzdata/icunew/2016b/42/ee/.gitattributes
./unicode-org/icu-data/tzdata/icunew/2016b/42/le/.gitattributes
./unicode-org/icu-data/tzdata/icunew/2016b/44/be/.gitattributes
./unicode-org/icu-data/tzdata/icunew/2016b/44/ee/.gitattributes
./unicode-org/icu-data/tzdata/icunew/2016b/44/le/.gitattributes
./unicode-org/icu-data/tzdata/icunew/2016c/36/be/.gitattributes
./unicode-org/icu-data/tzdata/icunew/2016c/36/ee/.gitattributes
./unicode-org/icu-data/tzdata/icunew/2016c/36/le/.gitattributes
./unicode-org/icu-data/tzdata/icunew/2016c/38/be/.gitattributes
./unicode-org/icu-data/tzdata/icunew/2016c/38/ee/.gitattributes
./unicode-org/icu-data/tzdata/icunew/2016c/38/le/.gitattributes
./unicode-org/icu-data/tzdata/icunew/2016c/40/be/.gitattributes
./unicode-org/icu-data/tzdata/icunew/2016c/40/ee/.gitattributes
./unicode-org/icu-data/tzdata/icunew/2016c/40/le/.gitattributes
./unicode-org/icu-data/tzdata/icunew/2016c/42/be/.gitattributes
./unicode-org/icu-data/tzdata/icunew/2016c/42/ee/.gitattributes
./unicode-org/icu-data/tzdata/icunew/2016c/42/le/.gitattributes
./unicode-org/icu-data/tzdata/icunew/2016c/44/be/.gitattributes
./unicode-org/icu-data/tzdata/icunew/2016c/44/ee/.gitattributes
./unicode-org/icu-data/tzdata/icunew/2016c/44/le/.gitattributes
./unicode-org/icu-data/tzdata/icunew/2016d/36/be/.gitattributes
./unicode-org/icu-data/tzdata/icunew/2016d/36/ee/.gitattributes
./unicode-org/icu-data/tzdata/icunew/2016d/36/le/.gitattributes
./unicode-org/icu-data/tzdata/icunew/2016d/38/be/.gitattributes
./unicode-org/icu-data/tzdata/icunew/2016d/38/ee/.gitattributes
./unicode-org/icu-data/tzdata/icunew/2016d/38/le/.gitattributes
./unicode-org/icu-data/tzdata/icunew/2016d/40/be/.gitattributes
./unicode-org/icu-data/tzdata/icunew/2016d/40/ee/.gitattributes
./unicode-org/icu-data/tzdata/icunew/2016d/40/le/.gitattributes
./unicode-org/icu-data/tzdata/icunew/2016d/42/be/.gitattributes
./unicode-org/icu-data/tzdata/icunew/2016d/42/ee/.gitattributes
./unicode-org/icu-data/tzdata/icunew/2016d/42/le/.gitattributes
./unicode-org/icu-data/tzdata/icunew/2016d/44/be/.gitattributes
./unicode-org/icu-data/tzdata/icunew/2016d/44/ee/.gitattributes
./unicode-org/icu-data/tzdata/icunew/2016d/44/le/.gitattributes
./unicode-org/icu-data/tzdata/icunew/2016e/36/be/.gitattributes
./unicode-org/icu-data/tzdata/icunew/2016e/36/ee/.gitattributes
./unicode-org/icu-data/tzdata/icunew/2016e/36/le/.gitattributes
./unicode-org/icu-data/tzdata/icunew/2016e/38/be/.gitattributes
./unicode-org/icu-data/tzdata/icunew/2016e/38/ee/.gitattributes
./unicode-org/icu-data/tzdata/icunew/2016e/38/le/.gitattributes
./unicode-org/icu-data/tzdata/icunew/2016e/40/be/.gitattributes
./unicode-org/icu-data/tzdata/icunew/2016e/40/ee/.gitattributes
./unicode-org/icu-data/tzdata/icunew/2016e/40/le/.gitattributes
./unicode-org/icu-data/tzdata/icunew/2016e/42/be/.gitattributes
./unicode-org/icu-data/tzdata/icunew/2016e/42/ee/.gitattributes
./unicode-org/icu-data/tzdata/icunew/2016e/42/le/.gitattributes
./unicode-org/icu-data/tzdata/icunew/2016e/44/be/.gitattributes
./unicode-org/icu-data/tzdata/icunew/2016e/44/ee/.gitattributes
./unicode-org/icu-data/tzdata/icunew/2016e/44/le/.gitattributes
./unicode-org/icu-data/tzdata/icunew/2016f/36/be/.gitattributes
./unicode-org/icu-data/tzdata/icunew/2016f/36/ee/.gitattributes
./unicode-org/icu-data/tzdata/icunew/2016f/36/le/.gitattributes
./unicode-org/icu-data/tzdata/icunew/2016f/38/be/.gitattributes
./unicode-org/icu-data/tzdata/icunew/2016f/38/ee/.gitattributes
./unicode-org/icu-data/tzdata/icunew/2016f/38/le/.gitattributes
./unicode-org/icu-data/tzdata/icunew/2016f/40/be/.gitattributes
./unicode-org/icu-data/tzdata/icunew/2016f/40/ee/.gitattributes
./unicode-org/icu-data/tzdata/icunew/2016f/40/le/.gitattributes
./unicode-org/icu-data/tzdata/icunew/2016f/42/be/.gitattributes
./unicode-org/icu-data/tzdata/icunew/2016f/42/ee/.gitattributes
./unicode-org/icu-data/tzdata/icunew/2016f/42/le/.gitattributes
./unicode-org/icu-data/tzdata/icunew/2016f/44/be/.gitattributes
./unicode-org/icu-data/tzdata/icunew/2016f/44/ee/.gitattributes
./unicode-org/icu-data/tzdata/icunew/2016f/44/le/.gitattributes
./unicode-org/icu-data/tzdata/icunew/2016g/36/be/.gitattributes
./unicode-org/icu-data/tzdata/icunew/2016g/36/ee/.gitattributes
./unicode-org/icu-data/tzdata/icunew/2016g/36/le/.gitattributes
./unicode-org/icu-data/tzdata/icunew/2016g/38/be/.gitattributes
./unicode-org/icu-data/tzdata/icunew/2016g/38/ee/.gitattributes
./unicode-org/icu-data/tzdata/icunew/2016g/38/le/.gitattributes
./unicode-org/icu-data/tzdata/icunew/2016g/40/be/.gitattributes
./unicode-org/icu-data/tzdata/icunew/2016g/40/ee/.gitattributes
./unicode-org/icu-data/tzdata/icunew/2016g/40/le/.gitattributes
./unicode-org/icu-data/tzdata/icunew/2016g/42/be/.gitattributes
./unicode-org/icu-data/tzdata/icunew/2016g/42/ee/.gitattributes
./unicode-org/icu-data/tzdata/icunew/2016g/42/le/.gitattributes
./unicode-org/icu-data/tzdata/icunew/2016g/44/be/.gitattributes
./unicode-org/icu-data/tzdata/icunew/2016g/44/ee/.gitattributes
./unicode-org/icu-data/tzdata/icunew/2016g/44/le/.gitattributes
./unicode-org/icu-data/tzdata/icunew/2016h/36/be/.gitattributes
./unicode-org/icu-data/tzdata/icunew/2016h/36/ee/.gitattributes
./unicode-org/icu-data/tzdata/icunew/2016h/36/le/.gitattributes
./unicode-org/icu-data/tzdata/icunew/2016h/38/be/.gitattributes
./unicode-org/icu-data/tzdata/icunew/2016h/38/ee/.gitattributes
./unicode-org/icu-data/tzdata/icunew/2016h/38/le/.gitattributes
./unicode-org/icu-data/tzdata/icunew/2016h/40/be/.gitattributes
./unicode-org/icu-data/tzdata/icunew/2016h/40/ee/.gitattributes
./unicode-org/icu-data/tzdata/icunew/2016h/40/le/.gitattributes
./unicode-org/icu-data/tzdata/icunew/2016h/42/be/.gitattributes
./unicode-org/icu-data/tzdata/icunew/2016h/42/ee/.gitattributes
./unicode-org/icu-data/tzdata/icunew/2016h/42/le/.gitattributes
./unicode-org/icu-data/tzdata/icunew/2016h/44/be/.gitattributes
./unicode-org/icu-data/tzdata/icunew/2016h/44/ee/.gitattributes
./unicode-org/icu-data/tzdata/icunew/2016h/44/le/.gitattributes
./unicode-org/icu-data/tzdata/icunew/2016i/36/be/.gitattributes
./unicode-org/icu-data/tzdata/icunew/2016i/36/ee/.gitattributes
./unicode-org/icu-data/tzdata/icunew/2016i/36/le/.gitattributes
./unicode-org/icu-data/tzdata/icunew/2016i/38/be/.gitattributes
./unicode-org/icu-data/tzdata/icunew/2016i/38/ee/.gitattributes
./unicode-org/icu-data/tzdata/icunew/2016i/38/le/.gitattributes
./unicode-org/icu-data/tzdata/icunew/2016i/40/be/.gitattributes
./unicode-org/icu-data/tzdata/icunew/2016i/40/ee/.gitattributes
./unicode-org/icu-data/tzdata/icunew/2016i/40/le/.gitattributes
./unicode-org/icu-data/tzdata/icunew/2016i/42/be/.gitattributes
./unicode-org/icu-data/tzdata/icunew/2016i/42/ee/.gitattributes
./unicode-org/icu-data/tzdata/icunew/2016i/42/le/.gitattributes
./unicode-org/icu-data/tzdata/icunew/2016i/44/be/.gitattributes
./unicode-org/icu-data/tzdata/icunew/2016i/44/ee/.gitattributes
./unicode-org/icu-data/tzdata/icunew/2016i/44/le/.gitattributes
./unicode-org/icu-data/tzdata/icunew/2016j/36/be/.gitattributes
./unicode-org/icu-data/tzdata/icunew/2016j/36/ee/.gitattributes
./unicode-org/icu-data/tzdata/icunew/2016j/36/le/.gitattributes
./unicode-org/icu-data/tzdata/icunew/2016j/38/be/.gitattributes
./unicode-org/icu-data/tzdata/icunew/2016j/38/ee/.gitattributes
./unicode-org/icu-data/tzdata/icunew/2016j/38/le/.gitattributes
./unicode-org/icu-data/tzdata/icunew/2016j/40/be/.gitattributes
./unicode-org/icu-data/tzdata/icunew/2016j/40/ee/.gitattributes
./unicode-org/icu-data/tzdata/icunew/2016j/40/le/.gitattributes
./unicode-org/icu-data/tzdata/icunew/2016j/42/be/.gitattributes
./unicode-org/icu-data/tzdata/icunew/2016j/42/ee/.gitattributes
./unicode-org/icu-data/tzdata/icunew/2016j/42/le/.gitattributes
./unicode-org/icu-data/tzdata/icunew/2016j/44/be/.gitattributes
./unicode-org/icu-data/tzdata/icunew/2016j/44/ee/.gitattributes
./unicode-org/icu-data/tzdata/icunew/2016j/44/le/.gitattributes
./unicode-org/icu-data/tzdata/icunew/2017a/36/be/.gitattributes
./unicode-org/icu-data/tzdata/icunew/2017a/36/ee/.gitattributes
./unicode-org/icu-data/tzdata/icunew/2017a/36/le/.gitattributes
./unicode-org/icu-data/tzdata/icunew/2017a/38/be/.gitattributes
./unicode-org/icu-data/tzdata/icunew/2017a/38/ee/.gitattributes
./unicode-org/icu-data/tzdata/icunew/2017a/38/le/.gitattributes
./unicode-org/icu-data/tzdata/icunew/2017a/40/be/.gitattributes
./unicode-org/icu-data/tzdata/icunew/2017a/40/ee/.gitattributes
./unicode-org/icu-data/tzdata/icunew/2017a/40/le/.gitattributes
./unicode-org/icu-data/tzdata/icunew/2017a/42/be/.gitattributes
./unicode-org/icu-data/tzdata/icunew/2017a/42/ee/.gitattributes
./unicode-org/icu-data/tzdata/icunew/2017a/42/le/.gitattributes
./unicode-org/icu-data/tzdata/icunew/2017a/44/be/.gitattributes
./unicode-org/icu-data/tzdata/icunew/2017a/44/ee/.gitattributes
./unicode-org/icu-data/tzdata/icunew/2017a/44/le/.gitattributes
./unicode-org/icu-data/tzdata/icunew/2017b/36/be/.gitattributes
./unicode-org/icu-data/tzdata/icunew/2017b/36/ee/.gitattributes
./unicode-org/icu-data/tzdata/icunew/2017b/36/le/.gitattributes
./unicode-org/icu-data/tzdata/icunew/2017b/38/be/.gitattributes
./unicode-org/icu-data/tzdata/icunew/2017b/38/ee/.gitattributes
./unicode-org/icu-data/tzdata/icunew/2017b/38/le/.gitattributes
./unicode-org/icu-data/tzdata/icunew/2017b/40/be/.gitattributes
./unicode-org/icu-data/tzdata/icunew/2017b/40/ee/.gitattributes
./unicode-org/icu-data/tzdata/icunew/2017b/40/le/.gitattributes
./unicode-org/icu-data/tzdata/icunew/2017b/42/be/.gitattributes
./unicode-org/icu-data/tzdata/icunew/2017b/42/ee/.gitattributes
./unicode-org/icu-data/tzdata/icunew/2017b/42/le/.gitattributes
./unicode-org/icu-data/tzdata/icunew/2017b/44/be/.gitattributes
./unicode-org/icu-data/tzdata/icunew/2017b/44/ee/.gitattributes
./unicode-org/icu-data/tzdata/icunew/2017b/44/le/.gitattributes
./unicode-org/icu-data/tzdata/icunew/2017c/36/be/.gitattributes
./unicode-org/icu-data/tzdata/icunew/2017c/36/ee/.gitattributes
./unicode-org/icu-data/tzdata/icunew/2017c/36/le/.gitattributes
./unicode-org/icu-data/tzdata/icunew/2017c/38/be/.gitattributes
./unicode-org/icu-data/tzdata/icunew/2017c/38/ee/.gitattributes
./unicode-org/icu-data/tzdata/icunew/2017c/38/le/.gitattributes
./unicode-org/icu-data/tzdata/icunew/2017c/40/be/.gitattributes
./unicode-org/icu-data/tzdata/icunew/2017c/40/ee/.gitattributes
./unicode-org/icu-data/tzdata/icunew/2017c/40/le/.gitattributes
./unicode-org/icu-data/tzdata/icunew/2017c/42/be/.gitattributes
./unicode-org/icu-data/tzdata/icunew/2017c/42/ee/.gitattributes
./unicode-org/icu-data/tzdata/icunew/2017c/42/le/.gitattributes
./unicode-org/icu-data/tzdata/icunew/2017c/44/be/.gitattributes
./unicode-org/icu-data/tzdata/icunew/2017c/44/ee/.gitattributes
./unicode-org/icu-data/tzdata/icunew/2017c/44/le/.gitattributes
./unicode-org/icu-data/tzdata/icunew/2018b/36/be/.gitattributes
./unicode-org/icu-data/tzdata/icunew/2018b/36/ee/.gitattributes
./unicode-org/icu-data/tzdata/icunew/2018b/36/le/.gitattributes
./unicode-org/icu-data/tzdata/icunew/2018b/38/be/.gitattributes
./unicode-org/icu-data/tzdata/icunew/2018b/38/ee/.gitattributes
./unicode-org/icu-data/tzdata/icunew/2018b/38/le/.gitattributes
./unicode-org/icu-data/tzdata/icunew/2018b/40/be/.gitattributes
./unicode-org/icu-data/tzdata/icunew/2018b/40/ee/.gitattributes
./unicode-org/icu-data/tzdata/icunew/2018b/40/le/.gitattributes
./unicode-org/icu-data/tzdata/icunew/2018b/42/be/.gitattributes
./unicode-org/icu-data/tzdata/icunew/2018b/42/ee/.gitattributes
./unicode-org/icu-data/tzdata/icunew/2018b/42/le/.gitattributes
./unicode-org/icu-data/tzdata/icunew/2018b/44/be/.gitattributes
./unicode-org/icu-data/tzdata/icunew/2018b/44/ee/.gitattributes
./unicode-org/icu-data/tzdata/icunew/2018b/44/le/.gitattributes
./unicode-org/icu-data/tzdata/icunew/2018c/36/be/.gitattributes
./unicode-org/icu-data/tzdata/icunew/2018c/36/ee/.gitattributes
./unicode-org/icu-data/tzdata/icunew/2018c/36/le/.gitattributes
./unicode-org/icu-data/tzdata/icunew/2018c/38/be/.gitattributes
./unicode-org/icu-data/tzdata/icunew/2018c/38/ee/.gitattributes
./unicode-org/icu-data/tzdata/icunew/2018c/38/le/.gitattributes
./unicode-org/icu-data/tzdata/icunew/2018c/40/be/.gitattributes
./unicode-org/icu-data/tzdata/icunew/2018c/40/ee/.gitattributes
./unicode-org/icu-data/tzdata/icunew/2018c/40/le/.gitattributes
./unicode-org/icu-data/tzdata/icunew/2018c/42/be/.gitattributes
./unicode-org/icu-data/tzdata/icunew/2018c/42/ee/.gitattributes
./unicode-org/icu-data/tzdata/icunew/2018c/42/le/.gitattributes
./unicode-org/icu-data/tzdata/icunew/2018c/44/be/.gitattributes
./unicode-org/icu-data/tzdata/icunew/2018c/44/ee/.gitattributes
./unicode-org/icu-data/tzdata/icunew/2018c/44/le/.gitattributes
./unicode-org/icu-data/tzdata/icunew/2018d/36/be/.gitattributes
./unicode-org/icu-data/tzdata/icunew/2018d/36/ee/.gitattributes
./unicode-org/icu-data/tzdata/icunew/2018d/36/le/.gitattributes
./unicode-org/icu-data/tzdata/icunew/2018d/38/be/.gitattributes
./unicode-org/icu-data/tzdata/icunew/2018d/38/ee/.gitattributes
./unicode-org/icu-data/tzdata/icunew/2018d/38/le/.gitattributes
./unicode-org/icu-data/tzdata/icunew/2018d/40/be/.gitattributes
./unicode-org/icu-data/tzdata/icunew/2018d/40/ee/.gitattributes
./unicode-org/icu-data/tzdata/icunew/2018d/40/le/.gitattributes
./unicode-org/icu-data/tzdata/icunew/2018d/42/be/.gitattributes
./unicode-org/icu-data/tzdata/icunew/2018d/42/ee/.gitattributes
./unicode-org/icu-data/tzdata/icunew/2018d/42/le/.gitattributes
./unicode-org/icu-data/tzdata/icunew/2018d/44/be/.gitattributes
./unicode-org/icu-data/tzdata/icunew/2018d/44/ee/.gitattributes
./unicode-org/icu-data/tzdata/icunew/2018d/44/le/.gitattributes
./unicode-org/icu-data/tzdata/icunew/2018e/36/be/.gitattributes
./unicode-org/icu-data/tzdata/icunew/2018e/36/ee/.gitattributes
./unicode-org/icu-data/tzdata/icunew/2018e/36/le/.gitattributes
./unicode-org/icu-data/tzdata/icunew/2018e/38/be/.gitattributes
./unicode-org/icu-data/tzdata/icunew/2018e/38/ee/.gitattributes
./unicode-org/icu-data/tzdata/icunew/2018e/38/le/.gitattributes
./unicode-org/icu-data/tzdata/icunew/2018e/40/be/.gitattributes
./unicode-org/icu-data/tzdata/icunew/2018e/40/ee/.gitattributes
./unicode-org/icu-data/tzdata/icunew/2018e/40/le/.gitattributes
./unicode-org/icu-data/tzdata/icunew/2018e/42/be/.gitattributes
./unicode-org/icu-data/tzdata/icunew/2018e/42/ee/.gitattributes
./unicode-org/icu-data/tzdata/icunew/2018e/42/le/.gitattributes
./unicode-org/icu-data/tzdata/icunew/2018e/44/be/.gitattributes
./unicode-org/icu-data/tzdata/icunew/2018e/44/ee/.gitattributes
./unicode-org/icu-data/tzdata/icunew/2018e/44/le/.gitattributes
./unicode-org/icu-data/tzdata/mirror/.gitattributes
./unicode-org/icu-data/tzdata/tzu/.gitattributes
./unicode-org/icu-data/tzdata/tzu/.gitignore
./unicode-org/icu-demos/.gitattributes
./unicode-org/icu-demos/.gitignore
./unicode-org/icu-demos/WinTZ/.gitignore
./unicode-org/icu-demos/icu4jweb/.gitignore
./unicode-org/icu-demos/iucsamples/c/.gitignore
./unicode-org/icu-demos/iucsamples/j/icu2work/.gitignore
./unicode-org/icu-demos/iucsamples/j/icu2work/src/main/java/com/ibm/us/srloomis/demo/icu2work/.gitignore
./unicode-org/icu-demos/iucsamples/j/icu2work/src/main/java/com/ibm/us/srloomis/demo/icu2work/impl/.gitignore
./unicode-org/icu-demos/iucsamples/j/icu2work/src/test/java/com/ibm/us/srloomis/demo/icu2work/.gitignore
./unicode-org/icu-demos/jle/src/com/ibm/icu/dev/tools/languagetag/.gitattributes
./unicode-org/icu-demos/ubrowse/.gitignore
./unicode-org/icu-docs/.gitattributes
./unicode-org/icu-docs/.gitignore
./m3y54m/simple-avr-bootloader/.gitignore
./Optiboot/optiboot/.gitignore
./libusb-1.0.30/.gitattributes
./libusb-1.0.30/.gitignore
./libusb-1.0.30/msvc/.gitattributes
./libusb-1.0.30/tests/webusb-test-shim/.gitignore
./lufa-LUFA-170418/.gitignore
./lufa-LUFA-170418/Bootloaders/HID/HostLoaderApp/.gitignore
./lufa-LUFA-170418/LUFA/Build/DMBS/.gitignore
./lufa-LUFA-151115/.gitignore
./lufa-LUFA-151115/Bootloaders/HID/HostLoaderApp/.gitignore
