Gaia ID,Activity Timestamp,IP Address,Proxiedhost IP Address,Is Non-routable IP Address,Activity Country,Activity Region,Activity City,User Agent String,Product Name,Sub-Product Name,Activity Type,Gmail Access Channel
209322345026,2026-07-25 23:53:57 UTC,107.209.5.193,,No,,,,App : FIREFOX. App Version : 153.0. Os : LINUX_OS. Device Type : PC.,YouTube,Other,,
209322345026,2026-07-25 23:53:48 UTC,107.209.5.193,,No,,,,,Other,Other,,
209322345026,2026-07-25 23:53:48 UTC,107.209.5.193,,No,,,,App : FIREFOX. App Version : 153.0. Os : LINUX_OS. Device Type : PC.,Other,Other,,
209322345026,2026-07-25 23:53:47 UTC,107.209.5.193,,No,,,,App : FIREFOX. App Version : 153.0. Os : LINUX_OS. Device Type : PC.,YouTube,Other,,
209322345026,2026-07-25 23:53:44 UTC,107.209.5.193,,No,,,,App : FIREFOX. App Version : 153.0. Os : LINUX_OS. Device Type : PC.,Other,Other,,
209322345026,2026-07-25 23:53:40 UTC,107.209.5.193,,No,,,,App : FIREFOX. App Version : 153.0. Os : ANDROID_OS. Os Version : 13. Device Type : MOBILE.,YouTube,Other,,
209322345026,2026-07-25 23:53:34 UTC,107.209.5.193,,No,,,,App : FIREFOX. App Version : 153.0. Os : ANDROID_OS. Os Version : 13. Device Type : MOBILE.,YouTube,Other,,
209322345026,2026-07-25 23:53:34 UTC,107.209.5.193,,No,,,,App : FIREFOX. App Version : 153.0. Os : LINUX_OS. Device Type : PC.,YouTube,Other,,
209322345026,2026-07-25 23:53:28 UTC,107.209.5.193,,No,,,,App : FIREFOX. App Version : 153.0. Os : LINUX_OS. Device Type : PC.,YouTube,Other,,
209322345026,2026-07-25 23:53:05 UTC,107.209.5.193,,No,,,,App : FIREFOX. App Version : 153.0. Os : LINUX_OS. Device Type : PC.,YouTube,Other,,
209322345026,2026-07-25 23:53:05 UTC,107.209.5.193,,No,,,,App : FIREFOX. App Version : 153.0. Os : LINUX_OS. Device Type : PC.,YouTube,Other,,
209322345026,2026-07-25 23:53:04 UTC,107.209.5.193,,No,,,,App : FIREFOX. App Version : 153.0. Os : ANDROID_OS. Os Version : 13. Device Type : MOBILE.,YouTube,Other,,
209322345026,2026-07-25 23:52:58 UTC,107.209.5.193,,No,,,,App : FIREFOX. App Version : 153.0. Os : ANDROID_OS. Os Version : 13. Device Type : MOBILE.,YouTube,Other,,
209322345026,2026-07-25 23:52:58 UTC,107.209.5.193,,No,,,,App : FIREFOX. App Version : 153.0. Os : ANDROID_OS. Os Version : 13. Device Type : MOBILE.,YouTube,Other,,
209322345026,2026-07-25 23:52:56 UTC,107.209.5.193,,No,,,,App : FIREFOX. App Version : 153.0. Os : ANDROID_OS. Os Version : 13. Device Type : MOBILE.,YouTube,Other,,
209322345026,2026-07-25 23:52:54 UTC,107.209.5.193,,No,,,,App : FIREFOX. App Version : 153.0. Os : LINUX_OS. Device Type : PC.,YouTube,Other,,
209322345026,2026-07-25 18:48:37 UTC,2600:387:f:7619:0:0:0:1,,No,,,,App : FIREFOX. App Version : 153.0. Os : ANDROID_OS. Os Version : 13. Device Type : MOBILE.,Other,Other,,
209322345026,2026-07-25 18:48:33 UTC,2600:387:f:7619:0:0:0:1,,No,,,,App : FIREFOX. App Version : 153.0. Os : ANDROID_OS. Os Version : 13. Device Type : MOBILE.,Other,Other,,
209322345026,2026-07-25 18:48:26 UTC,2600:387:f:7619:0:0:0:1,,No,,,,App : FIREFOX. App Version : 153.0. Os : ANDROID_OS. Os Version : 13. Device Type : MOBILE.,Other,Other,,
209322345026,2026-07-25 18:48:26 UTC,2600:387:f:7619:0:0:0:1,,No,,,,App : FIREFOX. App Version : 153.0. Os : ANDROID_OS. Os Version : 13. Device Type : MOBILE.,Other,Other,,
209322345026,2026-07-25 18:48:25 UTC,2600:387:f:7619:0:0:0:1,,No,,,,App : FIREFOX. App Version : 153.0. Os : ANDROID_OS. Os Version : 13. Device Type : MOBILE.,Other,Other,,
209322345026,2026-07-25 18:48:25 UTC,2600:387:f:7619:0:0:0:1,,No,,,,App : FIREFOX. App Version : 153.0. Os : ANDROID_OS. Os Version : 13. Device Type : MOBILE.,Other,Other,,
209322345026,2026-07-25 18:48:24 UTC,2600:387:f:7619:0:0:0:1,,No,,,,App : FIREFOX. App Version : 153.0. Os : ANDROID_OS. Os Version : 13. Device Type : MOBILE.,Other,Other,,
209322345026,2026-07-25 18:48:24 UTC,2600:387:f:7619:0:0:0:1,,No,,,,App : FIREFOX. App Version : 153.0. Os : ANDROID_OS. Os Version : 13. Device Type : MOBILE.,Other,Other,,
209322345026,2026-07-25 18:48:24 UTC,2600:387:f:7619:0:0:0:1,,No,,,,App : FIREFOX. App Version : 153.0. Os : ANDROID_OS. Os Version : 13. Device Type : MOBILE.,Other,Other,,
209322345026,2026-07-25 18:48:22 UTC,2600:387:f:7619:0:0:0:1,,No,,,,App : FIREFOX. App Version : 153.0. Os : ANDROID_OS. Os Version : 13. Device Type : MOBILE.,Other,Other,,
209322345026,2026-07-25 18:48:21 UTC,2600:387:f:7619:0:0:0:1,,No,,,,App : FIREFOX. App Version : 153.0. Os : ANDROID_OS. Os Version : 13. Device Type : MOBILE.,Other,Other,,
209322345026,2026-07-25 18:48:21 UTC,2600:387:f:7619:0:0:0:1,,No,,,,App : FIREFOX. App Version : 153.0. Os : ANDROID_OS. Os Version : 13. Device Type : MOBILE.,Other,Other,,
209322345026,2026-07-25 18:48:21 UTC,2600:387:f:7619:0:0:0:1,,No,,,,App : FIREFOX. App Version : 153.0. Os : ANDROID_OS. Os Version : 13. Device Type : MOBILE.,Other,Other,,
209322345026,2026-07-25 18:48:20 UTC,2600:387:f:7619:0:0:0:1,,No,,,,App : FIREFOX. App Version : 153.0. Os : ANDROID_OS. Os Version : 13. Device Type : MOBILE.,Other,Other,,
209322345026,2026-07-25 18:48:15 UTC,2600:387:f:7619:0:0:0:1,,No,,,,App : FIREFOX. App Version : 153.0. Os : ANDROID_OS. Os Version : 13. Device Type : MOBILE.,Other,Other,,
209322345026,2026-07-25 18:48:15 UTC,2600:387:f:7619:0:0:0:1,,No,,,,App : FIREFOX. App Version : 153.0. Os : ANDROID_OS. Os Version : 13. Device Type : MOBILE.,Other,Other,,
209322345026,2026-07-25 18:48:14 UTC,2600:387:f:7619:0:0:0:1,,No,,,,App : FIREFOX. App Version : 153.0. Os : ANDROID_OS. Os Version : 13. Device Type : MOBILE.,Other,Other,,
209322345026,2026-07-25 18:48:14 UTC,2600:387:f:7619:0:0:0:1,,No,,,,App : FIREFOX. App Version : 153.0. Os : ANDROID_OS. Os Version : 13. Device Type : MOBILE.,Other,Other,,
209322345026,2026-07-25 18:48:12 UTC,2600:387:f:7619:0:0:0:1,,No,,,,App : FIREFOX. App Version : 153.0. Os : ANDROID_OS. Os Version : 13. Device Type : MOBILE.,Other,Other,,
209322345026,2026-07-25 18:48:12 UTC,2600:387:f:7619:0:0:0:1,,No,,,,App : FIREFOX. App Version : 153.0. Os : ANDROID_OS. Os Version : 13. Device Type : MOBILE.,Other,Other,,
209322345026,2026-07-25 18:48:11 UTC,2600:387:f:7619:0:0:0:1,,No,,,,App : FIREFOX. App Version : 153.0. Os : ANDROID_OS. Os Version : 13. Device Type : MOBILE.,Other,Other,,
209322345026,2026-07-25 18:48:10 UTC,2600:387:f:7619:0:0:0:1,,No,,,,App : FIREFOX. App Version : 153.0. Os : ANDROID_OS. Os Version : 13. Device Type : MOBILE.,Other,Other,,
209322345026,2026-07-25 18:48:09 UTC,2600:387:f:7619:0:0:0:1,,No,,,,App : FIREFOX. App Version : 153.0. Os : ANDROID_OS. Os Version : 13. Device Type : MOBILE.,Other,Other,,
209322345026,2026-07-25 18:48:07 UTC,2600:387:f:7619:0:0:0:1,,No,,,,App : FIREFOX. App Version : 153.0. Os : ANDROID_OS. Os Version : 13. Device Type : MOBILE.,Other,Other,,
209322345026,2026-07-25 18:48:06 UTC,2600:387:f:7619:0:0:0:1,,No,,,,App : FIREFOX. App Version : 153.0. Os : ANDROID_OS. Os Version : 13. Device Type : MOBILE.,Other,Other,,
209322345026,2026-07-25 18:48:05 UTC,2600:387:f:7619:0:0:0:1,,No,,,,App : FIREFOX. App Version : 153.0. Os : ANDROID_OS. Os Version : 13. Device Type : MOBILE.,Other,Other,,
209322345026,2026-07-25 18:48:05 UTC,2600:387:f:7619:0:0:0:1,,No,,,,App : FIREFOX. App Version : 153.0. Os : ANDROID_OS. Os Version : 13. Device Type : MOBILE.,Other,Other,,
209322345026,2026-07-25 18:48:02 UTC,2600:387:f:7619:0:0:0:1,,No,,,,App : FIREFOX. App Version : 153.0. Os : ANDROID_OS. Os Version : 13. Device Type : MOBILE.,Other,Other,,
209322345026,2026-07-25 18:48:01 UTC,2600:387:f:7619:0:0:0:1,,No,,,,App : FIREFOX. App Version : 153.0. Os : ANDROID_OS. Os Version : 13. Device Type : MOBILE.,Other,Other,,
209322345026,2026-07-25 18:48:01 UTC,2600:387:f:7619:0:0:0:1,,No,,,,App : FIREFOX. App Version : 153.0. Os : ANDROID_OS. Os Version : 13. Device Type : MOBILE.,Other,Other,,
209322345026,2026-07-25 18:48:00 UTC,2600:387:f:7619:0:0:0:1,,No,,,,App : FIREFOX. App Version : 153.0. Os : ANDROID_OS. Os Version : 13. Device Type : MOBILE.,Other,Other,,
209322345026,2026-07-25 18:47:59 UTC,2600:387:f:7619:0:0:0:1,,No,,,,App : FIREFOX. App Version : 153.0. Os : ANDROID_OS. Os Version : 13. Device Type : MOBILE.,Other,Other,,
209322345026,2026-07-25 18:47:57 UTC,2600:387:f:7619:0:0:0:1,,No,,,,App : FIREFOX. App Version : 153.0. Os : ANDROID_OS. Os Version : 13. Device Type : MOBILE.,Other,Other,,
209322345026,2026-07-25 18:47:55 UTC,2600:387:f:7619:0:0:0:1,,No,,,,App : FIREFOX. App Version : 153.0. Os : ANDROID_OS. Os Version : 13. Device Type : MOBILE.,Other,Other,,
209322345026,2026-07-25 18:47:55 UTC,2600:387:f:7619:0:0:0:1,,No,,,,App : FIREFOX. App Version : 153.0. Os : ANDROID_OS. Os Version : 13. Device Type : MOBILE.,Other,Other,,
209322345026,2026-07-25 18:47:54 UTC,2600:387:f:7619:0:0:0:1,,No,,,,App : FIREFOX. App Version : 153.0. Os : ANDROID_OS. Os Version : 13. Device Type : MOBILE.,Other,Other,,
209322345026,2026-07-25 18:47:54 UTC,2600:387:f:7619:0:0:0:1,,No,,,,App : FIREFOX. App Version : 153.0. Os : ANDROID_OS. Os Version : 13. Device Type : MOBILE.,Other,Other,,
209322345026,2026-07-25 18:47:50 UTC,2600:387:f:7619:0:0:0:1,,No,,,,App : FIREFOX. App Version : 153.0. Os : ANDROID_OS. Os Version : 13. Device Type : MOBILE.,Other,Other,,
209322345026,2026-07-25 18:47:14 UTC,2600:387:f:7619:0:0:0:1,,No,,,,App : FIREFOX. App Version : 153.0. Os : ANDROID_OS. Os Version : 13. Device Type : MOBILE.,Other,Other,,
209322345026,2026-07-25 18:47:09 UTC,2600:387:f:7619:0:0:0:1,,No,,,,App : FIREFOX. App Version : 153.0. Os : ANDROID_OS. Os Version : 13. Device Type : MOBILE.,Other,Other,,
209322345026,2026-07-25 18:47:09 UTC,2600:387:f:7619:0:0:0:1,,No,,,,App : FIREFOX. App Version : 153.0. Os : ANDROID_OS. Os Version : 13. Device Type : MOBILE.,Other,Other,,
209322345026,2026-07-25 18:47:09 UTC,2600:387:f:7619:0:0:0:1,,No,,,,App : FIREFOX. App Version : 153.0. Os : ANDROID_OS. Os Version : 13. Device Type : MOBILE.,Other,Other,,
209322345026,2026-07-25 18:47:08 UTC,2600:387:f:7619:0:0:0:1,,No,,,,App : FIREFOX. App Version : 153.0. Os : ANDROID_OS. Os Version : 13. Device Type : MOBILE.,Other,Other,,
209322345026,2026-07-25 18:47:05 UTC,2600:387:f:7619:0:0:0:1,,No,,,,App : FIREFOX. App Version : 153.0. Os : ANDROID_OS. Os Version : 13. Device Type : MOBILE.,Other,Other,,
209322345026,2026-07-25 18:47:04 UTC,2600:387:f:7619:0:0:0:1,,No,,,,App : FIREFOX. App Version : 153.0. Os : ANDROID_OS. Os Version : 13. Device Type : MOBILE.,Other,Other,,
209322345026,2026-07-25 18:47:04 UTC,2600:387:f:7619:0:0:0:1,,No,,,,App : FIREFOX. App Version : 153.0. Os : ANDROID_OS. Os Version : 13. Device Type : MOBILE.,Other,Other,,
209322345026,2026-07-25 18:47:03 UTC,2600:387:f:7619:0:0:0:1,,No,,,,App : FIREFOX. App Version : 153.0. Os : ANDROID_OS. Os Version : 13. Device Type : MOBILE.,Other,Other,,
209322345026,2026-07-25 18:47:03 UTC,2600:387:f:7619:0:0:0:1,,No,,,,App : FIREFOX. App Version : 153.0. Os : ANDROID_OS. Os Version : 13. Device Type : MOBILE.,Other,Other,,
209322345026,2026-07-25 18:47:03 UTC,2600:387:f:7619:0:0:0:1,,No,,,,App : FIREFOX. App Version : 153.0. Os : ANDROID_OS. Os Version : 13. Device Type : MOBILE.,Other,Other,,
209322345026,2026-07-25 18:47:03 UTC,2600:387:f:7619:0:0:0:1,,No,,,,App : FIREFOX. App Version : 153.0. Os : ANDROID_OS. Os Version : 13. Device Type : MOBILE.,Other,Other,,
209322345026,2026-07-25 18:47:03 UTC,2600:387:f:7619:0:0:0:1,,No,,,,App : FIREFOX. App Version : 153.0. Os : ANDROID_OS. Os Version : 13. Device Type : MOBILE.,Other,Other,,
209322345026,2026-07-25 18:47:02 UTC,2600:387:f:7619:0:0:0:1,,No,,,,App : FIREFOX. App Version : 153.0. Os : ANDROID_OS. Os Version : 13. Device Type : MOBILE.,Other,Other,,
209322345026,2026-07-25 18:47:01 UTC,2600:387:f:7619:0:0:0:1,,No,,,,App : FIREFOX. App Version : 153.0. Os : ANDROID_OS. Os Version : 13. Device Type : MOBILE.,Other,Other,,
209322345026,2026-07-25 18:47:01 UTC,2600:387:f:7619:0:0:0:1,,No,,,,App : FIREFOX. App Version : 153.0. Os : ANDROID_OS. Os Version : 13. Device Type : MOBILE.,Other,Other,,
209322345026,2026-07-25 18:47:00 UTC,2600:387:f:7619:0:0:0:1,,No,,,,App : FIREFOX. App Version : 153.0. Os : ANDROID_OS. Os Version : 13. Device Type : MOBILE.,Other,Other,,
209322345026,2026-07-25 18:47:00 UTC,2600:387:f:7619:0:0:0:1,,No,,,,App : FIREFOX. App Version : 153.0. Os : ANDROID_OS. Os Version : 13. Device Type : MOBILE.,Other,Other,,
209322345026,2026-07-25 18:46:59 UTC,2600:387:f:7619:0:0:0:1,,No,,,,App : FIREFOX. App Version : 153.0. Os : ANDROID_OS. Os Version : 13. Device Type : MOBILE.,Other,Other,,
209322345026,2026-07-25 18:46:59 UTC,2600:387:f:7619:0:0:0:1,,No,,,,App : FIREFOX. App Version : 153.0. Os : ANDROID_OS. Os Version : 13. Device Type : MOBILE.,Other,Other,,
209322345026,2026-07-25 18:46:58 UTC,2600:387:f:7619:0:0:0:1,,No,,,,App : FIREFOX. App Version : 153.0. Os : ANDROID_OS. Os Version : 13. Device Type : MOBILE.,Other,Other,,
209322345026,2026-07-25 18:46:58 UTC,2600:387:f:7619:0:0:0:1,,No,,,,App : FIREFOX. App Version : 153.0. Os : ANDROID_OS. Os Version : 13. Device Type : MOBILE.,Other,Other,,
209322345026,2026-07-25 18:46:57 UTC,2600:387:f:7619:0:0:0:1,,No,,,,App : FIREFOX. App Version : 153.0. Os : ANDROID_OS. Os Version : 13. Device Type : MOBILE.,Other,Other,,
209322345026,2026-07-25 18:46:56 UTC,2600:387:f:7619:0:0:0:1,,No,,,,App : FIREFOX. App Version : 153.0. Os : ANDROID_OS. Os Version : 13. Device Type : MOBILE.,Other,Other,,
209322345026,2026-07-25 18:46:56 UTC,2600:387:f:7619:0:0:0:1,,No,,,,App : FIREFOX. App Version : 153.0. Os : ANDROID_OS. Os Version : 13. Device Type : MOBILE.,Other,Other,,
209322345026,2026-07-25 18:46:55 UTC,2600:387:f:7619:0:0:0:1,,No,,,,App : FIREFOX. App Version : 153.0. Os : ANDROID_OS. Os Version : 13. Device Type : MOBILE.,Other,Other,,
209322345026,2026-07-25 18:46:55 UTC,2600:387:f:7619:0:0:0:1,,No,,,,App : FIREFOX. App Version : 153.0. Os : ANDROID_OS. Os Version : 13. Device Type : MOBILE.,Other,Other,,
209322345026,2026-07-25 18:46:54 UTC,2600:387:f:7619:0:0:0:1,,No,,,,App : FIREFOX. App Version : 153.0. Os : ANDROID_OS. Os Version : 13. Device Type : MOBILE.,Other,Other,,
209322345026,2026-07-25 18:46:54 UTC,2600:387:f:7619:0:0:0:1,,No,,,,App : FIREFOX. App Version : 153.0. Os : ANDROID_OS. Os Version : 13. Device Type : MOBILE.,Other,Other,,
209322345026,2026-07-25 18:46:54 UTC,2600:387:f:7619:0:0:0:1,,No,,,,App : FIREFOX. App Version : 153.0. Os : ANDROID_OS. Os Version : 13. Device Type : MOBILE.,Other,Other,,
209322345026,2026-07-25 18:46:54 UTC,2600:387:f:7619:0:0:0:1,,No,,,,App : FIREFOX. App Version : 153.0. Os : ANDROID_OS. Os Version : 13. Device Type : MOBILE.,Other,Other,,
209322345026,2026-07-25 18:46:52 UTC,2600:387:f:7619:0:0:0:1,,No,,,,App : FIREFOX. App Version : 153.0. Os : ANDROID_OS. Os Version : 13. Device Type : MOBILE.,Other,Other,,
209322345026,2026-07-25 18:46:49 UTC,2600:387:f:7619:0:0:0:1,,No,,,,App : FIREFOX. App Version : 153.0. Os : ANDROID_OS. Os Version : 13. Device Type : MOBILE.,Other,Other,,
209322345026,2026-07-25 18:46:48 UTC,2600:387:f:7619:0:0:0:1,,No,,,,App : FIREFOX. App Version : 153.0. Os : ANDROID_OS. Os Version : 13. Device Type : MOBILE.,Other,Other,,
209322345026,2026-07-25 18:46:47 UTC,2600:387:f:7619:0:0:0:1,,No,,,,App : FIREFOX. App Version : 153.0. Os : ANDROID_OS. Os Version : 13. Device Type : MOBILE.,Other,Other,,
209322345026,2026-07-25 18:46:44 UTC,2600:387:f:7619:0:0:0:1,,No,,,,App : FIREFOX. App Version : 153.0. Os : ANDROID_OS. Os Version : 13. Device Type : MOBILE.,Other,Other,,
209322345026,2026-07-25 18:46:44 UTC,2600:387:f:7619:0:0:0:1,,No,,,,App : FIREFOX. App Version : 153.0. Os : ANDROID_OS. Os Version : 13. Device Type : MOBILE.,Other,Other,,
209322345026,2026-07-25 18:46:43 UTC,2600:387:f:7619:0:0:0:1,,No,,,,App : FIREFOX. App Version : 153.0. Os : ANDROID_OS. Os Version : 13. Device Type : MOBILE.,Other,Other,,
209322345026,2026-07-25 18:46:42 UTC,2600:387:f:7619:0:0:0:1,,No,,,,App : FIREFOX. App Version : 153.0. Os : ANDROID_OS. Os Version : 13. Device Type : MOBILE.,Other,Other,,
209322345026,2026-07-25 18:46:42 UTC,2600:387:f:7619:0:0:0:1,,No,,,,App : FIREFOX. App Version : 153.0. Os : ANDROID_OS. Os Version : 13. Device Type : MOBILE.,Other,Other,,
209322345026,2026-07-25 18:46:41 UTC,2600:387:f:7619:0:0:0:1,,No,,,,App : FIREFOX. App Version : 153.0. Os : ANDROID_OS. Os Version : 13. Device Type : MOBILE.,Other,Other,,
209322345026,2026-07-25 18:46:41 UTC,2600:387:f:7619:0:0:0:1,,No,,,,App : FIREFOX. App Version : 153.0. Os : ANDROID_OS. Os Version : 13. Device Type : MOBILE.,Other,Other,,
209322345026,2026-07-25 18:46:41 UTC,2600:387:f:7619:0:0:0:1,,No,,,,App : FIREFOX. App Version : 153.0. Os : ANDROID_OS. Os Version : 13. Device Type : MOBILE.,Other,Other,,
209322345026,2026-07-25 18:46:41 UTC,2600:387:f:7619:0:0:0:1,,No,,,,App : FIREFOX. App Version : 153.0. Os : ANDROID_OS. Os Version : 13. Device Type : MOBILE.,Other,Other,,
209322345026,2026-07-25 18:46:40 UTC,2600:387:f:7619:0:0:0:1,,No,,,,App : FIREFOX. App Version : 153.0. Os : ANDROID_OS. Os Version : 13. Device Type : MOBILE.,Other,Other,,
209322345026,2026-07-25 18:46:40 UTC,2600:387:f:7619:0:0:0:1,,No,,,,App : FIREFOX. App Version : 153.0. Os : ANDROID_OS. Os Version : 13. Device Type : MOBILE.,Other,Other,,
209322345026,2026-07-25 18:46:40 UTC,2600:387:f:7619:0:0:0:1,,No,,,,App : FIREFOX. App Version : 153.0. Os : ANDROID_OS. Os Version : 13. Device Type : MOBILE.,Other,Other,,
209322345026,2026-07-25 18:46:39 UTC,2600:387:f:7619:0:0:0:1,,No,,,,App : FIREFOX. App Version : 153.0. Os : ANDROID_OS. Os Version : 13. Device Type : MOBILE.,Other,Other,,
209322345026,2026-07-25 18:46:39 UTC,2600:387:f:7619:0:0:0:1,,No,,,,App : FIREFOX. App Version : 153.0. Os : ANDROID_OS. Os Version : 13. Device Type : MOBILE.,Other,Other,,
209322345026,2026-07-25 18:46:36 UTC,2600:387:f:7619:0:0:0:1,,No,,,,App : FIREFOX. App Version : 153.0. Os : ANDROID_OS. Os Version : 13. Device Type : MOBILE.,Other,Other,,
209322345026,2026-07-25 18:46:36 UTC,2600:387:f:7619:0:0:0:1,,No,,,,App : FIREFOX. App Version : 153.0. Os : ANDROID_OS. Os Version : 13. Device Type : MOBILE.,Other,Other,,
209322345026,2026-07-25 18:46:36 UTC,2600:387:f:7619:0:0:0:1,,No,,,,App : FIREFOX. App Version : 153.0. Os : ANDROID_OS. Os Version : 13. Device Type : MOBILE.,Other,Other,,
209322345026,2026-07-25 18:46:35 UTC,2600:387:f:7619:0:0:0:1,,No,,,,App : FIREFOX. App Version : 153.0. Os : ANDROID_OS. Os Version : 13. Device Type : MOBILE.,Other,Other,,
209322345026,2026-07-25 18:46:35 UTC,2600:387:f:7619:0:0:0:1,,No,,,,App : FIREFOX. App Version : 153.0. Os : ANDROID_OS. Os Version : 13. Device Type : MOBILE.,Other,Other,,
209322345026,2026-07-25 18:46:32 UTC,2600:387:f:7619:0:0:0:1,,No,,,,App : FIREFOX. App Version : 153.0. Os : ANDROID_OS. Os Version : 13. Device Type : MOBILE.,Other,Other,,
209322345026,2026-07-25 18:46:31 UTC,2600:387:f:7619:0:0:0:1,,No,,,,App : FIREFOX. App Version : 153.0. Os : ANDROID_OS. Os Version : 13. Device Type : MOBILE.,Other,Other,,
209322345026,2026-07-25 18:46:30 UTC,2600:387:f:7619:0:0:0:1,,No,,,,App : FIREFOX. App Version : 153.0. Os : ANDROID_OS. Os Version : 13. Device Type : MOBILE.,Other,Other,,
209322345026,2026-07-25 18:46:29 UTC,2600:387:f:7619:0:0:0:1,,No,,,,App : FIREFOX. App Version : 153.0. Os : ANDROID_OS. Os Version : 13. Device Type : MOBILE.,Other,Other,,
209322345026,2026-07-25 18:46:29 UTC,2600:387:f:7619:0:0:0:1,,No,,,,App : FIREFOX. App Version : 153.0. Os : ANDROID_OS. Os Version : 13. Device Type : MOBILE.,Other,Other,,
209322345026,2026-07-25 18:46:28 UTC,2600:387:f:7619:0:0:0:1,,No,,,,App : FIREFOX. App Version : 153.0. Os : ANDROID_OS. Os Version : 13. Device Type : MOBILE.,Other,Other,,
209322345026,2026-07-25 18:46:28 UTC,2600:387:f:7619:0:0:0:1,,No,,,,App : FIREFOX. App Version : 153.0. Os : ANDROID_OS. Os Version : 13. Device Type : MOBILE.,Other,Other,,
209322345026,2026-07-25 18:46:28 UTC,2600:387:f:7619:0:0:0:1,,No,,,,App : FIREFOX. App Version : 153.0. Os : ANDROID_OS. Os Version : 13. Device Type : MOBILE.,Other,Other,,
209322345026,2026-07-25 18:46:24 UTC,2600:387:f:7619:0:0:0:1,,No,,,,App : FIREFOX. App Version : 153.0. Os : ANDROID_OS. Os Version : 13. Device Type : MOBILE.,Other,Other,,
209322345026,2026-07-25 18:46:24 UTC,2600:387:f:7619:0:0:0:1,,No,,,,App : FIREFOX. App Version : 153.0. Os : ANDROID_OS. Os Version : 13. Device Type : MOBILE.,Other,Other,,
209322345026,2026-07-25 18:46:24 UTC,2600:387:f:7619:0:0:0:1,,No,,,,App : FIREFOX. App Version : 153.0. Os : ANDROID_OS. Os Version : 13. Device Type : MOBILE.,Other,Other,,
209322345026,2026-07-25 18:46:24 UTC,2600:387:f:7619:0:0:0:1,,No,,,,App : FIREFOX. App Version : 153.0. Os : ANDROID_OS. Os Version : 13. Device Type : MOBILE.,Other,Other,,
209322345026,2026-07-25 18:46:24 UTC,2600:387:f:7619:0:0:0:1,,No,,,,App : FIREFOX. App Version : 153.0. Os : ANDROID_OS. Os Version : 13. Device Type : MOBILE.,Other,Other,,
209322345026,2026-07-25 18:46:23 UTC,2600:387:f:7619:0:0:0:1,,No,,,,App : FIREFOX. App Version : 153.0. Os : ANDROID_OS. Os Version : 13. Device Type : MOBILE.,Other,Other,,
209322345026,2026-07-25 18:46:22 UTC,2600:387:f:7619:0:0:0:1,,No,,,,App : FIREFOX. App Version : 153.0. Os : ANDROID_OS. Os Version : 13. Device Type : MOBILE.,Other,Other,,
209322345026,2026-07-25 18:46:21 UTC,2600:387:f:7619:0:0:0:1,,No,,,,App : FIREFOX. App Version : 153.0. Os : ANDROID_OS. Os Version : 13. Device Type : MOBILE.,Other,Other,,
209322345026,2026-07-25 18:46:21 UTC,2600:387:f:7619:0:0:0:1,,No,,,,App : FIREFOX. App Version : 153.0. Os : ANDROID_OS. Os Version : 13. Device Type : MOBILE.,Other,Other,,
209322345026,2026-07-25 18:46:21 UTC,2600:387:f:7619:0:0:0:1,,No,,,,App : FIREFOX. App Version : 153.0. Os : ANDROID_OS. Os Version : 13. Device Type : MOBILE.,Other,Other,,
209322345026,2026-07-25 18:46:20 UTC,2600:387:f:7619:0:0:0:1,,No,,,,App : FIREFOX. App Version : 153.0. Os : ANDROID_OS. Os Version : 13. Device Type : MOBILE.,Other,Other,,
209322345026,2026-07-25 18:46:20 UTC,2600:387:f:7619:0:0:0:1,,No,,,,App : FIREFOX. App Version : 153.0. Os : ANDROID_OS. Os Version : 13. Device Type : MOBILE.,Other,Other,,
209322345026,2026-07-25 18:46:19 UTC,2600:387:f:7619:0:0:0:1,,No,,,,App : FIREFOX. App Version : 153.0. Os : ANDROID_OS. Os Version : 13. Device Type : MOBILE.,Other,Other,,
209322345026,2026-07-25 18:46:19 UTC,2600:387:f:7619:0:0:0:1,,No,,,,App : FIREFOX. App Version : 153.0. Os : ANDROID_OS. Os Version : 13. Device Type : MOBILE.,Other,Other,,
209322345026,2026-07-25 18:46:18 UTC,2600:387:f:7619:0:0:0:1,,No,,,,App : FIREFOX. App Version : 153.0. Os : ANDROID_OS. Os Version : 13. Device Type : MOBILE.,Other,Other,,
209322345026,2026-07-25 18:46:18 UTC,2600:387:f:7619:0:0:0:1,,No,,,,App : FIREFOX. App Version : 153.0. Os : ANDROID_OS. Os Version : 13. Device Type : MOBILE.,Other,Other,,
209322345026,2026-07-25 18:46:18 UTC,2600:387:f:7619:0:0:0:1,,No,,,,App : FIREFOX. App Version : 153.0. Os : ANDROID_OS. Os Version : 13. Device Type : MOBILE.,Other,Other,,
209322345026,2026-07-25 18:46:18 UTC,2600:387:f:7619:0:0:0:1,,No,,,,App : FIREFOX. App Version : 153.0. Os : ANDROID_OS. Os Version : 13. Device Type : MOBILE.,Other,Other,,
209322345026,2026-07-25 18:46:15 UTC,2600:387:f:7619:0:0:0:1,,No,,,,App : FIREFOX. App Version : 153.0. Os : ANDROID_OS. Os Version : 13. Device Type : MOBILE.,Other,Other,,
209322345026,2026-07-25 18:46:15 UTC,2600:387:f:7619:0:0:0:1,,No,,,,App : FIREFOX. App Version : 153.0. Os : ANDROID_OS. Os Version : 13. Device Type : MOBILE.,Other,Other,,
209322345026,2026-07-25 18:46:15 UTC,2600:387:f:7619:0:0:0:1,,No,,,,App : FIREFOX. App Version : 153.0. Os : ANDROID_OS. Os Version : 13. Device Type : MOBILE.,Other,Other,,
209322345026,2026-07-25 18:46:15 UTC,2600:387:f:7619:0:0:0:1,,No,,,,App : FIREFOX. App Version : 153.0. Os : ANDROID_OS. Os Version : 13. Device Type : MOBILE.,Other,Other,,
209322345026,2026-07-25 18:46:14 UTC,2600:387:f:7619:0:0:0:1,,No,,,,App : FIREFOX. App Version : 153.0. Os : ANDROID_OS. Os Version : 13. Device Type : MOBILE.,Other,Other,,
209322345026,2026-07-25 18:46:13 UTC,2600:387:f:7619:0:0:0:1,,No,,,,App : FIREFOX. App Version : 153.0. Os : ANDROID_OS. Os Version : 13. Device Type : MOBILE.,Other,Other,,
209322345026,2026-07-25 18:46:12 UTC,2600:387:f:7619:0:0:0:1,,No,,,,App : FIREFOX. App Version : 153.0. Os : ANDROID_OS. Os Version : 13. Device Type : MOBILE.,Other,Other,,
209322345026,2026-07-25 18:46:12 UTC,2600:387:f:7619:0:0:0:1,,No,,,,App : FIREFOX. App Version : 153.0. Os : ANDROID_OS. Os Version : 13. Device Type : MOBILE.,Other,Other,,
209322345026,2026-07-25 18:46:12 UTC,2600:387:f:7619:0:0:0:1,,No,,,,App : FIREFOX. App Version : 153.0. Os : ANDROID_OS. Os Version : 13. Device Type : MOBILE.,Other,Other,,
209322345026,2026-07-25 18:46:12 UTC,2600:387:f:7619:0:0:0:1,,No,,,,App : FIREFOX. App Version : 153.0. Os : ANDROID_OS. Os Version : 13. Device Type : MOBILE.,Other,Other,,
209322345026,2026-07-25 18:46:11 UTC,2600:387:f:7619:0:0:0:1,,No,,,,App : FIREFOX. App Version : 153.0. Os : ANDROID_OS. Os Version : 13. Device Type : MOBILE.,Other,Other,,
209322345026,2026-07-25 18:46:09 UTC,2600:387:f:7619:0:0:0:1,,No,,,,App : FIREFOX. App Version : 153.0. Os : ANDROID_OS. Os Version : 13. Device Type : MOBILE.,Other,Other,,
209322345026,2026-07-25 18:46:08 UTC,2600:387:f:7619:0:0:0:1,,No,,,,App : FIREFOX. App Version : 153.0. Os : ANDROID_OS. Os Version : 13. Device Type : MOBILE.,Other,Other,,
209322345026,2026-07-25 18:46:08 UTC,2600:387:f:7619:0:0:0:1,,No,,,,App : FIREFOX. App Version : 153.0. Os : ANDROID_OS. Os Version : 13. Device Type : MOBILE.,Other,Other,,
209322345026,2026-07-25 18:46:06 UTC,2600:387:f:7619:0:0:0:1,,No,,,,App : FIREFOX. App Version : 153.0. Os : ANDROID_OS. Os Version : 13. Device Type : MOBILE.,Other,Other,,
209322345026,2026-07-25 18:46:06 UTC,2600:387:f:7619:0:0:0:1,,No,,,,App : FIREFOX. App Version : 153.0. Os : ANDROID_OS. Os Version : 13. Device Type : MOBILE.,Other,Other,,
209322345026,2026-07-25 18:46:05 UTC,2600:387:f:7619:0:0:0:1,,No,,,,App : FIREFOX. App Version : 153.0. Os : ANDROID_OS. Os Version : 13. Device Type : MOBILE.,Other,Other,,
209322345026,2026-07-25 18:46:04 UTC,2600:387:f:7619:0:0:0:1,,No,,,,App : FIREFOX. App Version : 153.0. Os : ANDROID_OS. Os Version : 13. Device Type : MOBILE.,Other,Other,,
209322345026,2026-07-25 18:46:04 UTC,2600:387:f:7619:0:0:0:1,,No,,,,App : FIREFOX. App Version : 153.0. Os : ANDROID_OS. Os Version : 13. Device Type : MOBILE.,Other,Other,,
209322345026,2026-07-25 18:45:29 UTC,2600:387:f:7619:0:0:0:1,,No,,,,App : FIREFOX. App Version : 153.0. Os : ANDROID_OS. Os Version : 13. Device Type : MOBILE.,Other,Other,,
209322345026,2026-07-25 18:45:17 UTC,2600:387:f:7619:0:0:0:1,,No,,,,App : FIREFOX. App Version : 153.0. Os : ANDROID_OS. Os Version : 13. Device Type : MOBILE.,Other,Other,,
209322345026,2026-07-25 18:45:17 UTC,2600:387:f:7619:0:0:0:1,,No,,,,App : FIREFOX. App Version : 153.0. Os : ANDROID_OS. Os Version : 13. Device Type : MOBILE.,Other,Other,,
209322345026,2026-07-25 18:45:17 UTC,2600:387:f:7619:0:0:0:1,,No,,,,App : FIREFOX. App Version : 153.0. Os : ANDROID_OS. Os Version : 13. Device Type : MOBILE.,Other,Other,,
209322345026,2026-07-25 18:45:17 UTC,2600:387:f:7619:0:0:0:1,,No,,,,App : FIREFOX. App Version : 153.0. Os : ANDROID_OS. Os Version : 13. Device Type : MOBILE.,Other,Other,,
209322345026,2026-07-25 18:45:16 UTC,2600:387:f:7619:0:0:0:1,,No,,,,App : FIREFOX. App Version : 153.0. Os : ANDROID_OS. Os Version : 13. Device Type : MOBILE.,Other,Other,,
209322345026,2026-07-25 18:45:16 UTC,2600:387:f:7619:0:0:0:1,,No,,,,App : FIREFOX. App Version : 153.0. Os : ANDROID_OS. Os Version : 13. Device Type : MOBILE.,Other,Other,,
209322345026,2026-07-25 18:45:15 UTC,2600:387:f:7619:0:0:0:1,,No,,,,App : FIREFOX. App Version : 153.0. Os : ANDROID_OS. Os Version : 13. Device Type : MOBILE.,Other,Other,,
209322345026,2026-07-25 18:45:11 UTC,2600:387:f:7619:0:0:0:1,,No,,,,App : FIREFOX. App Version : 153.0. Os : ANDROID_OS. Os Version : 13. Device Type : MOBILE.,Other,Other,,
209322345026,2026-07-25 18:45:11 UTC,2600:387:f:7619:0:0:0:1,,No,,,,App : FIREFOX. App Version : 153.0. Os : ANDROID_OS. Os Version : 13. Device Type : MOBILE.,Other,Other,,
209322345026,2026-07-25 18:45:09 UTC,2600:387:f:7619:0:0:0:1,,No,,,,App : FIREFOX. App Version : 153.0. Os : ANDROID_OS. Os Version : 13. Device Type : MOBILE.,Other,Other,,
209322345026,2026-07-25 18:45:08 UTC,2600:387:f:7619:0:0:0:1,,No,,,,App : FIREFOX. App Version : 153.0. Os : ANDROID_OS. Os Version : 13. Device Type : MOBILE.,Other,Other,,
209322345026,2026-07-25 18:45:08 UTC,2600:387:f:7619:0:0:0:1,,No,,,,App : FIREFOX. App Version : 153.0. Os : ANDROID_OS. Os Version : 13. Device Type : MOBILE.,Other,Other,,
209322345026,2026-07-25 18:45:08 UTC,2600:387:f:7619:0:0:0:1,,No,,,,App : FIREFOX. App Version : 153.0. Os : ANDROID_OS. Os Version : 13. Device Type : MOBILE.,Other,Other,,
209322345026,2026-07-25 18:45:07 UTC,2600:387:f:7619:0:0:0:1,,No,,,,App : FIREFOX. App Version : 153.0. Os : ANDROID_OS. Os Version : 13. Device Type : MOBILE.,Other,Other,,
209322345026,2026-07-25 18:45:07 UTC,2600:387:f:7619:0:0:0:1,,No,,,,App : FIREFOX. App Version : 153.0. Os : ANDROID_OS. Os Version : 13. Device Type : MOBILE.,Other,Other,,
209322345026,2026-07-25 18:45:07 UTC,2600:387:f:7619:0:0:0:1,,No,,,,App : FIREFOX. App Version : 153.0. Os : ANDROID_OS. Os Version : 13. Device Type : MOBILE.,Other,Other,,
209322345026,2026-07-25 18:45:07 UTC,2600:387:f:7619:0:0:0:1,,No,,,,App : FIREFOX. App Version : 153.0. Os : ANDROID_OS. Os Version : 13. Device Type : MOBILE.,Other,Other,,
209322345026,2026-07-25 18:45:07 UTC,2600:387:f:7619:0:0:0:1,,No,,,,App : FIREFOX. App Version : 153.0. Os : ANDROID_OS. Os Version : 13. Device Type : MOBILE.,Other,Other,,
209322345026,2026-07-25 18:45:07 UTC,2600:387:f:7619:0:0:0:1,,No,,,,App : FIREFOX. App Version : 153.0. Os : ANDROID_OS. Os Version : 13. Device Type : MOBILE.,Other,Other,,
209322345026,2026-07-25 18:45:02 UTC,2600:387:f:7619:0:0:0:1,,No,,,,App : FIREFOX. App Version : 153.0. Os : ANDROID_OS. Os Version : 13. Device Type : MOBILE.,Other,Other,,
209322345026,2026-07-25 18:45:02 UTC,2600:387:f:7619:0:0:0:1,,No,,,,App : FIREFOX. App Version : 153.0. Os : ANDROID_OS. Os Version : 13. Device Type : MOBILE.,Other,Other,,
209322345026,2026-07-25 18:45:00 UTC,2600:387:f:7619:0:0:0:1,,No,,,,App : FIREFOX. App Version : 153.0. Os : ANDROID_OS. Os Version : 13. Device Type : MOBILE.,Other,Other,,
209322345026,2026-07-25 18:45:00 UTC,2600:387:f:7619:0:0:0:1,,No,,,,App : FIREFOX. App Version : 153.0. Os : ANDROID_OS. Os Version : 13. Device Type : MOBILE.,Other,Other,,
209322345026,2026-07-25 18:44:59 UTC,2600:387:f:7619:0:0:0:1,,No,,,,App : FIREFOX. App Version : 153.0. Os : ANDROID_OS. Os Version : 13. Device Type : MOBILE.,Other,Other,,
209322345026,2026-07-25 18:44:59 UTC,2600:387:f:7619:0:0:0:1,,No,,,,App : FIREFOX. App Version : 153.0. Os : ANDROID_OS. Os Version : 13. Device Type : MOBILE.,Other,Other,,
209322345026,2026-07-25 18:44:58 UTC,2600:387:f:7619:0:0:0:1,,No,,,,App : FIREFOX. App Version : 153.0. Os : ANDROID_OS. Os Version : 13. Device Type : MOBILE.,Other,Other,,
209322345026,2026-07-25 18:44:58 UTC,2600:387:f:7619:0:0:0:1,,No,,,,App : FIREFOX. App Version : 153.0. Os : ANDROID_OS. Os Version : 13. Device Type : MOBILE.,Other,Other,,
209322345026,2026-07-25 18:44:57 UTC,2600:387:f:7619:0:0:0:1,,No,,,,App : FIREFOX. App Version : 153.0. Os : ANDROID_OS. Os Version : 13. Device Type : MOBILE.,Other,Other,,
209322345026,2026-07-25 18:44:55 UTC,2600:387:f:7619:0:0:0:1,,No,,,,App : FIREFOX. App Version : 153.0. Os : ANDROID_OS. Os Version : 13. Device Type : MOBILE.,Other,Other,,
209322345026,2026-07-25 18:44:54 UTC,2600:387:f:7619:0:0:0:1,,No,,,,App : FIREFOX. App Version : 153.0. Os : ANDROID_OS. Os Version : 13. Device Type : MOBILE.,Other,Other,,
209322345026,2026-07-25 18:44:54 UTC,2600:387:f:7619:0:0:0:1,,No,,,,App : FIREFOX. App Version : 153.0. Os : ANDROID_OS. Os Version : 13. Device Type : MOBILE.,Other,Other,,
209322345026,2026-07-25 18:44:53 UTC,2600:387:f:7619:0:0:0:1,,No,,,,App : FIREFOX. App Version : 153.0. Os : ANDROID_OS. Os Version : 13. Device Type : MOBILE.,Other,Other,,
209322345026,2026-07-25 18:44:53 UTC,2600:387:f:7619:0:0:0:1,,No,,,,App : FIREFOX. App Version : 153.0. Os : ANDROID_OS. Os Version : 13. Device Type : MOBILE.,Other,Other,,
209322345026,2026-07-25 18:44:53 UTC,2600:387:f:7619:0:0:0:1,,No,,,,App : FIREFOX. App Version : 153.0. Os : ANDROID_OS. Os Version : 13. Device Type : MOBILE.,Other,Other,,
209322345026,2026-07-25 18:44:52 UTC,2600:387:f:7619:0:0:0:1,,No,,,,App : FIREFOX. App Version : 153.0. Os : ANDROID_OS. Os Version : 13. Device Type : MOBILE.,Other,Other,,
209322345026,2026-07-25 18:44:51 UTC,2600:387:f:7619:0:0:0:1,,No,,,,App : FIREFOX. App Version : 153.0. Os : ANDROID_OS. Os Version : 13. Device Type : MOBILE.,Other,Other,,
209322345026,2026-07-25 18:44:51 UTC,2600:387:f:7619:0:0:0:1,,No,,,,App : FIREFOX. App Version : 153.0. Os : ANDROID_OS. Os Version : 13. Device Type : MOBILE.,Other,Other,,
209322345026,2026-07-25 18:44:51 UTC,2600:387:f:7619:0:0:0:1,,No,,,,App : FIREFOX. App Version : 153.0. Os : ANDROID_OS. Os Version : 13. Device Type : MOBILE.,Other,Other,,
209322345026,2026-07-25 18:44:51 UTC,2600:387:f:7619:0:0:0:1,,No,,,,App : FIREFOX. App Version : 153.0. Os : ANDROID_OS. Os Version : 13. Device Type : MOBILE.,Other,Other,,
209322345026,2026-07-25 18:44:50 UTC,2600:387:f:7619:0:0:0:1,,No,,,,App : FIREFOX. App Version : 153.0. Os : ANDROID_OS. Os Version : 13. Device Type : MOBILE.,Other,Other,,
209322345026,2026-07-25 18:44:50 UTC,2600:387:f:7619:0:0:0:1,,No,,,,App : FIREFOX. App Version : 153.0. Os : ANDROID_OS. Os Version : 13. Device Type : MOBILE.,Other,Other,,
209322345026,2026-07-25 18:44:48 UTC,2600:387:f:7619:0:0:0:1,,No,,,,App : FIREFOX. App Version : 153.0. Os : ANDROID_OS. Os Version : 13. Device Type : MOBILE.,Other,Other,,
209322345026,2026-07-25 18:44:48 UTC,2600:387:f:7619:0:0:0:1,,No,,,,App : FIREFOX. App Version : 153.0. Os : ANDROID_OS. Os Version : 13. Device Type : MOBILE.,Other,Other,,
209322345026,2026-07-25 18:44:36 UTC,2600:387:f:7619:0:0:0:1,,No,,,,App : FIREFOX. App Version : 153.0. Os : LINUX_OS. Device Type : PC.,YouTube,Other,,
209322345026,2026-07-25 18:44:36 UTC,2600:387:f:7619:0:0:0:1,,No,,,,App : FIREFOX. App Version : 153.0. Os : ANDROID_OS. Os Version : 13. Device Type : MOBILE.,YouTube,Other,,
209322345026,2026-07-25 18:44:35 UTC,2600:387:f:7619:0:0:0:1,,No,,,,App : FIREFOX. App Version : 153.0. Os : LINUX_OS. Device Type : PC.,YouTube,Other,,
209322345026,2026-07-25 18:44:31 UTC,2600:387:f:7619:0:0:0:1,,No,,,,App : FIREFOX. App Version : 153.0. Os : ANDROID_OS. Os Version : 13. Device Type : MOBILE.,YouTube,Other,,
209322345026,2026-07-25 18:44:30 UTC,2600:387:f:7619:0:0:0:1,,No,,,,App : FIREFOX. App Version : 153.0. Os : LINUX_OS. Device Type : PC.,YouTube,Other,,
209322345026,2026-07-25 18:44:00 UTC,2600:387:f:7619:0:0:0:1,,No,,,,App : FIREFOX. App Version : 153.0. Os : LINUX_OS. Device Type : PC.,YouTube,Other,,
209322345026,2026-07-25 18:43:58 UTC,2600:387:f:7619:0:0:0:1,,No,,,,App : FIREFOX. App Version : 153.0. Os : LINUX_OS. Device Type : PC.,Other,Other,,
209322345026,2026-07-25 18:43:57 UTC,2600:387:f:7619:0:0:0:1,,No,,,,App : FIREFOX. App Version : 153.0. Os : LINUX_OS. Device Type : PC.,Other,Other,,
209322345026,2026-07-25 18:43:55 UTC,2600:387:f:7619:0:0:0:1,,No,,,,App : FIREFOX. App Version : 153.0. Os : ANDROID_OS. Os Version : 13. Device Type : MOBILE.,YouTube,Other,,
209322345026,2026-07-25 18:43:50 UTC,2600:387:f:7619:0:0:0:1,,No,,,,App : FIREFOX. App Version : 153.0. Os : ANDROID_OS. Os Version : 13. Device Type : MOBILE.,YouTube,Other,,
209322345026,2026-07-25 18:43:49 UTC,2600:387:f:7619:0:0:0:1,,No,,,,App : FIREFOX. App Version : 153.0. Os : LINUX_OS. Device Type : PC.,YouTube,Other,,
209322345026,2026-07-25 18:43:45 UTC,2600:387:f:7619:0:0:0:1,,No,,,,App : FIREFOX. App Version : 153.0. Os : LINUX_OS. Device Type : PC.,YouTube,Other,,
209322345026,2026-07-25 18:43:36 UTC,2600:387:f:7619:0:0:0:1,,No,,,,App : FIREFOX. App Version : 153.0. Os : ANDROID_OS. Os Version : 13. Device Type : MOBILE.,YouTube,Other,,
209322345026,2026-07-25 18:43:32 UTC,2600:387:f:7619:0:0:0:1,,No,,,,App : FIREFOX. App Version : 153.0. Os : LINUX_OS. Device Type : PC.,YouTube,Other,,
209322345026,2026-07-25 18:43:32 UTC,2600:387:f:7619:0:0:0:1,,No,,,,App : FIREFOX. App Version : 153.0. Os : ANDROID_OS. Os Version : 13. Device Type : MOBILE.,YouTube,Other,,
209322345026,2026-07-25 18:43:32 UTC,2600:387:f:7619:0:0:0:1,,No,,,,App : FIREFOX. App Version : 153.0. Os : LINUX_OS. Device Type : PC.,YouTube,Other,,
209322345026,2026-07-25 18:43:29 UTC,2600:387:f:7619:0:0:0:1,,No,,,,App : FIREFOX. App Version : 153.0. Os : ANDROID_OS. Os Version : 13. Device Type : MOBILE.,YouTube,Other,,
209322345026,2026-07-25 18:43:28 UTC,2600:387:f:7619:0:0:0:1,,No,,,,App : FIREFOX. App Version : 153.0. Os : ANDROID_OS. Os Version : 13. Device Type : MOBILE.,YouTube,Other,,
209322345026,2026-07-25 18:43:27 UTC,2600:387:f:7619:0:0:0:1,,No,,,,App : FIREFOX. App Version : 153.0. Os : ANDROID_OS. Os Version : 13. Device Type : MOBILE.,YouTube,Other,,
209322345026,2026-07-25 18:43:26 UTC,2600:387:f:7619:0:0:0:1,,No,,,,App : FIREFOX. App Version : 153.0. Os : LINUX_OS. Device Type : PC.,YouTube,Other,,
209322345026,2026-07-25 18:43:26 UTC,2600:387:f:7619:0:0:0:1,,No,,,,App : FIREFOX. App Version : 153.0. Os : LINUX_OS. Device Type : PC.,YouTube,Other,,
209322345026,2026-07-24 22:22:16 UTC,107.209.5.193,,No,,,,App : FIREFOX. App Version : 153.0. Os : ANDROID_OS. Os Version : 13. Device Type : MOBILE.,Other,Other,,
209322345026,2026-07-24 22:22:14 UTC,107.209.5.193,,No,,,,App : FIREFOX. App Version : 153.0. Os : ANDROID_OS. Os Version : 13. Device Type : MOBILE.,Other,Other,,
209322345026,2026-07-24 22:22:14 UTC,107.209.5.193,,No,,,,App : FIREFOX. App Version : 153.0. Os : ANDROID_OS. Os Version : 13. Device Type : MOBILE.,Other,Other,,
209322345026,2026-07-24 22:22:13 UTC,107.209.5.193,,No,,,,App : FIREFOX. App Version : 153.0. Os : ANDROID_OS. Os Version : 13. Device Type : MOBILE.,Other,Other,,
209322345026,2026-07-24 22:22:13 UTC,107.209.5.193,,No,,,,App : FIREFOX. App Version : 153.0. Os : ANDROID_OS. Os Version : 13. Device Type : MOBILE.,Other,Other,,
209322345026,2026-07-24 22:22:13 UTC,107.209.5.193,,No,,,,App : FIREFOX. App Version : 153.0. Os : ANDROID_OS. Os Version : 13. Device Type : MOBILE.,Other,Other,,
209322345026,2026-07-24 22:22:12 UTC,107.209.5.193,,No,,,,App : FIREFOX. App Version : 153.0. Os : ANDROID_OS. Os Version : 13. Device Type : MOBILE.,Other,Other,,
209322345026,2026-07-24 22:22:03 UTC,107.209.5.193,,No,,,,App : FIREFOX. App Version : 153.0. Os : ANDROID_OS. Os Version : 13. Device Type : MOBILE.,Other,Other,,
209322345026,2026-07-24 22:22:03 UTC,107.209.5.193,,No,,,,App : FIREFOX. App Version : 153.0. Os : ANDROID_OS. Os Version : 13. Device Type : MOBILE.,Other,Other,,
209322345026,2026-07-24 22:22:03 UTC,107.209.5.193,,No,,,,App : FIREFOX. App Version : 153.0. Os : ANDROID_OS. Os Version : 13. Device Type : MOBILE.,Other,Other,,
209322345026,2026-07-24 22:22:03 UTC,107.209.5.193,,No,,,,App : FIREFOX. App Version : 153.0. Os : ANDROID_OS. Os Version : 13. Device Type : MOBILE.,Other,Other,,
209322345026,2026-07-24 22:22:03 UTC,107.209.5.193,,No,,,,App : FIREFOX. App Version : 153.0. Os : ANDROID_OS. Os Version : 13. Device Type : MOBILE.,Other,Other,,
209322345026,2026-07-24 22:22:02 UTC,107.209.5.193,,No,,,,App : FIREFOX. App Version : 153.0. Os : ANDROID_OS. Os Version : 13. Device Type : MOBILE.,Other,Other,,
209322345026,2026-07-24 22:22:02 UTC,107.209.5.193,,No,,,,App : FIREFOX. App Version : 153.0. Os : ANDROID_OS. Os Version : 13. Device Type : MOBILE.,Other,Other,,
209322345026,2026-07-24 22:22:01 UTC,107.209.5.193,,No,,,,App : FIREFOX. App Version : 153.0. Os : ANDROID_OS. Os Version : 13. Device Type : MOBILE.,Other,Other,,
209322345026,2026-07-24 22:21:58 UTC,107.209.5.193,,No,,,,App : FIREFOX. App Version : 153.0. Os : ANDROID_OS. Os Version : 13. Device Type : MOBILE.,Other,Other,,
209322345026,2026-07-24 22:21:58 UTC,107.209.5.193,,No,,,,App : FIREFOX. App Version : 153.0. Os : ANDROID_OS. Os Version : 13. Device Type : MOBILE.,Other,Other,,
209322345026,2026-07-24 22:21:57 UTC,107.209.5.193,,No,,,,App : FIREFOX. App Version : 153.0. Os : ANDROID_OS. Os Version : 13. Device Type : MOBILE.,Other,Other,,
209322345026,2026-07-24 22:21:56 UTC,107.209.5.193,,No,,,,App : FIREFOX. App Version : 153.0. Os : ANDROID_OS. Os Version : 13. Device Type : MOBILE.,Other,Other,,
209322345026,2026-07-24 22:21:56 UTC,107.209.5.193,,No,,,,App : FIREFOX. App Version : 153.0. Os : ANDROID_OS. Os Version : 13. Device Type : MOBILE.,Other,Other,,
209322345026,2026-07-24 22:21:56 UTC,107.209.5.193,,No,,,,App : FIREFOX. App Version : 153.0. Os : ANDROID_OS. Os Version : 13. Device Type : MOBILE.,Other,Other,,
209322345026,2026-07-24 22:21:55 UTC,107.209.5.193,,No,,,,App : FIREFOX. App Version : 153.0. Os : ANDROID_OS. Os Version : 13. Device Type : MOBILE.,Other,Other,,
209322345026,2026-07-24 22:21:51 UTC,107.209.5.193,,No,,,,App : FIREFOX. App Version : 153.0. Os : ANDROID_OS. Os Version : 13. Device Type : MOBILE.,Other,Other,,
209322345026,2026-07-24 22:21:51 UTC,107.209.5.193,,No,,,,App : FIREFOX. App Version : 153.0. Os : ANDROID_OS. Os Version : 13. Device Type : MOBILE.,Other,Other,,
209322345026,2026-07-24 22:21:51 UTC,107.209.5.193,,No,,,,App : FIREFOX. App Version : 153.0. Os : ANDROID_OS. Os Version : 13. Device Type : MOBILE.,Other,Other,,
209322345026,2026-07-24 22:21:51 UTC,107.209.5.193,,No,,,,App : FIREFOX. App Version : 153.0. Os : ANDROID_OS. Os Version : 13. Device Type : MOBILE.,Other,Other,,
209322345026,2026-07-24 22:21:50 UTC,107.209.5.193,,No,,,,App : FIREFOX. App Version : 153.0. Os : ANDROID_OS. Os Version : 13. Device Type : MOBILE.,Other,Other,,
209322345026,2026-07-24 22:21:50 UTC,107.209.5.193,,No,,,,App : FIREFOX. App Version : 153.0. Os : ANDROID_OS. Os Version : 13. Device Type : MOBILE.,Other,Other,,
209322345026,2026-07-24 22:21:50 UTC,107.209.5.193,,No,,,,App : FIREFOX. App Version : 153.0. Os : ANDROID_OS. Os Version : 13. Device Type : MOBILE.,Other,Other,,
209322345026,2026-07-24 22:21:49 UTC,107.209.5.193,,No,,,,App : FIREFOX. App Version : 153.0. Os : ANDROID_OS. Os Version : 13. Device Type : MOBILE.,Other,Other,,
209322345026,2026-07-24 22:21:48 UTC,107.209.5.193,,No,,,,App : FIREFOX. App Version : 153.0. Os : ANDROID_OS. Os Version : 13. Device Type : MOBILE.,Other,Other,,
209322345026,2026-07-24 22:21:48 UTC,107.209.5.193,,No,,,,App : FIREFOX. App Version : 153.0. Os : ANDROID_OS. Os Version : 13. Device Type : MOBILE.,Other,Other,,
209322345026,2026-07-24 22:21:48 UTC,107.209.5.193,,No,,,,App : FIREFOX. App Version : 153.0. Os : ANDROID_OS. Os Version : 13. Device Type : MOBILE.,Other,Other,,
209322345026,2026-07-24 22:21:48 UTC,107.209.5.193,,No,,,,App : FIREFOX. App Version : 153.0. Os : ANDROID_OS. Os Version : 13. Device Type : MOBILE.,Other,Other,,
209322345026,2026-07-24 22:21:48 UTC,107.209.5.193,,No,,,,App : FIREFOX. App Version : 153.0. Os : ANDROID_OS. Os Version : 13. Device Type : MOBILE.,Other,Other,,
209322345026,2026-07-24 22:21:48 UTC,107.209.5.193,,No,,,,App : FIREFOX. App Version : 153.0. Os : ANDROID_OS. Os Version : 13. Device Type : MOBILE.,Other,Other,,
209322345026,2026-07-24 22:21:47 UTC,107.209.5.193,,No,,,,App : FIREFOX. App Version : 153.0. Os : ANDROID_OS. Os Version : 13. Device Type : MOBILE.,Other,Other,,
209322345026,2026-07-24 22:21:47 UTC,107.209.5.193,,No,,,,App : FIREFOX. App Version : 153.0. Os : ANDROID_OS. Os Version : 13. Device Type : MOBILE.,Other,Other,,
209322345026,2026-07-24 22:21:46 UTC,107.209.5.193,,No,,,,App : FIREFOX. App Version : 153.0. Os : ANDROID_OS. Os Version : 13. Device Type : MOBILE.,Other,Other,,
209322345026,2026-07-24 22:21:43 UTC,107.209.5.193,,No,,,,App : FIREFOX. App Version : 153.0. Os : ANDROID_OS. Os Version : 13. Device Type : MOBILE.,Other,Other,,
209322345026,2026-07-24 22:21:43 UTC,107.209.5.193,,No,,,,App : FIREFOX. App Version : 153.0. Os : ANDROID_OS. Os Version : 13. Device Type : MOBILE.,Other,Other,,
209322345026,2026-07-24 22:21:42 UTC,107.209.5.193,,No,,,,App : FIREFOX. App Version : 153.0. Os : ANDROID_OS. Os Version : 13. Device Type : MOBILE.,Other,Other,,
209322345026,2026-07-24 22:21:42 UTC,107.209.5.193,,No,,,,App : FIREFOX. App Version : 153.0. Os : ANDROID_OS. Os Version : 13. Device Type : MOBILE.,Other,Other,,
209322345026,2026-07-24 22:21:41 UTC,107.209.5.193,,No,,,,App : FIREFOX. App Version : 153.0. Os : ANDROID_OS. Os Version : 13. Device Type : MOBILE.,Other,Other,,
209322345026,2026-07-24 22:21:41 UTC,107.209.5.193,,No,,,,App : FIREFOX. App Version : 153.0. Os : ANDROID_OS. Os Version : 13. Device Type : MOBILE.,Other,Other,,
209322345026,2026-07-24 22:21:41 UTC,107.209.5.193,,No,,,,App : FIREFOX. App Version : 153.0. Os : ANDROID_OS. Os Version : 13. Device Type : MOBILE.,Other,Other,,
209322345026,2026-07-24 22:21:40 UTC,107.209.5.193,,No,,,,App : FIREFOX. App Version : 153.0. Os : ANDROID_OS. Os Version : 13. Device Type : MOBILE.,Other,Other,,
209322345026,2026-07-24 22:21:40 UTC,107.209.5.193,,No,,,,App : FIREFOX. App Version : 153.0. Os : ANDROID_OS. Os Version : 13. Device Type : MOBILE.,Other,Other,,
209322345026,2026-07-24 22:21:40 UTC,107.209.5.193,,No,,,,App : FIREFOX. App Version : 153.0. Os : ANDROID_OS. Os Version : 13. Device Type : MOBILE.,Other,Other,,
209322345026,2026-07-24 22:21:40 UTC,107.209.5.193,,No,,,,App : FIREFOX. App Version : 153.0. Os : ANDROID_OS. Os Version : 13. Device Type : MOBILE.,Other,Other,,
209322345026,2026-07-24 22:21:39 UTC,107.209.5.193,,No,,,,App : FIREFOX. App Version : 153.0. Os : ANDROID_OS. Os Version : 13. Device Type : MOBILE.,Other,Other,,
209322345026,2026-07-24 22:21:39 UTC,107.209.5.193,,No,,,,App : FIREFOX. App Version : 153.0. Os : ANDROID_OS. Os Version : 13. Device Type : MOBILE.,Other,Other,,
209322345026,2026-07-24 22:21:39 UTC,107.209.5.193,,No,,,,App : FIREFOX. App Version : 153.0. Os : ANDROID_OS. Os Version : 13. Device Type : MOBILE.,Other,Other,,
209322345026,2026-07-24 22:21:38 UTC,107.209.5.193,,No,,,,App : FIREFOX. App Version : 153.0. Os : ANDROID_OS. Os Version : 13. Device Type : MOBILE.,Other,Other,,
209322345026,2026-07-24 22:21:38 UTC,107.209.5.193,,No,,,,App : FIREFOX. App Version : 153.0. Os : ANDROID_OS. Os Version : 13. Device Type : MOBILE.,Other,Other,,
209322345026,2026-07-24 22:21:38 UTC,107.209.5.193,,No,,,,App : FIREFOX. App Version : 153.0. Os : ANDROID_OS. Os Version : 13. Device Type : MOBILE.,Other,Other,,
209322345026,2026-07-24 22:21:38 UTC,107.209.5.193,,No,,,,App : FIREFOX. App Version : 153.0. Os : ANDROID_OS. Os Version : 13. Device Type : MOBILE.,Other,Other,,
209322345026,2026-07-24 22:21:37 UTC,107.209.5.193,,No,,,,App : FIREFOX. App Version : 153.0. Os : ANDROID_OS. Os Version : 13. Device Type : MOBILE.,Other,Other,,
209322345026,2026-07-24 22:21:37 UTC,107.209.5.193,,No,,,,App : FIREFOX. App Version : 153.0. Os : ANDROID_OS. Os Version : 13. Device Type : MOBILE.,Other,Other,,
209322345026,2026-07-24 22:21:37 UTC,107.209.5.193,,No,,,,App : FIREFOX. App Version : 153.0. Os : ANDROID_OS. Os Version : 13. Device Type : MOBILE.,Other,Other,,
209322345026,2026-07-24 22:21:36 UTC,107.209.5.193,,No,,,,App : FIREFOX. App Version : 153.0. Os : ANDROID_OS. Os Version : 13. Device Type : MOBILE.,Other,Other,,
209322345026,2026-07-24 22:21:36 UTC,107.209.5.193,,No,,,,App : FIREFOX. App Version : 153.0. Os : ANDROID_OS. Os Version : 13. Device Type : MOBILE.,Other,Other,,
209322345026,2026-07-24 22:21:35 UTC,107.209.5.193,,No,,,,App : FIREFOX. App Version : 153.0. Os : ANDROID_OS. Os Version : 13. Device Type : MOBILE.,Other,Other,,
209322345026,2026-07-24 22:21:35 UTC,107.209.5.193,,No,,,,App : FIREFOX. App Version : 153.0. Os : ANDROID_OS. Os Version : 13. Device Type : MOBILE.,Other,Other,,
209322345026,2026-07-24 22:21:34 UTC,107.209.5.193,,No,,,,App : FIREFOX. App Version : 153.0. Os : ANDROID_OS. Os Version : 13. Device Type : MOBILE.,Other,Other,,
209322345026,2026-07-24 22:21:34 UTC,107.209.5.193,,No,,,,App : FIREFOX. App Version : 153.0. Os : ANDROID_OS. Os Version : 13. Device Type : MOBILE.,Other,Other,,
209322345026,2026-07-24 22:21:34 UTC,107.209.5.193,,No,,,,App : FIREFOX. App Version : 153.0. Os : ANDROID_OS. Os Version : 13. Device Type : MOBILE.,Other,Other,,
209322345026,2026-07-24 22:21:33 UTC,107.209.5.193,,No,,,,App : FIREFOX. App Version : 153.0. Os : ANDROID_OS. Os Version : 13. Device Type : MOBILE.,Other,Other,,
209322345026,2026-07-24 22:21:33 UTC,107.209.5.193,,No,,,,App : FIREFOX. App Version : 153.0. Os : ANDROID_OS. Os Version : 13. Device Type : MOBILE.,Other,Other,,
209322345026,2026-07-24 22:21:33 UTC,107.209.5.193,,No,,,,App : FIREFOX. App Version : 153.0. Os : ANDROID_OS. Os Version : 13. Device Type : MOBILE.,Other,Other,,
209322345026,2026-07-24 22:21:33 UTC,107.209.5.193,,No,,,,App : FIREFOX. App Version : 153.0. Os : ANDROID_OS. Os Version : 13. Device Type : MOBILE.,Other,Other,,
209322345026,2026-07-24 22:21:32 UTC,107.209.5.193,,No,,,,App : FIREFOX. App Version : 153.0. Os : ANDROID_OS. Os Version : 13. Device Type : MOBILE.,Other,Other,,
209322345026,2026-07-24 22:21:31 UTC,107.209.5.193,,No,,,,App : FIREFOX. App Version : 153.0. Os : ANDROID_OS. Os Version : 13. Device Type : MOBILE.,Other,Other,,
209322345026,2026-07-24 22:21:31 UTC,107.209.5.193,,No,,,,App : FIREFOX. App Version : 153.0. Os : ANDROID_OS. Os Version : 13. Device Type : MOBILE.,Other,Other,,
209322345026,2026-07-24 22:21:31 UTC,107.209.5.193,,No,,,,App : FIREFOX. App Version : 153.0. Os : ANDROID_OS. Os Version : 13. Device Type : MOBILE.,Other,Other,,
209322345026,2026-07-24 22:21:31 UTC,107.209.5.193,,No,,,,App : FIREFOX. App Version : 153.0. Os : ANDROID_OS. Os Version : 13. Device Type : MOBILE.,Other,Other,,
209322345026,2026-07-24 22:21:29 UTC,107.209.5.193,,No,,,,App : FIREFOX. App Version : 153.0. Os : ANDROID_OS. Os Version : 13. Device Type : MOBILE.,Other,Other,,
209322345026,2026-07-24 22:21:23 UTC,107.209.5.193,,No,,,,App : FIREFOX. App Version : 153.0. Os : ANDROID_OS. Os Version : 13. Device Type : MOBILE.,Other,Other,,
209322345026,2026-07-24 22:21:23 UTC,107.209.5.193,,No,,,,App : FIREFOX. App Version : 153.0. Os : ANDROID_OS. Os Version : 13. Device Type : MOBILE.,Other,Other,,
209322345026,2026-07-24 22:21:21 UTC,107.209.5.193,,No,,,,App : FIREFOX. App Version : 153.0. Os : ANDROID_OS. Os Version : 13. Device Type : MOBILE.,Other,Other,,
209322345026,2026-07-24 22:21:21 UTC,107.209.5.193,,No,,,,App : FIREFOX. App Version : 153.0. Os : ANDROID_OS. Os Version : 13. Device Type : MOBILE.,Other,Other,,
209322345026,2026-07-24 22:21:17 UTC,107.209.5.193,,No,,,,App : FIREFOX. App Version : 153.0. Os : ANDROID_OS. Os Version : 13. Device Type : MOBILE.,Other,Other,,
209322345026,2026-07-24 22:21:02 UTC,107.209.5.193,,No,,,,App : FIREFOX. App Version : 153.0. Os : ANDROID_OS. Os Version : 13. Device Type : MOBILE.,Other,Other,,
209322345026,2026-07-24 22:20:51 UTC,107.209.5.193,,No,,,,App : FIREFOX. App Version : 153.0. Os : ANDROID_OS. Os Version : 13. Device Type : MOBILE.,Other,Other,,
209322345026,2026-07-24 22:20:51 UTC,107.209.5.193,,No,,,,App : FIREFOX. App Version : 153.0. Os : ANDROID_OS. Os Version : 13. Device Type : MOBILE.,Other,Other,,
209322345026,2026-07-24 22:20:51 UTC,107.209.5.193,,No,,,,App : FIREFOX. App Version : 153.0. Os : ANDROID_OS. Os Version : 13. Device Type : MOBILE.,Other,Other,,
209322345026,2026-07-24 22:20:51 UTC,107.209.5.193,,No,,,,App : FIREFOX. App Version : 153.0. Os : ANDROID_OS. Os Version : 13. Device Type : MOBILE.,Other,Other,,
209322345026,2026-07-24 22:20:50 UTC,107.209.5.193,,No,,,,App : FIREFOX. App Version : 153.0. Os : ANDROID_OS. Os Version : 13. Device Type : MOBILE.,Other,Other,,
209322345026,2026-07-24 22:20:50 UTC,107.209.5.193,,No,,,,App : FIREFOX. App Version : 153.0. Os : ANDROID_OS. Os Version : 13. Device Type : MOBILE.,Other,Other,,
209322345026,2026-07-24 22:20:50 UTC,107.209.5.193,,No,,,,App : FIREFOX. App Version : 153.0. Os : ANDROID_OS. Os Version : 13. Device Type : MOBILE.,Other,Other,,
209322345026,2026-07-24 22:20:49 UTC,107.209.5.193,,No,,,,App : FIREFOX. App Version : 153.0. Os : ANDROID_OS. Os Version : 13. Device Type : MOBILE.,Other,Other,,
209322345026,2026-07-24 22:20:46 UTC,107.209.5.193,,No,,,,App : FIREFOX. App Version : 153.0. Os : ANDROID_OS. Os Version : 13. Device Type : MOBILE.,Other,Other,,
209322345026,2026-07-24 22:20:46 UTC,107.209.5.193,,No,,,,App : FIREFOX. App Version : 153.0. Os : ANDROID_OS. Os Version : 13. Device Type : MOBILE.,Other,Other,,
209322345026,2026-07-24 22:20:45 UTC,107.209.5.193,,No,,,,App : FIREFOX. App Version : 153.0. Os : ANDROID_OS. Os Version : 13. Device Type : MOBILE.,Other,Other,,
209322345026,2026-07-24 22:20:45 UTC,107.209.5.193,,No,,,,App : FIREFOX. App Version : 153.0. Os : ANDROID_OS. Os Version : 13. Device Type : MOBILE.,Other,Other,,
209322345026,2026-07-24 22:20:44 UTC,107.209.5.193,,No,,,,App : FIREFOX. App Version : 153.0. Os : ANDROID_OS. Os Version : 13. Device Type : MOBILE.,Other,Other,,
209322345026,2026-07-24 22:20:44 UTC,107.209.5.193,,No,,,,App : FIREFOX. App Version : 153.0. Os : ANDROID_OS. Os Version : 13. Device Type : MOBILE.,Other,Other,,
209322345026,2026-07-24 22:20:44 UTC,107.209.5.193,,No,,,,App : FIREFOX. App Version : 153.0. Os : ANDROID_OS. Os Version : 13. Device Type : MOBILE.,Other,Other,,
209322345026,2026-07-24 22:20:43 UTC,107.209.5.193,,No,,,,App : FIREFOX. App Version : 153.0. Os : ANDROID_OS. Os Version : 13. Device Type : MOBILE.,Other,Other,,
209322345026,2026-07-24 22:20:43 UTC,107.209.5.193,,No,,,,App : FIREFOX. App Version : 153.0. Os : ANDROID_OS. Os Version : 13. Device Type : MOBILE.,Other,Other,,
209322345026,2026-07-24 22:20:42 UTC,107.209.5.193,,No,,,,App : FIREFOX. App Version : 153.0. Os : ANDROID_OS. Os Version : 13. Device Type : MOBILE.,Other,Other,,
209322345026,2026-07-24 22:20:41 UTC,107.209.5.193,,No,,,,App : FIREFOX. App Version : 153.0. Os : ANDROID_OS. Os Version : 13. Device Type : MOBILE.,Other,Other,,
209322345026,2026-07-24 22:20:41 UTC,107.209.5.193,,No,,,,App : FIREFOX. App Version : 153.0. Os : ANDROID_OS. Os Version : 13. Device Type : MOBILE.,Other,Other,,
209322345026,2026-07-24 22:20:40 UTC,107.209.5.193,,No,,,,App : FIREFOX. App Version : 153.0. Os : ANDROID_OS. Os Version : 13. Device Type : MOBILE.,Other,Other,,
209322345026,2026-07-24 22:20:39 UTC,107.209.5.193,,No,,,,App : FIREFOX. App Version : 153.0. Os : ANDROID_OS. Os Version : 13. Device Type : MOBILE.,Other,Other,,
209322345026,2026-07-24 22:20:39 UTC,107.209.5.193,,No,,,,App : FIREFOX. App Version : 153.0. Os : ANDROID_OS. Os Version : 13. Device Type : MOBILE.,Other,Other,,
209322345026,2026-07-24 22:20:39 UTC,107.209.5.193,,No,,,,App : FIREFOX. App Version : 153.0. Os : ANDROID_OS. Os Version : 13. Device Type : MOBILE.,Other,Other,,
209322345026,2026-07-24 22:20:38 UTC,107.209.5.193,,No,,,,App : FIREFOX. App Version : 153.0. Os : ANDROID_OS. Os Version : 13. Device Type : MOBILE.,Other,Other,,
209322345026,2026-07-24 22:20:37 UTC,107.209.5.193,,No,,,,App : FIREFOX. App Version : 153.0. Os : ANDROID_OS. Os Version : 13. Device Type : MOBILE.,Other,Other,,
209322345026,2026-07-24 22:20:37 UTC,107.209.5.193,,No,,,,App : FIREFOX. App Version : 153.0. Os : ANDROID_OS. Os Version : 13. Device Type : MOBILE.,Other,Other,,
209322345026,2026-07-24 22:20:37 UTC,107.209.5.193,,No,,,,App : FIREFOX. App Version : 153.0. Os : ANDROID_OS. Os Version : 13. Device Type : MOBILE.,Other,Other,,
209322345026,2026-07-24 22:20:37 UTC,107.209.5.193,,No,,,,App : FIREFOX. App Version : 153.0. Os : ANDROID_OS. Os Version : 13. Device Type : MOBILE.,Other,Other,,
209322345026,2026-07-24 22:20:32 UTC,107.209.5.193,,No,,,,App : FIREFOX. App Version : 153.0. Os : ANDROID_OS. Os Version : 13. Device Type : MOBILE.,Other,Other,,
209322345026,2026-07-24 22:20:31 UTC,107.209.5.193,,No,,,,App : FIREFOX. App Version : 153.0. Os : ANDROID_OS. Os Version : 13. Device Type : MOBILE.,Other,Other,,
209322345026,2026-07-24 22:20:31 UTC,107.209.5.193,,No,,,,App : FIREFOX. App Version : 153.0. Os : ANDROID_OS. Os Version : 13. Device Type : MOBILE.,Other,Other,,
209322345026,2026-07-24 22:20:30 UTC,107.209.5.193,,No,,,,App : FIREFOX. App Version : 153.0. Os : ANDROID_OS. Os Version : 13. Device Type : MOBILE.,Other,Other,,
209322345026,2026-07-24 22:20:29 UTC,107.209.5.193,,No,,,,App : FIREFOX. App Version : 153.0. Os : ANDROID_OS. Os Version : 13. Device Type : MOBILE.,Other,Other,,
209322345026,2026-07-24 22:20:29 UTC,107.209.5.193,,No,,,,App : FIREFOX. App Version : 153.0. Os : ANDROID_OS. Os Version : 13. Device Type : MOBILE.,Other,Other,,
209322345026,2026-07-24 22:20:29 UTC,107.209.5.193,,No,,,,App : FIREFOX. App Version : 153.0. Os : ANDROID_OS. Os Version : 13. Device Type : MOBILE.,Other,Other,,
209322345026,2026-07-24 22:20:29 UTC,107.209.5.193,,No,,,,App : FIREFOX. App Version : 153.0. Os : ANDROID_OS. Os Version : 13. Device Type : MOBILE.,Other,Other,,
209322345026,2026-07-24 22:20:28 UTC,107.209.5.193,,No,,,,App : FIREFOX. App Version : 153.0. Os : ANDROID_OS. Os Version : 13. Device Type : MOBILE.,Other,Other,,
209322345026,2026-07-24 22:20:28 UTC,107.209.5.193,,No,,,,App : FIREFOX. App Version : 153.0. Os : ANDROID_OS. Os Version : 13. Device Type : MOBILE.,Other,Other,,
209322345026,2026-07-24 22:20:28 UTC,107.209.5.193,,No,,,,App : FIREFOX. App Version : 153.0. Os : ANDROID_OS. Os Version : 13. Device Type : MOBILE.,Other,Other,,
209322345026,2026-07-24 22:20:27 UTC,107.209.5.193,,No,,,,App : FIREFOX. App Version : 153.0. Os : ANDROID_OS. Os Version : 13. Device Type : MOBILE.,Other,Other,,
209322345026,2026-07-24 22:20:27 UTC,107.209.5.193,,No,,,,App : FIREFOX. App Version : 153.0. Os : ANDROID_OS. Os Version : 13. Device Type : MOBILE.,Other,Other,,
209322345026,2026-07-24 22:20:27 UTC,107.209.5.193,,No,,,,App : FIREFOX. App Version : 153.0. Os : ANDROID_OS. Os Version : 13. Device Type : MOBILE.,Other,Other,,
209322345026,2026-07-24 22:20:19 UTC,107.209.5.193,,No,,,,App : FIREFOX. App Version : 153.0. Os : ANDROID_OS. Os Version : 13. Device Type : MOBILE.,Other,Other,,
209322345026,2026-07-24 22:20:17 UTC,107.209.5.193,,No,,,,App : FIREFOX. App Version : 153.0. Os : ANDROID_OS. Os Version : 13. Device Type : MOBILE.,Other,Other,,
209322345026,2026-07-24 22:20:16 UTC,107.209.5.193,,No,,,,App : FIREFOX. App Version : 153.0. Os : ANDROID_OS. Os Version : 13. Device Type : MOBILE.,Other,Other,,
209322345026,2026-07-24 22:20:16 UTC,107.209.5.193,,No,,,,App : FIREFOX. App Version : 153.0. Os : ANDROID_OS. Os Version : 13. Device Type : MOBILE.,Other,Other,,
209322345026,2026-07-24 22:20:16 UTC,107.209.5.193,,No,,,,App : FIREFOX. App Version : 153.0. Os : ANDROID_OS. Os Version : 13. Device Type : MOBILE.,Other,Other,,
209322345026,2026-07-24 22:20:15 UTC,107.209.5.193,,No,,,,App : FIREFOX. App Version : 153.0. Os : ANDROID_OS. Os Version : 13. Device Type : MOBILE.,Other,Other,,
209322345026,2026-07-24 22:20:14 UTC,107.209.5.193,,No,,,,App : FIREFOX. App Version : 153.0. Os : ANDROID_OS. Os Version : 13. Device Type : MOBILE.,Other,Other,,
209322345026,2026-07-24 22:20:14 UTC,107.209.5.193,,No,,,,App : FIREFOX. App Version : 153.0. Os : ANDROID_OS. Os Version : 13. Device Type : MOBILE.,Other,Other,,
209322345026,2026-07-24 22:20:14 UTC,107.209.5.193,,No,,,,App : FIREFOX. App Version : 153.0. Os : ANDROID_OS. Os Version : 13. Device Type : MOBILE.,Other,Other,,
209322345026,2026-07-24 22:20:14 UTC,107.209.5.193,,No,,,,App : FIREFOX. App Version : 153.0. Os : ANDROID_OS. Os Version : 13. Device Type : MOBILE.,Other,Other,,
209322345026,2026-07-24 22:20:09 UTC,107.209.5.193,,No,,,,App : FIREFOX. App Version : 153.0. Os : ANDROID_OS. Os Version : 13. Device Type : MOBILE.,Other,Other,,
209322345026,2026-07-24 22:20:09 UTC,107.209.5.193,,No,,,,App : FIREFOX. App Version : 153.0. Os : ANDROID_OS. Os Version : 13. Device Type : MOBILE.,Other,Other,,
209322345026,2026-07-24 22:20:09 UTC,107.209.5.193,,No,,,,App : FIREFOX. App Version : 153.0. Os : ANDROID_OS. Os Version : 13. Device Type : MOBILE.,Other,Other,,
209322345026,2026-07-24 22:20:08 UTC,107.209.5.193,,No,,,,App : FIREFOX. App Version : 153.0. Os : ANDROID_OS. Os Version : 13. Device Type : MOBILE.,Other,Other,,
209322345026,2026-07-24 21:53:46 UTC,107.209.5.193,,No,,,,App : FIREFOX. App Version : 153.0. Os : LINUX_OS. Device Type : PC.,YouTube,Other,,
209322345026,2026-07-24 21:53:39 UTC,107.209.5.193,,No,,,,App : FIREFOX. App Version : 153.0. Os : ANDROID_OS. Os Version : 13. Device Type : MOBILE.,Other,Other,,
209322345026,2026-07-24 21:53:30 UTC,107.209.5.193,,No,,,,App : FIREFOX. App Version : 153.0. Os : ANDROID_OS. Os Version : 13. Device Type : MOBILE.,Other,Other,,
209322345026,2026-07-24 21:53:30 UTC,107.209.5.193,,No,,,,App : FIREFOX. App Version : 153.0. Os : ANDROID_OS. Os Version : 13. Device Type : MOBILE.,Other,Other,,
209322345026,2026-07-24 21:53:29 UTC,107.209.5.193,,No,,,,App : FIREFOX. App Version : 153.0. Os : ANDROID_OS. Os Version : 13. Device Type : MOBILE.,Other,Other,,
209322345026,2026-07-24 21:53:28 UTC,107.209.5.193,,No,,,,App : FIREFOX. App Version : 153.0. Os : ANDROID_OS. Os Version : 13. Device Type : MOBILE.,Other,Other,,
209322345026,2026-07-24 21:53:28 UTC,107.209.5.193,,No,,,,App : FIREFOX. App Version : 153.0. Os : ANDROID_OS. Os Version : 13. Device Type : MOBILE.,Other,Other,,
209322345026,2026-07-24 21:53:27 UTC,107.209.5.193,,No,,,,App : FIREFOX. App Version : 153.0. Os : ANDROID_OS. Os Version : 13. Device Type : MOBILE.,Other,Other,,
209322345026,2026-07-24 21:53:26 UTC,107.209.5.193,,No,,,,App : FIREFOX. App Version : 153.0. Os : ANDROID_OS. Os Version : 13. Device Type : MOBILE.,Other,Other,,
209322345026,2026-07-24 21:53:26 UTC,107.209.5.193,,No,,,,App : FIREFOX. App Version : 153.0. Os : ANDROID_OS. Os Version : 13. Device Type : MOBILE.,Other,Other,,
209322345026,2026-07-24 21:53:26 UTC,107.209.5.193,,No,,,,App : FIREFOX. App Version : 153.0. Os : ANDROID_OS. Os Version : 13. Device Type : MOBILE.,Other,Other,,
209322345026,2026-07-24 21:53:14 UTC,107.209.5.193,,No,,,,App : FIREFOX. App Version : 153.0. Os : ANDROID_OS. Os Version : 13. Device Type : MOBILE.,Other,Other,,
209322345026,2026-07-24 21:53:03 UTC,107.209.5.193,,No,,,,App : FIREFOX. App Version : 153.0. Os : ANDROID_OS. Os Version : 13. Device Type : MOBILE.,Other,Other,,
209322345026,2026-07-24 21:53:02 UTC,107.209.5.193,,No,,,,App : FIREFOX. App Version : 153.0. Os : ANDROID_OS. Os Version : 13. Device Type : MOBILE.,Other,Other,,
209322345026,2026-07-24 21:53:02 UTC,107.209.5.193,,No,,,,App : FIREFOX. App Version : 153.0. Os : ANDROID_OS. Os Version : 13. Device Type : MOBILE.,Other,Other,,
209322345026,2026-07-24 21:53:02 UTC,107.209.5.193,,No,,,,App : FIREFOX. App Version : 153.0. Os : ANDROID_OS. Os Version : 13. Device Type : MOBILE.,Other,Other,,
209322345026,2026-07-24 21:53:02 UTC,107.209.5.193,,No,,,,App : FIREFOX. App Version : 153.0. Os : ANDROID_OS. Os Version : 13. Device Type : MOBILE.,Other,Other,,
209322345026,2026-07-24 21:53:02 UTC,107.209.5.193,,No,,,,App : FIREFOX. App Version : 153.0. Os : ANDROID_OS. Os Version : 13. Device Type : MOBILE.,Other,Other,,
209322345026,2026-07-24 21:53:02 UTC,107.209.5.193,,No,,,,App : FIREFOX. App Version : 153.0. Os : ANDROID_OS. Os Version : 13. Device Type : MOBILE.,Other,Other,,
209322345026,2026-07-24 21:53:01 UTC,107.209.5.193,,No,,,,App : FIREFOX. App Version : 153.0. Os : ANDROID_OS. Os Version : 13. Device Type : MOBILE.,Other,Other,,
209322345026,2026-07-24 21:53:01 UTC,107.209.5.193,,No,,,,App : FIREFOX. App Version : 153.0. Os : ANDROID_OS. Os Version : 13. Device Type : MOBILE.,Other,Other,,
209322345026,2026-07-24 21:53:00 UTC,107.209.5.193,,No,,,,App : FIREFOX. App Version : 153.0. Os : ANDROID_OS. Os Version : 13. Device Type : MOBILE.,Other,Other,,
209322345026,2026-07-24 21:53:00 UTC,107.209.5.193,,No,,,,App : FIREFOX. App Version : 153.0. Os : ANDROID_OS. Os Version : 13. Device Type : MOBILE.,Other,Other,,
209322345026,2026-07-24 21:52:59 UTC,107.209.5.193,,No,,,,App : FIREFOX. App Version : 153.0. Os : ANDROID_OS. Os Version : 13. Device Type : MOBILE.,Other,Other,,
209322345026,2026-07-24 21:52:59 UTC,107.209.5.193,,No,,,,App : FIREFOX. App Version : 153.0. Os : ANDROID_OS. Os Version : 13. Device Type : MOBILE.,Other,Other,,
209322345026,2026-07-24 21:52:57 UTC,107.209.5.193,,No,,,,App : FIREFOX. App Version : 153.0. Os : ANDROID_OS. Os Version : 13. Device Type : MOBILE.,Other,Other,,
209322345026,2026-07-24 21:52:53 UTC,107.209.5.193,,No,,,,App : FIREFOX. App Version : 153.0. Os : ANDROID_OS. Os Version : 13. Device Type : MOBILE.,Other,Other,,
209322345026,2026-07-24 21:52:52 UTC,107.209.5.193,,No,,,,App : FIREFOX. App Version : 153.0. Os : ANDROID_OS. Os Version : 13. Device Type : MOBILE.,Other,Other,,
209322345026,2026-07-24 21:52:52 UTC,107.209.5.193,,No,,,,App : FIREFOX. App Version : 153.0. Os : ANDROID_OS. Os Version : 13. Device Type : MOBILE.,Other,Other,,
209322345026,2026-07-24 21:52:50 UTC,107.209.5.193,,No,,,,App : FIREFOX. App Version : 153.0. Os : ANDROID_OS. Os Version : 13. Device Type : MOBILE.,Other,Other,,
209322345026,2026-07-24 21:52:50 UTC,107.209.5.193,,No,,,,App : FIREFOX. App Version : 153.0. Os : ANDROID_OS. Os Version : 13. Device Type : MOBILE.,Other,Other,,
209322345026,2026-07-24 21:52:50 UTC,107.209.5.193,,No,,,,App : FIREFOX. App Version : 153.0. Os : ANDROID_OS. Os Version : 13. Device Type : MOBILE.,Other,Other,,
209322345026,2026-07-24 21:52:50 UTC,107.209.5.193,,No,,,,App : FIREFOX. App Version : 153.0. Os : ANDROID_OS. Os Version : 13. Device Type : MOBILE.,Other,Other,,
209322345026,2026-07-24 21:52:49 UTC,107.209.5.193,,No,,,,App : FIREFOX. App Version : 153.0. Os : ANDROID_OS. Os Version : 13. Device Type : MOBILE.,Other,Other,,
209322345026,2026-07-24 21:52:49 UTC,107.209.5.193,,No,,,,App : FIREFOX. App Version : 153.0. Os : ANDROID_OS. Os Version : 13. Device Type : MOBILE.,Other,Other,,
209322345026,2026-07-24 21:52:49 UTC,107.209.5.193,,No,,,,App : FIREFOX. App Version : 153.0. Os : ANDROID_OS. Os Version : 13. Device Type : MOBILE.,Other,Other,,
209322345026,2026-07-24 21:52:49 UTC,107.209.5.193,,No,,,,App : FIREFOX. App Version : 153.0. Os : ANDROID_OS. Os Version : 13. Device Type : MOBILE.,Other,Other,,
209322345026,2026-07-24 21:52:46 UTC,107.209.5.193,,No,,,,App : FIREFOX. App Version : 153.0. Os : ANDROID_OS. Os Version : 13. Device Type : MOBILE.,Other,Other,,
209322345026,2026-07-24 21:52:46 UTC,107.209.5.193,,No,,,,App : FIREFOX. App Version : 153.0. Os : ANDROID_OS. Os Version : 13. Device Type : MOBILE.,Other,Other,,
209322345026,2026-07-24 21:52:45 UTC,107.209.5.193,,No,,,,App : FIREFOX. App Version : 153.0. Os : ANDROID_OS. Os Version : 13. Device Type : MOBILE.,Other,Other,,
209322345026,2026-07-24 21:52:44 UTC,107.209.5.193,,No,,,,App : FIREFOX. App Version : 153.0. Os : ANDROID_OS. Os Version : 13. Device Type : MOBILE.,Other,Other,,
209322345026,2026-07-24 21:52:42 UTC,107.209.5.193,,No,,,,App : FIREFOX. App Version : 153.0. Os : ANDROID_OS. Os Version : 13. Device Type : MOBILE.,Other,Other,,
209322345026,2026-07-24 21:52:42 UTC,107.209.5.193,,No,,,,App : FIREFOX. App Version : 153.0. Os : ANDROID_OS. Os Version : 13. Device Type : MOBILE.,Other,Other,,
209322345026,2026-07-24 21:52:42 UTC,107.209.5.193,,No,,,,App : FIREFOX. App Version : 153.0. Os : ANDROID_OS. Os Version : 13. Device Type : MOBILE.,Other,Other,,
209322345026,2026-07-24 21:52:42 UTC,107.209.5.193,,No,,,,App : FIREFOX. App Version : 153.0. Os : ANDROID_OS. Os Version : 13. Device Type : MOBILE.,Other,Other,,
209322345026,2026-07-24 21:52:42 UTC,107.209.5.193,,No,,,,App : FIREFOX. App Version : 153.0. Os : ANDROID_OS. Os Version : 13. Device Type : MOBILE.,Other,Other,,
209322345026,2026-07-24 21:52:41 UTC,107.209.5.193,,No,,,,App : FIREFOX. App Version : 153.0. Os : ANDROID_OS. Os Version : 13. Device Type : MOBILE.,Other,Other,,
209322345026,2026-07-24 21:52:41 UTC,107.209.5.193,,No,,,,App : FIREFOX. App Version : 153.0. Os : ANDROID_OS. Os Version : 13. Device Type : MOBILE.,Other,Other,,
209322345026,2026-07-24 21:52:39 UTC,107.209.5.193,,No,,,,App : FIREFOX. App Version : 153.0. Os : ANDROID_OS. Os Version : 13. Device Type : MOBILE.,Other,Other,,
209322345026,2026-07-24 21:52:39 UTC,107.209.5.193,,No,,,,App : FIREFOX. App Version : 153.0. Os : ANDROID_OS. Os Version : 13. Device Type : MOBILE.,Other,Other,,
209322345026,2026-07-24 21:52:38 UTC,107.209.5.193,,No,,,,App : FIREFOX. App Version : 153.0. Os : ANDROID_OS. Os Version : 13. Device Type : MOBILE.,Other,Other,,
209322345026,2026-07-24 21:52:38 UTC,107.209.5.193,,No,,,,App : FIREFOX. App Version : 153.0. Os : ANDROID_OS. Os Version : 13. Device Type : MOBILE.,Other,Other,,
209322345026,2026-07-24 21:52:38 UTC,107.209.5.193,,No,,,,App : FIREFOX. App Version : 153.0. Os : ANDROID_OS. Os Version : 13. Device Type : MOBILE.,Other,Other,,
209322345026,2026-07-24 21:52:33 UTC,107.209.5.193,,No,,,,App : FIREFOX. App Version : 153.0. Os : ANDROID_OS. Os Version : 13. Device Type : MOBILE.,Other,Other,,
209322345026,2026-07-24 21:52:33 UTC,107.209.5.193,,No,,,,App : FIREFOX. App Version : 153.0. Os : ANDROID_OS. Os Version : 13. Device Type : MOBILE.,Other,Other,,
209322345026,2026-07-24 21:52:32 UTC,107.209.5.193,,No,,,,App : FIREFOX. App Version : 153.0. Os : ANDROID_OS. Os Version : 13. Device Type : MOBILE.,Other,Other,,
209322345026,2026-07-24 21:52:32 UTC,107.209.5.193,,No,,,,App : FIREFOX. App Version : 153.0. Os : ANDROID_OS. Os Version : 13. Device Type : MOBILE.,Other,Other,,
209322345026,2026-07-24 21:52:32 UTC,107.209.5.193,,No,,,,App : FIREFOX. App Version : 153.0. Os : ANDROID_OS. Os Version : 13. Device Type : MOBILE.,Other,Other,,
209322345026,2026-07-24 21:52:32 UTC,107.209.5.193,,No,,,,App : FIREFOX. App Version : 153.0. Os : ANDROID_OS. Os Version : 13. Device Type : MOBILE.,Other,Other,,
209322345026,2026-07-24 21:52:31 UTC,107.209.5.193,,No,,,,App : FIREFOX. App Version : 153.0. Os : ANDROID_OS. Os Version : 13. Device Type : MOBILE.,Other,Other,,
209322345026,2026-07-24 21:52:30 UTC,107.209.5.193,,No,,,,App : FIREFOX. App Version : 153.0. Os : ANDROID_OS. Os Version : 13. Device Type : MOBILE.,Other,Other,,
209322345026,2026-07-24 21:52:30 UTC,107.209.5.193,,No,,,,App : FIREFOX. App Version : 153.0. Os : ANDROID_OS. Os Version : 13. Device Type : MOBILE.,Other,Other,,
209322345026,2026-07-24 21:52:28 UTC,107.209.5.193,,No,,,,App : FIREFOX. App Version : 153.0. Os : ANDROID_OS. Os Version : 13. Device Type : MOBILE.,Other,Other,,
209322345026,2026-07-24 21:52:28 UTC,107.209.5.193,,No,,,,App : FIREFOX. App Version : 153.0. Os : ANDROID_OS. Os Version : 13. Device Type : MOBILE.,Other,Other,,
209322345026,2026-07-24 21:52:27 UTC,107.209.5.193,,No,,,,App : FIREFOX. App Version : 153.0. Os : ANDROID_OS. Os Version : 13. Device Type : MOBILE.,Other,Other,,
209322345026,2026-07-24 21:52:27 UTC,107.209.5.193,,No,,,,App : FIREFOX. App Version : 153.0. Os : ANDROID_OS. Os Version : 13. Device Type : MOBILE.,Other,Other,,
209322345026,2026-07-24 21:52:27 UTC,107.209.5.193,,No,,,,App : FIREFOX. App Version : 153.0. Os : ANDROID_OS. Os Version : 13. Device Type : MOBILE.,Other,Other,,
209322345026,2026-07-24 21:52:27 UTC,107.209.5.193,,No,,,,App : FIREFOX. App Version : 153.0. Os : ANDROID_OS. Os Version : 13. Device Type : MOBILE.,Other,Other,,
209322345026,2026-07-24 21:52:27 UTC,107.209.5.193,,No,,,,App : FIREFOX. App Version : 153.0. Os : ANDROID_OS. Os Version : 13. Device Type : MOBILE.,Other,Other,,
209322345026,2026-07-24 21:52:26 UTC,107.209.5.193,,No,,,,App : FIREFOX. App Version : 153.0. Os : ANDROID_OS. Os Version : 13. Device Type : MOBILE.,Other,Other,,
209322345026,2026-07-24 21:52:26 UTC,107.209.5.193,,No,,,,App : FIREFOX. App Version : 153.0. Os : ANDROID_OS. Os Version : 13. Device Type : MOBILE.,Other,Other,,
209322345026,2026-07-24 21:52:25 UTC,107.209.5.193,,No,,,,App : FIREFOX. App Version : 153.0. Os : ANDROID_OS. Os Version : 13. Device Type : MOBILE.,Other,Other,,
209322345026,2026-07-24 21:52:24 UTC,107.209.5.193,,No,,,,App : FIREFOX. App Version : 153.0. Os : ANDROID_OS. Os Version : 13. Device Type : MOBILE.,Other,Other,,
209322345026,2026-07-24 21:52:24 UTC,107.209.5.193,,No,,,,App : FIREFOX. App Version : 153.0. Os : ANDROID_OS. Os Version : 13. Device Type : MOBILE.,Other,Other,,
209322345026,2026-07-24 21:52:24 UTC,107.209.5.193,,No,,,,App : FIREFOX. App Version : 153.0. Os : ANDROID_OS. Os Version : 13. Device Type : MOBILE.,Other,Other,,
209322345026,2026-07-24 21:52:24 UTC,107.209.5.193,,No,,,,App : FIREFOX. App Version : 153.0. Os : ANDROID_OS. Os Version : 13. Device Type : MOBILE.,Other,Other,,
209322345026,2026-07-24 21:52:23 UTC,107.209.5.193,,No,,,,App : FIREFOX. App Version : 153.0. Os : ANDROID_OS. Os Version : 13. Device Type : MOBILE.,Other,Other,,
209322345026,2026-07-24 21:52:22 UTC,107.209.5.193,,No,,,,App : FIREFOX. App Version : 153.0. Os : ANDROID_OS. Os Version : 13. Device Type : MOBILE.,Other,Other,,
209322345026,2026-07-24 21:52:21 UTC,107.209.5.193,,No,,,,App : FIREFOX. App Version : 153.0. Os : ANDROID_OS. Os Version : 13. Device Type : MOBILE.,Other,Other,,
209322345026,2026-07-24 21:52:21 UTC,107.209.5.193,,No,,,,App : FIREFOX. App Version : 153.0. Os : ANDROID_OS. Os Version : 13. Device Type : MOBILE.,Other,Other,,
209322345026,2026-07-24 21:52:20 UTC,107.209.5.193,,No,,,,App : FIREFOX. App Version : 153.0. Os : ANDROID_OS. Os Version : 13. Device Type : MOBILE.,Other,Other,,
209322345026,2026-07-24 21:52:17 UTC,107.209.5.193,,No,,,,App : FIREFOX. App Version : 153.0. Os : ANDROID_OS. Os Version : 13. Device Type : MOBILE.,Other,Other,,
209322345026,2026-07-24 21:52:17 UTC,107.209.5.193,,No,,,,App : FIREFOX. App Version : 153.0. Os : ANDROID_OS. Os Version : 13. Device Type : MOBILE.,Other,Other,,
209322345026,2026-07-24 21:52:17 UTC,107.209.5.193,,No,,,,App : FIREFOX. App Version : 153.0. Os : ANDROID_OS. Os Version : 13. Device Type : MOBILE.,Other,Other,,
209322345026,2026-07-24 21:52:16 UTC,107.209.5.193,,No,,,,App : FIREFOX. App Version : 153.0. Os : ANDROID_OS. Os Version : 13. Device Type : MOBILE.,Other,Other,,
209322345026,2026-07-24 21:52:16 UTC,107.209.5.193,,No,,,,App : FIREFOX. App Version : 153.0. Os : ANDROID_OS. Os Version : 13. Device Type : MOBILE.,Other,Other,,
209322345026,2026-07-24 21:52:13 UTC,107.209.5.193,,No,,,,App : FIREFOX. App Version : 153.0. Os : ANDROID_OS. Os Version : 13. Device Type : MOBILE.,Other,Other,,
209322345026,2026-07-24 21:52:12 UTC,107.209.5.193,,No,,,,App : FIREFOX. App Version : 153.0. Os : ANDROID_OS. Os Version : 13. Device Type : MOBILE.,Other,Other,,
209322345026,2026-07-24 21:52:11 UTC,107.209.5.193,,No,,,,App : FIREFOX. App Version : 153.0. Os : ANDROID_OS. Os Version : 13. Device Type : MOBILE.,Other,Other,,
209322345026,2026-07-24 21:52:10 UTC,107.209.5.193,,No,,,,App : FIREFOX. App Version : 153.0. Os : ANDROID_OS. Os Version : 13. Device Type : MOBILE.,Other,Other,,
209322345026,2026-07-24 21:52:09 UTC,107.209.5.193,,No,,,,App : FIREFOX. App Version : 153.0. Os : ANDROID_OS. Os Version : 13. Device Type : MOBILE.,Other,Other,,
209322345026,2026-07-24 21:52:09 UTC,107.209.5.193,,No,,,,App : FIREFOX. App Version : 153.0. Os : ANDROID_OS. Os Version : 13. Device Type : MOBILE.,Other,Other,,
209322345026,2026-07-24 21:52:09 UTC,107.209.5.193,,No,,,,App : FIREFOX. App Version : 153.0. Os : ANDROID_OS. Os Version : 13. Device Type : MOBILE.,Other,Other,,
209322345026,2026-07-24 21:52:09 UTC,107.209.5.193,,No,,,,App : FIREFOX. App Version : 153.0. Os : ANDROID_OS. Os Version : 13. Device Type : MOBILE.,Other,Other,,
209322345026,2026-07-24 21:52:08 UTC,107.209.5.193,,No,,,,App : FIREFOX. App Version : 153.0. Os : ANDROID_OS. Os Version : 13. Device Type : MOBILE.,Other,Other,,
209322345026,2026-07-24 21:52:08 UTC,107.209.5.193,,No,,,,App : FIREFOX. App Version : 153.0. Os : ANDROID_OS. Os Version : 13. Device Type : MOBILE.,Other,Other,,
209322345026,2026-07-24 21:52:07 UTC,107.209.5.193,,No,,,,App : FIREFOX. App Version : 153.0. Os : ANDROID_OS. Os Version : 13. Device Type : MOBILE.,Other,Other,,
209322345026,2026-07-24 21:52:07 UTC,107.209.5.193,,No,,,,App : FIREFOX. App Version : 153.0. Os : ANDROID_OS. Os Version : 13. Device Type : MOBILE.,Other,Other,,
209322345026,2026-07-24 21:52:07 UTC,107.209.5.193,,No,,,,App : FIREFOX. App Version : 153.0. Os : ANDROID_OS. Os Version : 13. Device Type : MOBILE.,Other,Other,,
209322345026,2026-07-24 21:52:07 UTC,107.209.5.193,,No,,,,App : FIREFOX. App Version : 153.0. Os : ANDROID_OS. Os Version : 13. Device Type : MOBILE.,Other,Other,,
209322345026,2026-07-24 21:52:06 UTC,107.209.5.193,,No,,,,App : FIREFOX. App Version : 153.0. Os : ANDROID_OS. Os Version : 13. Device Type : MOBILE.,Other,Other,,
209322345026,2026-07-24 21:52:06 UTC,107.209.5.193,,No,,,,App : FIREFOX. App Version : 153.0. Os : ANDROID_OS. Os Version : 13. Device Type : MOBILE.,Other,Other,,
209322345026,2026-07-24 21:52:06 UTC,107.209.5.193,,No,,,,App : FIREFOX. App Version : 153.0. Os : ANDROID_OS. Os Version : 13. Device Type : MOBILE.,Other,Other,,
209322345026,2026-07-24 21:52:06 UTC,107.209.5.193,,No,,,,App : FIREFOX. App Version : 153.0. Os : ANDROID_OS. Os Version : 13. Device Type : MOBILE.,Other,Other,,
209322345026,2026-07-24 21:52:05 UTC,107.209.5.193,,No,,,,App : FIREFOX. App Version : 153.0. Os : ANDROID_OS. Os Version : 13. Device Type : MOBILE.,Other,Other,,
209322345026,2026-07-24 21:52:04 UTC,107.209.5.193,,No,,,,App : FIREFOX. App Version : 153.0. Os : ANDROID_OS. Os Version : 13. Device Type : MOBILE.,Other,Other,,
209322345026,2026-07-24 21:52:04 UTC,107.209.5.193,,No,,,,App : FIREFOX. App Version : 153.0. Os : ANDROID_OS. Os Version : 13. Device Type : MOBILE.,Other,Other,,
209322345026,2026-07-24 21:52:03 UTC,107.209.5.193,,No,,,,App : FIREFOX. App Version : 153.0. Os : ANDROID_OS. Os Version : 13. Device Type : MOBILE.,Other,Other,,
209322345026,2026-07-24 21:52:03 UTC,107.209.5.193,,No,,,,App : FIREFOX. App Version : 153.0. Os : ANDROID_OS. Os Version : 13. Device Type : MOBILE.,Other,Other,,
209322345026,2026-07-24 21:52:03 UTC,107.209.5.193,,No,,,,App : FIREFOX. App Version : 153.0. Os : ANDROID_OS. Os Version : 13. Device Type : MOBILE.,Other,Other,,
209322345026,2026-07-24 21:52:01 UTC,107.209.5.193,,No,,,,App : FIREFOX. App Version : 153.0. Os : ANDROID_OS. Os Version : 13. Device Type : MOBILE.,Other,Other,,
209322345026,2026-07-24 21:52:01 UTC,107.209.5.193,,No,,,,App : FIREFOX. App Version : 153.0. Os : ANDROID_OS. Os Version : 13. Device Type : MOBILE.,Other,Other,,
209322345026,2026-07-24 21:52:00 UTC,107.209.5.193,,No,,,,App : FIREFOX. App Version : 153.0. Os : ANDROID_OS. Os Version : 13. Device Type : MOBILE.,Other,Other,,
209322345026,2026-07-24 21:51:51 UTC,107.209.5.193,,No,,,,App : FIREFOX. App Version : 153.0. Os : ANDROID_OS. Os Version : 13. Device Type : MOBILE.,Other,Other,,
209322345026,2026-07-24 21:51:41 UTC,107.209.5.193,,No,,,,App : FIREFOX. App Version : 153.0. Os : ANDROID_OS. Os Version : 13. Device Type : MOBILE.,Other,Other,,
209322345026,2026-07-24 21:51:36 UTC,107.209.5.193,,No,,,,App : FIREFOX. App Version : 153.0. Os : ANDROID_OS. Os Version : 13. Device Type : MOBILE.,Other,Other,,
209322345026,2026-07-24 21:51:25 UTC,107.209.5.193,,No,,,,App : FIREFOX. App Version : 153.0. Os : ANDROID_OS. Os Version : 13. Device Type : MOBILE.,Other,Other,,
209322345026,2026-07-24 21:51:25 UTC,107.209.5.193,,No,,,,App : FIREFOX. App Version : 153.0. Os : ANDROID_OS. Os Version : 13. Device Type : MOBILE.,Other,Other,,
209322345026,2026-07-24 21:51:25 UTC,107.209.5.193,,No,,,,App : FIREFOX. App Version : 153.0. Os : ANDROID_OS. Os Version : 13. Device Type : MOBILE.,Other,Other,,
209322345026,2026-07-24 21:51:24 UTC,107.209.5.193,,No,,,,App : FIREFOX. App Version : 153.0. Os : ANDROID_OS. Os Version : 13. Device Type : MOBILE.,Other,Other,,
209322345026,2026-07-24 21:51:24 UTC,107.209.5.193,,No,,,,App : FIREFOX. App Version : 153.0. Os : ANDROID_OS. Os Version : 13. Device Type : MOBILE.,Other,Other,,
209322345026,2026-07-24 21:51:24 UTC,107.209.5.193,,No,,,,App : FIREFOX. App Version : 153.0. Os : ANDROID_OS. Os Version : 13. Device Type : MOBILE.,Other,Other,,
209322345026,2026-07-24 21:51:21 UTC,107.209.5.193,,No,,,,App : FIREFOX. App Version : 153.0. Os : ANDROID_OS. Os Version : 13. Device Type : MOBILE.,Other,Other,,
209322345026,2026-07-24 21:51:21 UTC,107.209.5.193,,No,,,,App : FIREFOX. App Version : 153.0. Os : ANDROID_OS. Os Version : 13. Device Type : MOBILE.,Other,Other,,
209322345026,2026-07-24 21:51:20 UTC,107.209.5.193,,No,,,,App : FIREFOX. App Version : 153.0. Os : ANDROID_OS. Os Version : 13. Device Type : MOBILE.,Other,Other,,
209322345026,2026-07-24 21:51:20 UTC,107.209.5.193,,No,,,,App : FIREFOX. App Version : 153.0. Os : ANDROID_OS. Os Version : 13. Device Type : MOBILE.,Other,Other,,
209322345026,2026-07-24 21:51:20 UTC,107.209.5.193,,No,,,,App : FIREFOX. App Version : 153.0. Os : ANDROID_OS. Os Version : 13. Device Type : MOBILE.,Other,Other,,
209322345026,2026-07-24 21:51:20 UTC,107.209.5.193,,No,,,,App : FIREFOX. App Version : 153.0. Os : ANDROID_OS. Os Version : 13. Device Type : MOBILE.,Other,Other,,
209322345026,2026-07-24 21:51:20 UTC,107.209.5.193,,No,,,,App : FIREFOX. App Version : 153.0. Os : ANDROID_OS. Os Version : 13. Device Type : MOBILE.,Other,Other,,
209322345026,2026-07-24 21:51:19 UTC,107.209.5.193,,No,,,,App : FIREFOX. App Version : 153.0. Os : ANDROID_OS. Os Version : 13. Device Type : MOBILE.,Other,Other,,
209322345026,2026-07-24 21:51:19 UTC,107.209.5.193,,No,,,,App : FIREFOX. App Version : 153.0. Os : ANDROID_OS. Os Version : 13. Device Type : MOBILE.,Other,Other,,
209322345026,2026-07-24 21:51:18 UTC,107.209.5.193,,No,,,,App : FIREFOX. App Version : 153.0. Os : ANDROID_OS. Os Version : 13. Device Type : MOBILE.,Other,Other,,
209322345026,2026-07-24 21:51:18 UTC,107.209.5.193,,No,,,,App : FIREFOX. App Version : 153.0. Os : ANDROID_OS. Os Version : 13. Device Type : MOBILE.,Other,Other,,
209322345026,2026-07-24 21:51:16 UTC,107.209.5.193,,No,,,,App : FIREFOX. App Version : 153.0. Os : ANDROID_OS. Os Version : 13. Device Type : MOBILE.,Other,Other,,
209322345026,2026-07-24 21:51:16 UTC,107.209.5.193,,No,,,,App : FIREFOX. App Version : 153.0. Os : ANDROID_OS. Os Version : 13. Device Type : MOBILE.,Other,Other,,
209322345026,2026-07-24 21:51:16 UTC,107.209.5.193,,No,,,,App : FIREFOX. App Version : 153.0. Os : ANDROID_OS. Os Version : 13. Device Type : MOBILE.,Other,Other,,
209322345026,2026-07-24 21:51:15 UTC,107.209.5.193,,No,,,,App : FIREFOX. App Version : 153.0. Os : ANDROID_OS. Os Version : 13. Device Type : MOBILE.,Other,Other,,
209322345026,2026-07-24 21:51:14 UTC,107.209.5.193,,No,,,,App : FIREFOX. App Version : 153.0. Os : ANDROID_OS. Os Version : 13. Device Type : MOBILE.,Other,Other,,
209322345026,2026-07-24 21:50:18 UTC,107.209.5.193,,No,,,,App : FIREFOX. App Version : 153.0. Os : ANDROID_OS. Os Version : 13. Device Type : MOBILE.,Other,Other,,
209322345026,2026-07-24 21:50:15 UTC,107.209.5.193,,No,,,,App : FIREFOX. App Version : 153.0. Os : ANDROID_OS. Os Version : 13. Device Type : MOBILE.,Other,Other,,
209322345026,2026-07-24 21:50:15 UTC,107.209.5.193,,No,,,,App : FIREFOX. App Version : 153.0. Os : ANDROID_OS. Os Version : 13. Device Type : MOBILE.,Other,Other,,
209322345026,2026-07-24 21:50:15 UTC,107.209.5.193,,No,,,,App : FIREFOX. App Version : 153.0. Os : ANDROID_OS. Os Version : 13. Device Type : MOBILE.,Other,Other,,
209322345026,2026-07-24 21:50:14 UTC,107.209.5.193,,No,,,,App : FIREFOX. App Version : 153.0. Os : ANDROID_OS. Os Version : 13. Device Type : MOBILE.,Other,Other,,
209322345026,2026-07-24 21:50:14 UTC,107.209.5.193,,No,,,,App : FIREFOX. App Version : 153.0. Os : ANDROID_OS. Os Version : 13. Device Type : MOBILE.,Other,Other,,
209322345026,2026-07-24 21:50:14 UTC,107.209.5.193,,No,,,,App : FIREFOX. App Version : 153.0. Os : ANDROID_OS. Os Version : 13. Device Type : MOBILE.,Other,Other,,
209322345026,2026-07-24 21:50:13 UTC,107.209.5.193,,No,,,,App : FIREFOX. App Version : 153.0. Os : ANDROID_OS. Os Version : 13. Device Type : MOBILE.,Other,Other,,
209322345026,2026-07-24 21:50:13 UTC,107.209.5.193,,No,,,,App : FIREFOX. App Version : 153.0. Os : ANDROID_OS. Os Version : 13. Device Type : MOBILE.,Other,Other,,
209322345026,2026-07-24 21:50:10 UTC,107.209.5.193,,No,,,,App : FIREFOX. App Version : 153.0. Os : ANDROID_OS. Os Version : 13. Device Type : MOBILE.,Other,Other,,
209322345026,2026-07-24 21:50:10 UTC,107.209.5.193,,No,,,,App : FIREFOX. App Version : 153.0. Os : ANDROID_OS. Os Version : 13. Device Type : MOBILE.,Other,Other,,
209322345026,2026-07-24 21:50:10 UTC,107.209.5.193,,No,,,,App : FIREFOX. App Version : 153.0. Os : ANDROID_OS. Os Version : 13. Device Type : MOBILE.,Other,Other,,
209322345026,2026-07-24 21:50:10 UTC,107.209.5.193,,No,,,,App : FIREFOX. App Version : 153.0. Os : ANDROID_OS. Os Version : 13. Device Type : MOBILE.,Other,Other,,
209322345026,2026-07-24 21:50:10 UTC,107.209.5.193,,No,,,,App : FIREFOX. App Version : 153.0. Os : ANDROID_OS. Os Version : 13. Device Type : MOBILE.,Other,Other,,
209322345026,2026-07-24 21:50:09 UTC,107.209.5.193,,No,,,,App : FIREFOX. App Version : 153.0. Os : ANDROID_OS. Os Version : 13. Device Type : MOBILE.,Other,Other,,
209322345026,2026-07-24 21:50:07 UTC,107.209.5.193,,No,,,,App : FIREFOX. App Version : 153.0. Os : ANDROID_OS. Os Version : 13. Device Type : MOBILE.,Other,Other,,
209322345026,2026-07-24 21:50:05 UTC,107.209.5.193,,No,,,,App : FIREFOX. App Version : 153.0. Os : ANDROID_OS. Os Version : 13. Device Type : MOBILE.,Other,Other,,
209322345026,2026-07-24 21:50:05 UTC,107.209.5.193,,No,,,,App : FIREFOX. App Version : 153.0. Os : ANDROID_OS. Os Version : 13. Device Type : MOBILE.,Other,Other,,
209322345026,2026-07-24 21:50:05 UTC,107.209.5.193,,No,,,,App : FIREFOX. App Version : 153.0. Os : ANDROID_OS. Os Version : 13. Device Type : MOBILE.,Other,Other,,
209322345026,2026-07-24 21:50:00 UTC,107.209.5.193,,No,,,,App : FIREFOX. App Version : 153.0. Os : ANDROID_OS. Os Version : 13. Device Type : MOBILE.,Other,Other,,
209322345026,2026-07-24 21:49:59 UTC,107.209.5.193,,No,,,,App : FIREFOX. App Version : 153.0. Os : ANDROID_OS. Os Version : 13. Device Type : MOBILE.,Other,Other,,
209322345026,2026-07-24 21:49:59 UTC,107.209.5.193,,No,,,,App : FIREFOX. App Version : 153.0. Os : ANDROID_OS. Os Version : 13. Device Type : MOBILE.,Other,Other,,
209322345026,2026-07-24 21:49:58 UTC,107.209.5.193,,No,,,,App : FIREFOX. App Version : 153.0. Os : ANDROID_OS. Os Version : 13. Device Type : MOBILE.,Other,Other,,
209322345026,2026-07-24 21:49:57 UTC,107.209.5.193,,No,,,,App : FIREFOX. App Version : 153.0. Os : ANDROID_OS. Os Version : 13. Device Type : MOBILE.,Other,Other,,
209322345026,2026-07-24 21:49:57 UTC,107.209.5.193,,No,,,,App : FIREFOX. App Version : 153.0. Os : ANDROID_OS. Os Version : 13. Device Type : MOBILE.,Other,Other,,
209322345026,2026-07-24 21:49:57 UTC,107.209.5.193,,No,,,,App : FIREFOX. App Version : 153.0. Os : ANDROID_OS. Os Version : 13. Device Type : MOBILE.,Other,Other,,
209322345026,2026-07-24 21:49:56 UTC,107.209.5.193,,No,,,,App : FIREFOX. App Version : 153.0. Os : ANDROID_OS. Os Version : 13. Device Type : MOBILE.,Other,Other,,
209322345026,2026-07-24 21:49:51 UTC,107.209.5.193,,No,,,,App : FIREFOX. App Version : 153.0. Os : ANDROID_OS. Os Version : 13. Device Type : MOBILE.,Other,Other,,
209322345026,2026-07-24 21:49:51 UTC,107.209.5.193,,No,,,,App : FIREFOX. App Version : 153.0. Os : ANDROID_OS. Os Version : 13. Device Type : MOBILE.,Other,Other,,
209322345026,2026-07-24 21:49:51 UTC,107.209.5.193,,No,,,,App : FIREFOX. App Version : 153.0. Os : ANDROID_OS. Os Version : 13. Device Type : MOBILE.,Other,Other,,
209322345026,2026-07-24 21:49:51 UTC,107.209.5.193,,No,,,,App : FIREFOX. App Version : 153.0. Os : ANDROID_OS. Os Version : 13. Device Type : MOBILE.,Other,Other,,
209322345026,2026-07-24 21:49:51 UTC,107.209.5.193,,No,,,,App : FIREFOX. App Version : 153.0. Os : ANDROID_OS. Os Version : 13. Device Type : MOBILE.,Other,Other,,
209322345026,2026-07-24 21:49:50 UTC,107.209.5.193,,No,,,,App : FIREFOX. App Version : 153.0. Os : ANDROID_OS. Os Version : 13. Device Type : MOBILE.,Other,Other,,
209322345026,2026-07-24 21:49:50 UTC,107.209.5.193,,No,,,,App : FIREFOX. App Version : 153.0. Os : ANDROID_OS. Os Version : 13. Device Type : MOBILE.,Other,Other,,
209322345026,2026-07-24 21:49:50 UTC,107.209.5.193,,No,,,,App : FIREFOX. App Version : 153.0. Os : ANDROID_OS. Os Version : 13. Device Type : MOBILE.,Other,Other,,
209322345026,2026-07-24 21:49:47 UTC,107.209.5.193,,No,,,,App : FIREFOX. App Version : 153.0. Os : ANDROID_OS. Os Version : 13. Device Type : MOBILE.,Other,Other,,
209322345026,2026-07-24 21:49:46 UTC,107.209.5.193,,No,,,,App : FIREFOX. App Version : 153.0. Os : ANDROID_OS. Os Version : 13. Device Type : MOBILE.,Other,Other,,
209322345026,2026-07-24 21:49:46 UTC,107.209.5.193,,No,,,,App : FIREFOX. App Version : 153.0. Os : ANDROID_OS. Os Version : 13. Device Type : MOBILE.,Other,Other,,
209322345026,2026-07-24 21:49:41 UTC,107.209.5.193,,No,,,,App : FIREFOX. App Version : 153.0. Os : ANDROID_OS. Os Version : 13. Device Type : MOBILE.,Other,Other,,
209322345026,2026-07-24 21:49:38 UTC,107.209.5.193,,No,,,,App : FIREFOX. App Version : 153.0. Os : ANDROID_OS. Os Version : 13. Device Type : MOBILE.,Other,Other,,
209322345026,2026-07-24 21:49:37 UTC,107.209.5.193,,No,,,,App : FIREFOX. App Version : 153.0. Os : ANDROID_OS. Os Version : 13. Device Type : MOBILE.,Other,Other,,
209322345026,2026-07-24 21:49:36 UTC,107.209.5.193,,No,,,,App : FIREFOX. App Version : 153.0. Os : ANDROID_OS. Os Version : 13. Device Type : MOBILE.,Other,Other,,
209322345026,2026-07-24 21:49:36 UTC,107.209.5.193,,No,,,,App : FIREFOX. App Version : 153.0. Os : ANDROID_OS. Os Version : 13. Device Type : MOBILE.,Other,Other,,
209322345026,2026-07-24 21:49:35 UTC,107.209.5.193,,No,,,,App : FIREFOX. App Version : 153.0. Os : ANDROID_OS. Os Version : 13. Device Type : MOBILE.,Other,Other,,
209322345026,2026-07-24 21:49:35 UTC,107.209.5.193,,No,,,,App : FIREFOX. App Version : 153.0. Os : ANDROID_OS. Os Version : 13. Device Type : MOBILE.,Other,Other,,
209322345026,2026-07-24 21:49:34 UTC,107.209.5.193,,No,,,,App : FIREFOX. App Version : 153.0. Os : ANDROID_OS. Os Version : 13. Device Type : MOBILE.,Other,Other,,
209322345026,2026-07-24 21:49:34 UTC,107.209.5.193,,No,,,,App : FIREFOX. App Version : 153.0. Os : ANDROID_OS. Os Version : 13. Device Type : MOBILE.,Other,Other,,
209322345026,2026-07-24 21:49:33 UTC,107.209.5.193,,No,,,,App : FIREFOX. App Version : 153.0. Os : ANDROID_OS. Os Version : 13. Device Type : MOBILE.,Other,Other,,
209322345026,2026-07-24 21:49:32 UTC,107.209.5.193,,No,,,,App : FIREFOX. App Version : 153.0. Os : ANDROID_OS. Os Version : 13. Device Type : MOBILE.,Other,Other,,
209322345026,2026-07-24 21:49:31 UTC,107.209.5.193,,No,,,,App : FIREFOX. App Version : 153.0. Os : ANDROID_OS. Os Version : 13. Device Type : MOBILE.,Other,Other,,
209322345026,2026-07-24 21:49:31 UTC,107.209.5.193,,No,,,,App : FIREFOX. App Version : 153.0. Os : ANDROID_OS. Os Version : 13. Device Type : MOBILE.,Other,Other,,
209322345026,2026-07-24 21:49:31 UTC,107.209.5.193,,No,,,,App : FIREFOX. App Version : 153.0. Os : ANDROID_OS. Os Version : 13. Device Type : MOBILE.,Other,Other,,
209322345026,2026-07-24 21:49:31 UTC,107.209.5.193,,No,,,,App : FIREFOX. App Version : 153.0. Os : ANDROID_OS. Os Version : 13. Device Type : MOBILE.,Other,Other,,
209322345026,2026-07-24 21:49:30 UTC,107.209.5.193,,No,,,,App : FIREFOX. App Version : 153.0. Os : ANDROID_OS. Os Version : 13. Device Type : MOBILE.,Other,Other,,
209322345026,2026-07-24 21:49:30 UTC,107.209.5.193,,No,,,,App : FIREFOX. App Version : 153.0. Os : ANDROID_OS. Os Version : 13. Device Type : MOBILE.,Other,Other,,
209322345026,2026-07-24 21:49:27 UTC,107.209.5.193,,No,,,,App : FIREFOX. App Version : 153.0. Os : ANDROID_OS. Os Version : 13. Device Type : MOBILE.,Other,Other,,
209322345026,2026-07-24 21:49:26 UTC,107.209.5.193,,No,,,,App : FIREFOX. App Version : 153.0. Os : ANDROID_OS. Os Version : 13. Device Type : MOBILE.,Other,Other,,
209322345026,2026-07-24 21:49:26 UTC,107.209.5.193,,No,,,,App : FIREFOX. App Version : 153.0. Os : ANDROID_OS. Os Version : 13. Device Type : MOBILE.,Other,Other,,
209322345026,2026-07-24 21:49:26 UTC,107.209.5.193,,No,,,,App : FIREFOX. App Version : 153.0. Os : ANDROID_OS. Os Version : 13. Device Type : MOBILE.,Other,Other,,
209322345026,2026-07-24 21:49:16 UTC,107.209.5.193,,No,,,,App : FIREFOX. App Version : 153.0. Os : ANDROID_OS. Os Version : 13. Device Type : MOBILE.,Other,Other,,
209322345026,2026-07-24 21:49:16 UTC,107.209.5.193,,No,,,,App : FIREFOX. App Version : 153.0. Os : ANDROID_OS. Os Version : 13. Device Type : MOBILE.,Other,Other,,
209322345026,2026-07-24 21:49:15 UTC,107.209.5.193,,No,,,,App : FIREFOX. App Version : 153.0. Os : ANDROID_OS. Os Version : 13. Device Type : MOBILE.,Other,Other,,
209322345026,2026-07-24 21:49:15 UTC,107.209.5.193,,No,,,,App : FIREFOX. App Version : 153.0. Os : ANDROID_OS. Os Version : 13. Device Type : MOBILE.,Other,Other,,
209322345026,2026-07-24 21:49:15 UTC,107.209.5.193,,No,,,,App : FIREFOX. App Version : 153.0. Os : ANDROID_OS. Os Version : 13. Device Type : MOBILE.,Other,Other,,
209322345026,2026-07-24 21:49:15 UTC,107.209.5.193,,No,,,,App : FIREFOX. App Version : 153.0. Os : ANDROID_OS. Os Version : 13. Device Type : MOBILE.,Other,Other,,
209322345026,2026-07-24 21:49:15 UTC,107.209.5.193,,No,,,,App : FIREFOX. App Version : 153.0. Os : ANDROID_OS. Os Version : 13. Device Type : MOBILE.,Other,Other,,
209322345026,2026-07-24 21:49:15 UTC,107.209.5.193,,No,,,,App : FIREFOX. App Version : 153.0. Os : ANDROID_OS. Os Version : 13. Device Type : MOBILE.,Other,Other,,
209322345026,2026-07-24 21:49:14 UTC,107.209.5.193,,No,,,,App : FIREFOX. App Version : 153.0. Os : ANDROID_OS. Os Version : 13. Device Type : MOBILE.,Other,Other,,
209322345026,2026-07-24 21:49:12 UTC,107.209.5.193,,No,,,,App : FIREFOX. App Version : 153.0. Os : ANDROID_OS. Os Version : 13. Device Type : MOBILE.,Other,Other,,
209322345026,2026-07-24 21:49:12 UTC,107.209.5.193,,No,,,,App : FIREFOX. App Version : 153.0. Os : ANDROID_OS. Os Version : 13. Device Type : MOBILE.,Other,Other,,
209322345026,2026-07-24 21:49:11 UTC,107.209.5.193,,No,,,,App : FIREFOX. App Version : 153.0. Os : ANDROID_OS. Os Version : 13. Device Type : MOBILE.,Other,Other,,
209322345026,2026-07-24 21:49:11 UTC,107.209.5.193,,No,,,,App : FIREFOX. App Version : 153.0. Os : ANDROID_OS. Os Version : 13. Device Type : MOBILE.,Other,Other,,
209322345026,2026-07-24 21:49:11 UTC,107.209.5.193,,No,,,,App : FIREFOX. App Version : 153.0. Os : ANDROID_OS. Os Version : 13. Device Type : MOBILE.,Other,Other,,
209322345026,2026-07-24 21:49:11 UTC,107.209.5.193,,No,,,,App : FIREFOX. App Version : 153.0. Os : ANDROID_OS. Os Version : 13. Device Type : MOBILE.,Other,Other,,
209322345026,2026-07-24 21:49:11 UTC,107.209.5.193,,No,,,,App : FIREFOX. App Version : 153.0. Os : ANDROID_OS. Os Version : 13. Device Type : MOBILE.,Other,Other,,
209322345026,2026-07-24 21:49:11 UTC,107.209.5.193,,No,,,,App : FIREFOX. App Version : 153.0. Os : ANDROID_OS. Os Version : 13. Device Type : MOBILE.,Other,Other,,
209322345026,2026-07-24 21:49:11 UTC,107.209.5.193,,No,,,,App : FIREFOX. App Version : 153.0. Os : ANDROID_OS. Os Version : 13. Device Type : MOBILE.,Other,Other,,
209322345026,2026-07-24 21:49:11 UTC,107.209.5.193,,No,,,,App : FIREFOX. App Version : 153.0. Os : ANDROID_OS. Os Version : 13. Device Type : MOBILE.,Other,Other,,
209322345026,2026-07-24 21:49:08 UTC,107.209.5.193,,No,,,,App : FIREFOX. App Version : 153.0. Os : ANDROID_OS. Os Version : 13. Device Type : MOBILE.,Other,Other,,
209322345026,2026-07-24 21:49:08 UTC,107.209.5.193,,No,,,,App : FIREFOX. App Version : 153.0. Os : ANDROID_OS. Os Version : 13. Device Type : MOBILE.,Other,Other,,
209322345026,2026-07-24 21:49:07 UTC,107.209.5.193,,No,,,,App : FIREFOX. App Version : 153.0. Os : ANDROID_OS. Os Version : 13. Device Type : MOBILE.,Other,Other,,
209322345026,2026-07-24 21:49:07 UTC,107.209.5.193,,No,,,,App : FIREFOX. App Version : 153.0. Os : ANDROID_OS. Os Version : 13. Device Type : MOBILE.,Other,Other,,
209322345026,2026-07-24 21:49:05 UTC,107.209.5.193,,No,,,,App : FIREFOX. App Version : 153.0. Os : ANDROID_OS. Os Version : 13. Device Type : MOBILE.,Other,Other,,
209322345026,2026-07-24 21:49:05 UTC,107.209.5.193,,No,,,,App : FIREFOX. App Version : 153.0. Os : ANDROID_OS. Os Version : 13. Device Type : MOBILE.,Other,Other,,
209322345026,2026-07-24 21:49:05 UTC,107.209.5.193,,No,,,,App : FIREFOX. App Version : 153.0. Os : ANDROID_OS. Os Version : 13. Device Type : MOBILE.,Other,Other,,
209322345026,2026-07-24 21:49:04 UTC,107.209.5.193,,No,,,,App : FIREFOX. App Version : 153.0. Os : ANDROID_OS. Os Version : 13. Device Type : MOBILE.,Other,Other,,
209322345026,2026-07-24 21:49:04 UTC,107.209.5.193,,No,,,,App : FIREFOX. App Version : 153.0. Os : ANDROID_OS. Os Version : 13. Device Type : MOBILE.,Other,Other,,
209322345026,2026-07-24 21:48:58 UTC,107.209.5.193,,No,,,,App : FIREFOX. App Version : 153.0. Os : ANDROID_OS. Os Version : 13. Device Type : MOBILE.,Other,Other,,
209322345026,2026-07-24 21:48:58 UTC,107.209.5.193,,No,,,,App : FIREFOX. App Version : 153.0. Os : ANDROID_OS. Os Version : 13. Device Type : MOBILE.,Other,Other,,
209322345026,2026-07-24 21:48:57 UTC,107.209.5.193,,No,,,,App : FIREFOX. App Version : 153.0. Os : ANDROID_OS. Os Version : 13. Device Type : MOBILE.,Other,Other,,
209322345026,2026-07-24 21:48:57 UTC,107.209.5.193,,No,,,,App : FIREFOX. App Version : 153.0. Os : ANDROID_OS. Os Version : 13. Device Type : MOBILE.,Other,Other,,
209322345026,2026-07-24 21:48:57 UTC,107.209.5.193,,No,,,,App : FIREFOX. App Version : 153.0. Os : ANDROID_OS. Os Version : 13. Device Type : MOBILE.,Other,Other,,
209322345026,2026-07-24 21:48:56 UTC,107.209.5.193,,No,,,,App : FIREFOX. App Version : 153.0. Os : ANDROID_OS. Os Version : 13. Device Type : MOBILE.,Other,Other,,
209322345026,2026-07-24 21:48:56 UTC,107.209.5.193,,No,,,,App : FIREFOX. App Version : 153.0. Os : ANDROID_OS. Os Version : 13. Device Type : MOBILE.,Other,Other,,
209322345026,2026-07-24 21:48:55 UTC,107.209.5.193,,No,,,,App : FIREFOX. App Version : 153.0. Os : ANDROID_OS. Os Version : 13. Device Type : MOBILE.,Other,Other,,
209322345026,2026-07-24 21:48:54 UTC,107.209.5.193,,No,,,,App : FIREFOX. App Version : 153.0. Os : ANDROID_OS. Os Version : 13. Device Type : MOBILE.,Other,Other,,
209322345026,2026-07-24 21:48:54 UTC,107.209.5.193,,No,,,,App : FIREFOX. App Version : 153.0. Os : ANDROID_OS. Os Version : 13. Device Type : MOBILE.,Other,Other,,
209322345026,2026-07-24 21:48:53 UTC,107.209.5.193,,No,,,,App : FIREFOX. App Version : 153.0. Os : ANDROID_OS. Os Version : 13. Device Type : MOBILE.,Other,Other,,
209322345026,2026-07-24 21:48:52 UTC,107.209.5.193,,No,,,,App : FIREFOX. App Version : 153.0. Os : ANDROID_OS. Os Version : 13. Device Type : MOBILE.,Other,Other,,
209322345026,2026-07-24 21:48:52 UTC,107.209.5.193,,No,,,,App : FIREFOX. App Version : 153.0. Os : ANDROID_OS. Os Version : 13. Device Type : MOBILE.,Other,Other,,
209322345026,2026-07-24 21:48:52 UTC,107.209.5.193,,No,,,,App : FIREFOX. App Version : 153.0. Os : ANDROID_OS. Os Version : 13. Device Type : MOBILE.,Other,Other,,
209322345026,2026-07-24 21:48:51 UTC,107.209.5.193,,No,,,,App : FIREFOX. App Version : 153.0. Os : ANDROID_OS. Os Version : 13. Device Type : MOBILE.,Other,Other,,
209322345026,2026-07-24 21:48:51 UTC,107.209.5.193,,No,,,,App : FIREFOX. App Version : 153.0. Os : ANDROID_OS. Os Version : 13. Device Type : MOBILE.,Other,Other,,
209322345026,2026-07-24 21:48:46 UTC,107.209.5.193,,No,,,,App : FIREFOX. App Version : 153.0. Os : ANDROID_OS. Os Version : 13. Device Type : MOBILE.,Other,Other,,
209322345026,2026-07-24 21:48:46 UTC,107.209.5.193,,No,,,,App : FIREFOX. App Version : 153.0. Os : ANDROID_OS. Os Version : 13. Device Type : MOBILE.,Other,Other,,
209322345026,2026-07-24 21:48:46 UTC,107.209.5.193,,No,,,,App : FIREFOX. App Version : 153.0. Os : ANDROID_OS. Os Version : 13. Device Type : MOBILE.,Other,Other,,
209322345026,2026-07-24 21:48:46 UTC,107.209.5.193,,No,,,,App : FIREFOX. App Version : 153.0. Os : ANDROID_OS. Os Version : 13. Device Type : MOBILE.,Other,Other,,
209322345026,2026-07-24 21:48:46 UTC,107.209.5.193,,No,,,,App : FIREFOX. App Version : 153.0. Os : ANDROID_OS. Os Version : 13. Device Type : MOBILE.,Other,Other,,
209322345026,2026-07-24 21:48:45 UTC,107.209.5.193,,No,,,,App : FIREFOX. App Version : 153.0. Os : ANDROID_OS. Os Version : 13. Device Type : MOBILE.,Other,Other,,
209322345026,2026-07-24 21:48:45 UTC,107.209.5.193,,No,,,,App : FIREFOX. App Version : 153.0. Os : ANDROID_OS. Os Version : 13. Device Type : MOBILE.,Other,Other,,
209322345026,2026-07-24 21:48:45 UTC,107.209.5.193,,No,,,,App : FIREFOX. App Version : 153.0. Os : ANDROID_OS. Os Version : 13. Device Type : MOBILE.,Other,Other,,
209322345026,2026-07-24 21:48:44 UTC,107.209.5.193,,No,,,,App : FIREFOX. App Version : 153.0. Os : ANDROID_OS. Os Version : 13. Device Type : MOBILE.,Other,Other,,
209322345026,2026-07-24 21:48:44 UTC,107.209.5.193,,No,,,,App : FIREFOX. App Version : 153.0. Os : ANDROID_OS. Os Version : 13. Device Type : MOBILE.,Other,Other,,
209322345026,2026-07-24 21:48:44 UTC,107.209.5.193,,No,,,,App : FIREFOX. App Version : 153.0. Os : ANDROID_OS. Os Version : 13. Device Type : MOBILE.,Other,Other,,
209322345026,2026-07-24 21:48:44 UTC,107.209.5.193,,No,,,,App : FIREFOX. App Version : 153.0. Os : ANDROID_OS. Os Version : 13. Device Type : MOBILE.,Other,Other,,
209322345026,2026-07-24 21:48:44 UTC,107.209.5.193,,No,,,,App : FIREFOX. App Version : 153.0. Os : ANDROID_OS. Os Version : 13. Device Type : MOBILE.,Other,Other,,
209322345026,2026-07-24 21:48:44 UTC,107.209.5.193,,No,,,,App : FIREFOX. App Version : 153.0. Os : ANDROID_OS. Os Version : 13. Device Type : MOBILE.,Other,Other,,
209322345026,2026-07-24 21:48:44 UTC,107.209.5.193,,No,,,,App : FIREFOX. App Version : 153.0. Os : ANDROID_OS. Os Version : 13. Device Type : MOBILE.,Other,Other,,
209322345026,2026-07-24 21:48:44 UTC,107.209.5.193,,No,,,,App : FIREFOX. App Version : 153.0. Os : ANDROID_OS. Os Version : 13. Device Type : MOBILE.,Other,Other,,
209322345026,2026-07-24 21:48:38 UTC,107.209.5.193,,No,,,,App : FIREFOX. App Version : 153.0. Os : ANDROID_OS. Os Version : 13. Device Type : MOBILE.,Other,Other,,
209322345026,2026-07-24 21:48:37 UTC,107.209.5.193,,No,,,,App : FIREFOX. App Version : 153.0. Os : ANDROID_OS. Os Version : 13. Device Type : MOBILE.,Other,Other,,
209322345026,2026-07-24 21:48:35 UTC,107.209.5.193,,No,,,,App : FIREFOX. App Version : 153.0. Os : ANDROID_OS. Os Version : 13. Device Type : MOBILE.,Other,Other,,
209322345026,2026-07-24 21:48:35 UTC,107.209.5.193,,No,,,,App : FIREFOX. App Version : 153.0. Os : ANDROID_OS. Os Version : 13. Device Type : MOBILE.,Other,Other,,
209322345026,2026-07-24 21:48:35 UTC,107.209.5.193,,No,,,,App : FIREFOX. App Version : 153.0. Os : ANDROID_OS. Os Version : 13. Device Type : MOBILE.,Other,Other,,
209322345026,2026-07-24 21:48:35 UTC,107.209.5.193,,No,,,,App : FIREFOX. App Version : 153.0. Os : ANDROID_OS. Os Version : 13. Device Type : MOBILE.,Other,Other,,
209322345026,2026-07-24 21:48:34 UTC,107.209.5.193,,No,,,,App : FIREFOX. App Version : 153.0. Os : ANDROID_OS. Os Version : 13. Device Type : MOBILE.,Other,Other,,
209322345026,2026-07-24 21:48:34 UTC,107.209.5.193,,No,,,,App : FIREFOX. App Version : 153.0. Os : ANDROID_OS. Os Version : 13. Device Type : MOBILE.,Other,Other,,
209322345026,2026-07-24 21:48:34 UTC,107.209.5.193,,No,,,,App : FIREFOX. App Version : 153.0. Os : ANDROID_OS. Os Version : 13. Device Type : MOBILE.,Other,Other,,
209322345026,2026-07-24 21:48:33 UTC,107.209.5.193,,No,,,,App : FIREFOX. App Version : 153.0. Os : ANDROID_OS. Os Version : 13. Device Type : MOBILE.,Other,Other,,
209322345026,2026-07-24 21:48:33 UTC,107.209.5.193,,No,,,,App : FIREFOX. App Version : 153.0. Os : ANDROID_OS. Os Version : 13. Device Type : MOBILE.,Other,Other,,
209322345026,2026-07-24 21:48:33 UTC,107.209.5.193,,No,,,,App : FIREFOX. App Version : 153.0. Os : ANDROID_OS. Os Version : 13. Device Type : MOBILE.,Other,Other,,
209322345026,2026-07-24 21:48:32 UTC,107.209.5.193,,No,,,,App : FIREFOX. App Version : 153.0. Os : ANDROID_OS. Os Version : 13. Device Type : MOBILE.,Other,Other,,
209322345026,2026-07-24 21:48:32 UTC,107.209.5.193,,No,,,,App : FIREFOX. App Version : 153.0. Os : ANDROID_OS. Os Version : 13. Device Type : MOBILE.,Other,Other,,
209322345026,2026-07-24 21:48:31 UTC,107.209.5.193,,No,,,,App : FIREFOX. App Version : 153.0. Os : ANDROID_OS. Os Version : 13. Device Type : MOBILE.,Other,Other,,
209322345026,2026-07-24 21:48:31 UTC,107.209.5.193,,No,,,,App : FIREFOX. App Version : 153.0. Os : ANDROID_OS. Os Version : 13. Device Type : MOBILE.,Other,Other,,
209322345026,2026-07-24 21:48:30 UTC,107.209.5.193,,No,,,,App : FIREFOX. App Version : 153.0. Os : ANDROID_OS. Os Version : 13. Device Type : MOBILE.,Other,Other,,
209322345026,2026-07-24 21:48:30 UTC,107.209.5.193,,No,,,,App : FIREFOX. App Version : 153.0. Os : ANDROID_OS. Os Version : 13. Device Type : MOBILE.,Other,Other,,
209322345026,2026-07-24 21:48:30 UTC,107.209.5.193,,No,,,,App : FIREFOX. App Version : 153.0. Os : ANDROID_OS. Os Version : 13. Device Type : MOBILE.,Other,Other,,
209322345026,2026-07-24 21:48:29 UTC,107.209.5.193,,No,,,,App : FIREFOX. App Version : 153.0. Os : ANDROID_OS. Os Version : 13. Device Type : MOBILE.,Other,Other,,
209322345026,2026-07-24 21:48:29 UTC,107.209.5.193,,No,,,,App : FIREFOX. App Version : 153.0. Os : ANDROID_OS. Os Version : 13. Device Type : MOBILE.,Other,Other,,
209322345026,2026-07-24 21:48:29 UTC,107.209.5.193,,No,,,,App : FIREFOX. App Version : 153.0. Os : ANDROID_OS. Os Version : 13. Device Type : MOBILE.,Other,Other,,
209322345026,2026-07-24 21:48:24 UTC,107.209.5.193,,No,,,,App : FIREFOX. App Version : 153.0. Os : ANDROID_OS. Os Version : 13. Device Type : MOBILE.,Other,Other,,
209322345026,2026-07-24 21:48:23 UTC,107.209.5.193,,No,,,,App : FIREFOX. App Version : 153.0. Os : ANDROID_OS. Os Version : 13. Device Type : MOBILE.,Other,Other,,
209322345026,2026-07-24 21:48:23 UTC,107.209.5.193,,No,,,,App : FIREFOX. App Version : 153.0. Os : ANDROID_OS. Os Version : 13. Device Type : MOBILE.,Other,Other,,
209322345026,2026-07-24 21:48:23 UTC,107.209.5.193,,No,,,,App : FIREFOX. App Version : 153.0. Os : ANDROID_OS. Os Version : 13. Device Type : MOBILE.,Other,Other,,
209322345026,2026-07-24 21:48:22 UTC,107.209.5.193,,No,,,,App : FIREFOX. App Version : 153.0. Os : ANDROID_OS. Os Version : 13. Device Type : MOBILE.,Other,Other,,
209322345026,2026-07-24 21:48:21 UTC,107.209.5.193,,No,,,,App : FIREFOX. App Version : 153.0. Os : ANDROID_OS. Os Version : 13. Device Type : MOBILE.,Other,Other,,
209322345026,2026-07-24 21:48:21 UTC,107.209.5.193,,No,,,,App : FIREFOX. App Version : 153.0. Os : ANDROID_OS. Os Version : 13. Device Type : MOBILE.,Other,Other,,
209322345026,2026-07-24 21:48:21 UTC,107.209.5.193,,No,,,,App : FIREFOX. App Version : 153.0. Os : ANDROID_OS. Os Version : 13. Device Type : MOBILE.,Other,Other,,
209322345026,2026-07-24 21:48:21 UTC,107.209.5.193,,No,,,,App : FIREFOX. App Version : 153.0. Os : ANDROID_OS. Os Version : 13. Device Type : MOBILE.,Other,Other,,
209322345026,2026-07-24 21:48:14 UTC,107.209.5.193,,No,,,,App : FIREFOX. App Version : 153.0. Os : ANDROID_OS. Os Version : 13. Device Type : MOBILE.,YouTube,Other,,
209322345026,2026-07-24 21:48:10 UTC,107.209.5.193,,No,,,,App : FIREFOX. App Version : 153.0. Os : ANDROID_OS. Os Version : 13. Device Type : MOBILE.,YouTube,Other,,
209322345026,2026-07-24 21:48:09 UTC,107.209.5.193,,No,,,,App : FIREFOX. App Version : 153.0. Os : LINUX_OS. Device Type : PC.,YouTube,Other,,
209322345026,2026-07-24 21:48:09 UTC,107.209.5.193,,No,,,,App : FIREFOX. App Version : 153.0. Os : LINUX_OS. Device Type : PC.,YouTube,Other,,
209322345026,2026-07-24 21:48:06 UTC,107.209.5.193,,No,,,,App : FIREFOX. App Version : 153.0. Os : ANDROID_OS. Os Version : 13. Device Type : MOBILE.,YouTube,Other,,
209322345026,2026-07-24 21:48:04 UTC,107.209.5.193,,No,,,,App : FIREFOX. App Version : 153.0. Os : LINUX_OS. Device Type : PC.,YouTube,Other,,
209322345026,2026-07-24 21:47:47 UTC,107.209.5.193,,No,,,,App : FIREFOX. App Version : 153.0. Os : ANDROID_OS. Os Version : 13. Device Type : MOBILE.,YouTube,Other,,
209322345026,2026-07-24 21:47:46 UTC,107.209.5.193,,No,,,,App : FIREFOX. App Version : 153.0. Os : ANDROID_OS. Os Version : 13. Device Type : MOBILE.,YouTube,Other,,
209322345026,2026-07-24 21:47:46 UTC,107.209.5.193,,No,,,,App : FIREFOX. App Version : 153.0. Os : ANDROID_OS. Os Version : 13. Device Type : MOBILE.,YouTube,Other,,
209322345026,2026-07-24 21:47:45 UTC,107.209.5.193,,No,,,,App : FIREFOX. App Version : 153.0. Os : LINUX_OS. Device Type : PC.,YouTube,Other,,
209322345026,2026-07-24 21:47:45 UTC,107.209.5.193,,No,,,,App : FIREFOX. App Version : 153.0. Os : LINUX_OS. Device Type : PC.,YouTube,Other,,
209322345026,2026-07-24 21:47:16 UTC,107.209.5.193,,No,,,,App : FIREFOX. App Version : 153.0. Os : ANDROID_OS. Os Version : 13. Device Type : MOBILE.,Other,Other,,
209322345026,2026-07-24 21:47:12 UTC,107.209.5.193,,No,,,,App : FIREFOX. App Version : 153.0. Os : ANDROID_OS. Os Version : 13. Device Type : MOBILE.,Other,Other,,
209322345026,2026-07-24 21:47:11 UTC,107.209.5.193,,No,,,,App : FIREFOX. App Version : 153.0. Os : ANDROID_OS. Os Version : 13. Device Type : MOBILE.,Other,Other,,
209322345026,2026-07-24 21:47:04 UTC,107.209.5.193,,No,,,,App : FIREFOX. App Version : 153.0. Os : ANDROID_OS. Os Version : 13. Device Type : MOBILE.,Other,Other,,
209322345026,2026-07-24 21:46:24 UTC,107.209.5.193,,No,,,,App : FIREFOX. App Version : 153.0. Os : ANDROID_OS. Os Version : 13. Device Type : MOBILE.,Other,Other,,
209322345026,2026-07-24 21:46:16 UTC,107.209.5.193,,No,,,,App : FIREFOX. App Version : 153.0. Os : ANDROID_OS. Os Version : 13. Device Type : MOBILE.,Other,Other,,
209322345026,2026-07-24 21:46:15 UTC,107.209.5.193,,No,,,,App : FIREFOX. App Version : 153.0. Os : ANDROID_OS. Os Version : 13. Device Type : MOBILE.,Other,Other,,
209322345026,2026-07-24 21:46:13 UTC,107.209.5.193,,No,,,,App : FIREFOX. App Version : 153.0. Os : ANDROID_OS. Os Version : 13. Device Type : MOBILE.,Other,Other,,
209322345026,2026-07-24 21:46:13 UTC,107.209.5.193,,No,,,,App : FIREFOX. App Version : 153.0. Os : ANDROID_OS. Os Version : 13. Device Type : MOBILE.,Other,Other,,
209322345026,2026-07-24 21:46:13 UTC,107.209.5.193,,No,,,,App : FIREFOX. App Version : 153.0. Os : ANDROID_OS. Os Version : 13. Device Type : MOBILE.,Other,Other,,
209322345026,2026-07-24 21:46:03 UTC,107.209.5.193,,No,,,,App : FIREFOX. App Version : 153.0. Os : ANDROID_OS. Os Version : 13. Device Type : MOBILE.,Other,Other,,
209322345026,2026-07-24 21:46:02 UTC,107.209.5.193,,No,,,,App : FIREFOX. App Version : 153.0. Os : ANDROID_OS. Os Version : 13. Device Type : MOBILE.,Other,Other,,
209322345026,2026-07-24 21:46:02 UTC,107.209.5.193,,No,,,,App : FIREFOX. App Version : 153.0. Os : ANDROID_OS. Os Version : 13. Device Type : MOBILE.,Other,Other,,
209322345026,2026-07-24 21:46:02 UTC,107.209.5.193,,No,,,,App : FIREFOX. App Version : 153.0. Os : ANDROID_OS. Os Version : 13. Device Type : MOBILE.,Gmail,Other,,
209322345026,2026-07-24 21:46:02 UTC,107.209.5.193,,No,,,,App : FIREFOX. App Version : 153.0. Os : ANDROID_OS. Os Version : 13. Device Type : MOBILE.,Gmail,Other,,
209322345026,2026-07-24 21:46:01 UTC,107.209.5.193,,No,,,,App : FIREFOX. App Version : 153.0. Os : ANDROID_OS. Os Version : 13. Device Type : MOBILE.,Gmail,Other,,
209322345026,2026-07-24 21:46:01 UTC,107.209.5.193,,No,,,,App : FIREFOX. App Version : 153.0. Os : ANDROID_OS. Os Version : 13. Device Type : MOBILE.,Gmail,Other,,
209322345026,2026-07-24 21:46:01 UTC,107.209.5.193,,No,,,,App : FIREFOX. App Version : 153.0. Os : ANDROID_OS. Os Version : 13. Device Type : MOBILE.,Gmail,Other,,
209322345026,2026-07-24 21:46:01 UTC,107.209.5.193,,No,,,,App : FIREFOX. App Version : 153.0. Os : ANDROID_OS. Os Version : 13. Device Type : MOBILE.,Gmail,Other,,
209322345026,2026-07-24 21:46:01 UTC,107.209.5.193,,No,,,,App : FIREFOX. App Version : 153.0. Os : ANDROID_OS. Os Version : 13. Device Type : MOBILE.,Gmail,Other,,
209322345026,2026-07-24 21:46:00 UTC,107.209.5.193,,No,,,,App : FIREFOX. App Version : 153.0. Os : ANDROID_OS. Os Version : 13. Device Type : MOBILE.,Gmail,Other,,
209322345026,2026-07-24 21:46:00 UTC,107.209.5.193,,No,,,,App : FIREFOX. App Version : 153.0. Os : ANDROID_OS. Os Version : 13. Device Type : MOBILE.,Gmail,Other,,
209322345026,2026-07-24 21:46:00 UTC,107.209.5.193,,No,,,,App : FIREFOX. App Version : 153.0. Os : ANDROID_OS. Os Version : 13. Device Type : MOBILE.,Other,Other,,
209322345026,2026-07-24 21:46:00 UTC,107.209.5.193,,No,,,,App : FIREFOX. App Version : 153.0. Os : ANDROID_OS. Os Version : 13. Device Type : MOBILE.,Other,Other,,
209322345026,2026-07-24 21:46:00 UTC,107.209.5.193,,No,,,,App : FIREFOX. App Version : 153.0. Os : ANDROID_OS. Os Version : 13. Device Type : MOBILE.,Other,Other,,
209322345026,2026-07-24 21:45:58 UTC,107.209.5.193,,No,,,,App : FIREFOX. App Version : 153.0. Os : ANDROID_OS. Os Version : 13. Device Type : MOBILE.,Other,Other,,
209322345026,2026-07-24 21:45:57 UTC,107.209.5.193,,No,,,,App : FIREFOX. App Version : 153.0. Os : ANDROID_OS. Os Version : 13. Device Type : MOBILE.,Other,Other,,
209322345026,2026-07-24 21:45:57 UTC,107.209.5.193,,No,,,,App : FIREFOX. App Version : 153.0. Os : ANDROID_OS. Os Version : 13. Device Type : MOBILE.,Other,Other,,
209322345026,2026-07-24 21:45:54 UTC,107.209.5.193,,No,,,,App : FIREFOX. App Version : 153.0. Os : ANDROID_OS. Os Version : 13. Device Type : MOBILE.,Other,Other,,
209322345026,2026-07-24 21:45:45 UTC,107.209.5.193,,No,,,,App : FIREFOX. App Version : 153.0. Os : ANDROID_OS. Os Version : 13. Device Type : MOBILE.,Other,Other,,
209322345026,2026-07-24 21:45:45 UTC,107.209.5.193,,No,,,,App : FIREFOX. App Version : 153.0. Os : ANDROID_OS. Os Version : 13. Device Type : MOBILE.,Other,Other,,
209322345026,2026-07-24 21:45:44 UTC,107.209.5.193,,No,,,,App : FIREFOX. App Version : 153.0. Os : ANDROID_OS. Os Version : 13. Device Type : MOBILE.,Other,Other,,
209322345026,2026-07-24 21:45:44 UTC,107.209.5.193,,No,,,,App : FIREFOX. App Version : 153.0. Os : ANDROID_OS. Os Version : 13. Device Type : MOBILE.,Other,Other,,
209322345026,2026-07-24 21:45:43 UTC,107.209.5.193,,No,,,,App : FIREFOX. App Version : 153.0. Os : ANDROID_OS. Os Version : 13. Device Type : MOBILE.,Other,Other,,
209322345026,2026-07-24 21:45:43 UTC,107.209.5.193,,No,,,,App : FIREFOX. App Version : 153.0. Os : ANDROID_OS. Os Version : 13. Device Type : MOBILE.,Other,Other,,
209322345026,2026-07-24 21:45:43 UTC,107.209.5.193,,No,,,,App : FIREFOX. App Version : 153.0. Os : ANDROID_OS. Os Version : 13. Device Type : MOBILE.,Other,Other,,
