objdump: 'auto': No such file
objdump: Warning: could not find separate debug file '/usr/lib/debug/.dwz/aarch64-linux-gnu/binutils-aarch64-linux-gnu.debug'
objdump: Warning: tried: /lib/debug//usr/lib/debug/.dwz/aarch64-linux-gnu/binutils-aarch64-linux-gnu.debug
objdump: Warning: tried: /usr/lib/debug/usr//usr/lib/debug/.dwz/aarch64-linux-gnu/binutils-aarch64-linux-gnu.debug
objdump: Warning: tried: /usr/lib/debug//usr/bin///usr/lib/debug/.dwz/aarch64-linux-gnu/binutils-aarch64-linux-gnu.debug
objdump: Warning: tried: /usr/lib/debug//usr/lib/debug/.dwz/aarch64-linux-gnu/binutils-aarch64-linux-gnu.debug
objdump: Warning: tried: /usr/bin/.debug//usr/lib/debug/.dwz/aarch64-linux-gnu/binutils-aarch64-linux-gnu.debug
objdump: Warning: tried: /usr/bin//usr/lib/debug/.dwz/aarch64-linux-gnu/binutils-aarch64-linux-gnu.debug
objdump: Warning: tried: .debug//usr/lib/debug/.dwz/aarch64-linux-gnu/binutils-aarch64-linux-gnu.debug
objdump: Warning: tried: /usr/lib/debug/.dwz/aarch64-linux-gnu/binutils-aarch64-linux-gnu.debug
/usr/bin/addr2line
architecture: aarch64, flags 0x00000150:
HAS_SYMS, DYNAMIC, D_PAGED
start address 0x0000000000001d40

Program Header:
    PHDR off    0x0000000000000040 vaddr 0x0000000000000040 paddr 0x0000000000000040 align 2**3
         filesz 0x0000000000000230 memsz 0x0000000000000230 flags r--
  INTERP off    0x0000000000000294 vaddr 0x0000000000000294 paddr 0x0000000000000294 align 2**0
         filesz 0x000000000000001b memsz 0x000000000000001b flags r--
    LOAD off    0x0000000000000000 vaddr 0x0000000000000000 paddr 0x0000000000000000 align 2**16
         filesz 0x0000000000003e74 memsz 0x0000000000003e74 flags r-x
    LOAD off    0x000000000000fd80 vaddr 0x000000000001fd80 paddr 0x000000000001fd80 align 2**16
         filesz 0x0000000000000668 memsz 0x00000000000006c8 flags rw-
 DYNAMIC off    0x000000000000fd90 vaddr 0x000000000001fd90 paddr 0x000000000001fd90 align 2**3
         filesz 0x00000000000001f0 memsz 0x00000000000001f0 flags rw-
    NOTE off    0x0000000000000270 vaddr 0x0000000000000270 paddr 0x0000000000000270 align 2**2
         filesz 0x0000000000000024 memsz 0x0000000000000024 flags r--
    NOTE off    0x0000000000003de8 vaddr 0x0000000000003de8 paddr 0x0000000000003de8 align 2**2
         filesz 0x000000000000008c memsz 0x000000000000008c flags r--
EH_FRAME off    0x0000000000003bc0 vaddr 0x0000000000003bc0 paddr 0x0000000000003bc0 align 2**2
         filesz 0x000000000000006c memsz 0x000000000000006c flags r--
   STACK off    0x0000000000000000 vaddr 0x0000000000000000 paddr 0x0000000000000000 align 2**4
         filesz 0x0000000000000000 memsz 0x0000000000000000 flags rw-
   RELRO off    0x000000000000fd80 vaddr 0x000000000001fd80 paddr 0x000000000001fd80 align 2**0
         filesz 0x0000000000000280 memsz 0x0000000000000280 flags r--

Dynamic Section:
  NEEDED               libbfd-2.44-system.so
  NEEDED               libc.so.6
  INIT                 0x00000000000015b8
  FINI                 0x0000000000003118
  INIT_ARRAY           0x000000000001fd80
  INIT_ARRAYSZ         0x0000000000000008
  FINI_ARRAY           0x000000000001fd88
  FINI_ARRAYSZ         0x0000000000000008
  GNU_HASH             0x00000000000002b0
  STRTAB               0x0000000000000960
  SYMTAB               0x00000000000002d0
  STRSZ                0x000000000000033c
  SYMENT               0x0000000000000018
  DEBUG                0x0000000000000000
  PLTGOT               0x000000000001ffe8
  PLTRELSZ             0x0000000000000570
  PLTREL               0x0000000000000007
  JMPREL               0x0000000000001048
  RELA                 0x0000000000000d78
  RELASZ               0x00000000000002d0
  RELAENT              0x0000000000000018
  FLAGS_1              0x0000000008000000
  VERNEED              0x0000000000000d28
  VERNEEDNUM           0x0000000000000001
  VERSYM               0x0000000000000c9c
  RELACOUNT            0x0000000000000013

Version References:
  required from libc.so.6:
    0x069691b3 0x00 05 GLIBC_2.33
    0x069691b4 0x00 04 GLIBC_2.34
    0x069691b8 0x00 03 GLIBC_2.38
    0x06969197 0x00 02 GLIBC_2.17
private flags = 0x0:
Sections:
Idx Name          Size      VMA               LMA               File off  Algn
  0 .note.gnu.build-id 00000024  0000000000000270  0000000000000270  00000270  2**2
                  CONTENTS, ALLOC, LOAD, READONLY, DATA
  1 .interp       0000001b  0000000000000294  0000000000000294  00000294  2**0
                  CONTENTS, ALLOC, LOAD, READONLY, DATA
  2 .gnu.hash     0000001c  00000000000002b0  00000000000002b0  000002b0  2**3
                  CONTENTS, ALLOC, LOAD, READONLY, DATA
  3 .dynsym       00000690  00000000000002d0  00000000000002d0  000002d0  2**3
                  CONTENTS, ALLOC, LOAD, READONLY, DATA
  4 .dynstr       0000033c  0000000000000960  0000000000000960  00000960  2**0
                  CONTENTS, ALLOC, LOAD, READONLY, DATA
  5 .gnu.version  0000008c  0000000000000c9c  0000000000000c9c  00000c9c  2**1
                  CONTENTS, ALLOC, LOAD, READONLY, DATA
  6 .gnu.version_r 00000050  0000000000000d28  0000000000000d28  00000d28  2**3
                  CONTENTS, ALLOC, LOAD, READONLY, DATA
  7 .rela.dyn     000002d0  0000000000000d78  0000000000000d78  00000d78  2**3
                  CONTENTS, ALLOC, LOAD, READONLY, DATA
  8 .rela.plt     00000570  0000000000001048  0000000000001048  00001048  2**3
                  CONTENTS, ALLOC, LOAD, READONLY, DATA
  9 .init         0000001c  00000000000015b8  00000000000015b8  000015b8  2**2
                  CONTENTS, ALLOC, LOAD, READONLY, CODE
 10 .plt          000003c0  00000000000015e0  00000000000015e0  000015e0  2**4
                  CONTENTS, ALLOC, LOAD, READONLY, CODE
 11 .text         00001758  00000000000019c0  00000000000019c0  000019c0  2**6
                  CONTENTS, ALLOC, LOAD, READONLY, CODE
 12 .fini         00000018  0000000000003118  0000000000003118  00003118  2**2
                  CONTENTS, ALLOC, LOAD, READONLY, CODE
 13 .rodata       00000a8e  0000000000003130  0000000000003130  00003130  2**3
                  CONTENTS, ALLOC, LOAD, READONLY, DATA
 14 .eh_frame_hdr 0000006c  0000000000003bc0  0000000000003bc0  00003bc0  2**2
                  CONTENTS, ALLOC, LOAD, READONLY, DATA
 15 .eh_frame     000001b8  0000000000003c30  0000000000003c30  00003c30  2**3
                  CONTENTS, ALLOC, LOAD, READONLY, DATA
 16 .note.ABI-tag 00000020  0000000000003de8  0000000000003de8  00003de8  2**2
                  CONTENTS, ALLOC, LOAD, READONLY, DATA
 17 .note.package 0000006c  0000000000003e08  0000000000003e08  00003e08  2**2
                  CONTENTS, ALLOC, LOAD, READONLY, DATA
 18 .init_array   00000008  000000000001fd80  000000000001fd80  0000fd80  2**3
                  CONTENTS, ALLOC, LOAD, DATA
 19 .fini_array   00000008  000000000001fd88  000000000001fd88  0000fd88  2**3
                  CONTENTS, ALLOC, LOAD, DATA
 20 .dynamic      000001f0  000000000001fd90  000000000001fd90  0000fd90  2**3
                  CONTENTS, ALLOC, LOAD, DATA
 21 .got          00000068  000000000001ff80  000000000001ff80  0000ff80  2**3
                  CONTENTS, ALLOC, LOAD, DATA
 22 .got.plt      000001e8  000000000001ffe8  000000000001ffe8  0000ffe8  2**3
                  CONTENTS, ALLOC, LOAD, DATA
 23 .data         00000218  00000000000201d0  00000000000201d0  000101d0  2**3
                  CONTENTS, ALLOC, LOAD, DATA
 24 .bss          00000060  00000000000203e8  00000000000203e8  000103e8  2**3
                  ALLOC
 25 .gnu_debugaltlink 0000005b  0000000000000000  0000000000000000  000103e8  2**0
                  CONTENTS, READONLY
SYMBOL TABLE:
no symbols


Contents of the .gnu_debugaltlink section:

  Separate debug info file: /usr/lib/debug/.dwz/aarch64-linux-gnu/binutils-aarch64-linux-gnu.debug
  Build-ID (0x14 bytes):
 ea f5 1d a3 21 0c bf 52 0c 7e e0 b8 c6 43 99 f9 b6 df d8 94

No .ctf section present

objdump: /usr/bin/addr2line: bad value
No .sframe section present

objdump: /usr/bin/addr2line: bad value
Contents of section .note.gnu.build-id:  (Starting at file offset: 0x270)
 0270 04000000 14000000 03000000 474e5500  ............GNU.
 0280 76f61cd6 2bb9234b b9c5eb00 3b6b765a  v...+.#K....;kvZ
 0290 de0d9317                             ....            
Contents of section .interp:  (Starting at file offset: 0x294)
 0294 2f6c6962 2f6c642d 6c696e75 782d6161  /lib/ld-linux-aa
 02a4 72636836 342e736f 2e3100             rch64.so.1.     
Contents of section .gnu.hash:  (Starting at file offset: 0x2b0)
 02b0 01000000 01000000 01000000 00000000  ................
 02c0 00000000 00000000 00000000           ............    
Contents of section .dynsym:  (Starting at file offset: 0x2d0)
 02d0 00000000 00000000 00000000 00000000  ................
 02e0 00000000 00000000 00000000 03000a00  ................
 02f0 b8150000 00000000 00000000 00000000  ................
 0300 00000000 03001800 d0010200 00000000  ................
 0310 00000000 00000000 10010000 12000000  ................
 0320 00000000 00000000 00000000 00000000  ................
 0330 08010000 12000000 00000000 00000000  ................
 0340 00000000 00000000 b3020000 12000000  ................
 0350 00000000 00000000 00000000 00000000  ................
 0360 0e020000 12000000 00000000 00000000  ................
 0370 00000000 00000000 f3000000 12000000  ................
 0380 00000000 00000000 00000000 00000000  ................
 0390 a2010000 12000000 00000000 00000000  ................
 03a0 00000000 00000000 fa010000 12000000  ................
 03b0 00000000 00000000 00000000 00000000  ................
 03c0 46000000 12000000 00000000 00000000  F...............
 03d0 00000000 00000000 01000000 20000000  ............ ...
 03e0 00000000 00000000 00000000 00000000  ................
 03f0 2f010000 12000000 00000000 00000000  /...............
 0400 00000000 00000000 d8000000 12000000  ................
 0410 00000000 00000000 00000000 00000000  ................
 0420 58000000 22000000 00000000 00000000  X..."...........
 0430 00000000 00000000 c5020000 12000000  ................
 0440 00000000 00000000 00000000 00000000  ................
 0450 c4020000 12000000 00000000 00000000  ................
 0460 00000000 00000000 2b020000 12000000  ........+.......
 0470 00000000 00000000 00000000 00000000  ................
 0480 59010000 11000000 00000000 00000000  Y...............
 0490 00000000 00000000 6e010000 12000000  ........n.......
 04a0 00000000 00000000 00000000 00000000  ................
 04b0 46010000 11000000 00000000 00000000  F...............
 04c0 00000000 00000000 17010000 12000000  ................
 04d0 00000000 00000000 00000000 00000000  ................
 04e0 cc000000 12000000 00000000 00000000  ................
 04f0 00000000 00000000 67010000 11000000  ........g.......
 0500 00000000 00000000 00000000 00000000  ................
 0510 ff000000 12000000 00000000 00000000  ................
 0520 00000000 00000000 ba000000 11000000  ................
 0530 00000000 00000000 00000000 00000000  ................
 0540 77000000 12000000 00000000 00000000  w...............
 0550 00000000 00000000 e0020000 12000000  ................
 0560 00000000 00000000 00000000 00000000  ................
 0570 af010000 11000000 00000000 00000000  ................
 0580 00000000 00000000 6e020000 12000000  ........n.......
 0590 00000000 00000000 00000000 00000000  ................
 05a0 de000000 12000000 00000000 00000000  ................
 05b0 00000000 00000000 86000000 12000000  ................
 05c0 00000000 00000000 00000000 00000000  ................
 05d0 1e010000 12000000 00000000 00000000  ................
 05e0 00000000 00000000 87020000 12000000  ................
 05f0 00000000 00000000 00000000 00000000  ................
 0600 26010000 12000000 00000000 00000000  &...............
 0610 00000000 00000000 d3010000 11000000  ................
 0620 00000000 00000000 00000000 00000000  ................
 0630 65020000 12000000 00000000 00000000  e...............
 0640 00000000 00000000 e9010000 12000000  ................
 0650 00000000 00000000 00000000 00000000  ................
 0660 1d000000 20000000 00000000 00000000  .... ...........
 0670 00000000 00000000 c7000000 12000000  ................
 0680 00000000 00000000 00000000 00000000  ................
 0690 d2000000 12000000 00000000 00000000  ................
 06a0 00000000 00000000 67000000 12000000  ........g.......
 06b0 00000000 00000000 00000000 00000000  ................
 06c0 09020000 12000000 00000000 00000000  ................
 06d0 00000000 00000000 7b000000 12000000  ........{.......
 06e0 00000000 00000000 00000000 00000000  ................
 06f0 4d010000 12000000 00000000 00000000  M...............
 0700 00000000 00000000 ac020000 12000000  ................
 0710 00000000 00000000 00000000 00000000  ................
 0720 e6000000 12000000 00000000 00000000  ................
 0730 00000000 00000000 fa000000 12000000  ................
 0740 00000000 00000000 00000000 00000000  ................
 0750 60010000 12000000 00000000 00000000  `...............
 0760 00000000 00000000 9f000000 12000000  ................
 0770 00000000 00000000 00000000 00000000  ................
 0780 ca020000 12000000 00000000 00000000  ................
 0790 00000000 00000000 cc010000 12000000  ................
 07a0 00000000 00000000 00000000 00000000  ................
 07b0 f9010000 12000000 00000000 00000000  ................
 07c0 00000000 00000000 df010000 12000000  ................
 07d0 00000000 00000000 00000000 00000000  ................
 07e0 89010000 12000000 00000000 00000000  ................
 07f0 00000000 00000000 7c020000 12000000  ........|.......
 0800 00000000 00000000 00000000 00000000  ................
 0810 ff010000 12000000 00000000 00000000  ................
 0820 00000000 00000000 78010000 12000000  ........x.......
 0830 00000000 00000000 00000000 00000000  ................
 0840 2c000000 20000000 00000000 00000000  ,... ...........
 0850 00000000 00000000 44020000 12000000  ........D.......
 0860 00000000 00000000 00000000 00000000  ................
 0870 9f020000 11000000 00000000 00000000  ................
 0880 00000000 00000000 d7020000 12000000  ................
 0890 00000000 00000000 00000000 00000000  ................
 08a0 d9020000 12000000 00000000 00000000  ................
 08b0 00000000 00000000 b6010000 12000000  ................
 08c0 00000000 00000000 00000000 00000000  ................
 08d0 54020000 12000000 00000000 00000000  T...............
 08e0 00000000 00000000 f1010000 12000000  ................
 08f0 00000000 00000000 00000000 00000000  ................
 0900 d8020000 12000000 00000000 00000000  ................
 0910 00000000 00000000 d9010000 12000000  ................
 0920 00000000 00000000 00000000 00000000  ................
 0930 6d000000 12000000 00000000 00000000  m...............
 0940 00000000 00000000 ec000000 12000000  ................
 0950 00000000 00000000 00000000 00000000  ................
Contents of section .dynstr:  (Starting at file offset: 0x960)
 0960 005f4954 4d5f6465 72656769 73746572  ._ITM_deregister
 0970 544d436c 6f6e6554 61626c65 005f5f67  TMCloneTable.__g
 0980 6d6f6e5f 73746172 745f5f00 5f49544d  mon_start__._ITM
 0990 5f726567 69737465 72544d43 6c6f6e65  _registerTMClone
 09a0 5461626c 65005f5f 6c696263 5f737461  Table.__libc_sta
 09b0 72745f6d 61696e00 5f5f6378 615f6669  rt_main.__cxa_fi
 09c0 6e616c69 7a650061 626f7274 00736574  nalize.abort.set
 09d0 6c6f6361 6c650062 696e6474 65787464  locale.bindtextd
 09e0 6f6d6169 6e00786d 616c6c6f 635f7365  omain.xmalloc_se
 09f0 745f7072 6f677261 6d5f6e61 6d650062  t_program_name.b
 0a00 66645f73 65745f65 72726f72 5f70726f  fd_set_error_pro
 0a10 6772616d 5f6e616d 65005f73 63685f69  gram_name._sch_i
 0a20 73746162 6c650073 74617400 666f7065  stable.stat.fope
 0a30 6e006673 65656b00 6674656c 6c00786d  n.fseek.ftell.xm
 0a40 616c6c6f 63006672 65616400 66657272  alloc.fread.ferr
 0a50 6f720073 74726c65 6e006672 65650078  or.strlen.free.x
 0a60 7265616c 6c6f6300 6d656d6d 6f766500  realloc.memmove.
 0a70 6d656d63 70790066 636c6f73 65007873  memcpy.fclose.xs
 0a80 74726475 70006266 645f696e 69740062  trdup.bfd_init.b
 0a90 66645f73 65745f64 65666175 6c745f74  fd_set_default_t
 0aa0 61726765 74006f70 74617267 00676574  arget.optarg.get
 0ab0 6f70745f 6c6f6e67 00737464 65727200  opt_long.stderr.
 0ac0 73747263 6872006f 7074696e 64006266  strchr.optind.bf
 0ad0 645f6f70 656e7200 6266645f 63686563  d_openr.bfd_chec
 0ae0 6b5f666f 726d6174 00626664 5f636865  k_format.bfd_che
 0af0 636b5f66 6f726d61 745f6d61 74636865  ck_format_matche
 0b00 73006266 645f7363 616e5f76 6d610073  s.bfd_scan_vma.s
 0b10 74646f75 74006266 645f6d61 705f6f76  tdout.bfd_map_ov
 0b20 65725f73 65637469 6f6e7300 66666c75  er_sections.fflu
 0b30 73680073 7464696e 00666765 74730062  sh.stdin.fgets.b
 0b40 66645f63 6c6f7365 00737472 72636872  fd_close.strrchr
 0b50 00707574 63686172 00786578 69740064  .putchar.xexit.d
 0b60 63676574 74657874 00707574 73006370  cgettext.puts.cp
 0b70 6c75735f 64656d61 6e676c65 5f6e616d  lus_demangle_nam
 0b80 655f746f 5f737479 6c650063 706c7573  e_to_style.cplus
 0b90 5f64656d 616e676c 655f7365 745f7374  _demangle_set_st
 0ba0 796c6500 6266645f 66707269 6e74665f  yle.bfd_fprintf_
 0bb0 766d6100 5f5f6572 726e6f5f 6c6f6361  vma.__errno_loca
 0bc0 74696f6e 00737472 6572726f 72006266  tion.strerror.bf
 0bd0 645f6765 745f6572 726f7200 6266645f  d_get_error.bfd_
 0be0 6572726d 73670062 66645f67 65745f73  errmsg.bfd_get_s
 0bf0 65637469 6f6e5f62 795f6e61 6d65005f  ection_by_name._
 0c00 7363685f 746f7570 70657200 73747263  sch_toupper.strc
 0c10 6d70005f 5f69736f 6332335f 73747274  mp.__isoc23_strt
 0c20 6f756c00 66707574 63006266 645f6465  oul.fputc.bfd_de
 0c30 6d616e67 6c650076 66707269 6e746600  mangle.vfprintf.
 0c40 6266645f 74617267 65745f6c 69737400  bfd_target_list.
 0c50 6c696262 66642d32 2e34342d 73797374  libbfd-2.44-syst
 0c60 656d2e73 6f006c69 62632e73 6f2e3600  em.so.libc.so.6.
 0c70 474c4942 435f322e 33330047 4c494243  GLIBC_2.33.GLIBC
 0c80 5f322e33 3400474c 4942435f 322e3338  _2.34.GLIBC_2.38
 0c90 00474c49 42435f32 2e313700           .GLIBC_2.17.    
Contents of section .gnu.version:  (Starting at file offset: 0xc9c)
 0c9c 00000000 00000200 02000300 01000200  ................
 0cac 01000200 04000100 01000200 02000200  ................
 0cbc 02000100 02000100 02000200 02000200  ................
 0ccc 01000100 02000100 02000100 01000100  ................
 0cdc 01000100 01000200 02000200 01000500  ................
 0cec 02000200 02000200 02000200 02000200  ................
 0cfc 02000100 01000200 01000100 01000100  ................
 0d0c 02000100 01000100 01000200 02000100  ................
 0d1c 02000200 02000200 02000200           ............    
Contents of section .gnu.version_r:  (Starting at file offset: 0xd28)
 0d28 01000400 06030000 10000000 00000000  ................
 0d38 b3919606 00000500 10030000 10000000  ................
 0d48 b4919606 00000400 1b030000 10000000  ................
 0d58 b8919606 00000300 26030000 10000000  ........&.......
 0d68 97919606 00000200 31030000 00000000  ........1.......
Contents of section .rela.dyn:  (Starting at file offset: 0xd78)
 0d78 80fd0100 00000000 03040000 00000000  ................
 0d88 601e0000 00000000 88fd0100 00000000  `...............
 0d98 03040000 00000000 0c1e0000 00000000  ................
 0da8 d0ff0100 00000000 03040000 00000000  ................
 0db8 801e0000 00000000 d8010200 00000000  ................
 0dc8 03040000 00000000 d8010200 00000000  ................
 0dd8 e8010200 00000000 03040000 00000000  ................
 0de8 003a0000 00000000 08020200 00000000  .:..............
 0df8 03040000 00000000 103a0000 00000000  .........:......
 0e08 28020200 00000000 03040000 00000000  (...............
 0e18 203a0000 00000000 48020200 00000000   :......H.......
 0e28 03040000 00000000 303a0000 00000000  ........0:......
 0e38 68020200 00000000 03040000 00000000  h...............
 0e48 383a0000 00000000 88020200 00000000  8:..............
 0e58 03040000 00000000 483a0000 00000000  ........H:......
 0e68 a8020200 00000000 03040000 00000000  ................
 0e78 503a0000 00000000 c8020200 00000000  P:..............
 0e88 03040000 00000000 603a0000 00000000  ........`:......
 0e98 e8020200 00000000 03040000 00000000  ................
 0ea8 703a0000 00000000 08030200 00000000  p:..............
 0eb8 03040000 00000000 803a0000 00000000  .........:......
 0ec8 28030200 00000000 03040000 00000000  (...............
 0ed8 983a0000 00000000 48030200 00000000  .:......H.......
 0ee8 03040000 00000000 b03a0000 00000000  .........:......
 0ef8 68030200 00000000 03040000 00000000  h...............
 0f08 b83a0000 00000000 88030200 00000000  .:..............
 0f18 03040000 00000000 c03a0000 00000000  .........:......
 0f28 a8030200 00000000 03040000 00000000  ................
 0f38 c83a0000 00000000 88ff0100 00000000  .:..............
 0f48 01040000 0b000000 00000000 00000000  ................
 0f58 90ff0100 00000000 01040000 0e000000  ................
 0f68 00000000 00000000 98ff0100 00000000  ................
 0f78 01040000 12000000 00000000 00000000  ................
 0f88 a0ff0100 00000000 01040000 14000000  ................
 0f98 00000000 00000000 a8ff0100 00000000  ................
 0fa8 01040000 17000000 00000000 00000000  ................
 0fb8 b0ff0100 00000000 01040000 19000000  ................
 0fc8 00000000 00000000 b8ff0100 00000000  ................
 0fd8 01040000 1c000000 00000000 00000000  ................
 0fe8 c0ff0100 00000000 01040000 23000000  ............#...
 0ff8 00000000 00000000 c8ff0100 00000000  ................
 1008 01040000 26000000 00000000 00000000  ....&...........
 1018 d8ff0100 00000000 01040000 3a000000  ............:...
 1028 00000000 00000000 e0ff0100 00000000  ................
 1038 01040000 3c000000 00000000 00000000  ....<...........
Contents of section .rela.plt:  (Starting at file offset: 0x1048)
 1048 00000200 00000000 02040000 03000000  ................
 1058 00000000 00000000 08000200 00000000  ................
 1068 02040000 04000000 00000000 00000000  ................
 1078 10000200 00000000 02040000 05000000  ................
 1088 00000000 00000000 18000200 00000000  ................
 1098 02040000 06000000 00000000 00000000  ................
 10a8 20000200 00000000 02040000 07000000   ...............
 10b8 00000000 00000000 28000200 00000000  ........(.......
 10c8 02040000 08000000 00000000 00000000  ................
 10d8 30000200 00000000 02040000 09000000  0...............
 10e8 00000000 00000000 38000200 00000000  ........8.......
 10f8 02040000 0a000000 00000000 00000000  ................
 1108 40000200 00000000 02040000 0c000000  @...............
 1118 00000000 00000000 48000200 00000000  ........H.......
 1128 02040000 0d000000 00000000 00000000  ................
 1138 50000200 00000000 02040000 0e000000  P...............
 1148 00000000 00000000 58000200 00000000  ........X.......
 1158 02040000 0f000000 00000000 00000000  ................
 1168 60000200 00000000 02040000 10000000  `...............
 1178 00000000 00000000 68000200 00000000  ........h.......
 1188 02040000 11000000 00000000 00000000  ................
 1198 70000200 00000000 02040000 13000000  p...............
 11a8 00000000 00000000 78000200 00000000  ........x.......
 11b8 02040000 15000000 00000000 00000000  ................
 11c8 80000200 00000000 02040000 16000000  ................
 11d8 00000000 00000000 88000200 00000000  ................
 11e8 02040000 18000000 00000000 00000000  ................
 11f8 90000200 00000000 02040000 1a000000  ................
 1208 00000000 00000000 98000200 00000000  ................
 1218 02040000 1b000000 00000000 00000000  ................
 1228 a0000200 00000000 02040000 1d000000  ................
 1238 00000000 00000000 a8000200 00000000  ................
 1248 02040000 1e000000 00000000 00000000  ................
 1258 b0000200 00000000 02040000 1f000000  ................
 1268 00000000 00000000 b8000200 00000000  ................
 1278 02040000 20000000 00000000 00000000  .... ...........
 1288 c0000200 00000000 02040000 21000000  ............!...
 1298 00000000 00000000 c8000200 00000000  ................
 12a8 02040000 22000000 00000000 00000000  ...."...........
 12b8 d0000200 00000000 02040000 24000000  ............$...
 12c8 00000000 00000000 d8000200 00000000  ................
 12d8 02040000 25000000 00000000 00000000  ....%...........
 12e8 e0000200 00000000 02040000 26000000  ............&...
 12f8 00000000 00000000 e8000200 00000000  ................
 1308 02040000 27000000 00000000 00000000  ....'...........
 1318 f0000200 00000000 02040000 28000000  ............(...
 1328 00000000 00000000 f8000200 00000000  ................
 1338 02040000 29000000 00000000 00000000  ....)...........
 1348 00010200 00000000 02040000 2a000000  ............*...
 1358 00000000 00000000 08010200 00000000  ................
 1368 02040000 2b000000 00000000 00000000  ....+...........
 1378 10010200 00000000 02040000 2c000000  ............,...
 1388 00000000 00000000 18010200 00000000  ................
 1398 02040000 2d000000 00000000 00000000  ....-...........
 13a8 20010200 00000000 02040000 2e000000   ...............
 13b8 00000000 00000000 28010200 00000000  ........(.......
 13c8 02040000 2f000000 00000000 00000000  ..../...........
 13d8 30010200 00000000 02040000 30000000  0...........0...
 13e8 00000000 00000000 38010200 00000000  ........8.......
 13f8 02040000 31000000 00000000 00000000  ....1...........
 1408 40010200 00000000 02040000 32000000  @...........2...
 1418 00000000 00000000 48010200 00000000  ........H.......
 1428 02040000 33000000 00000000 00000000  ....3...........
 1438 50010200 00000000 02040000 34000000  P...........4...
 1448 00000000 00000000 58010200 00000000  ........X.......
 1458 02040000 35000000 00000000 00000000  ....5...........
 1468 60010200 00000000 02040000 36000000  `...........6...
 1478 00000000 00000000 68010200 00000000  ........h.......
 1488 02040000 37000000 00000000 00000000  ....7...........
 1498 70010200 00000000 02040000 38000000  p...........8...
 14a8 00000000 00000000 78010200 00000000  ........x.......
 14b8 02040000 39000000 00000000 00000000  ....9...........
 14c8 80010200 00000000 02040000 3b000000  ............;...
 14d8 00000000 00000000 88010200 00000000  ................
 14e8 02040000 3d000000 00000000 00000000  ....=...........
 14f8 90010200 00000000 02040000 3e000000  ............>...
 1508 00000000 00000000 98010200 00000000  ................
 1518 02040000 3f000000 00000000 00000000  ....?...........
 1528 a0010200 00000000 02040000 40000000  ............@...
 1538 00000000 00000000 a8010200 00000000  ................
 1548 02040000 41000000 00000000 00000000  ....A...........
 1558 b0010200 00000000 02040000 42000000  ............B...
 1568 00000000 00000000 b8010200 00000000  ................
 1578 02040000 43000000 00000000 00000000  ....C...........
 1588 c0010200 00000000 02040000 44000000  ............D...
 1598 00000000 00000000 c8010200 00000000  ................
 15a8 02040000 45000000 00000000 00000000  ....E...........
Contents of section .init:  (Starting at file offset: 0x15b8)
 15b8 3f2303d5 fd7bbfa9 fd030091 ec010094  ?#...{..........
 15c8 fd7bc1a8 bf2303d5 c0035fd6           .{...#...._.    
Contents of section .plt:  (Starting at file offset: 0x15e0)
 15e0 f07bbfa9 f00000d0 11fe47f9 10e23f91  .{........G...?.
 15f0 20021fd6 1f2003d5 1f2003d5 1f2003d5   .... ... ... ..
 1600 f00000f0 110240f9 10020091 20021fd6  ......@..... ...
 1610 f00000f0 110640f9 10220091 20021fd6  ......@..".. ...
 1620 f00000f0 110a40f9 10420091 20021fd6  ......@..B.. ...
 1630 f00000f0 110e40f9 10620091 20021fd6  ......@..b.. ...
 1640 f00000f0 111240f9 10820091 20021fd6  ......@..... ...
 1650 f00000f0 111640f9 10a20091 20021fd6  ......@..... ...
 1660 f00000f0 111a40f9 10c20091 20021fd6  ......@..... ...
 1670 f00000f0 111e40f9 10e20091 20021fd6  ......@..... ...
 1680 f00000f0 112240f9 10020191 20021fd6  ....."@..... ...
 1690 f00000f0 112640f9 10220191 20021fd6  .....&@..".. ...
 16a0 f00000f0 112a40f9 10420191 20021fd6  .....*@..B.. ...
 16b0 f00000f0 112e40f9 10620191 20021fd6  ......@..b.. ...
 16c0 f00000f0 113240f9 10820191 20021fd6  .....2@..... ...
 16d0 f00000f0 113640f9 10a20191 20021fd6  .....6@..... ...
 16e0 f00000f0 113a40f9 10c20191 20021fd6  .....:@..... ...
 16f0 f00000f0 113e40f9 10e20191 20021fd6  .....>@..... ...
 1700 f00000f0 114240f9 10020291 20021fd6  .....B@..... ...
 1710 f00000f0 114640f9 10220291 20021fd6  .....F@..".. ...
 1720 f00000f0 114a40f9 10420291 20021fd6  .....J@..B.. ...
 1730 f00000f0 114e40f9 10620291 20021fd6  .....N@..b.. ...
 1740 f00000f0 115240f9 10820291 20021fd6  .....R@..... ...
 1750 f00000f0 115640f9 10a20291 20021fd6  .....V@..... ...
 1760 f00000f0 115a40f9 10c20291 20021fd6  .....Z@..... ...
 1770 f00000f0 115e40f9 10e20291 20021fd6  .....^@..... ...
 1780 f00000f0 116240f9 10020391 20021fd6  .....b@..... ...
 1790 f00000f0 116640f9 10220391 20021fd6  .....f@..".. ...
 17a0 f00000f0 116a40f9 10420391 20021fd6  .....j@..B.. ...
 17b0 f00000f0 116e40f9 10620391 20021fd6  .....n@..b.. ...
 17c0 f00000f0 117240f9 10820391 20021fd6  .....r@..... ...
 17d0 f00000f0 117640f9 10a20391 20021fd6  .....v@..... ...
 17e0 f00000f0 117a40f9 10c20391 20021fd6  .....z@..... ...
 17f0 f00000f0 117e40f9 10e20391 20021fd6  .....~@..... ...
 1800 f00000f0 118240f9 10020491 20021fd6  ......@..... ...
 1810 f00000f0 118640f9 10220491 20021fd6  ......@..".. ...
 1820 f00000f0 118a40f9 10420491 20021fd6  ......@..B.. ...
 1830 f00000f0 118e40f9 10620491 20021fd6  ......@..b.. ...
 1840 f00000f0 119240f9 10820491 20021fd6  ......@..... ...
 1850 f00000f0 119640f9 10a20491 20021fd6  ......@..... ...
 1860 f00000f0 119a40f9 10c20491 20021fd6  ......@..... ...
 1870 f00000f0 119e40f9 10e20491 20021fd6  ......@..... ...
 1880 f00000f0 11a240f9 10020591 20021fd6  ......@..... ...
 1890 f00000f0 11a640f9 10220591 20021fd6  ......@..".. ...
 18a0 f00000f0 11aa40f9 10420591 20021fd6  ......@..B.. ...
 18b0 f00000f0 11ae40f9 10620591 20021fd6  ......@..b.. ...
 18c0 f00000f0 11b240f9 10820591 20021fd6  ......@..... ...
 18d0 f00000f0 11b640f9 10a20591 20021fd6  ......@..... ...
 18e0 f00000f0 11ba40f9 10c20591 20021fd6  ......@..... ...
 18f0 f00000f0 11be40f9 10e20591 20021fd6  ......@..... ...
 1900 f00000f0 11c240f9 10020691 20021fd6  ......@..... ...
 1910 f00000f0 11c640f9 10220691 20021fd6  ......@..".. ...
 1920 f00000f0 11ca40f9 10420691 20021fd6  ......@..B.. ...
 1930 f00000f0 11ce40f9 10620691 20021fd6  ......@..b.. ...
 1940 f00000f0 11d240f9 10820691 20021fd6  ......@..... ...
 1950 f00000f0 11d640f9 10a20691 20021fd6  ......@..... ...
 1960 f00000f0 11da40f9 10c20691 20021fd6  ......@..... ...
 1970 f00000f0 11de40f9 10e20691 20021fd6  ......@..... ...
 1980 f00000f0 11e240f9 10020791 20021fd6  ......@..... ...
 1990 f00000f0 11e640f9 10220791 20021fd6  ......@..".. ...
Contents of section .text:  (Starting at file offset: 0x19c0)
 19c0 fd7bbca9 a2008052 fd030091 f55b02a9  .{.....R.....[..
 19d0 f50000f0 f35301a9 f30300aa f403012a  .....S.........*
 19e0 000080d2 010000d0 21801691 f71b00f9  ........!.......
 19f0 bcffff97 e10300aa a2fa41f9 e00313aa  ..........A.....
 1a00 d8ffff97 a2008052 010000d0 000080d2  .......R........
 1a10 21201791 b3ffff97 e10300aa e00313aa  ! ..............
 1a20 d0ffff97 a2008052 010000d0 000080d2  .......R........
 1a30 21001891 abffff97 e10300aa e00313aa  !...............
 1a40 c8ffff97 a2008052 010000d0 000080d2  .......R........
 1a50 21601991 a3ffff97 e10300aa e00313aa  !`..............
 1a60 c0ffff97 b5fa41f9 550100b5 a2008052  ......A.U......R
 1a70 010000d0 000080d2 21402691 99ffff97  ........!@&.....
 1a80 e10300aa e00313aa b6ffff97 0a000014  ................
 1a90 a2008052 010000d0 000080d2 21a02691  ...R........!.&.
 1aa0 90ffff97 e10300aa e20315aa e00313aa  ................
 1ab0 acffff97 1fffff97 160000d0 f50300aa  ................
 1ac0 f70300aa d6421091 e28640f8 a20000b4  .....B....@.....
 1ad0 e10316aa e00313aa a2ffff97 fbffff17  ................
 1ae0 e10313aa 40018052 f6feff97 e00315aa  ....@..R........
 1af0 58ffff97 74010035 a2008052 010000d0  X...t..5...R....
 1b00 000080d2 21002791 76ffff97 e10300aa  ....!.'.v.......
 1b10 020000d0 e00313aa 42602791 91ffff97  ........B`'.....
 1b20 e003142a cffeff97 1f2003d5 1f2003d5  ...*..... ... ..
 1b30 1f2003d5 1f2003d5 1f2003d5 1f2003d5  . ... ... ... ..
 1b40 fd7bafa9 ea068012 e90f8012 fd030091  .{..............
 1b50 eb430391 e8430491 e82303a9 e8430091  .C...C...#...C..
 1b60 eb2300f9 ea270929 e18b0da9 e10308aa  .#...'.)........
 1b70 feff41ad e3930ea9 e59b0fa9 e78700f9  ..A.............
 1b80 fe07803d e08702ad e28f03ad e49704ad  ...=............
 1b90 e69f05ad 1f05803d 23000094 fd7bd1a8  .......=#....{..
 1ba0 c0035fd6 fd7bbea9 fd030091 f30b00f9  .._..{..........
 1bb0 f30000f0 73c20f91 63e24039 83000036  ....s...c.@9...6
 1bc0 f30b40f9 fd7bc2a8 c0035fd6 232440b9  ..@..{...._.#$@.
 1bd0 e20301aa 63ff0736 231840f9 651a40f9  ....c..6#.@.e.@.
 1be0 7f0005eb e8feff54 242040f9 6400048b  .......T$ @.d...
 1bf0 bf0004eb 62feff54 040440f9 a30003cb  ....b..T..@.....
 1c00 611640f9 67f20091 881c41f9 66020191  a.@.g.....A.f...
 1c10 65220191 64420191 00013fd6 60e20039  e"..dB....?.`..9
 1c20 e8ffff17 fd7bbba9 e20000d0 42dc47f9  .....{......B.G.
 1c30 fd030091 f35301a9 f40301aa f51300f9  .....S..........
 1c40 f50300aa 400040f9 f30000d0 73ce47f9  ....@.@.....s.G.
 1c50 10ffff97 e00000f0 010000d0 21601691  ............!`..
 1c60 02f841f9 600240f9 3effff97 9e7e40ad  ..A.`.@.>....~@.
 1c70 e2c30091 600240f9 e10315aa fe0f803d  ....`.@........=
 1c80 5f04803d 23ffff97 40018052 610240f9  _..=#...@..Ra.@.
 1c90 f51340f9 f35341a9 fd7bc5a8 85feff17  ..@..SA..{......
 1ca0 fd7bafa9 ea068012 e90f8012 fd030091  .{..............
 1cb0 e8430491 eb430391 e82303a9 e8430091  .C...C...#...C..
 1cc0 eb2300f9 ea270929 e18b0da9 e10308aa  .#...'.)........
 1cd0 feff41ad e3930ea9 e59b0fa9 e78700f9  ..A.............
 1ce0 fe07803d e08702ad e28f03ad e49704ad  ...=............
 1cf0 e69f05ad 1f05803d cbffff97 20008052  .......=.... ..R
 1d00 e8feff97 1f2003d5 1f2003d5 1f2003d5  ..... ... ... ..
 1d10 1f2003d5 1f2003d5 1f2003d5 1f2003d5  . ... ... ... ..
 1d20 1f2003d5 1f2003d5 1f2003d5 1f2003d5  . ... ... ... ..
 1d30 1f2003d5 1f2003d5 1f2003d5 1f2003d5  . ... ... ... ..
 1d40 5f2403d5 1d0080d2 1e0080d2 e50300aa  _$..............
 1d50 e10340f9 e2230091 e6030091 e00000d0  ..@..#..........
 1d60 00e847f9 030080d2 040080d2 41feff97  ..G.........A...
 1d70 a0feff97 e00000d0 00e447f9 400000b4  ..........G.@...
 1d80 90feff17 c0035fd6 1f2003d5 1f2003d5  ......_.. ... ..
 1d90 1f2003d5 1f2003d5 1f2003d5 1f2003d5  . ... ... ... ..
 1da0 e00000f0 00a00f91 e10000f0 21a00f91  ............!...
 1db0 3f0000eb c0000054 e10000d0 21c447f9  ?......T....!.G.
 1dc0 610000b4 f00301aa 00021fd6 c0035fd6  a............._.
 1dd0 e00000f0 00a00f91 e10000f0 21a00f91  ............!...
 1de0 210000cb 22fc7fd3 410c818b 21fc4193  !..."...A...!.A.
 1df0 c10000b4 e20000d0 42ec47f9 620000b4  ........B.G.b...
 1e00 f00302aa 00021fd6 c0035fd6 3f2303d5  .........._.?#..
 1e10 fd7bbea9 fd030091 f30b00f9 f30000f0  .{..............
 1e20 60a24f39 40010037 e00000d0 00c847f9  `.O9@..7......G.
 1e30 800000b4 e00000f0 00ec40f9 19feff97  ..........@.....
 1e40 d8ffff97 20008052 60a20f39 f30b40f9  .... ..R`..9..@.
 1e50 fd7bc2a8 bf2303d5 c0035fd6 1f2003d5  .{...#...._.. ..
 1e60 5f2403d5 dbffff17 1f2003d5 1f2003d5  _$....... ... ..
 1e70 1f2003d5 1f2003d5 1f2003d5 1f2003d5  . ... ... ... ..
 1e80 fd7baaa9 fd030091 f35301a9 130000d0  .{.......S......
 1e90 73021791 f40301aa f55b02a9 f76303a9  s........[...c..
 1ea0 f703002a a0008052 f96b04a9 fb7305a9  ...*...R.k...s..
 1eb0 e16300f9 e10313aa b2feff97 e10313aa  .c..............
 1ec0 00008052 affeff97 130000d0 010000d0  ...R............
 1ed0 21200591 73820591 e00313aa 11feff97  ! ..s...........
 1ee0 e00313aa 4bfeff97 800240f9 e10000f0  ....K.....@.....
 1ef0 20f801f9 1bfeff97 e00000f0 00f841f9   .............A.
 1f00 5cfeff97 f46340f9 ff060071 8d1b0054  \....c@....q...T
 1f10 f46340f9 e0830391 fb0000d0 7bdb47f9  .c@.........{.G.
 1f20 18fa8052 33008052 ff7b00b9 e04300f9  ...R3..R.{...C..
 1f30 757e7d93 607e4093 e03b00f9 8002158b  u~}.`~@..;......
 1f40 e03700f9 806a75f8 01004039 3f000171  .7...ju...@9?..q
 1f50 01190054 18070071 00490054 e14340f9  ...T...q.I.T.C@.
 1f60 16040091 e00316aa 1afeff97 2018f837  ............ ..7
 1f70 e0f340b9 000c1412 1f104071 00490054  ..@.......@q.I.T
 1f80 e00316aa 010000d0 21400791 ddfdff97  ........!@......
 1f90 f60300aa e01600b4 42008052 010080d2  ........B..R....
 1fa0 10feff97 1f040031 e01a0054 e00316aa  .......1...T....
 1fb0 b8fdff97 fa0300aa 1f0400b1 401a0054  ............@..T
 1fc0 e00316aa 02008052 010080d2 05feff97  .......R........
 1fd0 1f040031 80190054 40070091 ddfdff97  ...1...T@.......
 1fe0 e30316aa e2031aaa fc0300aa 210080d2  ............!...
 1ff0 e05700f9 13feff97 f90300aa 5f0300eb  .W.........._...
 2000 e03a0054 e00316aa 62feff97 80170035  .:.T....b......5
 2010 e05740f9 fa0300aa 1f683938 e0031aaa  .W@......h98....
 2020 88fdff97 00040091 cafdff97 1c0080d2  ................
 2030 09008052 0b008052 07008052 0a008052  ...R...R...R...R
 2040 19008052 e05b00f9 40034039 60db6078  ...R.[..@.@9`.`x
 2050 e0003036 1f2003d5 1f2003d5 1f2003d5  ..06. ... ... ..
 2060 411f4038 61db6178 c1ff3737 6c7d7dd3  A.@8a.ax..77l}}.
 2070 49080034 20050051 8d030c8b 1f000b6b  I..4 ..Q.......k
 2080 cd070054 43034039 c3090035 bf0100f9  ...TC.@9...5....
 2090 41034039 60db6178 a0003036 1f2003d5  A.@9`.ax..06. ..
 20a0 411f4038 63db6178 c3ff3737 e1fcff35  A.@8c.ax..77...5
 20b0 e05b40f9 e7fdff97 e06340f9 1f0014eb  .[@......c@.....
 20c0 00390054 800340f9 e03c00b4 1a0080d2  .9.T..@..<......
 20d0 5a070091 807b7af8 c0ffffb5 40f37dd3  Z....{z.....@.}.
 20e0 e04700f9 e03740f9 000040f9 d9fdff97  .G...7@...@.....
 20f0 e17e4093 e00314aa 21040091 21001a8b  .~@.....!...!...
 2100 21f07dd3 83fdff97 e13b40f9 e202134b  !.}......;@....K
 2110 f40300aa f7060051 39001a8b a1220091  .......Q9...."..
 2120 42f07dd3 8102018b 000c198b 39fdff97  B.}.........9...
 2130 e24740f9 e1031caa 8002158b f7021a0b  .G@.............
 2140 30fdff97 e0031caa c2fdff97 e05740f9  0............W@.
 2150 c0fdff97 e00316aa 66fdff97 f37b40b9  ........f....{@.
 2160 60060011 1f00176b aa080054 f37b00b9  `......k...T.{..
 2170 f303002a 6fffff17 dc1200b4 29791f53  ...*o.......)y.S
 2180 e0031caa e98b00b9 217d7d93 eb2b1229  ........!}}..+.)
 2190 e79b00b9 ec5300f9 5efdff97 ec5340f9  .....S..^....S@.
 21a0 fc0300aa eb2b5229 0d000c8b 1f682cf8  .....+R).....h,.
 21b0 e98b40b9 43034039 e79b40b9 83f6ff34  ..@.C.@9..@....4
 21c0 e55b40f9 60db6378 80003036 20030a2a  .[@.`.cx..06 ..*
 21d0 0000072a e0090034 47010034 7f280071  ...*...4G..4.(.q
 21e0 200d0054 a3140038 431f4038 032a0034   ..T...8C.@8.*.4
 21f0 60db6378 60003036 27030a2a c7080034  `.cx`.06'..*...4
 2200 41074039 7f700171 c0080054 990c0034  A.@9.p.q...T...4
 2210 7f9c0071 c10b0054 07008052 19008052  ...q...T...R...R
 2220 431f4038 03fdff35 e05b40f9 bf000039  C.@8...5.[@....9
 2230 e98b00b9 eb2b1229 e79b00b9 ed5300f9  .....+.).....S..
 2240 ec5f00f9 4bfdff97 ed5340f9 ec5f40f9  ._..K....S@.._@.
 2250 eb2b5229 8c210091 e98b40b9 e79b40b9  .+R).!....@...@.
 2260 6b050011 a00100f9 8d030c8b 88ffff17  k...............
 2270 60060011 ff02006b acf7ff54 45fdff97  `......k...TE...
 2280 1f400471 e1310054 130000b0 73220891  .@.q.1.T....s"..
 2290 e00313aa fbfcff97 00440036 fa0000b0  .........D.6....
 22a0 5ad347f9 f80000d0 130000b0 18a30791  Z.G.............
 22b0 73e20e91 190080d2 150080d2 160080d2  s...............
 22c0 e30318aa e20313aa e10314aa e003172a  ...............*
 22d0 040080d2 53fdff97 1f040031 80090054  ....S......1...T
 22e0 1fd80171 09210054 e00000b0 00cc47f9  ...q.!.T......G.
 22f0 21008052 000040f9 b2fdff97 e0031caa  !..R..@.........
 2300 54fdff97 e00316aa fafcff97 95ffff17  T...............
 2310 07008052 0a008052 19008052 c3ffff17  ...R...R...R....
 2320 79030035 e38b00b9 27008052 aaf7ff34  y..5....'..R...4
 2330 000000b0 00600791 e92f1229 ea9b00b9  .....`.../.)....
 2340 e55300f9 ed5f00f9 ec6700f9 45fdff97  .S..._...g..E...
 2350 ea9b40b9 e55340f9 e7030a2a ed5f40f9  ..@..S@....*._@.
 2360 ec6740f9 e38b40b9 e92f5229 a0f5ffb5  .g@...@../R)....
 2370 07008052 2a008052 19008052 a3140038  ...R*..R...R...8
 2380 a8ffff17 07008052 a6ffff17 07008052  .......R.......R
 2390 39008052 a3140038 a2ffff17 ca000034  9..R...8.......4
 23a0 7f880071 61feff54 07008052 0a008052  ...qa..T...R...R
 23b0 9cffff17 07008052 7f9c0071 40020054  .......R...q@..T
 23c0 7f880071 001b0054 a3140038 95ffff17  ...q...T...8....
 23d0 000880d2 eb8b00b9 ea1f1229 ec4f00f9  ...........).O..
 23e0 dcfcff97 ec4f40f9 fc0300aa ea1f5229  .....O@.......R)
 23f0 0d000c8b eb8b40b9 09018052 1f682cf8  ......@....R.h,.
 2400 21ffff17 39008052 86ffff17 163800b4  !...9..R.....8..
 2410 e20000b0 42d447f9 e00000d0 03c00f91  ....B.G.........
 2420 f8830391 e00316aa e10318aa 420040b9  ............B.@.
 2430 f702024b 771800b9 82ce228b 620800f9  ...Kw.....".b...
 2440 e4fcff97 c033f837 e0f340b9 000c1412  .....3.7..@.....
 2450 1f104071 20320054 1f204071 414e0054  ..@q 2.T. @qAN.T
 2460 e08b40f9 1f0000f1 0b4c0054 40320054  ..@......L.T@2.T
 2470 e10319aa e00316aa 9afcff97 f30300aa  ................
 2480 804100b4 024440b9 41008052 42001132  .A...D@.A..RB..2
 2490 024400b9 17fdff97 171c0012 e03d0037  .D...........=.7
 24a0 e2630391 e00313aa 21008052 05fdff97  .c......!..R....
 24b0 141c0012 00390036 353800b5 604640b9  .....9.658..`F@.
 24c0 c0032036 610640f9 e00313aa 21f840f9  .. 6a.@.....!.@.
 24d0 20003fd6 1f0000f1 a03400b4 ab4e0054   .?......4...N.T
 24e0 9cfcff97 620640f9 e10000d0 34c00f91  ....b.@.....4...
 24f0 e10300aa e00313aa 42fc40f9 811600f9  ........B.@.....
 2500 40003fd6 801200f9 4035f8b7 e00000d0  @.?.....@5......
 2510 14c00f91 801240f9 1f0000f1 e00a407a  ......@.......@z
 2520 60290054 e00000d0 14c00f91 801240f9  `).T..........@.
 2530 1f0000f1 2d1d0054 e00000d0 00c00f91  ....-..T........
 2540 f70000b0 f7da47f9 140000b0 161840b9  ......G.......@.
 2550 94221591 d60a0034 e00000d0 00c00f91  .".....4........
 2560 011840b9 3f000071 0d0b0054 020840f9  ..@.?..q...T..@.
 2570 21040051 011800b9 41200091 010800f9  !..Q....A ......
 2580 590040f9 e30319aa 61004039 62004039  Y.@.....a.@9b.@9
 2590 e07a6178 60393037 80391036 e00319aa  .zax`907.9.6....
 25a0 02028052 010080d2 2afcff97 610640f9  ...R....*...a.@.
 25b0 e20000d0 43c00f91 220840b9 601800f9  ....C...".@.`...
 25c0 5f140071 01020054 21bc41f9 220080d2  _..q...T!.A."...
 25d0 25a441f9 24f843b9 a1284039 9f0078f2  %.A.$.C..(@9..x.
 25e0 21040051 4220c19a 41f87fd3 210400d1  !..QB ..A...!...
 25f0 2000008a 410000ca 210002cb 2010809a   ...A...!... ...
 2600 601800f9 e00000d0 1ac00f91 40234039  `...........@#@9
 2610 c01d0037 f90000b0 39df47f9 e00000d0  ...7....9.G.....
 2620 1ac00f91 5fe30039 354800b5 e1fffff0  ...._..95H......
 2630 e00313aa 21902e91 020080d2 bdfcff97  ....!...........
 2640 e00000d0 1bc00f91 1a0000b0 60e34039  ............`.@9
 2650 20470036 5ca31491 602f4039 c0090037   G.6\...`/@9...7
 2660 602b4039 622b40f9 20080037 823f00b4  `+@9b+@. ..7.?..
 2670 e10302aa e0031caa aafcff97 614340b9  ............aC@.
 2680 01170034 623f40b9 42160035 e00314aa  ...4b?@.B..5....
 2690 a4fcff97 60374039 601b0037 7fe30039  ....`7@9`..7...9
 26a0 200340f9 7bfcff97 abffff17 e20000b0   .@.{...........
 26b0 42e047f9 e00318aa 810c8052 420040f9  B.G........RB.@.
 26c0 acfcff97 403300b5 e00000d0 1cc00f91  ....@3..........
 26d0 801740f9 5ffcff97 9f1700f9 e00313aa  ..@._...........
 26e0 74fcff97 00008052 f35341a9 f55b42a9  t......R.SA..[B.
 26f0 f76343a9 f96b44a9 fb7345a9 fd7bd6a8  .cC..kD..sE..{..
 2700 c0035fd6 010000b0 21402b91 21586078  .._.....!@+.!X`x
 2710 60000010 01a8218b 20001fd6 560340f9  `.....!. ...V.@.
 2720 e8feff17 2a008052 befeff17 07008052  ....*..R.......R
 2730 befeff17 e00000d0 00c00f91 21008052  ............!..R
 2740 01280039 dffeff17 e00000d0 00c00f91  .(.9............
 2750 21008052 012c0039 dafeff17 e05740f9  !..R.,.9.....W@.
 2760 1f683a38 fa0300aa 2dfeff17 823700b4  .h:8....-....7..
 2770 e00302aa e1058052 e23700f9 0dfcff97  .......R.7......
 2780 e23740f9 60f7ffb4 02040091 622b00f9  .7@.`.......b+..
 2790 b8ffff17 612740f9 813900b4 20004039  ....a'@..9.. .@9
 27a0 c0390034 60274039 ff3700f9 e0390037  .9.4`'@9.7...9.7
 27b0 000000b0 00e01391 5afcff97 e00000d0  ........Z.......
 27c0 00c00f91 00304039 403a0037 40018052  .....0@9@:.7@..R
 27d0 60fcff97 e03740f9 1efcff97 a1ffff17  `....7@.........
 27e0 e16340f9 200040f9 400400b4 232000d1  .c@. .@.@...# ..
 27f0 200080d2 1f2003d5 1f2003d5 1f2003d5   .... ... ... ..
 2800 e20300aa 00040091 617860f8 a1ffffb5  ........ax`.....
 2810 42040011 1a0080d2 40f07dd3 cdfbff97  B.......@.}.....
 2820 f90300aa 800240f9 c00000b4 d1fbff97  ......@.........
 2830 206b3af8 5a230091 806a7af8 80ffffb5   k:.Z#...jz.....
 2840 3f6b3af8 2003158b e03700f9 f40319aa  ?k:. ....7......
 2850 800340f9 c0c3ffb5 1a0080d2 ff4700f9  ..@..........G..
 2860 21feff17 1a0080d2 ff4700f9 1efeff17  !........G......
 2870 02008052 e7ffff17 e00000b0 00cc47f9  ...R..........G.
 2880 010000b0 820240f9 21c00591 000040f9  ......@.!.....@.
 2890 34fcff97 20008052 02fcff97 e00000b0  4... ..R........
 28a0 00cc47f9 010000b0 820240f9 21800691  ..G.......@.!...
 28b0 000040f9 2bfcff97 20008052 f9fbff97  ..@.+... ..R....
 28c0 010000b0 21800791 a2008052 000080d2  ....!......R....
 28d0 04fcff97 f3fcff97 801640f9 ddfbff97  ..........@.....
 28e0 9f1600f9 15ffff17 e00000d0 00c00f91  ................
 28f0 21008052 01200039 72feff17 020000b0  !..R. .9r.......
 2900 010000b0 42e00991 21600a91 000000b0  ....B...!`......
 2910 00a00a91 03fcff97 010000b0 21e00a91  ............!...
 2920 a2008052 000080d2 eefbff97 fdfbff97  ...R............
 2930 010000b0 21c00b91 a2008052 000080d2  ....!......R....
 2940 e8fbff97 f7fbff97 00008052 45fbff97  ...........RE...
 2950 000000b0 00c01491 f2fbff97 4effff17  ............N...
 2960 000000b0 00401591 a6fbff97 4affff17  .....@......J...
 2970 e10000d0 20e041b9 00780d12 20e001b9  .... .A..x.. ...
 2980 50feff17 e00000b0 00dc47f9 01008052  P.........G....R
 2990 000040f9 0bfcff97 fb0000b0 7bd347f9  ..@.........{.G.
 29a0 e00000d0 01c00f91 22008052 600340f9  ........"..R`.@.
 29b0 22240039 60c8ffb4 1efbff97 c01b0034  "$.9`..........4
 29c0 44fbff97 3ffeff17 f90000b0 39df47f9  D...?.......9.G.
 29d0 000000b0 00001491 d2fbff97 421b40f9  ............B.@.
 29e0 e00313aa 210340f9 c6fbff97 40334039  ....!.@.....@3@9
 29f0 60260036 000000b0 00201491 c9fbff97  `&.6..... ......
 2a00 07ffff17 650640f9 63030191 62230191  ....e.@.c...b#..
 2a10 61430191 e00313aa a52841f9 a0003fd6  aC.......(A...?.
 2a20 60e30039 e0e30736 60334039 60e10736  `..9...6`3@9`..6
 2a30 010000b0 21601591 a2008052 000080d2  ....!`.....R....
 2a40 a8fbff97 b7fbff97 03ffff17 610640f9  ............a.@.
 2a50 e00313aa 21a441f9 20003fd6 f60300aa  ....!.A. .?.....
 2a60 1f0000f1 0dd6ff54 801640f9 79fbff97  .......T..@.y...
 2a70 e00316aa 37fbff97 620640f9 e10300aa  ....7...b.@.....
 2a80 e00313aa 811600f9 42a841f9 40003fd6  ........B.A.@.?.
 2a90 801200f9 a4feff17 a2008052 010000b0  ...........R....
 2aa0 000080d2 21601091 8efbff97 e10316aa  ....!`..........
 2ab0 24fcff97 20008052 0cffff17 a1fbff97  $... ..R........
 2ac0 f30300aa 000040b9 1f080071 e0030054  ......@....q...T
 2ad0 a2008052 010000b0 000080d2 21a00f91  ...R........!...
 2ae0 80fbff97 e10300aa 600240b9 f30301aa  ........`.@.....
 2af0 2cfbff97 e20300aa e10316aa e00313aa  ,...............
 2b00 10fcff97 20008052 f8feff17 160000b0  .... ..R........
 2b10 d6e20491 3ffeff17 010000b0 21a00891  ....?.......!...
 2b20 a2008052 000080d2 6efbff97 f40300aa  ...R....n.......
 2b30 04fbff97 67fbff97 e20300aa e10313aa  ....g...........
 2b40 e00314aa 57fcff97 a2008052 010000b0  ....W......R....
 2b50 000080d2 21400f91 62fbff97 e10316aa  ....!@..b.......
 2b60 f8fbff97 20008052 e0feff17 610640f9  .... ..R....a.@.
 2b70 e00313aa 21a441f9 20003fd6 a019f8b7  ....!.A. .?.....
 2b80 f4faff97 620640f9 e10000d0 36c00f91  ....b.@.....6...
 2b90 e10300aa e00313aa 42a841f9 c11600f9  ........B.A.....
 2ba0 40003fd6 c01200f9 e0cbffb6 f703142a  @.?............*
 2bb0 600240f9 33010094 55feff17 e10315aa  `.@.3...U.......
 2bc0 e00313aa effaff97 e00500b4 f50300aa  ................
 2bd0 3bfeff17 600240f9 2a010094 d9faff97  ;...`.@.*.......
 2be0 1f340071 81040054 e00000b0 00dc47f9  .4.q...T......G.
 2bf0 f40000b0 94ce47f9 000040f9 f76f40f9  ......G...@..o@.
 2c00 24fbff97 950240f9 a2008052 010000b0  $.....@....R....
 2c10 000080d2 21201391 32fbff97 e20000d0  ....! ..2.......
 2c20 e10300aa f60317aa e00315aa 42f841f9  ............B.A.
 2c30 150000b0 b5421091 4afbff97 c20240f9  .....B..J.....@.
 2c40 620e00b4 800240f9 d6220091 e10315aa  b.....@.."......
 2c50 44fbff97 faffff17 a2008052 010000b0  D..........R....
 2c60 000080d2 21801291 1efbff97 e10316aa  ....!...........
 2c70 b4fbff97 e00313aa 0efbff97 20008052  ............ ..R
 2c80 9afeff17 a2008052 010000b0 21801391  .......R....!...
 2c90 14fbff97 e20315aa e10316aa a9fbff97  ................
 2ca0 e00313aa 03fbff97 20008052 8ffeff17  ........ ..R....
 2cb0 e00316aa f3000094 20008052 f9faff97  ........ ..R....
 2cc0 63040091 31feff17 a2c6ff34 e00000b0  c...1......4....
 2cd0 00f047f9 00686138 00040151 001c0012  ..G..ha8...Q....
 2ce0 1f140071 68030054 e00303aa 61058052  ...qh..T....a..R
 2cf0 e33700f9 dbfaff97 20c5ffb4 e33740f9  .7...... ....7@.
 2d00 fa0303aa 40034039 41034039 e07a6078  ....@.@9A.@9.z`x
 2d10 00001a12 21020034 3fac0071 0018407a  ....!..4?..q..@z
 2d20 c1010054 5a070091 f7ffff17 f90318aa  ...TZ...........
 2d30 15feff17 010000b0 a2008052 21600991  ...........R!`..
 2d40 000080d2 e7faff97 610340f9 d5fbff97  ........a.@.....
 2d50 fa0303aa ecffff17 e0031aaa 02004039  ..............@9
 2d60 01004039 e27a6278 62003036 00040091  ..@9.zbxb.06....
 2d70 fbffff17 3fac0071 80020054 190080d2  ....?..q...T....
 2d80 e00000d0 00c00f91 5f030039 1b0080d2  ........_..9....
 2d90 040842a9 7f0304eb 8a0e0054 5a787bf8  ..B........TZx{.
 2da0 e10303aa e43f00f9 400740f9 e38b06a9  .....?..@.@.....
 2db0 a0faff97 e43f40f9 e38b46a9 80110034  .....?@...F....4
 2dc0 7b070091 f4ffff17 00040091 02008052  {..............R
 2dd0 010080d2 e33700f9 12faff97 f90300aa  .....7..........
 2de0 e33740f9 e7ffff17 a2008052 010000b0  .7@........R....
 2df0 000080d2 21801191 bafaff97 e10316aa  ....!...........
 2e00 50fbff97 20008052 38feff17 e00317aa  P... ..R8.......
 2e10 90faff97 810240f9 40018052 29faff97  ......@.@..R)...
 2e20 95ffff17 a2008052 010000b0 000080d2  .......R........
 2e30 21e01091 abfaff97 e10316aa 41fbff97  !...........A...
 2e40 20008052 29feff17 e00000d0 00c00f91   ..R)...........
 2e50 21008052 01340039 1afdff17 020000b0  !..R.4.9........
 2e60 42000591 03feff17 e00000b0 00d047f9  B.............G.
 2e70 190040f9 13fdff17 e10000d0 20e041b9  ..@......... .A.
 2e80 00000e32 20e001b9 0efdff17 e00000d0  ...2 ...........
 2e90 00c00f91 21008052 01300039 09fdff17  ....!..R.0.9....
 2ea0 e00000b0 00d047f9 150040f9 05fdff17  ......G...@.....
 2eb0 600240f9 73000094 a0fdff17 40018052  `.@.s.......@..R
 2ec0 a4faff97 d6fdff17 010000b0 21000591  ............!...
 2ed0 ff3700f9 37feff17 010000b0 21000591  .7..7.......!...
 2ee0 ff3700f9 33feff17 e20000d0 e00313aa  .7..3...........
 2ef0 e13b00f9 42e041b9 62faff97 1f0000f1  .;..B.A.b.......
 2f00 e13b40f9 e03700f9 2100809a 29feff17  .;@..7..!...)...
 2f10 010000b0 21801491 a2008052 000080d2  ....!......R....
 2f20 70faff97 7ffaff97 2bfeff17 a02640b9  p.......+....&@.
 2f30 a0060037 e00000d0 00c00f91 012c4039  ...7.........,@9
 2f40 c1000036 00304039 e0070036 000000b0  ...6.0@9...6....
 2f50 00401491 73faff97 000000b0 00601491  .@..s........`..
 2f60 28faff97 cffdff17 fa0000d0 e00000d0  (...............
 2f70 5c830791 1ac00f91 1b0080d2 401340f9  \...........@.@.
 2f80 7f0300eb 8a060054 411740f9 60f37dd3  .......TA.@.`.}.
 2f90 e33f00f9 e30300aa 820340b9 e00313aa  .?........@.....
 2fa0 e33700f9 216863f8 210440f9 35faff97  .7..!hc.!.@.5...
 2fb0 e03b00f9 e33f40f9 600100b4 e10303aa  .;...?@.`.......
 2fc0 1cfaff97 e23b40f9 e103002a e17300b9  .....;@....*.s..
 2fd0 e00302aa 1ffaff97 e17340b9 e33f40f9  .........s@..?@.
 2fe0 e1030034 7b070091 e5ffff17 411340f9  ...4{.......A.@.
 2ff0 400b40f9 211840f9 2003008b 0000018b  @.@.!.@. .......
 3000 6bfdff17 431b40f9 a02240f9 1f0003eb  k...C.@.."@.....
 3010 29f9ff54 600640f9 47f30091 411740f9  )..T`.@.G...A.@.
 3020 46030191 081c41f9 45230191 44430191  F.....A.E#..DC..
 3030 e20315aa e00313aa 00013fd6 40e30039  ..........?.@..9
 3040 80fdff17 00000090 00000591 edf9ff97  ................
 3050 c2ffff17 000080d2 55fdff17 401740f9  ........U...@.@.
 3060 e13740f9 006861f8 011040f9 000840f9  .7@..ha...@...@.
 3070 211840f9 2003008b 0000018b 4cfdff17  !.@. .......L...
 3080 fd7bbea9 fd030091 f35301a9 f30300aa  .{.......S......
 3090 acf9ff97 80020034 0efaff97 f40300aa  .......4........
 30a0 e0000090 00dc47f9 000040f9 f9f9ff97  ......G...@.....
 30b0 e0000090 00cc47f9 e10000b0 22f841f9  ......G.....".A.
 30c0 000040f9 f30100b4 e40314aa e30313aa  ..@.............
 30d0 f35341a9 01000090 fd7bc2a8 21001691  .SA......{..!...
 30e0 20faff17 01000090 a2008052 21a01591   ..........R!...
 30f0 000080d2 fbf9ff97 f40300aa e9ffff17  ................
 3100 e30314aa 01000090 f35341a9 21401691  .........SA.!@..
 3110 fd7bc2a8 13faff17                    .{......        
Contents of section .fini:  (Starting at file offset: 0x3118)
 3118 3f2303d5 fd7bbfa9 fd030091 fd7bc1a8  ?#...{.......{..
 3128 bf2303d5 c0035fd6                    .#...._.        
Contents of section .rodata:  (Starting at file offset: 0x3130)
 3130 01000200 00000000 612e6f75 74000000  ........a.out...
 3140 3f3f0000 00000000 2f757372 2f736861  ??....../usr/sha
 3150 72652f6c 6f63616c 65000000 00000000  re/locale.......
 3160 62696e75 74696c73 00000000 00000000  binutils........
 3170 25733a20 6572726f 723a2074 6f6f206d  %s: error: too m
 3180 616e7920 402d6669 6c657320 656e636f  any @-files enco
 3190 756e7465 7265640a 00000000 00000000  untered.........
 31a0 25733a20 6572726f 723a2040 2d66696c  %s: error: @-fil
 31b0 65207265 66657273 20746f20 61206469  e refers to a di
 31c0 72656374 6f72790a 00000000 00000000  rectory.........
 31d0 72000000 00000000 2460225c 0a000000  r.......$`"\....
 31e0 66617461 6c206572 726f723a 206c6962  fatal error: lib
 31f0 62666420 41424920 6d69736d 61746368  bfd ABI mismatch
 3200 00000000 00000000 61617263 6836342d  ........aarch64-
 3210 756e6b6e 6f776e2d 6c696e75 782d676e  unknown-linux-gn
 3220 75000000 00000000 63616e27 74207365  u.......can't se
 3230 74204246 44206465 6661756c 74207461  t BFD default ta
 3240 72676574 20746f20 60257327 3a202573  rget to `%s': %s
 3250 00000000 00000000 756e6b6e 6f776e20  ........unknown 
 3260 64656d61 6e676c69 6e672073 74796c65  demangling style
 3270 20602573 27000000 28474e55 2042696e   `%s'...(GNU Bin
 3280 7574696c 7320666f 72204465 6269616e  utils for Debian
 3290 2920322e 34340000 61646472 326c696e  ) 2.44..addr2lin
 32a0 65000000 00000000 474e5520 25732025  e.......GNU %s %
 32b0 730a0000 00000000 436f7079 72696768  s.......Copyrigh
 32c0 74202843 29203230 32352046 72656520  t (C) 2025 Free 
 32d0 536f6674 77617265 20466f75 6e646174  Software Foundat
 32e0 696f6e2c 20496e63 2e0a0000 00000000  ion, Inc........
 32f0 54686973 2070726f 6772616d 20697320  This program is 
 3300 66726565 20736f66 74776172 653b2079  free software; y
 3310 6f75206d 61792072 65646973 74726962  ou may redistrib
 3320 75746520 69742075 6e646572 20746865  ute it under the
 3330 20746572 6d73206f 660a7468 6520474e   terms of.the GN
 3340 55204765 6e657261 6c205075 626c6963  U General Public
 3350 204c6963 656e7365 20766572 73696f6e   License version
 3360 2033206f 72202861 7420796f 7572206f   3 or (at your o
 3370 7074696f 6e292061 6e79206c 61746572  ption) any later
 3380 20766572 73696f6e 2e0a5468 69732070   version..This p
 3390 726f6772 616d2068 61732061 62736f6c  rogram has absol
 33a0 7574656c 79206e6f 20776172 72616e74  utely no warrant
 33b0 792e0a00 00000000 61623a43 653a7252  y.......ab:Ce:rR
 33c0 73664868 696a3a70 56760000 00000000  sfHhij:pVv......
 33d0 27257327 3a204e6f 20737563 68206669  '%s': No such fi
 33e0 6c650000 00000000 5761726e 696e673a  le......Warning:
 33f0 20636f75 6c64206e 6f74206c 6f636174   could not locat
 3400 65202725 73272e20 20726561 736f6e3a  e '%s'.  reason:
 3410 20257300 00000000 5761726e 696e673a   %s.....Warning:
 3420 20272573 27206973 20612064 69726563   '%s' is a direc
 3430 746f7279 00000000 5761726e 696e673a  tory....Warning:
 3440 20272573 27206973 206e6f74 20616e20   '%s' is not an 
 3450 6f726469 6e617279 2066696c 65000000  ordinary file...
 3460 5761726e 696e673a 20272573 27206861  Warning: '%s' ha
 3470 73206e65 67617469 76652073 697a652c  s negative size,
 3480 2070726f 6261626c 79206974 20697320   probably it is 
 3490 746f6f20 6c617267 65000000 00000000  too large.......
 34a0 25733a20 63616e6e 6f742067 65742061  %s: cannot get a
 34b0 64647265 73736573 2066726f 6d206172  ddresses from ar
 34c0 63686976 65000000 25733a20 4d617463  chive...%s: Matc
 34d0 68696e67 20666f72 6d617473 3a000000  hing formats:...
 34e0 25733a20 63616e6e 6f742066 696e6420  %s: cannot find 
 34f0 73656374 696f6e20 25730000 00000000  section %s......
 3500 30780000 00000000 3a200000 00000000  0x......: ......
 3510 3f3f2000 00000000 3f3f3a30 00000000  ?? .....??:0....
 3520 20617420 00000000 25733a00 00000000   at ....%s:.....
 3530 25752028 64697363 72696d69 6e61746f  %u (discriminato
 3540 72202575 290a0000 25750a00 00000000  r %u)...%u......
 3550 3f000000 00000000 2028696e 6c696e65  ?....... (inline
 3560 64206279 29200000 63617573 65206f66  d by) ..cause of
 3570 20657272 6f722075 6e6b6e6f 776e0000   error unknown..
 3580 25733a20 25733a20 25730a00 00000000  %s: %s: %s......
 3590 25733a20 25730a00 25733a20 00000000  %s: %s..%s: ....
 35a0 55736167 653a2025 73205b6f 7074696f  Usage: %s [optio
 35b0 6e287329 5d205b61 64647228 73295d0a  n(s)] [addr(s)].
 35c0 00000000 00000000 20436f6e 76657274  ........ Convert
 35d0 20616464 72657373 65732069 6e746f20   addresses into 
 35e0 6c696e65 206e756d 6265722f 66696c65  line number/file
 35f0 206e616d 65207061 6972732e 0a000000   name pairs.....
 3600 20496620 6e6f2061 64647265 73736573   If no addresses
 3610 20617265 20737065 63696669 6564206f   are specified o
 3620 6e207468 6520636f 6d6d616e 64206c69  n the command li
 3630 6e652c20 74686579 2077696c 6c206265  ne, they will be
 3640 20726561 64206672 6f6d2073 7464696e   read from stdin
 3650 0a000000 00000000 20546865 206f7074  ........ The opt
 3660 696f6e73 20617265 3a0a2020 403c6669  ions are:.  @<fi
 3670 6c653e20 20202020 20202020 20202020  le>             
 3680 20202052 65616420 6f707469 6f6e7320     Read options 
 3690 66726f6d 203c6669 6c653e0a 20202d61  from <file>.  -a
 36a0 202d2d61 64647265 73736573 20202020   --addresses    
 36b0 20202020 2053686f 77206164 64726573       Show addres
 36c0 7365730a 20202d62 202d2d74 61726765  ses.  -b --targe
 36d0 743d3c62 66646e61 6d653e20 20536574  t=<bfdname>  Set
 36e0 20746865 2062696e 61727920 66696c65   the binary file
 36f0 20666f72 6d61740a 20202d65 202d2d65   format.  -e --e
 3700 78653d3c 65786563 75746162 6c653e20  xe=<executable> 
 3710 20536574 20746865 20696e70 75742066   Set the input f
 3720 696c6520 6e616d65 20286465 6661756c  ile name (defaul
 3730 74206973 20612e6f 7574290a 20202d69  t is a.out).  -i
 3740 202d2d69 6e6c696e 65732020 20202020   --inlines      
 3750 20202020 20556e77 696e6420 696e6c69       Unwind inli
 3760 6e656420 66756e63 74696f6e 730a2020  ned functions.  
 3770 2d6a202d 2d736563 74696f6e 3d3c6e61  -j --section=<na
 3780 6d653e20 20202052 65616420 73656374  me>    Read sect
 3790 696f6e2d 72656c61 74697665 206f6666  ion-relative off
 37a0 73657473 20696e73 74656164 206f6620  sets instead of 
 37b0 61646472 65737365 730a2020 2d70202d  addresses.  -p -
 37c0 2d707265 7474792d 7072696e 74202020  -pretty-print   
 37d0 2020204d 616b6520 74686520 6f757470     Make the outp
 37e0 75742065 61736965 7220746f 20726561  ut easier to rea
 37f0 6420666f 72206875 6d616e73 0a20202d  d for humans.  -
 3800 73202d2d 62617365 6e616d65 73202020  s --basenames   
 3810 20202020 20205374 72697020 64697265        Strip dire
 3820 63746f72 79206e61 6d65730a 20202d66  ctory names.  -f
 3830 202d2d66 756e6374 696f6e73 20202020   --functions    
 3840 20202020 2053686f 77206675 6e637469       Show functi
 3850 6f6e206e 616d6573 0a20202d 43202d2d  on names.  -C --
 3860 64656d61 6e676c65 5b3d7374 796c655d  demangle[=style]
 3870 20204465 6d616e67 6c652066 756e6374    Demangle funct
 3880 696f6e20 6e616d65 730a2020 2d52202d  ion names.  -R -
 3890 2d726563 75727365 2d6c696d 69742020  -recurse-limit  
 38a0 20202045 6e61626c 65206120 6c696d69     Enable a limi
 38b0 74206f6e 20726563 75727369 6f6e2077  t on recursion w
 38c0 68696c73 74206465 6d616e67 6c696e67  hilst demangling
 38d0 2e20205b 44656661 756c745d 0a20202d  .  [Default].  -
 38e0 72202d2d 6e6f2d72 65637572 73652d6c  r --no-recurse-l
 38f0 696d6974 20204469 7361626c 65206120  imit  Disable a 
 3900 6c696d69 74206f6e 20726563 75727369  limit on recursi
 3910 6f6e2077 68696c73 74206465 6d616e67  on whilst demang
 3920 6c696e67 0a20202d 68202d2d 68656c70  ling.  -h --help
 3930 20202020 20202020 20202020 20204469                Di
 3940 73706c61 79207468 69732069 6e666f72  splay this infor
 3950 6d617469 6f6e0a20 202d7620 2d2d7665  mation.  -v --ve
 3960 7273696f 6e202020 20202020 20202020  rsion           
 3970 44697370 6c617920 74686520 70726f67  Display the prog
 3980 72616d27 73207665 7273696f 6e0a0a00  ram's version...
 3990 53757070 6f727465 64207461 72676574  Supported target
 39a0 733a0000 00000000 25733a20 73757070  s:......%s: supp
 39b0 6f727465 64207461 72676574 733a0000  orted targets:..
 39c0 5265706f 72742062 75677320 746f2025  Report bugs to %
 39d0 730a0000 00000000 3c687474 70733a2f  s.......<https:/
 39e0 2f736f75 72636577 6172652e 6f72672f  /sourceware.org/
 39f0 6275677a 696c6c61 2f3e0000 00000000  bugzilla/>......
 3a00 61646472 65737365 73000000 00000000  addresses.......
 3a10 62617365 6e616d65 73000000 00000000  basenames.......
 3a20 64656d61 6e676c65 00000000 00000000  demangle........
 3a30 65786500 00000000 66756e63 74696f6e  exe.....function
 3a40 73000000 00000000 696e6c69 6e657300  s.......inlines.
 3a50 70726574 74792d70 72696e74 00000000  pretty-print....
 3a60 72656375 7273652d 6c696d69 74000000  recurse-limit...
 3a70 72656375 7273696f 6e2d6c69 6d697400  recursion-limit.
 3a80 6e6f2d72 65637572 73652d6c 696d6974  no-recurse-limit
 3a90 00000000 00000000 6e6f2d72 65637572  ........no-recur
 3aa0 73696f6e 2d6c696d 69740000 00000000  sion-limit......
 3ab0 73656374 696f6e00 74617267 65740000  section.target..
 3ac0 68656c70 00000000 76657273 696f6e00  help....version.
 3ad0 e9fef3fe f3fef3fe f3fef3fe f3fef3fe  ................
 3ae0 f3fef3fe f3fef3fe f3fef3fe f3fef3fe  ................
 3af0 f3fef3fe f3fef3fe f3fef3fe f3fef3fe  ................
 3b00 f3fef3fe f3fef3fe f3fef3fe f3fef3fe  ................
 3b10 f3fef3fe f3fef3fe f3fef3fe f3fef3fe  ................
 3b20 f3fef3fe f3fef3fe f3fef3fe f3fef3fe  ................
 3b30 f3fef3fe f3fef3fe f3fef3fe f3fef3fe  ................
 3b40 f3fef3fe f3fef3fe f3fef3fe f3fef3fe  ................
 3b50 f3fef3fe f3fe9f00 f3fef3fe f3fef3fe  ................
 3b60 9a00f3fe f3fef3fe f3fef3fe f3fef3fe  ................
 3b70 f3fef3fe 9500f3fe f3fef3fe 7800f3fe  ............x...
 3b80 f3fef3fe f3fef3fe f3fef3fe f3fef3fe  ................
 3b90 f3fe7300 d301f3fe f3fe0000 0b00f3fe  ..s.............
 3ba0 9a00cb01 e101f3fe f3fef3fe f3fef3fe  ................
 3bb0 dc01f3fe d7010600 f3fef3fe 7800      ............x.  
Contents of section .eh_frame_hdr:  (Starting at file offset: 0x3bc0)
 3bc0 011b033b 6c000000 0c000000 00deffff  ...;l...........
 3bd0 fc010000 80dfffff 74010000 e4dfffff  ........t.......
 3be0 94010000 64e0ffff b8010000 e0e0ffff  ....d...........
 3bf0 e0010000 80e1ffff 84000000 e0e1ffff  ................
 3c00 98000000 10e2ffff ac000000 4ce2ffff  ............L...
 3c10 c0000000 a0e2ffff e8000000 c0e2ffff  ................
 3c20 00010000 c0f4ffff 44010000           ........D...    
Contents of section .eh_frame:  (Starting at file offset: 0x3c30)
 3c30 10000000 00000000 017a5200 04781e01  .........zR..x..
 3c40 1b0c1f00 10000000 18000000 f4e0ffff  ................
 3c50 34000000 0041071e 10000000 2c000000  4....A......,...
 3c60 40e1ffff 30000000 00000000 10000000  @...0...........
 3c70 40000000 5ce1ffff 3c000000 00000000  @...\...<.......
 3c80 24000000 54000000 84e1ffff 50000000  $...T.......P...
 3c90 00412d41 0e209d04 9e034293 024ededd  .A-A. ....B..N..
 3ca0 d30e0041 2d000000 14000000 7c000000  ...A-.......|...
 3cb0 b0e1ffff 08000000 00000000 00000000  ................
 3cc0 40000000 94000000 b8e1ffff 00120000  @...............
 3cd0 00410ee0 029d2c9e 2b42932a 94294595  .A....,.+B.*.)E.
 3ce0 28962797 26982544 99249a23 9b229c21  (.'.&.%D.$.#.".!
 3cf0 0314020a dedddbdc d9dad7d8 d5d6d3d4  ................
 3d00 0e00410b 2c000000 d8000000 74f3ffff  ..A.,.......t...
 3d10 98000000 00410e20 9d049e03 42930294  .....A. ....B...
 3d20 01540ade ddd3d40e 00420b4c deddd3d4  .T.......B.L....
 3d30 0e000000 1c000000 08010000 04deffff  ................
 3d40 64000000 00410e90 029d229e 2157dedd  d....A....".!W..
 3d50 0e000000 20000000 28010000 48deffff  .... ...(...H...
 3d60 80000000 00410e20 9d049e03 42930246  .....A. ....B..F
 3d70 0adeddd3 0e00410b 24000000 4c010000  ......A.$...L...
 3d80 a4deffff 7c000000 00410e50 9d0a9e09  ....|....A.P....
 3d90 44930894 07429506 57deddd5 d3d40e00  D....B..W.......
 3da0 18000000 74010000 f8deffff 64000000  ....t.......d...
 3db0 00410e90 029d229e 21000000 24000000  .A....".!...$...
 3dc0 90010000 fcdbffff 68010000 00410e40  ........h....A.@
 3dd0 9d089e07 43950496 03429306 94054697  ....C....B....F.
 3de0 02000000 00000000                    ........        
Contents of section .note.ABI-tag:  (Starting at file offset: 0x3de8)
 3de8 04000000 10000000 01000000 474e5500  ............GNU.
 3df8 00000000 03000000 07000000 00000000  ................
Contents of section .note.package:  (Starting at file offset: 0x3e08)
 3e08 04000000 5c000000 7e1afeca 46444f00  ....\...~...FDO.
 3e18 7b227479 7065223a 22646562 222c226f  {"type":"deb","o
 3e28 73223a22 64656269 616e222c 226e616d  s":"debian","nam
 3e38 65223a22 62696e75 74696c73 222c2276  e":"binutils","v
 3e48 65727369 6f6e223a 22322e34 342d3322  ersion":"2.44-3"
 3e58 2c226172 63686974 65637475 7265223a  ,"architecture":
 3e68 2261726d 3634227d 00000000           "arm64"}....    
Contents of section .init_array:  (Starting at file offset: 0xfd80)
 1fd80 601e0000 00000000                    `.......        
Contents of section .fini_array:  (Starting at file offset: 0xfd88)
 1fd88 0c1e0000 00000000                    ........        
Contents of section .dynamic:  (Starting at file offset: 0xfd90)
 1fd90 01000000 00000000 f0020000 00000000  ................
 1fda0 01000000 00000000 06030000 00000000  ................
 1fdb0 0c000000 00000000 b8150000 00000000  ................
 1fdc0 0d000000 00000000 18310000 00000000  .........1......
 1fdd0 19000000 00000000 80fd0100 00000000  ................
 1fde0 1b000000 00000000 08000000 00000000  ................
 1fdf0 1a000000 00000000 88fd0100 00000000  ................
 1fe00 1c000000 00000000 08000000 00000000  ................
 1fe10 f5feff6f 00000000 b0020000 00000000  ...o............
 1fe20 05000000 00000000 60090000 00000000  ........`.......
 1fe30 06000000 00000000 d0020000 00000000  ................
 1fe40 0a000000 00000000 3c030000 00000000  ........<.......
 1fe50 0b000000 00000000 18000000 00000000  ................
 1fe60 15000000 00000000 00000000 00000000  ................
 1fe70 03000000 00000000 e8ff0100 00000000  ................
 1fe80 02000000 00000000 70050000 00000000  ........p.......
 1fe90 14000000 00000000 07000000 00000000  ................
 1fea0 17000000 00000000 48100000 00000000  ........H.......
 1feb0 07000000 00000000 780d0000 00000000  ........x.......
 1fec0 08000000 00000000 d0020000 00000000  ................
 1fed0 09000000 00000000 18000000 00000000  ................
 1fee0 fbffff6f 00000000 00000008 00000000  ...o............
 1fef0 feffff6f 00000000 280d0000 00000000  ...o....(.......
 1ff00 ffffff6f 00000000 01000000 00000000  ...o............
 1ff10 f0ffff6f 00000000 9c0c0000 00000000  ...o............
 1ff20 f9ffff6f 00000000 13000000 00000000  ...o............
 1ff30 00000000 00000000 00000000 00000000  ................
 1ff40 00000000 00000000 00000000 00000000  ................
 1ff50 00000000 00000000 00000000 00000000  ................
 1ff60 00000000 00000000 00000000 00000000  ................
 1ff70 00000000 00000000 00000000 00000000  ................
Contents of section .got:  (Starting at file offset: 0xff80)
 1ff80 90fd0100 00000000 00000000 00000000  ................
 1ff90 00000000 00000000 00000000 00000000  ................
 1ffa0 00000000 00000000 00000000 00000000  ................
 1ffb0 00000000 00000000 00000000 00000000  ................
 1ffc0 00000000 00000000 00000000 00000000  ................
 1ffd0 801e0000 00000000 00000000 00000000  ................
 1ffe0 00000000 00000000                    ........        
Contents of section .got.plt:  (Starting at file offset: 0xffe8)
 1ffe8 00000000 00000000 00000000 00000000  ................
 1fff8 00000000 00000000 e0150000 00000000  ................
 20008 e0150000 00000000 e0150000 00000000  ................
 20018 e0150000 00000000 e0150000 00000000  ................
 20028 e0150000 00000000 e0150000 00000000  ................
 20038 e0150000 00000000 e0150000 00000000  ................
 20048 e0150000 00000000 e0150000 00000000  ................
 20058 e0150000 00000000 e0150000 00000000  ................
 20068 e0150000 00000000 e0150000 00000000  ................
 20078 e0150000 00000000 e0150000 00000000  ................
 20088 e0150000 00000000 e0150000 00000000  ................
 20098 e0150000 00000000 e0150000 00000000  ................
 200a8 e0150000 00000000 e0150000 00000000  ................
 200b8 e0150000 00000000 e0150000 00000000  ................
 200c8 e0150000 00000000 e0150000 00000000  ................
 200d8 e0150000 00000000 e0150000 00000000  ................
 200e8 e0150000 00000000 e0150000 00000000  ................
 200f8 e0150000 00000000 e0150000 00000000  ................
 20108 e0150000 00000000 e0150000 00000000  ................
 20118 e0150000 00000000 e0150000 00000000  ................
 20128 e0150000 00000000 e0150000 00000000  ................
 20138 e0150000 00000000 e0150000 00000000  ................
 20148 e0150000 00000000 e0150000 00000000  ................
 20158 e0150000 00000000 e0150000 00000000  ................
 20168 e0150000 00000000 e0150000 00000000  ................
 20178 e0150000 00000000 e0150000 00000000  ................
 20188 e0150000 00000000 e0150000 00000000  ................
 20198 e0150000 00000000 e0150000 00000000  ................
 201a8 e0150000 00000000 e0150000 00000000  ................
 201b8 e0150000 00000000 e0150000 00000000  ................
 201c8 e0150000 00000000                    ........        
Contents of section .data:  (Starting at file offset: 0x101d0)
 201d0 00000000 00000000 d8010200 00000000  ................
 201e0 03000000 00000000 003a0000 00000000  .........:......
 201f0 00000000 00000000 00000000 00000000  ................
 20200 61000000 00000000 103a0000 00000000  a........:......
 20210 00000000 00000000 00000000 00000000  ................
 20220 73000000 00000000 203a0000 00000000  s....... :......
 20230 02000000 00000000 00000000 00000000  ................
 20240 43000000 00000000 303a0000 00000000  C.......0:......
 20250 01000000 00000000 00000000 00000000  ................
 20260 65000000 00000000 383a0000 00000000  e.......8:......
 20270 00000000 00000000 00000000 00000000  ................
 20280 66000000 00000000 483a0000 00000000  f.......H:......
 20290 00000000 00000000 00000000 00000000  ................
 202a0 69000000 00000000 503a0000 00000000  i.......P:......
 202b0 00000000 00000000 00000000 00000000  ................
 202c0 70000000 00000000 603a0000 00000000  p.......`:......
 202d0 00000000 00000000 00000000 00000000  ................
 202e0 52000000 00000000 703a0000 00000000  R.......p:......
 202f0 00000000 00000000 00000000 00000000  ................
 20300 52000000 00000000 803a0000 00000000  R........:......
 20310 00000000 00000000 00000000 00000000  ................
 20320 72000000 00000000 983a0000 00000000  r........:......
 20330 00000000 00000000 00000000 00000000  ................
 20340 72000000 00000000 b03a0000 00000000  r........:......
 20350 01000000 00000000 00000000 00000000  ................
 20360 6a000000 00000000 b83a0000 00000000  j........:......
 20370 01000000 00000000 00000000 00000000  ................
 20380 62000000 00000000 c03a0000 00000000  b........:......
 20390 00000000 00000000 00000000 00000000  ................
 203a0 48000000 00000000 c83a0000 00000000  H........:......
 203b0 00000000 00000000 00000000 00000000  ................
 203c0 56000000 00000000 00000000 00000000  V...............
 203d0 00000000 00000000 00000000 00000000  ................
 203e0 00000000 00000000                    ........        
Contents of section .gnu_debugaltlink:  (Starting at file offset: 0x103e8)
 0000 2f757372 2f6c6962 2f646562 75672f2e  /usr/lib/debug/.
 0010 64777a2f 61617263 6836342d 6c696e75  dwz/aarch64-linu
 0020 782d676e 752f6269 6e757469 6c732d61  x-gnu/binutils-a
 0030 61726368 36342d6c 696e7578 2d676e75  arch64-linux-gnu
 0040 2e646562 756700ea f51da321 0cbf520c  .debug.....!..R.
 0050 7ee0b8c6 4399f9b6 dfd894             ~...C......     

Disassembly of section .note.gnu.build-id:
0000000000000270 <.note.gnu.build-id> (File Offset: 0x270) 00000004 	udf	#4
0000000000000274 <.note.gnu.build-id+0x4> (File Offset: 0x274) 00000014 	udf	#20
0000000000000278 <.note.gnu.build-id+0x8> (File Offset: 0x278) 00000003 	udf	#3
000000000000027c <.note.gnu.build-id+0xc> (File Offset: 0x27c) 00554e47 	.inst	0x00554e47 ; undefined
0000000000000280 <.note.gnu.build-id+0x10> (File Offset: 0x280) d61cf676 	.inst	0xd61cf676 ; undefined
0000000000000284 <.note.gnu.build-id+0x14> (File Offset: 0x284) 4b23b92b 	.inst	0x4b23b92b ; undefined
0000000000000288 <.note.gnu.build-id+0x18> (File Offset: 0x288) 00ebc5b9 	.inst	0x00ebc5b9 ; undefined
000000000000028c <.note.gnu.build-id+0x1c> (File Offset: 0x28c) 5a766b3b 	.inst	0x5a766b3b ; undefined
0000000000000290 <.note.gnu.build-id+0x20> (File Offset: 0x290) 17930dde 	b	fffffffffe4c3a08 <ferror@plt+0xfffffffffe4c2078> (File Offset: 0xfffffffffe4c3a08)

Disassembly of section .interp:
0000000000000294 <.interp> (File Offset: 0x294) 62696c2f 	.inst	0x62696c2f ; undefined
0000000000000298 <.interp+0x4> (File Offset: 0x298) 2d646c2f 	ldp	s15, s27, [x1, #-224]
000000000000029c <.interp+0x8> (File Offset: 0x29c) 756e696c 	.inst	0x756e696c ; undefined
00000000000002a0 <.interp+0xc> (File Offset: 0x2a0) 61612d78 	.inst	0x61612d78 ; undefined
00000000000002a4 <.interp+0x10> (File Offset: 0x2a4) 36686372 	tbz	w18, #13, 0000000000000f10 <memcpy@plt-0x6f0> (File Offset: 0xf10)
00000000000002a8 <.interp+0x14> (File Offset: 0x2a8) 6f732e34 	.inst	0x6f732e34 ; undefined
00000000000002ac <.interp+0x18> (File Offset: 0x2ac) Address 0x2ac is out of bounds.


Disassembly of section .gnu.hash:
00000000000002b0 <.gnu.hash> (File Offset: 0x2b0) 00000001 	udf	#1
00000000000002b4 <.gnu.hash+0x4> (File Offset: 0x2b4) 00000001 	udf	#1
00000000000002b8 <.gnu.hash+0x8> (File Offset: 0x2b8) 00000001 	udf	#1
00000000000002bc <.gnu.hash+0xc> (File Offset: 0x2bc) 00000000 	udf	#0
00000000000002c0 <.gnu.hash+0x10> (File Offset: 0x2c0) 00000000 	udf	#0
00000000000002c4 <.gnu.hash+0x14> (File Offset: 0x2c4) 00000000 	udf	#0
00000000000002c8 <.gnu.hash+0x18> (File Offset: 0x2c8) 00000000 	udf	#0

Disassembly of section .dynsym:
00000000000002d0 <.dynsym> (File Offset: 0x2d0) 00000000 	udf	#0
00000000000002d4 <.dynsym+0x4> (File Offset: 0x2d4) 00000000 	udf	#0
00000000000002d8 <.dynsym+0x8> (File Offset: 0x2d8) 00000000 	udf	#0
00000000000002dc <.dynsym+0xc> (File Offset: 0x2dc) 00000000 	udf	#0
00000000000002e0 <.dynsym+0x10> (File Offset: 0x2e0) 00000000 	udf	#0
00000000000002e4 <.dynsym+0x14> (File Offset: 0x2e4) 00000000 	udf	#0
00000000000002e8 <.dynsym+0x18> (File Offset: 0x2e8) 00000000 	udf	#0
00000000000002ec <.dynsym+0x1c> (File Offset: 0x2ec) 000a0003 	.inst	0x000a0003 ; undefined
00000000000002f0 <.dynsym+0x20> (File Offset: 0x2f0) 000015b8 	udf	#5560
00000000000002f4 <.dynsym+0x24> (File Offset: 0x2f4) 00000000 	udf	#0
00000000000002f8 <.dynsym+0x28> (File Offset: 0x2f8) 00000000 	udf	#0
00000000000002fc <.dynsym+0x2c> (File Offset: 0x2fc) 00000000 	udf	#0
0000000000000300 <.dynsym+0x30> (File Offset: 0x300) 00000000 	udf	#0
0000000000000304 <.dynsym+0x34> (File Offset: 0x304) 00180003 	.inst	0x00180003 ; undefined
0000000000000308 <.dynsym+0x38> (File Offset: 0x308) 000201d0 	.inst	0x000201d0 ; undefined
000000000000030c <.dynsym+0x3c> (File Offset: 0x30c) 00000000 	udf	#0
0000000000000310 <.dynsym+0x40> (File Offset: 0x310) 00000000 	udf	#0
0000000000000314 <.dynsym+0x44> (File Offset: 0x314) 00000000 	udf	#0
0000000000000318 <.dynsym+0x48> (File Offset: 0x318) 00000110 	udf	#272
000000000000031c <.dynsym+0x4c> (File Offset: 0x31c) 00000012 	udf	#18
0000000000000320 <.dynsym+0x50> (File Offset: 0x320) 00000000 	udf	#0
0000000000000324 <.dynsym+0x54> (File Offset: 0x324) 00000000 	udf	#0
0000000000000328 <.dynsym+0x58> (File Offset: 0x328) 00000000 	udf	#0
000000000000032c <.dynsym+0x5c> (File Offset: 0x32c) 00000000 	udf	#0
0000000000000330 <.dynsym+0x60> (File Offset: 0x330) 00000108 	udf	#264
0000000000000334 <.dynsym+0x64> (File Offset: 0x334) 00000012 	udf	#18
0000000000000338 <.dynsym+0x68> (File Offset: 0x338) 00000000 	udf	#0
000000000000033c <.dynsym+0x6c> (File Offset: 0x33c) 00000000 	udf	#0
0000000000000340 <.dynsym+0x70> (File Offset: 0x340) 00000000 	udf	#0
0000000000000344 <.dynsym+0x74> (File Offset: 0x344) 00000000 	udf	#0
0000000000000348 <.dynsym+0x78> (File Offset: 0x348) 000002b3 	udf	#691
000000000000034c <.dynsym+0x7c> (File Offset: 0x34c) 00000012 	udf	#18
0000000000000350 <.dynsym+0x80> (File Offset: 0x350) 00000000 	udf	#0
0000000000000354 <.dynsym+0x84> (File Offset: 0x354) 00000000 	udf	#0
0000000000000358 <.dynsym+0x88> (File Offset: 0x358) 00000000 	udf	#0
000000000000035c <.dynsym+0x8c> (File Offset: 0x35c) 00000000 	udf	#0
0000000000000360 <.dynsym+0x90> (File Offset: 0x360) 0000020e 	udf	#526
0000000000000364 <.dynsym+0x94> (File Offset: 0x364) 00000012 	udf	#18
0000000000000368 <.dynsym+0x98> (File Offset: 0x368) 00000000 	udf	#0
000000000000036c <.dynsym+0x9c> (File Offset: 0x36c) 00000000 	udf	#0
0000000000000370 <.dynsym+0xa0> (File Offset: 0x370) 00000000 	udf	#0
0000000000000374 <.dynsym+0xa4> (File Offset: 0x374) 00000000 	udf	#0
0000000000000378 <.dynsym+0xa8> (File Offset: 0x378) 000000f3 	udf	#243
000000000000037c <.dynsym+0xac> (File Offset: 0x37c) 00000012 	udf	#18
0000000000000380 <.dynsym+0xb0> (File Offset: 0x380) 00000000 	udf	#0
0000000000000384 <.dynsym+0xb4> (File Offset: 0x384) 00000000 	udf	#0
0000000000000388 <.dynsym+0xb8> (File Offset: 0x388) 00000000 	udf	#0
000000000000038c <.dynsym+0xbc> (File Offset: 0x38c) 00000000 	udf	#0
0000000000000390 <.dynsym+0xc0> (File Offset: 0x390) 000001a2 	udf	#418
0000000000000394 <.dynsym+0xc4> (File Offset: 0x394) 00000012 	udf	#18
0000000000000398 <.dynsym+0xc8> (File Offset: 0x398) 00000000 	udf	#0
000000000000039c <.dynsym+0xcc> (File Offset: 0x39c) 00000000 	udf	#0
00000000000003a0 <.dynsym+0xd0> (File Offset: 0x3a0) 00000000 	udf	#0
00000000000003a4 <.dynsym+0xd4> (File Offset: 0x3a4) 00000000 	udf	#0
00000000000003a8 <.dynsym+0xd8> (File Offset: 0x3a8) 000001fa 	udf	#506
00000000000003ac <.dynsym+0xdc> (File Offset: 0x3ac) 00000012 	udf	#18
00000000000003b0 <.dynsym+0xe0> (File Offset: 0x3b0) 00000000 	udf	#0
00000000000003b4 <.dynsym+0xe4> (File Offset: 0x3b4) 00000000 	udf	#0
00000000000003b8 <.dynsym+0xe8> (File Offset: 0x3b8) 00000000 	udf	#0
00000000000003bc <.dynsym+0xec> (File Offset: 0x3bc) 00000000 	udf	#0
00000000000003c0 <.dynsym+0xf0> (File Offset: 0x3c0) 00000046 	udf	#70
00000000000003c4 <.dynsym+0xf4> (File Offset: 0x3c4) 00000012 	udf	#18
00000000000003c8 <.dynsym+0xf8> (File Offset: 0x3c8) 00000000 	udf	#0
00000000000003cc <.dynsym+0xfc> (File Offset: 0x3cc) 00000000 	udf	#0
00000000000003d0 <.dynsym+0x100> (File Offset: 0x3d0) 00000000 	udf	#0
00000000000003d4 <.dynsym+0x104> (File Offset: 0x3d4) 00000000 	udf	#0
00000000000003d8 <.dynsym+0x108> (File Offset: 0x3d8) 00000001 	udf	#1
00000000000003dc <.dynsym+0x10c> (File Offset: 0x3dc) 00000020 	udf	#32
00000000000003e0 <.dynsym+0x110> (File Offset: 0x3e0) 00000000 	udf	#0
00000000000003e4 <.dynsym+0x114> (File Offset: 0x3e4) 00000000 	udf	#0
00000000000003e8 <.dynsym+0x118> (File Offset: 0x3e8) 00000000 	udf	#0
00000000000003ec <.dynsym+0x11c> (File Offset: 0x3ec) 00000000 	udf	#0
00000000000003f0 <.dynsym+0x120> (File Offset: 0x3f0) 0000012f 	udf	#303
00000000000003f4 <.dynsym+0x124> (File Offset: 0x3f4) 00000012 	udf	#18
00000000000003f8 <.dynsym+0x128> (File Offset: 0x3f8) 00000000 	udf	#0
00000000000003fc <.dynsym+0x12c> (File Offset: 0x3fc) 00000000 	udf	#0
0000000000000400 <.dynsym+0x130> (File Offset: 0x400) 00000000 	udf	#0
0000000000000404 <.dynsym+0x134> (File Offset: 0x404) 00000000 	udf	#0
0000000000000408 <.dynsym+0x138> (File Offset: 0x408) 000000d8 	udf	#216
000000000000040c <.dynsym+0x13c> (File Offset: 0x40c) 00000012 	udf	#18
0000000000000410 <.dynsym+0x140> (File Offset: 0x410) 00000000 	udf	#0
0000000000000414 <.dynsym+0x144> (File Offset: 0x414) 00000000 	udf	#0
0000000000000418 <.dynsym+0x148> (File Offset: 0x418) 00000000 	udf	#0
000000000000041c <.dynsym+0x14c> (File Offset: 0x41c) 00000000 	udf	#0
0000000000000420 <.dynsym+0x150> (File Offset: 0x420) 00000058 	udf	#88
0000000000000424 <.dynsym+0x154> (File Offset: 0x424) 00000022 	udf	#34
0000000000000428 <.dynsym+0x158> (File Offset: 0x428) 00000000 	udf	#0
000000000000042c <.dynsym+0x15c> (File Offset: 0x42c) 00000000 	udf	#0
0000000000000430 <.dynsym+0x160> (File Offset: 0x430) 00000000 	udf	#0
0000000000000434 <.dynsym+0x164> (File Offset: 0x434) 00000000 	udf	#0
0000000000000438 <.dynsym+0x168> (File Offset: 0x438) 000002c5 	udf	#709
000000000000043c <.dynsym+0x16c> (File Offset: 0x43c) 00000012 	udf	#18
0000000000000440 <.dynsym+0x170> (File Offset: 0x440) 00000000 	udf	#0
0000000000000444 <.dynsym+0x174> (File Offset: 0x444) 00000000 	udf	#0
0000000000000448 <.dynsym+0x178> (File Offset: 0x448) 00000000 	udf	#0
000000000000044c <.dynsym+0x17c> (File Offset: 0x44c) 00000000 	udf	#0
0000000000000450 <.dynsym+0x180> (File Offset: 0x450) 000002c4 	udf	#708
0000000000000454 <.dynsym+0x184> (File Offset: 0x454) 00000012 	udf	#18
0000000000000458 <.dynsym+0x188> (File Offset: 0x458) 00000000 	udf	#0
000000000000045c <.dynsym+0x18c> (File Offset: 0x45c) 00000000 	udf	#0
0000000000000460 <.dynsym+0x190> (File Offset: 0x460) 00000000 	udf	#0
0000000000000464 <.dynsym+0x194> (File Offset: 0x464) 00000000 	udf	#0
0000000000000468 <.dynsym+0x198> (File Offset: 0x468) 0000022b 	udf	#555
000000000000046c <.dynsym+0x19c> (File Offset: 0x46c) 00000012 	udf	#18
0000000000000470 <.dynsym+0x1a0> (File Offset: 0x470) 00000000 	udf	#0
0000000000000474 <.dynsym+0x1a4> (File Offset: 0x474) 00000000 	udf	#0
0000000000000478 <.dynsym+0x1a8> (File Offset: 0x478) 00000000 	udf	#0
000000000000047c <.dynsym+0x1ac> (File Offset: 0x47c) 00000000 	udf	#0
0000000000000480 <.dynsym+0x1b0> (File Offset: 0x480) 00000159 	udf	#345
0000000000000484 <.dynsym+0x1b4> (File Offset: 0x484) 00000011 	udf	#17
0000000000000488 <.dynsym+0x1b8> (File Offset: 0x488) 00000000 	udf	#0
000000000000048c <.dynsym+0x1bc> (File Offset: 0x48c) 00000000 	udf	#0
0000000000000490 <.dynsym+0x1c0> (File Offset: 0x490) 00000000 	udf	#0
0000000000000494 <.dynsym+0x1c4> (File Offset: 0x494) 00000000 	udf	#0
0000000000000498 <.dynsym+0x1c8> (File Offset: 0x498) 0000016e 	udf	#366
000000000000049c <.dynsym+0x1cc> (File Offset: 0x49c) 00000012 	udf	#18
00000000000004a0 <.dynsym+0x1d0> (File Offset: 0x4a0) 00000000 	udf	#0
00000000000004a4 <.dynsym+0x1d4> (File Offset: 0x4a4) 00000000 	udf	#0
00000000000004a8 <.dynsym+0x1d8> (File Offset: 0x4a8) 00000000 	udf	#0
00000000000004ac <.dynsym+0x1dc> (File Offset: 0x4ac) 00000000 	udf	#0
00000000000004b0 <.dynsym+0x1e0> (File Offset: 0x4b0) 00000146 	udf	#326
00000000000004b4 <.dynsym+0x1e4> (File Offset: 0x4b4) 00000011 	udf	#17
00000000000004b8 <.dynsym+0x1e8> (File Offset: 0x4b8) 00000000 	udf	#0
00000000000004bc <.dynsym+0x1ec> (File Offset: 0x4bc) 00000000 	udf	#0
00000000000004c0 <.dynsym+0x1f0> (File Offset: 0x4c0) 00000000 	udf	#0
00000000000004c4 <.dynsym+0x1f4> (File Offset: 0x4c4) 00000000 	udf	#0
00000000000004c8 <.dynsym+0x1f8> (File Offset: 0x4c8) 00000117 	udf	#279
00000000000004cc <.dynsym+0x1fc> (File Offset: 0x4cc) 00000012 	udf	#18
00000000000004d0 <.dynsym+0x200> (File Offset: 0x4d0) 00000000 	udf	#0
00000000000004d4 <.dynsym+0x204> (File Offset: 0x4d4) 00000000 	udf	#0
00000000000004d8 <.dynsym+0x208> (File Offset: 0x4d8) 00000000 	udf	#0
00000000000004dc <.dynsym+0x20c> (File Offset: 0x4dc) 00000000 	udf	#0
00000000000004e0 <.dynsym+0x210> (File Offset: 0x4e0) 000000cc 	udf	#204
00000000000004e4 <.dynsym+0x214> (File Offset: 0x4e4) 00000012 	udf	#18
00000000000004e8 <.dynsym+0x218> (File Offset: 0x4e8) 00000000 	udf	#0
00000000000004ec <.dynsym+0x21c> (File Offset: 0x4ec) 00000000 	udf	#0
00000000000004f0 <.dynsym+0x220> (File Offset: 0x4f0) 00000000 	udf	#0
00000000000004f4 <.dynsym+0x224> (File Offset: 0x4f4) 00000000 	udf	#0
00000000000004f8 <.dynsym+0x228> (File Offset: 0x4f8) 00000167 	udf	#359
00000000000004fc <.dynsym+0x22c> (File Offset: 0x4fc) 00000011 	udf	#17
0000000000000500 <.dynsym+0x230> (File Offset: 0x500) 00000000 	udf	#0
0000000000000504 <.dynsym+0x234> (File Offset: 0x504) 00000000 	udf	#0
0000000000000508 <.dynsym+0x238> (File Offset: 0x508) 00000000 	udf	#0
000000000000050c <.dynsym+0x23c> (File Offset: 0x50c) 00000000 	udf	#0
0000000000000510 <.dynsym+0x240> (File Offset: 0x510) 000000ff 	udf	#255
0000000000000514 <.dynsym+0x244> (File Offset: 0x514) 00000012 	udf	#18
0000000000000518 <.dynsym+0x248> (File Offset: 0x518) 00000000 	udf	#0
000000000000051c <.dynsym+0x24c> (File Offset: 0x51c) 00000000 	udf	#0
0000000000000520 <.dynsym+0x250> (File Offset: 0x520) 00000000 	udf	#0
0000000000000524 <.dynsym+0x254> (File Offset: 0x524) 00000000 	udf	#0
0000000000000528 <.dynsym+0x258> (File Offset: 0x528) 000000ba 	udf	#186
000000000000052c <.dynsym+0x25c> (File Offset: 0x52c) 00000011 	udf	#17
0000000000000530 <.dynsym+0x260> (File Offset: 0x530) 00000000 	udf	#0
0000000000000534 <.dynsym+0x264> (File Offset: 0x534) 00000000 	udf	#0
0000000000000538 <.dynsym+0x268> (File Offset: 0x538) 00000000 	udf	#0
000000000000053c <.dynsym+0x26c> (File Offset: 0x53c) 00000000 	udf	#0
0000000000000540 <.dynsym+0x270> (File Offset: 0x540) 00000077 	udf	#119
0000000000000544 <.dynsym+0x274> (File Offset: 0x544) 00000012 	udf	#18
0000000000000548 <.dynsym+0x278> (File Offset: 0x548) 00000000 	udf	#0
000000000000054c <.dynsym+0x27c> (File Offset: 0x54c) 00000000 	udf	#0
0000000000000550 <.dynsym+0x280> (File Offset: 0x550) 00000000 	udf	#0
0000000000000554 <.dynsym+0x284> (File Offset: 0x554) 00000000 	udf	#0
0000000000000558 <.dynsym+0x288> (File Offset: 0x558) 000002e0 	udf	#736
000000000000055c <.dynsym+0x28c> (File Offset: 0x55c) 00000012 	udf	#18
0000000000000560 <.dynsym+0x290> (File Offset: 0x560) 00000000 	udf	#0
0000000000000564 <.dynsym+0x294> (File Offset: 0x564) 00000000 	udf	#0
0000000000000568 <.dynsym+0x298> (File Offset: 0x568) 00000000 	udf	#0
000000000000056c <.dynsym+0x29c> (File Offset: 0x56c) 00000000 	udf	#0
0000000000000570 <.dynsym+0x2a0> (File Offset: 0x570) 000001af 	udf	#431
0000000000000574 <.dynsym+0x2a4> (File Offset: 0x574) 00000011 	udf	#17
0000000000000578 <.dynsym+0x2a8> (File Offset: 0x578) 00000000 	udf	#0
000000000000057c <.dynsym+0x2ac> (File Offset: 0x57c) 00000000 	udf	#0
0000000000000580 <.dynsym+0x2b0> (File Offset: 0x580) 00000000 	udf	#0
0000000000000584 <.dynsym+0x2b4> (File Offset: 0x584) 00000000 	udf	#0
0000000000000588 <.dynsym+0x2b8> (File Offset: 0x588) 0000026e 	udf	#622
000000000000058c <.dynsym+0x2bc> (File Offset: 0x58c) 00000012 	udf	#18
0000000000000590 <.dynsym+0x2c0> (File Offset: 0x590) 00000000 	udf	#0
0000000000000594 <.dynsym+0x2c4> (File Offset: 0x594) 00000000 	udf	#0
0000000000000598 <.dynsym+0x2c8> (File Offset: 0x598) 00000000 	udf	#0
000000000000059c <.dynsym+0x2cc> (File Offset: 0x59c) 00000000 	udf	#0
00000000000005a0 <.dynsym+0x2d0> (File Offset: 0x5a0) 000000de 	udf	#222
00000000000005a4 <.dynsym+0x2d4> (File Offset: 0x5a4) 00000012 	udf	#18
00000000000005a8 <.dynsym+0x2d8> (File Offset: 0x5a8) 00000000 	udf	#0
00000000000005ac <.dynsym+0x2dc> (File Offset: 0x5ac) 00000000 	udf	#0
00000000000005b0 <.dynsym+0x2e0> (File Offset: 0x5b0) 00000000 	udf	#0
00000000000005b4 <.dynsym+0x2e4> (File Offset: 0x5b4) 00000000 	udf	#0
00000000000005b8 <.dynsym+0x2e8> (File Offset: 0x5b8) 00000086 	udf	#134
00000000000005bc <.dynsym+0x2ec> (File Offset: 0x5bc) 00000012 	udf	#18
00000000000005c0 <.dynsym+0x2f0> (File Offset: 0x5c0) 00000000 	udf	#0
00000000000005c4 <.dynsym+0x2f4> (File Offset: 0x5c4) 00000000 	udf	#0
00000000000005c8 <.dynsym+0x2f8> (File Offset: 0x5c8) 00000000 	udf	#0
00000000000005cc <.dynsym+0x2fc> (File Offset: 0x5cc) 00000000 	udf	#0
00000000000005d0 <.dynsym+0x300> (File Offset: 0x5d0) 0000011e 	udf	#286
00000000000005d4 <.dynsym+0x304> (File Offset: 0x5d4) 00000012 	udf	#18
00000000000005d8 <.dynsym+0x308> (File Offset: 0x5d8) 00000000 	udf	#0
00000000000005dc <.dynsym+0x30c> (File Offset: 0x5dc) 00000000 	udf	#0
00000000000005e0 <.dynsym+0x310> (File Offset: 0x5e0) 00000000 	udf	#0
00000000000005e4 <.dynsym+0x314> (File Offset: 0x5e4) 00000000 	udf	#0
00000000000005e8 <.dynsym+0x318> (File Offset: 0x5e8) 00000287 	udf	#647
00000000000005ec <.dynsym+0x31c> (File Offset: 0x5ec) 00000012 	udf	#18
00000000000005f0 <.dynsym+0x320> (File Offset: 0x5f0) 00000000 	udf	#0
00000000000005f4 <.dynsym+0x324> (File Offset: 0x5f4) 00000000 	udf	#0
00000000000005f8 <.dynsym+0x328> (File Offset: 0x5f8) 00000000 	udf	#0
00000000000005fc <.dynsym+0x32c> (File Offset: 0x5fc) 00000000 	udf	#0
0000000000000600 <.dynsym+0x330> (File Offset: 0x600) 00000126 	udf	#294
0000000000000604 <.dynsym+0x334> (File Offset: 0x604) 00000012 	udf	#18
0000000000000608 <.dynsym+0x338> (File Offset: 0x608) 00000000 	udf	#0
000000000000060c <.dynsym+0x33c> (File Offset: 0x60c) 00000000 	udf	#0
0000000000000610 <.dynsym+0x340> (File Offset: 0x610) 00000000 	udf	#0
0000000000000614 <.dynsym+0x344> (File Offset: 0x614) 00000000 	udf	#0
0000000000000618 <.dynsym+0x348> (File Offset: 0x618) 000001d3 	udf	#467
000000000000061c <.dynsym+0x34c> (File Offset: 0x61c) 00000011 	udf	#17
0000000000000620 <.dynsym+0x350> (File Offset: 0x620) 00000000 	udf	#0
0000000000000624 <.dynsym+0x354> (File Offset: 0x624) 00000000 	udf	#0
0000000000000628 <.dynsym+0x358> (File Offset: 0x628) 00000000 	udf	#0
000000000000062c <.dynsym+0x35c> (File Offset: 0x62c) 00000000 	udf	#0
0000000000000630 <.dynsym+0x360> (File Offset: 0x630) 00000265 	udf	#613
0000000000000634 <.dynsym+0x364> (File Offset: 0x634) 00000012 	udf	#18
0000000000000638 <.dynsym+0x368> (File Offset: 0x638) 00000000 	udf	#0
000000000000063c <.dynsym+0x36c> (File Offset: 0x63c) 00000000 	udf	#0
0000000000000640 <.dynsym+0x370> (File Offset: 0x640) 00000000 	udf	#0
0000000000000644 <.dynsym+0x374> (File Offset: 0x644) 00000000 	udf	#0
0000000000000648 <.dynsym+0x378> (File Offset: 0x648) 000001e9 	udf	#489
000000000000064c <.dynsym+0x37c> (File Offset: 0x64c) 00000012 	udf	#18
0000000000000650 <.dynsym+0x380> (File Offset: 0x650) 00000000 	udf	#0
0000000000000654 <.dynsym+0x384> (File Offset: 0x654) 00000000 	udf	#0
0000000000000658 <.dynsym+0x388> (File Offset: 0x658) 00000000 	udf	#0
000000000000065c <.dynsym+0x38c> (File Offset: 0x65c) 00000000 	udf	#0
0000000000000660 <.dynsym+0x390> (File Offset: 0x660) 0000001d 	udf	#29
0000000000000664 <.dynsym+0x394> (File Offset: 0x664) 00000020 	udf	#32
0000000000000668 <.dynsym+0x398> (File Offset: 0x668) 00000000 	udf	#0
000000000000066c <.dynsym+0x39c> (File Offset: 0x66c) 00000000 	udf	#0
0000000000000670 <.dynsym+0x3a0> (File Offset: 0x670) 00000000 	udf	#0
0000000000000674 <.dynsym+0x3a4> (File Offset: 0x674) 00000000 	udf	#0
0000000000000678 <.dynsym+0x3a8> (File Offset: 0x678) 000000c7 	udf	#199
000000000000067c <.dynsym+0x3ac> (File Offset: 0x67c) 00000012 	udf	#18
0000000000000680 <.dynsym+0x3b0> (File Offset: 0x680) 00000000 	udf	#0
0000000000000684 <.dynsym+0x3b4> (File Offset: 0x684) 00000000 	udf	#0
0000000000000688 <.dynsym+0x3b8> (File Offset: 0x688) 00000000 	udf	#0
000000000000068c <.dynsym+0x3bc> (File Offset: 0x68c) 00000000 	udf	#0
0000000000000690 <.dynsym+0x3c0> (File Offset: 0x690) 000000d2 	udf	#210
0000000000000694 <.dynsym+0x3c4> (File Offset: 0x694) 00000012 	udf	#18
0000000000000698 <.dynsym+0x3c8> (File Offset: 0x698) 00000000 	udf	#0
000000000000069c <.dynsym+0x3cc> (File Offset: 0x69c) 00000000 	udf	#0
00000000000006a0 <.dynsym+0x3d0> (File Offset: 0x6a0) 00000000 	udf	#0
00000000000006a4 <.dynsym+0x3d4> (File Offset: 0x6a4) 00000000 	udf	#0
00000000000006a8 <.dynsym+0x3d8> (File Offset: 0x6a8) 00000067 	udf	#103
00000000000006ac <.dynsym+0x3dc> (File Offset: 0x6ac) 00000012 	udf	#18
00000000000006b0 <.dynsym+0x3e0> (File Offset: 0x6b0) 00000000 	udf	#0
00000000000006b4 <.dynsym+0x3e4> (File Offset: 0x6b4) 00000000 	udf	#0
00000000000006b8 <.dynsym+0x3e8> (File Offset: 0x6b8) 00000000 	udf	#0
00000000000006bc <.dynsym+0x3ec> (File Offset: 0x6bc) 00000000 	udf	#0
00000000000006c0 <.dynsym+0x3f0> (File Offset: 0x6c0) 00000209 	udf	#521
00000000000006c4 <.dynsym+0x3f4> (File Offset: 0x6c4) 00000012 	udf	#18
00000000000006c8 <.dynsym+0x3f8> (File Offset: 0x6c8) 00000000 	udf	#0
00000000000006cc <.dynsym+0x3fc> (File Offset: 0x6cc) 00000000 	udf	#0
00000000000006d0 <.dynsym+0x400> (File Offset: 0x6d0) 00000000 	udf	#0
00000000000006d4 <.dynsym+0x404> (File Offset: 0x6d4) 00000000 	udf	#0
00000000000006d8 <.dynsym+0x408> (File Offset: 0x6d8) 0000007b 	udf	#123
00000000000006dc <.dynsym+0x40c> (File Offset: 0x6dc) 00000012 	udf	#18
00000000000006e0 <.dynsym+0x410> (File Offset: 0x6e0) 00000000 	udf	#0
00000000000006e4 <.dynsym+0x414> (File Offset: 0x6e4) 00000000 	udf	#0
00000000000006e8 <.dynsym+0x418> (File Offset: 0x6e8) 00000000 	udf	#0
00000000000006ec <.dynsym+0x41c> (File Offset: 0x6ec) 00000000 	udf	#0
00000000000006f0 <.dynsym+0x420> (File Offset: 0x6f0) 0000014d 	udf	#333
00000000000006f4 <.dynsym+0x424> (File Offset: 0x6f4) 00000012 	udf	#18
00000000000006f8 <.dynsym+0x428> (File Offset: 0x6f8) 00000000 	udf	#0
00000000000006fc <.dynsym+0x42c> (File Offset: 0x6fc) 00000000 	udf	#0
0000000000000700 <.dynsym+0x430> (File Offset: 0x700) 00000000 	udf	#0
0000000000000704 <.dynsym+0x434> (File Offset: 0x704) 00000000 	udf	#0
0000000000000708 <.dynsym+0x438> (File Offset: 0x708) 000002ac 	udf	#684
000000000000070c <.dynsym+0x43c> (File Offset: 0x70c) 00000012 	udf	#18
0000000000000710 <.dynsym+0x440> (File Offset: 0x710) 00000000 	udf	#0
0000000000000714 <.dynsym+0x444> (File Offset: 0x714) 00000000 	udf	#0
0000000000000718 <.dynsym+0x448> (File Offset: 0x718) 00000000 	udf	#0
000000000000071c <.dynsym+0x44c> (File Offset: 0x71c) 00000000 	udf	#0
0000000000000720 <.dynsym+0x450> (File Offset: 0x720) 000000e6 	udf	#230
0000000000000724 <.dynsym+0x454> (File Offset: 0x724) 00000012 	udf	#18
0000000000000728 <.dynsym+0x458> (File Offset: 0x728) 00000000 	udf	#0
000000000000072c <.dynsym+0x45c> (File Offset: 0x72c) 00000000 	udf	#0
0000000000000730 <.dynsym+0x460> (File Offset: 0x730) 00000000 	udf	#0
0000000000000734 <.dynsym+0x464> (File Offset: 0x734) 00000000 	udf	#0
0000000000000738 <.dynsym+0x468> (File Offset: 0x738) 000000fa 	udf	#250
000000000000073c <.dynsym+0x46c> (File Offset: 0x73c) 00000012 	udf	#18
0000000000000740 <.dynsym+0x470> (File Offset: 0x740) 00000000 	udf	#0
0000000000000744 <.dynsym+0x474> (File Offset: 0x744) 00000000 	udf	#0
0000000000000748 <.dynsym+0x478> (File Offset: 0x748) 00000000 	udf	#0
000000000000074c <.dynsym+0x47c> (File Offset: 0x74c) 00000000 	udf	#0
0000000000000750 <.dynsym+0x480> (File Offset: 0x750) 00000160 	udf	#352
0000000000000754 <.dynsym+0x484> (File Offset: 0x754) 00000012 	udf	#18
0000000000000758 <.dynsym+0x488> (File Offset: 0x758) 00000000 	udf	#0
000000000000075c <.dynsym+0x48c> (File Offset: 0x75c) 00000000 	udf	#0
0000000000000760 <.dynsym+0x490> (File Offset: 0x760) 00000000 	udf	#0
0000000000000764 <.dynsym+0x494> (File Offset: 0x764) 00000000 	udf	#0
0000000000000768 <.dynsym+0x498> (File Offset: 0x768) 0000009f 	udf	#159
000000000000076c <.dynsym+0x49c> (File Offset: 0x76c) 00000012 	udf	#18
0000000000000770 <.dynsym+0x4a0> (File Offset: 0x770) 00000000 	udf	#0
0000000000000774 <.dynsym+0x4a4> (File Offset: 0x774) 00000000 	udf	#0
0000000000000778 <.dynsym+0x4a8> (File Offset: 0x778) 00000000 	udf	#0
000000000000077c <.dynsym+0x4ac> (File Offset: 0x77c) 00000000 	udf	#0
0000000000000780 <.dynsym+0x4b0> (File Offset: 0x780) 000002ca 	udf	#714
0000000000000784 <.dynsym+0x4b4> (File Offset: 0x784) 00000012 	udf	#18
0000000000000788 <.dynsym+0x4b8> (File Offset: 0x788) 00000000 	udf	#0
000000000000078c <.dynsym+0x4bc> (File Offset: 0x78c) 00000000 	udf	#0
0000000000000790 <.dynsym+0x4c0> (File Offset: 0x790) 00000000 	udf	#0
0000000000000794 <.dynsym+0x4c4> (File Offset: 0x794) 00000000 	udf	#0
0000000000000798 <.dynsym+0x4c8> (File Offset: 0x798) 000001cc 	udf	#460
000000000000079c <.dynsym+0x4cc> (File Offset: 0x79c) 00000012 	udf	#18
00000000000007a0 <.dynsym+0x4d0> (File Offset: 0x7a0) 00000000 	udf	#0
00000000000007a4 <.dynsym+0x4d4> (File Offset: 0x7a4) 00000000 	udf	#0
00000000000007a8 <.dynsym+0x4d8> (File Offset: 0x7a8) 00000000 	udf	#0
00000000000007ac <.dynsym+0x4dc> (File Offset: 0x7ac) 00000000 	udf	#0
00000000000007b0 <.dynsym+0x4e0> (File Offset: 0x7b0) 000001f9 	udf	#505
00000000000007b4 <.dynsym+0x4e4> (File Offset: 0x7b4) 00000012 	udf	#18
00000000000007b8 <.dynsym+0x4e8> (File Offset: 0x7b8) 00000000 	udf	#0
00000000000007bc <.dynsym+0x4ec> (File Offset: 0x7bc) 00000000 	udf	#0
00000000000007c0 <.dynsym+0x4f0> (File Offset: 0x7c0) 00000000 	udf	#0
00000000000007c4 <.dynsym+0x4f4> (File Offset: 0x7c4) 00000000 	udf	#0
00000000000007c8 <.dynsym+0x4f8> (File Offset: 0x7c8) 000001df 	udf	#479
00000000000007cc <.dynsym+0x4fc> (File Offset: 0x7cc) 00000012 	udf	#18
00000000000007d0 <.dynsym+0x500> (File Offset: 0x7d0) 00000000 	udf	#0
00000000000007d4 <.dynsym+0x504> (File Offset: 0x7d4) 00000000 	udf	#0
00000000000007d8 <.dynsym+0x508> (File Offset: 0x7d8) 00000000 	udf	#0
00000000000007dc <.dynsym+0x50c> (File Offset: 0x7dc) 00000000 	udf	#0
00000000000007e0 <.dynsym+0x510> (File Offset: 0x7e0) 00000189 	udf	#393
00000000000007e4 <.dynsym+0x514> (File Offset: 0x7e4) 00000012 	udf	#18
00000000000007e8 <.dynsym+0x518> (File Offset: 0x7e8) 00000000 	udf	#0
00000000000007ec <.dynsym+0x51c> (File Offset: 0x7ec) 00000000 	udf	#0
00000000000007f0 <.dynsym+0x520> (File Offset: 0x7f0) 00000000 	udf	#0
00000000000007f4 <.dynsym+0x524> (File Offset: 0x7f4) 00000000 	udf	#0
00000000000007f8 <.dynsym+0x528> (File Offset: 0x7f8) 0000027c 	udf	#636
00000000000007fc <.dynsym+0x52c> (File Offset: 0x7fc) 00000012 	udf	#18
0000000000000800 <.dynsym+0x530> (File Offset: 0x800) 00000000 	udf	#0
0000000000000804 <.dynsym+0x534> (File Offset: 0x804) 00000000 	udf	#0
0000000000000808 <.dynsym+0x538> (File Offset: 0x808) 00000000 	udf	#0
000000000000080c <.dynsym+0x53c> (File Offset: 0x80c) 00000000 	udf	#0
0000000000000810 <.dynsym+0x540> (File Offset: 0x810) 000001ff 	udf	#511
0000000000000814 <.dynsym+0x544> (File Offset: 0x814) 00000012 	udf	#18
0000000000000818 <.dynsym+0x548> (File Offset: 0x818) 00000000 	udf	#0
000000000000081c <.dynsym+0x54c> (File Offset: 0x81c) 00000000 	udf	#0
0000000000000820 <.dynsym+0x550> (File Offset: 0x820) 00000000 	udf	#0
0000000000000824 <.dynsym+0x554> (File Offset: 0x824) 00000000 	udf	#0
0000000000000828 <.dynsym+0x558> (File Offset: 0x828) 00000178 	udf	#376
000000000000082c <.dynsym+0x55c> (File Offset: 0x82c) 00000012 	udf	#18
0000000000000830 <.dynsym+0x560> (File Offset: 0x830) 00000000 	udf	#0
0000000000000834 <.dynsym+0x564> (File Offset: 0x834) 00000000 	udf	#0
0000000000000838 <.dynsym+0x568> (File Offset: 0x838) 00000000 	udf	#0
000000000000083c <.dynsym+0x56c> (File Offset: 0x83c) 00000000 	udf	#0
0000000000000840 <.dynsym+0x570> (File Offset: 0x840) 0000002c 	udf	#44
0000000000000844 <.dynsym+0x574> (File Offset: 0x844) 00000020 	udf	#32
0000000000000848 <.dynsym+0x578> (File Offset: 0x848) 00000000 	udf	#0
000000000000084c <.dynsym+0x57c> (File Offset: 0x84c) 00000000 	udf	#0
0000000000000850 <.dynsym+0x580> (File Offset: 0x850) 00000000 	udf	#0
0000000000000854 <.dynsym+0x584> (File Offset: 0x854) 00000000 	udf	#0
0000000000000858 <.dynsym+0x588> (File Offset: 0x858) 00000244 	udf	#580
000000000000085c <.dynsym+0x58c> (File Offset: 0x85c) 00000012 	udf	#18
0000000000000860 <.dynsym+0x590> (File Offset: 0x860) 00000000 	udf	#0
0000000000000864 <.dynsym+0x594> (File Offset: 0x864) 00000000 	udf	#0
0000000000000868 <.dynsym+0x598> (File Offset: 0x868) 00000000 	udf	#0
000000000000086c <.dynsym+0x59c> (File Offset: 0x86c) 00000000 	udf	#0
0000000000000870 <.dynsym+0x5a0> (File Offset: 0x870) 0000029f 	udf	#671
0000000000000874 <.dynsym+0x5a4> (File Offset: 0x874) 00000011 	udf	#17
0000000000000878 <.dynsym+0x5a8> (File Offset: 0x878) 00000000 	udf	#0
000000000000087c <.dynsym+0x5ac> (File Offset: 0x87c) 00000000 	udf	#0
0000000000000880 <.dynsym+0x5b0> (File Offset: 0x880) 00000000 	udf	#0
0000000000000884 <.dynsym+0x5b4> (File Offset: 0x884) 00000000 	udf	#0
0000000000000888 <.dynsym+0x5b8> (File Offset: 0x888) 000002d7 	udf	#727
000000000000088c <.dynsym+0x5bc> (File Offset: 0x88c) 00000012 	udf	#18
0000000000000890 <.dynsym+0x5c0> (File Offset: 0x890) 00000000 	udf	#0
0000000000000894 <.dynsym+0x5c4> (File Offset: 0x894) 00000000 	udf	#0
0000000000000898 <.dynsym+0x5c8> (File Offset: 0x898) 00000000 	udf	#0
000000000000089c <.dynsym+0x5cc> (File Offset: 0x89c) 00000000 	udf	#0
00000000000008a0 <.dynsym+0x5d0> (File Offset: 0x8a0) 000002d9 	udf	#729
00000000000008a4 <.dynsym+0x5d4> (File Offset: 0x8a4) 00000012 	udf	#18
00000000000008a8 <.dynsym+0x5d8> (File Offset: 0x8a8) 00000000 	udf	#0
00000000000008ac <.dynsym+0x5dc> (File Offset: 0x8ac) 00000000 	udf	#0
00000000000008b0 <.dynsym+0x5e0> (File Offset: 0x8b0) 00000000 	udf	#0
00000000000008b4 <.dynsym+0x5e4> (File Offset: 0x8b4) 00000000 	udf	#0
00000000000008b8 <.dynsym+0x5e8> (File Offset: 0x8b8) 000001b6 	udf	#438
00000000000008bc <.dynsym+0x5ec> (File Offset: 0x8bc) 00000012 	udf	#18
00000000000008c0 <.dynsym+0x5f0> (File Offset: 0x8c0) 00000000 	udf	#0
00000000000008c4 <.dynsym+0x5f4> (File Offset: 0x8c4) 00000000 	udf	#0
00000000000008c8 <.dynsym+0x5f8> (File Offset: 0x8c8) 00000000 	udf	#0
00000000000008cc <.dynsym+0x5fc> (File Offset: 0x8cc) 00000000 	udf	#0
00000000000008d0 <.dynsym+0x600> (File Offset: 0x8d0) 00000254 	udf	#596
00000000000008d4 <.dynsym+0x604> (File Offset: 0x8d4) 00000012 	udf	#18
00000000000008d8 <.dynsym+0x608> (File Offset: 0x8d8) 00000000 	udf	#0
00000000000008dc <.dynsym+0x60c> (File Offset: 0x8dc) 00000000 	udf	#0
00000000000008e0 <.dynsym+0x610> (File Offset: 0x8e0) 00000000 	udf	#0
00000000000008e4 <.dynsym+0x614> (File Offset: 0x8e4) 00000000 	udf	#0
00000000000008e8 <.dynsym+0x618> (File Offset: 0x8e8) 000001f1 	udf	#497
00000000000008ec <.dynsym+0x61c> (File Offset: 0x8ec) 00000012 	udf	#18
00000000000008f0 <.dynsym+0x620> (File Offset: 0x8f0) 00000000 	udf	#0
00000000000008f4 <.dynsym+0x624> (File Offset: 0x8f4) 00000000 	udf	#0
00000000000008f8 <.dynsym+0x628> (File Offset: 0x8f8) 00000000 	udf	#0
00000000000008fc <.dynsym+0x62c> (File Offset: 0x8fc) 00000000 	udf	#0
0000000000000900 <.dynsym+0x630> (File Offset: 0x900) 000002d8 	udf	#728
0000000000000904 <.dynsym+0x634> (File Offset: 0x904) 00000012 	udf	#18
0000000000000908 <.dynsym+0x638> (File Offset: 0x908) 00000000 	udf	#0
000000000000090c <.dynsym+0x63c> (File Offset: 0x90c) 00000000 	udf	#0
0000000000000910 <.dynsym+0x640> (File Offset: 0x910) 00000000 	udf	#0
0000000000000914 <.dynsym+0x644> (File Offset: 0x914) 00000000 	udf	#0
0000000000000918 <.dynsym+0x648> (File Offset: 0x918) 000001d9 	udf	#473
000000000000091c <.dynsym+0x64c> (File Offset: 0x91c) 00000012 	udf	#18
0000000000000920 <.dynsym+0x650> (File Offset: 0x920) 00000000 	udf	#0
0000000000000924 <.dynsym+0x654> (File Offset: 0x924) 00000000 	udf	#0
0000000000000928 <.dynsym+0x658> (File Offset: 0x928) 00000000 	udf	#0
000000000000092c <.dynsym+0x65c> (File Offset: 0x92c) 00000000 	udf	#0
0000000000000930 <.dynsym+0x660> (File Offset: 0x930) 0000006d 	udf	#109
0000000000000934 <.dynsym+0x664> (File Offset: 0x934) 00000012 	udf	#18
0000000000000938 <.dynsym+0x668> (File Offset: 0x938) 00000000 	udf	#0
000000000000093c <.dynsym+0x66c> (File Offset: 0x93c) 00000000 	udf	#0
0000000000000940 <.dynsym+0x670> (File Offset: 0x940) 00000000 	udf	#0
0000000000000944 <.dynsym+0x674> (File Offset: 0x944) 00000000 	udf	#0
0000000000000948 <.dynsym+0x678> (File Offset: 0x948) 000000ec 	udf	#236
000000000000094c <.dynsym+0x67c> (File Offset: 0x94c) 00000012 	udf	#18
0000000000000950 <.dynsym+0x680> (File Offset: 0x950) 00000000 	udf	#0
0000000000000954 <.dynsym+0x684> (File Offset: 0x954) 00000000 	udf	#0
0000000000000958 <.dynsym+0x688> (File Offset: 0x958) 00000000 	udf	#0
000000000000095c <.dynsym+0x68c> (File Offset: 0x95c) 00000000 	udf	#0

Disassembly of section .dynstr:
0000000000000960 <.dynstr> (File Offset: 0x960) 54495f00 	b.eq	0000000000093540 <ferror@plt+0x91bb0> (File Offset: 0x93540)  // b.none
0000000000000964 <.dynstr+0x4> (File Offset: 0x964) 65645f4d 	fnmla	z13.h, p7/m, z26.h, z4.h
0000000000000968 <.dynstr+0x8> (File Offset: 0x968) 69676572 	ldpsw	x18, x25, [x11, #-200]
000000000000096c <.dynstr+0xc> (File Offset: 0x96c) 72657473 	.inst	0x72657473 ; undefined
0000000000000970 <.dynstr+0x10> (File Offset: 0x970) 6c434d54 	ldnp	d20, d19, [x10, #48]
0000000000000974 <.dynstr+0x14> (File Offset: 0x974) 54656e6f 	b.nv	00000000000cb740 <ferror@plt+0xc9db0> (File Offset: 0xcb740)
0000000000000978 <.dynstr+0x18> (File Offset: 0x978) 656c6261 	fnmls	z1.h, p0/m, z19.h, z12.h
000000000000097c <.dynstr+0x1c> (File Offset: 0x97c) 675f5f00 	.inst	0x675f5f00 ; undefined
0000000000000980 <.dynstr+0x20> (File Offset: 0x980) 5f6e6f6d 	.inst	0x5f6e6f6d ; undefined
0000000000000984 <.dynstr+0x24> (File Offset: 0x984) 72617473 	.inst	0x72617473 ; undefined
0000000000000988 <.dynstr+0x28> (File Offset: 0x988) 005f5f74 	.inst	0x005f5f74 ; undefined
000000000000098c <.dynstr+0x2c> (File Offset: 0x98c) 4d54495f 	.inst	0x4d54495f ; undefined
0000000000000990 <.dynstr+0x30> (File Offset: 0x990) 6765725f 	.inst	0x6765725f ; undefined
0000000000000994 <.dynstr+0x34> (File Offset: 0x994) 65747369 	fnmls	z9.h, p4/m, z27.h, z20.h
0000000000000998 <.dynstr+0x38> (File Offset: 0x998) 434d5472 	.inst	0x434d5472 ; undefined
000000000000099c <.dynstr+0x3c> (File Offset: 0x99c) 656e6f6c 	fnmls	z12.h, p3/m, z27.h, z14.h
00000000000009a0 <.dynstr+0x40> (File Offset: 0x9a0) 6c626154 	ldnp	d20, d24, [x10, #-480]
00000000000009a4 <.dynstr+0x44> (File Offset: 0x9a4) 5f5f0065 	.inst	0x5f5f0065 ; undefined
00000000000009a8 <.dynstr+0x48> (File Offset: 0x9a8) 6362696c 	.inst	0x6362696c ; undefined
00000000000009ac <.dynstr+0x4c> (File Offset: 0x9ac) 6174735f 	.inst	0x6174735f ; undefined
00000000000009b0 <.dynstr+0x50> (File Offset: 0x9b0) 6d5f7472 	ldp	d18, d29, [x3, #496]
00000000000009b4 <.dynstr+0x54> (File Offset: 0x9b4) 006e6961 	.inst	0x006e6961 ; undefined
00000000000009b8 <.dynstr+0x58> (File Offset: 0x9b8) 78635f5f 	.inst	0x78635f5f ; undefined
00000000000009bc <.dynstr+0x5c> (File Offset: 0x9bc) 69665f61 	ldpsw	x1, x23, [x27, #-208]
00000000000009c0 <.dynstr+0x60> (File Offset: 0x9c0) 696c616e 	ldpsw	x14, x24, [x11, #-160]
00000000000009c4 <.dynstr+0x64> (File Offset: 0x9c4) 6100657a 	.inst	0x6100657a ; undefined
00000000000009c8 <.dynstr+0x68> (File Offset: 0x9c8) 74726f62 	.inst	0x74726f62 ; undefined
00000000000009cc <.dynstr+0x6c> (File Offset: 0x9cc) 74657300 	.inst	0x74657300 ; undefined
00000000000009d0 <.dynstr+0x70> (File Offset: 0x9d0) 61636f6c 	.inst	0x61636f6c ; undefined
00000000000009d4 <.dynstr+0x74> (File Offset: 0x9d4) 6200656c 	.inst	0x6200656c ; undefined
00000000000009d8 <.dynstr+0x78> (File Offset: 0x9d8) 74646e69 	.inst	0x74646e69 ; undefined
00000000000009dc <.dynstr+0x7c> (File Offset: 0x9dc) 64747865 	.inst	0x64747865 ; undefined
00000000000009e0 <.dynstr+0x80> (File Offset: 0x9e0) 69616d6f 	ldpsw	x15, x27, [x11, #-248]
00000000000009e4 <.dynstr+0x84> (File Offset: 0x9e4) 6d78006e 	ldp	d14, d0, [x3, #-128]
00000000000009e8 <.dynstr+0x88> (File Offset: 0x9e8) 6f6c6c61 	.inst	0x6f6c6c61 ; undefined
00000000000009ec <.dynstr+0x8c> (File Offset: 0x9ec) 65735f63 	fnmla	z3.h, p7/m, z27.h, z19.h
00000000000009f0 <.dynstr+0x90> (File Offset: 0x9f0) 72705f74 	.inst	0x72705f74 ; undefined
00000000000009f4 <.dynstr+0x94> (File Offset: 0x9f4) 6172676f 	.inst	0x6172676f ; undefined
00000000000009f8 <.dynstr+0x98> (File Offset: 0x9f8) 616e5f6d 	.inst	0x616e5f6d ; undefined
00000000000009fc <.dynstr+0x9c> (File Offset: 0x9fc) 6200656d 	.inst	0x6200656d ; undefined
0000000000000a00 <.dynstr+0xa0> (File Offset: 0xa00) 735f6466 	.inst	0x735f6466 ; undefined
0000000000000a04 <.dynstr+0xa4> (File Offset: 0xa04) 655f7465 	fcmeq	p5.h, p5/z, z3.h, z31.h
0000000000000a08 <.dynstr+0xa8> (File Offset: 0xa08) 726f7272 	.inst	0x726f7272 ; undefined
0000000000000a0c <.dynstr+0xac> (File Offset: 0xa0c) 6f72705f 	fcmla	v31.8h, v2.8h, v18.h[1], #270
0000000000000a10 <.dynstr+0xb0> (File Offset: 0xa10) 6d617267 	ldp	d7, d28, [x19, #-496]
0000000000000a14 <.dynstr+0xb4> (File Offset: 0xa14) 6d616e5f 	ldp	d31, d27, [x18, #-496]
0000000000000a18 <.dynstr+0xb8> (File Offset: 0xa18) 735f0065 	.inst	0x735f0065 ; undefined
0000000000000a1c <.dynstr+0xbc> (File Offset: 0xa1c) 695f6863 	ldpsw	x3, x26, [x3, #248]
0000000000000a20 <.dynstr+0xc0> (File Offset: 0xa20) 62617473 	.inst	0x62617473 ; undefined
0000000000000a24 <.dynstr+0xc4> (File Offset: 0xa24) 7300656c 	.inst	0x7300656c ; undefined
0000000000000a28 <.dynstr+0xc8> (File Offset: 0xa28) 00746174 	.inst	0x00746174 ; undefined
0000000000000a2c <.dynstr+0xcc> (File Offset: 0xa2c) 65706f66 	fnmls	z6.h, p3/m, z27.h, z16.h
0000000000000a30 <.dynstr+0xd0> (File Offset: 0xa30) 7366006e 	.inst	0x7366006e ; undefined
0000000000000a34 <.dynstr+0xd4> (File Offset: 0xa34) 006b6565 	.inst	0x006b6565 ; undefined
0000000000000a38 <.dynstr+0xd8> (File Offset: 0xa38) 6c657466 	ldnp	d6, d29, [x3, #-432]
0000000000000a3c <.dynstr+0xdc> (File Offset: 0xa3c) 6d78006c 	ldp	d12, d0, [x3, #-128]
0000000000000a40 <.dynstr+0xe0> (File Offset: 0xa40) 6f6c6c61 	.inst	0x6f6c6c61 ; undefined
0000000000000a44 <.dynstr+0xe4> (File Offset: 0xa44) 72660063 	.inst	0x72660063 ; undefined
0000000000000a48 <.dynstr+0xe8> (File Offset: 0xa48) 00646165 	.inst	0x00646165 ; undefined
0000000000000a4c <.dynstr+0xec> (File Offset: 0xa4c) 72726566 	.inst	0x72726566 ; undefined
0000000000000a50 <.dynstr+0xf0> (File Offset: 0xa50) 7300726f 	.inst	0x7300726f ; undefined
0000000000000a54 <.dynstr+0xf4> (File Offset: 0xa54) 656c7274 	fnmls	z20.h, p4/m, z19.h, z12.h
0000000000000a58 <.dynstr+0xf8> (File Offset: 0xa58) 7266006e 	.inst	0x7266006e ; undefined
0000000000000a5c <.dynstr+0xfc> (File Offset: 0xa5c) 78006565 	strh	w5, [x11], #6
0000000000000a60 <.dynstr+0x100> (File Offset: 0xa60) 6c616572 	ldnp	d18, d25, [x11, #-496]
0000000000000a64 <.dynstr+0x104> (File Offset: 0xa64) 00636f6c 	.inst	0x00636f6c ; undefined
0000000000000a68 <.dynstr+0x108> (File Offset: 0xa68) 6d6d656d 	ldp	d13, d25, [x11, #-304]
0000000000000a6c <.dynstr+0x10c> (File Offset: 0xa6c) 0065766f 	.inst	0x0065766f ; undefined
0000000000000a70 <.dynstr+0x110> (File Offset: 0xa70) 636d656d 	.inst	0x636d656d ; undefined
0000000000000a74 <.dynstr+0x114> (File Offset: 0xa74) 66007970 	.inst	0x66007970 ; undefined
0000000000000a78 <.dynstr+0x118> (File Offset: 0xa78) 736f6c63 	.inst	0x736f6c63 ; undefined
0000000000000a7c <.dynstr+0x11c> (File Offset: 0xa7c) 73780065 	.inst	0x73780065 ; undefined
0000000000000a80 <.dynstr+0x120> (File Offset: 0xa80) 75647274 	.inst	0x75647274 ; undefined
0000000000000a84 <.dynstr+0x124> (File Offset: 0xa84) 66620070 	.inst	0x66620070 ; undefined
0000000000000a88 <.dynstr+0x128> (File Offset: 0xa88) 6e695f64 	uqrshl	v4.8h, v27.8h, v9.8h
0000000000000a8c <.dynstr+0x12c> (File Offset: 0xa8c) 62007469 	.inst	0x62007469 ; undefined
0000000000000a90 <.dynstr+0x130> (File Offset: 0xa90) 735f6466 	.inst	0x735f6466 ; undefined
0000000000000a94 <.dynstr+0x134> (File Offset: 0xa94) 645f7465 	fcmla	z5.h, p5/m, z3.h, z31.h, #270
0000000000000a98 <.dynstr+0x138> (File Offset: 0xa98) 75616665 	.inst	0x75616665 ; undefined
0000000000000a9c <.dynstr+0x13c> (File Offset: 0xa9c) 745f746c 	.inst	0x745f746c ; undefined
0000000000000aa0 <.dynstr+0x140> (File Offset: 0xaa0) 65677261 	fnmls	z1.h, p4/m, z19.h, z7.h
0000000000000aa4 <.dynstr+0x144> (File Offset: 0xaa4) 706f0074 	adr	x20, 00000000000deab3 <ferror@plt+0xdd123> (File Offset: 0xdeab3)
0000000000000aa8 <.dynstr+0x148> (File Offset: 0xaa8) 67726174 	.inst	0x67726174 ; undefined
0000000000000aac <.dynstr+0x14c> (File Offset: 0xaac) 74656700 	.inst	0x74656700 ; undefined
0000000000000ab0 <.dynstr+0x150> (File Offset: 0xab0) 5f74706f 	sqdmlsl	s15, h3, v4.h[3]
0000000000000ab4 <.dynstr+0x154> (File Offset: 0xab4) 676e6f6c 	.inst	0x676e6f6c ; undefined
0000000000000ab8 <.dynstr+0x158> (File Offset: 0xab8) 64747300 	.inst	0x64747300 ; undefined
0000000000000abc <.dynstr+0x15c> (File Offset: 0xabc) 00727265 	.inst	0x00727265 ; undefined
0000000000000ac0 <.dynstr+0x160> (File Offset: 0xac0) 63727473 	.inst	0x63727473 ; undefined
0000000000000ac4 <.dynstr+0x164> (File Offset: 0xac4) 6f007268 	.inst	0x6f007268 ; undefined
0000000000000ac8 <.dynstr+0x168> (File Offset: 0xac8) 6e697470 	uabd	v16.8h, v3.8h, v9.8h
0000000000000acc <.dynstr+0x16c> (File Offset: 0xacc) 66620064 	.inst	0x66620064 ; undefined
0000000000000ad0 <.dynstr+0x170> (File Offset: 0xad0) 706f5f64 	adr	x4, 00000000000df6bf <ferror@plt+0xddd2f> (File Offset: 0xdf6bf)
0000000000000ad4 <.dynstr+0x174> (File Offset: 0xad4) 00726e65 	.inst	0x00726e65 ; undefined
0000000000000ad8 <.dynstr+0x178> (File Offset: 0xad8) 5f646662 	.inst	0x5f646662 ; undefined
0000000000000adc <.dynstr+0x17c> (File Offset: 0xadc) 63656863 	.inst	0x63656863 ; undefined
0000000000000ae0 <.dynstr+0x180> (File Offset: 0xae0) 6f665f6b 	.inst	0x6f665f6b ; undefined
0000000000000ae4 <.dynstr+0x184> (File Offset: 0xae4) 74616d72 	.inst	0x74616d72 ; undefined
0000000000000ae8 <.dynstr+0x188> (File Offset: 0xae8) 64666200 	.inst	0x64666200 ; undefined
0000000000000aec <.dynstr+0x18c> (File Offset: 0xaec) 6568635f 	fnmls	z31.h, p0/m, z26.h, z8.h
0000000000000af0 <.dynstr+0x190> (File Offset: 0xaf0) 665f6b63 	.inst	0x665f6b63 ; undefined
0000000000000af4 <.dynstr+0x194> (File Offset: 0xaf4) 616d726f 	.inst	0x616d726f ; undefined
0000000000000af8 <.dynstr+0x198> (File Offset: 0xaf8) 616d5f74 	.inst	0x616d5f74 ; undefined
0000000000000afc <.dynstr+0x19c> (File Offset: 0xafc) 65686374 	fnmls	z20.h, p0/m, z27.h, z8.h
0000000000000b00 <.dynstr+0x1a0> (File Offset: 0xb00) 66620073 	.inst	0x66620073 ; undefined
0000000000000b04 <.dynstr+0x1a4> (File Offset: 0xb04) 63735f64 	.inst	0x63735f64 ; undefined
0000000000000b08 <.dynstr+0x1a8> (File Offset: 0xb08) 765f6e61 	.inst	0x765f6e61 ; undefined
0000000000000b0c <.dynstr+0x1ac> (File Offset: 0xb0c) 7300616d 	.inst	0x7300616d ; undefined
0000000000000b10 <.dynstr+0x1b0> (File Offset: 0xb10) 756f6474 	.inst	0x756f6474 ; undefined
0000000000000b14 <.dynstr+0x1b4> (File Offset: 0xb14) 66620074 	.inst	0x66620074 ; undefined
0000000000000b18 <.dynstr+0x1b8> (File Offset: 0xb18) 616d5f64 	.inst	0x616d5f64 ; undefined
0000000000000b1c <.dynstr+0x1bc> (File Offset: 0xb1c) 766f5f70 	.inst	0x766f5f70 ; undefined
0000000000000b20 <.dynstr+0x1c0> (File Offset: 0xb20) 735f7265 	.inst	0x735f7265 ; undefined
0000000000000b24 <.dynstr+0x1c4> (File Offset: 0xb24) 69746365 	ldpsw	x5, x24, [x27, #-96]
0000000000000b28 <.dynstr+0x1c8> (File Offset: 0xb28) 00736e6f 	.inst	0x00736e6f ; undefined
0000000000000b2c <.dynstr+0x1cc> (File Offset: 0xb2c) 756c6666 	.inst	0x756c6666 ; undefined
0000000000000b30 <.dynstr+0x1d0> (File Offset: 0xb30) 73006873 	.inst	0x73006873 ; undefined
0000000000000b34 <.dynstr+0x1d4> (File Offset: 0xb34) 6e696474 	umax	v20.8h, v3.8h, v9.8h
0000000000000b38 <.dynstr+0x1d8> (File Offset: 0xb38) 65676600 	fnmls	z0.h, p1/m, z16.h, z7.h
0000000000000b3c <.dynstr+0x1dc> (File Offset: 0xb3c) 62007374 	.inst	0x62007374 ; undefined
0000000000000b40 <.dynstr+0x1e0> (File Offset: 0xb40) 635f6466 	.inst	0x635f6466 ; undefined
0000000000000b44 <.dynstr+0x1e4> (File Offset: 0xb44) 65736f6c 	fnmls	z12.h, p3/m, z27.h, z19.h
0000000000000b48 <.dynstr+0x1e8> (File Offset: 0xb48) 72747300 	.inst	0x72747300 ; undefined
0000000000000b4c <.dynstr+0x1ec> (File Offset: 0xb4c) 72686372 	.inst	0x72686372 ; undefined
0000000000000b50 <.dynstr+0x1f0> (File Offset: 0xb50) 74757000 	.inst	0x74757000 ; undefined
0000000000000b54 <.dynstr+0x1f4> (File Offset: 0xb54) 72616863 	.inst	0x72616863 ; undefined
0000000000000b58 <.dynstr+0x1f8> (File Offset: 0xb58) 78657800 	ldrh	w0, [x0, x5, lsl #1]
0000000000000b5c <.dynstr+0x1fc> (File Offset: 0xb5c) 64007469 	.inst	0x64007469 ; undefined
0000000000000b60 <.dynstr+0x200> (File Offset: 0xb60) 74656763 	.inst	0x74656763 ; undefined
0000000000000b64 <.dynstr+0x204> (File Offset: 0xb64) 74786574 	.inst	0x74786574 ; undefined
0000000000000b68 <.dynstr+0x208> (File Offset: 0xb68) 74757000 	.inst	0x74757000 ; undefined
0000000000000b6c <.dynstr+0x20c> (File Offset: 0xb6c) 70630073 	adr	x19, 00000000000c6b7b <ferror@plt+0xc51eb> (File Offset: 0xc6b7b)
0000000000000b70 <.dynstr+0x210> (File Offset: 0xb70) 5f73756c 	sqshl	d12, d11, #51
0000000000000b74 <.dynstr+0x214> (File Offset: 0xb74) 616d6564 	.inst	0x616d6564 ; undefined
0000000000000b78 <.dynstr+0x218> (File Offset: 0xb78) 656c676e 	fnmls	z14.h, p1/m, z27.h, z12.h
0000000000000b7c <.dynstr+0x21c> (File Offset: 0xb7c) 6d616e5f 	ldp	d31, d27, [x18, #-496]
0000000000000b80 <.dynstr+0x220> (File Offset: 0xb80) 6f745f65 	.inst	0x6f745f65 ; undefined
0000000000000b84 <.dynstr+0x224> (File Offset: 0xb84) 7974735f 	ldrh	wzr, [x26, #6712]
0000000000000b88 <.dynstr+0x228> (File Offset: 0xb88) 6300656c 	.inst	0x6300656c ; undefined
0000000000000b8c <.dynstr+0x22c> (File Offset: 0xb8c) 73756c70 	.inst	0x73756c70 ; undefined
0000000000000b90 <.dynstr+0x230> (File Offset: 0xb90) 6d65645f 	ldp	d31, d25, [x2, #-432]
0000000000000b94 <.dynstr+0x234> (File Offset: 0xb94) 6c676e61 	ldnp	d1, d27, [x19, #-400]
0000000000000b98 <.dynstr+0x238> (File Offset: 0xb98) 65735f65 	fnmla	z5.h, p7/m, z27.h, z19.h
0000000000000b9c <.dynstr+0x23c> (File Offset: 0xb9c) 74735f74 	.inst	0x74735f74 ; undefined
0000000000000ba0 <.dynstr+0x240> (File Offset: 0xba0) 00656c79 	.inst	0x00656c79 ; undefined
0000000000000ba4 <.dynstr+0x244> (File Offset: 0xba4) 5f646662 	.inst	0x5f646662 ; undefined
0000000000000ba8 <.dynstr+0x248> (File Offset: 0xba8) 69727066 	ldpsw	x6, x28, [x3, #-112]
0000000000000bac <.dynstr+0x24c> (File Offset: 0xbac) 5f66746e 	sqshl	d14, d3, #38
0000000000000bb0 <.dynstr+0x250> (File Offset: 0xbb0) 00616d76 	.inst	0x00616d76 ; undefined
0000000000000bb4 <.dynstr+0x254> (File Offset: 0xbb4) 72655f5f 	.inst	0x72655f5f ; undefined
0000000000000bb8 <.dynstr+0x258> (File Offset: 0xbb8) 5f6f6e72 	.inst	0x5f6f6e72 ; undefined
0000000000000bbc <.dynstr+0x25c> (File Offset: 0xbbc) 61636f6c 	.inst	0x61636f6c ; undefined
0000000000000bc0 <.dynstr+0x260> (File Offset: 0xbc0) 6e6f6974 	.inst	0x6e6f6974 ; undefined
0000000000000bc4 <.dynstr+0x264> (File Offset: 0xbc4) 72747300 	.inst	0x72747300 ; undefined
0000000000000bc8 <.dynstr+0x268> (File Offset: 0xbc8) 6f727265 	fcmla	v5.8h, v19.8h, v18.h[1], #270
0000000000000bcc <.dynstr+0x26c> (File Offset: 0xbcc) 66620072 	.inst	0x66620072 ; undefined
0000000000000bd0 <.dynstr+0x270> (File Offset: 0xbd0) 65675f64 	fnmla	z4.h, p7/m, z27.h, z7.h
0000000000000bd4 <.dynstr+0x274> (File Offset: 0xbd4) 72655f74 	.inst	0x72655f74 ; undefined
0000000000000bd8 <.dynstr+0x278> (File Offset: 0xbd8) 00726f72 	.inst	0x00726f72 ; undefined
0000000000000bdc <.dynstr+0x27c> (File Offset: 0xbdc) 5f646662 	.inst	0x5f646662 ; undefined
0000000000000be0 <.dynstr+0x280> (File Offset: 0xbe0) 6d727265 	ldp	d5, d28, [x19, #-224]
0000000000000be4 <.dynstr+0x284> (File Offset: 0xbe4) 62006773 	.inst	0x62006773 ; undefined
0000000000000be8 <.dynstr+0x288> (File Offset: 0xbe8) 675f6466 	.inst	0x675f6466 ; undefined
0000000000000bec <.dynstr+0x28c> (File Offset: 0xbec) 735f7465 	.inst	0x735f7465 ; undefined
0000000000000bf0 <.dynstr+0x290> (File Offset: 0xbf0) 69746365 	ldpsw	x5, x24, [x27, #-96]
0000000000000bf4 <.dynstr+0x294> (File Offset: 0xbf4) 625f6e6f 	.inst	0x625f6e6f ; undefined
0000000000000bf8 <.dynstr+0x298> (File Offset: 0xbf8) 616e5f79 	.inst	0x616e5f79 ; undefined
0000000000000bfc <.dynstr+0x29c> (File Offset: 0xbfc) 5f00656d 	.inst	0x5f00656d ; undefined
0000000000000c00 <.dynstr+0x2a0> (File Offset: 0xc00) 5f686373 	.inst	0x5f686373 ; undefined
0000000000000c04 <.dynstr+0x2a4> (File Offset: 0xc04) 70756f74 	adr	x20, 00000000000eb9f3 <ferror@plt+0xea063> (File Offset: 0xeb9f3)
0000000000000c08 <.dynstr+0x2a8> (File Offset: 0xc08) 00726570 	.inst	0x00726570 ; undefined
0000000000000c0c <.dynstr+0x2ac> (File Offset: 0xc0c) 63727473 	.inst	0x63727473 ; undefined
0000000000000c10 <.dynstr+0x2b0> (File Offset: 0xc10) 5f00706d 	.inst	0x5f00706d ; undefined
0000000000000c14 <.dynstr+0x2b4> (File Offset: 0xc14) 6f73695f 	umlsl2	v31.4s, v10.8h, v3.h[7]
0000000000000c18 <.dynstr+0x2b8> (File Offset: 0xc18) 5f333263 	.inst	0x5f333263 ; undefined
0000000000000c1c <.dynstr+0x2bc> (File Offset: 0xc1c) 74727473 	.inst	0x74727473 ; undefined
0000000000000c20 <.dynstr+0x2c0> (File Offset: 0xc20) 006c756f 	.inst	0x006c756f ; undefined
0000000000000c24 <.dynstr+0x2c4> (File Offset: 0xc24) 74757066 	.inst	0x74757066 ; undefined
0000000000000c28 <.dynstr+0x2c8> (File Offset: 0xc28) 66620063 	.inst	0x66620063 ; undefined
0000000000000c2c <.dynstr+0x2cc> (File Offset: 0xc2c) 65645f64 	fnmla	z4.h, p7/m, z27.h, z4.h
0000000000000c30 <.dynstr+0x2d0> (File Offset: 0xc30) 676e616d 	.inst	0x676e616d ; undefined
0000000000000c34 <.dynstr+0x2d4> (File Offset: 0xc34) 7600656c 	.inst	0x7600656c ; undefined
0000000000000c38 <.dynstr+0x2d8> (File Offset: 0xc38) 69727066 	ldpsw	x6, x28, [x3, #-112]
0000000000000c3c <.dynstr+0x2dc> (File Offset: 0xc3c) 0066746e 	.inst	0x0066746e ; undefined
0000000000000c40 <.dynstr+0x2e0> (File Offset: 0xc40) 5f646662 	.inst	0x5f646662 ; undefined
0000000000000c44 <.dynstr+0x2e4> (File Offset: 0xc44) 67726174 	.inst	0x67726174 ; undefined
0000000000000c48 <.dynstr+0x2e8> (File Offset: 0xc48) 6c5f7465 	ldnp	d5, d29, [x3, #496]
0000000000000c4c <.dynstr+0x2ec> (File Offset: 0xc4c) 00747369 	.inst	0x00747369 ; undefined
0000000000000c50 <.dynstr+0x2f0> (File Offset: 0xc50) 6262696c 	.inst	0x6262696c ; undefined
0000000000000c54 <.dynstr+0x2f4> (File Offset: 0xc54) 322d6466 	orr	w6, w3, #0xfff81fff
0000000000000c58 <.dynstr+0x2f8> (File Offset: 0xc58) 2d34342e 	stp	s14, s13, [x1, #-96]
0000000000000c5c <.dynstr+0x2fc> (File Offset: 0xc5c) 74737973 	.inst	0x74737973 ; undefined
0000000000000c60 <.dynstr+0x300> (File Offset: 0xc60) 732e6d65 	.inst	0x732e6d65 ; undefined
0000000000000c64 <.dynstr+0x304> (File Offset: 0xc64) 696c006f 	ldpsw	x15, x0, [x3, #-160]
0000000000000c68 <.dynstr+0x308> (File Offset: 0xc68) 732e6362 	.inst	0x732e6362 ; undefined
0000000000000c6c <.dynstr+0x30c> (File Offset: 0xc6c) 00362e6f 	.inst	0x00362e6f ; NYI
0000000000000c70 <.dynstr+0x310> (File Offset: 0xc70) 42494c47 	.inst	0x42494c47 ; undefined
0000000000000c74 <.dynstr+0x314> (File Offset: 0xc74) 2e325f43 	uqrshl	v3.8b, v26.8b, v18.8b
0000000000000c78 <.dynstr+0x318> (File Offset: 0xc78) 47003333 	.inst	0x47003333 ; undefined
0000000000000c7c <.dynstr+0x31c> (File Offset: 0xc7c) 4342494c 	.inst	0x4342494c ; undefined
0000000000000c80 <.dynstr+0x320> (File Offset: 0xc80) 332e325f 	.inst	0x332e325f ; undefined
0000000000000c84 <.dynstr+0x324> (File Offset: 0xc84) 4c470034 	.inst	0x4c470034 ; undefined
0000000000000c88 <.dynstr+0x328> (File Offset: 0xc88) 5f434249 	.inst	0x5f434249 ; undefined
0000000000000c8c <.dynstr+0x32c> (File Offset: 0xc8c) 38332e32 	.inst	0x38332e32 ; undefined
0000000000000c90 <.dynstr+0x330> (File Offset: 0xc90) 494c4700 	.inst	0x494c4700 ; undefined
0000000000000c94 <.dynstr+0x334> (File Offset: 0xc94) 325f4342 	.inst	0x325f4342 ; undefined
0000000000000c98 <.dynstr+0x338> (File Offset: 0xc98) 0037312e 	.inst	0x0037312e ; NYI

Disassembly of section .gnu.version:
0000000000000c9c <.gnu.version> (File Offset: 0xc9c) 00000000 	udf	#0
0000000000000ca0 <.gnu.version+0x4> (File Offset: 0xca0) 00020000 	.inst	0x00020000 ; undefined
0000000000000ca4 <.gnu.version+0x8> (File Offset: 0xca4) 00030002 	.inst	0x00030002 ; undefined
0000000000000ca8 <.gnu.version+0xc> (File Offset: 0xca8) 00020001 	.inst	0x00020001 ; undefined
0000000000000cac <.gnu.version+0x10> (File Offset: 0xcac) 00020001 	.inst	0x00020001 ; undefined
0000000000000cb0 <.gnu.version+0x14> (File Offset: 0xcb0) 00010004 	.inst	0x00010004 ; undefined
0000000000000cb4 <.gnu.version+0x18> (File Offset: 0xcb4) 00020001 	.inst	0x00020001 ; undefined
0000000000000cb8 <.gnu.version+0x1c> (File Offset: 0xcb8) 00020002 	.inst	0x00020002 ; undefined
0000000000000cbc <.gnu.version+0x20> (File Offset: 0xcbc) 00010002 	.inst	0x00010002 ; undefined
0000000000000cc0 <.gnu.version+0x24> (File Offset: 0xcc0) 00010002 	.inst	0x00010002 ; undefined
0000000000000cc4 <.gnu.version+0x28> (File Offset: 0xcc4) 00020002 	.inst	0x00020002 ; undefined
0000000000000cc8 <.gnu.version+0x2c> (File Offset: 0xcc8) 00020002 	.inst	0x00020002 ; undefined
0000000000000ccc <.gnu.version+0x30> (File Offset: 0xccc) 00010001 	.inst	0x00010001 ; undefined
0000000000000cd0 <.gnu.version+0x34> (File Offset: 0xcd0) 00010002 	.inst	0x00010002 ; undefined
0000000000000cd4 <.gnu.version+0x38> (File Offset: 0xcd4) 00010002 	.inst	0x00010002 ; undefined
0000000000000cd8 <.gnu.version+0x3c> (File Offset: 0xcd8) 00010001 	.inst	0x00010001 ; undefined
0000000000000cdc <.gnu.version+0x40> (File Offset: 0xcdc) 00010001 	.inst	0x00010001 ; undefined
0000000000000ce0 <.gnu.version+0x44> (File Offset: 0xce0) 00020001 	.inst	0x00020001 ; undefined
0000000000000ce4 <.gnu.version+0x48> (File Offset: 0xce4) 00020002 	.inst	0x00020002 ; undefined
0000000000000ce8 <.gnu.version+0x4c> (File Offset: 0xce8) 00050001 	.inst	0x00050001 ; undefined
0000000000000cec <.gnu.version+0x50> (File Offset: 0xcec) 00020002 	.inst	0x00020002 ; undefined
0000000000000cf0 <.gnu.version+0x54> (File Offset: 0xcf0) 00020002 	.inst	0x00020002 ; undefined
0000000000000cf4 <.gnu.version+0x58> (File Offset: 0xcf4) 00020002 	.inst	0x00020002 ; undefined
0000000000000cf8 <.gnu.version+0x5c> (File Offset: 0xcf8) 00020002 	.inst	0x00020002 ; undefined
0000000000000cfc <.gnu.version+0x60> (File Offset: 0xcfc) 00010002 	.inst	0x00010002 ; undefined
0000000000000d00 <.gnu.version+0x64> (File Offset: 0xd00) 00020001 	.inst	0x00020001 ; undefined
0000000000000d04 <.gnu.version+0x68> (File Offset: 0xd04) 00010001 	.inst	0x00010001 ; undefined
0000000000000d08 <.gnu.version+0x6c> (File Offset: 0xd08) 00010001 	.inst	0x00010001 ; undefined
0000000000000d0c <.gnu.version+0x70> (File Offset: 0xd0c) 00010002 	.inst	0x00010002 ; undefined
0000000000000d10 <.gnu.version+0x74> (File Offset: 0xd10) 00010001 	.inst	0x00010001 ; undefined
0000000000000d14 <.gnu.version+0x78> (File Offset: 0xd14) 00020001 	.inst	0x00020001 ; undefined
0000000000000d18 <.gnu.version+0x7c> (File Offset: 0xd18) 00010002 	.inst	0x00010002 ; undefined
0000000000000d1c <.gnu.version+0x80> (File Offset: 0xd1c) 00020002 	.inst	0x00020002 ; undefined
0000000000000d20 <.gnu.version+0x84> (File Offset: 0xd20) 00020002 	.inst	0x00020002 ; undefined
0000000000000d24 <.gnu.version+0x88> (File Offset: 0xd24) 00020002 	.inst	0x00020002 ; undefined

Disassembly of section .gnu.version_r:
0000000000000d28 <.gnu.version_r> (File Offset: 0xd28) 00040001 	.inst	0x00040001 ; undefined
0000000000000d2c <.gnu.version_r+0x4> (File Offset: 0xd2c) 00000306 	udf	#774
0000000000000d30 <.gnu.version_r+0x8> (File Offset: 0xd30) 00000010 	udf	#16
0000000000000d34 <.gnu.version_r+0xc> (File Offset: 0xd34) 00000000 	udf	#0
0000000000000d38 <.gnu.version_r+0x10> (File Offset: 0xd38) 069691b3 	.inst	0x069691b3 ; undefined
0000000000000d3c <.gnu.version_r+0x14> (File Offset: 0xd3c) 00050000 	.inst	0x00050000 ; undefined
0000000000000d40 <.gnu.version_r+0x18> (File Offset: 0xd40) 00000310 	udf	#784
0000000000000d44 <.gnu.version_r+0x1c> (File Offset: 0xd44) 00000010 	udf	#16
0000000000000d48 <.gnu.version_r+0x20> (File Offset: 0xd48) 069691b4 	.inst	0x069691b4 ; undefined
0000000000000d4c <.gnu.version_r+0x24> (File Offset: 0xd4c) 00040000 	.inst	0x00040000 ; undefined
0000000000000d50 <.gnu.version_r+0x28> (File Offset: 0xd50) 0000031b 	udf	#795
0000000000000d54 <.gnu.version_r+0x2c> (File Offset: 0xd54) 00000010 	udf	#16
0000000000000d58 <.gnu.version_r+0x30> (File Offset: 0xd58) 069691b8 	.inst	0x069691b8 ; undefined
0000000000000d5c <.gnu.version_r+0x34> (File Offset: 0xd5c) 00030000 	.inst	0x00030000 ; undefined
0000000000000d60 <.gnu.version_r+0x38> (File Offset: 0xd60) 00000326 	udf	#806
0000000000000d64 <.gnu.version_r+0x3c> (File Offset: 0xd64) 00000010 	udf	#16
0000000000000d68 <.gnu.version_r+0x40> (File Offset: 0xd68) 06969197 	.inst	0x06969197 ; undefined
0000000000000d6c <.gnu.version_r+0x44> (File Offset: 0xd6c) 00020000 	.inst	0x00020000 ; undefined
0000000000000d70 <.gnu.version_r+0x48> (File Offset: 0xd70) 00000331 	udf	#817
0000000000000d74 <.gnu.version_r+0x4c> (File Offset: 0xd74) 00000000 	udf	#0

Disassembly of section .rela.dyn:
0000000000000d78 <.rela.dyn> (File Offset: 0xd78) 0001fd80 	.inst	0x0001fd80 ; undefined
0000000000000d7c <.rela.dyn+0x4> (File Offset: 0xd7c) 00000000 	udf	#0
0000000000000d80 <.rela.dyn+0x8> (File Offset: 0xd80) 00000403 	udf	#1027
0000000000000d84 <.rela.dyn+0xc> (File Offset: 0xd84) 00000000 	udf	#0
0000000000000d88 <.rela.dyn+0x10> (File Offset: 0xd88) 00001e60 	udf	#7776
0000000000000d8c <.rela.dyn+0x14> (File Offset: 0xd8c) 00000000 	udf	#0
0000000000000d90 <.rela.dyn+0x18> (File Offset: 0xd90) 0001fd88 	.inst	0x0001fd88 ; undefined
0000000000000d94 <.rela.dyn+0x1c> (File Offset: 0xd94) 00000000 	udf	#0
0000000000000d98 <.rela.dyn+0x20> (File Offset: 0xd98) 00000403 	udf	#1027
0000000000000d9c <.rela.dyn+0x24> (File Offset: 0xd9c) 00000000 	udf	#0
0000000000000da0 <.rela.dyn+0x28> (File Offset: 0xda0) 00001e0c 	udf	#7692
0000000000000da4 <.rela.dyn+0x2c> (File Offset: 0xda4) 00000000 	udf	#0
0000000000000da8 <.rela.dyn+0x30> (File Offset: 0xda8) 0001ffd0 	.inst	0x0001ffd0 ; undefined
0000000000000dac <.rela.dyn+0x34> (File Offset: 0xdac) 00000000 	udf	#0
0000000000000db0 <.rela.dyn+0x38> (File Offset: 0xdb0) 00000403 	udf	#1027
0000000000000db4 <.rela.dyn+0x3c> (File Offset: 0xdb4) 00000000 	udf	#0
0000000000000db8 <.rela.dyn+0x40> (File Offset: 0xdb8) 00001e80 	udf	#7808
0000000000000dbc <.rela.dyn+0x44> (File Offset: 0xdbc) 00000000 	udf	#0
0000000000000dc0 <.rela.dyn+0x48> (File Offset: 0xdc0) 000201d8 	.inst	0x000201d8 ; undefined
0000000000000dc4 <.rela.dyn+0x4c> (File Offset: 0xdc4) 00000000 	udf	#0
0000000000000dc8 <.rela.dyn+0x50> (File Offset: 0xdc8) 00000403 	udf	#1027
0000000000000dcc <.rela.dyn+0x54> (File Offset: 0xdcc) 00000000 	udf	#0
0000000000000dd0 <.rela.dyn+0x58> (File Offset: 0xdd0) 000201d8 	.inst	0x000201d8 ; undefined
0000000000000dd4 <.rela.dyn+0x5c> (File Offset: 0xdd4) 00000000 	udf	#0
0000000000000dd8 <.rela.dyn+0x60> (File Offset: 0xdd8) 000201e8 	.inst	0x000201e8 ; undefined
0000000000000ddc <.rela.dyn+0x64> (File Offset: 0xddc) 00000000 	udf	#0
0000000000000de0 <.rela.dyn+0x68> (File Offset: 0xde0) 00000403 	udf	#1027
0000000000000de4 <.rela.dyn+0x6c> (File Offset: 0xde4) 00000000 	udf	#0
0000000000000de8 <.rela.dyn+0x70> (File Offset: 0xde8) 00003a00 	udf	#14848
0000000000000dec <.rela.dyn+0x74> (File Offset: 0xdec) 00000000 	udf	#0
0000000000000df0 <.rela.dyn+0x78> (File Offset: 0xdf0) 00020208 	.inst	0x00020208 ; undefined
0000000000000df4 <.rela.dyn+0x7c> (File Offset: 0xdf4) 00000000 	udf	#0
0000000000000df8 <.rela.dyn+0x80> (File Offset: 0xdf8) 00000403 	udf	#1027
0000000000000dfc <.rela.dyn+0x84> (File Offset: 0xdfc) 00000000 	udf	#0
0000000000000e00 <.rela.dyn+0x88> (File Offset: 0xe00) 00003a10 	udf	#14864
0000000000000e04 <.rela.dyn+0x8c> (File Offset: 0xe04) 00000000 	udf	#0
0000000000000e08 <.rela.dyn+0x90> (File Offset: 0xe08) 00020228 	.inst	0x00020228 ; undefined
0000000000000e0c <.rela.dyn+0x94> (File Offset: 0xe0c) 00000000 	udf	#0
0000000000000e10 <.rela.dyn+0x98> (File Offset: 0xe10) 00000403 	udf	#1027
0000000000000e14 <.rela.dyn+0x9c> (File Offset: 0xe14) 00000000 	udf	#0
0000000000000e18 <.rela.dyn+0xa0> (File Offset: 0xe18) 00003a20 	udf	#14880
0000000000000e1c <.rela.dyn+0xa4> (File Offset: 0xe1c) 00000000 	udf	#0
0000000000000e20 <.rela.dyn+0xa8> (File Offset: 0xe20) 00020248 	.inst	0x00020248 ; undefined
0000000000000e24 <.rela.dyn+0xac> (File Offset: 0xe24) 00000000 	udf	#0
0000000000000e28 <.rela.dyn+0xb0> (File Offset: 0xe28) 00000403 	udf	#1027
0000000000000e2c <.rela.dyn+0xb4> (File Offset: 0xe2c) 00000000 	udf	#0
0000000000000e30 <.rela.dyn+0xb8> (File Offset: 0xe30) 00003a30 	udf	#14896
0000000000000e34 <.rela.dyn+0xbc> (File Offset: 0xe34) 00000000 	udf	#0
0000000000000e38 <.rela.dyn+0xc0> (File Offset: 0xe38) 00020268 	.inst	0x00020268 ; undefined
0000000000000e3c <.rela.dyn+0xc4> (File Offset: 0xe3c) 00000000 	udf	#0
0000000000000e40 <.rela.dyn+0xc8> (File Offset: 0xe40) 00000403 	udf	#1027
0000000000000e44 <.rela.dyn+0xcc> (File Offset: 0xe44) 00000000 	udf	#0
0000000000000e48 <.rela.dyn+0xd0> (File Offset: 0xe48) 00003a38 	udf	#14904
0000000000000e4c <.rela.dyn+0xd4> (File Offset: 0xe4c) 00000000 	udf	#0
0000000000000e50 <.rela.dyn+0xd8> (File Offset: 0xe50) 00020288 	.inst	0x00020288 ; undefined
0000000000000e54 <.rela.dyn+0xdc> (File Offset: 0xe54) 00000000 	udf	#0
0000000000000e58 <.rela.dyn+0xe0> (File Offset: 0xe58) 00000403 	udf	#1027
0000000000000e5c <.rela.dyn+0xe4> (File Offset: 0xe5c) 00000000 	udf	#0
0000000000000e60 <.rela.dyn+0xe8> (File Offset: 0xe60) 00003a48 	udf	#14920
0000000000000e64 <.rela.dyn+0xec> (File Offset: 0xe64) 00000000 	udf	#0
0000000000000e68 <.rela.dyn+0xf0> (File Offset: 0xe68) 000202a8 	.inst	0x000202a8 ; undefined
0000000000000e6c <.rela.dyn+0xf4> (File Offset: 0xe6c) 00000000 	udf	#0
0000000000000e70 <.rela.dyn+0xf8> (File Offset: 0xe70) 00000403 	udf	#1027
0000000000000e74 <.rela.dyn+0xfc> (File Offset: 0xe74) 00000000 	udf	#0
0000000000000e78 <.rela.dyn+0x100> (File Offset: 0xe78) 00003a50 	udf	#14928
0000000000000e7c <.rela.dyn+0x104> (File Offset: 0xe7c) 00000000 	udf	#0
0000000000000e80 <.rela.dyn+0x108> (File Offset: 0xe80) 000202c8 	.inst	0x000202c8 ; undefined
0000000000000e84 <.rela.dyn+0x10c> (File Offset: 0xe84) 00000000 	udf	#0
0000000000000e88 <.rela.dyn+0x110> (File Offset: 0xe88) 00000403 	udf	#1027
0000000000000e8c <.rela.dyn+0x114> (File Offset: 0xe8c) 00000000 	udf	#0
0000000000000e90 <.rela.dyn+0x118> (File Offset: 0xe90) 00003a60 	udf	#14944
0000000000000e94 <.rela.dyn+0x11c> (File Offset: 0xe94) 00000000 	udf	#0
0000000000000e98 <.rela.dyn+0x120> (File Offset: 0xe98) 000202e8 	.inst	0x000202e8 ; undefined
0000000000000e9c <.rela.dyn+0x124> (File Offset: 0xe9c) 00000000 	udf	#0
0000000000000ea0 <.rela.dyn+0x128> (File Offset: 0xea0) 00000403 	udf	#1027
0000000000000ea4 <.rela.dyn+0x12c> (File Offset: 0xea4) 00000000 	udf	#0
0000000000000ea8 <.rela.dyn+0x130> (File Offset: 0xea8) 00003a70 	udf	#14960
0000000000000eac <.rela.dyn+0x134> (File Offset: 0xeac) 00000000 	udf	#0
0000000000000eb0 <.rela.dyn+0x138> (File Offset: 0xeb0) 00020308 	.inst	0x00020308 ; undefined
0000000000000eb4 <.rela.dyn+0x13c> (File Offset: 0xeb4) 00000000 	udf	#0
0000000000000eb8 <.rela.dyn+0x140> (File Offset: 0xeb8) 00000403 	udf	#1027
0000000000000ebc <.rela.dyn+0x144> (File Offset: 0xebc) 00000000 	udf	#0
0000000000000ec0 <.rela.dyn+0x148> (File Offset: 0xec0) 00003a80 	udf	#14976
0000000000000ec4 <.rela.dyn+0x14c> (File Offset: 0xec4) 00000000 	udf	#0
0000000000000ec8 <.rela.dyn+0x150> (File Offset: 0xec8) 00020328 	.inst	0x00020328 ; undefined
0000000000000ecc <.rela.dyn+0x154> (File Offset: 0xecc) 00000000 	udf	#0
0000000000000ed0 <.rela.dyn+0x158> (File Offset: 0xed0) 00000403 	udf	#1027
0000000000000ed4 <.rela.dyn+0x15c> (File Offset: 0xed4) 00000000 	udf	#0
0000000000000ed8 <.rela.dyn+0x160> (File Offset: 0xed8) 00003a98 	udf	#15000
0000000000000edc <.rela.dyn+0x164> (File Offset: 0xedc) 00000000 	udf	#0
0000000000000ee0 <.rela.dyn+0x168> (File Offset: 0xee0) 00020348 	.inst	0x00020348 ; undefined
0000000000000ee4 <.rela.dyn+0x16c> (File Offset: 0xee4) 00000000 	udf	#0
0000000000000ee8 <.rela.dyn+0x170> (File Offset: 0xee8) 00000403 	udf	#1027
0000000000000eec <.rela.dyn+0x174> (File Offset: 0xeec) 00000000 	udf	#0
0000000000000ef0 <.rela.dyn+0x178> (File Offset: 0xef0) 00003ab0 	udf	#15024
0000000000000ef4 <.rela.dyn+0x17c> (File Offset: 0xef4) 00000000 	udf	#0
0000000000000ef8 <.rela.dyn+0x180> (File Offset: 0xef8) 00020368 	.inst	0x00020368 ; undefined
0000000000000efc <.rela.dyn+0x184> (File Offset: 0xefc) 00000000 	udf	#0
0000000000000f00 <.rela.dyn+0x188> (File Offset: 0xf00) 00000403 	udf	#1027
0000000000000f04 <.rela.dyn+0x18c> (File Offset: 0xf04) 00000000 	udf	#0
0000000000000f08 <.rela.dyn+0x190> (File Offset: 0xf08) 00003ab8 	udf	#15032
0000000000000f0c <.rela.dyn+0x194> (File Offset: 0xf0c) 00000000 	udf	#0
0000000000000f10 <.rela.dyn+0x198> (File Offset: 0xf10) 00020388 	.inst	0x00020388 ; undefined
0000000000000f14 <.rela.dyn+0x19c> (File Offset: 0xf14) 00000000 	udf	#0
0000000000000f18 <.rela.dyn+0x1a0> (File Offset: 0xf18) 00000403 	udf	#1027
0000000000000f1c <.rela.dyn+0x1a4> (File Offset: 0xf1c) 00000000 	udf	#0
0000000000000f20 <.rela.dyn+0x1a8> (File Offset: 0xf20) 00003ac0 	udf	#15040
0000000000000f24 <.rela.dyn+0x1ac> (File Offset: 0xf24) 00000000 	udf	#0
0000000000000f28 <.rela.dyn+0x1b0> (File Offset: 0xf28) 000203a8 	.inst	0x000203a8 ; undefined
0000000000000f2c <.rela.dyn+0x1b4> (File Offset: 0xf2c) 00000000 	udf	#0
0000000000000f30 <.rela.dyn+0x1b8> (File Offset: 0xf30) 00000403 	udf	#1027
0000000000000f34 <.rela.dyn+0x1bc> (File Offset: 0xf34) 00000000 	udf	#0
0000000000000f38 <.rela.dyn+0x1c0> (File Offset: 0xf38) 00003ac8 	udf	#15048
0000000000000f3c <.rela.dyn+0x1c4> (File Offset: 0xf3c) 00000000 	udf	#0
0000000000000f40 <.rela.dyn+0x1c8> (File Offset: 0xf40) 0001ff88 	.inst	0x0001ff88 ; undefined
0000000000000f44 <.rela.dyn+0x1cc> (File Offset: 0xf44) 00000000 	udf	#0
0000000000000f48 <.rela.dyn+0x1d0> (File Offset: 0xf48) 00000401 	udf	#1025
0000000000000f4c <.rela.dyn+0x1d4> (File Offset: 0xf4c) 0000000b 	udf	#11
0000000000000f50 <.rela.dyn+0x1d8> (File Offset: 0xf50) 00000000 	udf	#0
0000000000000f54 <.rela.dyn+0x1dc> (File Offset: 0xf54) 00000000 	udf	#0
0000000000000f58 <.rela.dyn+0x1e0> (File Offset: 0xf58) 0001ff90 	.inst	0x0001ff90 ; undefined
0000000000000f5c <.rela.dyn+0x1e4> (File Offset: 0xf5c) 00000000 	udf	#0
0000000000000f60 <.rela.dyn+0x1e8> (File Offset: 0xf60) 00000401 	udf	#1025
0000000000000f64 <.rela.dyn+0x1ec> (File Offset: 0xf64) 0000000e 	udf	#14
0000000000000f68 <.rela.dyn+0x1f0> (File Offset: 0xf68) 00000000 	udf	#0
0000000000000f6c <.rela.dyn+0x1f4> (File Offset: 0xf6c) 00000000 	udf	#0
0000000000000f70 <.rela.dyn+0x1f8> (File Offset: 0xf70) 0001ff98 	.inst	0x0001ff98 ; undefined
0000000000000f74 <.rela.dyn+0x1fc> (File Offset: 0xf74) 00000000 	udf	#0
0000000000000f78 <.rela.dyn+0x200> (File Offset: 0xf78) 00000401 	udf	#1025
0000000000000f7c <.rela.dyn+0x204> (File Offset: 0xf7c) 00000012 	udf	#18
0000000000000f80 <.rela.dyn+0x208> (File Offset: 0xf80) 00000000 	udf	#0
0000000000000f84 <.rela.dyn+0x20c> (File Offset: 0xf84) 00000000 	udf	#0
0000000000000f88 <.rela.dyn+0x210> (File Offset: 0xf88) 0001ffa0 	.inst	0x0001ffa0 ; undefined
0000000000000f8c <.rela.dyn+0x214> (File Offset: 0xf8c) 00000000 	udf	#0
0000000000000f90 <.rela.dyn+0x218> (File Offset: 0xf90) 00000401 	udf	#1025
0000000000000f94 <.rela.dyn+0x21c> (File Offset: 0xf94) 00000014 	udf	#20
0000000000000f98 <.rela.dyn+0x220> (File Offset: 0xf98) 00000000 	udf	#0
0000000000000f9c <.rela.dyn+0x224> (File Offset: 0xf9c) 00000000 	udf	#0
0000000000000fa0 <.rela.dyn+0x228> (File Offset: 0xfa0) 0001ffa8 	.inst	0x0001ffa8 ; undefined
0000000000000fa4 <.rela.dyn+0x22c> (File Offset: 0xfa4) 00000000 	udf	#0
0000000000000fa8 <.rela.dyn+0x230> (File Offset: 0xfa8) 00000401 	udf	#1025
0000000000000fac <.rela.dyn+0x234> (File Offset: 0xfac) 00000017 	udf	#23
0000000000000fb0 <.rela.dyn+0x238> (File Offset: 0xfb0) 00000000 	udf	#0
0000000000000fb4 <.rela.dyn+0x23c> (File Offset: 0xfb4) 00000000 	udf	#0
0000000000000fb8 <.rela.dyn+0x240> (File Offset: 0xfb8) 0001ffb0 	.inst	0x0001ffb0 ; undefined
0000000000000fbc <.rela.dyn+0x244> (File Offset: 0xfbc) 00000000 	udf	#0
0000000000000fc0 <.rela.dyn+0x248> (File Offset: 0xfc0) 00000401 	udf	#1025
0000000000000fc4 <.rela.dyn+0x24c> (File Offset: 0xfc4) 00000019 	udf	#25
0000000000000fc8 <.rela.dyn+0x250> (File Offset: 0xfc8) 00000000 	udf	#0
0000000000000fcc <.rela.dyn+0x254> (File Offset: 0xfcc) 00000000 	udf	#0
0000000000000fd0 <.rela.dyn+0x258> (File Offset: 0xfd0) 0001ffb8 	.inst	0x0001ffb8 ; undefined
0000000000000fd4 <.rela.dyn+0x25c> (File Offset: 0xfd4) 00000000 	udf	#0
0000000000000fd8 <.rela.dyn+0x260> (File Offset: 0xfd8) 00000401 	udf	#1025
0000000000000fdc <.rela.dyn+0x264> (File Offset: 0xfdc) 0000001c 	udf	#28
0000000000000fe0 <.rela.dyn+0x268> (File Offset: 0xfe0) 00000000 	udf	#0
0000000000000fe4 <.rela.dyn+0x26c> (File Offset: 0xfe4) 00000000 	udf	#0
0000000000000fe8 <.rela.dyn+0x270> (File Offset: 0xfe8) 0001ffc0 	.inst	0x0001ffc0 ; undefined
0000000000000fec <.rela.dyn+0x274> (File Offset: 0xfec) 00000000 	udf	#0
0000000000000ff0 <.rela.dyn+0x278> (File Offset: 0xff0) 00000401 	udf	#1025
0000000000000ff4 <.rela.dyn+0x27c> (File Offset: 0xff4) 00000023 	udf	#35
0000000000000ff8 <.rela.dyn+0x280> (File Offset: 0xff8) 00000000 	udf	#0
0000000000000ffc <.rela.dyn+0x284> (File Offset: 0xffc) 00000000 	udf	#0
0000000000001000 <.rela.dyn+0x288> (File Offset: 0x1000) 0001ffc8 	.inst	0x0001ffc8 ; undefined
0000000000001004 <.rela.dyn+0x28c> (File Offset: 0x1004) 00000000 	udf	#0
0000000000001008 <.rela.dyn+0x290> (File Offset: 0x1008) 00000401 	udf	#1025
000000000000100c <.rela.dyn+0x294> (File Offset: 0x100c) 00000026 	udf	#38
0000000000001010 <.rela.dyn+0x298> (File Offset: 0x1010) 00000000 	udf	#0
0000000000001014 <.rela.dyn+0x29c> (File Offset: 0x1014) 00000000 	udf	#0
0000000000001018 <.rela.dyn+0x2a0> (File Offset: 0x1018) 0001ffd8 	.inst	0x0001ffd8 ; undefined
000000000000101c <.rela.dyn+0x2a4> (File Offset: 0x101c) 00000000 	udf	#0
0000000000001020 <.rela.dyn+0x2a8> (File Offset: 0x1020) 00000401 	udf	#1025
0000000000001024 <.rela.dyn+0x2ac> (File Offset: 0x1024) 0000003a 	udf	#58
0000000000001028 <.rela.dyn+0x2b0> (File Offset: 0x1028) 00000000 	udf	#0
000000000000102c <.rela.dyn+0x2b4> (File Offset: 0x102c) 00000000 	udf	#0
0000000000001030 <.rela.dyn+0x2b8> (File Offset: 0x1030) 0001ffe0 	.inst	0x0001ffe0 ; undefined
0000000000001034 <.rela.dyn+0x2bc> (File Offset: 0x1034) 00000000 	udf	#0
0000000000001038 <.rela.dyn+0x2c0> (File Offset: 0x1038) 00000401 	udf	#1025
000000000000103c <.rela.dyn+0x2c4> (File Offset: 0x103c) 0000003c 	udf	#60
0000000000001040 <.rela.dyn+0x2c8> (File Offset: 0x1040) 00000000 	udf	#0
0000000000001044 <.rela.dyn+0x2cc> (File Offset: 0x1044) 00000000 	udf	#0

Disassembly of section .rela.plt:
0000000000001048 <.rela.plt> (File Offset: 0x1048) 00020000 	.inst	0x00020000 ; undefined
000000000000104c <.rela.plt+0x4> (File Offset: 0x104c) 00000000 	udf	#0
0000000000001050 <.rela.plt+0x8> (File Offset: 0x1050) 00000402 	udf	#1026
0000000000001054 <.rela.plt+0xc> (File Offset: 0x1054) 00000003 	udf	#3
0000000000001058 <.rela.plt+0x10> (File Offset: 0x1058) 00000000 	udf	#0
000000000000105c <.rela.plt+0x14> (File Offset: 0x105c) 00000000 	udf	#0
0000000000001060 <.rela.plt+0x18> (File Offset: 0x1060) 00020008 	.inst	0x00020008 ; undefined
0000000000001064 <.rela.plt+0x1c> (File Offset: 0x1064) 00000000 	udf	#0
0000000000001068 <.rela.plt+0x20> (File Offset: 0x1068) 00000402 	udf	#1026
000000000000106c <.rela.plt+0x24> (File Offset: 0x106c) 00000004 	udf	#4
0000000000001070 <.rela.plt+0x28> (File Offset: 0x1070) 00000000 	udf	#0
0000000000001074 <.rela.plt+0x2c> (File Offset: 0x1074) 00000000 	udf	#0
0000000000001078 <.rela.plt+0x30> (File Offset: 0x1078) 00020010 	.inst	0x00020010 ; undefined
000000000000107c <.rela.plt+0x34> (File Offset: 0x107c) 00000000 	udf	#0
0000000000001080 <.rela.plt+0x38> (File Offset: 0x1080) 00000402 	udf	#1026
0000000000001084 <.rela.plt+0x3c> (File Offset: 0x1084) 00000005 	udf	#5
0000000000001088 <.rela.plt+0x40> (File Offset: 0x1088) 00000000 	udf	#0
000000000000108c <.rela.plt+0x44> (File Offset: 0x108c) 00000000 	udf	#0
0000000000001090 <.rela.plt+0x48> (File Offset: 0x1090) 00020018 	.inst	0x00020018 ; undefined
0000000000001094 <.rela.plt+0x4c> (File Offset: 0x1094) 00000000 	udf	#0
0000000000001098 <.rela.plt+0x50> (File Offset: 0x1098) 00000402 	udf	#1026
000000000000109c <.rela.plt+0x54> (File Offset: 0x109c) 00000006 	udf	#6
00000000000010a0 <.rela.plt+0x58> (File Offset: 0x10a0) 00000000 	udf	#0
00000000000010a4 <.rela.plt+0x5c> (File Offset: 0x10a4) 00000000 	udf	#0
00000000000010a8 <.rela.plt+0x60> (File Offset: 0x10a8) 00020020 	.inst	0x00020020 ; undefined
00000000000010ac <.rela.plt+0x64> (File Offset: 0x10ac) 00000000 	udf	#0
00000000000010b0 <.rela.plt+0x68> (File Offset: 0x10b0) 00000402 	udf	#1026
00000000000010b4 <.rela.plt+0x6c> (File Offset: 0x10b4) 00000007 	udf	#7
00000000000010b8 <.rela.plt+0x70> (File Offset: 0x10b8) 00000000 	udf	#0
00000000000010bc <.rela.plt+0x74> (File Offset: 0x10bc) 00000000 	udf	#0
00000000000010c0 <.rela.plt+0x78> (File Offset: 0x10c0) 00020028 	.inst	0x00020028 ; undefined
00000000000010c4 <.rela.plt+0x7c> (File Offset: 0x10c4) 00000000 	udf	#0
00000000000010c8 <.rela.plt+0x80> (File Offset: 0x10c8) 00000402 	udf	#1026
00000000000010cc <.rela.plt+0x84> (File Offset: 0x10cc) 00000008 	udf	#8
00000000000010d0 <.rela.plt+0x88> (File Offset: 0x10d0) 00000000 	udf	#0
00000000000010d4 <.rela.plt+0x8c> (File Offset: 0x10d4) 00000000 	udf	#0
00000000000010d8 <.rela.plt+0x90> (File Offset: 0x10d8) 00020030 	.inst	0x00020030 ; undefined
00000000000010dc <.rela.plt+0x94> (File Offset: 0x10dc) 00000000 	udf	#0
00000000000010e0 <.rela.plt+0x98> (File Offset: 0x10e0) 00000402 	udf	#1026
00000000000010e4 <.rela.plt+0x9c> (File Offset: 0x10e4) 00000009 	udf	#9
00000000000010e8 <.rela.plt+0xa0> (File Offset: 0x10e8) 00000000 	udf	#0
00000000000010ec <.rela.plt+0xa4> (File Offset: 0x10ec) 00000000 	udf	#0
00000000000010f0 <.rela.plt+0xa8> (File Offset: 0x10f0) 00020038 	.inst	0x00020038 ; undefined
00000000000010f4 <.rela.plt+0xac> (File Offset: 0x10f4) 00000000 	udf	#0
00000000000010f8 <.rela.plt+0xb0> (File Offset: 0x10f8) 00000402 	udf	#1026
00000000000010fc <.rela.plt+0xb4> (File Offset: 0x10fc) 0000000a 	udf	#10
0000000000001100 <.rela.plt+0xb8> (File Offset: 0x1100) 00000000 	udf	#0
0000000000001104 <.rela.plt+0xbc> (File Offset: 0x1104) 00000000 	udf	#0
0000000000001108 <.rela.plt+0xc0> (File Offset: 0x1108) 00020040 	.inst	0x00020040 ; undefined
000000000000110c <.rela.plt+0xc4> (File Offset: 0x110c) 00000000 	udf	#0
0000000000001110 <.rela.plt+0xc8> (File Offset: 0x1110) 00000402 	udf	#1026
0000000000001114 <.rela.plt+0xcc> (File Offset: 0x1114) 0000000c 	udf	#12
0000000000001118 <.rela.plt+0xd0> (File Offset: 0x1118) 00000000 	udf	#0
000000000000111c <.rela.plt+0xd4> (File Offset: 0x111c) 00000000 	udf	#0
0000000000001120 <.rela.plt+0xd8> (File Offset: 0x1120) 00020048 	.inst	0x00020048 ; undefined
0000000000001124 <.rela.plt+0xdc> (File Offset: 0x1124) 00000000 	udf	#0
0000000000001128 <.rela.plt+0xe0> (File Offset: 0x1128) 00000402 	udf	#1026
000000000000112c <.rela.plt+0xe4> (File Offset: 0x112c) 0000000d 	udf	#13
0000000000001130 <.rela.plt+0xe8> (File Offset: 0x1130) 00000000 	udf	#0
0000000000001134 <.rela.plt+0xec> (File Offset: 0x1134) 00000000 	udf	#0
0000000000001138 <.rela.plt+0xf0> (File Offset: 0x1138) 00020050 	.inst	0x00020050 ; undefined
000000000000113c <.rela.plt+0xf4> (File Offset: 0x113c) 00000000 	udf	#0
0000000000001140 <.rela.plt+0xf8> (File Offset: 0x1140) 00000402 	udf	#1026
0000000000001144 <.rela.plt+0xfc> (File Offset: 0x1144) 0000000e 	udf	#14
0000000000001148 <.rela.plt+0x100> (File Offset: 0x1148) 00000000 	udf	#0
000000000000114c <.rela.plt+0x104> (File Offset: 0x114c) 00000000 	udf	#0
0000000000001150 <.rela.plt+0x108> (File Offset: 0x1150) 00020058 	.inst	0x00020058 ; undefined
0000000000001154 <.rela.plt+0x10c> (File Offset: 0x1154) 00000000 	udf	#0
0000000000001158 <.rela.plt+0x110> (File Offset: 0x1158) 00000402 	udf	#1026
000000000000115c <.rela.plt+0x114> (File Offset: 0x115c) 0000000f 	udf	#15
0000000000001160 <.rela.plt+0x118> (File Offset: 0x1160) 00000000 	udf	#0
0000000000001164 <.rela.plt+0x11c> (File Offset: 0x1164) 00000000 	udf	#0
0000000000001168 <.rela.plt+0x120> (File Offset: 0x1168) 00020060 	.inst	0x00020060 ; undefined
000000000000116c <.rela.plt+0x124> (File Offset: 0x116c) 00000000 	udf	#0
0000000000001170 <.rela.plt+0x128> (File Offset: 0x1170) 00000402 	udf	#1026
0000000000001174 <.rela.plt+0x12c> (File Offset: 0x1174) 00000010 	udf	#16
0000000000001178 <.rela.plt+0x130> (File Offset: 0x1178) 00000000 	udf	#0
000000000000117c <.rela.plt+0x134> (File Offset: 0x117c) 00000000 	udf	#0
0000000000001180 <.rela.plt+0x138> (File Offset: 0x1180) 00020068 	.inst	0x00020068 ; undefined
0000000000001184 <.rela.plt+0x13c> (File Offset: 0x1184) 00000000 	udf	#0
0000000000001188 <.rela.plt+0x140> (File Offset: 0x1188) 00000402 	udf	#1026
000000000000118c <.rela.plt+0x144> (File Offset: 0x118c) 00000011 	udf	#17
0000000000001190 <.rela.plt+0x148> (File Offset: 0x1190) 00000000 	udf	#0
0000000000001194 <.rela.plt+0x14c> (File Offset: 0x1194) 00000000 	udf	#0
0000000000001198 <.rela.plt+0x150> (File Offset: 0x1198) 00020070 	.inst	0x00020070 ; undefined
000000000000119c <.rela.plt+0x154> (File Offset: 0x119c) 00000000 	udf	#0
00000000000011a0 <.rela.plt+0x158> (File Offset: 0x11a0) 00000402 	udf	#1026
00000000000011a4 <.rela.plt+0x15c> (File Offset: 0x11a4) 00000013 	udf	#19
00000000000011a8 <.rela.plt+0x160> (File Offset: 0x11a8) 00000000 	udf	#0
00000000000011ac <.rela.plt+0x164> (File Offset: 0x11ac) 00000000 	udf	#0
00000000000011b0 <.rela.plt+0x168> (File Offset: 0x11b0) 00020078 	.inst	0x00020078 ; undefined
00000000000011b4 <.rela.plt+0x16c> (File Offset: 0x11b4) 00000000 	udf	#0
00000000000011b8 <.rela.plt+0x170> (File Offset: 0x11b8) 00000402 	udf	#1026
00000000000011bc <.rela.plt+0x174> (File Offset: 0x11bc) 00000015 	udf	#21
00000000000011c0 <.rela.plt+0x178> (File Offset: 0x11c0) 00000000 	udf	#0
00000000000011c4 <.rela.plt+0x17c> (File Offset: 0x11c4) 00000000 	udf	#0
00000000000011c8 <.rela.plt+0x180> (File Offset: 0x11c8) 00020080 	.inst	0x00020080 ; undefined
00000000000011cc <.rela.plt+0x184> (File Offset: 0x11cc) 00000000 	udf	#0
00000000000011d0 <.rela.plt+0x188> (File Offset: 0x11d0) 00000402 	udf	#1026
00000000000011d4 <.rela.plt+0x18c> (File Offset: 0x11d4) 00000016 	udf	#22
00000000000011d8 <.rela.plt+0x190> (File Offset: 0x11d8) 00000000 	udf	#0
00000000000011dc <.rela.plt+0x194> (File Offset: 0x11dc) 00000000 	udf	#0
00000000000011e0 <.rela.plt+0x198> (File Offset: 0x11e0) 00020088 	.inst	0x00020088 ; undefined
00000000000011e4 <.rela.plt+0x19c> (File Offset: 0x11e4) 00000000 	udf	#0
00000000000011e8 <.rela.plt+0x1a0> (File Offset: 0x11e8) 00000402 	udf	#1026
00000000000011ec <.rela.plt+0x1a4> (File Offset: 0x11ec) 00000018 	udf	#24
00000000000011f0 <.rela.plt+0x1a8> (File Offset: 0x11f0) 00000000 	udf	#0
00000000000011f4 <.rela.plt+0x1ac> (File Offset: 0x11f4) 00000000 	udf	#0
00000000000011f8 <.rela.plt+0x1b0> (File Offset: 0x11f8) 00020090 	.inst	0x00020090 ; undefined
00000000000011fc <.rela.plt+0x1b4> (File Offset: 0x11fc) 00000000 	udf	#0
0000000000001200 <.rela.plt+0x1b8> (File Offset: 0x1200) 00000402 	udf	#1026
0000000000001204 <.rela.plt+0x1bc> (File Offset: 0x1204) 0000001a 	udf	#26
0000000000001208 <.rela.plt+0x1c0> (File Offset: 0x1208) 00000000 	udf	#0
000000000000120c <.rela.plt+0x1c4> (File Offset: 0x120c) 00000000 	udf	#0
0000000000001210 <.rela.plt+0x1c8> (File Offset: 0x1210) 00020098 	.inst	0x00020098 ; undefined
0000000000001214 <.rela.plt+0x1cc> (File Offset: 0x1214) 00000000 	udf	#0
0000000000001218 <.rela.plt+0x1d0> (File Offset: 0x1218) 00000402 	udf	#1026
000000000000121c <.rela.plt+0x1d4> (File Offset: 0x121c) 0000001b 	udf	#27
0000000000001220 <.rela.plt+0x1d8> (File Offset: 0x1220) 00000000 	udf	#0
0000000000001224 <.rela.plt+0x1dc> (File Offset: 0x1224) 00000000 	udf	#0
0000000000001228 <.rela.plt+0x1e0> (File Offset: 0x1228) 000200a0 	.inst	0x000200a0 ; undefined
000000000000122c <.rela.plt+0x1e4> (File Offset: 0x122c) 00000000 	udf	#0
0000000000001230 <.rela.plt+0x1e8> (File Offset: 0x1230) 00000402 	udf	#1026
0000000000001234 <.rela.plt+0x1ec> (File Offset: 0x1234) 0000001d 	udf	#29
0000000000001238 <.rela.plt+0x1f0> (File Offset: 0x1238) 00000000 	udf	#0
000000000000123c <.rela.plt+0x1f4> (File Offset: 0x123c) 00000000 	udf	#0
0000000000001240 <.rela.plt+0x1f8> (File Offset: 0x1240) 000200a8 	.inst	0x000200a8 ; undefined
0000000000001244 <.rela.plt+0x1fc> (File Offset: 0x1244) 00000000 	udf	#0
0000000000001248 <.rela.plt+0x200> (File Offset: 0x1248) 00000402 	udf	#1026
000000000000124c <.rela.plt+0x204> (File Offset: 0x124c) 0000001e 	udf	#30
0000000000001250 <.rela.plt+0x208> (File Offset: 0x1250) 00000000 	udf	#0
0000000000001254 <.rela.plt+0x20c> (File Offset: 0x1254) 00000000 	udf	#0
0000000000001258 <.rela.plt+0x210> (File Offset: 0x1258) 000200b0 	.inst	0x000200b0 ; undefined
000000000000125c <.rela.plt+0x214> (File Offset: 0x125c) 00000000 	udf	#0
0000000000001260 <.rela.plt+0x218> (File Offset: 0x1260) 00000402 	udf	#1026
0000000000001264 <.rela.plt+0x21c> (File Offset: 0x1264) 0000001f 	udf	#31
0000000000001268 <.rela.plt+0x220> (File Offset: 0x1268) 00000000 	udf	#0
000000000000126c <.rela.plt+0x224> (File Offset: 0x126c) 00000000 	udf	#0
0000000000001270 <.rela.plt+0x228> (File Offset: 0x1270) 000200b8 	.inst	0x000200b8 ; undefined
0000000000001274 <.rela.plt+0x22c> (File Offset: 0x1274) 00000000 	udf	#0
0000000000001278 <.rela.plt+0x230> (File Offset: 0x1278) 00000402 	udf	#1026
000000000000127c <.rela.plt+0x234> (File Offset: 0x127c) 00000020 	udf	#32
0000000000001280 <.rela.plt+0x238> (File Offset: 0x1280) 00000000 	udf	#0
0000000000001284 <.rela.plt+0x23c> (File Offset: 0x1284) 00000000 	udf	#0
0000000000001288 <.rela.plt+0x240> (File Offset: 0x1288) 000200c0 	.inst	0x000200c0 ; undefined
000000000000128c <.rela.plt+0x244> (File Offset: 0x128c) 00000000 	udf	#0
0000000000001290 <.rela.plt+0x248> (File Offset: 0x1290) 00000402 	udf	#1026
0000000000001294 <.rela.plt+0x24c> (File Offset: 0x1294) 00000021 	udf	#33
0000000000001298 <.rela.plt+0x250> (File Offset: 0x1298) 00000000 	udf	#0
000000000000129c <.rela.plt+0x254> (File Offset: 0x129c) 00000000 	udf	#0
00000000000012a0 <.rela.plt+0x258> (File Offset: 0x12a0) 000200c8 	.inst	0x000200c8 ; undefined
00000000000012a4 <.rela.plt+0x25c> (File Offset: 0x12a4) 00000000 	udf	#0
00000000000012a8 <.rela.plt+0x260> (File Offset: 0x12a8) 00000402 	udf	#1026
00000000000012ac <.rela.plt+0x264> (File Offset: 0x12ac) 00000022 	udf	#34
00000000000012b0 <.rela.plt+0x268> (File Offset: 0x12b0) 00000000 	udf	#0
00000000000012b4 <.rela.plt+0x26c> (File Offset: 0x12b4) 00000000 	udf	#0
00000000000012b8 <.rela.plt+0x270> (File Offset: 0x12b8) 000200d0 	.inst	0x000200d0 ; undefined
00000000000012bc <.rela.plt+0x274> (File Offset: 0x12bc) 00000000 	udf	#0
00000000000012c0 <.rela.plt+0x278> (File Offset: 0x12c0) 00000402 	udf	#1026
00000000000012c4 <.rela.plt+0x27c> (File Offset: 0x12c4) 00000024 	udf	#36
00000000000012c8 <.rela.plt+0x280> (File Offset: 0x12c8) 00000000 	udf	#0
00000000000012cc <.rela.plt+0x284> (File Offset: 0x12cc) 00000000 	udf	#0
00000000000012d0 <.rela.plt+0x288> (File Offset: 0x12d0) 000200d8 	.inst	0x000200d8 ; undefined
00000000000012d4 <.rela.plt+0x28c> (File Offset: 0x12d4) 00000000 	udf	#0
00000000000012d8 <.rela.plt+0x290> (File Offset: 0x12d8) 00000402 	udf	#1026
00000000000012dc <.rela.plt+0x294> (File Offset: 0x12dc) 00000025 	udf	#37
00000000000012e0 <.rela.plt+0x298> (File Offset: 0x12e0) 00000000 	udf	#0
00000000000012e4 <.rela.plt+0x29c> (File Offset: 0x12e4) 00000000 	udf	#0
00000000000012e8 <.rela.plt+0x2a0> (File Offset: 0x12e8) 000200e0 	.inst	0x000200e0 ; undefined
00000000000012ec <.rela.plt+0x2a4> (File Offset: 0x12ec) 00000000 	udf	#0
00000000000012f0 <.rela.plt+0x2a8> (File Offset: 0x12f0) 00000402 	udf	#1026
00000000000012f4 <.rela.plt+0x2ac> (File Offset: 0x12f4) 00000026 	udf	#38
00000000000012f8 <.rela.plt+0x2b0> (File Offset: 0x12f8) 00000000 	udf	#0
00000000000012fc <.rela.plt+0x2b4> (File Offset: 0x12fc) 00000000 	udf	#0
0000000000001300 <.rela.plt+0x2b8> (File Offset: 0x1300) 000200e8 	.inst	0x000200e8 ; undefined
0000000000001304 <.rela.plt+0x2bc> (File Offset: 0x1304) 00000000 	udf	#0
0000000000001308 <.rela.plt+0x2c0> (File Offset: 0x1308) 00000402 	udf	#1026
000000000000130c <.rela.plt+0x2c4> (File Offset: 0x130c) 00000027 	udf	#39
0000000000001310 <.rela.plt+0x2c8> (File Offset: 0x1310) 00000000 	udf	#0
0000000000001314 <.rela.plt+0x2cc> (File Offset: 0x1314) 00000000 	udf	#0
0000000000001318 <.rela.plt+0x2d0> (File Offset: 0x1318) 000200f0 	.inst	0x000200f0 ; undefined
000000000000131c <.rela.plt+0x2d4> (File Offset: 0x131c) 00000000 	udf	#0
0000000000001320 <.rela.plt+0x2d8> (File Offset: 0x1320) 00000402 	udf	#1026
0000000000001324 <.rela.plt+0x2dc> (File Offset: 0x1324) 00000028 	udf	#40
0000000000001328 <.rela.plt+0x2e0> (File Offset: 0x1328) 00000000 	udf	#0
000000000000132c <.rela.plt+0x2e4> (File Offset: 0x132c) 00000000 	udf	#0
0000000000001330 <.rela.plt+0x2e8> (File Offset: 0x1330) 000200f8 	.inst	0x000200f8 ; undefined
0000000000001334 <.rela.plt+0x2ec> (File Offset: 0x1334) 00000000 	udf	#0
0000000000001338 <.rela.plt+0x2f0> (File Offset: 0x1338) 00000402 	udf	#1026
000000000000133c <.rela.plt+0x2f4> (File Offset: 0x133c) 00000029 	udf	#41
0000000000001340 <.rela.plt+0x2f8> (File Offset: 0x1340) 00000000 	udf	#0
0000000000001344 <.rela.plt+0x2fc> (File Offset: 0x1344) 00000000 	udf	#0
0000000000001348 <.rela.plt+0x300> (File Offset: 0x1348) 00020100 	.inst	0x00020100 ; undefined
000000000000134c <.rela.plt+0x304> (File Offset: 0x134c) 00000000 	udf	#0
0000000000001350 <.rela.plt+0x308> (File Offset: 0x1350) 00000402 	udf	#1026
0000000000001354 <.rela.plt+0x30c> (File Offset: 0x1354) 0000002a 	udf	#42
0000000000001358 <.rela.plt+0x310> (File Offset: 0x1358) 00000000 	udf	#0
000000000000135c <.rela.plt+0x314> (File Offset: 0x135c) 00000000 	udf	#0
0000000000001360 <.rela.plt+0x318> (File Offset: 0x1360) 00020108 	.inst	0x00020108 ; undefined
0000000000001364 <.rela.plt+0x31c> (File Offset: 0x1364) 00000000 	udf	#0
0000000000001368 <.rela.plt+0x320> (File Offset: 0x1368) 00000402 	udf	#1026
000000000000136c <.rela.plt+0x324> (File Offset: 0x136c) 0000002b 	udf	#43
0000000000001370 <.rela.plt+0x328> (File Offset: 0x1370) 00000000 	udf	#0
0000000000001374 <.rela.plt+0x32c> (File Offset: 0x1374) 00000000 	udf	#0
0000000000001378 <.rela.plt+0x330> (File Offset: 0x1378) 00020110 	.inst	0x00020110 ; undefined
000000000000137c <.rela.plt+0x334> (File Offset: 0x137c) 00000000 	udf	#0
0000000000001380 <.rela.plt+0x338> (File Offset: 0x1380) 00000402 	udf	#1026
0000000000001384 <.rela.plt+0x33c> (File Offset: 0x1384) 0000002c 	udf	#44
0000000000001388 <.rela.plt+0x340> (File Offset: 0x1388) 00000000 	udf	#0
000000000000138c <.rela.plt+0x344> (File Offset: 0x138c) 00000000 	udf	#0
0000000000001390 <.rela.plt+0x348> (File Offset: 0x1390) 00020118 	.inst	0x00020118 ; undefined
0000000000001394 <.rela.plt+0x34c> (File Offset: 0x1394) 00000000 	udf	#0
0000000000001398 <.rela.plt+0x350> (File Offset: 0x1398) 00000402 	udf	#1026
000000000000139c <.rela.plt+0x354> (File Offset: 0x139c) 0000002d 	udf	#45
00000000000013a0 <.rela.plt+0x358> (File Offset: 0x13a0) 00000000 	udf	#0
00000000000013a4 <.rela.plt+0x35c> (File Offset: 0x13a4) 00000000 	udf	#0
00000000000013a8 <.rela.plt+0x360> (File Offset: 0x13a8) 00020120 	.inst	0x00020120 ; undefined
00000000000013ac <.rela.plt+0x364> (File Offset: 0x13ac) 00000000 	udf	#0
00000000000013b0 <.rela.plt+0x368> (File Offset: 0x13b0) 00000402 	udf	#1026
00000000000013b4 <.rela.plt+0x36c> (File Offset: 0x13b4) 0000002e 	udf	#46
00000000000013b8 <.rela.plt+0x370> (File Offset: 0x13b8) 00000000 	udf	#0
00000000000013bc <.rela.plt+0x374> (File Offset: 0x13bc) 00000000 	udf	#0
00000000000013c0 <.rela.plt+0x378> (File Offset: 0x13c0) 00020128 	.inst	0x00020128 ; undefined
00000000000013c4 <.rela.plt+0x37c> (File Offset: 0x13c4) 00000000 	udf	#0
00000000000013c8 <.rela.plt+0x380> (File Offset: 0x13c8) 00000402 	udf	#1026
00000000000013cc <.rela.plt+0x384> (File Offset: 0x13cc) 0000002f 	udf	#47
00000000000013d0 <.rela.plt+0x388> (File Offset: 0x13d0) 00000000 	udf	#0
00000000000013d4 <.rela.plt+0x38c> (File Offset: 0x13d4) 00000000 	udf	#0
00000000000013d8 <.rela.plt+0x390> (File Offset: 0x13d8) 00020130 	.inst	0x00020130 ; undefined
00000000000013dc <.rela.plt+0x394> (File Offset: 0x13dc) 00000000 	udf	#0
00000000000013e0 <.rela.plt+0x398> (File Offset: 0x13e0) 00000402 	udf	#1026
00000000000013e4 <.rela.plt+0x39c> (File Offset: 0x13e4) 00000030 	udf	#48
00000000000013e8 <.rela.plt+0x3a0> (File Offset: 0x13e8) 00000000 	udf	#0
00000000000013ec <.rela.plt+0x3a4> (File Offset: 0x13ec) 00000000 	udf	#0
00000000000013f0 <.rela.plt+0x3a8> (File Offset: 0x13f0) 00020138 	.inst	0x00020138 ; undefined
00000000000013f4 <.rela.plt+0x3ac> (File Offset: 0x13f4) 00000000 	udf	#0
00000000000013f8 <.rela.plt+0x3b0> (File Offset: 0x13f8) 00000402 	udf	#1026
00000000000013fc <.rela.plt+0x3b4> (File Offset: 0x13fc) 00000031 	udf	#49
0000000000001400 <.rela.plt+0x3b8> (File Offset: 0x1400) 00000000 	udf	#0
0000000000001404 <.rela.plt+0x3bc> (File Offset: 0x1404) 00000000 	udf	#0
0000000000001408 <.rela.plt+0x3c0> (File Offset: 0x1408) 00020140 	.inst	0x00020140 ; undefined
000000000000140c <.rela.plt+0x3c4> (File Offset: 0x140c) 00000000 	udf	#0
0000000000001410 <.rela.plt+0x3c8> (File Offset: 0x1410) 00000402 	udf	#1026
0000000000001414 <.rela.plt+0x3cc> (File Offset: 0x1414) 00000032 	udf	#50
0000000000001418 <.rela.plt+0x3d0> (File Offset: 0x1418) 00000000 	udf	#0
000000000000141c <.rela.plt+0x3d4> (File Offset: 0x141c) 00000000 	udf	#0
0000000000001420 <.rela.plt+0x3d8> (File Offset: 0x1420) 00020148 	.inst	0x00020148 ; undefined
0000000000001424 <.rela.plt+0x3dc> (File Offset: 0x1424) 00000000 	udf	#0
0000000000001428 <.rela.plt+0x3e0> (File Offset: 0x1428) 00000402 	udf	#1026
000000000000142c <.rela.plt+0x3e4> (File Offset: 0x142c) 00000033 	udf	#51
0000000000001430 <.rela.plt+0x3e8> (File Offset: 0x1430) 00000000 	udf	#0
0000000000001434 <.rela.plt+0x3ec> (File Offset: 0x1434) 00000000 	udf	#0
0000000000001438 <.rela.plt+0x3f0> (File Offset: 0x1438) 00020150 	.inst	0x00020150 ; undefined
000000000000143c <.rela.plt+0x3f4> (File Offset: 0x143c) 00000000 	udf	#0
0000000000001440 <.rela.plt+0x3f8> (File Offset: 0x1440) 00000402 	udf	#1026
0000000000001444 <.rela.plt+0x3fc> (File Offset: 0x1444) 00000034 	udf	#52
0000000000001448 <.rela.plt+0x400> (File Offset: 0x1448) 00000000 	udf	#0
000000000000144c <.rela.plt+0x404> (File Offset: 0x144c) 00000000 	udf	#0
0000000000001450 <.rela.plt+0x408> (File Offset: 0x1450) 00020158 	.inst	0x00020158 ; undefined
0000000000001454 <.rela.plt+0x40c> (File Offset: 0x1454) 00000000 	udf	#0
0000000000001458 <.rela.plt+0x410> (File Offset: 0x1458) 00000402 	udf	#1026
000000000000145c <.rela.plt+0x414> (File Offset: 0x145c) 00000035 	udf	#53
0000000000001460 <.rela.plt+0x418> (File Offset: 0x1460) 00000000 	udf	#0
0000000000001464 <.rela.plt+0x41c> (File Offset: 0x1464) 00000000 	udf	#0
0000000000001468 <.rela.plt+0x420> (File Offset: 0x1468) 00020160 	.inst	0x00020160 ; undefined
000000000000146c <.rela.plt+0x424> (File Offset: 0x146c) 00000000 	udf	#0
0000000000001470 <.rela.plt+0x428> (File Offset: 0x1470) 00000402 	udf	#1026
0000000000001474 <.rela.plt+0x42c> (File Offset: 0x1474) 00000036 	udf	#54
0000000000001478 <.rela.plt+0x430> (File Offset: 0x1478) 00000000 	udf	#0
000000000000147c <.rela.plt+0x434> (File Offset: 0x147c) 00000000 	udf	#0
0000000000001480 <.rela.plt+0x438> (File Offset: 0x1480) 00020168 	.inst	0x00020168 ; undefined
0000000000001484 <.rela.plt+0x43c> (File Offset: 0x1484) 00000000 	udf	#0
0000000000001488 <.rela.plt+0x440> (File Offset: 0x1488) 00000402 	udf	#1026
000000000000148c <.rela.plt+0x444> (File Offset: 0x148c) 00000037 	udf	#55
0000000000001490 <.rela.plt+0x448> (File Offset: 0x1490) 00000000 	udf	#0
0000000000001494 <.rela.plt+0x44c> (File Offset: 0x1494) 00000000 	udf	#0
0000000000001498 <.rela.plt+0x450> (File Offset: 0x1498) 00020170 	.inst	0x00020170 ; undefined
000000000000149c <.rela.plt+0x454> (File Offset: 0x149c) 00000000 	udf	#0
00000000000014a0 <.rela.plt+0x458> (File Offset: 0x14a0) 00000402 	udf	#1026
00000000000014a4 <.rela.plt+0x45c> (File Offset: 0x14a4) 00000038 	udf	#56
00000000000014a8 <.rela.plt+0x460> (File Offset: 0x14a8) 00000000 	udf	#0
00000000000014ac <.rela.plt+0x464> (File Offset: 0x14ac) 00000000 	udf	#0
00000000000014b0 <.rela.plt+0x468> (File Offset: 0x14b0) 00020178 	.inst	0x00020178 ; undefined
00000000000014b4 <.rela.plt+0x46c> (File Offset: 0x14b4) 00000000 	udf	#0
00000000000014b8 <.rela.plt+0x470> (File Offset: 0x14b8) 00000402 	udf	#1026
00000000000014bc <.rela.plt+0x474> (File Offset: 0x14bc) 00000039 	udf	#57
00000000000014c0 <.rela.plt+0x478> (File Offset: 0x14c0) 00000000 	udf	#0
00000000000014c4 <.rela.plt+0x47c> (File Offset: 0x14c4) 00000000 	udf	#0
00000000000014c8 <.rela.plt+0x480> (File Offset: 0x14c8) 00020180 	.inst	0x00020180 ; undefined
00000000000014cc <.rela.plt+0x484> (File Offset: 0x14cc) 00000000 	udf	#0
00000000000014d0 <.rela.plt+0x488> (File Offset: 0x14d0) 00000402 	udf	#1026
00000000000014d4 <.rela.plt+0x48c> (File Offset: 0x14d4) 0000003b 	udf	#59
00000000000014d8 <.rela.plt+0x490> (File Offset: 0x14d8) 00000000 	udf	#0
00000000000014dc <.rela.plt+0x494> (File Offset: 0x14dc) 00000000 	udf	#0
00000000000014e0 <.rela.plt+0x498> (File Offset: 0x14e0) 00020188 	.inst	0x00020188 ; undefined
00000000000014e4 <.rela.plt+0x49c> (File Offset: 0x14e4) 00000000 	udf	#0
00000000000014e8 <.rela.plt+0x4a0> (File Offset: 0x14e8) 00000402 	udf	#1026
00000000000014ec <.rela.plt+0x4a4> (File Offset: 0x14ec) 0000003d 	udf	#61
00000000000014f0 <.rela.plt+0x4a8> (File Offset: 0x14f0) 00000000 	udf	#0
00000000000014f4 <.rela.plt+0x4ac> (File Offset: 0x14f4) 00000000 	udf	#0
00000000000014f8 <.rela.plt+0x4b0> (File Offset: 0x14f8) 00020190 	.inst	0x00020190 ; undefined
00000000000014fc <.rela.plt+0x4b4> (File Offset: 0x14fc) 00000000 	udf	#0
0000000000001500 <.rela.plt+0x4b8> (File Offset: 0x1500) 00000402 	udf	#1026
0000000000001504 <.rela.plt+0x4bc> (File Offset: 0x1504) 0000003e 	udf	#62
0000000000001508 <.rela.plt+0x4c0> (File Offset: 0x1508) 00000000 	udf	#0
000000000000150c <.rela.plt+0x4c4> (File Offset: 0x150c) 00000000 	udf	#0
0000000000001510 <.rela.plt+0x4c8> (File Offset: 0x1510) 00020198 	.inst	0x00020198 ; undefined
0000000000001514 <.rela.plt+0x4cc> (File Offset: 0x1514) 00000000 	udf	#0
0000000000001518 <.rela.plt+0x4d0> (File Offset: 0x1518) 00000402 	udf	#1026
000000000000151c <.rela.plt+0x4d4> (File Offset: 0x151c) 0000003f 	udf	#63
0000000000001520 <.rela.plt+0x4d8> (File Offset: 0x1520) 00000000 	udf	#0
0000000000001524 <.rela.plt+0x4dc> (File Offset: 0x1524) 00000000 	udf	#0
0000000000001528 <.rela.plt+0x4e0> (File Offset: 0x1528) 000201a0 	.inst	0x000201a0 ; undefined
000000000000152c <.rela.plt+0x4e4> (File Offset: 0x152c) 00000000 	udf	#0
0000000000001530 <.rela.plt+0x4e8> (File Offset: 0x1530) 00000402 	udf	#1026
0000000000001534 <.rela.plt+0x4ec> (File Offset: 0x1534) 00000040 	udf	#64
0000000000001538 <.rela.plt+0x4f0> (File Offset: 0x1538) 00000000 	udf	#0
000000000000153c <.rela.plt+0x4f4> (File Offset: 0x153c) 00000000 	udf	#0
0000000000001540 <.rela.plt+0x4f8> (File Offset: 0x1540) 000201a8 	.inst	0x000201a8 ; undefined
0000000000001544 <.rela.plt+0x4fc> (File Offset: 0x1544) 00000000 	udf	#0
0000000000001548 <.rela.plt+0x500> (File Offset: 0x1548) 00000402 	udf	#1026
000000000000154c <.rela.plt+0x504> (File Offset: 0x154c) 00000041 	udf	#65
0000000000001550 <.rela.plt+0x508> (File Offset: 0x1550) 00000000 	udf	#0
0000000000001554 <.rela.plt+0x50c> (File Offset: 0x1554) 00000000 	udf	#0
0000000000001558 <.rela.plt+0x510> (File Offset: 0x1558) 000201b0 	.inst	0x000201b0 ; undefined
000000000000155c <.rela.plt+0x514> (File Offset: 0x155c) 00000000 	udf	#0
0000000000001560 <.rela.plt+0x518> (File Offset: 0x1560) 00000402 	udf	#1026
0000000000001564 <.rela.plt+0x51c> (File Offset: 0x1564) 00000042 	udf	#66
0000000000001568 <.rela.plt+0x520> (File Offset: 0x1568) 00000000 	udf	#0
000000000000156c <.rela.plt+0x524> (File Offset: 0x156c) 00000000 	udf	#0
0000000000001570 <.rela.plt+0x528> (File Offset: 0x1570) 000201b8 	.inst	0x000201b8 ; undefined
0000000000001574 <.rela.plt+0x52c> (File Offset: 0x1574) 00000000 	udf	#0
0000000000001578 <.rela.plt+0x530> (File Offset: 0x1578) 00000402 	udf	#1026
000000000000157c <.rela.plt+0x534> (File Offset: 0x157c) 00000043 	udf	#67
0000000000001580 <.rela.plt+0x538> (File Offset: 0x1580) 00000000 	udf	#0
0000000000001584 <.rela.plt+0x53c> (File Offset: 0x1584) 00000000 	udf	#0
0000000000001588 <.rela.plt+0x540> (File Offset: 0x1588) 000201c0 	.inst	0x000201c0 ; undefined
000000000000158c <.rela.plt+0x544> (File Offset: 0x158c) 00000000 	udf	#0
0000000000001590 <.rela.plt+0x548> (File Offset: 0x1590) 00000402 	udf	#1026
0000000000001594 <.rela.plt+0x54c> (File Offset: 0x1594) 00000044 	udf	#68
0000000000001598 <.rela.plt+0x550> (File Offset: 0x1598) 00000000 	udf	#0
000000000000159c <.rela.plt+0x554> (File Offset: 0x159c) 00000000 	udf	#0
00000000000015a0 <.rela.plt+0x558> (File Offset: 0x15a0) 000201c8 	.inst	0x000201c8 ; undefined
00000000000015a4 <.rela.plt+0x55c> (File Offset: 0x15a4) 00000000 	udf	#0
00000000000015a8 <.rela.plt+0x560> (File Offset: 0x15a8) 00000402 	udf	#1026
00000000000015ac <.rela.plt+0x564> (File Offset: 0x15ac) 00000045 	udf	#69
00000000000015b0 <.rela.plt+0x568> (File Offset: 0x15b0) 00000000 	udf	#0
00000000000015b4 <.rela.plt+0x56c> (File Offset: 0x15b4) 00000000 	udf	#0

Disassembly of section .init:
00000000000015b8 <.init> (File Offset: 0x15b8) d503233f 	hint	#0x19
00000000000015bc <.init+0x4> (File Offset: 0x15bc) a9bf7bfd 	stp	x29, x30, [sp, #-16]!
00000000000015c0 <.init+0x8> (File Offset: 0x15c0) 910003fd 	add	x29, sp, #0x0
00000000000015c4 <.init+0xc> (File Offset: 0x15c4) 940001ec 	bl	0000000000001d74 <ferror@plt+0x3e4> (File Offset: 0x1d74)
00000000000015c8 <.init+0x10> (File Offset: 0x15c8) a8c17bfd 	ldp	x29, x30, [sp], #16
00000000000015cc <.init+0x14> (File Offset: 0x15cc) d50323bf 	hint	#0x1d
00000000000015d0 <.init+0x18> (File Offset: 0x15d0) d65f03c0 	ret

Disassembly of section .plt:
00000000000015e0 <memcpy@plt-0x20> (File Offset: 0x15e0) a9bf7bf0 	stp	x16, x30, [sp, #-16]!
00000000000015e4 <memcpy@plt-0x1c> (File Offset: 0x15e4) d00000f0 	adrp	x16, 000000000001f000 <ferror@plt+0x1d670> (File Offset: 0x1f000)
00000000000015e8 <memcpy@plt-0x18> (File Offset: 0x15e8) f947fe11 	ldr	x17, [x16, #4088]
00000000000015ec <memcpy@plt-0x14> (File Offset: 0x15ec) 913fe210 	add	x16, x16, #0xff8
00000000000015f0 <memcpy@plt-0x10> (File Offset: 0x15f0) d61f0220 	br	x17
00000000000015f4 <memcpy@plt-0xc> (File Offset: 0x15f4) d503201f 	hint	#0x0
00000000000015f8 <memcpy@plt-0x8> (File Offset: 0x15f8) d503201f 	hint	#0x0
00000000000015fc <memcpy@plt-0x4> (File Offset: 0x15fc) d503201f 	hint	#0x0
0000000000001600 <memcpy@plt> (File Offset: 0x1600) f00000f0 	adrp	x16, 0000000000020000 <ferror@plt+0x1e670> (File Offset: 0x20000)
0000000000001604 <memcpy@plt+0x4> (File Offset: 0x1604) f9400211 	ldr	x17, [x16]
0000000000001608 <memcpy@plt+0x8> (File Offset: 0x1608) 91000210 	add	x16, x16, #0x0
000000000000160c <memcpy@plt+0xc> (File Offset: 0x160c) d61f0220 	br	x17
0000000000001610 <memmove@plt> (File Offset: 0x1610) f00000f0 	adrp	x16, 0000000000020000 <ferror@plt+0x1e670> (File Offset: 0x20000)
0000000000001614 <memmove@plt+0x4> (File Offset: 0x1614) f9400611 	ldr	x17, [x16, #8]
0000000000001618 <memmove@plt+0x8> (File Offset: 0x1618) 91002210 	add	x16, x16, #0x8
000000000000161c <memmove@plt+0xc> (File Offset: 0x161c) d61f0220 	br	x17
0000000000001620 <__isoc23_strtoul@plt> (File Offset: 0x1620) f00000f0 	adrp	x16, 0000000000020000 <ferror@plt+0x1e670> (File Offset: 0x20000)
0000000000001624 <__isoc23_strtoul@plt+0x4> (File Offset: 0x1624) f9400a11 	ldr	x17, [x16, #16]
0000000000001628 <__isoc23_strtoul@plt+0x8> (File Offset: 0x1628) 91004210 	add	x16, x16, #0x10
000000000000162c <__isoc23_strtoul@plt+0xc> (File Offset: 0x162c) d61f0220 	br	x17
0000000000001630 <cplus_demangle_name_to_style@plt> (File Offset: 0x1630) f00000f0 	adrp	x16, 0000000000020000 <ferror@plt+0x1e670> (File Offset: 0x20000)
0000000000001634 <cplus_demangle_name_to_style@plt+0x4> (File Offset: 0x1634) f9400e11 	ldr	x17, [x16, #24]
0000000000001638 <cplus_demangle_name_to_style@plt+0x8> (File Offset: 0x1638) 91006210 	add	x16, x16, #0x18
000000000000163c <cplus_demangle_name_to_style@plt+0xc> (File Offset: 0x163c) d61f0220 	br	x17
0000000000001640 <strlen@plt> (File Offset: 0x1640) f00000f0 	adrp	x16, 0000000000020000 <ferror@plt+0x1e670> (File Offset: 0x20000)
0000000000001644 <strlen@plt+0x4> (File Offset: 0x1644) f9401211 	ldr	x17, [x16, #32]
0000000000001648 <strlen@plt+0x8> (File Offset: 0x1648) 91008210 	add	x16, x16, #0x20
000000000000164c <strlen@plt+0xc> (File Offset: 0x164c) d61f0220 	br	x17
0000000000001650 <bfd_scan_vma@plt> (File Offset: 0x1650) f00000f0 	adrp	x16, 0000000000020000 <ferror@plt+0x1e670> (File Offset: 0x20000)
0000000000001654 <bfd_scan_vma@plt+0x4> (File Offset: 0x1654) f9401611 	ldr	x17, [x16, #40]
0000000000001658 <bfd_scan_vma@plt+0x8> (File Offset: 0x1658) 9100a210 	add	x16, x16, #0x28
000000000000165c <bfd_scan_vma@plt+0xc> (File Offset: 0x165c) d61f0220 	br	x17
0000000000001660 <exit@plt> (File Offset: 0x1660) f00000f0 	adrp	x16, 0000000000020000 <ferror@plt+0x1e670> (File Offset: 0x20000)
0000000000001664 <exit@plt+0x4> (File Offset: 0x1664) f9401a11 	ldr	x17, [x16, #48]
0000000000001668 <exit@plt+0x8> (File Offset: 0x1668) 9100c210 	add	x16, x16, #0x30
000000000000166c <exit@plt+0xc> (File Offset: 0x166c) d61f0220 	br	x17
0000000000001670 <__libc_start_main@plt> (File Offset: 0x1670) f00000f0 	adrp	x16, 0000000000020000 <ferror@plt+0x1e670> (File Offset: 0x20000)
0000000000001674 <__libc_start_main@plt+0x4> (File Offset: 0x1674) f9401e11 	ldr	x17, [x16, #56]
0000000000001678 <__libc_start_main@plt+0x8> (File Offset: 0x1678) 9100e210 	add	x16, x16, #0x38
000000000000167c <__libc_start_main@plt+0xc> (File Offset: 0x167c) d61f0220 	br	x17
0000000000001680 <bfd_set_default_target@plt> (File Offset: 0x1680) f00000f0 	adrp	x16, 0000000000020000 <ferror@plt+0x1e670> (File Offset: 0x20000)
0000000000001684 <bfd_set_default_target@plt+0x4> (File Offset: 0x1684) f9402211 	ldr	x17, [x16, #64]
0000000000001688 <bfd_set_default_target@plt+0x8> (File Offset: 0x1688) 91010210 	add	x16, x16, #0x40
000000000000168c <bfd_set_default_target@plt+0xc> (File Offset: 0x168c) d61f0220 	br	x17
0000000000001690 <ftell@plt> (File Offset: 0x1690) f00000f0 	adrp	x16, 0000000000020000 <ferror@plt+0x1e670> (File Offset: 0x20000)
0000000000001694 <ftell@plt+0x4> (File Offset: 0x1694) f9402611 	ldr	x17, [x16, #72]
0000000000001698 <ftell@plt+0x8> (File Offset: 0x1698) 91012210 	add	x16, x16, #0x48
000000000000169c <ftell@plt+0xc> (File Offset: 0x169c) d61f0220 	br	x17
00000000000016a0 <__cxa_finalize@plt> (File Offset: 0x16a0) f00000f0 	adrp	x16, 0000000000020000 <ferror@plt+0x1e670> (File Offset: 0x20000)
00000000000016a4 <__cxa_finalize@plt+0x4> (File Offset: 0x16a4) f9402a11 	ldr	x17, [x16, #80]
00000000000016a8 <__cxa_finalize@plt+0x8> (File Offset: 0x16a8) 91014210 	add	x16, x16, #0x50
00000000000016ac <__cxa_finalize@plt+0xc> (File Offset: 0x16ac) d61f0220 	br	x17
00000000000016b0 <putc@plt> (File Offset: 0x16b0) f00000f0 	adrp	x16, 0000000000020000 <ferror@plt+0x1e670> (File Offset: 0x20000)
00000000000016b4 <putc@plt+0x4> (File Offset: 0x16b4) f9402e11 	ldr	x17, [x16, #88]
00000000000016b8 <putc@plt+0x8> (File Offset: 0x16b8) 91016210 	add	x16, x16, #0x58
00000000000016bc <putc@plt+0xc> (File Offset: 0x16bc) d61f0220 	br	x17
00000000000016c0 <fputc@plt> (File Offset: 0x16c0) f00000f0 	adrp	x16, 0000000000020000 <ferror@plt+0x1e670> (File Offset: 0x20000)
00000000000016c4 <fputc@plt+0x4> (File Offset: 0x16c4) f9403211 	ldr	x17, [x16, #96]
00000000000016c8 <fputc@plt+0x8> (File Offset: 0x16c8) 91018210 	add	x16, x16, #0x60
00000000000016cc <fputc@plt+0xc> (File Offset: 0x16cc) d61f0220 	br	x17
00000000000016d0 <cplus_demangle_set_style@plt> (File Offset: 0x16d0) f00000f0 	adrp	x16, 0000000000020000 <ferror@plt+0x1e670> (File Offset: 0x20000)
00000000000016d4 <cplus_demangle_set_style@plt+0x4> (File Offset: 0x16d4) f9403611 	ldr	x17, [x16, #104]
00000000000016d8 <cplus_demangle_set_style@plt+0x8> (File Offset: 0x16d8) 9101a210 	add	x16, x16, #0x68
00000000000016dc <cplus_demangle_set_style@plt+0xc> (File Offset: 0x16dc) d61f0220 	br	x17
00000000000016e0 <bfd_openr@plt> (File Offset: 0x16e0) f00000f0 	adrp	x16, 0000000000020000 <ferror@plt+0x1e670> (File Offset: 0x20000)
00000000000016e4 <bfd_openr@plt+0x4> (File Offset: 0x16e4) f9403a11 	ldr	x17, [x16, #112]
00000000000016e8 <bfd_openr@plt+0x8> (File Offset: 0x16e8) 9101c210 	add	x16, x16, #0x70
00000000000016ec <bfd_openr@plt+0xc> (File Offset: 0x16ec) d61f0220 	br	x17
00000000000016f0 <fclose@plt> (File Offset: 0x16f0) f00000f0 	adrp	x16, 0000000000020000 <ferror@plt+0x1e670> (File Offset: 0x20000)
00000000000016f4 <fclose@plt+0x4> (File Offset: 0x16f4) f9403e11 	ldr	x17, [x16, #120]
00000000000016f8 <fclose@plt+0x8> (File Offset: 0x16f8) 9101e210 	add	x16, x16, #0x78
00000000000016fc <fclose@plt+0xc> (File Offset: 0x16fc) d61f0220 	br	x17
0000000000001700 <fopen@plt> (File Offset: 0x1700) f00000f0 	adrp	x16, 0000000000020000 <ferror@plt+0x1e670> (File Offset: 0x20000)
0000000000001704 <fopen@plt+0x4> (File Offset: 0x1704) f9404211 	ldr	x17, [x16, #128]
0000000000001708 <fopen@plt+0x8> (File Offset: 0x1708) 91020210 	add	x16, x16, #0x80
000000000000170c <fopen@plt+0xc> (File Offset: 0x170c) d61f0220 	br	x17
0000000000001710 <xrealloc@plt> (File Offset: 0x1710) f00000f0 	adrp	x16, 0000000000020000 <ferror@plt+0x1e670> (File Offset: 0x20000)
0000000000001714 <xrealloc@plt+0x4> (File Offset: 0x1714) f9404611 	ldr	x17, [x16, #136]
0000000000001718 <xrealloc@plt+0x8> (File Offset: 0x1718) 91022210 	add	x16, x16, #0x88
000000000000171c <xrealloc@plt+0xc> (File Offset: 0x171c) d61f0220 	br	x17
0000000000001720 <bindtextdomain@plt> (File Offset: 0x1720) f00000f0 	adrp	x16, 0000000000020000 <ferror@plt+0x1e670> (File Offset: 0x20000)
0000000000001724 <bindtextdomain@plt+0x4> (File Offset: 0x1724) f9404a11 	ldr	x17, [x16, #144]
0000000000001728 <bindtextdomain@plt+0x8> (File Offset: 0x1728) 91024210 	add	x16, x16, #0x90
000000000000172c <bindtextdomain@plt+0xc> (File Offset: 0x172c) d61f0220 	br	x17
0000000000001730 <bfd_target_list@plt> (File Offset: 0x1730) f00000f0 	adrp	x16, 0000000000020000 <ferror@plt+0x1e670> (File Offset: 0x20000)
0000000000001734 <bfd_target_list@plt+0x4> (File Offset: 0x1734) f9404e11 	ldr	x17, [x16, #152]
0000000000001738 <bfd_target_list@plt+0x8> (File Offset: 0x1738) 91026210 	add	x16, x16, #0x98
000000000000173c <bfd_target_list@plt+0xc> (File Offset: 0x173c) d61f0220 	br	x17
0000000000001740 <bfd_get_error@plt> (File Offset: 0x1740) f00000f0 	adrp	x16, 0000000000020000 <ferror@plt+0x1e670> (File Offset: 0x20000)
0000000000001744 <bfd_get_error@plt+0x4> (File Offset: 0x1744) f9405211 	ldr	x17, [x16, #160]
0000000000001748 <bfd_get_error@plt+0x8> (File Offset: 0x1748) 91028210 	add	x16, x16, #0xa0
000000000000174c <bfd_get_error@plt+0xc> (File Offset: 0x174c) d61f0220 	br	x17
0000000000001750 <xmalloc@plt> (File Offset: 0x1750) f00000f0 	adrp	x16, 0000000000020000 <ferror@plt+0x1e670> (File Offset: 0x20000)
0000000000001754 <xmalloc@plt+0x4> (File Offset: 0x1754) f9405611 	ldr	x17, [x16, #168]
0000000000001758 <xmalloc@plt+0x8> (File Offset: 0x1758) 9102a210 	add	x16, x16, #0xa8
000000000000175c <xmalloc@plt+0xc> (File Offset: 0x175c) d61f0220 	br	x17
0000000000001760 <xmalloc_set_program_name@plt> (File Offset: 0x1760) f00000f0 	adrp	x16, 0000000000020000 <ferror@plt+0x1e670> (File Offset: 0x20000)
0000000000001764 <xmalloc_set_program_name@plt+0x4> (File Offset: 0x1764) f9405a11 	ldr	x17, [x16, #176]
0000000000001768 <xmalloc_set_program_name@plt+0x8> (File Offset: 0x1768) 9102c210 	add	x16, x16, #0xb0
000000000000176c <xmalloc_set_program_name@plt+0xc> (File Offset: 0x176c) d61f0220 	br	x17
0000000000001770 <xstrdup@plt> (File Offset: 0x1770) f00000f0 	adrp	x16, 0000000000020000 <ferror@plt+0x1e670> (File Offset: 0x20000)
0000000000001774 <xstrdup@plt+0x4> (File Offset: 0x1774) f9405e11 	ldr	x17, [x16, #184]
0000000000001778 <xstrdup@plt+0x8> (File Offset: 0x1778) 9102e210 	add	x16, x16, #0xb8
000000000000177c <xstrdup@plt+0xc> (File Offset: 0x177c) d61f0220 	br	x17
0000000000001780 <bfd_get_section_by_name@plt> (File Offset: 0x1780) f00000f0 	adrp	x16, 0000000000020000 <ferror@plt+0x1e670> (File Offset: 0x20000)
0000000000001784 <bfd_get_section_by_name@plt+0x4> (File Offset: 0x1784) f9406211 	ldr	x17, [x16, #192]
0000000000001788 <bfd_get_section_by_name@plt+0x8> (File Offset: 0x1788) 91030210 	add	x16, x16, #0xc0
000000000000178c <bfd_get_section_by_name@plt+0xc> (File Offset: 0x178c) d61f0220 	br	x17
0000000000001790 <bfd_init@plt> (File Offset: 0x1790) f00000f0 	adrp	x16, 0000000000020000 <ferror@plt+0x1e670> (File Offset: 0x20000)
0000000000001794 <bfd_init@plt+0x4> (File Offset: 0x1794) f9406611 	ldr	x17, [x16, #200]
0000000000001798 <bfd_init@plt+0x8> (File Offset: 0x1798) 91032210 	add	x16, x16, #0xc8
000000000000179c <bfd_init@plt+0xc> (File Offset: 0x179c) d61f0220 	br	x17
00000000000017a0 <strerror@plt> (File Offset: 0x17a0) f00000f0 	adrp	x16, 0000000000020000 <ferror@plt+0x1e670> (File Offset: 0x20000)
00000000000017a4 <strerror@plt+0x4> (File Offset: 0x17a4) f9406a11 	ldr	x17, [x16, #208]
00000000000017a8 <strerror@plt+0x8> (File Offset: 0x17a8) 91034210 	add	x16, x16, #0xd0
00000000000017ac <strerror@plt+0xc> (File Offset: 0x17ac) d61f0220 	br	x17
00000000000017b0 <strrchr@plt> (File Offset: 0x17b0) f00000f0 	adrp	x16, 0000000000020000 <ferror@plt+0x1e670> (File Offset: 0x20000)
00000000000017b4 <strrchr@plt+0x4> (File Offset: 0x17b4) f9406e11 	ldr	x17, [x16, #216]
00000000000017b8 <strrchr@plt+0x8> (File Offset: 0x17b8) 91036210 	add	x16, x16, #0xd8
00000000000017bc <strrchr@plt+0xc> (File Offset: 0x17bc) d61f0220 	br	x17
00000000000017c0 <__gmon_start__@plt> (File Offset: 0x17c0) f00000f0 	adrp	x16, 0000000000020000 <ferror@plt+0x1e670> (File Offset: 0x20000)
00000000000017c4 <__gmon_start__@plt+0x4> (File Offset: 0x17c4) f9407211 	ldr	x17, [x16, #224]
00000000000017c8 <__gmon_start__@plt+0x8> (File Offset: 0x17c8) 91038210 	add	x16, x16, #0xe0
00000000000017cc <__gmon_start__@plt+0xc> (File Offset: 0x17cc) d61f0220 	br	x17
00000000000017d0 <stat@plt> (File Offset: 0x17d0) f00000f0 	adrp	x16, 0000000000020000 <ferror@plt+0x1e670> (File Offset: 0x20000)
00000000000017d4 <stat@plt+0x4> (File Offset: 0x17d4) f9407611 	ldr	x17, [x16, #232]
00000000000017d8 <stat@plt+0x8> (File Offset: 0x17d8) 9103a210 	add	x16, x16, #0xe8
00000000000017dc <stat@plt+0xc> (File Offset: 0x17dc) d61f0220 	br	x17
00000000000017e0 <fseek@plt> (File Offset: 0x17e0) f00000f0 	adrp	x16, 0000000000020000 <ferror@plt+0x1e670> (File Offset: 0x20000)
00000000000017e4 <fseek@plt+0x4> (File Offset: 0x17e4) f9407a11 	ldr	x17, [x16, #240]
00000000000017e8 <fseek@plt+0x8> (File Offset: 0x17e8) 9103c210 	add	x16, x16, #0xf0
00000000000017ec <fseek@plt+0xc> (File Offset: 0x17ec) d61f0220 	br	x17
00000000000017f0 <abort@plt> (File Offset: 0x17f0) f00000f0 	adrp	x16, 0000000000020000 <ferror@plt+0x1e670> (File Offset: 0x20000)
00000000000017f4 <abort@plt+0x4> (File Offset: 0x17f4) f9407e11 	ldr	x17, [x16, #248]
00000000000017f8 <abort@plt+0x8> (File Offset: 0x17f8) 9103e210 	add	x16, x16, #0xf8
00000000000017fc <abort@plt+0xc> (File Offset: 0x17fc) d61f0220 	br	x17
0000000000001800 <puts@plt> (File Offset: 0x1800) f00000f0 	adrp	x16, 0000000000020000 <ferror@plt+0x1e670> (File Offset: 0x20000)
0000000000001804 <puts@plt+0x4> (File Offset: 0x1804) f9408211 	ldr	x17, [x16, #256]
0000000000001808 <puts@plt+0x8> (File Offset: 0x1808) 91040210 	add	x16, x16, #0x100
000000000000180c <puts@plt+0xc> (File Offset: 0x180c) d61f0220 	br	x17
0000000000001810 <textdomain@plt> (File Offset: 0x1810) f00000f0 	adrp	x16, 0000000000020000 <ferror@plt+0x1e670> (File Offset: 0x20000)
0000000000001814 <textdomain@plt+0x4> (File Offset: 0x1814) f9408611 	ldr	x17, [x16, #264]
0000000000001818 <textdomain@plt+0x8> (File Offset: 0x1818) 91042210 	add	x16, x16, #0x108
000000000000181c <textdomain@plt+0xc> (File Offset: 0x181c) d61f0220 	br	x17
0000000000001820 <getopt_long@plt> (File Offset: 0x1820) f00000f0 	adrp	x16, 0000000000020000 <ferror@plt+0x1e670> (File Offset: 0x20000)
0000000000001824 <getopt_long@plt+0x4> (File Offset: 0x1824) f9408a11 	ldr	x17, [x16, #272]
0000000000001828 <getopt_long@plt+0x8> (File Offset: 0x1828) 91044210 	add	x16, x16, #0x110
000000000000182c <getopt_long@plt+0xc> (File Offset: 0x182c) d61f0220 	br	x17
0000000000001830 <strcmp@plt> (File Offset: 0x1830) f00000f0 	adrp	x16, 0000000000020000 <ferror@plt+0x1e670> (File Offset: 0x20000)
0000000000001834 <strcmp@plt+0x4> (File Offset: 0x1834) f9408e11 	ldr	x17, [x16, #280]
0000000000001838 <strcmp@plt+0x8> (File Offset: 0x1838) 91046210 	add	x16, x16, #0x118
000000000000183c <strcmp@plt+0xc> (File Offset: 0x183c) d61f0220 	br	x17
0000000000001840 <fread@plt> (File Offset: 0x1840) f00000f0 	adrp	x16, 0000000000020000 <ferror@plt+0x1e670> (File Offset: 0x20000)
0000000000001844 <fread@plt+0x4> (File Offset: 0x1844) f9409211 	ldr	x17, [x16, #288]
0000000000001848 <fread@plt+0x8> (File Offset: 0x1848) 91048210 	add	x16, x16, #0x120
000000000000184c <fread@plt+0xc> (File Offset: 0x184c) d61f0220 	br	x17
0000000000001850 <free@plt> (File Offset: 0x1850) f00000f0 	adrp	x16, 0000000000020000 <ferror@plt+0x1e670> (File Offset: 0x20000)
0000000000001854 <free@plt+0x4> (File Offset: 0x1854) f9409611 	ldr	x17, [x16, #296]
0000000000001858 <free@plt+0x8> (File Offset: 0x1858) 9104a210 	add	x16, x16, #0x128
000000000000185c <free@plt+0xc> (File Offset: 0x185c) d61f0220 	br	x17
0000000000001860 <strchr@plt> (File Offset: 0x1860) f00000f0 	adrp	x16, 0000000000020000 <ferror@plt+0x1e670> (File Offset: 0x20000)
0000000000001864 <strchr@plt+0x4> (File Offset: 0x1864) f9409a11 	ldr	x17, [x16, #304]
0000000000001868 <strchr@plt+0x8> (File Offset: 0x1868) 9104c210 	add	x16, x16, #0x130
000000000000186c <strchr@plt+0xc> (File Offset: 0x186c) d61f0220 	br	x17
0000000000001870 <bfd_set_error_program_name@plt> (File Offset: 0x1870) f00000f0 	adrp	x16, 0000000000020000 <ferror@plt+0x1e670> (File Offset: 0x20000)
0000000000001874 <bfd_set_error_program_name@plt+0x4> (File Offset: 0x1874) f9409e11 	ldr	x17, [x16, #312]
0000000000001878 <bfd_set_error_program_name@plt+0x8> (File Offset: 0x1878) 9104e210 	add	x16, x16, #0x138
000000000000187c <bfd_set_error_program_name@plt+0xc> (File Offset: 0x187c) d61f0220 	br	x17
0000000000001880 <bfd_demangle@plt> (File Offset: 0x1880) f00000f0 	adrp	x16, 0000000000020000 <ferror@plt+0x1e670> (File Offset: 0x20000)
0000000000001884 <bfd_demangle@plt+0x4> (File Offset: 0x1884) f940a211 	ldr	x17, [x16, #320]
0000000000001888 <bfd_demangle@plt+0x8> (File Offset: 0x1888) 91050210 	add	x16, x16, #0x140
000000000000188c <bfd_demangle@plt+0xc> (File Offset: 0x188c) d61f0220 	br	x17
0000000000001890 <fflush@plt> (File Offset: 0x1890) f00000f0 	adrp	x16, 0000000000020000 <ferror@plt+0x1e670> (File Offset: 0x20000)
0000000000001894 <fflush@plt+0x4> (File Offset: 0x1894) f940a611 	ldr	x17, [x16, #328]
0000000000001898 <fflush@plt+0x8> (File Offset: 0x1898) 91052210 	add	x16, x16, #0x148
000000000000189c <fflush@plt+0xc> (File Offset: 0x189c) d61f0220 	br	x17
00000000000018a0 <xexit@plt> (File Offset: 0x18a0) f00000f0 	adrp	x16, 0000000000020000 <ferror@plt+0x1e670> (File Offset: 0x20000)
00000000000018a4 <xexit@plt+0x4> (File Offset: 0x18a4) f940aa11 	ldr	x17, [x16, #336]
00000000000018a8 <xexit@plt+0x8> (File Offset: 0x18a8) 91054210 	add	x16, x16, #0x150
00000000000018ac <xexit@plt+0xc> (File Offset: 0x18ac) d61f0220 	br	x17
00000000000018b0 <bfd_close@plt> (File Offset: 0x18b0) f00000f0 	adrp	x16, 0000000000020000 <ferror@plt+0x1e670> (File Offset: 0x20000)
00000000000018b4 <bfd_close@plt+0x4> (File Offset: 0x18b4) f940ae11 	ldr	x17, [x16, #344]
00000000000018b8 <bfd_close@plt+0x8> (File Offset: 0x18b8) 91056210 	add	x16, x16, #0x158
00000000000018bc <bfd_close@plt+0xc> (File Offset: 0x18bc) d61f0220 	br	x17
00000000000018c0 <bfd_check_format_matches@plt> (File Offset: 0x18c0) f00000f0 	adrp	x16, 0000000000020000 <ferror@plt+0x1e670> (File Offset: 0x20000)
00000000000018c4 <bfd_check_format_matches@plt+0x4> (File Offset: 0x18c4) f940b211 	ldr	x17, [x16, #352]
00000000000018c8 <bfd_check_format_matches@plt+0x8> (File Offset: 0x18c8) 91058210 	add	x16, x16, #0x160
00000000000018cc <bfd_check_format_matches@plt+0xc> (File Offset: 0x18cc) d61f0220 	br	x17
00000000000018d0 <bfd_errmsg@plt> (File Offset: 0x18d0) f00000f0 	adrp	x16, 0000000000020000 <ferror@plt+0x1e670> (File Offset: 0x20000)
00000000000018d4 <bfd_errmsg@plt+0x4> (File Offset: 0x18d4) f940b611 	ldr	x17, [x16, #360]
00000000000018d8 <bfd_errmsg@plt+0x8> (File Offset: 0x18d8) 9105a210 	add	x16, x16, #0x168
00000000000018dc <bfd_errmsg@plt+0xc> (File Offset: 0x18dc) d61f0220 	br	x17
00000000000018e0 <dcgettext@plt> (File Offset: 0x18e0) f00000f0 	adrp	x16, 0000000000020000 <ferror@plt+0x1e670> (File Offset: 0x20000)
00000000000018e4 <dcgettext@plt+0x4> (File Offset: 0x18e4) f940ba11 	ldr	x17, [x16, #368]
00000000000018e8 <dcgettext@plt+0x8> (File Offset: 0x18e8) 9105c210 	add	x16, x16, #0x170
00000000000018ec <dcgettext@plt+0xc> (File Offset: 0x18ec) d61f0220 	br	x17
00000000000018f0 <bfd_check_format@plt> (File Offset: 0x18f0) f00000f0 	adrp	x16, 0000000000020000 <ferror@plt+0x1e670> (File Offset: 0x20000)
00000000000018f4 <bfd_check_format@plt+0x4> (File Offset: 0x18f4) f940be11 	ldr	x17, [x16, #376]
00000000000018f8 <bfd_check_format@plt+0x8> (File Offset: 0x18f8) 9105e210 	add	x16, x16, #0x178
00000000000018fc <bfd_check_format@plt+0xc> (File Offset: 0x18fc) d61f0220 	br	x17
0000000000001900 <bfd_fprintf_vma@plt> (File Offset: 0x1900) f00000f0 	adrp	x16, 0000000000020000 <ferror@plt+0x1e670> (File Offset: 0x20000)
0000000000001904 <bfd_fprintf_vma@plt+0x4> (File Offset: 0x1904) f940c211 	ldr	x17, [x16, #384]
0000000000001908 <bfd_fprintf_vma@plt+0x8> (File Offset: 0x1908) 91060210 	add	x16, x16, #0x180
000000000000190c <bfd_fprintf_vma@plt+0xc> (File Offset: 0x190c) d61f0220 	br	x17
0000000000001910 <vfprintf@plt> (File Offset: 0x1910) f00000f0 	adrp	x16, 0000000000020000 <ferror@plt+0x1e670> (File Offset: 0x20000)
0000000000001914 <vfprintf@plt+0x4> (File Offset: 0x1914) f940c611 	ldr	x17, [x16, #392]
0000000000001918 <vfprintf@plt+0x8> (File Offset: 0x1918) 91062210 	add	x16, x16, #0x188
000000000000191c <vfprintf@plt+0xc> (File Offset: 0x191c) d61f0220 	br	x17
0000000000001920 <printf@plt> (File Offset: 0x1920) f00000f0 	adrp	x16, 0000000000020000 <ferror@plt+0x1e670> (File Offset: 0x20000)
0000000000001924 <printf@plt+0x4> (File Offset: 0x1924) f940ca11 	ldr	x17, [x16, #400]
0000000000001928 <printf@plt+0x8> (File Offset: 0x1928) 91064210 	add	x16, x16, #0x190
000000000000192c <printf@plt+0xc> (File Offset: 0x192c) d61f0220 	br	x17
0000000000001930 <bfd_map_over_sections@plt> (File Offset: 0x1930) f00000f0 	adrp	x16, 0000000000020000 <ferror@plt+0x1e670> (File Offset: 0x20000)
0000000000001934 <bfd_map_over_sections@plt+0x4> (File Offset: 0x1934) f940ce11 	ldr	x17, [x16, #408]
0000000000001938 <bfd_map_over_sections@plt+0x8> (File Offset: 0x1938) 91066210 	add	x16, x16, #0x198
000000000000193c <bfd_map_over_sections@plt+0xc> (File Offset: 0x193c) d61f0220 	br	x17
0000000000001940 <__errno_location@plt> (File Offset: 0x1940) f00000f0 	adrp	x16, 0000000000020000 <ferror@plt+0x1e670> (File Offset: 0x20000)
0000000000001944 <__errno_location@plt+0x4> (File Offset: 0x1944) f940d211 	ldr	x17, [x16, #416]
0000000000001948 <__errno_location@plt+0x8> (File Offset: 0x1948) 91068210 	add	x16, x16, #0x1a0
000000000000194c <__errno_location@plt+0xc> (File Offset: 0x194c) d61f0220 	br	x17
0000000000001950 <putchar@plt> (File Offset: 0x1950) f00000f0 	adrp	x16, 0000000000020000 <ferror@plt+0x1e670> (File Offset: 0x20000)
0000000000001954 <putchar@plt+0x4> (File Offset: 0x1954) f940d611 	ldr	x17, [x16, #424]
0000000000001958 <putchar@plt+0x8> (File Offset: 0x1958) 9106a210 	add	x16, x16, #0x1a8
000000000000195c <putchar@plt+0xc> (File Offset: 0x195c) d61f0220 	br	x17
0000000000001960 <fprintf@plt> (File Offset: 0x1960) f00000f0 	adrp	x16, 0000000000020000 <ferror@plt+0x1e670> (File Offset: 0x20000)
0000000000001964 <fprintf@plt+0x4> (File Offset: 0x1964) f940da11 	ldr	x17, [x16, #432]
0000000000001968 <fprintf@plt+0x8> (File Offset: 0x1968) 9106c210 	add	x16, x16, #0x1b0
000000000000196c <fprintf@plt+0xc> (File Offset: 0x196c) d61f0220 	br	x17
0000000000001970 <fgets@plt> (File Offset: 0x1970) f00000f0 	adrp	x16, 0000000000020000 <ferror@plt+0x1e670> (File Offset: 0x20000)
0000000000001974 <fgets@plt+0x4> (File Offset: 0x1974) f940de11 	ldr	x17, [x16, #440]
0000000000001978 <fgets@plt+0x8> (File Offset: 0x1978) 9106e210 	add	x16, x16, #0x1b8
000000000000197c <fgets@plt+0xc> (File Offset: 0x197c) d61f0220 	br	x17
0000000000001980 <setlocale@plt> (File Offset: 0x1980) f00000f0 	adrp	x16, 0000000000020000 <ferror@plt+0x1e670> (File Offset: 0x20000)
0000000000001984 <setlocale@plt+0x4> (File Offset: 0x1984) f940e211 	ldr	x17, [x16, #448]
0000000000001988 <setlocale@plt+0x8> (File Offset: 0x1988) 91070210 	add	x16, x16, #0x1c0
000000000000198c <setlocale@plt+0xc> (File Offset: 0x198c) d61f0220 	br	x17
0000000000001990 <ferror@plt> (File Offset: 0x1990) f00000f0 	adrp	x16, 0000000000020000 <ferror@plt+0x1e670> (File Offset: 0x20000)
0000000000001994 <ferror@plt+0x4> (File Offset: 0x1994) f940e611 	ldr	x17, [x16, #456]
0000000000001998 <ferror@plt+0x8> (File Offset: 0x1998) 91072210 	add	x16, x16, #0x1c8
000000000000199c <ferror@plt+0xc> (File Offset: 0x199c) d61f0220 	br	x17

Disassembly of section .text:
00000000000019c0 <.text> (File Offset: 0x19c0) a9bc7bfd 	stp	x29, x30, [sp, #-64]!
00000000000019c4 <.text+0x4> (File Offset: 0x19c4) 528000a2 	movz	w2, #0x5
00000000000019c8 <.text+0x8> (File Offset: 0x19c8) 910003fd 	add	x29, sp, #0x0
00000000000019cc <.text+0xc> (File Offset: 0x19cc) a9025bf5 	stp	x21, x22, [sp, #32]
00000000000019d0 <.text+0x10> (File Offset: 0x19d0) f00000f5 	adrp	x21, 0000000000020000 <ferror@plt+0x1e670> (File Offset: 0x20000)
00000000000019d4 <.text+0x14> (File Offset: 0x19d4) a90153f3 	stp	x19, x20, [sp, #16]
00000000000019d8 <.text+0x18> (File Offset: 0x19d8) aa0003f3 	orr	x19, xzr, x0
00000000000019dc <.text+0x1c> (File Offset: 0x19dc) 2a0103f4 	orr	w20, wzr, w1
00000000000019e0 <.text+0x20> (File Offset: 0x19e0) d2800000 	movz	x0, #0x0
00000000000019e4 <.text+0x24> (File Offset: 0x19e4) d0000001 	adrp	x1, 0000000000003000 <ferror@plt+0x1670> (File Offset: 0x3000)
00000000000019e8 <.text+0x28> (File Offset: 0x19e8) 91168021 	add	x1, x1, #0x5a0
00000000000019ec <.text+0x2c> (File Offset: 0x19ec) f9001bf7 	str	x23, [sp, #48]
00000000000019f0 <.text+0x30> (File Offset: 0x19f0) 97ffffbc 	bl	00000000000018e0 <dcgettext@plt> (File Offset: 0x18e0)
00000000000019f4 <.text+0x34> (File Offset: 0x19f4) aa0003e1 	orr	x1, xzr, x0
00000000000019f8 <.text+0x38> (File Offset: 0x19f8) f941faa2 	ldr	x2, [x21, #1008]
00000000000019fc <.text+0x3c> (File Offset: 0x19fc) aa1303e0 	orr	x0, xzr, x19
0000000000001a00 <.text+0x40> (File Offset: 0x1a00) 97ffffd8 	bl	0000000000001960 <fprintf@plt> (File Offset: 0x1960)
0000000000001a04 <.text+0x44> (File Offset: 0x1a04) 528000a2 	movz	w2, #0x5
0000000000001a08 <.text+0x48> (File Offset: 0x1a08) d0000001 	adrp	x1, 0000000000003000 <ferror@plt+0x1670> (File Offset: 0x3000)
0000000000001a0c <.text+0x4c> (File Offset: 0x1a0c) d2800000 	movz	x0, #0x0
0000000000001a10 <.text+0x50> (File Offset: 0x1a10) 91172021 	add	x1, x1, #0x5c8
0000000000001a14 <.text+0x54> (File Offset: 0x1a14) 97ffffb3 	bl	00000000000018e0 <dcgettext@plt> (File Offset: 0x18e0)
0000000000001a18 <.text+0x58> (File Offset: 0x1a18) aa0003e1 	orr	x1, xzr, x0
0000000000001a1c <.text+0x5c> (File Offset: 0x1a1c) aa1303e0 	orr	x0, xzr, x19
0000000000001a20 <.text+0x60> (File Offset: 0x1a20) 97ffffd0 	bl	0000000000001960 <fprintf@plt> (File Offset: 0x1960)
0000000000001a24 <.text+0x64> (File Offset: 0x1a24) 528000a2 	movz	w2, #0x5
0000000000001a28 <.text+0x68> (File Offset: 0x1a28) d0000001 	adrp	x1, 0000000000003000 <ferror@plt+0x1670> (File Offset: 0x3000)
0000000000001a2c <.text+0x6c> (File Offset: 0x1a2c) d2800000 	movz	x0, #0x0
0000000000001a30 <.text+0x70> (File Offset: 0x1a30) 91180021 	add	x1, x1, #0x600
0000000000001a34 <.text+0x74> (File Offset: 0x1a34) 97ffffab 	bl	00000000000018e0 <dcgettext@plt> (File Offset: 0x18e0)
0000000000001a38 <.text+0x78> (File Offset: 0x1a38) aa0003e1 	orr	x1, xzr, x0
0000000000001a3c <.text+0x7c> (File Offset: 0x1a3c) aa1303e0 	orr	x0, xzr, x19
0000000000001a40 <.text+0x80> (File Offset: 0x1a40) 97ffffc8 	bl	0000000000001960 <fprintf@plt> (File Offset: 0x1960)
0000000000001a44 <.text+0x84> (File Offset: 0x1a44) 528000a2 	movz	w2, #0x5
0000000000001a48 <.text+0x88> (File Offset: 0x1a48) d0000001 	adrp	x1, 0000000000003000 <ferror@plt+0x1670> (File Offset: 0x3000)
0000000000001a4c <.text+0x8c> (File Offset: 0x1a4c) d2800000 	movz	x0, #0x0
0000000000001a50 <.text+0x90> (File Offset: 0x1a50) 91196021 	add	x1, x1, #0x658
0000000000001a54 <.text+0x94> (File Offset: 0x1a54) 97ffffa3 	bl	00000000000018e0 <dcgettext@plt> (File Offset: 0x18e0)
0000000000001a58 <.text+0x98> (File Offset: 0x1a58) aa0003e1 	orr	x1, xzr, x0
0000000000001a5c <.text+0x9c> (File Offset: 0x1a5c) aa1303e0 	orr	x0, xzr, x19
0000000000001a60 <.text+0xa0> (File Offset: 0x1a60) 97ffffc0 	bl	0000000000001960 <fprintf@plt> (File Offset: 0x1960)
0000000000001a64 <.text+0xa4> (File Offset: 0x1a64) f941fab5 	ldr	x21, [x21, #1008]
0000000000001a68 <.text+0xa8> (File Offset: 0x1a68) b5000155 	cbnz	x21, 0000000000001a90 <ferror@plt+0x100> (File Offset: 0x1a90)
0000000000001a6c <.text+0xac> (File Offset: 0x1a6c) 528000a2 	movz	w2, #0x5
0000000000001a70 <.text+0xb0> (File Offset: 0x1a70) d0000001 	adrp	x1, 0000000000003000 <ferror@plt+0x1670> (File Offset: 0x3000)
0000000000001a74 <.text+0xb4> (File Offset: 0x1a74) d2800000 	movz	x0, #0x0
0000000000001a78 <.text+0xb8> (File Offset: 0x1a78) 91264021 	add	x1, x1, #0x990
0000000000001a7c <.text+0xbc> (File Offset: 0x1a7c) 97ffff99 	bl	00000000000018e0 <dcgettext@plt> (File Offset: 0x18e0)
0000000000001a80 <.text+0xc0> (File Offset: 0x1a80) aa0003e1 	orr	x1, xzr, x0
0000000000001a84 <.text+0xc4> (File Offset: 0x1a84) aa1303e0 	orr	x0, xzr, x19
0000000000001a88 <.text+0xc8> (File Offset: 0x1a88) 97ffffb6 	bl	0000000000001960 <fprintf@plt> (File Offset: 0x1960)
0000000000001a8c <.text+0xcc> (File Offset: 0x1a8c) 1400000a 	b	0000000000001ab4 <ferror@plt+0x124> (File Offset: 0x1ab4)
0000000000001a90 <.text+0xd0> (File Offset: 0x1a90) 528000a2 	movz	w2, #0x5
0000000000001a94 <.text+0xd4> (File Offset: 0x1a94) d0000001 	adrp	x1, 0000000000003000 <ferror@plt+0x1670> (File Offset: 0x3000)
0000000000001a98 <.text+0xd8> (File Offset: 0x1a98) d2800000 	movz	x0, #0x0
0000000000001a9c <.text+0xdc> (File Offset: 0x1a9c) 9126a021 	add	x1, x1, #0x9a8
0000000000001aa0 <.text+0xe0> (File Offset: 0x1aa0) 97ffff90 	bl	00000000000018e0 <dcgettext@plt> (File Offset: 0x18e0)
0000000000001aa4 <.text+0xe4> (File Offset: 0x1aa4) aa0003e1 	orr	x1, xzr, x0
0000000000001aa8 <.text+0xe8> (File Offset: 0x1aa8) aa1503e2 	orr	x2, xzr, x21
0000000000001aac <.text+0xec> (File Offset: 0x1aac) aa1303e0 	orr	x0, xzr, x19
0000000000001ab0 <.text+0xf0> (File Offset: 0x1ab0) 97ffffac 	bl	0000000000001960 <fprintf@plt> (File Offset: 0x1960)
0000000000001ab4 <.text+0xf4> (File Offset: 0x1ab4) 97ffff1f 	bl	0000000000001730 <bfd_target_list@plt> (File Offset: 0x1730)
0000000000001ab8 <.text+0xf8> (File Offset: 0x1ab8) d0000016 	adrp	x22, 0000000000003000 <ferror@plt+0x1670> (File Offset: 0x3000)
0000000000001abc <.text+0xfc> (File Offset: 0x1abc) aa0003f5 	orr	x21, xzr, x0
0000000000001ac0 <.text+0x100> (File Offset: 0x1ac0) aa0003f7 	orr	x23, xzr, x0
0000000000001ac4 <.text+0x104> (File Offset: 0x1ac4) 911042d6 	add	x22, x22, #0x410
0000000000001ac8 <.text+0x108> (File Offset: 0x1ac8) f84086e2 	ldr	x2, [x23], #8
0000000000001acc <.text+0x10c> (File Offset: 0x1acc) b40000a2 	cbz	x2, 0000000000001ae0 <ferror@plt+0x150> (File Offset: 0x1ae0)
0000000000001ad0 <.text+0x110> (File Offset: 0x1ad0) aa1603e1 	orr	x1, xzr, x22
0000000000001ad4 <.text+0x114> (File Offset: 0x1ad4) aa1303e0 	orr	x0, xzr, x19
0000000000001ad8 <.text+0x118> (File Offset: 0x1ad8) 97ffffa2 	bl	0000000000001960 <fprintf@plt> (File Offset: 0x1960)
0000000000001adc <.text+0x11c> (File Offset: 0x1adc) 17fffffb 	b	0000000000001ac8 <ferror@plt+0x138> (File Offset: 0x1ac8)
0000000000001ae0 <.text+0x120> (File Offset: 0x1ae0) aa1303e1 	orr	x1, xzr, x19
0000000000001ae4 <.text+0x124> (File Offset: 0x1ae4) 52800140 	movz	w0, #0xa
0000000000001ae8 <.text+0x128> (File Offset: 0x1ae8) 97fffef6 	bl	00000000000016c0 <fputc@plt> (File Offset: 0x16c0)
0000000000001aec <.text+0x12c> (File Offset: 0x1aec) aa1503e0 	orr	x0, xzr, x21
0000000000001af0 <.text+0x130> (File Offset: 0x1af0) 97ffff58 	bl	0000000000001850 <free@plt> (File Offset: 0x1850)
0000000000001af4 <.text+0x134> (File Offset: 0x1af4) 35000174 	cbnz	w20, 0000000000001b20 <ferror@plt+0x190> (File Offset: 0x1b20)
0000000000001af8 <.text+0x138> (File Offset: 0x1af8) 528000a2 	movz	w2, #0x5
0000000000001afc <.text+0x13c> (File Offset: 0x1afc) d0000001 	adrp	x1, 0000000000003000 <ferror@plt+0x1670> (File Offset: 0x3000)
0000000000001b00 <.text+0x140> (File Offset: 0x1b00) d2800000 	movz	x0, #0x0
0000000000001b04 <.text+0x144> (File Offset: 0x1b04) 91270021 	add	x1, x1, #0x9c0
0000000000001b08 <.text+0x148> (File Offset: 0x1b08) 97ffff76 	bl	00000000000018e0 <dcgettext@plt> (File Offset: 0x18e0)
0000000000001b0c <.text+0x14c> (File Offset: 0x1b0c) aa0003e1 	orr	x1, xzr, x0
0000000000001b10 <.text+0x150> (File Offset: 0x1b10) d0000002 	adrp	x2, 0000000000003000 <ferror@plt+0x1670> (File Offset: 0x3000)
0000000000001b14 <.text+0x154> (File Offset: 0x1b14) aa1303e0 	orr	x0, xzr, x19
0000000000001b18 <.text+0x158> (File Offset: 0x1b18) 91276042 	add	x2, x2, #0x9d8
0000000000001b1c <.text+0x15c> (File Offset: 0x1b1c) 97ffff91 	bl	0000000000001960 <fprintf@plt> (File Offset: 0x1960)
0000000000001b20 <.text+0x160> (File Offset: 0x1b20) 2a1403e0 	orr	w0, wzr, w20
0000000000001b24 <.text+0x164> (File Offset: 0x1b24) 97fffecf 	bl	0000000000001660 <exit@plt> (File Offset: 0x1660)
0000000000001b28 <.text+0x168> (File Offset: 0x1b28) d503201f 	hint	#0x0
0000000000001b2c <.text+0x16c> (File Offset: 0x1b2c) d503201f 	hint	#0x0
0000000000001b30 <.text+0x170> (File Offset: 0x1b30) d503201f 	hint	#0x0
0000000000001b34 <.text+0x174> (File Offset: 0x1b34) d503201f 	hint	#0x0
0000000000001b38 <.text+0x178> (File Offset: 0x1b38) d503201f 	hint	#0x0
0000000000001b3c <.text+0x17c> (File Offset: 0x1b3c) d503201f 	hint	#0x0
0000000000001b40 <.text+0x180> (File Offset: 0x1b40) a9af7bfd 	stp	x29, x30, [sp, #-272]!
0000000000001b44 <.text+0x184> (File Offset: 0x1b44) 128006ea 	movn	w10, #0x37
0000000000001b48 <.text+0x188> (File Offset: 0x1b48) 12800fe9 	movn	w9, #0x7f
0000000000001b4c <.text+0x18c> (File Offset: 0x1b4c) 910003fd 	add	x29, sp, #0x0
0000000000001b50 <.text+0x190> (File Offset: 0x1b50) 910343eb 	add	x11, sp, #0xd0
0000000000001b54 <.text+0x194> (File Offset: 0x1b54) 910443e8 	add	x8, sp, #0x110
0000000000001b58 <.text+0x198> (File Offset: 0x1b58) a90323e8 	stp	x8, x8, [sp, #48]
0000000000001b5c <.text+0x19c> (File Offset: 0x1b5c) 910043e8 	add	x8, sp, #0x10
0000000000001b60 <.text+0x1a0> (File Offset: 0x1b60) f90023eb 	str	x11, [sp, #64]
0000000000001b64 <.text+0x1a4> (File Offset: 0x1b64) 290927ea 	stp	w10, w9, [sp, #72]
0000000000001b68 <.text+0x1a8> (File Offset: 0x1b68) a90d8be1 	stp	x1, x2, [sp, #216]
0000000000001b6c <.text+0x1ac> (File Offset: 0x1b6c) aa0803e1 	orr	x1, xzr, x8
0000000000001b70 <.text+0x1b0> (File Offset: 0x1b70) ad41fffe 	ldp	q30, q31, [sp, #48]
0000000000001b74 <.text+0x1b4> (File Offset: 0x1b74) a90e93e3 	stp	x3, x4, [sp, #232]
0000000000001b78 <.text+0x1b8> (File Offset: 0x1b78) a90f9be5 	stp	x5, x6, [sp, #248]
0000000000001b7c <.text+0x1bc> (File Offset: 0x1b7c) f90087e7 	str	x7, [sp, #264]
0000000000001b80 <.text+0x1c0> (File Offset: 0x1b80) 3d8007fe 	str	q30, [sp, #16]
0000000000001b84 <.text+0x1c4> (File Offset: 0x1b84) ad0287e0 	stp	q0, q1, [sp, #80]
0000000000001b88 <.text+0x1c8> (File Offset: 0x1b88) ad038fe2 	stp	q2, q3, [sp, #112]
0000000000001b8c <.text+0x1cc> (File Offset: 0x1b8c) ad0497e4 	stp	q4, q5, [sp, #144]
0000000000001b90 <.text+0x1d0> (File Offset: 0x1b90) ad059fe6 	stp	q6, q7, [sp, #176]
0000000000001b94 <.text+0x1d4> (File Offset: 0x1b94) 3d80051f 	str	q31, [x8, #16]
0000000000001b98 <.text+0x1d8> (File Offset: 0x1b98) 94000023 	bl	0000000000001c24 <ferror@plt+0x294> (File Offset: 0x1c24)
0000000000001b9c <.text+0x1dc> (File Offset: 0x1b9c) a8d17bfd 	ldp	x29, x30, [sp], #272
0000000000001ba0 <.text+0x1e0> (File Offset: 0x1ba0) d65f03c0 	ret
0000000000001ba4 <.text+0x1e4> (File Offset: 0x1ba4) a9be7bfd 	stp	x29, x30, [sp, #-32]!
0000000000001ba8 <.text+0x1e8> (File Offset: 0x1ba8) 910003fd 	add	x29, sp, #0x0
0000000000001bac <.text+0x1ec> (File Offset: 0x1bac) f9000bf3 	str	x19, [sp, #16]
0000000000001bb0 <.text+0x1f0> (File Offset: 0x1bb0) f00000f3 	adrp	x19, 0000000000020000 <ferror@plt+0x1e670> (File Offset: 0x20000)
0000000000001bb4 <.text+0x1f4> (File Offset: 0x1bb4) 910fc273 	add	x19, x19, #0x3f0
0000000000001bb8 <.text+0x1f8> (File Offset: 0x1bb8) 3940e263 	ldrb	w3, [x19, #56]
0000000000001bbc <.text+0x1fc> (File Offset: 0x1bbc) 36000083 	tbz	w3, #0, 0000000000001bcc <ferror@plt+0x23c> (File Offset: 0x1bcc)
0000000000001bc0 <.text+0x200> (File Offset: 0x1bc0) f9400bf3 	ldr	x19, [sp, #16]
0000000000001bc4 <.text+0x204> (File Offset: 0x1bc4) a8c27bfd 	ldp	x29, x30, [sp], #32
0000000000001bc8 <.text+0x208> (File Offset: 0x1bc8) d65f03c0 	ret
0000000000001bcc <.text+0x20c> (File Offset: 0x1bcc) b9402423 	ldr	w3, [x1, #36]
0000000000001bd0 <.text+0x210> (File Offset: 0x1bd0) aa0103e2 	orr	x2, xzr, x1
0000000000001bd4 <.text+0x214> (File Offset: 0x1bd4) 3607ff63 	tbz	w3, #0, 0000000000001bc0 <ferror@plt+0x230> (File Offset: 0x1bc0)
0000000000001bd8 <.text+0x218> (File Offset: 0x1bd8) f9401823 	ldr	x3, [x1, #48]
0000000000001bdc <.text+0x21c> (File Offset: 0x1bdc) f9401a65 	ldr	x5, [x19, #48]
0000000000001be0 <.text+0x220> (File Offset: 0x1be0) eb05007f 	subs	xzr, x3, x5
0000000000001be4 <.text+0x224> (File Offset: 0x1be4) 54fffee8 	b.hi	0000000000001bc0 <ferror@plt+0x230> (File Offset: 0x1bc0)  // b.pmore
0000000000001be8 <.text+0x228> (File Offset: 0x1be8) f9402024 	ldr	x4, [x1, #64]
0000000000001bec <.text+0x22c> (File Offset: 0x1bec) 8b040064 	add	x4, x3, x4
0000000000001bf0 <.text+0x230> (File Offset: 0x1bf0) eb0400bf 	subs	xzr, x5, x4
0000000000001bf4 <.text+0x234> (File Offset: 0x1bf4) 54fffe62 	b.cs	0000000000001bc0 <ferror@plt+0x230> (File Offset: 0x1bc0)  // b.hs, b.nlast
0000000000001bf8 <.text+0x238> (File Offset: 0x1bf8) f9400404 	ldr	x4, [x0, #8]
0000000000001bfc <.text+0x23c> (File Offset: 0x1bfc) cb0300a3 	sub	x3, x5, x3
0000000000001c00 <.text+0x240> (File Offset: 0x1c00) f9401661 	ldr	x1, [x19, #40]
0000000000001c04 <.text+0x244> (File Offset: 0x1c04) 9100f267 	add	x7, x19, #0x3c
0000000000001c08 <.text+0x248> (File Offset: 0x1c08) f9411c88 	ldr	x8, [x4, #568]
0000000000001c0c <.text+0x24c> (File Offset: 0x1c0c) 91010266 	add	x6, x19, #0x40
0000000000001c10 <.text+0x250> (File Offset: 0x1c10) 91012265 	add	x5, x19, #0x48
0000000000001c14 <.text+0x254> (File Offset: 0x1c14) 91014264 	add	x4, x19, #0x50
0000000000001c18 <.text+0x258> (File Offset: 0x1c18) d63f0100 	blr	x8
0000000000001c1c <.text+0x25c> (File Offset: 0x1c1c) 3900e260 	strb	w0, [x19, #56]
0000000000001c20 <.text+0x260> (File Offset: 0x1c20) 17ffffe8 	b	0000000000001bc0 <ferror@plt+0x230> (File Offset: 0x1bc0)
0000000000001c24 <.text+0x264> (File Offset: 0x1c24) a9bb7bfd 	stp	x29, x30, [sp, #-80]!
0000000000001c28 <.text+0x268> (File Offset: 0x1c28) d00000e2 	adrp	x2, 000000000001f000 <ferror@plt+0x1d670> (File Offset: 0x1f000)
0000000000001c2c <.text+0x26c> (File Offset: 0x1c2c) f947dc42 	ldr	x2, [x2, #4024]
0000000000001c30 <.text+0x270> (File Offset: 0x1c30) 910003fd 	add	x29, sp, #0x0
0000000000001c34 <.text+0x274> (File Offset: 0x1c34) a90153f3 	stp	x19, x20, [sp, #16]
0000000000001c38 <.text+0x278> (File Offset: 0x1c38) aa0103f4 	orr	x20, xzr, x1
0000000000001c3c <.text+0x27c> (File Offset: 0x1c3c) f90013f5 	str	x21, [sp, #32]
0000000000001c40 <.text+0x280> (File Offset: 0x1c40) aa0003f5 	orr	x21, xzr, x0
0000000000001c44 <.text+0x284> (File Offset: 0x1c44) f9400040 	ldr	x0, [x2]
0000000000001c48 <.text+0x288> (File Offset: 0x1c48) d00000f3 	adrp	x19, 000000000001f000 <ferror@plt+0x1d670> (File Offset: 0x1f000)
0000000000001c4c <.text+0x28c> (File Offset: 0x1c4c) f947ce73 	ldr	x19, [x19, #3992]
0000000000001c50 <.text+0x290> (File Offset: 0x1c50) 97ffff10 	bl	0000000000001890 <fflush@plt> (File Offset: 0x1890)
0000000000001c54 <.text+0x294> (File Offset: 0x1c54) f00000e0 	adrp	x0, 0000000000020000 <ferror@plt+0x1e670> (File Offset: 0x20000)
0000000000001c58 <.text+0x298> (File Offset: 0x1c58) d0000001 	adrp	x1, 0000000000003000 <ferror@plt+0x1670> (File Offset: 0x3000)
0000000000001c5c <.text+0x29c> (File Offset: 0x1c5c) 91166021 	add	x1, x1, #0x598
0000000000001c60 <.text+0x2a0> (File Offset: 0x1c60) f941f802 	ldr	x2, [x0, #1008]
0000000000001c64 <.text+0x2a4> (File Offset: 0x1c64) f9400260 	ldr	x0, [x19]
0000000000001c68 <.text+0x2a8> (File Offset: 0x1c68) 97ffff3e 	bl	0000000000001960 <fprintf@plt> (File Offset: 0x1960)
0000000000001c6c <.text+0x2ac> (File Offset: 0x1c6c) ad407e9e 	ldp	q30, q31, [x20]
0000000000001c70 <.text+0x2b0> (File Offset: 0x1c70) 9100c3e2 	add	x2, sp, #0x30
0000000000001c74 <.text+0x2b4> (File Offset: 0x1c74) f9400260 	ldr	x0, [x19]
0000000000001c78 <.text+0x2b8> (File Offset: 0x1c78) aa1503e1 	orr	x1, xzr, x21
0000000000001c7c <.text+0x2bc> (File Offset: 0x1c7c) 3d800ffe 	str	q30, [sp, #48]
0000000000001c80 <.text+0x2c0> (File Offset: 0x1c80) 3d80045f 	str	q31, [x2, #16]
0000000000001c84 <.text+0x2c4> (File Offset: 0x1c84) 97ffff23 	bl	0000000000001910 <vfprintf@plt> (File Offset: 0x1910)
0000000000001c88 <.text+0x2c8> (File Offset: 0x1c88) 52800140 	movz	w0, #0xa
0000000000001c8c <.text+0x2cc> (File Offset: 0x1c8c) f9400261 	ldr	x1, [x19]
0000000000001c90 <.text+0x2d0> (File Offset: 0x1c90) f94013f5 	ldr	x21, [sp, #32]
0000000000001c94 <.text+0x2d4> (File Offset: 0x1c94) a94153f3 	ldp	x19, x20, [sp, #16]
0000000000001c98 <.text+0x2d8> (File Offset: 0x1c98) a8c57bfd 	ldp	x29, x30, [sp], #80
0000000000001c9c <.text+0x2dc> (File Offset: 0x1c9c) 17fffe85 	b	00000000000016b0 <putc@plt> (File Offset: 0x16b0)
0000000000001ca0 <.text+0x2e0> (File Offset: 0x1ca0) a9af7bfd 	stp	x29, x30, [sp, #-272]!
0000000000001ca4 <.text+0x2e4> (File Offset: 0x1ca4) 128006ea 	movn	w10, #0x37
0000000000001ca8 <.text+0x2e8> (File Offset: 0x1ca8) 12800fe9 	movn	w9, #0x7f
0000000000001cac <.text+0x2ec> (File Offset: 0x1cac) 910003fd 	add	x29, sp, #0x0
0000000000001cb0 <.text+0x2f0> (File Offset: 0x1cb0) 910443e8 	add	x8, sp, #0x110
0000000000001cb4 <.text+0x2f4> (File Offset: 0x1cb4) 910343eb 	add	x11, sp, #0xd0
0000000000001cb8 <.text+0x2f8> (File Offset: 0x1cb8) a90323e8 	stp	x8, x8, [sp, #48]
0000000000001cbc <.text+0x2fc> (File Offset: 0x1cbc) 910043e8 	add	x8, sp, #0x10
0000000000001cc0 <.text+0x300> (File Offset: 0x1cc0) f90023eb 	str	x11, [sp, #64]
0000000000001cc4 <.text+0x304> (File Offset: 0x1cc4) 290927ea 	stp	w10, w9, [sp, #72]
0000000000001cc8 <.text+0x308> (File Offset: 0x1cc8) a90d8be1 	stp	x1, x2, [sp, #216]
0000000000001ccc <.text+0x30c> (File Offset: 0x1ccc) aa0803e1 	orr	x1, xzr, x8
0000000000001cd0 <.text+0x310> (File Offset: 0x1cd0) ad41fffe 	ldp	q30, q31, [sp, #48]
0000000000001cd4 <.text+0x314> (File Offset: 0x1cd4) a90e93e3 	stp	x3, x4, [sp, #232]
0000000000001cd8 <.text+0x318> (File Offset: 0x1cd8) a90f9be5 	stp	x5, x6, [sp, #248]
0000000000001cdc <.text+0x31c> (File Offset: 0x1cdc) f90087e7 	str	x7, [sp, #264]
0000000000001ce0 <.text+0x320> (File Offset: 0x1ce0) 3d8007fe 	str	q30, [sp, #16]
0000000000001ce4 <.text+0x324> (File Offset: 0x1ce4) ad0287e0 	stp	q0, q1, [sp, #80]
0000000000001ce8 <.text+0x328> (File Offset: 0x1ce8) ad038fe2 	stp	q2, q3, [sp, #112]
0000000000001cec <.text+0x32c> (File Offset: 0x1cec) ad0497e4 	stp	q4, q5, [sp, #144]
0000000000001cf0 <.text+0x330> (File Offset: 0x1cf0) ad059fe6 	stp	q6, q7, [sp, #176]
0000000000001cf4 <.text+0x334> (File Offset: 0x1cf4) 3d80051f 	str	q31, [x8, #16]
0000000000001cf8 <.text+0x338> (File Offset: 0x1cf8) 97ffffcb 	bl	0000000000001c24 <ferror@plt+0x294> (File Offset: 0x1c24)
0000000000001cfc <.text+0x33c> (File Offset: 0x1cfc) 52800020 	movz	w0, #0x1
0000000000001d00 <.text+0x340> (File Offset: 0x1d00) 97fffee8 	bl	00000000000018a0 <xexit@plt> (File Offset: 0x18a0)
0000000000001d04 <.text+0x344> (File Offset: 0x1d04) d503201f 	hint	#0x0
0000000000001d08 <.text+0x348> (File Offset: 0x1d08) d503201f 	hint	#0x0
0000000000001d0c <.text+0x34c> (File Offset: 0x1d0c) d503201f 	hint	#0x0
0000000000001d10 <.text+0x350> (File Offset: 0x1d10) d503201f 	hint	#0x0
0000000000001d14 <.text+0x354> (File Offset: 0x1d14) d503201f 	hint	#0x0
0000000000001d18 <.text+0x358> (File Offset: 0x1d18) d503201f 	hint	#0x0
0000000000001d1c <.text+0x35c> (File Offset: 0x1d1c) d503201f 	hint	#0x0
0000000000001d20 <.text+0x360> (File Offset: 0x1d20) d503201f 	hint	#0x0
0000000000001d24 <.text+0x364> (File Offset: 0x1d24) d503201f 	hint	#0x0
0000000000001d28 <.text+0x368> (File Offset: 0x1d28) d503201f 	hint	#0x0
0000000000001d2c <.text+0x36c> (File Offset: 0x1d2c) d503201f 	hint	#0x0
0000000000001d30 <.text+0x370> (File Offset: 0x1d30) d503201f 	hint	#0x0
0000000000001d34 <.text+0x374> (File Offset: 0x1d34) d503201f 	hint	#0x0
0000000000001d38 <.text+0x378> (File Offset: 0x1d38) d503201f 	hint	#0x0
0000000000001d3c <.text+0x37c> (File Offset: 0x1d3c) d503201f 	hint	#0x0
0000000000001d40 <.text+0x380> (File Offset: 0x1d40) d503245f 	hint	#0x22
0000000000001d44 <.text+0x384> (File Offset: 0x1d44) d280001d 	movz	x29, #0x0
0000000000001d48 <.text+0x388> (File Offset: 0x1d48) d280001e 	movz	x30, #0x0
0000000000001d4c <.text+0x38c> (File Offset: 0x1d4c) aa0003e5 	orr	x5, xzr, x0
0000000000001d50 <.text+0x390> (File Offset: 0x1d50) f94003e1 	ldr	x1, [sp]
0000000000001d54 <.text+0x394> (File Offset: 0x1d54) 910023e2 	add	x2, sp, #0x8
0000000000001d58 <.text+0x398> (File Offset: 0x1d58) 910003e6 	add	x6, sp, #0x0
0000000000001d5c <.text+0x39c> (File Offset: 0x1d5c) d00000e0 	adrp	x0, 000000000001f000 <ferror@plt+0x1d670> (File Offset: 0x1f000)
0000000000001d60 <.text+0x3a0> (File Offset: 0x1d60) f947e800 	ldr	x0, [x0, #4048]
0000000000001d64 <.text+0x3a4> (File Offset: 0x1d64) d2800003 	movz	x3, #0x0
0000000000001d68 <.text+0x3a8> (File Offset: 0x1d68) d2800004 	movz	x4, #0x0
0000000000001d6c <.text+0x3ac> (File Offset: 0x1d6c) 97fffe41 	bl	0000000000001670 <__libc_start_main@plt> (File Offset: 0x1670)
0000000000001d70 <.text+0x3b0> (File Offset: 0x1d70) 97fffea0 	bl	00000000000017f0 <abort@plt> (File Offset: 0x17f0)
0000000000001d74 <.text+0x3b4> (File Offset: 0x1d74) d00000e0 	adrp	x0, 000000000001f000 <ferror@plt+0x1d670> (File Offset: 0x1f000)
0000000000001d78 <.text+0x3b8> (File Offset: 0x1d78) f947e400 	ldr	x0, [x0, #4040]
0000000000001d7c <.text+0x3bc> (File Offset: 0x1d7c) b4000040 	cbz	x0, 0000000000001d84 <ferror@plt+0x3f4> (File Offset: 0x1d84)
0000000000001d80 <.text+0x3c0> (File Offset: 0x1d80) 17fffe90 	b	00000000000017c0 <__gmon_start__@plt> (File Offset: 0x17c0)
0000000000001d84 <.text+0x3c4> (File Offset: 0x1d84) d65f03c0 	ret
0000000000001d88 <.text+0x3c8> (File Offset: 0x1d88) d503201f 	hint	#0x0
0000000000001d8c <.text+0x3cc> (File Offset: 0x1d8c) d503201f 	hint	#0x0
0000000000001d90 <.text+0x3d0> (File Offset: 0x1d90) d503201f 	hint	#0x0
0000000000001d94 <.text+0x3d4> (File Offset: 0x1d94) d503201f 	hint	#0x0
0000000000001d98 <.text+0x3d8> (File Offset: 0x1d98) d503201f 	hint	#0x0
0000000000001d9c <.text+0x3dc> (File Offset: 0x1d9c) d503201f 	hint	#0x0
0000000000001da0 <.text+0x3e0> (File Offset: 0x1da0) f00000e0 	adrp	x0, 0000000000020000 <ferror@plt+0x1e670> (File Offset: 0x20000)
0000000000001da4 <.text+0x3e4> (File Offset: 0x1da4) 910fa000 	add	x0, x0, #0x3e8
0000000000001da8 <.text+0x3e8> (File Offset: 0x1da8) f00000e1 	adrp	x1, 0000000000020000 <ferror@plt+0x1e670> (File Offset: 0x20000)
0000000000001dac <.text+0x3ec> (File Offset: 0x1dac) 910fa021 	add	x1, x1, #0x3e8
0000000000001db0 <.text+0x3f0> (File Offset: 0x1db0) eb00003f 	subs	xzr, x1, x0
0000000000001db4 <.text+0x3f4> (File Offset: 0x1db4) 540000c0 	b.eq	0000000000001dcc <ferror@plt+0x43c> (File Offset: 0x1dcc)  // b.none
0000000000001db8 <.text+0x3f8> (File Offset: 0x1db8) d00000e1 	adrp	x1, 000000000001f000 <ferror@plt+0x1d670> (File Offset: 0x1f000)
0000000000001dbc <.text+0x3fc> (File Offset: 0x1dbc) f947c421 	ldr	x1, [x1, #3976]
0000000000001dc0 <.text+0x400> (File Offset: 0x1dc0) b4000061 	cbz	x1, 0000000000001dcc <ferror@plt+0x43c> (File Offset: 0x1dcc)
0000000000001dc4 <.text+0x404> (File Offset: 0x1dc4) aa0103f0 	orr	x16, xzr, x1
0000000000001dc8 <.text+0x408> (File Offset: 0x1dc8) d61f0200 	br	x16
0000000000001dcc <.text+0x40c> (File Offset: 0x1dcc) d65f03c0 	ret
0000000000001dd0 <.text+0x410> (File Offset: 0x1dd0) f00000e0 	adrp	x0, 0000000000020000 <ferror@plt+0x1e670> (File Offset: 0x20000)
0000000000001dd4 <.text+0x414> (File Offset: 0x1dd4) 910fa000 	add	x0, x0, #0x3e8
0000000000001dd8 <.text+0x418> (File Offset: 0x1dd8) f00000e1 	adrp	x1, 0000000000020000 <ferror@plt+0x1e670> (File Offset: 0x20000)
0000000000001ddc <.text+0x41c> (File Offset: 0x1ddc) 910fa021 	add	x1, x1, #0x3e8
0000000000001de0 <.text+0x420> (File Offset: 0x1de0) cb000021 	sub	x1, x1, x0
0000000000001de4 <.text+0x424> (File Offset: 0x1de4) d37ffc22 	ubfm	x2, x1, #63, #63
0000000000001de8 <.text+0x428> (File Offset: 0x1de8) 8b810c41 	add	x1, x2, x1, asr #3
0000000000001dec <.text+0x42c> (File Offset: 0x1dec) 9341fc21 	sbfm	x1, x1, #1, #63
0000000000001df0 <.text+0x430> (File Offset: 0x1df0) b40000c1 	cbz	x1, 0000000000001e08 <ferror@plt+0x478> (File Offset: 0x1e08)
0000000000001df4 <.text+0x434> (File Offset: 0x1df4) d00000e2 	adrp	x2, 000000000001f000 <ferror@plt+0x1d670> (File Offset: 0x1f000)
0000000000001df8 <.text+0x438> (File Offset: 0x1df8) f947ec42 	ldr	x2, [x2, #4056]
0000000000001dfc <.text+0x43c> (File Offset: 0x1dfc) b4000062 	cbz	x2, 0000000000001e08 <ferror@plt+0x478> (File Offset: 0x1e08)
0000000000001e00 <.text+0x440> (File Offset: 0x1e00) aa0203f0 	orr	x16, xzr, x2
0000000000001e04 <.text+0x444> (File Offset: 0x1e04) d61f0200 	br	x16
0000000000001e08 <.text+0x448> (File Offset: 0x1e08) d65f03c0 	ret
0000000000001e0c <.text+0x44c> (File Offset: 0x1e0c) d503233f 	hint	#0x19
0000000000001e10 <.text+0x450> (File Offset: 0x1e10) a9be7bfd 	stp	x29, x30, [sp, #-32]!
0000000000001e14 <.text+0x454> (File Offset: 0x1e14) 910003fd 	add	x29, sp, #0x0
0000000000001e18 <.text+0x458> (File Offset: 0x1e18) f9000bf3 	str	x19, [sp, #16]
0000000000001e1c <.text+0x45c> (File Offset: 0x1e1c) f00000f3 	adrp	x19, 0000000000020000 <ferror@plt+0x1e670> (File Offset: 0x20000)
0000000000001e20 <.text+0x460> (File Offset: 0x1e20) 394fa260 	ldrb	w0, [x19, #1000]
0000000000001e24 <.text+0x464> (File Offset: 0x1e24) 37000140 	tbnz	w0, #0, 0000000000001e4c <ferror@plt+0x4bc> (File Offset: 0x1e4c)
0000000000001e28 <.text+0x468> (File Offset: 0x1e28) d00000e0 	adrp	x0, 000000000001f000 <ferror@plt+0x1d670> (File Offset: 0x1f000)
0000000000001e2c <.text+0x46c> (File Offset: 0x1e2c) f947c800 	ldr	x0, [x0, #3984]
0000000000001e30 <.text+0x470> (File Offset: 0x1e30) b4000080 	cbz	x0, 0000000000001e40 <ferror@plt+0x4b0> (File Offset: 0x1e40)
0000000000001e34 <.text+0x474> (File Offset: 0x1e34) f00000e0 	adrp	x0, 0000000000020000 <ferror@plt+0x1e670> (File Offset: 0x20000)
0000000000001e38 <.text+0x478> (File Offset: 0x1e38) f940ec00 	ldr	x0, [x0, #472]
0000000000001e3c <.text+0x47c> (File Offset: 0x1e3c) 97fffe19 	bl	00000000000016a0 <__cxa_finalize@plt> (File Offset: 0x16a0)
0000000000001e40 <.text+0x480> (File Offset: 0x1e40) 97ffffd8 	bl	0000000000001da0 <ferror@plt+0x410> (File Offset: 0x1da0)
0000000000001e44 <.text+0x484> (File Offset: 0x1e44) 52800020 	movz	w0, #0x1
0000000000001e48 <.text+0x488> (File Offset: 0x1e48) 390fa260 	strb	w0, [x19, #1000]
0000000000001e4c <.text+0x48c> (File Offset: 0x1e4c) f9400bf3 	ldr	x19, [sp, #16]
0000000000001e50 <.text+0x490> (File Offset: 0x1e50) a8c27bfd 	ldp	x29, x30, [sp], #32
0000000000001e54 <.text+0x494> (File Offset: 0x1e54) d50323bf 	hint	#0x1d
0000000000001e58 <.text+0x498> (File Offset: 0x1e58) d65f03c0 	ret
0000000000001e5c <.text+0x49c> (File Offset: 0x1e5c) d503201f 	hint	#0x0
0000000000001e60 <.text+0x4a0> (File Offset: 0x1e60) d503245f 	hint	#0x22
0000000000001e64 <.text+0x4a4> (File Offset: 0x1e64) 17ffffdb 	b	0000000000001dd0 <ferror@plt+0x440> (File Offset: 0x1dd0)
0000000000001e68 <.text+0x4a8> (File Offset: 0x1e68) d503201f 	hint	#0x0
0000000000001e6c <.text+0x4ac> (File Offset: 0x1e6c) d503201f 	hint	#0x0
0000000000001e70 <.text+0x4b0> (File Offset: 0x1e70) d503201f 	hint	#0x0
0000000000001e74 <.text+0x4b4> (File Offset: 0x1e74) d503201f 	hint	#0x0
0000000000001e78 <.text+0x4b8> (File Offset: 0x1e78) d503201f 	hint	#0x0
0000000000001e7c <.text+0x4bc> (File Offset: 0x1e7c) d503201f 	hint	#0x0
0000000000001e80 <.text+0x4c0> (File Offset: 0x1e80) a9aa7bfd 	stp	x29, x30, [sp, #-352]!
0000000000001e84 <.text+0x4c4> (File Offset: 0x1e84) 910003fd 	add	x29, sp, #0x0
0000000000001e88 <.text+0x4c8> (File Offset: 0x1e88) a90153f3 	stp	x19, x20, [sp, #16]
0000000000001e8c <.text+0x4cc> (File Offset: 0x1e8c) d0000013 	adrp	x19, 0000000000003000 <ferror@plt+0x1670> (File Offset: 0x3000)
0000000000001e90 <.text+0x4d0> (File Offset: 0x1e90) 91170273 	add	x19, x19, #0x5c0
0000000000001e94 <.text+0x4d4> (File Offset: 0x1e94) aa0103f4 	orr	x20, xzr, x1
0000000000001e98 <.text+0x4d8> (File Offset: 0x1e98) a9025bf5 	stp	x21, x22, [sp, #32]
0000000000001e9c <.text+0x4dc> (File Offset: 0x1e9c) a90363f7 	stp	x23, x24, [sp, #48]
0000000000001ea0 <.text+0x4e0> (File Offset: 0x1ea0) 2a0003f7 	orr	w23, wzr, w0
0000000000001ea4 <.text+0x4e4> (File Offset: 0x1ea4) 528000a0 	movz	w0, #0x5
0000000000001ea8 <.text+0x4e8> (File Offset: 0x1ea8) a9046bf9 	stp	x25, x26, [sp, #64]
0000000000001eac <.text+0x4ec> (File Offset: 0x1eac) a90573fb 	stp	x27, x28, [sp, #80]
0000000000001eb0 <.text+0x4f0> (File Offset: 0x1eb0) f90063e1 	str	x1, [sp, #192]
0000000000001eb4 <.text+0x4f4> (File Offset: 0x1eb4) aa1303e1 	orr	x1, xzr, x19
0000000000001eb8 <.text+0x4f8> (File Offset: 0x1eb8) 97fffeb2 	bl	0000000000001980 <setlocale@plt> (File Offset: 0x1980)
0000000000001ebc <.text+0x4fc> (File Offset: 0x1ebc) aa1303e1 	orr	x1, xzr, x19
0000000000001ec0 <.text+0x500> (File Offset: 0x1ec0) 52800000 	movz	w0, #0x0
0000000000001ec4 <.text+0x504> (File Offset: 0x1ec4) 97fffeaf 	bl	0000000000001980 <setlocale@plt> (File Offset: 0x1980)
0000000000001ec8 <.text+0x508> (File Offset: 0x1ec8) d0000013 	adrp	x19, 0000000000003000 <ferror@plt+0x1670> (File Offset: 0x3000)
0000000000001ecc <.text+0x50c> (File Offset: 0x1ecc) d0000001 	adrp	x1, 0000000000003000 <ferror@plt+0x1670> (File Offset: 0x3000)
0000000000001ed0 <.text+0x510> (File Offset: 0x1ed0) 91052021 	add	x1, x1, #0x148
0000000000001ed4 <.text+0x514> (File Offset: 0x1ed4) 91058273 	add	x19, x19, #0x160
0000000000001ed8 <.text+0x518> (File Offset: 0x1ed8) aa1303e0 	orr	x0, xzr, x19
0000000000001edc <.text+0x51c> (File Offset: 0x1edc) 97fffe11 	bl	0000000000001720 <bindtextdomain@plt> (File Offset: 0x1720)
0000000000001ee0 <.text+0x520> (File Offset: 0x1ee0) aa1303e0 	orr	x0, xzr, x19
0000000000001ee4 <.text+0x524> (File Offset: 0x1ee4) 97fffe4b 	bl	0000000000001810 <textdomain@plt> (File Offset: 0x1810)
0000000000001ee8 <.text+0x528> (File Offset: 0x1ee8) f9400280 	ldr	x0, [x20]
0000000000001eec <.text+0x52c> (File Offset: 0x1eec) f00000e1 	adrp	x1, 0000000000020000 <ferror@plt+0x1e670> (File Offset: 0x20000)
0000000000001ef0 <.text+0x530> (File Offset: 0x1ef0) f901f820 	str	x0, [x1, #1008]
0000000000001ef4 <.text+0x534> (File Offset: 0x1ef4) 97fffe1b 	bl	0000000000001760 <xmalloc_set_program_name@plt> (File Offset: 0x1760)
0000000000001ef8 <.text+0x538> (File Offset: 0x1ef8) f00000e0 	adrp	x0, 0000000000020000 <ferror@plt+0x1e670> (File Offset: 0x20000)
0000000000001efc <.text+0x53c> (File Offset: 0x1efc) f941f800 	ldr	x0, [x0, #1008]
0000000000001f00 <.text+0x540> (File Offset: 0x1f00) 97fffe5c 	bl	0000000000001870 <bfd_set_error_program_name@plt> (File Offset: 0x1870)
0000000000001f04 <.text+0x544> (File Offset: 0x1f04) f94063f4 	ldr	x20, [sp, #192]
0000000000001f08 <.text+0x548> (File Offset: 0x1f08) 710006ff 	subs	wzr, w23, #0x1
0000000000001f0c <.text+0x54c> (File Offset: 0x1f0c) 54001b8d 	b.le	000000000000227c <ferror@plt+0x8ec> (File Offset: 0x227c)
0000000000001f10 <.text+0x550> (File Offset: 0x1f10) f94063f4 	ldr	x20, [sp, #192]
0000000000001f14 <.text+0x554> (File Offset: 0x1f14) 910383e0 	add	x0, sp, #0xe0
0000000000001f18 <.text+0x558> (File Offset: 0x1f18) d00000fb 	adrp	x27, 000000000001f000 <ferror@plt+0x1d670> (File Offset: 0x1f000)
0000000000001f1c <.text+0x55c> (File Offset: 0x1f1c) f947db7b 	ldr	x27, [x27, #4016]
0000000000001f20 <.text+0x560> (File Offset: 0x1f20) 5280fa18 	movz	w24, #0x7d0
0000000000001f24 <.text+0x564> (File Offset: 0x1f24) 52800033 	movz	w19, #0x1
0000000000001f28 <.text+0x568> (File Offset: 0x1f28) b9007bff 	str	wzr, [sp, #120]
0000000000001f2c <.text+0x56c> (File Offset: 0x1f2c) f90043e0 	str	x0, [sp, #128]
0000000000001f30 <.text+0x570> (File Offset: 0x1f30) 937d7e75 	sbfm	x21, x19, #61, #31
0000000000001f34 <.text+0x574> (File Offset: 0x1f34) 93407e60 	sbfm	x0, x19, #0, #31
0000000000001f38 <.text+0x578> (File Offset: 0x1f38) f9003be0 	str	x0, [sp, #112]
0000000000001f3c <.text+0x57c> (File Offset: 0x1f3c) 8b150280 	add	x0, x20, x21
0000000000001f40 <.text+0x580> (File Offset: 0x1f40) f90037e0 	str	x0, [sp, #104]
0000000000001f44 <.text+0x584> (File Offset: 0x1f44) f8756a80 	ldr	x0, [x20, x21]
0000000000001f48 <.text+0x588> (File Offset: 0x1f48) 39400001 	ldrb	w1, [x0]
0000000000001f4c <.text+0x58c> (File Offset: 0x1f4c) 7101003f 	subs	wzr, w1, #0x40
0000000000001f50 <.text+0x590> (File Offset: 0x1f50) 54001901 	b.ne	0000000000002270 <ferror@plt+0x8e0> (File Offset: 0x2270)  // b.any
0000000000001f54 <.text+0x594> (File Offset: 0x1f54) 71000718 	subs	w24, w24, #0x1
0000000000001f58 <.text+0x598> (File Offset: 0x1f58) 54004900 	b.eq	0000000000002878 <ferror@plt+0xee8> (File Offset: 0x2878)  // b.none
0000000000001f5c <.text+0x59c> (File Offset: 0x1f5c) f94043e1 	ldr	x1, [sp, #128]
0000000000001f60 <.text+0x5a0> (File Offset: 0x1f60) 91000416 	add	x22, x0, #0x1
0000000000001f64 <.text+0x5a4> (File Offset: 0x1f64) aa1603e0 	orr	x0, xzr, x22
0000000000001f68 <.text+0x5a8> (File Offset: 0x1f68) 97fffe1a 	bl	00000000000017d0 <stat@plt> (File Offset: 0x17d0)
0000000000001f6c <.text+0x5ac> (File Offset: 0x1f6c) 37f81820 	tbnz	w0, #31, 0000000000002270 <ferror@plt+0x8e0> (File Offset: 0x2270)
0000000000001f70 <.text+0x5b0> (File Offset: 0x1f70) b940f3e0 	ldr	w0, [sp, #240]
0000000000001f74 <.text+0x5b4> (File Offset: 0x1f74) 12140c00 	and	w0, w0, #0xf000
0000000000001f78 <.text+0x5b8> (File Offset: 0x1f78) 7140101f 	subs	wzr, w0, #0x4, lsl #12
0000000000001f7c <.text+0x5bc> (File Offset: 0x1f7c) 54004900 	b.eq	000000000000289c <ferror@plt+0xf0c> (File Offset: 0x289c)  // b.none
0000000000001f80 <.text+0x5c0> (File Offset: 0x1f80) aa1603e0 	orr	x0, xzr, x22
0000000000001f84 <.text+0x5c4> (File Offset: 0x1f84) d0000001 	adrp	x1, 0000000000003000 <ferror@plt+0x1670> (File Offset: 0x3000)
0000000000001f88 <.text+0x5c8> (File Offset: 0x1f88) 91074021 	add	x1, x1, #0x1d0
0000000000001f8c <.text+0x5cc> (File Offset: 0x1f8c) 97fffddd 	bl	0000000000001700 <fopen@plt> (File Offset: 0x1700)
0000000000001f90 <.text+0x5d0> (File Offset: 0x1f90) aa0003f6 	orr	x22, xzr, x0
0000000000001f94 <.text+0x5d4> (File Offset: 0x1f94) b40016e0 	cbz	x0, 0000000000002270 <ferror@plt+0x8e0> (File Offset: 0x2270)
0000000000001f98 <.text+0x5d8> (File Offset: 0x1f98) 52800042 	movz	w2, #0x2
0000000000001f9c <.text+0x5dc> (File Offset: 0x1f9c) d2800001 	movz	x1, #0x0
0000000000001fa0 <.text+0x5e0> (File Offset: 0x1fa0) 97fffe10 	bl	00000000000017e0 <fseek@plt> (File Offset: 0x17e0)
0000000000001fa4 <.text+0x5e4> (File Offset: 0x1fa4) 3100041f 	adds	wzr, w0, #0x1
0000000000001fa8 <.text+0x5e8> (File Offset: 0x1fa8) 54001ae0 	b.eq	0000000000002304 <ferror@plt+0x974> (File Offset: 0x2304)  // b.none
0000000000001fac <.text+0x5ec> (File Offset: 0x1fac) aa1603e0 	orr	x0, xzr, x22
0000000000001fb0 <.text+0x5f0> (File Offset: 0x1fb0) 97fffdb8 	bl	0000000000001690 <ftell@plt> (File Offset: 0x1690)
0000000000001fb4 <.text+0x5f4> (File Offset: 0x1fb4) aa0003fa 	orr	x26, xzr, x0
0000000000001fb8 <.text+0x5f8> (File Offset: 0x1fb8) b100041f 	adds	xzr, x0, #0x1
0000000000001fbc <.text+0x5fc> (File Offset: 0x1fbc) 54001a40 	b.eq	0000000000002304 <ferror@plt+0x974> (File Offset: 0x2304)  // b.none
0000000000001fc0 <.text+0x600> (File Offset: 0x1fc0) aa1603e0 	orr	x0, xzr, x22
0000000000001fc4 <.text+0x604> (File Offset: 0x1fc4) 52800002 	movz	w2, #0x0
0000000000001fc8 <.text+0x608> (File Offset: 0x1fc8) d2800001 	movz	x1, #0x0
0000000000001fcc <.text+0x60c> (File Offset: 0x1fcc) 97fffe05 	bl	00000000000017e0 <fseek@plt> (File Offset: 0x17e0)
0000000000001fd0 <.text+0x610> (File Offset: 0x1fd0) 3100041f 	adds	wzr, w0, #0x1
0000000000001fd4 <.text+0x614> (File Offset: 0x1fd4) 54001980 	b.eq	0000000000002304 <ferror@plt+0x974> (File Offset: 0x2304)  // b.none
0000000000001fd8 <.text+0x618> (File Offset: 0x1fd8) 91000740 	add	x0, x26, #0x1
0000000000001fdc <.text+0x61c> (File Offset: 0x1fdc) 97fffddd 	bl	0000000000001750 <xmalloc@plt> (File Offset: 0x1750)
0000000000001fe0 <.text+0x620> (File Offset: 0x1fe0) aa1603e3 	orr	x3, xzr, x22
0000000000001fe4 <.text+0x624> (File Offset: 0x1fe4) aa1a03e2 	orr	x2, xzr, x26
0000000000001fe8 <.text+0x628> (File Offset: 0x1fe8) aa0003fc 	orr	x28, xzr, x0
0000000000001fec <.text+0x62c> (File Offset: 0x1fec) d2800021 	movz	x1, #0x1
0000000000001ff0 <.text+0x630> (File Offset: 0x1ff0) f90057e0 	str	x0, [sp, #168]
0000000000001ff4 <.text+0x634> (File Offset: 0x1ff4) 97fffe13 	bl	0000000000001840 <fread@plt> (File Offset: 0x1840)
0000000000001ff8 <.text+0x638> (File Offset: 0x1ff8) aa0003f9 	orr	x25, xzr, x0
0000000000001ffc <.text+0x63c> (File Offset: 0x1ffc) eb00035f 	subs	xzr, x26, x0
0000000000002000 <.text+0x640> (File Offset: 0x2000) 54003ae0 	b.eq	000000000000275c <ferror@plt+0xdcc> (File Offset: 0x275c)  // b.none
0000000000002004 <.text+0x644> (File Offset: 0x2004) aa1603e0 	orr	x0, xzr, x22
0000000000002008 <.text+0x648> (File Offset: 0x2008) 97fffe62 	bl	0000000000001990 <ferror@plt> (File Offset: 0x1990)
000000000000200c <.text+0x64c> (File Offset: 0x200c) 35001780 	cbnz	w0, 00000000000022fc <ferror@plt+0x96c> (File Offset: 0x22fc)
0000000000002010 <.text+0x650> (File Offset: 0x2010) f94057e0 	ldr	x0, [sp, #168]
0000000000002014 <.text+0x654> (File Offset: 0x2014) aa0003fa 	orr	x26, xzr, x0
0000000000002018 <.text+0x658> (File Offset: 0x2018) 3839681f 	strb	wzr, [x0, x25]
000000000000201c <.text+0x65c> (File Offset: 0x201c) aa1a03e0 	orr	x0, xzr, x26
0000000000002020 <.text+0x660> (File Offset: 0x2020) 97fffd88 	bl	0000000000001640 <strlen@plt> (File Offset: 0x1640)
0000000000002024 <.text+0x664> (File Offset: 0x2024) 91000400 	add	x0, x0, #0x1
0000000000002028 <.text+0x668> (File Offset: 0x2028) 97fffdca 	bl	0000000000001750 <xmalloc@plt> (File Offset: 0x1750)
000000000000202c <.text+0x66c> (File Offset: 0x202c) d280001c 	movz	x28, #0x0
0000000000002030 <.text+0x670> (File Offset: 0x2030) 52800009 	movz	w9, #0x0
0000000000002034 <.text+0x674> (File Offset: 0x2034) 5280000b 	movz	w11, #0x0
0000000000002038 <.text+0x678> (File Offset: 0x2038) 52800007 	movz	w7, #0x0
000000000000203c <.text+0x67c> (File Offset: 0x203c) 5280000a 	movz	w10, #0x0
0000000000002040 <.text+0x680> (File Offset: 0x2040) 52800019 	movz	w25, #0x0
0000000000002044 <.text+0x684> (File Offset: 0x2044) f9005be0 	str	x0, [sp, #176]
0000000000002048 <.text+0x688> (File Offset: 0x2048) 39400340 	ldrb	w0, [x26]
000000000000204c <.text+0x68c> (File Offset: 0x204c) 7860db60 	ldrh	w0, [x27, w0, sxtw #1]
0000000000002050 <.text+0x690> (File Offset: 0x2050) 363000e0 	tbz	w0, #6, 000000000000206c <ferror@plt+0x6dc> (File Offset: 0x206c)
0000000000002054 <.text+0x694> (File Offset: 0x2054) d503201f 	hint	#0x0
0000000000002058 <.text+0x698> (File Offset: 0x2058) d503201f 	hint	#0x0
000000000000205c <.text+0x69c> (File Offset: 0x205c) d503201f 	hint	#0x0
0000000000002060 <.text+0x6a0> (File Offset: 0x2060) 38401f41 	ldrb	w1, [x26, #1]!
0000000000002064 <.text+0x6a4> (File Offset: 0x2064) 7861db61 	ldrh	w1, [x27, w1, sxtw #1]
0000000000002068 <.text+0x6a8> (File Offset: 0x2068) 3737ffc1 	tbnz	w1, #6, 0000000000002060 <ferror@plt+0x6d0> (File Offset: 0x2060)
000000000000206c <.text+0x6ac> (File Offset: 0x206c) d37d7d6c 	ubfm	x12, x11, #61, #31
0000000000002070 <.text+0x6b0> (File Offset: 0x2070) 34000849 	cbz	w9, 0000000000002178 <ferror@plt+0x7e8> (File Offset: 0x2178)
0000000000002074 <.text+0x6b4> (File Offset: 0x2074) 51000520 	sub	w0, w9, #0x1
0000000000002078 <.text+0x6b8> (File Offset: 0x2078) 8b0c038d 	add	x13, x28, x12
000000000000207c <.text+0x6bc> (File Offset: 0x207c) 6b0b001f 	subs	wzr, w0, w11
0000000000002080 <.text+0x6c0> (File Offset: 0x2080) 540007cd 	b.le	0000000000002178 <ferror@plt+0x7e8> (File Offset: 0x2178)
0000000000002084 <.text+0x6c4> (File Offset: 0x2084) 39400343 	ldrb	w3, [x26]
0000000000002088 <.text+0x6c8> (File Offset: 0x2088) 350009c3 	cbnz	w3, 00000000000021c0 <ferror@plt+0x830> (File Offset: 0x21c0)
000000000000208c <.text+0x6cc> (File Offset: 0x208c) f90001bf 	str	xzr, [x13]
0000000000002090 <.text+0x6d0> (File Offset: 0x2090) 39400341 	ldrb	w1, [x26]
0000000000002094 <.text+0x6d4> (File Offset: 0x2094) 7861db60 	ldrh	w0, [x27, w1, sxtw #1]
0000000000002098 <.text+0x6d8> (File Offset: 0x2098) 363000a0 	tbz	w0, #6, 00000000000020ac <ferror@plt+0x71c> (File Offset: 0x20ac)
000000000000209c <.text+0x6dc> (File Offset: 0x209c) d503201f 	hint	#0x0
00000000000020a0 <.text+0x6e0> (File Offset: 0x20a0) 38401f41 	ldrb	w1, [x26, #1]!
00000000000020a4 <.text+0x6e4> (File Offset: 0x20a4) 7861db63 	ldrh	w3, [x27, w1, sxtw #1]
00000000000020a8 <.text+0x6e8> (File Offset: 0x20a8) 3737ffc3 	tbnz	w3, #6, 00000000000020a0 <ferror@plt+0x710> (File Offset: 0x20a0)
00000000000020ac <.text+0x6ec> (File Offset: 0x20ac) 35fffce1 	cbnz	w1, 0000000000002048 <ferror@plt+0x6b8> (File Offset: 0x2048)
00000000000020b0 <.text+0x6f0> (File Offset: 0x20b0) f9405be0 	ldr	x0, [sp, #176]
00000000000020b4 <.text+0x6f4> (File Offset: 0x20b4) 97fffde7 	bl	0000000000001850 <free@plt> (File Offset: 0x1850)
00000000000020b8 <.text+0x6f8> (File Offset: 0x20b8) f94063e0 	ldr	x0, [sp, #192]
00000000000020bc <.text+0x6fc> (File Offset: 0x20bc) eb14001f 	subs	xzr, x0, x20
00000000000020c0 <.text+0x700> (File Offset: 0x20c0) 54003900 	b.eq	00000000000027e0 <ferror@plt+0xe50> (File Offset: 0x27e0)  // b.none
00000000000020c4 <.text+0x704> (File Offset: 0x20c4) f9400380 	ldr	x0, [x28]
00000000000020c8 <.text+0x708> (File Offset: 0x20c8) b4003ce0 	cbz	x0, 0000000000002864 <ferror@plt+0xed4> (File Offset: 0x2864)
00000000000020cc <.text+0x70c> (File Offset: 0x20cc) d280001a 	movz	x26, #0x0
00000000000020d0 <.text+0x710> (File Offset: 0x20d0) 9100075a 	add	x26, x26, #0x1
00000000000020d4 <.text+0x714> (File Offset: 0x20d4) f87a7b80 	ldr	x0, [x28, x26, lsl #3]
00000000000020d8 <.text+0x718> (File Offset: 0x20d8) b5ffffc0 	cbnz	x0, 00000000000020d0 <ferror@plt+0x740> (File Offset: 0x20d0)
00000000000020dc <.text+0x71c> (File Offset: 0x20dc) d37df340 	ubfm	x0, x26, #61, #60
00000000000020e0 <.text+0x720> (File Offset: 0x20e0) f90047e0 	str	x0, [sp, #136]
00000000000020e4 <.text+0x724> (File Offset: 0x20e4) f94037e0 	ldr	x0, [sp, #104]
00000000000020e8 <.text+0x728> (File Offset: 0x20e8) f9400000 	ldr	x0, [x0]
00000000000020ec <.text+0x72c> (File Offset: 0x20ec) 97fffdd9 	bl	0000000000001850 <free@plt> (File Offset: 0x1850)
00000000000020f0 <.text+0x730> (File Offset: 0x20f0) 93407ee1 	sbfm	x1, x23, #0, #31
00000000000020f4 <.text+0x734> (File Offset: 0x20f4) aa1403e0 	orr	x0, xzr, x20
00000000000020f8 <.text+0x738> (File Offset: 0x20f8) 91000421 	add	x1, x1, #0x1
00000000000020fc <.text+0x73c> (File Offset: 0x20fc) 8b1a0021 	add	x1, x1, x26
0000000000002100 <.text+0x740> (File Offset: 0x2100) d37df021 	ubfm	x1, x1, #61, #60
0000000000002104 <.text+0x744> (File Offset: 0x2104) 97fffd83 	bl	0000000000001710 <xrealloc@plt> (File Offset: 0x1710)
0000000000002108 <.text+0x748> (File Offset: 0x2108) f9403be1 	ldr	x1, [sp, #112]
000000000000210c <.text+0x74c> (File Offset: 0x210c) 4b1302e2 	sub	w2, w23, w19
0000000000002110 <.text+0x750> (File Offset: 0x2110) aa0003f4 	orr	x20, xzr, x0
0000000000002114 <.text+0x754> (File Offset: 0x2114) 510006f7 	sub	w23, w23, #0x1
0000000000002118 <.text+0x758> (File Offset: 0x2118) 8b1a0039 	add	x25, x1, x26
000000000000211c <.text+0x75c> (File Offset: 0x211c) 910022a1 	add	x1, x21, #0x8
0000000000002120 <.text+0x760> (File Offset: 0x2120) d37df042 	ubfm	x2, x2, #61, #60
0000000000002124 <.text+0x764> (File Offset: 0x2124) 8b010281 	add	x1, x20, x1
0000000000002128 <.text+0x768> (File Offset: 0x2128) 8b190c00 	add	x0, x0, x25, lsl #3
000000000000212c <.text+0x76c> (File Offset: 0x212c) 97fffd39 	bl	0000000000001610 <memmove@plt> (File Offset: 0x1610)
0000000000002130 <.text+0x770> (File Offset: 0x2130) f94047e2 	ldr	x2, [sp, #136]
0000000000002134 <.text+0x774> (File Offset: 0x2134) aa1c03e1 	orr	x1, xzr, x28
0000000000002138 <.text+0x778> (File Offset: 0x2138) 8b150280 	add	x0, x20, x21
000000000000213c <.text+0x77c> (File Offset: 0x213c) 0b1a02f7 	add	w23, w23, w26
0000000000002140 <.text+0x780> (File Offset: 0x2140) 97fffd30 	bl	0000000000001600 <memcpy@plt> (File Offset: 0x1600)
0000000000002144 <.text+0x784> (File Offset: 0x2144) aa1c03e0 	orr	x0, xzr, x28
0000000000002148 <.text+0x788> (File Offset: 0x2148) 97fffdc2 	bl	0000000000001850 <free@plt> (File Offset: 0x1850)
000000000000214c <.text+0x78c> (File Offset: 0x214c) f94057e0 	ldr	x0, [sp, #168]
0000000000002150 <.text+0x790> (File Offset: 0x2150) 97fffdc0 	bl	0000000000001850 <free@plt> (File Offset: 0x1850)
0000000000002154 <.text+0x794> (File Offset: 0x2154) aa1603e0 	orr	x0, xzr, x22
0000000000002158 <.text+0x798> (File Offset: 0x2158) 97fffd66 	bl	00000000000016f0 <fclose@plt> (File Offset: 0x16f0)
000000000000215c <.text+0x79c> (File Offset: 0x215c) b9407bf3 	ldr	w19, [sp, #120]
0000000000002160 <.text+0x7a0> (File Offset: 0x2160) 11000660 	add	w0, w19, #0x1
0000000000002164 <.text+0x7a4> (File Offset: 0x2164) 6b17001f 	subs	wzr, w0, w23
0000000000002168 <.text+0x7a8> (File Offset: 0x2168) 540008aa 	b.ge	000000000000227c <ferror@plt+0x8ec> (File Offset: 0x227c)  // b.tcont
000000000000216c <.text+0x7ac> (File Offset: 0x216c) b9007bf3 	str	w19, [sp, #120]
0000000000002170 <.text+0x7b0> (File Offset: 0x2170) 2a0003f3 	orr	w19, wzr, w0
0000000000002174 <.text+0x7b4> (File Offset: 0x2174) 17ffff6f 	b	0000000000001f30 <ferror@plt+0x5a0> (File Offset: 0x1f30)
0000000000002178 <.text+0x7b8> (File Offset: 0x2178) b40012dc 	cbz	x28, 00000000000023d0 <ferror@plt+0xa40> (File Offset: 0x23d0)
000000000000217c <.text+0x7bc> (File Offset: 0x217c) 531f7929 	ubfm	w9, w9, #31, #30
0000000000002180 <.text+0x7c0> (File Offset: 0x2180) aa1c03e0 	orr	x0, xzr, x28
0000000000002184 <.text+0x7c4> (File Offset: 0x2184) b9008be9 	str	w9, [sp, #136]
0000000000002188 <.text+0x7c8> (File Offset: 0x2188) 937d7d21 	sbfm	x1, x9, #61, #31
000000000000218c <.text+0x7cc> (File Offset: 0x218c) 29122beb 	stp	w11, w10, [sp, #144]
0000000000002190 <.text+0x7d0> (File Offset: 0x2190) b9009be7 	str	w7, [sp, #152]
0000000000002194 <.text+0x7d4> (File Offset: 0x2194) f90053ec 	str	x12, [sp, #160]
0000000000002198 <.text+0x7d8> (File Offset: 0x2198) 97fffd5e 	bl	0000000000001710 <xrealloc@plt> (File Offset: 0x1710)
000000000000219c <.text+0x7dc> (File Offset: 0x219c) f94053ec 	ldr	x12, [sp, #160]
00000000000021a0 <.text+0x7e0> (File Offset: 0x21a0) aa0003fc 	orr	x28, xzr, x0
00000000000021a4 <.text+0x7e4> (File Offset: 0x21a4) 29522beb 	ldp	w11, w10, [sp, #144]
00000000000021a8 <.text+0x7e8> (File Offset: 0x21a8) 8b0c000d 	add	x13, x0, x12
00000000000021ac <.text+0x7ec> (File Offset: 0x21ac) f82c681f 	str	xzr, [x0, x12]
00000000000021b0 <.text+0x7f0> (File Offset: 0x21b0) b9408be9 	ldr	w9, [sp, #136]
00000000000021b4 <.text+0x7f4> (File Offset: 0x21b4) 39400343 	ldrb	w3, [x26]
00000000000021b8 <.text+0x7f8> (File Offset: 0x21b8) b9409be7 	ldr	w7, [sp, #152]
00000000000021bc <.text+0x7fc> (File Offset: 0x21bc) 34fff683 	cbz	w3, 000000000000208c <ferror@plt+0x6fc> (File Offset: 0x208c)
00000000000021c0 <.text+0x800> (File Offset: 0x21c0) f9405be5 	ldr	x5, [sp, #176]
00000000000021c4 <.text+0x804> (File Offset: 0x21c4) 7863db60 	ldrh	w0, [x27, w3, sxtw #1]
00000000000021c8 <.text+0x808> (File Offset: 0x21c8) 36300080 	tbz	w0, #6, 00000000000021d8 <ferror@plt+0x848> (File Offset: 0x21d8)
00000000000021cc <.text+0x80c> (File Offset: 0x21cc) 2a0a0320 	orr	w0, w25, w10
00000000000021d0 <.text+0x810> (File Offset: 0x21d0) 2a070000 	orr	w0, w0, w7
00000000000021d4 <.text+0x814> (File Offset: 0x21d4) 340009e0 	cbz	w0, 0000000000002310 <ferror@plt+0x980> (File Offset: 0x2310)
00000000000021d8 <.text+0x818> (File Offset: 0x21d8) 34000147 	cbz	w7, 0000000000002200 <ferror@plt+0x870> (File Offset: 0x2200)
00000000000021dc <.text+0x81c> (File Offset: 0x21dc) 7100287f 	subs	wzr, w3, #0xa
00000000000021e0 <.text+0x820> (File Offset: 0x21e0) 54000d20 	b.eq	0000000000002384 <ferror@plt+0x9f4> (File Offset: 0x2384)  // b.none
00000000000021e4 <.text+0x824> (File Offset: 0x21e4) 380014a3 	strb	w3, [x5], #1
00000000000021e8 <.text+0x828> (File Offset: 0x21e8) 38401f43 	ldrb	w3, [x26, #1]!
00000000000021ec <.text+0x82c> (File Offset: 0x21ec) 34002a03 	cbz	w3, 000000000000272c <ferror@plt+0xd9c> (File Offset: 0x272c)
00000000000021f0 <.text+0x830> (File Offset: 0x21f0) 7863db60 	ldrh	w0, [x27, w3, sxtw #1]
00000000000021f4 <.text+0x834> (File Offset: 0x21f4) 36300060 	tbz	w0, #6, 0000000000002200 <ferror@plt+0x870> (File Offset: 0x2200)
00000000000021f8 <.text+0x838> (File Offset: 0x21f8) 2a0a0327 	orr	w7, w25, w10
00000000000021fc <.text+0x83c> (File Offset: 0x21fc) 340008c7 	cbz	w7, 0000000000002314 <ferror@plt+0x984> (File Offset: 0x2314)
0000000000002200 <.text+0x840> (File Offset: 0x2200) 39400741 	ldrb	w1, [x26, #1]
0000000000002204 <.text+0x844> (File Offset: 0x2204) 7101707f 	subs	wzr, w3, #0x5c
0000000000002208 <.text+0x848> (File Offset: 0x2208) 540008c0 	b.eq	0000000000002320 <ferror@plt+0x990> (File Offset: 0x2320)  // b.none
000000000000220c <.text+0x84c> (File Offset: 0x220c) 34000c99 	cbz	w25, 000000000000239c <ferror@plt+0xa0c> (File Offset: 0x239c)
0000000000002210 <.text+0x850> (File Offset: 0x2210) 71009c7f 	subs	wzr, w3, #0x27
0000000000002214 <.text+0x854> (File Offset: 0x2214) 54000bc1 	b.ne	000000000000238c <ferror@plt+0x9fc> (File Offset: 0x238c)  // b.any
0000000000002218 <.text+0x858> (File Offset: 0x2218) 52800007 	movz	w7, #0x0
000000000000221c <.text+0x85c> (File Offset: 0x221c) 52800019 	movz	w25, #0x0
0000000000002220 <.text+0x860> (File Offset: 0x2220) 38401f43 	ldrb	w3, [x26, #1]!
0000000000002224 <.text+0x864> (File Offset: 0x2224) 35fffd03 	cbnz	w3, 00000000000021c4 <ferror@plt+0x834> (File Offset: 0x21c4)
0000000000002228 <.text+0x868> (File Offset: 0x2228) f9405be0 	ldr	x0, [sp, #176]
000000000000222c <.text+0x86c> (File Offset: 0x222c) 390000bf 	strb	wzr, [x5]
0000000000002230 <.text+0x870> (File Offset: 0x2230) b9008be9 	str	w9, [sp, #136]
0000000000002234 <.text+0x874> (File Offset: 0x2234) 29122beb 	stp	w11, w10, [sp, #144]
0000000000002238 <.text+0x878> (File Offset: 0x2238) b9009be7 	str	w7, [sp, #152]
000000000000223c <.text+0x87c> (File Offset: 0x223c) f90053ed 	str	x13, [sp, #160]
0000000000002240 <.text+0x880> (File Offset: 0x2240) f9005fec 	str	x12, [sp, #184]
0000000000002244 <.text+0x884> (File Offset: 0x2244) 97fffd4b 	bl	0000000000001770 <xstrdup@plt> (File Offset: 0x1770)
0000000000002248 <.text+0x888> (File Offset: 0x2248) f94053ed 	ldr	x13, [sp, #160]
000000000000224c <.text+0x88c> (File Offset: 0x224c) f9405fec 	ldr	x12, [sp, #184]
0000000000002250 <.text+0x890> (File Offset: 0x2250) 29522beb 	ldp	w11, w10, [sp, #144]
0000000000002254 <.text+0x894> (File Offset: 0x2254) 9100218c 	add	x12, x12, #0x8
0000000000002258 <.text+0x898> (File Offset: 0x2258) b9408be9 	ldr	w9, [sp, #136]
000000000000225c <.text+0x89c> (File Offset: 0x225c) b9409be7 	ldr	w7, [sp, #152]
0000000000002260 <.text+0x8a0> (File Offset: 0x2260) 1100056b 	add	w11, w11, #0x1
0000000000002264 <.text+0x8a4> (File Offset: 0x2264) f90001a0 	str	x0, [x13]
0000000000002268 <.text+0x8a8> (File Offset: 0x2268) 8b0c038d 	add	x13, x28, x12
000000000000226c <.text+0x8ac> (File Offset: 0x226c) 17ffff88 	b	000000000000208c <ferror@plt+0x6fc> (File Offset: 0x208c)
0000000000002270 <.text+0x8b0> (File Offset: 0x2270) 11000660 	add	w0, w19, #0x1
0000000000002274 <.text+0x8b4> (File Offset: 0x2274) 6b0002ff 	subs	wzr, w23, w0
0000000000002278 <.text+0x8b8> (File Offset: 0x2278) 54fff7ac 	b.gt	000000000000216c <ferror@plt+0x7dc> (File Offset: 0x216c)
000000000000227c <.text+0x8bc> (File Offset: 0x227c) 97fffd45 	bl	0000000000001790 <bfd_init@plt> (File Offset: 0x1790)
0000000000002280 <.text+0x8c0> (File Offset: 0x2280) 7104401f 	subs	wzr, w0, #0x110
0000000000002284 <.text+0x8c4> (File Offset: 0x2284) 540031e1 	b.ne	00000000000028c0 <ferror@plt+0xf30> (File Offset: 0x28c0)  // b.any
0000000000002288 <.text+0x8c8> (File Offset: 0x2288) b0000013 	adrp	x19, 0000000000003000 <ferror@plt+0x1670> (File Offset: 0x3000)
000000000000228c <.text+0x8cc> (File Offset: 0x228c) 91082273 	add	x19, x19, #0x208
0000000000002290 <.text+0x8d0> (File Offset: 0x2290) aa1303e0 	orr	x0, xzr, x19
0000000000002294 <.text+0x8d4> (File Offset: 0x2294) 97fffcfb 	bl	0000000000001680 <bfd_set_default_target@plt> (File Offset: 0x1680)
0000000000002298 <.text+0x8d8> (File Offset: 0x2298) 36004400 	tbz	w0, #0, 0000000000002b18 <ferror@plt+0x1188> (File Offset: 0x2b18)
000000000000229c <.text+0x8dc> (File Offset: 0x229c) b00000fa 	adrp	x26, 000000000001f000 <ferror@plt+0x1d670> (File Offset: 0x1f000)
00000000000022a0 <.text+0x8e0> (File Offset: 0x22a0) f947d35a 	ldr	x26, [x26, #4000]
00000000000022a4 <.text+0x8e4> (File Offset: 0x22a4) d00000f8 	adrp	x24, 0000000000020000 <ferror@plt+0x1e670> (File Offset: 0x20000)
00000000000022a8 <.text+0x8e8> (File Offset: 0x22a8) b0000013 	adrp	x19, 0000000000003000 <ferror@plt+0x1670> (File Offset: 0x3000)
00000000000022ac <.text+0x8ec> (File Offset: 0x22ac) 9107a318 	add	x24, x24, #0x1e8
00000000000022b0 <.text+0x8f0> (File Offset: 0x22b0) 910ee273 	add	x19, x19, #0x3b8
00000000000022b4 <.text+0x8f4> (File Offset: 0x22b4) d2800019 	movz	x25, #0x0
00000000000022b8 <.text+0x8f8> (File Offset: 0x22b8) d2800015 	movz	x21, #0x0
00000000000022bc <.text+0x8fc> (File Offset: 0x22bc) d2800016 	movz	x22, #0x0
00000000000022c0 <.text+0x900> (File Offset: 0x22c0) aa1803e3 	orr	x3, xzr, x24
00000000000022c4 <.text+0x904> (File Offset: 0x22c4) aa1303e2 	orr	x2, xzr, x19
00000000000022c8 <.text+0x908> (File Offset: 0x22c8) aa1403e1 	orr	x1, xzr, x20
00000000000022cc <.text+0x90c> (File Offset: 0x22cc) 2a1703e0 	orr	w0, wzr, w23
00000000000022d0 <.text+0x910> (File Offset: 0x22d0) d2800004 	movz	x4, #0x0
00000000000022d4 <.text+0x914> (File Offset: 0x22d4) 97fffd53 	bl	0000000000001820 <getopt_long@plt> (File Offset: 0x1820)
00000000000022d8 <.text+0x918> (File Offset: 0x22d8) 3100041f 	adds	wzr, w0, #0x1
00000000000022dc <.text+0x91c> (File Offset: 0x22dc) 54000980 	b.eq	000000000000240c <ferror@plt+0xa7c> (File Offset: 0x240c)  // b.none
00000000000022e0 <.text+0x920> (File Offset: 0x22e0) 7101d81f 	subs	wzr, w0, #0x76
00000000000022e4 <.text+0x924> (File Offset: 0x22e4) 54002109 	b.ls	0000000000002704 <ferror@plt+0xd74> (File Offset: 0x2704)  // b.plast
00000000000022e8 <.text+0x928> (File Offset: 0x22e8) b00000e0 	adrp	x0, 000000000001f000 <ferror@plt+0x1d670> (File Offset: 0x1f000)
00000000000022ec <.text+0x92c> (File Offset: 0x22ec) f947cc00 	ldr	x0, [x0, #3992]
00000000000022f0 <.text+0x930> (File Offset: 0x22f0) 52800021 	movz	w1, #0x1
00000000000022f4 <.text+0x934> (File Offset: 0x22f4) f9400000 	ldr	x0, [x0]
00000000000022f8 <.text+0x938> (File Offset: 0x22f8) 97fffdb2 	bl	00000000000019c0 <ferror@plt+0x30> (File Offset: 0x19c0)
00000000000022fc <.text+0x93c> (File Offset: 0x22fc) aa1c03e0 	orr	x0, xzr, x28
0000000000002300 <.text+0x940> (File Offset: 0x2300) 97fffd54 	bl	0000000000001850 <free@plt> (File Offset: 0x1850)
0000000000002304 <.text+0x944> (File Offset: 0x2304) aa1603e0 	orr	x0, xzr, x22
0000000000002308 <.text+0x948> (File Offset: 0x2308) 97fffcfa 	bl	00000000000016f0 <fclose@plt> (File Offset: 0x16f0)
000000000000230c <.text+0x94c> (File Offset: 0x230c) 17ffff95 	b	0000000000002160 <ferror@plt+0x7d0> (File Offset: 0x2160)
0000000000002310 <.text+0x950> (File Offset: 0x2310) 52800007 	movz	w7, #0x0
0000000000002314 <.text+0x954> (File Offset: 0x2314) 5280000a 	movz	w10, #0x0
0000000000002318 <.text+0x958> (File Offset: 0x2318) 52800019 	movz	w25, #0x0
000000000000231c <.text+0x95c> (File Offset: 0x231c) 17ffffc3 	b	0000000000002228 <ferror@plt+0x898> (File Offset: 0x2228)
0000000000002320 <.text+0x960> (File Offset: 0x2320) 35000379 	cbnz	w25, 000000000000238c <ferror@plt+0x9fc> (File Offset: 0x238c)
0000000000002324 <.text+0x964> (File Offset: 0x2324) b9008be3 	str	w3, [sp, #136]
0000000000002328 <.text+0x968> (File Offset: 0x2328) 52800027 	movz	w7, #0x1
000000000000232c <.text+0x96c> (File Offset: 0x232c) 34fff7aa 	cbz	w10, 0000000000002220 <ferror@plt+0x890> (File Offset: 0x2220)
0000000000002330 <.text+0x970> (File Offset: 0x2330) b0000000 	adrp	x0, 0000000000003000 <ferror@plt+0x1670> (File Offset: 0x3000)
0000000000002334 <.text+0x974> (File Offset: 0x2334) 91076000 	add	x0, x0, #0x1d8
0000000000002338 <.text+0x978> (File Offset: 0x2338) 29122fe9 	stp	w9, w11, [sp, #144]
000000000000233c <.text+0x97c> (File Offset: 0x233c) b9009bea 	str	w10, [sp, #152]
0000000000002340 <.text+0x980> (File Offset: 0x2340) f90053e5 	str	x5, [sp, #160]
0000000000002344 <.text+0x984> (File Offset: 0x2344) f9005fed 	str	x13, [sp, #184]
0000000000002348 <.text+0x988> (File Offset: 0x2348) f90067ec 	str	x12, [sp, #200]
000000000000234c <.text+0x98c> (File Offset: 0x234c) 97fffd45 	bl	0000000000001860 <strchr@plt> (File Offset: 0x1860)
0000000000002350 <.text+0x990> (File Offset: 0x2350) b9409bea 	ldr	w10, [sp, #152]
0000000000002354 <.text+0x994> (File Offset: 0x2354) f94053e5 	ldr	x5, [sp, #160]
0000000000002358 <.text+0x998> (File Offset: 0x2358) 2a0a03e7 	orr	w7, wzr, w10
000000000000235c <.text+0x99c> (File Offset: 0x235c) f9405fed 	ldr	x13, [sp, #184]
0000000000002360 <.text+0x9a0> (File Offset: 0x2360) f94067ec 	ldr	x12, [sp, #200]
0000000000002364 <.text+0x9a4> (File Offset: 0x2364) b9408be3 	ldr	w3, [sp, #136]
0000000000002368 <.text+0x9a8> (File Offset: 0x2368) 29522fe9 	ldp	w9, w11, [sp, #144]
000000000000236c <.text+0x9ac> (File Offset: 0x236c) b5fff5a0 	cbnz	x0, 0000000000002220 <ferror@plt+0x890> (File Offset: 0x2220)
0000000000002370 <.text+0x9b0> (File Offset: 0x2370) 52800007 	movz	w7, #0x0
0000000000002374 <.text+0x9b4> (File Offset: 0x2374) 5280002a 	movz	w10, #0x1
0000000000002378 <.text+0x9b8> (File Offset: 0x2378) 52800019 	movz	w25, #0x0
000000000000237c <.text+0x9bc> (File Offset: 0x237c) 380014a3 	strb	w3, [x5], #1
0000000000002380 <.text+0x9c0> (File Offset: 0x2380) 17ffffa8 	b	0000000000002220 <ferror@plt+0x890> (File Offset: 0x2220)
0000000000002384 <.text+0x9c4> (File Offset: 0x2384) 52800007 	movz	w7, #0x0
0000000000002388 <.text+0x9c8> (File Offset: 0x2388) 17ffffa6 	b	0000000000002220 <ferror@plt+0x890> (File Offset: 0x2220)
000000000000238c <.text+0x9cc> (File Offset: 0x238c) 52800007 	movz	w7, #0x0
0000000000002390 <.text+0x9d0> (File Offset: 0x2390) 52800039 	movz	w25, #0x1
0000000000002394 <.text+0x9d4> (File Offset: 0x2394) 380014a3 	strb	w3, [x5], #1
0000000000002398 <.text+0x9d8> (File Offset: 0x2398) 17ffffa2 	b	0000000000002220 <ferror@plt+0x890> (File Offset: 0x2220)
000000000000239c <.text+0x9dc> (File Offset: 0x239c) 340000ca 	cbz	w10, 00000000000023b4 <ferror@plt+0xa24> (File Offset: 0x23b4)
00000000000023a0 <.text+0x9e0> (File Offset: 0x23a0) 7100887f 	subs	wzr, w3, #0x22
00000000000023a4 <.text+0x9e4> (File Offset: 0x23a4) 54fffe61 	b.ne	0000000000002370 <ferror@plt+0x9e0> (File Offset: 0x2370)  // b.any
00000000000023a8 <.text+0x9e8> (File Offset: 0x23a8) 52800007 	movz	w7, #0x0
00000000000023ac <.text+0x9ec> (File Offset: 0x23ac) 5280000a 	movz	w10, #0x0
00000000000023b0 <.text+0x9f0> (File Offset: 0x23b0) 17ffff9c 	b	0000000000002220 <ferror@plt+0x890> (File Offset: 0x2220)
00000000000023b4 <.text+0x9f4> (File Offset: 0x23b4) 52800007 	movz	w7, #0x0
00000000000023b8 <.text+0x9f8> (File Offset: 0x23b8) 71009c7f 	subs	wzr, w3, #0x27
00000000000023bc <.text+0x9fc> (File Offset: 0x23bc) 54000240 	b.eq	0000000000002404 <ferror@plt+0xa74> (File Offset: 0x2404)  // b.none
00000000000023c0 <.text+0xa00> (File Offset: 0x23c0) 7100887f 	subs	wzr, w3, #0x22
00000000000023c4 <.text+0xa04> (File Offset: 0x23c4) 54001b00 	b.eq	0000000000002724 <ferror@plt+0xd94> (File Offset: 0x2724)  // b.none
00000000000023c8 <.text+0xa08> (File Offset: 0x23c8) 380014a3 	strb	w3, [x5], #1
00000000000023cc <.text+0xa0c> (File Offset: 0x23cc) 17ffff95 	b	0000000000002220 <ferror@plt+0x890> (File Offset: 0x2220)
00000000000023d0 <.text+0xa10> (File Offset: 0x23d0) d2800800 	movz	x0, #0x40
00000000000023d4 <.text+0xa14> (File Offset: 0x23d4) b9008beb 	str	w11, [sp, #136]
00000000000023d8 <.text+0xa18> (File Offset: 0x23d8) 29121fea 	stp	w10, w7, [sp, #144]
00000000000023dc <.text+0xa1c> (File Offset: 0x23dc) f9004fec 	str	x12, [sp, #152]
00000000000023e0 <.text+0xa20> (File Offset: 0x23e0) 97fffcdc 	bl	0000000000001750 <xmalloc@plt> (File Offset: 0x1750)
00000000000023e4 <.text+0xa24> (File Offset: 0x23e4) f9404fec 	ldr	x12, [sp, #152]
00000000000023e8 <.text+0xa28> (File Offset: 0x23e8) aa0003fc 	orr	x28, xzr, x0
00000000000023ec <.text+0xa2c> (File Offset: 0x23ec) 29521fea 	ldp	w10, w7, [sp, #144]
00000000000023f0 <.text+0xa30> (File Offset: 0x23f0) 8b0c000d 	add	x13, x0, x12
00000000000023f4 <.text+0xa34> (File Offset: 0x23f4) b9408beb 	ldr	w11, [sp, #136]
00000000000023f8 <.text+0xa38> (File Offset: 0x23f8) 52800109 	movz	w9, #0x8
00000000000023fc <.text+0xa3c> (File Offset: 0x23fc) f82c681f 	str	xzr, [x0, x12]
0000000000002400 <.text+0xa40> (File Offset: 0x2400) 17ffff21 	b	0000000000002084 <ferror@plt+0x6f4> (File Offset: 0x2084)
0000000000002404 <.text+0xa44> (File Offset: 0x2404) 52800039 	movz	w25, #0x1
0000000000002408 <.text+0xa48> (File Offset: 0x2408) 17ffff86 	b	0000000000002220 <ferror@plt+0x890> (File Offset: 0x2220)
000000000000240c <.text+0xa4c> (File Offset: 0x240c) b4003816 	cbz	x22, 0000000000002b0c <ferror@plt+0x117c> (File Offset: 0x2b0c)
0000000000002410 <.text+0xa50> (File Offset: 0x2410) b00000e2 	adrp	x2, 000000000001f000 <ferror@plt+0x1d670> (File Offset: 0x1f000)
0000000000002414 <.text+0xa54> (File Offset: 0x2414) f947d442 	ldr	x2, [x2, #4008]
0000000000002418 <.text+0xa58> (File Offset: 0x2418) d00000e0 	adrp	x0, 0000000000020000 <ferror@plt+0x1e670> (File Offset: 0x20000)
000000000000241c <.text+0xa5c> (File Offset: 0x241c) 910fc003 	add	x3, x0, #0x3f0
0000000000002420 <.text+0xa60> (File Offset: 0x2420) 910383f8 	add	x24, sp, #0xe0
0000000000002424 <.text+0xa64> (File Offset: 0x2424) aa1603e0 	orr	x0, xzr, x22
0000000000002428 <.text+0xa68> (File Offset: 0x2428) aa1803e1 	orr	x1, xzr, x24
000000000000242c <.text+0xa6c> (File Offset: 0x242c) b9400042 	ldr	w2, [x2]
0000000000002430 <.text+0xa70> (File Offset: 0x2430) 4b0202f7 	sub	w23, w23, w2
0000000000002434 <.text+0xa74> (File Offset: 0x2434) b9001877 	str	w23, [x3, #24]
0000000000002438 <.text+0xa78> (File Offset: 0x2438) 8b22ce82 	add	x2, x20, w2, sxtw #3
000000000000243c <.text+0xa7c> (File Offset: 0x243c) f9000862 	str	x2, [x3, #16]
0000000000002440 <.text+0xa80> (File Offset: 0x2440) 97fffce4 	bl	00000000000017d0 <stat@plt> (File Offset: 0x17d0)
0000000000002444 <.text+0xa84> (File Offset: 0x2444) 37f833c0 	tbnz	w0, #31, 0000000000002abc <ferror@plt+0x112c> (File Offset: 0x2abc)
0000000000002448 <.text+0xa88> (File Offset: 0x2448) b940f3e0 	ldr	w0, [sp, #240]
000000000000244c <.text+0xa8c> (File Offset: 0x244c) 12140c00 	and	w0, w0, #0xf000
0000000000002450 <.text+0xa90> (File Offset: 0x2450) 7140101f 	subs	wzr, w0, #0x4, lsl #12
0000000000002454 <.text+0xa94> (File Offset: 0x2454) 54003220 	b.eq	0000000000002a98 <ferror@plt+0x1108> (File Offset: 0x2a98)  // b.none
0000000000002458 <.text+0xa98> (File Offset: 0x2458) 7140201f 	subs	wzr, w0, #0x8, lsl #12
000000000000245c <.text+0xa9c> (File Offset: 0x245c) 54004e41 	b.ne	0000000000002e24 <ferror@plt+0x1494> (File Offset: 0x2e24)  // b.any
0000000000002460 <.text+0xaa0> (File Offset: 0x2460) f9408be0 	ldr	x0, [sp, #272]
0000000000002464 <.text+0xaa4> (File Offset: 0x2464) f100001f 	subs	xzr, x0, #0x0
0000000000002468 <.text+0xaa8> (File Offset: 0x2468) 54004c0b 	b.lt	0000000000002de8 <ferror@plt+0x1458> (File Offset: 0x2de8)  // b.tstop
000000000000246c <.text+0xaac> (File Offset: 0x246c) 54003240 	b.eq	0000000000002ab4 <ferror@plt+0x1124> (File Offset: 0x2ab4)  // b.none
0000000000002470 <.text+0xab0> (File Offset: 0x2470) aa1903e1 	orr	x1, xzr, x25
0000000000002474 <.text+0xab4> (File Offset: 0x2474) aa1603e0 	orr	x0, xzr, x22
0000000000002478 <.text+0xab8> (File Offset: 0x2478) 97fffc9a 	bl	00000000000016e0 <bfd_openr@plt> (File Offset: 0x16e0)
000000000000247c <.text+0xabc> (File Offset: 0x247c) aa0003f3 	orr	x19, xzr, x0
0000000000002480 <.text+0xac0> (File Offset: 0x2480) b4004180 	cbz	x0, 0000000000002cb0 <ferror@plt+0x1320> (File Offset: 0x2cb0)
0000000000002484 <.text+0xac4> (File Offset: 0x2484) b9404402 	ldr	w2, [x0, #68]
0000000000002488 <.text+0xac8> (File Offset: 0x2488) 52800041 	movz	w1, #0x2
000000000000248c <.text+0xacc> (File Offset: 0x248c) 32110042 	orr	w2, w2, #0x8000
0000000000002490 <.text+0xad0> (File Offset: 0x2490) b9004402 	str	w2, [x0, #68]
0000000000002494 <.text+0xad4> (File Offset: 0x2494) 97fffd17 	bl	00000000000018f0 <bfd_check_format@plt> (File Offset: 0x18f0)
0000000000002498 <.text+0xad8> (File Offset: 0x2498) 12001c17 	and	w23, w0, #0xff
000000000000249c <.text+0xadc> (File Offset: 0x249c) 37003de0 	tbnz	w0, #0, 0000000000002c58 <ferror@plt+0x12c8> (File Offset: 0x2c58)
00000000000024a0 <.text+0xae0> (File Offset: 0x24a0) 910363e2 	add	x2, sp, #0xd8
00000000000024a4 <.text+0xae4> (File Offset: 0x24a4) aa1303e0 	orr	x0, xzr, x19
00000000000024a8 <.text+0xae8> (File Offset: 0x24a8) 52800021 	movz	w1, #0x1
00000000000024ac <.text+0xaec> (File Offset: 0x24ac) 97fffd05 	bl	00000000000018c0 <bfd_check_format_matches@plt> (File Offset: 0x18c0)
00000000000024b0 <.text+0xaf0> (File Offset: 0x24b0) 12001c14 	and	w20, w0, #0xff
00000000000024b4 <.text+0xaf4> (File Offset: 0x24b4) 36003900 	tbz	w0, #0, 0000000000002bd4 <ferror@plt+0x1244> (File Offset: 0x2bd4)
00000000000024b8 <.text+0xaf8> (File Offset: 0x24b8) b5003835 	cbnz	x21, 0000000000002bbc <ferror@plt+0x122c> (File Offset: 0x2bbc)
00000000000024bc <.text+0xafc> (File Offset: 0x24bc) b9404660 	ldr	w0, [x19, #68]
00000000000024c0 <.text+0xb00> (File Offset: 0x24c0) 362003c0 	tbz	w0, #4, 0000000000002538 <ferror@plt+0xba8> (File Offset: 0x2538)
00000000000024c4 <.text+0xb04> (File Offset: 0x24c4) f9400661 	ldr	x1, [x19, #8]
00000000000024c8 <.text+0xb08> (File Offset: 0x24c8) aa1303e0 	orr	x0, xzr, x19
00000000000024cc <.text+0xb0c> (File Offset: 0x24cc) f940f821 	ldr	x1, [x1, #496]
00000000000024d0 <.text+0xb10> (File Offset: 0x24d0) d63f0020 	blr	x1
00000000000024d4 <.text+0xb14> (File Offset: 0x24d4) f100001f 	subs	xzr, x0, #0x0
00000000000024d8 <.text+0xb18> (File Offset: 0x24d8) b40034a0 	cbz	x0, 0000000000002b6c <ferror@plt+0x11dc> (File Offset: 0x2b6c)
00000000000024dc <.text+0xb1c> (File Offset: 0x24dc) 54004eab 	b.lt	0000000000002eb0 <ferror@plt+0x1520> (File Offset: 0x2eb0)  // b.tstop
00000000000024e0 <.text+0xb20> (File Offset: 0x24e0) 97fffc9c 	bl	0000000000001750 <xmalloc@plt> (File Offset: 0x1750)
00000000000024e4 <.text+0xb24> (File Offset: 0x24e4) f9400662 	ldr	x2, [x19, #8]
00000000000024e8 <.text+0xb28> (File Offset: 0x24e8) d00000e1 	adrp	x1, 0000000000020000 <ferror@plt+0x1e670> (File Offset: 0x20000)
00000000000024ec <.text+0xb2c> (File Offset: 0x24ec) 910fc034 	add	x20, x1, #0x3f0
00000000000024f0 <.text+0xb30> (File Offset: 0x24f0) aa0003e1 	orr	x1, xzr, x0
00000000000024f4 <.text+0xb34> (File Offset: 0x24f4) aa1303e0 	orr	x0, xzr, x19
00000000000024f8 <.text+0xb38> (File Offset: 0x24f8) f940fc42 	ldr	x2, [x2, #504]
00000000000024fc <.text+0xb3c> (File Offset: 0x24fc) f9001681 	str	x1, [x20, #40]
0000000000002500 <.text+0xb40> (File Offset: 0x2500) d63f0040 	blr	x2
0000000000002504 <.text+0xb44> (File Offset: 0x2504) f9001280 	str	x0, [x20, #32]
0000000000002508 <.text+0xb48> (File Offset: 0x2508) b7f83540 	tbnz	x0, #63, 0000000000002bb0 <ferror@plt+0x1220> (File Offset: 0x2bb0)
000000000000250c <.text+0xb4c> (File Offset: 0x250c) d00000e0 	adrp	x0, 0000000000020000 <ferror@plt+0x1e670> (File Offset: 0x20000)
0000000000002510 <.text+0xb50> (File Offset: 0x2510) 910fc014 	add	x20, x0, #0x3f0
0000000000002514 <.text+0xb54> (File Offset: 0x2514) f9401280 	ldr	x0, [x20, #32]
0000000000002518 <.text+0xb58> (File Offset: 0x2518) f100001f 	subs	xzr, x0, #0x0
000000000000251c <.text+0xb5c> (File Offset: 0x251c) 7a400ae0 	ccmp	w23, #0x0, #0x0, eq	// eq = none
0000000000002520 <.text+0xb60> (File Offset: 0x2520) 54002960 	b.eq	0000000000002a4c <ferror@plt+0x10bc> (File Offset: 0x2a4c)  // b.none
0000000000002524 <.text+0xb64> (File Offset: 0x2524) d00000e0 	adrp	x0, 0000000000020000 <ferror@plt+0x1e670> (File Offset: 0x20000)
0000000000002528 <.text+0xb68> (File Offset: 0x2528) 910fc014 	add	x20, x0, #0x3f0
000000000000252c <.text+0xb6c> (File Offset: 0x252c) f9401280 	ldr	x0, [x20, #32]
0000000000002530 <.text+0xb70> (File Offset: 0x2530) f100001f 	subs	xzr, x0, #0x0
0000000000002534 <.text+0xb74> (File Offset: 0x2534) 54001d2d 	b.le	00000000000028d8 <ferror@plt+0xf48> (File Offset: 0x28d8)
0000000000002538 <.text+0xb78> (File Offset: 0x2538) d00000e0 	adrp	x0, 0000000000020000 <ferror@plt+0x1e670> (File Offset: 0x20000)
000000000000253c <.text+0xb7c> (File Offset: 0x253c) 910fc000 	add	x0, x0, #0x3f0
0000000000002540 <.text+0xb80> (File Offset: 0x2540) b00000f7 	adrp	x23, 000000000001f000 <ferror@plt+0x1d670> (File Offset: 0x1f000)
0000000000002544 <.text+0xb84> (File Offset: 0x2544) f947daf7 	ldr	x23, [x23, #4016]
0000000000002548 <.text+0xb88> (File Offset: 0x2548) b0000014 	adrp	x20, 0000000000003000 <ferror@plt+0x1670> (File Offset: 0x3000)
000000000000254c <.text+0xb8c> (File Offset: 0x254c) b9401816 	ldr	w22, [x0, #24]
0000000000002550 <.text+0xb90> (File Offset: 0x2550) 91152294 	add	x20, x20, #0x548
0000000000002554 <.text+0xb94> (File Offset: 0x2554) 34000ad6 	cbz	w22, 00000000000026ac <ferror@plt+0xd1c> (File Offset: 0x26ac)
0000000000002558 <.text+0xb98> (File Offset: 0x2558) d00000e0 	adrp	x0, 0000000000020000 <ferror@plt+0x1e670> (File Offset: 0x20000)
000000000000255c <.text+0xb9c> (File Offset: 0x255c) 910fc000 	add	x0, x0, #0x3f0
0000000000002560 <.text+0xba0> (File Offset: 0x2560) b9401801 	ldr	w1, [x0, #24]
0000000000002564 <.text+0xba4> (File Offset: 0x2564) 7100003f 	subs	wzr, w1, #0x0
0000000000002568 <.text+0xba8> (File Offset: 0x2568) 54000b0d 	b.le	00000000000026c8 <ferror@plt+0xd38> (File Offset: 0x26c8)
000000000000256c <.text+0xbac> (File Offset: 0x256c) f9400802 	ldr	x2, [x0, #16]
0000000000002570 <.text+0xbb0> (File Offset: 0x2570) 51000421 	sub	w1, w1, #0x1
0000000000002574 <.text+0xbb4> (File Offset: 0x2574) b9001801 	str	w1, [x0, #24]
0000000000002578 <.text+0xbb8> (File Offset: 0x2578) 91002041 	add	x1, x2, #0x8
000000000000257c <.text+0xbbc> (File Offset: 0x257c) f9000801 	str	x1, [x0, #16]
0000000000002580 <.text+0xbc0> (File Offset: 0x2580) f9400059 	ldr	x25, [x2]
0000000000002584 <.text+0xbc4> (File Offset: 0x2584) aa1903e3 	orr	x3, xzr, x25
0000000000002588 <.text+0xbc8> (File Offset: 0x2588) 39400061 	ldrb	w1, [x3]
000000000000258c <.text+0xbcc> (File Offset: 0x258c) 39400062 	ldrb	w2, [x3]
0000000000002590 <.text+0xbd0> (File Offset: 0x2590) 78617ae0 	ldrh	w0, [x23, x1, lsl #1]
0000000000002594 <.text+0xbd4> (File Offset: 0x2594) 37303960 	tbnz	w0, #6, 0000000000002cc0 <ferror@plt+0x1330> (File Offset: 0x2cc0)
0000000000002598 <.text+0xbd8> (File Offset: 0x2598) 36103980 	tbz	w0, #2, 0000000000002cc8 <ferror@plt+0x1338> (File Offset: 0x2cc8)
000000000000259c <.text+0xbdc> (File Offset: 0x259c) aa1903e0 	orr	x0, xzr, x25
00000000000025a0 <.text+0xbe0> (File Offset: 0x25a0) 52800202 	movz	w2, #0x10
00000000000025a4 <.text+0xbe4> (File Offset: 0x25a4) d2800001 	movz	x1, #0x0
00000000000025a8 <.text+0xbe8> (File Offset: 0x25a8) 97fffc2a 	bl	0000000000001650 <bfd_scan_vma@plt> (File Offset: 0x1650)
00000000000025ac <.text+0xbec> (File Offset: 0x25ac) f9400661 	ldr	x1, [x19, #8]
00000000000025b0 <.text+0xbf0> (File Offset: 0x25b0) d00000e2 	adrp	x2, 0000000000020000 <ferror@plt+0x1e670> (File Offset: 0x20000)
00000000000025b4 <.text+0xbf4> (File Offset: 0x25b4) 910fc043 	add	x3, x2, #0x3f0
00000000000025b8 <.text+0xbf8> (File Offset: 0x25b8) b9400822 	ldr	w2, [x1, #8]
00000000000025bc <.text+0xbfc> (File Offset: 0x25bc) f9001860 	str	x0, [x3, #48]
00000000000025c0 <.text+0xc00> (File Offset: 0x25c0) 7100145f 	subs	wzr, w2, #0x5
00000000000025c4 <.text+0xc04> (File Offset: 0x25c4) 54000201 	b.ne	0000000000002604 <ferror@plt+0xc74> (File Offset: 0x2604)  // b.any
00000000000025c8 <.text+0xc08> (File Offset: 0x25c8) f941bc21 	ldr	x1, [x1, #888]
00000000000025cc <.text+0xc0c> (File Offset: 0x25cc) d2800022 	movz	x2, #0x1
00000000000025d0 <.text+0xc10> (File Offset: 0x25d0) f941a425 	ldr	x5, [x1, #840]
00000000000025d4 <.text+0xc14> (File Offset: 0x25d4) b943f824 	ldr	w4, [x1, #1016]
00000000000025d8 <.text+0xc18> (File Offset: 0x25d8) 394028a1 	ldrb	w1, [x5, #10]
00000000000025dc <.text+0xc1c> (File Offset: 0x25dc) f278009f 	ands	xzr, x4, #0x100
00000000000025e0 <.text+0xc20> (File Offset: 0x25e0) 51000421 	sub	w1, w1, #0x1
00000000000025e4 <.text+0xc24> (File Offset: 0x25e4) 9ac12042 	lslv	x2, x2, x1
00000000000025e8 <.text+0xc28> (File Offset: 0x25e8) d37ff841 	ubfm	x1, x2, #63, #62
00000000000025ec <.text+0xc2c> (File Offset: 0x25ec) d1000421 	sub	x1, x1, #0x1
00000000000025f0 <.text+0xc30> (File Offset: 0x25f0) 8a000020 	and	x0, x1, x0
00000000000025f4 <.text+0xc34> (File Offset: 0x25f4) ca000041 	eor	x1, x2, x0
00000000000025f8 <.text+0xc38> (File Offset: 0x25f8) cb020021 	sub	x1, x1, x2
00000000000025fc <.text+0xc3c> (File Offset: 0x25fc) 9a801020 	csel	x0, x1, x0, ne	// ne = any
0000000000002600 <.text+0xc40> (File Offset: 0x2600) f9001860 	str	x0, [x3, #48]
0000000000002604 <.text+0xc44> (File Offset: 0x2604) d00000e0 	adrp	x0, 0000000000020000 <ferror@plt+0x1e670> (File Offset: 0x20000)
0000000000002608 <.text+0xc48> (File Offset: 0x2608) 910fc01a 	add	x26, x0, #0x3f0
000000000000260c <.text+0xc4c> (File Offset: 0x260c) 39402340 	ldrb	w0, [x26, #8]
0000000000002610 <.text+0xc50> (File Offset: 0x2610) 37001dc0 	tbnz	w0, #0, 00000000000029c8 <ferror@plt+0x1038> (File Offset: 0x29c8)
0000000000002614 <.text+0xc54> (File Offset: 0x2614) b00000f9 	adrp	x25, 000000000001f000 <ferror@plt+0x1d670> (File Offset: 0x1f000)
0000000000002618 <.text+0xc58> (File Offset: 0x2618) f947df39 	ldr	x25, [x25, #4024]
000000000000261c <.text+0xc5c> (File Offset: 0x261c) d00000e0 	adrp	x0, 0000000000020000 <ferror@plt+0x1e670> (File Offset: 0x20000)
0000000000002620 <.text+0xc60> (File Offset: 0x2620) 910fc01a 	add	x26, x0, #0x3f0
0000000000002624 <.text+0xc64> (File Offset: 0x2624) 3900e35f 	strb	wzr, [x26, #56]
0000000000002628 <.text+0xc68> (File Offset: 0x2628) b5004835 	cbnz	x21, 0000000000002f2c <ferror@plt+0x159c> (File Offset: 0x2f2c)
000000000000262c <.text+0xc6c> (File Offset: 0x262c) f0ffffe1 	adrp	x1, 0000000000001000 <memcpy@plt-0x600> (File Offset: 0x1000)
0000000000002630 <.text+0xc70> (File Offset: 0x2630) aa1303e0 	orr	x0, xzr, x19
0000000000002634 <.text+0xc74> (File Offset: 0x2634) 912e9021 	add	x1, x1, #0xba4
0000000000002638 <.text+0xc78> (File Offset: 0x2638) d2800002 	movz	x2, #0x0
000000000000263c <.text+0xc7c> (File Offset: 0x263c) 97fffcbd 	bl	0000000000001930 <bfd_map_over_sections@plt> (File Offset: 0x1930)
0000000000002640 <.text+0xc80> (File Offset: 0x2640) d00000e0 	adrp	x0, 0000000000020000 <ferror@plt+0x1e670> (File Offset: 0x20000)
0000000000002644 <.text+0xc84> (File Offset: 0x2644) 910fc01b 	add	x27, x0, #0x3f0
0000000000002648 <.text+0xc88> (File Offset: 0x2648) b000001a 	adrp	x26, 0000000000003000 <ferror@plt+0x1670> (File Offset: 0x3000)
000000000000264c <.text+0xc8c> (File Offset: 0x264c) 3940e360 	ldrb	w0, [x27, #56]
0000000000002650 <.text+0xc90> (File Offset: 0x2650) 36004720 	tbz	w0, #0, 0000000000002f34 <ferror@plt+0x15a4> (File Offset: 0x2f34)
0000000000002654 <.text+0xc94> (File Offset: 0x2654) 9114a35c 	add	x28, x26, #0x528
0000000000002658 <.text+0xc98> (File Offset: 0x2658) 39402f60 	ldrb	w0, [x27, #11]
000000000000265c <.text+0xc9c> (File Offset: 0x265c) 370009c0 	tbnz	w0, #0, 0000000000002794 <ferror@plt+0xe04> (File Offset: 0x2794)
0000000000002660 <.text+0xca0> (File Offset: 0x2660) 39402b60 	ldrb	w0, [x27, #10]
0000000000002664 <.text+0xca4> (File Offset: 0x2664) f9402b62 	ldr	x2, [x27, #80]
0000000000002668 <.text+0xca8> (File Offset: 0x2668) 37000820 	tbnz	w0, #0, 000000000000276c <ferror@plt+0xddc> (File Offset: 0x276c)
000000000000266c <.text+0xcac> (File Offset: 0x266c) b4003f82 	cbz	x2, 0000000000002e5c <ferror@plt+0x14cc> (File Offset: 0x2e5c)
0000000000002670 <.text+0xcb0> (File Offset: 0x2670) aa0203e1 	orr	x1, xzr, x2
0000000000002674 <.text+0xcb4> (File Offset: 0x2674) aa1c03e0 	orr	x0, xzr, x28
0000000000002678 <.text+0xcb8> (File Offset: 0x2678) 97fffcaa 	bl	0000000000001920 <printf@plt> (File Offset: 0x1920)
000000000000267c <.text+0xcbc> (File Offset: 0x267c) b9404361 	ldr	w1, [x27, #64]
0000000000002680 <.text+0xcc0> (File Offset: 0x2680) 34001701 	cbz	w1, 0000000000002960 <ferror@plt+0xfd0> (File Offset: 0x2960)
0000000000002684 <.text+0xcc4> (File Offset: 0x2684) b9403f62 	ldr	w2, [x27, #60]
0000000000002688 <.text+0xcc8> (File Offset: 0x2688) 35001642 	cbnz	w2, 0000000000002950 <ferror@plt+0xfc0> (File Offset: 0x2950)
000000000000268c <.text+0xccc> (File Offset: 0x268c) aa1403e0 	orr	x0, xzr, x20
0000000000002690 <.text+0xcd0> (File Offset: 0x2690) 97fffca4 	bl	0000000000001920 <printf@plt> (File Offset: 0x1920)
0000000000002694 <.text+0xcd4> (File Offset: 0x2694) 39403760 	ldrb	w0, [x27, #13]
0000000000002698 <.text+0xcd8> (File Offset: 0x2698) 37001b60 	tbnz	w0, #0, 0000000000002a04 <ferror@plt+0x1074> (File Offset: 0x2a04)
000000000000269c <.text+0xcdc> (File Offset: 0x269c) 3900e37f 	strb	wzr, [x27, #56]
00000000000026a0 <.text+0xce0> (File Offset: 0x26a0) f9400320 	ldr	x0, [x25]
00000000000026a4 <.text+0xce4> (File Offset: 0x26a4) 97fffc7b 	bl	0000000000001890 <fflush@plt> (File Offset: 0x1890)
00000000000026a8 <.text+0xce8> (File Offset: 0x26a8) 17ffffab 	b	0000000000002554 <ferror@plt+0xbc4> (File Offset: 0x2554)
00000000000026ac <.text+0xcec> (File Offset: 0x26ac) b00000e2 	adrp	x2, 000000000001f000 <ferror@plt+0x1d670> (File Offset: 0x1f000)
00000000000026b0 <.text+0xcf0> (File Offset: 0x26b0) f947e042 	ldr	x2, [x2, #4032]
00000000000026b4 <.text+0xcf4> (File Offset: 0x26b4) aa1803e0 	orr	x0, xzr, x24
00000000000026b8 <.text+0xcf8> (File Offset: 0x26b8) 52800c81 	movz	w1, #0x64
00000000000026bc <.text+0xcfc> (File Offset: 0x26bc) f9400042 	ldr	x2, [x2]
00000000000026c0 <.text+0xd00> (File Offset: 0x26c0) 97fffcac 	bl	0000000000001970 <fgets@plt> (File Offset: 0x1970)
00000000000026c4 <.text+0xd04> (File Offset: 0x26c4) b5003340 	cbnz	x0, 0000000000002d2c <ferror@plt+0x139c> (File Offset: 0x2d2c)
00000000000026c8 <.text+0xd08> (File Offset: 0x26c8) d00000e0 	adrp	x0, 0000000000020000 <ferror@plt+0x1e670> (File Offset: 0x20000)
00000000000026cc <.text+0xd0c> (File Offset: 0x26cc) 910fc01c 	add	x28, x0, #0x3f0
00000000000026d0 <.text+0xd10> (File Offset: 0x26d0) f9401780 	ldr	x0, [x28, #40]
00000000000026d4 <.text+0xd14> (File Offset: 0x26d4) 97fffc5f 	bl	0000000000001850 <free@plt> (File Offset: 0x1850)
00000000000026d8 <.text+0xd18> (File Offset: 0x26d8) f900179f 	str	xzr, [x28, #40]
00000000000026dc <.text+0xd1c> (File Offset: 0x26dc) aa1303e0 	orr	x0, xzr, x19
00000000000026e0 <.text+0xd20> (File Offset: 0x26e0) 97fffc74 	bl	00000000000018b0 <bfd_close@plt> (File Offset: 0x18b0)
00000000000026e4 <.text+0xd24> (File Offset: 0x26e4) 52800000 	movz	w0, #0x0
00000000000026e8 <.text+0xd28> (File Offset: 0x26e8) a94153f3 	ldp	x19, x20, [sp, #16]
00000000000026ec <.text+0xd2c> (File Offset: 0x26ec) a9425bf5 	ldp	x21, x22, [sp, #32]
00000000000026f0 <.text+0xd30> (File Offset: 0x26f0) a94363f7 	ldp	x23, x24, [sp, #48]
00000000000026f4 <.text+0xd34> (File Offset: 0x26f4) a9446bf9 	ldp	x25, x26, [sp, #64]
00000000000026f8 <.text+0xd38> (File Offset: 0x26f8) a94573fb 	ldp	x27, x28, [sp, #80]
00000000000026fc <.text+0xd3c> (File Offset: 0x26fc) a8d67bfd 	ldp	x29, x30, [sp], #352
0000000000002700 <.text+0xd40> (File Offset: 0x2700) d65f03c0 	ret
0000000000002704 <.text+0xd44> (File Offset: 0x2704) b0000001 	adrp	x1, 0000000000003000 <ferror@plt+0x1670> (File Offset: 0x3000)
0000000000002708 <.text+0xd48> (File Offset: 0x2708) 912b4021 	add	x1, x1, #0xad0
000000000000270c <.text+0xd4c> (File Offset: 0x270c) 78605821 	ldrh	w1, [x1, w0, uxtw #1]
0000000000002710 <.text+0xd50> (File Offset: 0x2710) 10000060 	adr	x0, 000000000000271c <ferror@plt+0xd8c> (File Offset: 0x271c)
0000000000002714 <.text+0xd54> (File Offset: 0x2714) 8b21a801 	add	x1, x0, w1, sxth #2
0000000000002718 <.text+0xd58> (File Offset: 0x2718) d61f0020 	br	x1
000000000000271c <.text+0xd5c> (File Offset: 0x271c) f9400356 	ldr	x22, [x26]
0000000000002720 <.text+0xd60> (File Offset: 0x2720) 17fffee8 	b	00000000000022c0 <ferror@plt+0x930> (File Offset: 0x22c0)
0000000000002724 <.text+0xd64> (File Offset: 0x2724) 5280002a 	movz	w10, #0x1
0000000000002728 <.text+0xd68> (File Offset: 0x2728) 17fffebe 	b	0000000000002220 <ferror@plt+0x890> (File Offset: 0x2220)
000000000000272c <.text+0xd6c> (File Offset: 0x272c) 52800007 	movz	w7, #0x0
0000000000002730 <.text+0xd70> (File Offset: 0x2730) 17fffebe 	b	0000000000002228 <ferror@plt+0x898> (File Offset: 0x2228)
0000000000002734 <.text+0xd74> (File Offset: 0x2734) d00000e0 	adrp	x0, 0000000000020000 <ferror@plt+0x1e670> (File Offset: 0x20000)
0000000000002738 <.text+0xd78> (File Offset: 0x2738) 910fc000 	add	x0, x0, #0x3f0
000000000000273c <.text+0xd7c> (File Offset: 0x273c) 52800021 	movz	w1, #0x1
0000000000002740 <.text+0xd80> (File Offset: 0x2740) 39002801 	strb	w1, [x0, #10]
0000000000002744 <.text+0xd84> (File Offset: 0x2744) 17fffedf 	b	00000000000022c0 <ferror@plt+0x930> (File Offset: 0x22c0)
0000000000002748 <.text+0xd88> (File Offset: 0x2748) d00000e0 	adrp	x0, 0000000000020000 <ferror@plt+0x1e670> (File Offset: 0x20000)
000000000000274c <.text+0xd8c> (File Offset: 0x274c) 910fc000 	add	x0, x0, #0x3f0
0000000000002750 <.text+0xd90> (File Offset: 0x2750) 52800021 	movz	w1, #0x1
0000000000002754 <.text+0xd94> (File Offset: 0x2754) 39002c01 	strb	w1, [x0, #11]
0000000000002758 <.text+0xd98> (File Offset: 0x2758) 17fffeda 	b	00000000000022c0 <ferror@plt+0x930> (File Offset: 0x22c0)
000000000000275c <.text+0xd9c> (File Offset: 0x275c) f94057e0 	ldr	x0, [sp, #168]
0000000000002760 <.text+0xda0> (File Offset: 0x2760) 383a681f 	strb	wzr, [x0, x26]
0000000000002764 <.text+0xda4> (File Offset: 0x2764) aa0003fa 	orr	x26, xzr, x0
0000000000002768 <.text+0xda8> (File Offset: 0x2768) 17fffe2d 	b	000000000000201c <ferror@plt+0x68c> (File Offset: 0x201c)
000000000000276c <.text+0xdac> (File Offset: 0x276c) b4003782 	cbz	x2, 0000000000002e5c <ferror@plt+0x14cc> (File Offset: 0x2e5c)
0000000000002770 <.text+0xdb0> (File Offset: 0x2770) aa0203e0 	orr	x0, xzr, x2
0000000000002774 <.text+0xdb4> (File Offset: 0x2774) 528005e1 	movz	w1, #0x2f
0000000000002778 <.text+0xdb8> (File Offset: 0x2778) f90037e2 	str	x2, [sp, #104]
000000000000277c <.text+0xdbc> (File Offset: 0x277c) 97fffc0d 	bl	00000000000017b0 <strrchr@plt> (File Offset: 0x17b0)
0000000000002780 <.text+0xdc0> (File Offset: 0x2780) f94037e2 	ldr	x2, [sp, #104]
0000000000002784 <.text+0xdc4> (File Offset: 0x2784) b4fff760 	cbz	x0, 0000000000002670 <ferror@plt+0xce0> (File Offset: 0x2670)
0000000000002788 <.text+0xdc8> (File Offset: 0x2788) 91000402 	add	x2, x0, #0x1
000000000000278c <.text+0xdcc> (File Offset: 0x278c) f9002b62 	str	x2, [x27, #80]
0000000000002790 <.text+0xdd0> (File Offset: 0x2790) 17ffffb8 	b	0000000000002670 <ferror@plt+0xce0> (File Offset: 0x2670)
0000000000002794 <.text+0xdd4> (File Offset: 0x2794) f9402761 	ldr	x1, [x27, #72]
0000000000002798 <.text+0xdd8> (File Offset: 0x2798) b4003981 	cbz	x1, 0000000000002ec8 <ferror@plt+0x1538> (File Offset: 0x2ec8)
000000000000279c <.text+0xddc> (File Offset: 0x279c) 39400020 	ldrb	w0, [x1]
00000000000027a0 <.text+0xde0> (File Offset: 0x27a0) 340039c0 	cbz	w0, 0000000000002ed8 <ferror@plt+0x1548> (File Offset: 0x2ed8)
00000000000027a4 <.text+0xde4> (File Offset: 0x27a4) 39402760 	ldrb	w0, [x27, #9]
00000000000027a8 <.text+0xde8> (File Offset: 0x27a8) f90037ff 	str	xzr, [sp, #104]
00000000000027ac <.text+0xdec> (File Offset: 0x27ac) 370039e0 	tbnz	w0, #0, 0000000000002ee8 <ferror@plt+0x1558> (File Offset: 0x2ee8)
00000000000027b0 <.text+0xdf0> (File Offset: 0x27b0) b0000000 	adrp	x0, 0000000000003000 <ferror@plt+0x1670> (File Offset: 0x3000)
00000000000027b4 <.text+0xdf4> (File Offset: 0x27b4) 9113e000 	add	x0, x0, #0x4f8
00000000000027b8 <.text+0xdf8> (File Offset: 0x27b8) 97fffc5a 	bl	0000000000001920 <printf@plt> (File Offset: 0x1920)
00000000000027bc <.text+0xdfc> (File Offset: 0x27bc) d00000e0 	adrp	x0, 0000000000020000 <ferror@plt+0x1e670> (File Offset: 0x20000)
00000000000027c0 <.text+0xe00> (File Offset: 0x27c0) 910fc000 	add	x0, x0, #0x3f0
00000000000027c4 <.text+0xe04> (File Offset: 0x27c4) 39403000 	ldrb	w0, [x0, #12]
00000000000027c8 <.text+0xe08> (File Offset: 0x27c8) 37003a40 	tbnz	w0, #0, 0000000000002f10 <ferror@plt+0x1580> (File Offset: 0x2f10)
00000000000027cc <.text+0xe0c> (File Offset: 0x27cc) 52800140 	movz	w0, #0xa
00000000000027d0 <.text+0xe10> (File Offset: 0x27d0) 97fffc60 	bl	0000000000001950 <putchar@plt> (File Offset: 0x1950)
00000000000027d4 <.text+0xe14> (File Offset: 0x27d4) f94037e0 	ldr	x0, [sp, #104]
00000000000027d8 <.text+0xe18> (File Offset: 0x27d8) 97fffc1e 	bl	0000000000001850 <free@plt> (File Offset: 0x1850)
00000000000027dc <.text+0xe1c> (File Offset: 0x27dc) 17ffffa1 	b	0000000000002660 <ferror@plt+0xcd0> (File Offset: 0x2660)
00000000000027e0 <.text+0xe20> (File Offset: 0x27e0) f94063e1 	ldr	x1, [sp, #192]
00000000000027e4 <.text+0xe24> (File Offset: 0x27e4) f9400020 	ldr	x0, [x1]
00000000000027e8 <.text+0xe28> (File Offset: 0x27e8) b4000440 	cbz	x0, 0000000000002870 <ferror@plt+0xee0> (File Offset: 0x2870)
00000000000027ec <.text+0xe2c> (File Offset: 0x27ec) d1002023 	sub	x3, x1, #0x8
00000000000027f0 <.text+0xe30> (File Offset: 0x27f0) d2800020 	movz	x0, #0x1
00000000000027f4 <.text+0xe34> (File Offset: 0x27f4) d503201f 	hint	#0x0
00000000000027f8 <.text+0xe38> (File Offset: 0x27f8) d503201f 	hint	#0x0
00000000000027fc <.text+0xe3c> (File Offset: 0x27fc) d503201f 	hint	#0x0
0000000000002800 <.text+0xe40> (File Offset: 0x2800) aa0003e2 	orr	x2, xzr, x0
0000000000002804 <.text+0xe44> (File Offset: 0x2804) 91000400 	add	x0, x0, #0x1
0000000000002808 <.text+0xe48> (File Offset: 0x2808) f8607861 	ldr	x1, [x3, x0, lsl #3]
000000000000280c <.text+0xe4c> (File Offset: 0x280c) b5ffffa1 	cbnz	x1, 0000000000002800 <ferror@plt+0xe70> (File Offset: 0x2800)
0000000000002810 <.text+0xe50> (File Offset: 0x2810) 11000442 	add	w2, w2, #0x1
0000000000002814 <.text+0xe54> (File Offset: 0x2814) d280001a 	movz	x26, #0x0
0000000000002818 <.text+0xe58> (File Offset: 0x2818) d37df040 	ubfm	x0, x2, #61, #60
000000000000281c <.text+0xe5c> (File Offset: 0x281c) 97fffbcd 	bl	0000000000001750 <xmalloc@plt> (File Offset: 0x1750)
0000000000002820 <.text+0xe60> (File Offset: 0x2820) aa0003f9 	orr	x25, xzr, x0
0000000000002824 <.text+0xe64> (File Offset: 0x2824) f9400280 	ldr	x0, [x20]
0000000000002828 <.text+0xe68> (File Offset: 0x2828) b40000c0 	cbz	x0, 0000000000002840 <ferror@plt+0xeb0> (File Offset: 0x2840)
000000000000282c <.text+0xe6c> (File Offset: 0x282c) 97fffbd1 	bl	0000000000001770 <xstrdup@plt> (File Offset: 0x1770)
0000000000002830 <.text+0xe70> (File Offset: 0x2830) f83a6b20 	str	x0, [x25, x26]
0000000000002834 <.text+0xe74> (File Offset: 0x2834) 9100235a 	add	x26, x26, #0x8
0000000000002838 <.text+0xe78> (File Offset: 0x2838) f87a6a80 	ldr	x0, [x20, x26]
000000000000283c <.text+0xe7c> (File Offset: 0x283c) b5ffff80 	cbnz	x0, 000000000000282c <ferror@plt+0xe9c> (File Offset: 0x282c)
0000000000002840 <.text+0xe80> (File Offset: 0x2840) f83a6b3f 	str	xzr, [x25, x26]
0000000000002844 <.text+0xe84> (File Offset: 0x2844) 8b150320 	add	x0, x25, x21
0000000000002848 <.text+0xe88> (File Offset: 0x2848) f90037e0 	str	x0, [sp, #104]
000000000000284c <.text+0xe8c> (File Offset: 0x284c) aa1903f4 	orr	x20, xzr, x25
0000000000002850 <.text+0xe90> (File Offset: 0x2850) f9400380 	ldr	x0, [x28]
0000000000002854 <.text+0xe94> (File Offset: 0x2854) b5ffc3c0 	cbnz	x0, 00000000000020cc <ferror@plt+0x73c> (File Offset: 0x20cc)
0000000000002858 <.text+0xe98> (File Offset: 0x2858) d280001a 	movz	x26, #0x0
000000000000285c <.text+0xe9c> (File Offset: 0x285c) f90047ff 	str	xzr, [sp, #136]
0000000000002860 <.text+0xea0> (File Offset: 0x2860) 17fffe21 	b	00000000000020e4 <ferror@plt+0x754> (File Offset: 0x20e4)
0000000000002864 <.text+0xea4> (File Offset: 0x2864) d280001a 	movz	x26, #0x0
0000000000002868 <.text+0xea8> (File Offset: 0x2868) f90047ff 	str	xzr, [sp, #136]
000000000000286c <.text+0xeac> (File Offset: 0x286c) 17fffe1e 	b	00000000000020e4 <ferror@plt+0x754> (File Offset: 0x20e4)
0000000000002870 <.text+0xeb0> (File Offset: 0x2870) 52800002 	movz	w2, #0x0
0000000000002874 <.text+0xeb4> (File Offset: 0x2874) 17ffffe7 	b	0000000000002810 <ferror@plt+0xe80> (File Offset: 0x2810)
0000000000002878 <.text+0xeb8> (File Offset: 0x2878) b00000e0 	adrp	x0, 000000000001f000 <ferror@plt+0x1d670> (File Offset: 0x1f000)
000000000000287c <.text+0xebc> (File Offset: 0x287c) f947cc00 	ldr	x0, [x0, #3992]
0000000000002880 <.text+0xec0> (File Offset: 0x2880) b0000001 	adrp	x1, 0000000000003000 <ferror@plt+0x1670> (File Offset: 0x3000)
0000000000002884 <.text+0xec4> (File Offset: 0x2884) f9400282 	ldr	x2, [x20]
0000000000002888 <.text+0xec8> (File Offset: 0x2888) 9105c021 	add	x1, x1, #0x170
000000000000288c <.text+0xecc> (File Offset: 0x288c) f9400000 	ldr	x0, [x0]
0000000000002890 <.text+0xed0> (File Offset: 0x2890) 97fffc34 	bl	0000000000001960 <fprintf@plt> (File Offset: 0x1960)
0000000000002894 <.text+0xed4> (File Offset: 0x2894) 52800020 	movz	w0, #0x1
0000000000002898 <.text+0xed8> (File Offset: 0x2898) 97fffc02 	bl	00000000000018a0 <xexit@plt> (File Offset: 0x18a0)
000000000000289c <.text+0xedc> (File Offset: 0x289c) b00000e0 	adrp	x0, 000000000001f000 <ferror@plt+0x1d670> (File Offset: 0x1f000)
00000000000028a0 <.text+0xee0> (File Offset: 0x28a0) f947cc00 	ldr	x0, [x0, #3992]
00000000000028a4 <.text+0xee4> (File Offset: 0x28a4) b0000001 	adrp	x1, 0000000000003000 <ferror@plt+0x1670> (File Offset: 0x3000)
00000000000028a8 <.text+0xee8> (File Offset: 0x28a8) f9400282 	ldr	x2, [x20]
00000000000028ac <.text+0xeec> (File Offset: 0x28ac) 91068021 	add	x1, x1, #0x1a0
00000000000028b0 <.text+0xef0> (File Offset: 0x28b0) f9400000 	ldr	x0, [x0]
00000000000028b4 <.text+0xef4> (File Offset: 0x28b4) 97fffc2b 	bl	0000000000001960 <fprintf@plt> (File Offset: 0x1960)
00000000000028b8 <.text+0xef8> (File Offset: 0x28b8) 52800020 	movz	w0, #0x1
00000000000028bc <.text+0xefc> (File Offset: 0x28bc) 97fffbf9 	bl	00000000000018a0 <xexit@plt> (File Offset: 0x18a0)
00000000000028c0 <.text+0xf00> (File Offset: 0x28c0) b0000001 	adrp	x1, 0000000000003000 <ferror@plt+0x1670> (File Offset: 0x3000)
00000000000028c4 <.text+0xf04> (File Offset: 0x28c4) 91078021 	add	x1, x1, #0x1e0
00000000000028c8 <.text+0xf08> (File Offset: 0x28c8) 528000a2 	movz	w2, #0x5
00000000000028cc <.text+0xf0c> (File Offset: 0x28cc) d2800000 	movz	x0, #0x0
00000000000028d0 <.text+0xf10> (File Offset: 0x28d0) 97fffc04 	bl	00000000000018e0 <dcgettext@plt> (File Offset: 0x18e0)
00000000000028d4 <.text+0xf14> (File Offset: 0x28d4) 97fffcf3 	bl	0000000000001ca0 <ferror@plt+0x310> (File Offset: 0x1ca0)
00000000000028d8 <.text+0xf18> (File Offset: 0x28d8) f9401680 	ldr	x0, [x20, #40]
00000000000028dc <.text+0xf1c> (File Offset: 0x28dc) 97fffbdd 	bl	0000000000001850 <free@plt> (File Offset: 0x1850)
00000000000028e0 <.text+0xf20> (File Offset: 0x28e0) f900169f 	str	xzr, [x20, #40]
00000000000028e4 <.text+0xf24> (File Offset: 0x28e4) 17ffff15 	b	0000000000002538 <ferror@plt+0xba8> (File Offset: 0x2538)
00000000000028e8 <.text+0xf28> (File Offset: 0x28e8) d00000e0 	adrp	x0, 0000000000020000 <ferror@plt+0x1e670> (File Offset: 0x20000)
00000000000028ec <.text+0xf2c> (File Offset: 0x28ec) 910fc000 	add	x0, x0, #0x3f0
00000000000028f0 <.text+0xf30> (File Offset: 0x28f0) 52800021 	movz	w1, #0x1
00000000000028f4 <.text+0xf34> (File Offset: 0x28f4) 39002001 	strb	w1, [x0, #8]
00000000000028f8 <.text+0xf38> (File Offset: 0x28f8) 17fffe72 	b	00000000000022c0 <ferror@plt+0x930> (File Offset: 0x22c0)
00000000000028fc <.text+0xf3c> (File Offset: 0x28fc) b0000002 	adrp	x2, 0000000000003000 <ferror@plt+0x1670> (File Offset: 0x3000)
0000000000002900 <.text+0xf40> (File Offset: 0x2900) b0000001 	adrp	x1, 0000000000003000 <ferror@plt+0x1670> (File Offset: 0x3000)
0000000000002904 <.text+0xf44> (File Offset: 0x2904) 9109e042 	add	x2, x2, #0x278
0000000000002908 <.text+0xf48> (File Offset: 0x2908) 910a6021 	add	x1, x1, #0x298
000000000000290c <.text+0xf4c> (File Offset: 0x290c) b0000000 	adrp	x0, 0000000000003000 <ferror@plt+0x1670> (File Offset: 0x3000)
0000000000002910 <.text+0xf50> (File Offset: 0x2910) 910aa000 	add	x0, x0, #0x2a8
0000000000002914 <.text+0xf54> (File Offset: 0x2914) 97fffc03 	bl	0000000000001920 <printf@plt> (File Offset: 0x1920)
0000000000002918 <.text+0xf58> (File Offset: 0x2918) b0000001 	adrp	x1, 0000000000003000 <ferror@plt+0x1670> (File Offset: 0x3000)
000000000000291c <.text+0xf5c> (File Offset: 0x291c) 910ae021 	add	x1, x1, #0x2b8
0000000000002920 <.text+0xf60> (File Offset: 0x2920) 528000a2 	movz	w2, #0x5
0000000000002924 <.text+0xf64> (File Offset: 0x2924) d2800000 	movz	x0, #0x0
0000000000002928 <.text+0xf68> (File Offset: 0x2928) 97fffbee 	bl	00000000000018e0 <dcgettext@plt> (File Offset: 0x18e0)
000000000000292c <.text+0xf6c> (File Offset: 0x292c) 97fffbfd 	bl	0000000000001920 <printf@plt> (File Offset: 0x1920)
0000000000002930 <.text+0xf70> (File Offset: 0x2930) b0000001 	adrp	x1, 0000000000003000 <ferror@plt+0x1670> (File Offset: 0x3000)
0000000000002934 <.text+0xf74> (File Offset: 0x2934) 910bc021 	add	x1, x1, #0x2f0
0000000000002938 <.text+0xf78> (File Offset: 0x2938) 528000a2 	movz	w2, #0x5
000000000000293c <.text+0xf7c> (File Offset: 0x293c) d2800000 	movz	x0, #0x0
0000000000002940 <.text+0xf80> (File Offset: 0x2940) 97fffbe8 	bl	00000000000018e0 <dcgettext@plt> (File Offset: 0x18e0)
0000000000002944 <.text+0xf84> (File Offset: 0x2944) 97fffbf7 	bl	0000000000001920 <printf@plt> (File Offset: 0x1920)
0000000000002948 <.text+0xf88> (File Offset: 0x2948) 52800000 	movz	w0, #0x0
000000000000294c <.text+0xf8c> (File Offset: 0x294c) 97fffb45 	bl	0000000000001660 <exit@plt> (File Offset: 0x1660)
0000000000002950 <.text+0xf90> (File Offset: 0x2950) b0000000 	adrp	x0, 0000000000003000 <ferror@plt+0x1670> (File Offset: 0x3000)
0000000000002954 <.text+0xf94> (File Offset: 0x2954) 9114c000 	add	x0, x0, #0x530
0000000000002958 <.text+0xf98> (File Offset: 0x2958) 97fffbf2 	bl	0000000000001920 <printf@plt> (File Offset: 0x1920)
000000000000295c <.text+0xf9c> (File Offset: 0x295c) 17ffff4e 	b	0000000000002694 <ferror@plt+0xd04> (File Offset: 0x2694)
0000000000002960 <.text+0xfa0> (File Offset: 0x2960) b0000000 	adrp	x0, 0000000000003000 <ferror@plt+0x1670> (File Offset: 0x3000)
0000000000002964 <.text+0xfa4> (File Offset: 0x2964) 91154000 	add	x0, x0, #0x550
0000000000002968 <.text+0xfa8> (File Offset: 0x2968) 97fffba6 	bl	0000000000001800 <puts@plt> (File Offset: 0x1800)
000000000000296c <.text+0xfac> (File Offset: 0x296c) 17ffff4a 	b	0000000000002694 <ferror@plt+0xd04> (File Offset: 0x2694)
0000000000002970 <.text+0xfb0> (File Offset: 0x2970) d00000e1 	adrp	x1, 0000000000020000 <ferror@plt+0x1e670> (File Offset: 0x20000)
0000000000002974 <.text+0xfb4> (File Offset: 0x2974) b941e020 	ldr	w0, [x1, #480]
0000000000002978 <.text+0xfb8> (File Offset: 0x2978) 120d7800 	and	w0, w0, #0xfffbffff
000000000000297c <.text+0xfbc> (File Offset: 0x297c) b901e020 	str	w0, [x1, #480]
0000000000002980 <.text+0xfc0> (File Offset: 0x2980) 17fffe50 	b	00000000000022c0 <ferror@plt+0x930> (File Offset: 0x22c0)
0000000000002984 <.text+0xfc4> (File Offset: 0x2984) b00000e0 	adrp	x0, 000000000001f000 <ferror@plt+0x1d670> (File Offset: 0x1f000)
0000000000002988 <.text+0xfc8> (File Offset: 0x2988) f947dc00 	ldr	x0, [x0, #4024]
000000000000298c <.text+0xfcc> (File Offset: 0x298c) 52800001 	movz	w1, #0x0
0000000000002990 <.text+0xfd0> (File Offset: 0x2990) f9400000 	ldr	x0, [x0]
0000000000002994 <.text+0xfd4> (File Offset: 0x2994) 97fffc0b 	bl	00000000000019c0 <ferror@plt+0x30> (File Offset: 0x19c0)
0000000000002998 <.text+0xfd8> (File Offset: 0x2998) b00000fb 	adrp	x27, 000000000001f000 <ferror@plt+0x1d670> (File Offset: 0x1f000)
000000000000299c <.text+0xfdc> (File Offset: 0x299c) f947d37b 	ldr	x27, [x27, #4000]
00000000000029a0 <.text+0xfe0> (File Offset: 0x29a0) d00000e0 	adrp	x0, 0000000000020000 <ferror@plt+0x1e670> (File Offset: 0x20000)
00000000000029a4 <.text+0xfe4> (File Offset: 0x29a4) 910fc001 	add	x1, x0, #0x3f0
00000000000029a8 <.text+0xfe8> (File Offset: 0x29a8) 52800022 	movz	w2, #0x1
00000000000029ac <.text+0xfec> (File Offset: 0x29ac) f9400360 	ldr	x0, [x27]
00000000000029b0 <.text+0xff0> (File Offset: 0x29b0) 39002422 	strb	w2, [x1, #9]
00000000000029b4 <.text+0xff4> (File Offset: 0x29b4) b4ffc860 	cbz	x0, 00000000000022c0 <ferror@plt+0x930> (File Offset: 0x22c0)
00000000000029b8 <.text+0xff8> (File Offset: 0x29b8) 97fffb1e 	bl	0000000000001630 <cplus_demangle_name_to_style@plt> (File Offset: 0x1630)
00000000000029bc <.text+0xffc> (File Offset: 0x29bc) 34001bc0 	cbz	w0, 0000000000002d34 <ferror@plt+0x13a4> (File Offset: 0x2d34)
00000000000029c0 <.text+0x1000> (File Offset: 0x29c0) 97fffb44 	bl	00000000000016d0 <cplus_demangle_set_style@plt> (File Offset: 0x16d0)
00000000000029c4 <.text+0x1004> (File Offset: 0x29c4) 17fffe3f 	b	00000000000022c0 <ferror@plt+0x930> (File Offset: 0x22c0)
00000000000029c8 <.text+0x1008> (File Offset: 0x29c8) b00000f9 	adrp	x25, 000000000001f000 <ferror@plt+0x1d670> (File Offset: 0x1f000)
00000000000029cc <.text+0x100c> (File Offset: 0x29cc) f947df39 	ldr	x25, [x25, #4024]
00000000000029d0 <.text+0x1010> (File Offset: 0x29d0) b0000000 	adrp	x0, 0000000000003000 <ferror@plt+0x1670> (File Offset: 0x3000)
00000000000029d4 <.text+0x1014> (File Offset: 0x29d4) 91140000 	add	x0, x0, #0x500
00000000000029d8 <.text+0x1018> (File Offset: 0x29d8) 97fffbd2 	bl	0000000000001920 <printf@plt> (File Offset: 0x1920)
00000000000029dc <.text+0x101c> (File Offset: 0x29dc) f9401b42 	ldr	x2, [x26, #48]
00000000000029e0 <.text+0x1020> (File Offset: 0x29e0) aa1303e0 	orr	x0, xzr, x19
00000000000029e4 <.text+0x1024> (File Offset: 0x29e4) f9400321 	ldr	x1, [x25]
00000000000029e8 <.text+0x1028> (File Offset: 0x29e8) 97fffbc6 	bl	0000000000001900 <bfd_fprintf_vma@plt> (File Offset: 0x1900)
00000000000029ec <.text+0x102c> (File Offset: 0x29ec) 39403340 	ldrb	w0, [x26, #12]
00000000000029f0 <.text+0x1030> (File Offset: 0x29f0) 36002660 	tbz	w0, #0, 0000000000002ebc <ferror@plt+0x152c> (File Offset: 0x2ebc)
00000000000029f4 <.text+0x1034> (File Offset: 0x29f4) b0000000 	adrp	x0, 0000000000003000 <ferror@plt+0x1670> (File Offset: 0x3000)
00000000000029f8 <.text+0x1038> (File Offset: 0x29f8) 91142000 	add	x0, x0, #0x508
00000000000029fc <.text+0x103c> (File Offset: 0x29fc) 97fffbc9 	bl	0000000000001920 <printf@plt> (File Offset: 0x1920)
0000000000002a00 <.text+0x1040> (File Offset: 0x2a00) 17ffff07 	b	000000000000261c <ferror@plt+0xc8c> (File Offset: 0x261c)
0000000000002a04 <.text+0x1044> (File Offset: 0x2a04) f9400665 	ldr	x5, [x19, #8]
0000000000002a08 <.text+0x1048> (File Offset: 0x2a08) 91010363 	add	x3, x27, #0x40
0000000000002a0c <.text+0x104c> (File Offset: 0x2a0c) 91012362 	add	x2, x27, #0x48
0000000000002a10 <.text+0x1050> (File Offset: 0x2a10) 91014361 	add	x1, x27, #0x50
0000000000002a14 <.text+0x1054> (File Offset: 0x2a14) aa1303e0 	orr	x0, xzr, x19
0000000000002a18 <.text+0x1058> (File Offset: 0x2a18) f94128a5 	ldr	x5, [x5, #592]
0000000000002a1c <.text+0x105c> (File Offset: 0x2a1c) d63f00a0 	blr	x5
0000000000002a20 <.text+0x1060> (File Offset: 0x2a20) 3900e360 	strb	w0, [x27, #56]
0000000000002a24 <.text+0x1064> (File Offset: 0x2a24) 3607e3e0 	tbz	w0, #0, 00000000000026a0 <ferror@plt+0xd10> (File Offset: 0x26a0)
0000000000002a28 <.text+0x1068> (File Offset: 0x2a28) 39403360 	ldrb	w0, [x27, #12]
0000000000002a2c <.text+0x106c> (File Offset: 0x2a2c) 3607e160 	tbz	w0, #0, 0000000000002658 <ferror@plt+0xcc8> (File Offset: 0x2658)
0000000000002a30 <.text+0x1070> (File Offset: 0x2a30) b0000001 	adrp	x1, 0000000000003000 <ferror@plt+0x1670> (File Offset: 0x3000)
0000000000002a34 <.text+0x1074> (File Offset: 0x2a34) 91156021 	add	x1, x1, #0x558
0000000000002a38 <.text+0x1078> (File Offset: 0x2a38) 528000a2 	movz	w2, #0x5
0000000000002a3c <.text+0x107c> (File Offset: 0x2a3c) d2800000 	movz	x0, #0x0
0000000000002a40 <.text+0x1080> (File Offset: 0x2a40) 97fffba8 	bl	00000000000018e0 <dcgettext@plt> (File Offset: 0x18e0)
0000000000002a44 <.text+0x1084> (File Offset: 0x2a44) 97fffbb7 	bl	0000000000001920 <printf@plt> (File Offset: 0x1920)
0000000000002a48 <.text+0x1088> (File Offset: 0x2a48) 17ffff03 	b	0000000000002654 <ferror@plt+0xcc4> (File Offset: 0x2654)
0000000000002a4c <.text+0x108c> (File Offset: 0x2a4c) f9400661 	ldr	x1, [x19, #8]
0000000000002a50 <.text+0x1090> (File Offset: 0x2a50) aa1303e0 	orr	x0, xzr, x19
0000000000002a54 <.text+0x1094> (File Offset: 0x2a54) f941a421 	ldr	x1, [x1, #840]
0000000000002a58 <.text+0x1098> (File Offset: 0x2a58) d63f0020 	blr	x1
0000000000002a5c <.text+0x109c> (File Offset: 0x2a5c) aa0003f6 	orr	x22, xzr, x0
0000000000002a60 <.text+0x10a0> (File Offset: 0x2a60) f100001f 	subs	xzr, x0, #0x0
0000000000002a64 <.text+0x10a4> (File Offset: 0x2a64) 54ffd60d 	b.le	0000000000002524 <ferror@plt+0xb94> (File Offset: 0x2524)
0000000000002a68 <.text+0x10a8> (File Offset: 0x2a68) f9401680 	ldr	x0, [x20, #40]
0000000000002a6c <.text+0x10ac> (File Offset: 0x2a6c) 97fffb79 	bl	0000000000001850 <free@plt> (File Offset: 0x1850)
0000000000002a70 <.text+0x10b0> (File Offset: 0x2a70) aa1603e0 	orr	x0, xzr, x22
0000000000002a74 <.text+0x10b4> (File Offset: 0x2a74) 97fffb37 	bl	0000000000001750 <xmalloc@plt> (File Offset: 0x1750)
0000000000002a78 <.text+0x10b8> (File Offset: 0x2a78) f9400662 	ldr	x2, [x19, #8]
0000000000002a7c <.text+0x10bc> (File Offset: 0x2a7c) aa0003e1 	orr	x1, xzr, x0
0000000000002a80 <.text+0x10c0> (File Offset: 0x2a80) aa1303e0 	orr	x0, xzr, x19
0000000000002a84 <.text+0x10c4> (File Offset: 0x2a84) f9001681 	str	x1, [x20, #40]
0000000000002a88 <.text+0x10c8> (File Offset: 0x2a88) f941a842 	ldr	x2, [x2, #848]
0000000000002a8c <.text+0x10cc> (File Offset: 0x2a8c) d63f0040 	blr	x2
0000000000002a90 <.text+0x10d0> (File Offset: 0x2a90) f9001280 	str	x0, [x20, #32]
0000000000002a94 <.text+0x10d4> (File Offset: 0x2a94) 17fffea4 	b	0000000000002524 <ferror@plt+0xb94> (File Offset: 0x2524)
0000000000002a98 <.text+0x10d8> (File Offset: 0x2a98) 528000a2 	movz	w2, #0x5
0000000000002a9c <.text+0x10dc> (File Offset: 0x2a9c) b0000001 	adrp	x1, 0000000000003000 <ferror@plt+0x1670> (File Offset: 0x3000)
0000000000002aa0 <.text+0x10e0> (File Offset: 0x2aa0) d2800000 	movz	x0, #0x0
0000000000002aa4 <.text+0x10e4> (File Offset: 0x2aa4) 91106021 	add	x1, x1, #0x418
0000000000002aa8 <.text+0x10e8> (File Offset: 0x2aa8) 97fffb8e 	bl	00000000000018e0 <dcgettext@plt> (File Offset: 0x18e0)
0000000000002aac <.text+0x10ec> (File Offset: 0x2aac) aa1603e1 	orr	x1, xzr, x22
0000000000002ab0 <.text+0x10f0> (File Offset: 0x2ab0) 97fffc24 	bl	0000000000001b40 <ferror@plt+0x1b0> (File Offset: 0x1b40)
0000000000002ab4 <.text+0x10f4> (File Offset: 0x2ab4) 52800020 	movz	w0, #0x1
0000000000002ab8 <.text+0x10f8> (File Offset: 0x2ab8) 17ffff0c 	b	00000000000026e8 <ferror@plt+0xd58> (File Offset: 0x26e8)
0000000000002abc <.text+0x10fc> (File Offset: 0x2abc) 97fffba1 	bl	0000000000001940 <__errno_location@plt> (File Offset: 0x1940)
0000000000002ac0 <.text+0x1100> (File Offset: 0x2ac0) aa0003f3 	orr	x19, xzr, x0
0000000000002ac4 <.text+0x1104> (File Offset: 0x2ac4) b9400000 	ldr	w0, [x0]
0000000000002ac8 <.text+0x1108> (File Offset: 0x2ac8) 7100081f 	subs	wzr, w0, #0x2
0000000000002acc <.text+0x110c> (File Offset: 0x2acc) 540003e0 	b.eq	0000000000002b48 <ferror@plt+0x11b8> (File Offset: 0x2b48)  // b.none
0000000000002ad0 <.text+0x1110> (File Offset: 0x2ad0) 528000a2 	movz	w2, #0x5
0000000000002ad4 <.text+0x1114> (File Offset: 0x2ad4) b0000001 	adrp	x1, 0000000000003000 <ferror@plt+0x1670> (File Offset: 0x3000)
0000000000002ad8 <.text+0x1118> (File Offset: 0x2ad8) d2800000 	movz	x0, #0x0
0000000000002adc <.text+0x111c> (File Offset: 0x2adc) 910fa021 	add	x1, x1, #0x3e8
0000000000002ae0 <.text+0x1120> (File Offset: 0x2ae0) 97fffb80 	bl	00000000000018e0 <dcgettext@plt> (File Offset: 0x18e0)
0000000000002ae4 <.text+0x1124> (File Offset: 0x2ae4) aa0003e1 	orr	x1, xzr, x0
0000000000002ae8 <.text+0x1128> (File Offset: 0x2ae8) b9400260 	ldr	w0, [x19]
0000000000002aec <.text+0x112c> (File Offset: 0x2aec) aa0103f3 	orr	x19, xzr, x1
0000000000002af0 <.text+0x1130> (File Offset: 0x2af0) 97fffb2c 	bl	00000000000017a0 <strerror@plt> (File Offset: 0x17a0)
0000000000002af4 <.text+0x1134> (File Offset: 0x2af4) aa0003e2 	orr	x2, xzr, x0
0000000000002af8 <.text+0x1138> (File Offset: 0x2af8) aa1603e1 	orr	x1, xzr, x22
0000000000002afc <.text+0x113c> (File Offset: 0x2afc) aa1303e0 	orr	x0, xzr, x19
0000000000002b00 <.text+0x1140> (File Offset: 0x2b00) 97fffc10 	bl	0000000000001b40 <ferror@plt+0x1b0> (File Offset: 0x1b40)
0000000000002b04 <.text+0x1144> (File Offset: 0x2b04) 52800020 	movz	w0, #0x1
0000000000002b08 <.text+0x1148> (File Offset: 0x2b08) 17fffef8 	b	00000000000026e8 <ferror@plt+0xd58> (File Offset: 0x26e8)
0000000000002b0c <.text+0x114c> (File Offset: 0x2b0c) b0000016 	adrp	x22, 0000000000003000 <ferror@plt+0x1670> (File Offset: 0x3000)
0000000000002b10 <.text+0x1150> (File Offset: 0x2b10) 9104e2d6 	add	x22, x22, #0x138
0000000000002b14 <.text+0x1154> (File Offset: 0x2b14) 17fffe3f 	b	0000000000002410 <ferror@plt+0xa80> (File Offset: 0x2410)
0000000000002b18 <.text+0x1158> (File Offset: 0x2b18) b0000001 	adrp	x1, 0000000000003000 <ferror@plt+0x1670> (File Offset: 0x3000)
0000000000002b1c <.text+0x115c> (File Offset: 0x2b1c) 9108a021 	add	x1, x1, #0x228
0000000000002b20 <.text+0x1160> (File Offset: 0x2b20) 528000a2 	movz	w2, #0x5
0000000000002b24 <.text+0x1164> (File Offset: 0x2b24) d2800000 	movz	x0, #0x0
0000000000002b28 <.text+0x1168> (File Offset: 0x2b28) 97fffb6e 	bl	00000000000018e0 <dcgettext@plt> (File Offset: 0x18e0)
0000000000002b2c <.text+0x116c> (File Offset: 0x2b2c) aa0003f4 	orr	x20, xzr, x0
0000000000002b30 <.text+0x1170> (File Offset: 0x2b30) 97fffb04 	bl	0000000000001740 <bfd_get_error@plt> (File Offset: 0x1740)
0000000000002b34 <.text+0x1174> (File Offset: 0x2b34) 97fffb67 	bl	00000000000018d0 <bfd_errmsg@plt> (File Offset: 0x18d0)
0000000000002b38 <.text+0x1178> (File Offset: 0x2b38) aa0003e2 	orr	x2, xzr, x0
0000000000002b3c <.text+0x117c> (File Offset: 0x2b3c) aa1303e1 	orr	x1, xzr, x19
0000000000002b40 <.text+0x1180> (File Offset: 0x2b40) aa1403e0 	orr	x0, xzr, x20
0000000000002b44 <.text+0x1184> (File Offset: 0x2b44) 97fffc57 	bl	0000000000001ca0 <ferror@plt+0x310> (File Offset: 0x1ca0)
0000000000002b48 <.text+0x1188> (File Offset: 0x2b48) 528000a2 	movz	w2, #0x5
0000000000002b4c <.text+0x118c> (File Offset: 0x2b4c) b0000001 	adrp	x1, 0000000000003000 <ferror@plt+0x1670> (File Offset: 0x3000)
0000000000002b50 <.text+0x1190> (File Offset: 0x2b50) d2800000 	movz	x0, #0x0
0000000000002b54 <.text+0x1194> (File Offset: 0x2b54) 910f4021 	add	x1, x1, #0x3d0
0000000000002b58 <.text+0x1198> (File Offset: 0x2b58) 97fffb62 	bl	00000000000018e0 <dcgettext@plt> (File Offset: 0x18e0)
0000000000002b5c <.text+0x119c> (File Offset: 0x2b5c) aa1603e1 	orr	x1, xzr, x22
0000000000002b60 <.text+0x11a0> (File Offset: 0x2b60) 97fffbf8 	bl	0000000000001b40 <ferror@plt+0x1b0> (File Offset: 0x1b40)
0000000000002b64 <.text+0x11a4> (File Offset: 0x2b64) 52800020 	movz	w0, #0x1
0000000000002b68 <.text+0x11a8> (File Offset: 0x2b68) 17fffee0 	b	00000000000026e8 <ferror@plt+0xd58> (File Offset: 0x26e8)
0000000000002b6c <.text+0x11ac> (File Offset: 0x2b6c) f9400661 	ldr	x1, [x19, #8]
0000000000002b70 <.text+0x11b0> (File Offset: 0x2b70) aa1303e0 	orr	x0, xzr, x19
0000000000002b74 <.text+0x11b4> (File Offset: 0x2b74) f941a421 	ldr	x1, [x1, #840]
0000000000002b78 <.text+0x11b8> (File Offset: 0x2b78) d63f0020 	blr	x1
0000000000002b7c <.text+0x11bc> (File Offset: 0x2b7c) b7f819a0 	tbnz	x0, #63, 0000000000002eb0 <ferror@plt+0x1520> (File Offset: 0x2eb0)
0000000000002b80 <.text+0x11c0> (File Offset: 0x2b80) 97fffaf4 	bl	0000000000001750 <xmalloc@plt> (File Offset: 0x1750)
0000000000002b84 <.text+0x11c4> (File Offset: 0x2b84) f9400662 	ldr	x2, [x19, #8]
0000000000002b88 <.text+0x11c8> (File Offset: 0x2b88) d00000e1 	adrp	x1, 0000000000020000 <ferror@plt+0x1e670> (File Offset: 0x20000)
0000000000002b8c <.text+0x11cc> (File Offset: 0x2b8c) 910fc036 	add	x22, x1, #0x3f0
0000000000002b90 <.text+0x11d0> (File Offset: 0x2b90) aa0003e1 	orr	x1, xzr, x0
0000000000002b94 <.text+0x11d4> (File Offset: 0x2b94) aa1303e0 	orr	x0, xzr, x19
0000000000002b98 <.text+0x11d8> (File Offset: 0x2b98) f941a842 	ldr	x2, [x2, #848]
0000000000002b9c <.text+0x11dc> (File Offset: 0x2b9c) f90016c1 	str	x1, [x22, #40]
0000000000002ba0 <.text+0x11e0> (File Offset: 0x2ba0) d63f0040 	blr	x2
0000000000002ba4 <.text+0x11e4> (File Offset: 0x2ba4) f90012c0 	str	x0, [x22, #32]
0000000000002ba8 <.text+0x11e8> (File Offset: 0x2ba8) b6ffcbe0 	tbz	x0, #63, 0000000000002524 <ferror@plt+0xb94> (File Offset: 0x2524)
0000000000002bac <.text+0x11ec> (File Offset: 0x2bac) 2a1403f7 	orr	w23, wzr, w20
0000000000002bb0 <.text+0x11f0> (File Offset: 0x2bb0) f9400260 	ldr	x0, [x19]
0000000000002bb4 <.text+0x11f4> (File Offset: 0x2bb4) 94000133 	bl	0000000000003080 <ferror@plt+0x16f0> (File Offset: 0x3080)
0000000000002bb8 <.text+0x11f8> (File Offset: 0x2bb8) 17fffe55 	b	000000000000250c <ferror@plt+0xb7c> (File Offset: 0x250c)
0000000000002bbc <.text+0x11fc> (File Offset: 0x2bbc) aa1503e1 	orr	x1, xzr, x21
0000000000002bc0 <.text+0x1200> (File Offset: 0x2bc0) aa1303e0 	orr	x0, xzr, x19
0000000000002bc4 <.text+0x1204> (File Offset: 0x2bc4) 97fffaef 	bl	0000000000001780 <bfd_get_section_by_name@plt> (File Offset: 0x1780)
0000000000002bc8 <.text+0x1208> (File Offset: 0x2bc8) b40005e0 	cbz	x0, 0000000000002c84 <ferror@plt+0x12f4> (File Offset: 0x2c84)
0000000000002bcc <.text+0x120c> (File Offset: 0x2bcc) aa0003f5 	orr	x21, xzr, x0
0000000000002bd0 <.text+0x1210> (File Offset: 0x2bd0) 17fffe3b 	b	00000000000024bc <ferror@plt+0xb2c> (File Offset: 0x24bc)
0000000000002bd4 <.text+0x1214> (File Offset: 0x2bd4) f9400260 	ldr	x0, [x19]
0000000000002bd8 <.text+0x1218> (File Offset: 0x2bd8) 9400012a 	bl	0000000000003080 <ferror@plt+0x16f0> (File Offset: 0x3080)
0000000000002bdc <.text+0x121c> (File Offset: 0x2bdc) 97fffad9 	bl	0000000000001740 <bfd_get_error@plt> (File Offset: 0x1740)
0000000000002be0 <.text+0x1220> (File Offset: 0x2be0) 7100341f 	subs	wzr, w0, #0xd
0000000000002be4 <.text+0x1224> (File Offset: 0x2be4) 54000481 	b.ne	0000000000002c74 <ferror@plt+0x12e4> (File Offset: 0x2c74)  // b.any
0000000000002be8 <.text+0x1228> (File Offset: 0x2be8) b00000e0 	adrp	x0, 000000000001f000 <ferror@plt+0x1d670> (File Offset: 0x1f000)
0000000000002bec <.text+0x122c> (File Offset: 0x2bec) f947dc00 	ldr	x0, [x0, #4024]
0000000000002bf0 <.text+0x1230> (File Offset: 0x2bf0) b00000f4 	adrp	x20, 000000000001f000 <ferror@plt+0x1d670> (File Offset: 0x1f000)
0000000000002bf4 <.text+0x1234> (File Offset: 0x2bf4) f947ce94 	ldr	x20, [x20, #3992]
0000000000002bf8 <.text+0x1238> (File Offset: 0x2bf8) f9400000 	ldr	x0, [x0]
0000000000002bfc <.text+0x123c> (File Offset: 0x2bfc) f9406ff7 	ldr	x23, [sp, #216]
0000000000002c00 <.text+0x1240> (File Offset: 0x2c00) 97fffb24 	bl	0000000000001890 <fflush@plt> (File Offset: 0x1890)
0000000000002c04 <.text+0x1244> (File Offset: 0x2c04) f9400295 	ldr	x21, [x20]
0000000000002c08 <.text+0x1248> (File Offset: 0x2c08) 528000a2 	movz	w2, #0x5
0000000000002c0c <.text+0x124c> (File Offset: 0x2c0c) b0000001 	adrp	x1, 0000000000003000 <ferror@plt+0x1670> (File Offset: 0x3000)
0000000000002c10 <.text+0x1250> (File Offset: 0x2c10) d2800000 	movz	x0, #0x0
0000000000002c14 <.text+0x1254> (File Offset: 0x2c14) 91132021 	add	x1, x1, #0x4c8
0000000000002c18 <.text+0x1258> (File Offset: 0x2c18) 97fffb32 	bl	00000000000018e0 <dcgettext@plt> (File Offset: 0x18e0)
0000000000002c1c <.text+0x125c> (File Offset: 0x2c1c) d00000e2 	adrp	x2, 0000000000020000 <ferror@plt+0x1e670> (File Offset: 0x20000)
0000000000002c20 <.text+0x1260> (File Offset: 0x2c20) aa0003e1 	orr	x1, xzr, x0
0000000000002c24 <.text+0x1264> (File Offset: 0x2c24) aa1703f6 	orr	x22, xzr, x23
0000000000002c28 <.text+0x1268> (File Offset: 0x2c28) aa1503e0 	orr	x0, xzr, x21
0000000000002c2c <.text+0x126c> (File Offset: 0x2c2c) f941f842 	ldr	x2, [x2, #1008]
0000000000002c30 <.text+0x1270> (File Offset: 0x2c30) b0000015 	adrp	x21, 0000000000003000 <ferror@plt+0x1670> (File Offset: 0x3000)
0000000000002c34 <.text+0x1274> (File Offset: 0x2c34) 911042b5 	add	x21, x21, #0x410
0000000000002c38 <.text+0x1278> (File Offset: 0x2c38) 97fffb4a 	bl	0000000000001960 <fprintf@plt> (File Offset: 0x1960)
0000000000002c3c <.text+0x127c> (File Offset: 0x2c3c) f94002c2 	ldr	x2, [x22]
0000000000002c40 <.text+0x1280> (File Offset: 0x2c40) b4000e62 	cbz	x2, 0000000000002e0c <ferror@plt+0x147c> (File Offset: 0x2e0c)
0000000000002c44 <.text+0x1284> (File Offset: 0x2c44) f9400280 	ldr	x0, [x20]
0000000000002c48 <.text+0x1288> (File Offset: 0x2c48) 910022d6 	add	x22, x22, #0x8
0000000000002c4c <.text+0x128c> (File Offset: 0x2c4c) aa1503e1 	orr	x1, xzr, x21
0000000000002c50 <.text+0x1290> (File Offset: 0x2c50) 97fffb44 	bl	0000000000001960 <fprintf@plt> (File Offset: 0x1960)
0000000000002c54 <.text+0x1294> (File Offset: 0x2c54) 17fffffa 	b	0000000000002c3c <ferror@plt+0x12ac> (File Offset: 0x2c3c)
0000000000002c58 <.text+0x1298> (File Offset: 0x2c58) 528000a2 	movz	w2, #0x5
0000000000002c5c <.text+0x129c> (File Offset: 0x2c5c) b0000001 	adrp	x1, 0000000000003000 <ferror@plt+0x1670> (File Offset: 0x3000)
0000000000002c60 <.text+0x12a0> (File Offset: 0x2c60) d2800000 	movz	x0, #0x0
0000000000002c64 <.text+0x12a4> (File Offset: 0x2c64) 91128021 	add	x1, x1, #0x4a0
0000000000002c68 <.text+0x12a8> (File Offset: 0x2c68) 97fffb1e 	bl	00000000000018e0 <dcgettext@plt> (File Offset: 0x18e0)
0000000000002c6c <.text+0x12ac> (File Offset: 0x2c6c) aa1603e1 	orr	x1, xzr, x22
0000000000002c70 <.text+0x12b0> (File Offset: 0x2c70) 97fffbb4 	bl	0000000000001b40 <ferror@plt+0x1b0> (File Offset: 0x1b40)
0000000000002c74 <.text+0x12b4> (File Offset: 0x2c74) aa1303e0 	orr	x0, xzr, x19
0000000000002c78 <.text+0x12b8> (File Offset: 0x2c78) 97fffb0e 	bl	00000000000018b0 <bfd_close@plt> (File Offset: 0x18b0)
0000000000002c7c <.text+0x12bc> (File Offset: 0x2c7c) 52800020 	movz	w0, #0x1
0000000000002c80 <.text+0x12c0> (File Offset: 0x2c80) 17fffe9a 	b	00000000000026e8 <ferror@plt+0xd58> (File Offset: 0x26e8)
0000000000002c84 <.text+0x12c4> (File Offset: 0x2c84) 528000a2 	movz	w2, #0x5
0000000000002c88 <.text+0x12c8> (File Offset: 0x2c88) b0000001 	adrp	x1, 0000000000003000 <ferror@plt+0x1670> (File Offset: 0x3000)
0000000000002c8c <.text+0x12cc> (File Offset: 0x2c8c) 91138021 	add	x1, x1, #0x4e0
0000000000002c90 <.text+0x12d0> (File Offset: 0x2c90) 97fffb14 	bl	00000000000018e0 <dcgettext@plt> (File Offset: 0x18e0)
0000000000002c94 <.text+0x12d4> (File Offset: 0x2c94) aa1503e2 	orr	x2, xzr, x21
0000000000002c98 <.text+0x12d8> (File Offset: 0x2c98) aa1603e1 	orr	x1, xzr, x22
0000000000002c9c <.text+0x12dc> (File Offset: 0x2c9c) 97fffba9 	bl	0000000000001b40 <ferror@plt+0x1b0> (File Offset: 0x1b40)
0000000000002ca0 <.text+0x12e0> (File Offset: 0x2ca0) aa1303e0 	orr	x0, xzr, x19
0000000000002ca4 <.text+0x12e4> (File Offset: 0x2ca4) 97fffb03 	bl	00000000000018b0 <bfd_close@plt> (File Offset: 0x18b0)
0000000000002ca8 <.text+0x12e8> (File Offset: 0x2ca8) 52800020 	movz	w0, #0x1
0000000000002cac <.text+0x12ec> (File Offset: 0x2cac) 17fffe8f 	b	00000000000026e8 <ferror@plt+0xd58> (File Offset: 0x26e8)
0000000000002cb0 <.text+0x12f0> (File Offset: 0x2cb0) aa1603e0 	orr	x0, xzr, x22
0000000000002cb4 <.text+0x12f4> (File Offset: 0x2cb4) 940000f3 	bl	0000000000003080 <ferror@plt+0x16f0> (File Offset: 0x3080)
0000000000002cb8 <.text+0x12f8> (File Offset: 0x2cb8) 52800020 	movz	w0, #0x1
0000000000002cbc <.text+0x12fc> (File Offset: 0x2cbc) 97fffaf9 	bl	00000000000018a0 <xexit@plt> (File Offset: 0x18a0)
0000000000002cc0 <.text+0x1300> (File Offset: 0x2cc0) 91000463 	add	x3, x3, #0x1
0000000000002cc4 <.text+0x1304> (File Offset: 0x2cc4) 17fffe31 	b	0000000000002588 <ferror@plt+0xbf8> (File Offset: 0x2588)
0000000000002cc8 <.text+0x1308> (File Offset: 0x2cc8) 34ffc6a2 	cbz	w2, 000000000000259c <ferror@plt+0xc0c> (File Offset: 0x259c)
0000000000002ccc <.text+0x130c> (File Offset: 0x2ccc) b00000e0 	adrp	x0, 000000000001f000 <ferror@plt+0x1d670> (File Offset: 0x1f000)
0000000000002cd0 <.text+0x1310> (File Offset: 0x2cd0) f947f000 	ldr	x0, [x0, #4064]
0000000000002cd4 <.text+0x1314> (File Offset: 0x2cd4) 38616800 	ldrb	w0, [x0, x1]
0000000000002cd8 <.text+0x1318> (File Offset: 0x2cd8) 51010400 	sub	w0, w0, #0x41
0000000000002cdc <.text+0x131c> (File Offset: 0x2cdc) 12001c00 	and	w0, w0, #0xff
0000000000002ce0 <.text+0x1320> (File Offset: 0x2ce0) 7100141f 	subs	wzr, w0, #0x5
0000000000002ce4 <.text+0x1324> (File Offset: 0x2ce4) 54000368 	b.hi	0000000000002d50 <ferror@plt+0x13c0> (File Offset: 0x2d50)  // b.pmore
0000000000002ce8 <.text+0x1328> (File Offset: 0x2ce8) aa0303e0 	orr	x0, xzr, x3
0000000000002cec <.text+0x132c> (File Offset: 0x2cec) 52800561 	movz	w1, #0x2b
0000000000002cf0 <.text+0x1330> (File Offset: 0x2cf0) f90037e3 	str	x3, [sp, #104]
0000000000002cf4 <.text+0x1334> (File Offset: 0x2cf4) 97fffadb 	bl	0000000000001860 <strchr@plt> (File Offset: 0x1860)
0000000000002cf8 <.text+0x1338> (File Offset: 0x2cf8) b4ffc520 	cbz	x0, 000000000000259c <ferror@plt+0xc0c> (File Offset: 0x259c)
0000000000002cfc <.text+0x133c> (File Offset: 0x2cfc) f94037e3 	ldr	x3, [sp, #104]
0000000000002d00 <.text+0x1340> (File Offset: 0x2d00) aa0303fa 	orr	x26, xzr, x3
0000000000002d04 <.text+0x1344> (File Offset: 0x2d04) 39400340 	ldrb	w0, [x26]
0000000000002d08 <.text+0x1348> (File Offset: 0x2d08) 39400341 	ldrb	w1, [x26]
0000000000002d0c <.text+0x134c> (File Offset: 0x2d0c) 78607ae0 	ldrh	w0, [x23, x0, lsl #1]
0000000000002d10 <.text+0x1350> (File Offset: 0x2d10) 121a0000 	and	w0, w0, #0x40
0000000000002d14 <.text+0x1354> (File Offset: 0x2d14) 34000221 	cbz	w1, 0000000000002d58 <ferror@plt+0x13c8> (File Offset: 0x2d58)
0000000000002d18 <.text+0x1358> (File Offset: 0x2d18) 7100ac3f 	subs	wzr, w1, #0x2b
0000000000002d1c <.text+0x135c> (File Offset: 0x2d1c) 7a401800 	ccmp	w0, #0x0, #0x0, ne	// ne = any
0000000000002d20 <.text+0x1360> (File Offset: 0x2d20) 540001c1 	b.ne	0000000000002d58 <ferror@plt+0x13c8> (File Offset: 0x2d58)  // b.any
0000000000002d24 <.text+0x1364> (File Offset: 0x2d24) 9100075a 	add	x26, x26, #0x1
0000000000002d28 <.text+0x1368> (File Offset: 0x2d28) 17fffff7 	b	0000000000002d04 <ferror@plt+0x1374> (File Offset: 0x2d04)
0000000000002d2c <.text+0x136c> (File Offset: 0x2d2c) aa1803f9 	orr	x25, xzr, x24
0000000000002d30 <.text+0x1370> (File Offset: 0x2d30) 17fffe15 	b	0000000000002584 <ferror@plt+0xbf4> (File Offset: 0x2584)
0000000000002d34 <.text+0x1374> (File Offset: 0x2d34) b0000001 	adrp	x1, 0000000000003000 <ferror@plt+0x1670> (File Offset: 0x3000)
0000000000002d38 <.text+0x1378> (File Offset: 0x2d38) 528000a2 	movz	w2, #0x5
0000000000002d3c <.text+0x137c> (File Offset: 0x2d3c) 91096021 	add	x1, x1, #0x258
0000000000002d40 <.text+0x1380> (File Offset: 0x2d40) d2800000 	movz	x0, #0x0
0000000000002d44 <.text+0x1384> (File Offset: 0x2d44) 97fffae7 	bl	00000000000018e0 <dcgettext@plt> (File Offset: 0x18e0)
0000000000002d48 <.text+0x1388> (File Offset: 0x2d48) f9400361 	ldr	x1, [x27]
0000000000002d4c <.text+0x138c> (File Offset: 0x2d4c) 97fffbd5 	bl	0000000000001ca0 <ferror@plt+0x310> (File Offset: 0x1ca0)
0000000000002d50 <.text+0x1390> (File Offset: 0x2d50) aa0303fa 	orr	x26, xzr, x3
0000000000002d54 <.text+0x1394> (File Offset: 0x2d54) 17ffffec 	b	0000000000002d04 <ferror@plt+0x1374> (File Offset: 0x2d04)
0000000000002d58 <.text+0x1398> (File Offset: 0x2d58) aa1a03e0 	orr	x0, xzr, x26
0000000000002d5c <.text+0x139c> (File Offset: 0x2d5c) 39400002 	ldrb	w2, [x0]
0000000000002d60 <.text+0x13a0> (File Offset: 0x2d60) 39400001 	ldrb	w1, [x0]
0000000000002d64 <.text+0x13a4> (File Offset: 0x2d64) 78627ae2 	ldrh	w2, [x23, x2, lsl #1]
0000000000002d68 <.text+0x13a8> (File Offset: 0x2d68) 36300062 	tbz	w2, #6, 0000000000002d74 <ferror@plt+0x13e4> (File Offset: 0x2d74)
0000000000002d6c <.text+0x13ac> (File Offset: 0x2d6c) 91000400 	add	x0, x0, #0x1
0000000000002d70 <.text+0x13b0> (File Offset: 0x2d70) 17fffffb 	b	0000000000002d5c <ferror@plt+0x13cc> (File Offset: 0x2d5c)
0000000000002d74 <.text+0x13b4> (File Offset: 0x2d74) 7100ac3f 	subs	wzr, w1, #0x2b
0000000000002d78 <.text+0x13b8> (File Offset: 0x2d78) 54000280 	b.eq	0000000000002dc8 <ferror@plt+0x1438> (File Offset: 0x2dc8)  // b.none
0000000000002d7c <.text+0x13bc> (File Offset: 0x2d7c) d2800019 	movz	x25, #0x0
0000000000002d80 <.text+0x13c0> (File Offset: 0x2d80) d00000e0 	adrp	x0, 0000000000020000 <ferror@plt+0x1e670> (File Offset: 0x20000)
0000000000002d84 <.text+0x13c4> (File Offset: 0x2d84) 910fc000 	add	x0, x0, #0x3f0
0000000000002d88 <.text+0x13c8> (File Offset: 0x2d88) 3900035f 	strb	wzr, [x26]
0000000000002d8c <.text+0x13cc> (File Offset: 0x2d8c) d280001b 	movz	x27, #0x0
0000000000002d90 <.text+0x13d0> (File Offset: 0x2d90) a9420804 	ldp	x4, x2, [x0, #32]
0000000000002d94 <.text+0x13d4> (File Offset: 0x2d94) eb04037f 	subs	xzr, x27, x4
0000000000002d98 <.text+0x13d8> (File Offset: 0x2d98) 54000e8a 	b.ge	0000000000002f68 <ferror@plt+0x15d8> (File Offset: 0x2f68)  // b.tcont
0000000000002d9c <.text+0x13dc> (File Offset: 0x2d9c) f87b785a 	ldr	x26, [x2, x27, lsl #3]
0000000000002da0 <.text+0x13e0> (File Offset: 0x2da0) aa0303e1 	orr	x1, xzr, x3
0000000000002da4 <.text+0x13e4> (File Offset: 0x2da4) f9003fe4 	str	x4, [sp, #120]
0000000000002da8 <.text+0x13e8> (File Offset: 0x2da8) f9400740 	ldr	x0, [x26, #8]
0000000000002dac <.text+0x13ec> (File Offset: 0x2dac) a9068be3 	stp	x3, x2, [sp, #104]
0000000000002db0 <.text+0x13f0> (File Offset: 0x2db0) 97fffaa0 	bl	0000000000001830 <strcmp@plt> (File Offset: 0x1830)
0000000000002db4 <.text+0x13f4> (File Offset: 0x2db4) f9403fe4 	ldr	x4, [sp, #120]
0000000000002db8 <.text+0x13f8> (File Offset: 0x2db8) a9468be3 	ldp	x3, x2, [sp, #104]
0000000000002dbc <.text+0x13fc> (File Offset: 0x2dbc) 34001180 	cbz	w0, 0000000000002fec <ferror@plt+0x165c> (File Offset: 0x2fec)
0000000000002dc0 <.text+0x1400> (File Offset: 0x2dc0) 9100077b 	add	x27, x27, #0x1
0000000000002dc4 <.text+0x1404> (File Offset: 0x2dc4) 17fffff4 	b	0000000000002d94 <ferror@plt+0x1404> (File Offset: 0x2d94)
0000000000002dc8 <.text+0x1408> (File Offset: 0x2dc8) 91000400 	add	x0, x0, #0x1
0000000000002dcc <.text+0x140c> (File Offset: 0x2dcc) 52800002 	movz	w2, #0x0
0000000000002dd0 <.text+0x1410> (File Offset: 0x2dd0) d2800001 	movz	x1, #0x0
0000000000002dd4 <.text+0x1414> (File Offset: 0x2dd4) f90037e3 	str	x3, [sp, #104]
0000000000002dd8 <.text+0x1418> (File Offset: 0x2dd8) 97fffa12 	bl	0000000000001620 <__isoc23_strtoul@plt> (File Offset: 0x1620)
0000000000002ddc <.text+0x141c> (File Offset: 0x2ddc) aa0003f9 	orr	x25, xzr, x0
0000000000002de0 <.text+0x1420> (File Offset: 0x2de0) f94037e3 	ldr	x3, [sp, #104]
0000000000002de4 <.text+0x1424> (File Offset: 0x2de4) 17ffffe7 	b	0000000000002d80 <ferror@plt+0x13f0> (File Offset: 0x2d80)
0000000000002de8 <.text+0x1428> (File Offset: 0x2de8) 528000a2 	movz	w2, #0x5
0000000000002dec <.text+0x142c> (File Offset: 0x2dec) b0000001 	adrp	x1, 0000000000003000 <ferror@plt+0x1670> (File Offset: 0x3000)
0000000000002df0 <.text+0x1430> (File Offset: 0x2df0) d2800000 	movz	x0, #0x0
0000000000002df4 <.text+0x1434> (File Offset: 0x2df4) 91118021 	add	x1, x1, #0x460
0000000000002df8 <.text+0x1438> (File Offset: 0x2df8) 97fffaba 	bl	00000000000018e0 <dcgettext@plt> (File Offset: 0x18e0)
0000000000002dfc <.text+0x143c> (File Offset: 0x2dfc) aa1603e1 	orr	x1, xzr, x22
0000000000002e00 <.text+0x1440> (File Offset: 0x2e00) 97fffb50 	bl	0000000000001b40 <ferror@plt+0x1b0> (File Offset: 0x1b40)
0000000000002e04 <.text+0x1444> (File Offset: 0x2e04) 52800020 	movz	w0, #0x1
0000000000002e08 <.text+0x1448> (File Offset: 0x2e08) 17fffe38 	b	00000000000026e8 <ferror@plt+0xd58> (File Offset: 0x26e8)
0000000000002e0c <.text+0x144c> (File Offset: 0x2e0c) aa1703e0 	orr	x0, xzr, x23
0000000000002e10 <.text+0x1450> (File Offset: 0x2e10) 97fffa90 	bl	0000000000001850 <free@plt> (File Offset: 0x1850)
0000000000002e14 <.text+0x1454> (File Offset: 0x2e14) f9400281 	ldr	x1, [x20]
0000000000002e18 <.text+0x1458> (File Offset: 0x2e18) 52800140 	movz	w0, #0xa
0000000000002e1c <.text+0x145c> (File Offset: 0x2e1c) 97fffa29 	bl	00000000000016c0 <fputc@plt> (File Offset: 0x16c0)
0000000000002e20 <.text+0x1460> (File Offset: 0x2e20) 17ffff95 	b	0000000000002c74 <ferror@plt+0x12e4> (File Offset: 0x2c74)
0000000000002e24 <.text+0x1464> (File Offset: 0x2e24) 528000a2 	movz	w2, #0x5
0000000000002e28 <.text+0x1468> (File Offset: 0x2e28) b0000001 	adrp	x1, 0000000000003000 <ferror@plt+0x1670> (File Offset: 0x3000)
0000000000002e2c <.text+0x146c> (File Offset: 0x2e2c) d2800000 	movz	x0, #0x0
0000000000002e30 <.text+0x1470> (File Offset: 0x2e30) 9110e021 	add	x1, x1, #0x438
0000000000002e34 <.text+0x1474> (File Offset: 0x2e34) 97fffaab 	bl	00000000000018e0 <dcgettext@plt> (File Offset: 0x18e0)
0000000000002e38 <.text+0x1478> (File Offset: 0x2e38) aa1603e1 	orr	x1, xzr, x22
0000000000002e3c <.text+0x147c> (File Offset: 0x2e3c) 97fffb41 	bl	0000000000001b40 <ferror@plt+0x1b0> (File Offset: 0x1b40)
0000000000002e40 <.text+0x1480> (File Offset: 0x2e40) 52800020 	movz	w0, #0x1
0000000000002e44 <.text+0x1484> (File Offset: 0x2e44) 17fffe29 	b	00000000000026e8 <ferror@plt+0xd58> (File Offset: 0x26e8)
0000000000002e48 <.text+0x1488> (File Offset: 0x2e48) d00000e0 	adrp	x0, 0000000000020000 <ferror@plt+0x1e670> (File Offset: 0x20000)
0000000000002e4c <.text+0x148c> (File Offset: 0x2e4c) 910fc000 	add	x0, x0, #0x3f0
0000000000002e50 <.text+0x1490> (File Offset: 0x2e50) 52800021 	movz	w1, #0x1
0000000000002e54 <.text+0x1494> (File Offset: 0x2e54) 39003401 	strb	w1, [x0, #13]
0000000000002e58 <.text+0x1498> (File Offset: 0x2e58) 17fffd1a 	b	00000000000022c0 <ferror@plt+0x930> (File Offset: 0x22c0)
0000000000002e5c <.text+0x149c> (File Offset: 0x2e5c) b0000002 	adrp	x2, 0000000000003000 <ferror@plt+0x1670> (File Offset: 0x3000)
0000000000002e60 <.text+0x14a0> (File Offset: 0x2e60) 91050042 	add	x2, x2, #0x140
0000000000002e64 <.text+0x14a4> (File Offset: 0x2e64) 17fffe03 	b	0000000000002670 <ferror@plt+0xce0> (File Offset: 0x2670)
0000000000002e68 <.text+0x14a8> (File Offset: 0x2e68) b00000e0 	adrp	x0, 000000000001f000 <ferror@plt+0x1d670> (File Offset: 0x1f000)
0000000000002e6c <.text+0x14ac> (File Offset: 0x2e6c) f947d000 	ldr	x0, [x0, #4000]
0000000000002e70 <.text+0x14b0> (File Offset: 0x2e70) f9400019 	ldr	x25, [x0]
0000000000002e74 <.text+0x14b4> (File Offset: 0x2e74) 17fffd13 	b	00000000000022c0 <ferror@plt+0x930> (File Offset: 0x22c0)
0000000000002e78 <.text+0x14b8> (File Offset: 0x2e78) d00000e1 	adrp	x1, 0000000000020000 <ferror@plt+0x1e670> (File Offset: 0x20000)
0000000000002e7c <.text+0x14bc> (File Offset: 0x2e7c) b941e020 	ldr	w0, [x1, #480]
0000000000002e80 <.text+0x14c0> (File Offset: 0x2e80) 320e0000 	orr	w0, w0, #0x40000
0000000000002e84 <.text+0x14c4> (File Offset: 0x2e84) b901e020 	str	w0, [x1, #480]
0000000000002e88 <.text+0x14c8> (File Offset: 0x2e88) 17fffd0e 	b	00000000000022c0 <ferror@plt+0x930> (File Offset: 0x22c0)
0000000000002e8c <.text+0x14cc> (File Offset: 0x2e8c) d00000e0 	adrp	x0, 0000000000020000 <ferror@plt+0x1e670> (File Offset: 0x20000)
0000000000002e90 <.text+0x14d0> (File Offset: 0x2e90) 910fc000 	add	x0, x0, #0x3f0
0000000000002e94 <.text+0x14d4> (File Offset: 0x2e94) 52800021 	movz	w1, #0x1
0000000000002e98 <.text+0x14d8> (File Offset: 0x2e98) 39003001 	strb	w1, [x0, #12]
0000000000002e9c <.text+0x14dc> (File Offset: 0x2e9c) 17fffd09 	b	00000000000022c0 <ferror@plt+0x930> (File Offset: 0x22c0)
0000000000002ea0 <.text+0x14e0> (File Offset: 0x2ea0) b00000e0 	adrp	x0, 000000000001f000 <ferror@plt+0x1d670> (File Offset: 0x1f000)
0000000000002ea4 <.text+0x14e4> (File Offset: 0x2ea4) f947d000 	ldr	x0, [x0, #4000]
0000000000002ea8 <.text+0x14e8> (File Offset: 0x2ea8) f9400015 	ldr	x21, [x0]
0000000000002eac <.text+0x14ec> (File Offset: 0x2eac) 17fffd05 	b	00000000000022c0 <ferror@plt+0x930> (File Offset: 0x22c0)
0000000000002eb0 <.text+0x14f0> (File Offset: 0x2eb0) f9400260 	ldr	x0, [x19]
0000000000002eb4 <.text+0x14f4> (File Offset: 0x2eb4) 94000073 	bl	0000000000003080 <ferror@plt+0x16f0> (File Offset: 0x3080)
0000000000002eb8 <.text+0x14f8> (File Offset: 0x2eb8) 17fffda0 	b	0000000000002538 <ferror@plt+0xba8> (File Offset: 0x2538)
0000000000002ebc <.text+0x14fc> (File Offset: 0x2ebc) 52800140 	movz	w0, #0xa
0000000000002ec0 <.text+0x1500> (File Offset: 0x2ec0) 97fffaa4 	bl	0000000000001950 <putchar@plt> (File Offset: 0x1950)
0000000000002ec4 <.text+0x1504> (File Offset: 0x2ec4) 17fffdd6 	b	000000000000261c <ferror@plt+0xc8c> (File Offset: 0x261c)
0000000000002ec8 <.text+0x1508> (File Offset: 0x2ec8) b0000001 	adrp	x1, 0000000000003000 <ferror@plt+0x1670> (File Offset: 0x3000)
0000000000002ecc <.text+0x150c> (File Offset: 0x2ecc) 91050021 	add	x1, x1, #0x140
0000000000002ed0 <.text+0x1510> (File Offset: 0x2ed0) f90037ff 	str	xzr, [sp, #104]
0000000000002ed4 <.text+0x1514> (File Offset: 0x2ed4) 17fffe37 	b	00000000000027b0 <ferror@plt+0xe20> (File Offset: 0x27b0)
0000000000002ed8 <.text+0x1518> (File Offset: 0x2ed8) b0000001 	adrp	x1, 0000000000003000 <ferror@plt+0x1670> (File Offset: 0x3000)
0000000000002edc <.text+0x151c> (File Offset: 0x2edc) 91050021 	add	x1, x1, #0x140
0000000000002ee0 <.text+0x1520> (File Offset: 0x2ee0) f90037ff 	str	xzr, [sp, #104]
0000000000002ee4 <.text+0x1524> (File Offset: 0x2ee4) 17fffe33 	b	00000000000027b0 <ferror@plt+0xe20> (File Offset: 0x27b0)
0000000000002ee8 <.text+0x1528> (File Offset: 0x2ee8) d00000e2 	adrp	x2, 0000000000020000 <ferror@plt+0x1e670> (File Offset: 0x20000)
0000000000002eec <.text+0x152c> (File Offset: 0x2eec) aa1303e0 	orr	x0, xzr, x19
0000000000002ef0 <.text+0x1530> (File Offset: 0x2ef0) f9003be1 	str	x1, [sp, #112]
0000000000002ef4 <.text+0x1534> (File Offset: 0x2ef4) b941e042 	ldr	w2, [x2, #480]
0000000000002ef8 <.text+0x1538> (File Offset: 0x2ef8) 97fffa62 	bl	0000000000001880 <bfd_demangle@plt> (File Offset: 0x1880)
0000000000002efc <.text+0x153c> (File Offset: 0x2efc) f100001f 	subs	xzr, x0, #0x0
0000000000002f00 <.text+0x1540> (File Offset: 0x2f00) f9403be1 	ldr	x1, [sp, #112]
0000000000002f04 <.text+0x1544> (File Offset: 0x2f04) f90037e0 	str	x0, [sp, #104]
0000000000002f08 <.text+0x1548> (File Offset: 0x2f08) 9a800021 	csel	x1, x1, x0, eq	// eq = none
0000000000002f0c <.text+0x154c> (File Offset: 0x2f0c) 17fffe29 	b	00000000000027b0 <ferror@plt+0xe20> (File Offset: 0x27b0)
0000000000002f10 <.text+0x1550> (File Offset: 0x2f10) b0000001 	adrp	x1, 0000000000003000 <ferror@plt+0x1670> (File Offset: 0x3000)
0000000000002f14 <.text+0x1554> (File Offset: 0x2f14) 91148021 	add	x1, x1, #0x520
0000000000002f18 <.text+0x1558> (File Offset: 0x2f18) 528000a2 	movz	w2, #0x5
0000000000002f1c <.text+0x155c> (File Offset: 0x2f1c) d2800000 	movz	x0, #0x0
0000000000002f20 <.text+0x1560> (File Offset: 0x2f20) 97fffa70 	bl	00000000000018e0 <dcgettext@plt> (File Offset: 0x18e0)
0000000000002f24 <.text+0x1564> (File Offset: 0x2f24) 97fffa7f 	bl	0000000000001920 <printf@plt> (File Offset: 0x1920)
0000000000002f28 <.text+0x1568> (File Offset: 0x2f28) 17fffe2b 	b	00000000000027d4 <ferror@plt+0xe44> (File Offset: 0x27d4)
0000000000002f2c <.text+0x156c> (File Offset: 0x2f2c) b94026a0 	ldr	w0, [x21, #36]
0000000000002f30 <.text+0x1570> (File Offset: 0x2f30) 370006a0 	tbnz	w0, #0, 0000000000003004 <ferror@plt+0x1674> (File Offset: 0x3004)
0000000000002f34 <.text+0x1574> (File Offset: 0x2f34) d00000e0 	adrp	x0, 0000000000020000 <ferror@plt+0x1e670> (File Offset: 0x20000)
0000000000002f38 <.text+0x1578> (File Offset: 0x2f38) 910fc000 	add	x0, x0, #0x3f0
0000000000002f3c <.text+0x157c> (File Offset: 0x2f3c) 39402c01 	ldrb	w1, [x0, #11]
0000000000002f40 <.text+0x1580> (File Offset: 0x2f40) 360000c1 	tbz	w1, #0, 0000000000002f58 <ferror@plt+0x15c8> (File Offset: 0x2f58)
0000000000002f44 <.text+0x1584> (File Offset: 0x2f44) 39403000 	ldrb	w0, [x0, #12]
0000000000002f48 <.text+0x1588> (File Offset: 0x2f48) 360007e0 	tbz	w0, #0, 0000000000003044 <ferror@plt+0x16b4> (File Offset: 0x3044)
0000000000002f4c <.text+0x158c> (File Offset: 0x2f4c) b0000000 	adrp	x0, 0000000000003000 <ferror@plt+0x1670> (File Offset: 0x3000)
0000000000002f50 <.text+0x1590> (File Offset: 0x2f50) 91144000 	add	x0, x0, #0x510
0000000000002f54 <.text+0x1594> (File Offset: 0x2f54) 97fffa73 	bl	0000000000001920 <printf@plt> (File Offset: 0x1920)
0000000000002f58 <.text+0x1598> (File Offset: 0x2f58) b0000000 	adrp	x0, 0000000000003000 <ferror@plt+0x1670> (File Offset: 0x3000)
0000000000002f5c <.text+0x159c> (File Offset: 0x2f5c) 91146000 	add	x0, x0, #0x518
0000000000002f60 <.text+0x15a0> (File Offset: 0x2f60) 97fffa28 	bl	0000000000001800 <puts@plt> (File Offset: 0x1800)
0000000000002f64 <.text+0x15a4> (File Offset: 0x2f64) 17fffdcf 	b	00000000000026a0 <ferror@plt+0xd10> (File Offset: 0x26a0)
0000000000002f68 <.text+0x15a8> (File Offset: 0x2f68) d00000fa 	adrp	x26, 0000000000020000 <ferror@plt+0x1e670> (File Offset: 0x20000)
0000000000002f6c <.text+0x15ac> (File Offset: 0x2f6c) d00000e0 	adrp	x0, 0000000000020000 <ferror@plt+0x1e670> (File Offset: 0x20000)
0000000000002f70 <.text+0x15b0> (File Offset: 0x2f70) 9107835c 	add	x28, x26, #0x1e0
0000000000002f74 <.text+0x15b4> (File Offset: 0x2f74) 910fc01a 	add	x26, x0, #0x3f0
0000000000002f78 <.text+0x15b8> (File Offset: 0x2f78) d280001b 	movz	x27, #0x0
0000000000002f7c <.text+0x15bc> (File Offset: 0x2f7c) f9401340 	ldr	x0, [x26, #32]
0000000000002f80 <.text+0x15c0> (File Offset: 0x2f80) eb00037f 	subs	xzr, x27, x0
0000000000002f84 <.text+0x15c4> (File Offset: 0x2f84) 5400068a 	b.ge	0000000000003054 <ferror@plt+0x16c4> (File Offset: 0x3054)  // b.tcont
0000000000002f88 <.text+0x15c8> (File Offset: 0x2f88) f9401741 	ldr	x1, [x26, #40]
0000000000002f8c <.text+0x15cc> (File Offset: 0x2f8c) d37df360 	ubfm	x0, x27, #61, #60
0000000000002f90 <.text+0x15d0> (File Offset: 0x2f90) f9003fe3 	str	x3, [sp, #120]
0000000000002f94 <.text+0x15d4> (File Offset: 0x2f94) aa0003e3 	orr	x3, xzr, x0
0000000000002f98 <.text+0x15d8> (File Offset: 0x2f98) b9400382 	ldr	w2, [x28]
0000000000002f9c <.text+0x15dc> (File Offset: 0x2f9c) aa1303e0 	orr	x0, xzr, x19
0000000000002fa0 <.text+0x15e0> (File Offset: 0x2fa0) f90037e3 	str	x3, [sp, #104]
0000000000002fa4 <.text+0x15e4> (File Offset: 0x2fa4) f8636821 	ldr	x1, [x1, x3]
0000000000002fa8 <.text+0x15e8> (File Offset: 0x2fa8) f9400421 	ldr	x1, [x1, #8]
0000000000002fac <.text+0x15ec> (File Offset: 0x2fac) 97fffa35 	bl	0000000000001880 <bfd_demangle@plt> (File Offset: 0x1880)
0000000000002fb0 <.text+0x15f0> (File Offset: 0x2fb0) f9003be0 	str	x0, [sp, #112]
0000000000002fb4 <.text+0x15f4> (File Offset: 0x2fb4) f9403fe3 	ldr	x3, [sp, #120]
0000000000002fb8 <.text+0x15f8> (File Offset: 0x2fb8) b4000160 	cbz	x0, 0000000000002fe4 <ferror@plt+0x1654> (File Offset: 0x2fe4)
0000000000002fbc <.text+0x15fc> (File Offset: 0x2fbc) aa0303e1 	orr	x1, xzr, x3
0000000000002fc0 <.text+0x1600> (File Offset: 0x2fc0) 97fffa1c 	bl	0000000000001830 <strcmp@plt> (File Offset: 0x1830)
0000000000002fc4 <.text+0x1604> (File Offset: 0x2fc4) f9403be2 	ldr	x2, [sp, #112]
0000000000002fc8 <.text+0x1608> (File Offset: 0x2fc8) 2a0003e1 	orr	w1, wzr, w0
0000000000002fcc <.text+0x160c> (File Offset: 0x2fcc) b90073e1 	str	w1, [sp, #112]
0000000000002fd0 <.text+0x1610> (File Offset: 0x2fd0) aa0203e0 	orr	x0, xzr, x2
0000000000002fd4 <.text+0x1614> (File Offset: 0x2fd4) 97fffa1f 	bl	0000000000001850 <free@plt> (File Offset: 0x1850)
0000000000002fd8 <.text+0x1618> (File Offset: 0x2fd8) b94073e1 	ldr	w1, [sp, #112]
0000000000002fdc <.text+0x161c> (File Offset: 0x2fdc) f9403fe3 	ldr	x3, [sp, #120]
0000000000002fe0 <.text+0x1620> (File Offset: 0x2fe0) 340003e1 	cbz	w1, 000000000000305c <ferror@plt+0x16cc> (File Offset: 0x305c)
0000000000002fe4 <.text+0x1624> (File Offset: 0x2fe4) 9100077b 	add	x27, x27, #0x1
0000000000002fe8 <.text+0x1628> (File Offset: 0x2fe8) 17ffffe5 	b	0000000000002f7c <ferror@plt+0x15ec> (File Offset: 0x2f7c)
0000000000002fec <.text+0x162c> (File Offset: 0x2fec) f9401341 	ldr	x1, [x26, #32]
0000000000002ff0 <.text+0x1630> (File Offset: 0x2ff0) f9400b40 	ldr	x0, [x26, #16]
0000000000002ff4 <.text+0x1634> (File Offset: 0x2ff4) f9401821 	ldr	x1, [x1, #48]
0000000000002ff8 <.text+0x1638> (File Offset: 0x2ff8) 8b000320 	add	x0, x25, x0
0000000000002ffc <.text+0x163c> (File Offset: 0x2ffc) 8b010000 	add	x0, x0, x1
0000000000003000 <.text+0x1640> (File Offset: 0x3000) 17fffd6b 	b	00000000000025ac <ferror@plt+0xc1c> (File Offset: 0x25ac)
0000000000003004 <.text+0x1644> (File Offset: 0x3004) f9401b43 	ldr	x3, [x26, #48]
0000000000003008 <.text+0x1648> (File Offset: 0x3008) f94022a0 	ldr	x0, [x21, #64]
000000000000300c <.text+0x164c> (File Offset: 0x300c) eb03001f 	subs	xzr, x0, x3
0000000000003010 <.text+0x1650> (File Offset: 0x3010) 54fff929 	b.ls	0000000000002f34 <ferror@plt+0x15a4> (File Offset: 0x2f34)  // b.plast
0000000000003014 <.text+0x1654> (File Offset: 0x3014) f9400660 	ldr	x0, [x19, #8]
0000000000003018 <.text+0x1658> (File Offset: 0x3018) 9100f347 	add	x7, x26, #0x3c
000000000000301c <.text+0x165c> (File Offset: 0x301c) f9401741 	ldr	x1, [x26, #40]
0000000000003020 <.text+0x1660> (File Offset: 0x3020) 91010346 	add	x6, x26, #0x40
0000000000003024 <.text+0x1664> (File Offset: 0x3024) f9411c08 	ldr	x8, [x0, #568]
0000000000003028 <.text+0x1668> (File Offset: 0x3028) 91012345 	add	x5, x26, #0x48
000000000000302c <.text+0x166c> (File Offset: 0x302c) 91014344 	add	x4, x26, #0x50
0000000000003030 <.text+0x1670> (File Offset: 0x3030) aa1503e2 	orr	x2, xzr, x21
0000000000003034 <.text+0x1674> (File Offset: 0x3034) aa1303e0 	orr	x0, xzr, x19
0000000000003038 <.text+0x1678> (File Offset: 0x3038) d63f0100 	blr	x8
000000000000303c <.text+0x167c> (File Offset: 0x303c) 3900e340 	strb	w0, [x26, #56]
0000000000003040 <.text+0x1680> (File Offset: 0x3040) 17fffd80 	b	0000000000002640 <ferror@plt+0xcb0> (File Offset: 0x2640)
0000000000003044 <.text+0x1684> (File Offset: 0x3044) 90000000 	adrp	x0, 0000000000003000 <ferror@plt+0x1670> (File Offset: 0x3000)
0000000000003048 <.text+0x1688> (File Offset: 0x3048) 91050000 	add	x0, x0, #0x140
000000000000304c <.text+0x168c> (File Offset: 0x304c) 97fff9ed 	bl	0000000000001800 <puts@plt> (File Offset: 0x1800)
0000000000003050 <.text+0x1690> (File Offset: 0x3050) 17ffffc2 	b	0000000000002f58 <ferror@plt+0x15c8> (File Offset: 0x2f58)
0000000000003054 <.text+0x1694> (File Offset: 0x3054) d2800000 	movz	x0, #0x0
0000000000003058 <.text+0x1698> (File Offset: 0x3058) 17fffd55 	b	00000000000025ac <ferror@plt+0xc1c> (File Offset: 0x25ac)
000000000000305c <.text+0x169c> (File Offset: 0x305c) f9401740 	ldr	x0, [x26, #40]
0000000000003060 <.text+0x16a0> (File Offset: 0x3060) f94037e1 	ldr	x1, [sp, #104]
0000000000003064 <.text+0x16a4> (File Offset: 0x3064) f8616800 	ldr	x0, [x0, x1]
0000000000003068 <.text+0x16a8> (File Offset: 0x3068) f9401001 	ldr	x1, [x0, #32]
000000000000306c <.text+0x16ac> (File Offset: 0x306c) f9400800 	ldr	x0, [x0, #16]
0000000000003070 <.text+0x16b0> (File Offset: 0x3070) f9401821 	ldr	x1, [x1, #48]
0000000000003074 <.text+0x16b4> (File Offset: 0x3074) 8b000320 	add	x0, x25, x0
0000000000003078 <.text+0x16b8> (File Offset: 0x3078) 8b010000 	add	x0, x0, x1
000000000000307c <.text+0x16bc> (File Offset: 0x307c) 17fffd4c 	b	00000000000025ac <ferror@plt+0xc1c> (File Offset: 0x25ac)
0000000000003080 <.text+0x16c0> (File Offset: 0x3080) a9be7bfd 	stp	x29, x30, [sp, #-32]!
0000000000003084 <.text+0x16c4> (File Offset: 0x3084) 910003fd 	add	x29, sp, #0x0
0000000000003088 <.text+0x16c8> (File Offset: 0x3088) a90153f3 	stp	x19, x20, [sp, #16]
000000000000308c <.text+0x16cc> (File Offset: 0x308c) aa0003f3 	orr	x19, xzr, x0
0000000000003090 <.text+0x16d0> (File Offset: 0x3090) 97fff9ac 	bl	0000000000001740 <bfd_get_error@plt> (File Offset: 0x1740)
0000000000003094 <.text+0x16d4> (File Offset: 0x3094) 34000280 	cbz	w0, 00000000000030e4 <ferror@plt+0x1754> (File Offset: 0x30e4)
0000000000003098 <.text+0x16d8> (File Offset: 0x3098) 97fffa0e 	bl	00000000000018d0 <bfd_errmsg@plt> (File Offset: 0x18d0)
000000000000309c <.text+0x16dc> (File Offset: 0x309c) aa0003f4 	orr	x20, xzr, x0
00000000000030a0 <.text+0x16e0> (File Offset: 0x30a0) 900000e0 	adrp	x0, 000000000001f000 <ferror@plt+0x1d670> (File Offset: 0x1f000)
00000000000030a4 <.text+0x16e4> (File Offset: 0x30a4) f947dc00 	ldr	x0, [x0, #4024]
00000000000030a8 <.text+0x16e8> (File Offset: 0x30a8) f9400000 	ldr	x0, [x0]
00000000000030ac <.text+0x16ec> (File Offset: 0x30ac) 97fff9f9 	bl	0000000000001890 <fflush@plt> (File Offset: 0x1890)
00000000000030b0 <.text+0x16f0> (File Offset: 0x30b0) 900000e0 	adrp	x0, 000000000001f000 <ferror@plt+0x1d670> (File Offset: 0x1f000)
00000000000030b4 <.text+0x16f4> (File Offset: 0x30b4) f947cc00 	ldr	x0, [x0, #3992]
00000000000030b8 <.text+0x16f8> (File Offset: 0x30b8) b00000e1 	adrp	x1, 0000000000020000 <ferror@plt+0x1e670> (File Offset: 0x20000)
00000000000030bc <.text+0x16fc> (File Offset: 0x30bc) f941f822 	ldr	x2, [x1, #1008]
00000000000030c0 <.text+0x1700> (File Offset: 0x30c0) f9400000 	ldr	x0, [x0]
00000000000030c4 <.text+0x1704> (File Offset: 0x30c4) b40001f3 	cbz	x19, 0000000000003100 <ferror@plt+0x1770> (File Offset: 0x3100)
00000000000030c8 <.text+0x1708> (File Offset: 0x30c8) aa1403e4 	orr	x4, xzr, x20
00000000000030cc <.text+0x170c> (File Offset: 0x30cc) aa1303e3 	orr	x3, xzr, x19
00000000000030d0 <.text+0x1710> (File Offset: 0x30d0) a94153f3 	ldp	x19, x20, [sp, #16]
00000000000030d4 <.text+0x1714> (File Offset: 0x30d4) 90000001 	adrp	x1, 0000000000003000 <ferror@plt+0x1670> (File Offset: 0x3000)
00000000000030d8 <.text+0x1718> (File Offset: 0x30d8) a8c27bfd 	ldp	x29, x30, [sp], #32
00000000000030dc <.text+0x171c> (File Offset: 0x30dc) 91160021 	add	x1, x1, #0x580
00000000000030e0 <.text+0x1720> (File Offset: 0x30e0) 17fffa20 	b	0000000000001960 <fprintf@plt> (File Offset: 0x1960)
00000000000030e4 <.text+0x1724> (File Offset: 0x30e4) 90000001 	adrp	x1, 0000000000003000 <ferror@plt+0x1670> (File Offset: 0x3000)
00000000000030e8 <.text+0x1728> (File Offset: 0x30e8) 528000a2 	movz	w2, #0x5
00000000000030ec <.text+0x172c> (File Offset: 0x30ec) 9115a021 	add	x1, x1, #0x568
00000000000030f0 <.text+0x1730> (File Offset: 0x30f0) d2800000 	movz	x0, #0x0
00000000000030f4 <.text+0x1734> (File Offset: 0x30f4) 97fff9fb 	bl	00000000000018e0 <dcgettext@plt> (File Offset: 0x18e0)
00000000000030f8 <.text+0x1738> (File Offset: 0x30f8) aa0003f4 	orr	x20, xzr, x0
00000000000030fc <.text+0x173c> (File Offset: 0x30fc) 17ffffe9 	b	00000000000030a0 <ferror@plt+0x1710> (File Offset: 0x30a0)
0000000000003100 <.text+0x1740> (File Offset: 0x3100) aa1403e3 	orr	x3, xzr, x20
0000000000003104 <.text+0x1744> (File Offset: 0x3104) 90000001 	adrp	x1, 0000000000003000 <ferror@plt+0x1670> (File Offset: 0x3000)
0000000000003108 <.text+0x1748> (File Offset: 0x3108) a94153f3 	ldp	x19, x20, [sp, #16]
000000000000310c <.text+0x174c> (File Offset: 0x310c) 91164021 	add	x1, x1, #0x590
0000000000003110 <.text+0x1750> (File Offset: 0x3110) a8c27bfd 	ldp	x29, x30, [sp], #32
0000000000003114 <.text+0x1754> (File Offset: 0x3114) 17fffa13 	b	0000000000001960 <fprintf@plt> (File Offset: 0x1960)

Disassembly of section .fini:
0000000000003118 <.fini> (File Offset: 0x3118) d503233f 	hint	#0x19
000000000000311c <.fini+0x4> (File Offset: 0x311c) a9bf7bfd 	stp	x29, x30, [sp, #-16]!
0000000000003120 <.fini+0x8> (File Offset: 0x3120) 910003fd 	add	x29, sp, #0x0
0000000000003124 <.fini+0xc> (File Offset: 0x3124) a8c17bfd 	ldp	x29, x30, [sp], #16
0000000000003128 <.fini+0x10> (File Offset: 0x3128) d50323bf 	hint	#0x1d
000000000000312c <.fini+0x14> (File Offset: 0x312c) d65f03c0 	ret

Disassembly of section .rodata:
0000000000003130 <.rodata> (File Offset: 0x3130) 00020001 	.inst	0x00020001 ; undefined
0000000000003134 <.rodata+0x4> (File Offset: 0x3134) 00000000 	udf	#0
0000000000003138 <.rodata+0x8> (File Offset: 0x3138) 756f2e61 	.inst	0x756f2e61 ; undefined
000000000000313c <.rodata+0xc> (File Offset: 0x313c) 00000074 	udf	#116
0000000000003140 <.rodata+0x10> (File Offset: 0x3140) 00003f3f 	udf	#16191
0000000000003144 <.rodata+0x14> (File Offset: 0x3144) 00000000 	udf	#0
0000000000003148 <.rodata+0x18> (File Offset: 0x3148) 7273752f 	.inst	0x7273752f ; undefined
000000000000314c <.rodata+0x1c> (File Offset: 0x314c) 6168732f 	.inst	0x6168732f ; undefined
0000000000003150 <.rodata+0x20> (File Offset: 0x3150) 6c2f6572 	stnp	d18, d25, [x11, #-272]
0000000000003154 <.rodata+0x24> (File Offset: 0x3154) 6c61636f 	ldnp	d15, d24, [x27, #-496]
0000000000003158 <.rodata+0x28> (File Offset: 0x3158) 00000065 	udf	#101
000000000000315c <.rodata+0x2c> (File Offset: 0x315c) 00000000 	udf	#0
0000000000003160 <.rodata+0x30> (File Offset: 0x3160) 756e6962 	.inst	0x756e6962 ; undefined
0000000000003164 <.rodata+0x34> (File Offset: 0x3164) 736c6974 	.inst	0x736c6974 ; undefined
0000000000003168 <.rodata+0x38> (File Offset: 0x3168) 00000000 	udf	#0
000000000000316c <.rodata+0x3c> (File Offset: 0x316c) 00000000 	udf	#0
0000000000003170 <.rodata+0x40> (File Offset: 0x3170) 203a7325 	.inst	0x203a7325 ; undefined
0000000000003174 <.rodata+0x44> (File Offset: 0x3174) 6f727265 	fcmla	v5.8h, v19.8h, v18.h[1], #270
0000000000003178 <.rodata+0x48> (File Offset: 0x3178) 74203a72 	.inst	0x74203a72 ; undefined
000000000000317c <.rodata+0x4c> (File Offset: 0x317c) 6d206f6f 	stp	d15, d27, [x27, #-512]
0000000000003180 <.rodata+0x50> (File Offset: 0x3180) 20796e61 	.inst	0x20796e61 ; undefined
0000000000003184 <.rodata+0x54> (File Offset: 0x3184) 69662d40 	ldpsw	x0, x11, [x10, #-208]
0000000000003188 <.rodata+0x58> (File Offset: 0x3188) 2073656c 	.inst	0x2073656c ; undefined
000000000000318c <.rodata+0x5c> (File Offset: 0x318c) 6f636e65 	.inst	0x6f636e65 ; undefined
0000000000003190 <.rodata+0x60> (File Offset: 0x3190) 65746e75 	fnmls	z21.h, p3/m, z19.h, z20.h
0000000000003194 <.rodata+0x64> (File Offset: 0x3194) 0a646572 	bic	w18, w11, w4, lsr #25
0000000000003198 <.rodata+0x68> (File Offset: 0x3198) 00000000 	udf	#0
000000000000319c <.rodata+0x6c> (File Offset: 0x319c) 00000000 	udf	#0
00000000000031a0 <.rodata+0x70> (File Offset: 0x31a0) 203a7325 	.inst	0x203a7325 ; undefined
00000000000031a4 <.rodata+0x74> (File Offset: 0x31a4) 6f727265 	fcmla	v5.8h, v19.8h, v18.h[1], #270
00000000000031a8 <.rodata+0x78> (File Offset: 0x31a8) 40203a72 	.inst	0x40203a72 ; undefined
00000000000031ac <.rodata+0x7c> (File Offset: 0x31ac) 6c69662d 	ldnp	d13, d25, [x17, #-368]
00000000000031b0 <.rodata+0x80> (File Offset: 0x31b0) 65722065 	fmls	z5.h, p0/m, z3.h, z18.h
00000000000031b4 <.rodata+0x84> (File Offset: 0x31b4) 73726566 	.inst	0x73726566 ; undefined
00000000000031b8 <.rodata+0x88> (File Offset: 0x31b8) 206f7420 	.inst	0x206f7420 ; undefined
00000000000031bc <.rodata+0x8c> (File Offset: 0x31bc) 69642061 	ldpsw	x1, x8, [x3, #-224]
00000000000031c0 <.rodata+0x90> (File Offset: 0x31c0) 74636572 	.inst	0x74636572 ; undefined
00000000000031c4 <.rodata+0x94> (File Offset: 0x31c4) 0a79726f 	bic	w15, w19, w25, lsr #28
00000000000031c8 <.rodata+0x98> (File Offset: 0x31c8) 00000000 	udf	#0
00000000000031cc <.rodata+0x9c> (File Offset: 0x31cc) 00000000 	udf	#0
00000000000031d0 <.rodata+0xa0> (File Offset: 0x31d0) 00000072 	udf	#114
00000000000031d4 <.rodata+0xa4> (File Offset: 0x31d4) 00000000 	udf	#0
00000000000031d8 <.rodata+0xa8> (File Offset: 0x31d8) 5c226024 	ldr	d4, 0000000000047ddc <ferror@plt+0x4644c> (File Offset: 0x47ddc)
00000000000031dc <.rodata+0xac> (File Offset: 0x31dc) 0000000a 	udf	#10
00000000000031e0 <.rodata+0xb0> (File Offset: 0x31e0) 61746166 	.inst	0x61746166 ; undefined
00000000000031e4 <.rodata+0xb4> (File Offset: 0x31e4) 7265206c 	.inst	0x7265206c ; undefined
00000000000031e8 <.rodata+0xb8> (File Offset: 0x31e8) 3a726f72 	.inst	0x3a726f72 ; undefined
00000000000031ec <.rodata+0xbc> (File Offset: 0x31ec) 62696c20 	.inst	0x62696c20 ; undefined
00000000000031f0 <.rodata+0xc0> (File Offset: 0x31f0) 20646662 	.inst	0x20646662 ; undefined
00000000000031f4 <.rodata+0xc4> (File Offset: 0x31f4) 20494241 	.inst	0x20494241 ; undefined
00000000000031f8 <.rodata+0xc8> (File Offset: 0x31f8) 6d73696d 	ldp	d13, d26, [x11, #-208]
00000000000031fc <.rodata+0xcc> (File Offset: 0x31fc) 68637461 	.inst	0x68637461 ; undefined
0000000000003200 <.rodata+0xd0> (File Offset: 0x3200) 00000000 	udf	#0
0000000000003204 <.rodata+0xd4> (File Offset: 0x3204) 00000000 	udf	#0
0000000000003208 <.rodata+0xd8> (File Offset: 0x3208) 63726161 	.inst	0x63726161 ; undefined
000000000000320c <.rodata+0xdc> (File Offset: 0x320c) 2d343668 	stp	s8, s13, [x19, #-96]
0000000000003210 <.rodata+0xe0> (File Offset: 0x3210) 6e6b6e75 	umin	v21.8h, v19.8h, v11.8h
0000000000003214 <.rodata+0xe4> (File Offset: 0x3214) 2d6e776f 	ldp	s15, s29, [x27, #-144]
0000000000003218 <.rodata+0xe8> (File Offset: 0x3218) 756e696c 	.inst	0x756e696c ; undefined
000000000000321c <.rodata+0xec> (File Offset: 0x321c) 6e672d78 	uqsub	v24.8h, v11.8h, v7.8h
0000000000003220 <.rodata+0xf0> (File Offset: 0x3220) 00000075 	udf	#117
0000000000003224 <.rodata+0xf4> (File Offset: 0x3224) 00000000 	udf	#0
0000000000003228 <.rodata+0xf8> (File Offset: 0x3228) 276e6163 	.inst	0x276e6163 ; undefined
000000000000322c <.rodata+0xfc> (File Offset: 0x322c) 65732074 	fmls	z20.h, p0/m, z3.h, z19.h
0000000000003230 <.rodata+0x100> (File Offset: 0x3230) 46422074 	.inst	0x46422074 ; undefined
0000000000003234 <.rodata+0x104> (File Offset: 0x3234) 65642044 	fmls	z4.h, p0/m, z2.h, z4.h
0000000000003238 <.rodata+0x108> (File Offset: 0x3238) 6c756166 	ldnp	d6, d24, [x11, #-176]
000000000000323c <.rodata+0x10c> (File Offset: 0x323c) 61742074 	.inst	0x61742074 ; undefined
0000000000003240 <.rodata+0x110> (File Offset: 0x3240) 74656772 	.inst	0x74656772 ; undefined
0000000000003244 <.rodata+0x114> (File Offset: 0x3244) 206f7420 	.inst	0x206f7420 ; undefined
0000000000003248 <.rodata+0x118> (File Offset: 0x3248) 27732560 	.inst	0x27732560 ; undefined
000000000000324c <.rodata+0x11c> (File Offset: 0x324c) 7325203a 	.inst	0x7325203a ; undefined
0000000000003250 <.rodata+0x120> (File Offset: 0x3250) 00000000 	udf	#0
0000000000003254 <.rodata+0x124> (File Offset: 0x3254) 00000000 	udf	#0
0000000000003258 <.rodata+0x128> (File Offset: 0x3258) 6e6b6e75 	umin	v21.8h, v19.8h, v11.8h
000000000000325c <.rodata+0x12c> (File Offset: 0x325c) 206e776f 	.inst	0x206e776f ; undefined
0000000000003260 <.rodata+0x130> (File Offset: 0x3260) 616d6564 	.inst	0x616d6564 ; undefined
0000000000003264 <.rodata+0x134> (File Offset: 0x3264) 696c676e 	ldpsw	x14, x25, [x27, #-160]
0000000000003268 <.rodata+0x138> (File Offset: 0x3268) 7320676e 	.inst	0x7320676e ; undefined
000000000000326c <.rodata+0x13c> (File Offset: 0x326c) 656c7974 	fnmls	z20.h, p6/m, z11.h, z12.h
0000000000003270 <.rodata+0x140> (File Offset: 0x3270) 73256020 	.inst	0x73256020 ; undefined
0000000000003274 <.rodata+0x144> (File Offset: 0x3274) 00000027 	udf	#39
0000000000003278 <.rodata+0x148> (File Offset: 0x3278) 554e4728 	.inst	0x554e4728 ; undefined
000000000000327c <.rodata+0x14c> (File Offset: 0x327c) 6e694220 	raddhn2	v0.8h, v17.4s, v9.4s
0000000000003280 <.rodata+0x150> (File Offset: 0x3280) 6c697475 	ldnp	d21, d29, [x3, #-368]
0000000000003284 <.rodata+0x154> (File Offset: 0x3284) 6f662073 	umlal2	v19.4s, v3.8h, v6.h[2]
0000000000003288 <.rodata+0x158> (File Offset: 0x3288) 65442072 	fmaxnmv	h18, p0, z3.h
000000000000328c <.rodata+0x15c> (File Offset: 0x328c) 6e616962 	fcvtxn2	v2.4s, v11.2d
0000000000003290 <.rodata+0x160> (File Offset: 0x3290) 2e322029 	usubl	v9.8h, v1.8b, v18.8b
0000000000003294 <.rodata+0x164> (File Offset: 0x3294) 00003434 	udf	#13364
0000000000003298 <.rodata+0x168> (File Offset: 0x3298) 72646461 	.inst	0x72646461 ; undefined
000000000000329c <.rodata+0x16c> (File Offset: 0x329c) 6e696c32 	umin	v18.8h, v1.8h, v9.8h
00000000000032a0 <.rodata+0x170> (File Offset: 0x32a0) 00000065 	udf	#101
00000000000032a4 <.rodata+0x174> (File Offset: 0x32a4) 00000000 	udf	#0
00000000000032a8 <.rodata+0x178> (File Offset: 0x32a8) 20554e47 	.inst	0x20554e47 ; undefined
00000000000032ac <.rodata+0x17c> (File Offset: 0x32ac) 25207325 	.inst	0x25207325 ; undefined
00000000000032b0 <.rodata+0x180> (File Offset: 0x32b0) 00000a73 	udf	#2675
00000000000032b4 <.rodata+0x184> (File Offset: 0x32b4) 00000000 	udf	#0
00000000000032b8 <.rodata+0x188> (File Offset: 0x32b8) 79706f43 	ldrh	w3, [x26, #6198]
00000000000032bc <.rodata+0x18c> (File Offset: 0x32bc) 68676972 	.inst	0x68676972 ; undefined
00000000000032c0 <.rodata+0x190> (File Offset: 0x32c0) 43282074 	.inst	0x43282074 ; undefined
00000000000032c4 <.rodata+0x194> (File Offset: 0x32c4) 30322029 	adr	x9, 00000000000676c9 <ferror@plt+0x65d39> (File Offset: 0x676c9)
00000000000032c8 <.rodata+0x198> (File Offset: 0x32c8) 46203532 	.inst	0x46203532 ; undefined
00000000000032cc <.rodata+0x19c> (File Offset: 0x32cc) 20656572 	.inst	0x20656572 ; undefined
00000000000032d0 <.rodata+0x1a0> (File Offset: 0x32d0) 74666f53 	.inst	0x74666f53 ; undefined
00000000000032d4 <.rodata+0x1a4> (File Offset: 0x32d4) 65726177 	fnmls	z23.h, p0/m, z11.h, z18.h
00000000000032d8 <.rodata+0x1a8> (File Offset: 0x32d8) 756f4620 	.inst	0x756f4620 ; undefined
00000000000032dc <.rodata+0x1ac> (File Offset: 0x32dc) 7461646e 	.inst	0x7461646e ; undefined
00000000000032e0 <.rodata+0x1b0> (File Offset: 0x32e0) 2c6e6f69 	ldnp	s9, s27, [x27, #-144]
00000000000032e4 <.rodata+0x1b4> (File Offset: 0x32e4) 636e4920 	.inst	0x636e4920 ; undefined
00000000000032e8 <.rodata+0x1b8> (File Offset: 0x32e8) 00000a2e 	udf	#2606
00000000000032ec <.rodata+0x1bc> (File Offset: 0x32ec) 00000000 	udf	#0
00000000000032f0 <.rodata+0x1c0> (File Offset: 0x32f0) 73696854 	.inst	0x73696854 ; undefined
00000000000032f4 <.rodata+0x1c4> (File Offset: 0x32f4) 6f727020 	fcmla	v0.8h, v1.8h, v18.h[1], #270
00000000000032f8 <.rodata+0x1c8> (File Offset: 0x32f8) 6d617267 	ldp	d7, d28, [x19, #-496]
00000000000032fc <.rodata+0x1cc> (File Offset: 0x32fc) 20736920 	.inst	0x20736920 ; undefined
0000000000003300 <.rodata+0x1d0> (File Offset: 0x3300) 65657266 	fnmls	z6.h, p4/m, z19.h, z5.h
0000000000003304 <.rodata+0x1d4> (File Offset: 0x3304) 666f7320 	.inst	0x666f7320 ; undefined
0000000000003308 <.rodata+0x1d8> (File Offset: 0x3308) 72617774 	.inst	0x72617774 ; undefined
000000000000330c <.rodata+0x1dc> (File Offset: 0x330c) 79203b65 	strh	w5, [x27, #4124]
0000000000003310 <.rodata+0x1e0> (File Offset: 0x3310) 6d20756f 	stp	d15, d29, [x11, #-512]
0000000000003314 <.rodata+0x1e4> (File Offset: 0x3314) 72207961 	ands	w1, w11, #0x7fffffff
0000000000003318 <.rodata+0x1e8> (File Offset: 0x3318) 73696465 	.inst	0x73696465 ; undefined
000000000000331c <.rodata+0x1ec> (File Offset: 0x331c) 62697274 	.inst	0x62697274 ; undefined
0000000000003320 <.rodata+0x1f0> (File Offset: 0x3320) 20657475 	.inst	0x20657475 ; undefined
0000000000003324 <.rodata+0x1f4> (File Offset: 0x3324) 75207469 	.inst	0x75207469 ; undefined
0000000000003328 <.rodata+0x1f8> (File Offset: 0x3328) 7265646e 	.inst	0x7265646e ; undefined
000000000000332c <.rodata+0x1fc> (File Offset: 0x332c) 65687420 	fnmls	z0.h, p5/m, z1.h, z8.h
0000000000003330 <.rodata+0x200> (File Offset: 0x3330) 72657420 	.inst	0x72657420 ; undefined
0000000000003334 <.rodata+0x204> (File Offset: 0x3334) 6f20736d 	.inst	0x6f20736d ; undefined
0000000000003338 <.rodata+0x208> (File Offset: 0x3338) 68740a66 	.inst	0x68740a66 ; undefined
000000000000333c <.rodata+0x20c> (File Offset: 0x333c) 4e472065 	luti4	v5.16b, {v3.16b}, v7[0]
0000000000003340 <.rodata+0x210> (File Offset: 0x3340) 65472055 	fminv	h21, p0, z2.h
0000000000003344 <.rodata+0x214> (File Offset: 0x3344) 6172656e 	.inst	0x6172656e ; undefined
0000000000003348 <.rodata+0x218> (File Offset: 0x3348) 7550206c 	.inst	0x7550206c ; undefined
000000000000334c <.rodata+0x21c> (File Offset: 0x334c) 63696c62 	.inst	0x63696c62 ; undefined
0000000000003350 <.rodata+0x220> (File Offset: 0x3350) 63694c20 	.inst	0x63694c20 ; undefined
0000000000003354 <.rodata+0x224> (File Offset: 0x3354) 65736e65 	fnmls	z5.h, p3/m, z19.h, z19.h
0000000000003358 <.rodata+0x228> (File Offset: 0x3358) 72657620 	.inst	0x72657620 ; undefined
000000000000335c <.rodata+0x22c> (File Offset: 0x335c) 6e6f6973 	.inst	0x6e6f6973 ; undefined
0000000000003360 <.rodata+0x230> (File Offset: 0x3360) 6f203320 	.inst	0x6f203320 ; undefined
0000000000003364 <.rodata+0x234> (File Offset: 0x3364) 61282072 	.inst	0x61282072 ; undefined
0000000000003368 <.rodata+0x238> (File Offset: 0x3368) 6f792074 	umlal2	v20.4s, v3.8h, v9.h[3]
000000000000336c <.rodata+0x23c> (File Offset: 0x336c) 6f207275 	.inst	0x6f207275 ; undefined
0000000000003370 <.rodata+0x240> (File Offset: 0x3370) 6f697470 	uqshl	v16.2d, v3.2d, #41
0000000000003374 <.rodata+0x244> (File Offset: 0x3374) 6120296e 	.inst	0x6120296e ; undefined
0000000000003378 <.rodata+0x248> (File Offset: 0x3378) 6c20796e 	stnp	d14, d30, [x11, #-512]
000000000000337c <.rodata+0x24c> (File Offset: 0x337c) 72657461 	.inst	0x72657461 ; undefined
0000000000003380 <.rodata+0x250> (File Offset: 0x3380) 72657620 	.inst	0x72657620 ; undefined
0000000000003384 <.rodata+0x254> (File Offset: 0x3384) 6e6f6973 	.inst	0x6e6f6973 ; undefined
0000000000003388 <.rodata+0x258> (File Offset: 0x3388) 68540a2e 	.inst	0x68540a2e ; undefined
000000000000338c <.rodata+0x25c> (File Offset: 0x338c) 70207369 	adr	x9, 00000000000441fb <ferror@plt+0x4286b> (File Offset: 0x441fb)
0000000000003390 <.rodata+0x260> (File Offset: 0x3390) 72676f72 	.inst	0x72676f72 ; undefined
0000000000003394 <.rodata+0x264> (File Offset: 0x3394) 68206d61 	.inst	0x68206d61 ; undefined
0000000000003398 <.rodata+0x268> (File Offset: 0x3398) 61207361 	.inst	0x61207361 ; undefined
000000000000339c <.rodata+0x26c> (File Offset: 0x339c) 6c6f7362 	ldnp	d2, d28, [x27, #-272]
00000000000033a0 <.rodata+0x270> (File Offset: 0x33a0) 6c657475 	ldnp	d21, d29, [x3, #-432]
00000000000033a4 <.rodata+0x274> (File Offset: 0x33a4) 6f6e2079 	umlal2	v25.4s, v3.8h, v14.h[2]
00000000000033a8 <.rodata+0x278> (File Offset: 0x33a8) 72617720 	.inst	0x72617720 ; undefined
00000000000033ac <.rodata+0x27c> (File Offset: 0x33ac) 746e6172 	.inst	0x746e6172 ; undefined
00000000000033b0 <.rodata+0x280> (File Offset: 0x33b0) 000a2e79 	.inst	0x000a2e79 ; undefined
00000000000033b4 <.rodata+0x284> (File Offset: 0x33b4) 00000000 	udf	#0
00000000000033b8 <.rodata+0x288> (File Offset: 0x33b8) 433a6261 	.inst	0x433a6261 ; undefined
00000000000033bc <.rodata+0x28c> (File Offset: 0x33bc) 52723a65 	.inst	0x52723a65 ; undefined
00000000000033c0 <.rodata+0x290> (File Offset: 0x33c0) 68486673 	.inst	0x68486673 ; undefined
00000000000033c4 <.rodata+0x294> (File Offset: 0x33c4) 703a6a69 	adr	x9, 0000000000078113 <ferror@plt+0x76783> (File Offset: 0x78113)
00000000000033c8 <.rodata+0x298> (File Offset: 0x33c8) 00007656 	udf	#30294
00000000000033cc <.rodata+0x29c> (File Offset: 0x33cc) 00000000 	udf	#0
00000000000033d0 <.rodata+0x2a0> (File Offset: 0x33d0) 27732527 	.inst	0x27732527 ; undefined
00000000000033d4 <.rodata+0x2a4> (File Offset: 0x33d4) 6f4e203a 	umlal2	v26.4s, v1.8h, v14.h[0]
00000000000033d8 <.rodata+0x2a8> (File Offset: 0x33d8) 63757320 	.inst	0x63757320 ; undefined
00000000000033dc <.rodata+0x2ac> (File Offset: 0x33dc) 69662068 	.inst	0x69662068 ; undefined
00000000000033e0 <.rodata+0x2b0> (File Offset: 0x33e0) 0000656c 	udf	#25964
00000000000033e4 <.rodata+0x2b4> (File Offset: 0x33e4) 00000000 	udf	#0
00000000000033e8 <.rodata+0x2b8> (File Offset: 0x33e8) 6e726157 	rsubhn2	v23.8h, v10.4s, v18.4s
00000000000033ec <.rodata+0x2bc> (File Offset: 0x33ec) 3a676e69 	.inst	0x3a676e69 ; undefined
00000000000033f0 <.rodata+0x2c0> (File Offset: 0x33f0) 756f6320 	.inst	0x756f6320 ; undefined
00000000000033f4 <.rodata+0x2c4> (File Offset: 0x33f4) 6e20646c 	umax	v12.16b, v3.16b, v0.16b
00000000000033f8 <.rodata+0x2c8> (File Offset: 0x33f8) 6c20746f 	stnp	d15, d29, [x3, #-512]
00000000000033fc <.rodata+0x2cc> (File Offset: 0x33fc) 7461636f 	.inst	0x7461636f ; undefined
0000000000003400 <.rodata+0x2d0> (File Offset: 0x3400) 25272065 	.inst	0x25272065 ; undefined
0000000000003404 <.rodata+0x2d4> (File Offset: 0x3404) 202e2773 	.inst	0x202e2773 ; undefined
0000000000003408 <.rodata+0x2d8> (File Offset: 0x3408) 61657220 	.inst	0x61657220 ; undefined
000000000000340c <.rodata+0x2dc> (File Offset: 0x340c) 3a6e6f73 	.inst	0x3a6e6f73 ; undefined
0000000000003410 <.rodata+0x2e0> (File Offset: 0x3410) 00732520 	.inst	0x00732520 ; undefined
0000000000003414 <.rodata+0x2e4> (File Offset: 0x3414) 00000000 	udf	#0
0000000000003418 <.rodata+0x2e8> (File Offset: 0x3418) 6e726157 	rsubhn2	v23.8h, v10.4s, v18.4s
000000000000341c <.rodata+0x2ec> (File Offset: 0x341c) 3a676e69 	.inst	0x3a676e69 ; undefined
0000000000003420 <.rodata+0x2f0> (File Offset: 0x3420) 73252720 	.inst	0x73252720 ; undefined
0000000000003424 <.rodata+0x2f4> (File Offset: 0x3424) 73692027 	.inst	0x73692027 ; undefined
0000000000003428 <.rodata+0x2f8> (File Offset: 0x3428) 64206120 	.inst	0x64206120 ; undefined
000000000000342c <.rodata+0x2fc> (File Offset: 0x342c) 63657269 	.inst	0x63657269 ; undefined
0000000000003430 <.rodata+0x300> (File Offset: 0x3430) 79726f74 	ldrh	w20, [x27, #6454]
0000000000003434 <.rodata+0x304> (File Offset: 0x3434) 00000000 	udf	#0
0000000000003438 <.rodata+0x308> (File Offset: 0x3438) 6e726157 	rsubhn2	v23.8h, v10.4s, v18.4s
000000000000343c <.rodata+0x30c> (File Offset: 0x343c) 3a676e69 	.inst	0x3a676e69 ; undefined
0000000000003440 <.rodata+0x310> (File Offset: 0x3440) 73252720 	.inst	0x73252720 ; undefined
0000000000003444 <.rodata+0x314> (File Offset: 0x3444) 73692027 	.inst	0x73692027 ; undefined
0000000000003448 <.rodata+0x318> (File Offset: 0x3448) 746f6e20 	.inst	0x746f6e20 ; undefined
000000000000344c <.rodata+0x31c> (File Offset: 0x344c) 206e6120 	.inst	0x206e6120 ; undefined
0000000000003450 <.rodata+0x320> (File Offset: 0x3450) 6964726f 	ldpsw	x15, x28, [x19, #-224]
0000000000003454 <.rodata+0x324> (File Offset: 0x3454) 7972616e 	ldrh	w14, [x11, #6448]
0000000000003458 <.rodata+0x328> (File Offset: 0x3458) 6c696620 	ldnp	d0, d25, [x17, #-368]
000000000000345c <.rodata+0x32c> (File Offset: 0x345c) 00000065 	udf	#101
0000000000003460 <.rodata+0x330> (File Offset: 0x3460) 6e726157 	rsubhn2	v23.8h, v10.4s, v18.4s
0000000000003464 <.rodata+0x334> (File Offset: 0x3464) 3a676e69 	.inst	0x3a676e69 ; undefined
0000000000003468 <.rodata+0x338> (File Offset: 0x3468) 73252720 	.inst	0x73252720 ; undefined
000000000000346c <.rodata+0x33c> (File Offset: 0x346c) 61682027 	.inst	0x61682027 ; undefined
0000000000003470 <.rodata+0x340> (File Offset: 0x3470) 656e2073 	fmls	z19.h, p0/m, z3.h, z14.h
0000000000003474 <.rodata+0x344> (File Offset: 0x3474) 69746167 	ldpsw	x7, x24, [x11, #-96]
0000000000003478 <.rodata+0x348> (File Offset: 0x3478) 73206576 	.inst	0x73206576 ; undefined
000000000000347c <.rodata+0x34c> (File Offset: 0x347c) 2c657a69 	ldnp	s9, s30, [x19, #-216]
0000000000003480 <.rodata+0x350> (File Offset: 0x3480) 6f727020 	fcmla	v0.8h, v1.8h, v18.h[1], #270
0000000000003484 <.rodata+0x354> (File Offset: 0x3484) 6c626162 	ldnp	d2, d24, [x11, #-480]
0000000000003488 <.rodata+0x358> (File Offset: 0x3488) 74692079 	.inst	0x74692079 ; undefined
000000000000348c <.rodata+0x35c> (File Offset: 0x348c) 20736920 	.inst	0x20736920 ; undefined
0000000000003490 <.rodata+0x360> (File Offset: 0x3490) 206f6f74 	.inst	0x206f6f74 ; undefined
0000000000003494 <.rodata+0x364> (File Offset: 0x3494) 6772616c 	.inst	0x6772616c ; undefined
0000000000003498 <.rodata+0x368> (File Offset: 0x3498) 00000065 	udf	#101
000000000000349c <.rodata+0x36c> (File Offset: 0x349c) 00000000 	udf	#0
00000000000034a0 <.rodata+0x370> (File Offset: 0x34a0) 203a7325 	.inst	0x203a7325 ; undefined
00000000000034a4 <.rodata+0x374> (File Offset: 0x34a4) 6e6e6163 	rsubhn2	v3.8h, v11.4s, v14.4s
00000000000034a8 <.rodata+0x378> (File Offset: 0x34a8) 6720746f 	.inst	0x6720746f ; undefined
00000000000034ac <.rodata+0x37c> (File Offset: 0x34ac) 61207465 	.inst	0x61207465 ; undefined
00000000000034b0 <.rodata+0x380> (File Offset: 0x34b0) 65726464 	fnmls	z4.h, p1/m, z3.h, z18.h
00000000000034b4 <.rodata+0x384> (File Offset: 0x34b4) 73657373 	.inst	0x73657373 ; undefined
00000000000034b8 <.rodata+0x388> (File Offset: 0x34b8) 6f726620 	sqshlu	v0.2d, v17.2d, #50
00000000000034bc <.rodata+0x38c> (File Offset: 0x34bc) 7261206d 	.inst	0x7261206d ; undefined
00000000000034c0 <.rodata+0x390> (File Offset: 0x34c0) 76696863 	.inst	0x76696863 ; undefined
00000000000034c4 <.rodata+0x394> (File Offset: 0x34c4) 00000065 	udf	#101
00000000000034c8 <.rodata+0x398> (File Offset: 0x34c8) 203a7325 	.inst	0x203a7325 ; undefined
00000000000034cc <.rodata+0x39c> (File Offset: 0x34cc) 6374614d 	.inst	0x6374614d ; undefined
00000000000034d0 <.rodata+0x3a0> (File Offset: 0x34d0) 676e6968 	.inst	0x676e6968 ; undefined
00000000000034d4 <.rodata+0x3a4> (File Offset: 0x34d4) 726f6620 	.inst	0x726f6620 ; undefined
00000000000034d8 <.rodata+0x3a8> (File Offset: 0x34d8) 7374616d 	.inst	0x7374616d ; undefined
00000000000034dc <.rodata+0x3ac> (File Offset: 0x34dc) 0000003a 	udf	#58
00000000000034e0 <.rodata+0x3b0> (File Offset: 0x34e0) 203a7325 	.inst	0x203a7325 ; undefined
00000000000034e4 <.rodata+0x3b4> (File Offset: 0x34e4) 6e6e6163 	rsubhn2	v3.8h, v11.4s, v14.4s
00000000000034e8 <.rodata+0x3b8> (File Offset: 0x34e8) 6620746f 	.inst	0x6620746f ; undefined
00000000000034ec <.rodata+0x3bc> (File Offset: 0x34ec) 20646e69 	.inst	0x20646e69 ; undefined
00000000000034f0 <.rodata+0x3c0> (File Offset: 0x34f0) 74636573 	.inst	0x74636573 ; undefined
00000000000034f4 <.rodata+0x3c4> (File Offset: 0x34f4) 206e6f69 	.inst	0x206e6f69 ; undefined
00000000000034f8 <.rodata+0x3c8> (File Offset: 0x34f8) 00007325 	udf	#29477
00000000000034fc <.rodata+0x3cc> (File Offset: 0x34fc) 00000000 	udf	#0
0000000000003500 <.rodata+0x3d0> (File Offset: 0x3500) 00007830 	udf	#30768
0000000000003504 <.rodata+0x3d4> (File Offset: 0x3504) 00000000 	udf	#0
0000000000003508 <.rodata+0x3d8> (File Offset: 0x3508) 0000203a 	udf	#8250
000000000000350c <.rodata+0x3dc> (File Offset: 0x350c) 00000000 	udf	#0
0000000000003510 <.rodata+0x3e0> (File Offset: 0x3510) 00203f3f 	.inst	0x00203f3f ; NYI
0000000000003514 <.rodata+0x3e4> (File Offset: 0x3514) 00000000 	udf	#0
0000000000003518 <.rodata+0x3e8> (File Offset: 0x3518) 303a3f3f 	adr	xzr, 0000000000077cfd <ferror@plt+0x7636d> (File Offset: 0x77cfd)
000000000000351c <.rodata+0x3ec> (File Offset: 0x351c) 00000000 	udf	#0
0000000000003520 <.rodata+0x3f0> (File Offset: 0x3520) 20746120 	.inst	0x20746120 ; undefined
0000000000003524 <.rodata+0x3f4> (File Offset: 0x3524) 00000000 	udf	#0
0000000000003528 <.rodata+0x3f8> (File Offset: 0x3528) 003a7325 	.inst	0x003a7325 ; NYI
000000000000352c <.rodata+0x3fc> (File Offset: 0x352c) 00000000 	udf	#0
0000000000003530 <.rodata+0x400> (File Offset: 0x3530) 28207525 	stnp	w5, w29, [x9, #-256]
0000000000003534 <.rodata+0x404> (File Offset: 0x3534) 63736964 	.inst	0x63736964 ; undefined
0000000000003538 <.rodata+0x408> (File Offset: 0x3538) 696d6972 	ldpsw	x18, x26, [x11, #-152]
000000000000353c <.rodata+0x40c> (File Offset: 0x353c) 6f74616e 	umlsl2	v14.4s, v11.8h, v4.h[3]
0000000000003540 <.rodata+0x410> (File Offset: 0x3540) 75252072 	.inst	0x75252072 ; undefined
0000000000003544 <.rodata+0x414> (File Offset: 0x3544) 00000a29 	udf	#2601
0000000000003548 <.rodata+0x418> (File Offset: 0x3548) 000a7525 	.inst	0x000a7525 ; undefined
000000000000354c <.rodata+0x41c> (File Offset: 0x354c) 00000000 	udf	#0
0000000000003550 <.rodata+0x420> (File Offset: 0x3550) 0000003f 	udf	#63
0000000000003554 <.rodata+0x424> (File Offset: 0x3554) 00000000 	udf	#0
0000000000003558 <.rodata+0x428> (File Offset: 0x3558) 6e692820 	.inst	0x6e692820 ; undefined
000000000000355c <.rodata+0x42c> (File Offset: 0x355c) 656e696c 	fnmls	z12.h, p2/m, z11.h, z14.h
0000000000003560 <.rodata+0x430> (File Offset: 0x3560) 79622064 	ldrh	w4, [x3, #4368]
0000000000003564 <.rodata+0x434> (File Offset: 0x3564) 00002029 	udf	#8233
0000000000003568 <.rodata+0x438> (File Offset: 0x3568) 73756163 	.inst	0x73756163 ; undefined
000000000000356c <.rodata+0x43c> (File Offset: 0x356c) 666f2065 	.inst	0x666f2065 ; undefined
0000000000003570 <.rodata+0x440> (File Offset: 0x3570) 72726520 	.inst	0x72726520 ; undefined
0000000000003574 <.rodata+0x444> (File Offset: 0x3574) 7520726f 	.inst	0x7520726f ; undefined
0000000000003578 <.rodata+0x448> (File Offset: 0x3578) 6f6e6b6e 	umlsl2	v14.4s, v27.8h, v14.h[6]
000000000000357c <.rodata+0x44c> (File Offset: 0x357c) 00006e77 	udf	#28279
0000000000003580 <.rodata+0x450> (File Offset: 0x3580) 203a7325 	.inst	0x203a7325 ; undefined
0000000000003584 <.rodata+0x454> (File Offset: 0x3584) 203a7325 	.inst	0x203a7325 ; undefined
0000000000003588 <.rodata+0x458> (File Offset: 0x3588) 000a7325 	.inst	0x000a7325 ; undefined
000000000000358c <.rodata+0x45c> (File Offset: 0x358c) 00000000 	udf	#0
0000000000003590 <.rodata+0x460> (File Offset: 0x3590) 203a7325 	.inst	0x203a7325 ; undefined
0000000000003594 <.rodata+0x464> (File Offset: 0x3594) 000a7325 	.inst	0x000a7325 ; undefined
0000000000003598 <.rodata+0x468> (File Offset: 0x3598) 203a7325 	.inst	0x203a7325 ; undefined
000000000000359c <.rodata+0x46c> (File Offset: 0x359c) 00000000 	udf	#0
00000000000035a0 <.rodata+0x470> (File Offset: 0x35a0) 67617355 	.inst	0x67617355 ; undefined
00000000000035a4 <.rodata+0x474> (File Offset: 0x35a4) 25203a65 	.inst	0x25203a65 ; undefined
00000000000035a8 <.rodata+0x478> (File Offset: 0x35a8) 6f5b2073 	umlal2	v19.4s, v3.8h, v11.h[1]
00000000000035ac <.rodata+0x47c> (File Offset: 0x35ac) 6f697470 	uqshl	v16.2d, v3.2d, #41
00000000000035b0 <.rodata+0x480> (File Offset: 0x35b0) 2973286e 	ldp	w14, w10, [x3, #-104]
00000000000035b4 <.rodata+0x484> (File Offset: 0x35b4) 615b205d 	.inst	0x615b205d ; undefined
00000000000035b8 <.rodata+0x488> (File Offset: 0x35b8) 28726464 	ldnp	w4, w25, [x3, #-112]
00000000000035bc <.rodata+0x48c> (File Offset: 0x35bc) 0a5d2973 	and	w19, w11, w29, lsr #10
00000000000035c0 <.rodata+0x490> (File Offset: 0x35c0) 00000000 	udf	#0
00000000000035c4 <.rodata+0x494> (File Offset: 0x35c4) 00000000 	udf	#0
00000000000035c8 <.rodata+0x498> (File Offset: 0x35c8) 6e6f4320 	raddhn2	v0.8h, v25.4s, v15.4s
00000000000035cc <.rodata+0x49c> (File Offset: 0x35cc) 74726576 	.inst	0x74726576 ; undefined
00000000000035d0 <.rodata+0x4a0> (File Offset: 0x35d0) 64646120 	.inst	0x64646120 ; undefined
00000000000035d4 <.rodata+0x4a4> (File Offset: 0x35d4) 73736572 	.inst	0x73736572 ; undefined
00000000000035d8 <.rodata+0x4a8> (File Offset: 0x35d8) 69207365 	stgp	x5, x28, [x27, #-1024]
00000000000035dc <.rodata+0x4ac> (File Offset: 0x35dc) 206f746e 	.inst	0x206f746e ; undefined
00000000000035e0 <.rodata+0x4b0> (File Offset: 0x35e0) 656e696c 	fnmls	z12.h, p2/m, z11.h, z14.h
00000000000035e4 <.rodata+0x4b4> (File Offset: 0x35e4) 6d756e20 	ldp	d0, d27, [x17, #-176]
00000000000035e8 <.rodata+0x4b8> (File Offset: 0x35e8) 2f726562 	.inst	0x2f726562 ; undefined
00000000000035ec <.rodata+0x4bc> (File Offset: 0x35ec) 656c6966 	fnmls	z6.h, p2/m, z11.h, z12.h
00000000000035f0 <.rodata+0x4c0> (File Offset: 0x35f0) 6d616e20 	ldp	d0, d27, [x17, #-496]
00000000000035f4 <.rodata+0x4c4> (File Offset: 0x35f4) 61702065 	.inst	0x61702065 ; undefined
00000000000035f8 <.rodata+0x4c8> (File Offset: 0x35f8) 2e737269 	uabdl	v9.4s, v19.4h, v19.4h
00000000000035fc <.rodata+0x4cc> (File Offset: 0x35fc) 0000000a 	udf	#10
0000000000003600 <.rodata+0x4d0> (File Offset: 0x3600) 20664920 	.inst	0x20664920 ; undefined
0000000000003604 <.rodata+0x4d4> (File Offset: 0x3604) 61206f6e 	.inst	0x61206f6e ; undefined
0000000000003608 <.rodata+0x4d8> (File Offset: 0x3608) 65726464 	fnmls	z4.h, p1/m, z3.h, z18.h
000000000000360c <.rodata+0x4dc> (File Offset: 0x360c) 73657373 	.inst	0x73657373 ; undefined
0000000000003610 <.rodata+0x4e0> (File Offset: 0x3610) 65726120 	fnmls	z0.h, p0/m, z9.h, z18.h
0000000000003614 <.rodata+0x4e4> (File Offset: 0x3614) 65707320 	fnmls	z0.h, p4/m, z25.h, z16.h
0000000000003618 <.rodata+0x4e8> (File Offset: 0x3618) 69666963 	ldpsw	x3, x26, [x11, #-208]
000000000000361c <.rodata+0x4ec> (File Offset: 0x361c) 6f206465 	sqshlu	v5.4s, v3.4s, #0
0000000000003620 <.rodata+0x4f0> (File Offset: 0x3620) 6874206e 	.inst	0x6874206e ; undefined
0000000000003624 <.rodata+0x4f4> (File Offset: 0x3624) 6f632065 	umlal2	v5.4s, v3.8h, v3.h[2]
0000000000003628 <.rodata+0x4f8> (File Offset: 0x3628) 6e616d6d 	umin	v13.8h, v11.8h, v1.8h
000000000000362c <.rodata+0x4fc> (File Offset: 0x362c) 696c2064 	ldpsw	x4, x8, [x3, #-160]
0000000000003630 <.rodata+0x500> (File Offset: 0x3630) 202c656e 	.inst	0x202c656e ; undefined
0000000000003634 <.rodata+0x504> (File Offset: 0x3634) 79656874 	ldrh	w20, [x3, #4788]
0000000000003638 <.rodata+0x508> (File Offset: 0x3638) 6c697720 	ldnp	d0, d29, [x25, #-368]
000000000000363c <.rodata+0x50c> (File Offset: 0x363c) 6562206c 	fmls	z12.h, p0/m, z3.h, z2.h
0000000000003640 <.rodata+0x510> (File Offset: 0x3640) 61657220 	.inst	0x61657220 ; undefined
0000000000003644 <.rodata+0x514> (File Offset: 0x3644) 72662064 	.inst	0x72662064 ; undefined
0000000000003648 <.rodata+0x518> (File Offset: 0x3648) 73206d6f 	.inst	0x73206d6f ; undefined
000000000000364c <.rodata+0x51c> (File Offset: 0x364c) 6e696474 	umax	v20.8h, v3.8h, v9.8h
0000000000003650 <.rodata+0x520> (File Offset: 0x3650) 0000000a 	udf	#10
0000000000003654 <.rodata+0x524> (File Offset: 0x3654) 00000000 	udf	#0
0000000000003658 <.rodata+0x528> (File Offset: 0x3658) 65685420 	fnmla	z0.h, p5/m, z1.h, z8.h
000000000000365c <.rodata+0x52c> (File Offset: 0x365c) 74706f20 	.inst	0x74706f20 ; undefined
0000000000003660 <.rodata+0x530> (File Offset: 0x3660) 736e6f69 	.inst	0x736e6f69 ; undefined
0000000000003664 <.rodata+0x534> (File Offset: 0x3664) 65726120 	fnmls	z0.h, p0/m, z9.h, z18.h
0000000000003668 <.rodata+0x538> (File Offset: 0x3668) 20200a3a 	.inst	0x20200a3a ; undefined
000000000000366c <.rodata+0x53c> (File Offset: 0x366c) 69663c40 	ldpsw	x0, x15, [x2, #-208]
0000000000003670 <.rodata+0x540> (File Offset: 0x3670) 203e656c 	.inst	0x203e656c ; undefined
0000000000003674 <.rodata+0x544> (File Offset: 0x3674) 20202020 	.inst	0x20202020 ; undefined
0000000000003678 <.rodata+0x548> (File Offset: 0x3678) 20202020 	.inst	0x20202020 ; undefined
000000000000367c <.rodata+0x54c> (File Offset: 0x367c) 20202020 	.inst	0x20202020 ; undefined
0000000000003680 <.rodata+0x550> (File Offset: 0x3680) 52202020 	eor	w0, w1, #0x1ff
0000000000003684 <.rodata+0x554> (File Offset: 0x3684) 20646165 	.inst	0x20646165 ; undefined
0000000000003688 <.rodata+0x558> (File Offset: 0x3688) 6974706f 	ldpsw	x15, x28, [x3, #-96]
000000000000368c <.rodata+0x55c> (File Offset: 0x368c) 20736e6f 	.inst	0x20736e6f ; undefined
0000000000003690 <.rodata+0x560> (File Offset: 0x3690) 6d6f7266 	ldp	d6, d28, [x19, #-272]
0000000000003694 <.rodata+0x564> (File Offset: 0x3694) 69663c20 	ldpsw	x0, x15, [x1, #-208]
0000000000003698 <.rodata+0x568> (File Offset: 0x3698) 0a3e656c 	bic	w12, w11, w30, lsl #25
000000000000369c <.rodata+0x56c> (File Offset: 0x369c) 612d2020 	.inst	0x612d2020 ; undefined
00000000000036a0 <.rodata+0x570> (File Offset: 0x36a0) 612d2d20 	.inst	0x612d2d20 ; undefined
00000000000036a4 <.rodata+0x574> (File Offset: 0x36a4) 65726464 	fnmls	z4.h, p1/m, z3.h, z18.h
00000000000036a8 <.rodata+0x578> (File Offset: 0x36a8) 73657373 	.inst	0x73657373 ; undefined
00000000000036ac <.rodata+0x57c> (File Offset: 0x36ac) 20202020 	.inst	0x20202020 ; undefined
00000000000036b0 <.rodata+0x580> (File Offset: 0x36b0) 20202020 	.inst	0x20202020 ; undefined
00000000000036b4 <.rodata+0x584> (File Offset: 0x36b4) 6f685320 	fcmla	v0.8h, v25.8h, v8.h[1], #180
00000000000036b8 <.rodata+0x588> (File Offset: 0x36b8) 64612077 	fmul	z23.h, z3.h, z1.h[4]
00000000000036bc <.rodata+0x58c> (File Offset: 0x36bc) 73657264 	.inst	0x73657264 ; undefined
00000000000036c0 <.rodata+0x590> (File Offset: 0x36c0) 0a736573 	bic	w19, w11, w19, lsr #25
00000000000036c4 <.rodata+0x594> (File Offset: 0x36c4) 622d2020 	.inst	0x622d2020 ; undefined
00000000000036c8 <.rodata+0x598> (File Offset: 0x36c8) 742d2d20 	.inst	0x742d2d20 ; undefined
00000000000036cc <.rodata+0x59c> (File Offset: 0x36cc) 65677261 	fnmls	z1.h, p4/m, z19.h, z7.h
00000000000036d0 <.rodata+0x5a0> (File Offset: 0x36d0) 623c3d74 	.inst	0x623c3d74 ; undefined
00000000000036d4 <.rodata+0x5a4> (File Offset: 0x36d4) 616e6466 	.inst	0x616e6466 ; undefined
00000000000036d8 <.rodata+0x5a8> (File Offset: 0x36d8) 203e656d 	.inst	0x203e656d ; undefined
00000000000036dc <.rodata+0x5ac> (File Offset: 0x36dc) 74655320 	.inst	0x74655320 ; undefined
00000000000036e0 <.rodata+0x5b0> (File Offset: 0x36e0) 65687420 	fnmls	z0.h, p5/m, z1.h, z8.h
00000000000036e4 <.rodata+0x5b4> (File Offset: 0x36e4) 6e696220 	rsubhn2	v0.8h, v17.4s, v9.4s
00000000000036e8 <.rodata+0x5b8> (File Offset: 0x36e8) 20797261 	.inst	0x20797261 ; undefined
00000000000036ec <.rodata+0x5bc> (File Offset: 0x36ec) 656c6966 	fnmls	z6.h, p2/m, z11.h, z12.h
00000000000036f0 <.rodata+0x5c0> (File Offset: 0x36f0) 726f6620 	.inst	0x726f6620 ; undefined
00000000000036f4 <.rodata+0x5c4> (File Offset: 0x36f4) 0a74616d 	bic	w13, w11, w20, lsr #24
00000000000036f8 <.rodata+0x5c8> (File Offset: 0x36f8) 652d2020 	bfmls	z0.h, p0/m, z1.h, z13.h
00000000000036fc <.rodata+0x5cc> (File Offset: 0x36fc) 652d2d20 	bfmls	z0.h, p3/m, z9.h, z13.h
0000000000003700 <.rodata+0x5d0> (File Offset: 0x3700) 3c3d6578 	.inst	0x3c3d6578 ; undefined
0000000000003704 <.rodata+0x5d4> (File Offset: 0x3704) 63657865 	.inst	0x63657865 ; undefined
0000000000003708 <.rodata+0x5d8> (File Offset: 0x3708) 62617475 	.inst	0x62617475 ; undefined
000000000000370c <.rodata+0x5dc> (File Offset: 0x370c) 203e656c 	.inst	0x203e656c ; undefined
0000000000003710 <.rodata+0x5e0> (File Offset: 0x3710) 74655320 	.inst	0x74655320 ; undefined
0000000000003714 <.rodata+0x5e4> (File Offset: 0x3714) 65687420 	fnmls	z0.h, p5/m, z1.h, z8.h
0000000000003718 <.rodata+0x5e8> (File Offset: 0x3718) 706e6920 	adr	x0, 00000000000e043f <ferror@plt+0xdeaaf> (File Offset: 0xe043f)
000000000000371c <.rodata+0x5ec> (File Offset: 0x371c) 66207475 	.inst	0x66207475 ; undefined
0000000000003720 <.rodata+0x5f0> (File Offset: 0x3720) 20656c69 	.inst	0x20656c69 ; undefined
0000000000003724 <.rodata+0x5f4> (File Offset: 0x3724) 656d616e 	fnmls	z14.h, p0/m, z11.h, z13.h
0000000000003728 <.rodata+0x5f8> (File Offset: 0x3728) 65642820 	fmls	z0.h, p2/m, z1.h, z4.h
000000000000372c <.rodata+0x5fc> (File Offset: 0x372c) 6c756166 	ldnp	d6, d24, [x11, #-176]
0000000000003730 <.rodata+0x600> (File Offset: 0x3730) 73692074 	.inst	0x73692074 ; undefined
0000000000003734 <.rodata+0x604> (File Offset: 0x3734) 6f2e6120 	.inst	0x6f2e6120 ; undefined
0000000000003738 <.rodata+0x608> (File Offset: 0x3738) 0a297475 	bic	w21, w3, w9, lsl #29
000000000000373c <.rodata+0x60c> (File Offset: 0x373c) 692d2020 	stgp	x0, x8, [x1, #-608]
0000000000003740 <.rodata+0x610> (File Offset: 0x3740) 692d2d20 	stgp	x0, x11, [x9, #-608]
0000000000003744 <.rodata+0x614> (File Offset: 0x3744) 6e696c6e 	umin	v14.8h, v3.8h, v9.8h
0000000000003748 <.rodata+0x618> (File Offset: 0x3748) 20207365 	.inst	0x20207365 ; undefined
000000000000374c <.rodata+0x61c> (File Offset: 0x374c) 20202020 	.inst	0x20202020 ; undefined
0000000000003750 <.rodata+0x620> (File Offset: 0x3750) 20202020 	.inst	0x20202020 ; undefined
0000000000003754 <.rodata+0x624> (File Offset: 0x3754) 776e5520 	.inst	0x776e5520 ; undefined
0000000000003758 <.rodata+0x628> (File Offset: 0x3758) 20646e69 	.inst	0x20646e69 ; undefined
000000000000375c <.rodata+0x62c> (File Offset: 0x375c) 696c6e69 	ldpsw	x9, x27, [x19, #-160]
0000000000003760 <.rodata+0x630> (File Offset: 0x3760) 2064656e 	.inst	0x2064656e ; undefined
0000000000003764 <.rodata+0x634> (File Offset: 0x3764) 636e7566 	.inst	0x636e7566 ; undefined
0000000000003768 <.rodata+0x638> (File Offset: 0x3768) 6e6f6974 	.inst	0x6e6f6974 ; undefined
000000000000376c <.rodata+0x63c> (File Offset: 0x376c) 20200a73 	.inst	0x20200a73 ; undefined
0000000000003770 <.rodata+0x640> (File Offset: 0x3770) 2d206a2d 	stp	s13, s26, [x17, #-256]
0000000000003774 <.rodata+0x644> (File Offset: 0x3774) 6365732d 	.inst	0x6365732d ; undefined
0000000000003778 <.rodata+0x648> (File Offset: 0x3778) 6e6f6974 	.inst	0x6e6f6974 ; undefined
000000000000377c <.rodata+0x64c> (File Offset: 0x377c) 616e3c3d 	.inst	0x616e3c3d ; undefined
0000000000003780 <.rodata+0x650> (File Offset: 0x3780) 203e656d 	.inst	0x203e656d ; undefined
0000000000003784 <.rodata+0x654> (File Offset: 0x3784) 52202020 	eor	w0, w1, #0x1ff
0000000000003788 <.rodata+0x658> (File Offset: 0x3788) 20646165 	.inst	0x20646165 ; undefined
000000000000378c <.rodata+0x65c> (File Offset: 0x378c) 74636573 	.inst	0x74636573 ; undefined
0000000000003790 <.rodata+0x660> (File Offset: 0x3790) 2d6e6f69 	ldp	s9, s27, [x27, #-144]
0000000000003794 <.rodata+0x664> (File Offset: 0x3794) 616c6572 	.inst	0x616c6572 ; undefined
0000000000003798 <.rodata+0x668> (File Offset: 0x3798) 65766974 	fnmls	z20.h, p2/m, z11.h, z22.h
000000000000379c <.rodata+0x66c> (File Offset: 0x379c) 66666f20 	.inst	0x66666f20 ; undefined
00000000000037a0 <.rodata+0x670> (File Offset: 0x37a0) 73746573 	.inst	0x73746573 ; undefined
00000000000037a4 <.rodata+0x674> (File Offset: 0x37a4) 736e6920 	.inst	0x736e6920 ; undefined
00000000000037a8 <.rodata+0x678> (File Offset: 0x37a8) 64616574 	.inst	0x64616574 ; undefined
00000000000037ac <.rodata+0x67c> (File Offset: 0x37ac) 20666f20 	.inst	0x20666f20 ; undefined
00000000000037b0 <.rodata+0x680> (File Offset: 0x37b0) 72646461 	.inst	0x72646461 ; undefined
00000000000037b4 <.rodata+0x684> (File Offset: 0x37b4) 65737365 	fnmls	z5.h, p4/m, z27.h, z19.h
00000000000037b8 <.rodata+0x688> (File Offset: 0x37b8) 20200a73 	.inst	0x20200a73 ; undefined
00000000000037bc <.rodata+0x68c> (File Offset: 0x37bc) 2d20702d 	stp	s13, s28, [x1, #-256]
00000000000037c0 <.rodata+0x690> (File Offset: 0x37c0) 6572702d 	fnmls	z13.h, p4/m, z1.h, z18.h
00000000000037c4 <.rodata+0x694> (File Offset: 0x37c4) 2d797474 	ldp	s20, s29, [x3, #-56]
00000000000037c8 <.rodata+0x698> (File Offset: 0x37c8) 6e697270 	uabdl2	v16.4s, v19.8h, v9.8h
00000000000037cc <.rodata+0x69c> (File Offset: 0x37cc) 20202074 	.inst	0x20202074 ; undefined
00000000000037d0 <.rodata+0x6a0> (File Offset: 0x37d0) 4d202020 	st4	{v0.b-v3.b}[8], [x1]
00000000000037d4 <.rodata+0x6a4> (File Offset: 0x37d4) 20656b61 	.inst	0x20656b61 ; undefined
00000000000037d8 <.rodata+0x6a8> (File Offset: 0x37d8) 20656874 	.inst	0x20656874 ; undefined
00000000000037dc <.rodata+0x6ac> (File Offset: 0x37dc) 7074756f 	adr	x15, 00000000000ec68b <ferror@plt+0xeacfb> (File Offset: 0xec68b)
00000000000037e0 <.rodata+0x6b0> (File Offset: 0x37e0) 65207475 	.inst	0x65207475 ; undefined
00000000000037e4 <.rodata+0x6b4> (File Offset: 0x37e4) 65697361 	fnmls	z1.h, p4/m, z27.h, z9.h
00000000000037e8 <.rodata+0x6b8> (File Offset: 0x37e8) 6f742072 	umlal2	v18.4s, v3.8h, v4.h[3]
00000000000037ec <.rodata+0x6bc> (File Offset: 0x37ec) 61657220 	.inst	0x61657220 ; undefined
00000000000037f0 <.rodata+0x6c0> (File Offset: 0x37f0) 6f662064 	umlal2	v4.4s, v3.8h, v6.h[2]
00000000000037f4 <.rodata+0x6c4> (File Offset: 0x37f4) 75682072 	.inst	0x75682072 ; undefined
00000000000037f8 <.rodata+0x6c8> (File Offset: 0x37f8) 736e616d 	.inst	0x736e616d ; undefined
00000000000037fc <.rodata+0x6cc> (File Offset: 0x37fc) 2d20200a 	stp	s10, s8, [x0, #-256]
0000000000003800 <.rodata+0x6d0> (File Offset: 0x3800) 2d2d2073 	stp	s19, s8, [x3, #-152]
0000000000003804 <.rodata+0x6d4> (File Offset: 0x3804) 65736162 	fnmls	z2.h, p0/m, z11.h, z19.h
0000000000003808 <.rodata+0x6d8> (File Offset: 0x3808) 656d616e 	fnmls	z14.h, p0/m, z11.h, z13.h
000000000000380c <.rodata+0x6dc> (File Offset: 0x380c) 20202073 	.inst	0x20202073 ; undefined
0000000000003810 <.rodata+0x6e0> (File Offset: 0x3810) 20202020 	.inst	0x20202020 ; undefined
0000000000003814 <.rodata+0x6e4> (File Offset: 0x3814) 74532020 	.inst	0x74532020 ; undefined
0000000000003818 <.rodata+0x6e8> (File Offset: 0x3818) 20706972 	.inst	0x20706972 ; undefined
000000000000381c <.rodata+0x6ec> (File Offset: 0x381c) 65726964 	fnmls	z4.h, p2/m, z11.h, z18.h
0000000000003820 <.rodata+0x6f0> (File Offset: 0x3820) 726f7463 	.inst	0x726f7463 ; undefined
0000000000003824 <.rodata+0x6f4> (File Offset: 0x3824) 616e2079 	.inst	0x616e2079 ; undefined
0000000000003828 <.rodata+0x6f8> (File Offset: 0x3828) 0a73656d 	bic	w13, w11, w19, lsr #25
000000000000382c <.rodata+0x6fc> (File Offset: 0x382c) 662d2020 	.inst	0x662d2020 ; undefined
0000000000003830 <.rodata+0x700> (File Offset: 0x3830) 662d2d20 	.inst	0x662d2d20 ; undefined
0000000000003834 <.rodata+0x704> (File Offset: 0x3834) 74636e75 	.inst	0x74636e75 ; undefined
0000000000003838 <.rodata+0x708> (File Offset: 0x3838) 736e6f69 	.inst	0x736e6f69 ; undefined
000000000000383c <.rodata+0x70c> (File Offset: 0x383c) 20202020 	.inst	0x20202020 ; undefined
0000000000003840 <.rodata+0x710> (File Offset: 0x3840) 20202020 	.inst	0x20202020 ; undefined
0000000000003844 <.rodata+0x714> (File Offset: 0x3844) 6f685320 	fcmla	v0.8h, v25.8h, v8.h[1], #180
0000000000003848 <.rodata+0x718> (File Offset: 0x3848) 75662077 	.inst	0x75662077 ; undefined
000000000000384c <.rodata+0x71c> (File Offset: 0x384c) 6974636e 	ldpsw	x14, x24, [x27, #-96]
0000000000003850 <.rodata+0x720> (File Offset: 0x3850) 6e206e6f 	umin	v15.16b, v19.16b, v0.16b
0000000000003854 <.rodata+0x724> (File Offset: 0x3854) 73656d61 	.inst	0x73656d61 ; undefined
0000000000003858 <.rodata+0x728> (File Offset: 0x3858) 2d20200a 	stp	s10, s8, [x0, #-256]
000000000000385c <.rodata+0x72c> (File Offset: 0x385c) 2d2d2043 	stp	s3, s8, [x2, #-152]
0000000000003860 <.rodata+0x730> (File Offset: 0x3860) 616d6564 	.inst	0x616d6564 ; undefined
0000000000003864 <.rodata+0x734> (File Offset: 0x3864) 656c676e 	fnmls	z14.h, p1/m, z27.h, z12.h
0000000000003868 <.rodata+0x738> (File Offset: 0x3868) 74733d5b 	.inst	0x74733d5b ; undefined
000000000000386c <.rodata+0x73c> (File Offset: 0x386c) 5d656c79 	.inst	0x5d656c79 ; undefined
0000000000003870 <.rodata+0x740> (File Offset: 0x3870) 65442020 	fmaxnmv	h0, p0, z1.h
0000000000003874 <.rodata+0x744> (File Offset: 0x3874) 676e616d 	.inst	0x676e616d ; undefined
0000000000003878 <.rodata+0x748> (File Offset: 0x3878) 6620656c 	.inst	0x6620656c ; undefined
000000000000387c <.rodata+0x74c> (File Offset: 0x387c) 74636e75 	.inst	0x74636e75 ; undefined
0000000000003880 <.rodata+0x750> (File Offset: 0x3880) 206e6f69 	.inst	0x206e6f69 ; undefined
0000000000003884 <.rodata+0x754> (File Offset: 0x3884) 656d616e 	fnmls	z14.h, p0/m, z11.h, z13.h
0000000000003888 <.rodata+0x758> (File Offset: 0x3888) 20200a73 	.inst	0x20200a73 ; undefined
000000000000388c <.rodata+0x75c> (File Offset: 0x388c) 2d20522d 	stp	s13, s20, [x17, #-256]
0000000000003890 <.rodata+0x760> (File Offset: 0x3890) 6365722d 	.inst	0x6365722d ; undefined
0000000000003894 <.rodata+0x764> (File Offset: 0x3894) 65737275 	fnmls	z21.h, p4/m, z19.h, z19.h
0000000000003898 <.rodata+0x768> (File Offset: 0x3898) 6d696c2d 	ldp	d13, d27, [x1, #-368]
000000000000389c <.rodata+0x76c> (File Offset: 0x389c) 20207469 	.inst	0x20207469 ; undefined
00000000000038a0 <.rodata+0x770> (File Offset: 0x38a0) 45202020 	.inst	0x45202020 ; undefined
00000000000038a4 <.rodata+0x774> (File Offset: 0x38a4) 6c62616e 	ldnp	d14, d24, [x11, #-480]
00000000000038a8 <.rodata+0x778> (File Offset: 0x38a8) 20612065 	.inst	0x20612065 ; undefined
00000000000038ac <.rodata+0x77c> (File Offset: 0x38ac) 696d696c 	ldpsw	x12, x26, [x11, #-152]
00000000000038b0 <.rodata+0x780> (File Offset: 0x38b0) 6e6f2074 	usubl2	v20.4s, v3.8h, v15.8h
00000000000038b4 <.rodata+0x784> (File Offset: 0x38b4) 63657220 	.inst	0x63657220 ; undefined
00000000000038b8 <.rodata+0x788> (File Offset: 0x38b8) 69737275 	ldpsw	x21, x28, [x19, #-104]
00000000000038bc <.rodata+0x78c> (File Offset: 0x38bc) 77206e6f 	.inst	0x77206e6f ; undefined
00000000000038c0 <.rodata+0x790> (File Offset: 0x38c0) 736c6968 	.inst	0x736c6968 ; undefined
00000000000038c4 <.rodata+0x794> (File Offset: 0x38c4) 65642074 	fmls	z20.h, p0/m, z3.h, z4.h
00000000000038c8 <.rodata+0x798> (File Offset: 0x38c8) 676e616d 	.inst	0x676e616d ; undefined
00000000000038cc <.rodata+0x79c> (File Offset: 0x38cc) 676e696c 	.inst	0x676e696c ; undefined
00000000000038d0 <.rodata+0x7a0> (File Offset: 0x38d0) 5b20202e 	.inst	0x5b20202e ; undefined
00000000000038d4 <.rodata+0x7a4> (File Offset: 0x38d4) 61666544 	.inst	0x61666544 ; undefined
00000000000038d8 <.rodata+0x7a8> (File Offset: 0x38d8) 5d746c75 	.inst	0x5d746c75 ; undefined
00000000000038dc <.rodata+0x7ac> (File Offset: 0x38dc) 2d20200a 	stp	s10, s8, [x0, #-256]
00000000000038e0 <.rodata+0x7b0> (File Offset: 0x38e0) 2d2d2072 	stp	s18, s8, [x3, #-152]
00000000000038e4 <.rodata+0x7b4> (File Offset: 0x38e4) 722d6f6e 	ands	w14, w27, #0xfff87fff
00000000000038e8 <.rodata+0x7b8> (File Offset: 0x38e8) 72756365 	.inst	0x72756365 ; undefined
00000000000038ec <.rodata+0x7bc> (File Offset: 0x38ec) 6c2d6573 	stnp	d19, d25, [x11, #-304]
00000000000038f0 <.rodata+0x7c0> (File Offset: 0x38f0) 74696d69 	.inst	0x74696d69 ; undefined
00000000000038f4 <.rodata+0x7c4> (File Offset: 0x38f4) 69442020 	ldpsw	x0, x8, [x1, #32]
00000000000038f8 <.rodata+0x7c8> (File Offset: 0x38f8) 6c626173 	ldnp	d19, d24, [x11, #-480]
00000000000038fc <.rodata+0x7cc> (File Offset: 0x38fc) 20612065 	.inst	0x20612065 ; undefined
0000000000003900 <.rodata+0x7d0> (File Offset: 0x3900) 696d696c 	ldpsw	x12, x26, [x11, #-152]
0000000000003904 <.rodata+0x7d4> (File Offset: 0x3904) 6e6f2074 	usubl2	v20.4s, v3.8h, v15.8h
0000000000003908 <.rodata+0x7d8> (File Offset: 0x3908) 63657220 	.inst	0x63657220 ; undefined
000000000000390c <.rodata+0x7dc> (File Offset: 0x390c) 69737275 	ldpsw	x21, x28, [x19, #-104]
0000000000003910 <.rodata+0x7e0> (File Offset: 0x3910) 77206e6f 	.inst	0x77206e6f ; undefined
0000000000003914 <.rodata+0x7e4> (File Offset: 0x3914) 736c6968 	.inst	0x736c6968 ; undefined
0000000000003918 <.rodata+0x7e8> (File Offset: 0x3918) 65642074 	fmls	z20.h, p0/m, z3.h, z4.h
000000000000391c <.rodata+0x7ec> (File Offset: 0x391c) 676e616d 	.inst	0x676e616d ; undefined
0000000000003920 <.rodata+0x7f0> (File Offset: 0x3920) 676e696c 	.inst	0x676e696c ; undefined
0000000000003924 <.rodata+0x7f4> (File Offset: 0x3924) 2d20200a 	stp	s10, s8, [x0, #-256]
0000000000003928 <.rodata+0x7f8> (File Offset: 0x3928) 2d2d2068 	stp	s8, s8, [x3, #-152]
000000000000392c <.rodata+0x7fc> (File Offset: 0x392c) 706c6568 	adr	x8, 00000000000dc5db <ferror@plt+0xdac4b> (File Offset: 0xdc5db)
0000000000003930 <.rodata+0x800> (File Offset: 0x3930) 20202020 	.inst	0x20202020 ; undefined
0000000000003934 <.rodata+0x804> (File Offset: 0x3934) 20202020 	.inst	0x20202020 ; undefined
0000000000003938 <.rodata+0x808> (File Offset: 0x3938) 20202020 	.inst	0x20202020 ; undefined
000000000000393c <.rodata+0x80c> (File Offset: 0x393c) 69442020 	ldpsw	x0, x8, [x1, #32]
0000000000003940 <.rodata+0x810> (File Offset: 0x3940) 616c7073 	.inst	0x616c7073 ; undefined
0000000000003944 <.rodata+0x814> (File Offset: 0x3944) 68742079 	.inst	0x68742079 ; undefined
0000000000003948 <.rodata+0x818> (File Offset: 0x3948) 69207369 	stgp	x9, x28, [x27, #-1024]
000000000000394c <.rodata+0x81c> (File Offset: 0x394c) 726f666e 	.inst	0x726f666e ; undefined
0000000000003950 <.rodata+0x820> (File Offset: 0x3950) 6974616d 	ldpsw	x13, x24, [x11, #-96]
0000000000003954 <.rodata+0x824> (File Offset: 0x3954) 200a6e6f 	.inst	0x200a6e6f ; undefined
0000000000003958 <.rodata+0x828> (File Offset: 0x3958) 20762d20 	.inst	0x20762d20 ; undefined
000000000000395c <.rodata+0x82c> (File Offset: 0x395c) 65762d2d 	fmls	z13.h, p3/m, z9.h, z22.h
0000000000003960 <.rodata+0x830> (File Offset: 0x3960) 6f697372 	fcmla	v18.8h, v27.8h, v9.h[1], #270
0000000000003964 <.rodata+0x834> (File Offset: 0x3964) 2020206e 	.inst	0x2020206e ; undefined
0000000000003968 <.rodata+0x838> (File Offset: 0x3968) 20202020 	.inst	0x20202020 ; undefined
000000000000396c <.rodata+0x83c> (File Offset: 0x396c) 20202020 	.inst	0x20202020 ; undefined
0000000000003970 <.rodata+0x840> (File Offset: 0x3970) 70736944 	adr	x4, 00000000000ea69b <ferror@plt+0xe8d0b> (File Offset: 0xea69b)
0000000000003974 <.rodata+0x844> (File Offset: 0x3974) 2079616c 	.inst	0x2079616c ; undefined
0000000000003978 <.rodata+0x848> (File Offset: 0x3978) 20656874 	.inst	0x20656874 ; undefined
000000000000397c <.rodata+0x84c> (File Offset: 0x397c) 676f7270 	.inst	0x676f7270 ; undefined
0000000000003980 <.rodata+0x850> (File Offset: 0x3980) 276d6172 	.inst	0x276d6172 ; undefined
0000000000003984 <.rodata+0x854> (File Offset: 0x3984) 65762073 	fmls	z19.h, p0/m, z3.h, z22.h
0000000000003988 <.rodata+0x858> (File Offset: 0x3988) 6f697372 	fcmla	v18.8h, v27.8h, v9.h[1], #270
000000000000398c <.rodata+0x85c> (File Offset: 0x398c) 000a0a6e 	.inst	0x000a0a6e ; undefined
0000000000003990 <.rodata+0x860> (File Offset: 0x3990) 70707553 	adr	x19, 00000000000e483b <ferror@plt+0xe2eab> (File Offset: 0xe483b)
0000000000003994 <.rodata+0x864> (File Offset: 0x3994) 6574726f 	fnmls	z15.h, p4/m, z19.h, z20.h
0000000000003998 <.rodata+0x868> (File Offset: 0x3998) 61742064 	.inst	0x61742064 ; undefined
000000000000399c <.rodata+0x86c> (File Offset: 0x399c) 74656772 	.inst	0x74656772 ; undefined
00000000000039a0 <.rodata+0x870> (File Offset: 0x39a0) 00003a73 	udf	#14963
00000000000039a4 <.rodata+0x874> (File Offset: 0x39a4) 00000000 	udf	#0
00000000000039a8 <.rodata+0x878> (File Offset: 0x39a8) 203a7325 	.inst	0x203a7325 ; undefined
00000000000039ac <.rodata+0x87c> (File Offset: 0x39ac) 70707573 	adr	x19, 00000000000e485b <ferror@plt+0xe2ecb> (File Offset: 0xe485b)
00000000000039b0 <.rodata+0x880> (File Offset: 0x39b0) 6574726f 	fnmls	z15.h, p4/m, z19.h, z20.h
00000000000039b4 <.rodata+0x884> (File Offset: 0x39b4) 61742064 	.inst	0x61742064 ; undefined
00000000000039b8 <.rodata+0x888> (File Offset: 0x39b8) 74656772 	.inst	0x74656772 ; undefined
00000000000039bc <.rodata+0x88c> (File Offset: 0x39bc) 00003a73 	udf	#14963
00000000000039c0 <.rodata+0x890> (File Offset: 0x39c0) 6f706552 	sqshlu	v18.2d, v10.2d, #48
00000000000039c4 <.rodata+0x894> (File Offset: 0x39c4) 62207472 	.inst	0x62207472 ; undefined
00000000000039c8 <.rodata+0x898> (File Offset: 0x39c8) 20736775 	.inst	0x20736775 ; undefined
00000000000039cc <.rodata+0x89c> (File Offset: 0x39cc) 25206f74 	whilelo	pn12.b, x27, x0, vlx4
00000000000039d0 <.rodata+0x8a0> (File Offset: 0x39d0) 00000a73 	udf	#2675
00000000000039d4 <.rodata+0x8a4> (File Offset: 0x39d4) 00000000 	udf	#0
00000000000039d8 <.rodata+0x8a8> (File Offset: 0x39d8) 7474683c 	.inst	0x7474683c ; undefined
00000000000039dc <.rodata+0x8ac> (File Offset: 0x39dc) 2f3a7370 	.inst	0x2f3a7370 ; undefined
00000000000039e0 <.rodata+0x8b0> (File Offset: 0x39e0) 756f732f 	.inst	0x756f732f ; undefined
00000000000039e4 <.rodata+0x8b4> (File Offset: 0x39e4) 77656372 	.inst	0x77656372 ; undefined
00000000000039e8 <.rodata+0x8b8> (File Offset: 0x39e8) 2e657261 	uabdl	v1.4s, v19.4h, v5.4h
00000000000039ec <.rodata+0x8bc> (File Offset: 0x39ec) 2f67726f 	fcmla	v15.4h, v19.4h, v7.h[1], #270
00000000000039f0 <.rodata+0x8c0> (File Offset: 0x39f0) 7a677562 	.inst	0x7a677562 ; undefined
00000000000039f4 <.rodata+0x8c4> (File Offset: 0x39f4) 616c6c69 	.inst	0x616c6c69 ; undefined
00000000000039f8 <.rodata+0x8c8> (File Offset: 0x39f8) 00003e2f 	udf	#15919
00000000000039fc <.rodata+0x8cc> (File Offset: 0x39fc) 00000000 	udf	#0
0000000000003a00 <.rodata+0x8d0> (File Offset: 0x3a00) 72646461 	.inst	0x72646461 ; undefined
0000000000003a04 <.rodata+0x8d4> (File Offset: 0x3a04) 65737365 	fnmls	z5.h, p4/m, z27.h, z19.h
0000000000003a08 <.rodata+0x8d8> (File Offset: 0x3a08) 00000073 	udf	#115
0000000000003a0c <.rodata+0x8dc> (File Offset: 0x3a0c) 00000000 	udf	#0
0000000000003a10 <.rodata+0x8e0> (File Offset: 0x3a10) 65736162 	fnmls	z2.h, p0/m, z11.h, z19.h
0000000000003a14 <.rodata+0x8e4> (File Offset: 0x3a14) 656d616e 	fnmls	z14.h, p0/m, z11.h, z13.h
0000000000003a18 <.rodata+0x8e8> (File Offset: 0x3a18) 00000073 	udf	#115
0000000000003a1c <.rodata+0x8ec> (File Offset: 0x3a1c) 00000000 	udf	#0
0000000000003a20 <.rodata+0x8f0> (File Offset: 0x3a20) 616d6564 	.inst	0x616d6564 ; undefined
0000000000003a24 <.rodata+0x8f4> (File Offset: 0x3a24) 656c676e 	fnmls	z14.h, p1/m, z27.h, z12.h
0000000000003a28 <.rodata+0x8f8> (File Offset: 0x3a28) 00000000 	udf	#0
0000000000003a2c <.rodata+0x8fc> (File Offset: 0x3a2c) 00000000 	udf	#0
0000000000003a30 <.rodata+0x900> (File Offset: 0x3a30) 00657865 	.inst	0x00657865 ; undefined
0000000000003a34 <.rodata+0x904> (File Offset: 0x3a34) 00000000 	udf	#0
0000000000003a38 <.rodata+0x908> (File Offset: 0x3a38) 636e7566 	.inst	0x636e7566 ; undefined
0000000000003a3c <.rodata+0x90c> (File Offset: 0x3a3c) 6e6f6974 	.inst	0x6e6f6974 ; undefined
0000000000003a40 <.rodata+0x910> (File Offset: 0x3a40) 00000073 	udf	#115
0000000000003a44 <.rodata+0x914> (File Offset: 0x3a44) 00000000 	udf	#0
0000000000003a48 <.rodata+0x918> (File Offset: 0x3a48) 696c6e69 	ldpsw	x9, x27, [x19, #-160]
0000000000003a4c <.rodata+0x91c> (File Offset: 0x3a4c) 0073656e 	.inst	0x0073656e ; undefined
0000000000003a50 <.rodata+0x920> (File Offset: 0x3a50) 74657270 	.inst	0x74657270 ; undefined
0000000000003a54 <.rodata+0x924> (File Offset: 0x3a54) 702d7974 	adr	x20, 000000000005e983 <ferror@plt+0x5cff3> (File Offset: 0x5e983)
0000000000003a58 <.rodata+0x928> (File Offset: 0x3a58) 746e6972 	.inst	0x746e6972 ; undefined
0000000000003a5c <.rodata+0x92c> (File Offset: 0x3a5c) 00000000 	udf	#0
0000000000003a60 <.rodata+0x930> (File Offset: 0x3a60) 75636572 	.inst	0x75636572 ; undefined
0000000000003a64 <.rodata+0x934> (File Offset: 0x3a64) 2d657372 	ldp	s18, s28, [x27, #-216]
0000000000003a68 <.rodata+0x938> (File Offset: 0x3a68) 696d696c 	ldpsw	x12, x26, [x11, #-152]
0000000000003a6c <.rodata+0x93c> (File Offset: 0x3a6c) 00000074 	udf	#116
0000000000003a70 <.rodata+0x940> (File Offset: 0x3a70) 75636572 	.inst	0x75636572 ; undefined
0000000000003a74 <.rodata+0x944> (File Offset: 0x3a74) 6f697372 	fcmla	v18.8h, v27.8h, v9.h[1], #270
0000000000003a78 <.rodata+0x948> (File Offset: 0x3a78) 696c2d6e 	ldpsw	x14, x11, [x11, #-160]
0000000000003a7c <.rodata+0x94c> (File Offset: 0x3a7c) 0074696d 	.inst	0x0074696d ; undefined
0000000000003a80 <.rodata+0x950> (File Offset: 0x3a80) 722d6f6e 	ands	w14, w27, #0xfff87fff
0000000000003a84 <.rodata+0x954> (File Offset: 0x3a84) 72756365 	.inst	0x72756365 ; undefined
0000000000003a88 <.rodata+0x958> (File Offset: 0x3a88) 6c2d6573 	stnp	d19, d25, [x11, #-304]
0000000000003a8c <.rodata+0x95c> (File Offset: 0x3a8c) 74696d69 	.inst	0x74696d69 ; undefined
0000000000003a90 <.rodata+0x960> (File Offset: 0x3a90) 00000000 	udf	#0
0000000000003a94 <.rodata+0x964> (File Offset: 0x3a94) 00000000 	udf	#0
0000000000003a98 <.rodata+0x968> (File Offset: 0x3a98) 722d6f6e 	ands	w14, w27, #0xfff87fff
0000000000003a9c <.rodata+0x96c> (File Offset: 0x3a9c) 72756365 	.inst	0x72756365 ; undefined
0000000000003aa0 <.rodata+0x970> (File Offset: 0x3aa0) 6e6f6973 	.inst	0x6e6f6973 ; undefined
0000000000003aa4 <.rodata+0x974> (File Offset: 0x3aa4) 6d696c2d 	ldp	d13, d27, [x1, #-368]
0000000000003aa8 <.rodata+0x978> (File Offset: 0x3aa8) 00007469 	udf	#29801
0000000000003aac <.rodata+0x97c> (File Offset: 0x3aac) 00000000 	udf	#0
0000000000003ab0 <.rodata+0x980> (File Offset: 0x3ab0) 74636573 	.inst	0x74636573 ; undefined
0000000000003ab4 <.rodata+0x984> (File Offset: 0x3ab4) 006e6f69 	.inst	0x006e6f69 ; undefined
0000000000003ab8 <.rodata+0x988> (File Offset: 0x3ab8) 67726174 	.inst	0x67726174 ; undefined
0000000000003abc <.rodata+0x98c> (File Offset: 0x3abc) 00007465 	udf	#29797
0000000000003ac0 <.rodata+0x990> (File Offset: 0x3ac0) 706c6568 	adr	x8, 00000000000dc76f <ferror@plt+0xdaddf> (File Offset: 0xdc76f)
0000000000003ac4 <.rodata+0x994> (File Offset: 0x3ac4) 00000000 	udf	#0
0000000000003ac8 <.rodata+0x998> (File Offset: 0x3ac8) 73726576 	.inst	0x73726576 ; undefined
0000000000003acc <.rodata+0x99c> (File Offset: 0x3acc) 006e6f69 	.inst	0x006e6f69 ; undefined
0000000000003ad0 <.rodata+0x9a0> (File Offset: 0x3ad0) fef3fee9 	.inst	0xfef3fee9 ; undefined
0000000000003ad4 <.rodata+0x9a4> (File Offset: 0x3ad4) fef3fef3 	.inst	0xfef3fef3 ; undefined
0000000000003ad8 <.rodata+0x9a8> (File Offset: 0x3ad8) fef3fef3 	.inst	0xfef3fef3 ; undefined
0000000000003adc <.rodata+0x9ac> (File Offset: 0x3adc) fef3fef3 	.inst	0xfef3fef3 ; undefined
0000000000003ae0 <.rodata+0x9b0> (File Offset: 0x3ae0) fef3fef3 	.inst	0xfef3fef3 ; undefined
0000000000003ae4 <.rodata+0x9b4> (File Offset: 0x3ae4) fef3fef3 	.inst	0xfef3fef3 ; undefined
0000000000003ae8 <.rodata+0x9b8> (File Offset: 0x3ae8) fef3fef3 	.inst	0xfef3fef3 ; undefined
0000000000003aec <.rodata+0x9bc> (File Offset: 0x3aec) fef3fef3 	.inst	0xfef3fef3 ; undefined
0000000000003af0 <.rodata+0x9c0> (File Offset: 0x3af0) fef3fef3 	.inst	0xfef3fef3 ; undefined
0000000000003af4 <.rodata+0x9c4> (File Offset: 0x3af4) fef3fef3 	.inst	0xfef3fef3 ; undefined
0000000000003af8 <.rodata+0x9c8> (File Offset: 0x3af8) fef3fef3 	.inst	0xfef3fef3 ; undefined
0000000000003afc <.rodata+0x9cc> (File Offset: 0x3afc) fef3fef3 	.inst	0xfef3fef3 ; undefined
0000000000003b00 <.rodata+0x9d0> (File Offset: 0x3b00) fef3fef3 	.inst	0xfef3fef3 ; undefined
0000000000003b04 <.rodata+0x9d4> (File Offset: 0x3b04) fef3fef3 	.inst	0xfef3fef3 ; undefined
0000000000003b08 <.rodata+0x9d8> (File Offset: 0x3b08) fef3fef3 	.inst	0xfef3fef3 ; undefined
0000000000003b0c <.rodata+0x9dc> (File Offset: 0x3b0c) fef3fef3 	.inst	0xfef3fef3 ; undefined
0000000000003b10 <.rodata+0x9e0> (File Offset: 0x3b10) fef3fef3 	.inst	0xfef3fef3 ; undefined
0000000000003b14 <.rodata+0x9e4> (File Offset: 0x3b14) fef3fef3 	.inst	0xfef3fef3 ; undefined
0000000000003b18 <.rodata+0x9e8> (File Offset: 0x3b18) fef3fef3 	.inst	0xfef3fef3 ; undefined
0000000000003b1c <.rodata+0x9ec> (File Offset: 0x3b1c) fef3fef3 	.inst	0xfef3fef3 ; undefined
0000000000003b20 <.rodata+0x9f0> (File Offset: 0x3b20) fef3fef3 	.inst	0xfef3fef3 ; undefined
0000000000003b24 <.rodata+0x9f4> (File Offset: 0x3b24) fef3fef3 	.inst	0xfef3fef3 ; undefined
0000000000003b28 <.rodata+0x9f8> (File Offset: 0x3b28) fef3fef3 	.inst	0xfef3fef3 ; undefined
0000000000003b2c <.rodata+0x9fc> (File Offset: 0x3b2c) fef3fef3 	.inst	0xfef3fef3 ; undefined
0000000000003b30 <.rodata+0xa00> (File Offset: 0x3b30) fef3fef3 	.inst	0xfef3fef3 ; undefined
0000000000003b34 <.rodata+0xa04> (File Offset: 0x3b34) fef3fef3 	.inst	0xfef3fef3 ; undefined
0000000000003b38 <.rodata+0xa08> (File Offset: 0x3b38) fef3fef3 	.inst	0xfef3fef3 ; undefined
0000000000003b3c <.rodata+0xa0c> (File Offset: 0x3b3c) fef3fef3 	.inst	0xfef3fef3 ; undefined
0000000000003b40 <.rodata+0xa10> (File Offset: 0x3b40) fef3fef3 	.inst	0xfef3fef3 ; undefined
0000000000003b44 <.rodata+0xa14> (File Offset: 0x3b44) fef3fef3 	.inst	0xfef3fef3 ; undefined
0000000000003b48 <.rodata+0xa18> (File Offset: 0x3b48) fef3fef3 	.inst	0xfef3fef3 ; undefined
0000000000003b4c <.rodata+0xa1c> (File Offset: 0x3b4c) fef3fef3 	.inst	0xfef3fef3 ; undefined
0000000000003b50 <.rodata+0xa20> (File Offset: 0x3b50) fef3fef3 	.inst	0xfef3fef3 ; undefined
0000000000003b54 <.rodata+0xa24> (File Offset: 0x3b54) 009ffef3 	.inst	0x009ffef3 ; undefined
0000000000003b58 <.rodata+0xa28> (File Offset: 0x3b58) fef3fef3 	.inst	0xfef3fef3 ; undefined
0000000000003b5c <.rodata+0xa2c> (File Offset: 0x3b5c) fef3fef3 	.inst	0xfef3fef3 ; undefined
0000000000003b60 <.rodata+0xa30> (File Offset: 0x3b60) fef3009a 	.inst	0xfef3009a ; undefined
0000000000003b64 <.rodata+0xa34> (File Offset: 0x3b64) fef3fef3 	.inst	0xfef3fef3 ; undefined
0000000000003b68 <.rodata+0xa38> (File Offset: 0x3b68) fef3fef3 	.inst	0xfef3fef3 ; undefined
0000000000003b6c <.rodata+0xa3c> (File Offset: 0x3b6c) fef3fef3 	.inst	0xfef3fef3 ; undefined
0000000000003b70 <.rodata+0xa40> (File Offset: 0x3b70) fef3fef3 	.inst	0xfef3fef3 ; undefined
0000000000003b74 <.rodata+0xa44> (File Offset: 0x3b74) fef30095 	.inst	0xfef30095 ; undefined
0000000000003b78 <.rodata+0xa48> (File Offset: 0x3b78) fef3fef3 	.inst	0xfef3fef3 ; undefined
0000000000003b7c <.rodata+0xa4c> (File Offset: 0x3b7c) fef30078 	.inst	0xfef30078 ; undefined
0000000000003b80 <.rodata+0xa50> (File Offset: 0x3b80) fef3fef3 	.inst	0xfef3fef3 ; undefined
0000000000003b84 <.rodata+0xa54> (File Offset: 0x3b84) fef3fef3 	.inst	0xfef3fef3 ; undefined
0000000000003b88 <.rodata+0xa58> (File Offset: 0x3b88) fef3fef3 	.inst	0xfef3fef3 ; undefined
0000000000003b8c <.rodata+0xa5c> (File Offset: 0x3b8c) fef3fef3 	.inst	0xfef3fef3 ; undefined
0000000000003b90 <.rodata+0xa60> (File Offset: 0x3b90) 0073fef3 	.inst	0x0073fef3 ; undefined
0000000000003b94 <.rodata+0xa64> (File Offset: 0x3b94) fef301d3 	.inst	0xfef301d3 ; undefined
0000000000003b98 <.rodata+0xa68> (File Offset: 0x3b98) 0000fef3 	udf	#65267
0000000000003b9c <.rodata+0xa6c> (File Offset: 0x3b9c) fef3000b 	.inst	0xfef3000b ; undefined
0000000000003ba0 <.rodata+0xa70> (File Offset: 0x3ba0) 01cb009a 	.inst	0x01cb009a ; undefined
0000000000003ba4 <.rodata+0xa74> (File Offset: 0x3ba4) fef301e1 	.inst	0xfef301e1 ; undefined
0000000000003ba8 <.rodata+0xa78> (File Offset: 0x3ba8) fef3fef3 	.inst	0xfef3fef3 ; undefined
0000000000003bac <.rodata+0xa7c> (File Offset: 0x3bac) fef3fef3 	.inst	0xfef3fef3 ; undefined
0000000000003bb0 <.rodata+0xa80> (File Offset: 0x3bb0) fef301dc 	.inst	0xfef301dc ; undefined
0000000000003bb4 <.rodata+0xa84> (File Offset: 0x3bb4) 000601d7 	.inst	0x000601d7 ; undefined
0000000000003bb8 <.rodata+0xa88> (File Offset: 0x3bb8) fef3fef3 	.inst	0xfef3fef3 ; undefined
0000000000003bbc <.rodata+0xa8c> (File Offset: 0x3bbc) Address 0x3bbc is out of bounds.


Disassembly of section .eh_frame_hdr:
0000000000003bc0 <.eh_frame_hdr> (File Offset: 0x3bc0) 3b031b01 	.inst	0x3b031b01 ; undefined
0000000000003bc4 <.eh_frame_hdr+0x4> (File Offset: 0x3bc4) 0000006c 	udf	#108
0000000000003bc8 <.eh_frame_hdr+0x8> (File Offset: 0x3bc8) 0000000c 	udf	#12
0000000000003bcc <.eh_frame_hdr+0xc> (File Offset: 0x3bcc) ffffde00 	.inst	0xffffde00 ; undefined
0000000000003bd0 <.eh_frame_hdr+0x10> (File Offset: 0x3bd0) 000001fc 	udf	#508
0000000000003bd4 <.eh_frame_hdr+0x14> (File Offset: 0x3bd4) ffffdf80 	.inst	0xffffdf80 ; undefined
0000000000003bd8 <.eh_frame_hdr+0x18> (File Offset: 0x3bd8) 00000174 	udf	#372
0000000000003bdc <.eh_frame_hdr+0x1c> (File Offset: 0x3bdc) ffffdfe4 	.inst	0xffffdfe4 ; undefined
0000000000003be0 <.eh_frame_hdr+0x20> (File Offset: 0x3be0) 00000194 	udf	#404
0000000000003be4 <.eh_frame_hdr+0x24> (File Offset: 0x3be4) ffffe064 	.inst	0xffffe064 ; undefined
0000000000003be8 <.eh_frame_hdr+0x28> (File Offset: 0x3be8) 000001b8 	udf	#440
0000000000003bec <.eh_frame_hdr+0x2c> (File Offset: 0x3bec) ffffe0e0 	.inst	0xffffe0e0 ; undefined
0000000000003bf0 <.eh_frame_hdr+0x30> (File Offset: 0x3bf0) 000001e0 	udf	#480
0000000000003bf4 <.eh_frame_hdr+0x34> (File Offset: 0x3bf4) ffffe180 	.inst	0xffffe180 ; undefined
0000000000003bf8 <.eh_frame_hdr+0x38> (File Offset: 0x3bf8) 00000084 	udf	#132
0000000000003bfc <.eh_frame_hdr+0x3c> (File Offset: 0x3bfc) ffffe1e0 	.inst	0xffffe1e0 ; undefined
0000000000003c00 <.eh_frame_hdr+0x40> (File Offset: 0x3c00) 00000098 	udf	#152
0000000000003c04 <.eh_frame_hdr+0x44> (File Offset: 0x3c04) ffffe210 	.inst	0xffffe210 ; undefined
0000000000003c08 <.eh_frame_hdr+0x48> (File Offset: 0x3c08) 000000ac 	udf	#172
0000000000003c0c <.eh_frame_hdr+0x4c> (File Offset: 0x3c0c) ffffe24c 	.inst	0xffffe24c ; undefined
0000000000003c10 <.eh_frame_hdr+0x50> (File Offset: 0x3c10) 000000c0 	udf	#192
0000000000003c14 <.eh_frame_hdr+0x54> (File Offset: 0x3c14) ffffe2a0 	.inst	0xffffe2a0 ; undefined
0000000000003c18 <.eh_frame_hdr+0x58> (File Offset: 0x3c18) 000000e8 	udf	#232
0000000000003c1c <.eh_frame_hdr+0x5c> (File Offset: 0x3c1c) ffffe2c0 	.inst	0xffffe2c0 ; undefined
0000000000003c20 <.eh_frame_hdr+0x60> (File Offset: 0x3c20) 00000100 	udf	#256
0000000000003c24 <.eh_frame_hdr+0x64> (File Offset: 0x3c24) fffff4c0 	.inst	0xfffff4c0 ; undefined
0000000000003c28 <.eh_frame_hdr+0x68> (File Offset: 0x3c28) 00000144 	udf	#324

Disassembly of section .eh_frame:
0000000000003c30 <.eh_frame> (File Offset: 0x3c30) 00000010 	udf	#16
0000000000003c34 <.eh_frame+0x4> (File Offset: 0x3c34) 00000000 	udf	#0
0000000000003c38 <.eh_frame+0x8> (File Offset: 0x3c38) 00527a01 	.inst	0x00527a01 ; undefined
0000000000003c3c <.eh_frame+0xc> (File Offset: 0x3c3c) 011e7804 	.inst	0x011e7804 ; undefined
0000000000003c40 <.eh_frame+0x10> (File Offset: 0x3c40) 001f0c1b 	.inst	0x001f0c1b ; undefined
0000000000003c44 <.eh_frame+0x14> (File Offset: 0x3c44) 00000010 	udf	#16
0000000000003c48 <.eh_frame+0x18> (File Offset: 0x3c48) 00000018 	udf	#24
0000000000003c4c <.eh_frame+0x1c> (File Offset: 0x3c4c) ffffe0f4 	.inst	0xffffe0f4 ; undefined
0000000000003c50 <.eh_frame+0x20> (File Offset: 0x3c50) 00000034 	udf	#52
0000000000003c54 <.eh_frame+0x24> (File Offset: 0x3c54) 1e074100 	.inst	0x1e074100 ; undefined
0000000000003c58 <.eh_frame+0x28> (File Offset: 0x3c58) 00000010 	udf	#16
0000000000003c5c <.eh_frame+0x2c> (File Offset: 0x3c5c) 0000002c 	udf	#44
0000000000003c60 <.eh_frame+0x30> (File Offset: 0x3c60) ffffe140 	.inst	0xffffe140 ; undefined
0000000000003c64 <.eh_frame+0x34> (File Offset: 0x3c64) 00000030 	udf	#48
0000000000003c68 <.eh_frame+0x38> (File Offset: 0x3c68) 00000000 	udf	#0
0000000000003c6c <.eh_frame+0x3c> (File Offset: 0x3c6c) 00000010 	udf	#16
0000000000003c70 <.eh_frame+0x40> (File Offset: 0x3c70) 00000040 	udf	#64
0000000000003c74 <.eh_frame+0x44> (File Offset: 0x3c74) ffffe15c 	.inst	0xffffe15c ; undefined
0000000000003c78 <.eh_frame+0x48> (File Offset: 0x3c78) 0000003c 	udf	#60
0000000000003c7c <.eh_frame+0x4c> (File Offset: 0x3c7c) 00000000 	udf	#0
0000000000003c80 <.eh_frame+0x50> (File Offset: 0x3c80) 00000024 	udf	#36
0000000000003c84 <.eh_frame+0x54> (File Offset: 0x3c84) 00000054 	udf	#84
0000000000003c88 <.eh_frame+0x58> (File Offset: 0x3c88) ffffe184 	.inst	0xffffe184 ; undefined
0000000000003c8c <.eh_frame+0x5c> (File Offset: 0x3c8c) 00000050 	udf	#80
0000000000003c90 <.eh_frame+0x60> (File Offset: 0x3c90) 412d4100 	.inst	0x412d4100 ; undefined
0000000000003c94 <.eh_frame+0x64> (File Offset: 0x3c94) 049d200e 	eorqv	v14.4s, p0, z0.s
0000000000003c98 <.eh_frame+0x68> (File Offset: 0x3c98) 9342039e 	sbfm	x30, x28, #2, #0
0000000000003c9c <.eh_frame+0x6c> (File Offset: 0x3c9c) ddde4e02 	.inst	0xddde4e02 ; undefined
0000000000003ca0 <.eh_frame+0x70> (File Offset: 0x3ca0) 41000ed3 	.inst	0x41000ed3 ; undefined
0000000000003ca4 <.eh_frame+0x74> (File Offset: 0x3ca4) 0000002d 	udf	#45
0000000000003ca8 <.eh_frame+0x78> (File Offset: 0x3ca8) 00000014 	udf	#20
0000000000003cac <.eh_frame+0x7c> (File Offset: 0x3cac) 0000007c 	udf	#124
0000000000003cb0 <.eh_frame+0x80> (File Offset: 0x3cb0) ffffe1b0 	.inst	0xffffe1b0 ; undefined
0000000000003cb4 <.eh_frame+0x84> (File Offset: 0x3cb4) 00000008 	udf	#8
0000000000003cb8 <.eh_frame+0x88> (File Offset: 0x3cb8) 00000000 	udf	#0
0000000000003cbc <.eh_frame+0x8c> (File Offset: 0x3cbc) 00000000 	udf	#0
0000000000003cc0 <.eh_frame+0x90> (File Offset: 0x3cc0) 00000040 	udf	#64
0000000000003cc4 <.eh_frame+0x94> (File Offset: 0x3cc4) 00000094 	udf	#148
0000000000003cc8 <.eh_frame+0x98> (File Offset: 0x3cc8) ffffe1b8 	.inst	0xffffe1b8 ; undefined
0000000000003ccc <.eh_frame+0x9c> (File Offset: 0x3ccc) 00001200 	udf	#4608
0000000000003cd0 <.eh_frame+0xa0> (File Offset: 0x3cd0) e00e4100 	ld1b	{za0h.b[w14, 0]}, p0/z, [x8, x14]
0000000000003cd4 <.eh_frame+0xa4> (File Offset: 0x3cd4) 9e2c9d02 	.inst	0x9e2c9d02 ; undefined
0000000000003cd8 <.eh_frame+0xa8> (File Offset: 0x3cd8) 2a93422b 	orr	w11, w17, w19, asr #16
0000000000003cdc <.eh_frame+0xac> (File Offset: 0x3cdc) 95452994 	bl	000000000514e32c <ferror@plt+0x514c99c> (File Offset: 0x514e32c)
0000000000003ce0 <.eh_frame+0xb0> (File Offset: 0x3ce0) 97279628 	bl	fffffffffc9e9580 <ferror@plt+0xfffffffffc9e7bf0> (File Offset: 0xfffffffffc9e9580)
0000000000003ce4 <.eh_frame+0xb4> (File Offset: 0x3ce4) 44259826 	.inst	0x44259826 ; undefined
0000000000003ce8 <.eh_frame+0xb8> (File Offset: 0x3ce8) 239a2499 	.inst	0x239a2499 ; undefined
0000000000003cec <.eh_frame+0xbc> (File Offset: 0x3cec) 219c229b 	.inst	0x219c229b ; undefined
0000000000003cf0 <.eh_frame+0xc0> (File Offset: 0x3cf0) 0a021403 	and	w3, w0, w2, lsl #5
0000000000003cf4 <.eh_frame+0xc4> (File Offset: 0x3cf4) dcdbddde 	.inst	0xdcdbddde ; undefined
0000000000003cf8 <.eh_frame+0xc8> (File Offset: 0x3cf8) d8d7dad9 	prfm	#0x19, fffffffffffb3850 <ferror@plt+0xfffffffffffb1ec0> (File Offset: 0xfffffffffffb3850)
0000000000003cfc <.eh_frame+0xcc> (File Offset: 0x3cfc) d4d3d6d5 	.inst	0xd4d3d6d5 ; undefined
0000000000003d00 <.eh_frame+0xd0> (File Offset: 0x3d00) 0b41000e 	add	w14, w0, w1, lsr #0
0000000000003d04 <.eh_frame+0xd4> (File Offset: 0x3d04) 0000002c 	udf	#44
0000000000003d08 <.eh_frame+0xd8> (File Offset: 0x3d08) 000000d8 	udf	#216
0000000000003d0c <.eh_frame+0xdc> (File Offset: 0x3d0c) fffff374 	.inst	0xfffff374 ; undefined
0000000000003d10 <.eh_frame+0xe0> (File Offset: 0x3d10) 00000098 	udf	#152
0000000000003d14 <.eh_frame+0xe4> (File Offset: 0x3d14) 200e4100 	.inst	0x200e4100 ; undefined
0000000000003d18 <.eh_frame+0xe8> (File Offset: 0x3d18) 039e049d 	.inst	0x039e049d ; undefined
0000000000003d1c <.eh_frame+0xec> (File Offset: 0x3d1c) 94029342 	bl	00000000000a8a24 <ferror@plt+0xa7094> (File Offset: 0xa8a24)
0000000000003d20 <.eh_frame+0xf0> (File Offset: 0x3d20) de0a5401 	.inst	0xde0a5401 ; undefined
0000000000003d24 <.eh_frame+0xf4> (File Offset: 0x3d24) 0ed4d3dd 	.inst	0x0ed4d3dd ; undefined
0000000000003d28 <.eh_frame+0xf8> (File Offset: 0x3d28) 4c0b4200 	.inst	0x4c0b4200 ; undefined
0000000000003d2c <.eh_frame+0xfc> (File Offset: 0x3d2c) d4d3ddde 	.inst	0xd4d3ddde ; undefined
0000000000003d30 <.eh_frame+0x100> (File Offset: 0x3d30) 0000000e 	udf	#14
0000000000003d34 <.eh_frame+0x104> (File Offset: 0x3d34) 0000001c 	udf	#28
0000000000003d38 <.eh_frame+0x108> (File Offset: 0x3d38) 00000108 	udf	#264
0000000000003d3c <.eh_frame+0x10c> (File Offset: 0x3d3c) ffffde04 	.inst	0xffffde04 ; undefined
0000000000003d40 <.eh_frame+0x110> (File Offset: 0x3d40) 00000064 	udf	#100
0000000000003d44 <.eh_frame+0x114> (File Offset: 0x3d44) 900e4100 	adrp	x0, 000000001c823000 <ferror@plt+0x1c821670> (File Offset: 0x1c823000)
0000000000003d48 <.eh_frame+0x118> (File Offset: 0x3d48) 9e229d02 	.inst	0x9e229d02 ; undefined
0000000000003d4c <.eh_frame+0x11c> (File Offset: 0x3d4c) ddde5721 	.inst	0xddde5721 ; undefined
0000000000003d50 <.eh_frame+0x120> (File Offset: 0x3d50) 0000000e 	udf	#14
0000000000003d54 <.eh_frame+0x124> (File Offset: 0x3d54) 00000020 	udf	#32
0000000000003d58 <.eh_frame+0x128> (File Offset: 0x3d58) 00000128 	udf	#296
0000000000003d5c <.eh_frame+0x12c> (File Offset: 0x3d5c) ffffde48 	.inst	0xffffde48 ; undefined
0000000000003d60 <.eh_frame+0x130> (File Offset: 0x3d60) 00000080 	udf	#128
0000000000003d64 <.eh_frame+0x134> (File Offset: 0x3d64) 200e4100 	.inst	0x200e4100 ; undefined
0000000000003d68 <.eh_frame+0x138> (File Offset: 0x3d68) 039e049d 	.inst	0x039e049d ; undefined
0000000000003d6c <.eh_frame+0x13c> (File Offset: 0x3d6c) 46029342 	.inst	0x46029342 ; undefined
0000000000003d70 <.eh_frame+0x140> (File Offset: 0x3d70) d3ddde0a 	.inst	0xd3ddde0a ; undefined
0000000000003d74 <.eh_frame+0x144> (File Offset: 0x3d74) 0b41000e 	add	w14, w0, w1, lsr #0
0000000000003d78 <.eh_frame+0x148> (File Offset: 0x3d78) 00000024 	udf	#36
0000000000003d7c <.eh_frame+0x14c> (File Offset: 0x3d7c) 0000014c 	udf	#332
0000000000003d80 <.eh_frame+0x150> (File Offset: 0x3d80) ffffdea4 	.inst	0xffffdea4 ; undefined
0000000000003d84 <.eh_frame+0x154> (File Offset: 0x3d84) 0000007c 	udf	#124
0000000000003d88 <.eh_frame+0x158> (File Offset: 0x3d88) 500e4100 	adr	x0, 00000000000205aa <ferror@plt+0x1ec1a> (File Offset: 0x205aa)
0000000000003d8c <.eh_frame+0x15c> (File Offset: 0x3d8c) 099e0a9d 	.inst	0x099e0a9d ; undefined
0000000000003d90 <.eh_frame+0x160> (File Offset: 0x3d90) 94089344 	bl	0000000000228aa0 <ferror@plt+0x227110> (File Offset: 0x228aa0)
0000000000003d94 <.eh_frame+0x164> (File Offset: 0x3d94) 06954207 	.inst	0x06954207 ; undefined
0000000000003d98 <.eh_frame+0x168> (File Offset: 0x3d98) d5ddde57 	.inst	0xd5ddde57 ; undefined
0000000000003d9c <.eh_frame+0x16c> (File Offset: 0x3d9c) 000ed4d3 	.inst	0x000ed4d3 ; undefined
0000000000003da0 <.eh_frame+0x170> (File Offset: 0x3da0) 00000018 	udf	#24
0000000000003da4 <.eh_frame+0x174> (File Offset: 0x3da4) 00000174 	udf	#372
0000000000003da8 <.eh_frame+0x178> (File Offset: 0x3da8) ffffdef8 	.inst	0xffffdef8 ; undefined
0000000000003dac <.eh_frame+0x17c> (File Offset: 0x3dac) 00000064 	udf	#100
0000000000003db0 <.eh_frame+0x180> (File Offset: 0x3db0) 900e4100 	adrp	x0, 000000001c823000 <ferror@plt+0x1c821670> (File Offset: 0x1c823000)
0000000000003db4 <.eh_frame+0x184> (File Offset: 0x3db4) 9e229d02 	.inst	0x9e229d02 ; undefined
0000000000003db8 <.eh_frame+0x188> (File Offset: 0x3db8) 00000021 	udf	#33
0000000000003dbc <.eh_frame+0x18c> (File Offset: 0x3dbc) 00000024 	udf	#36
0000000000003dc0 <.eh_frame+0x190> (File Offset: 0x3dc0) 00000190 	udf	#400
0000000000003dc4 <.eh_frame+0x194> (File Offset: 0x3dc4) ffffdbfc 	.inst	0xffffdbfc ; undefined
0000000000003dc8 <.eh_frame+0x198> (File Offset: 0x3dc8) 00000168 	udf	#360
0000000000003dcc <.eh_frame+0x19c> (File Offset: 0x3dcc) 400e4100 	.inst	0x400e4100 ; undefined
0000000000003dd0 <.eh_frame+0x1a0> (File Offset: 0x3dd0) 079e089d 	.inst	0x079e089d ; undefined
0000000000003dd4 <.eh_frame+0x1a4> (File Offset: 0x3dd4) 96049543 	bl	fffffffff81292e0 <ferror@plt+0xfffffffff8127950> (File Offset: 0xfffffffff81292e0)
0000000000003dd8 <.eh_frame+0x1a8> (File Offset: 0x3dd8) 06934203 	.inst	0x06934203 ; undefined
0000000000003ddc <.eh_frame+0x1ac> (File Offset: 0x3ddc) 97460594 	bl	fffffffffd18542c <ferror@plt+0xfffffffffd183a9c> (File Offset: 0xfffffffffd18542c)
0000000000003de0 <.eh_frame+0x1b0> (File Offset: 0x3de0) 00000002 	udf	#2
0000000000003de4 <.eh_frame+0x1b4> (File Offset: 0x3de4) 00000000 	udf	#0

Disassembly of section .note.ABI-tag:
0000000000003de8 <.note.ABI-tag> (File Offset: 0x3de8) 00000004 	udf	#4
0000000000003dec <.note.ABI-tag+0x4> (File Offset: 0x3dec) 00000010 	udf	#16
0000000000003df0 <.note.ABI-tag+0x8> (File Offset: 0x3df0) 00000001 	udf	#1
0000000000003df4 <.note.ABI-tag+0xc> (File Offset: 0x3df4) 00554e47 	.inst	0x00554e47 ; undefined
0000000000003df8 <.note.ABI-tag+0x10> (File Offset: 0x3df8) 00000000 	udf	#0
0000000000003dfc <.note.ABI-tag+0x14> (File Offset: 0x3dfc) 00000003 	udf	#3
0000000000003e00 <.note.ABI-tag+0x18> (File Offset: 0x3e00) 00000007 	udf	#7
0000000000003e04 <.note.ABI-tag+0x1c> (File Offset: 0x3e04) 00000000 	udf	#0

Disassembly of section .note.package:
0000000000003e08 <.note.package> (File Offset: 0x3e08) 00000004 	udf	#4
0000000000003e0c <.note.package+0x4> (File Offset: 0x3e0c) 0000005c 	udf	#92
0000000000003e10 <.note.package+0x8> (File Offset: 0x3e10) cafe1a7e 	eon	x30, x19, x30, ror #6
0000000000003e14 <.note.package+0xc> (File Offset: 0x3e14) 004f4446 	.inst	0x004f4446 ; undefined
0000000000003e18 <.note.package+0x10> (File Offset: 0x3e18) 7974227b 	ldrh	w27, [x19, #6672]
0000000000003e1c <.note.package+0x14> (File Offset: 0x3e1c) 3a226570 	.inst	0x3a226570 ; undefined
0000000000003e20 <.note.package+0x18> (File Offset: 0x3e20) 62656422 	.inst	0x62656422 ; undefined
0000000000003e24 <.note.package+0x1c> (File Offset: 0x3e24) 6f222c22 	.inst	0x6f222c22 ; undefined
0000000000003e28 <.note.package+0x20> (File Offset: 0x3e28) 223a2273 	.inst	0x223a2273 ; undefined
0000000000003e2c <.note.package+0x24> (File Offset: 0x3e2c) 69626564 	ldpsw	x4, x25, [x11, #-240]
0000000000003e30 <.note.package+0x28> (File Offset: 0x3e30) 2c226e61 	stnp	s1, s27, [x19, #-240]
0000000000003e34 <.note.package+0x2c> (File Offset: 0x3e34) 6d616e22 	ldp	d2, d27, [x17, #-496]
0000000000003e38 <.note.package+0x30> (File Offset: 0x3e38) 223a2265 	.inst	0x223a2265 ; undefined
0000000000003e3c <.note.package+0x34> (File Offset: 0x3e3c) 756e6962 	.inst	0x756e6962 ; undefined
0000000000003e40 <.note.package+0x38> (File Offset: 0x3e40) 736c6974 	.inst	0x736c6974 ; undefined
0000000000003e44 <.note.package+0x3c> (File Offset: 0x3e44) 76222c22 	.inst	0x76222c22 ; undefined
0000000000003e48 <.note.package+0x40> (File Offset: 0x3e48) 69737265 	ldpsw	x5, x28, [x19, #-104]
0000000000003e4c <.note.package+0x44> (File Offset: 0x3e4c) 3a226e6f 	.inst	0x3a226e6f ; undefined
0000000000003e50 <.note.package+0x48> (File Offset: 0x3e50) 342e3222 	cbz	w2, 0000000000060494 <ferror@plt+0x5eb04> (File Offset: 0x60494)
0000000000003e54 <.note.package+0x4c> (File Offset: 0x3e54) 22332d34 	.inst	0x22332d34 ; undefined
0000000000003e58 <.note.package+0x50> (File Offset: 0x3e58) 7261222c 	.inst	0x7261222c ; undefined
0000000000003e5c <.note.package+0x54> (File Offset: 0x3e5c) 74696863 	.inst	0x74696863 ; undefined
0000000000003e60 <.note.package+0x58> (File Offset: 0x3e60) 75746365 	.inst	0x75746365 ; undefined
0000000000003e64 <.note.package+0x5c> (File Offset: 0x3e64) 3a226572 	.inst	0x3a226572 ; undefined
0000000000003e68 <.note.package+0x60> (File Offset: 0x3e68) 6d726122 	ldp	d2, d24, [x9, #-224]
0000000000003e6c <.note.package+0x64> (File Offset: 0x3e6c) 7d223436 	str	h22, [x1, #4378]
0000000000003e70 <.note.package+0x68> (File Offset: 0x3e70) 00000000 	udf	#0

Disassembly of section .init_array:
000000000001fd80 <.init_array> (File Offset: 0xfd80) 00001e60 	udf	#7776
000000000001fd84 <.init_array+0x4> (File Offset: 0xfd84) 00000000 	udf	#0

Disassembly of section .fini_array:
000000000001fd88 <.fini_array> (File Offset: 0xfd88) 00001e0c 	udf	#7692
000000000001fd8c <.fini_array+0x4> (File Offset: 0xfd8c) 00000000 	udf	#0

Disassembly of section .dynamic:
000000000001fd90 <.dynamic> (File Offset: 0xfd90) 00000001 	udf	#1
000000000001fd94 <.dynamic+0x4> (File Offset: 0xfd94) 00000000 	udf	#0
000000000001fd98 <.dynamic+0x8> (File Offset: 0xfd98) 000002f0 	udf	#752
000000000001fd9c <.dynamic+0xc> (File Offset: 0xfd9c) 00000000 	udf	#0
000000000001fda0 <.dynamic+0x10> (File Offset: 0xfda0) 00000001 	udf	#1
000000000001fda4 <.dynamic+0x14> (File Offset: 0xfda4) 00000000 	udf	#0
000000000001fda8 <.dynamic+0x18> (File Offset: 0xfda8) 00000306 	udf	#774
000000000001fdac <.dynamic+0x1c> (File Offset: 0xfdac) 00000000 	udf	#0
000000000001fdb0 <.dynamic+0x20> (File Offset: 0xfdb0) 0000000c 	udf	#12
000000000001fdb4 <.dynamic+0x24> (File Offset: 0xfdb4) 00000000 	udf	#0
000000000001fdb8 <.dynamic+0x28> (File Offset: 0xfdb8) 000015b8 	udf	#5560
000000000001fdbc <.dynamic+0x2c> (File Offset: 0xfdbc) 00000000 	udf	#0
000000000001fdc0 <.dynamic+0x30> (File Offset: 0xfdc0) 0000000d 	udf	#13
000000000001fdc4 <.dynamic+0x34> (File Offset: 0xfdc4) 00000000 	udf	#0
000000000001fdc8 <.dynamic+0x38> (File Offset: 0xfdc8) 00003118 	udf	#12568
000000000001fdcc <.dynamic+0x3c> (File Offset: 0xfdcc) 00000000 	udf	#0
000000000001fdd0 <.dynamic+0x40> (File Offset: 0xfdd0) 00000019 	udf	#25
000000000001fdd4 <.dynamic+0x44> (File Offset: 0xfdd4) 00000000 	udf	#0
000000000001fdd8 <.dynamic+0x48> (File Offset: 0xfdd8) 0001fd80 	.inst	0x0001fd80 ; undefined
000000000001fddc <.dynamic+0x4c> (File Offset: 0xfddc) 00000000 	udf	#0
000000000001fde0 <.dynamic+0x50> (File Offset: 0xfde0) 0000001b 	udf	#27
000000000001fde4 <.dynamic+0x54> (File Offset: 0xfde4) 00000000 	udf	#0
000000000001fde8 <.dynamic+0x58> (File Offset: 0xfde8) 00000008 	udf	#8
000000000001fdec <.dynamic+0x5c> (File Offset: 0xfdec) 00000000 	udf	#0
000000000001fdf0 <.dynamic+0x60> (File Offset: 0xfdf0) 0000001a 	udf	#26
000000000001fdf4 <.dynamic+0x64> (File Offset: 0xfdf4) 00000000 	udf	#0
000000000001fdf8 <.dynamic+0x68> (File Offset: 0xfdf8) 0001fd88 	.inst	0x0001fd88 ; undefined
000000000001fdfc <.dynamic+0x6c> (File Offset: 0xfdfc) 00000000 	udf	#0
000000000001fe00 <.dynamic+0x70> (File Offset: 0xfe00) 0000001c 	udf	#28
000000000001fe04 <.dynamic+0x74> (File Offset: 0xfe04) 00000000 	udf	#0
000000000001fe08 <.dynamic+0x78> (File Offset: 0xfe08) 00000008 	udf	#8
000000000001fe0c <.dynamic+0x7c> (File Offset: 0xfe0c) 00000000 	udf	#0
000000000001fe10 <.dynamic+0x80> (File Offset: 0xfe10) 6ffffef5 	.inst	0x6ffffef5 ; undefined
000000000001fe14 <.dynamic+0x84> (File Offset: 0xfe14) 00000000 	udf	#0
000000000001fe18 <.dynamic+0x88> (File Offset: 0xfe18) 000002b0 	udf	#688
000000000001fe1c <.dynamic+0x8c> (File Offset: 0xfe1c) 00000000 	udf	#0
000000000001fe20 <.dynamic+0x90> (File Offset: 0xfe20) 00000005 	udf	#5
000000000001fe24 <.dynamic+0x94> (File Offset: 0xfe24) 00000000 	udf	#0
000000000001fe28 <.dynamic+0x98> (File Offset: 0xfe28) 00000960 	udf	#2400
000000000001fe2c <.dynamic+0x9c> (File Offset: 0xfe2c) 00000000 	udf	#0
000000000001fe30 <.dynamic+0xa0> (File Offset: 0xfe30) 00000006 	udf	#6
000000000001fe34 <.dynamic+0xa4> (File Offset: 0xfe34) 00000000 	udf	#0
000000000001fe38 <.dynamic+0xa8> (File Offset: 0xfe38) 000002d0 	udf	#720
000000000001fe3c <.dynamic+0xac> (File Offset: 0xfe3c) 00000000 	udf	#0
000000000001fe40 <.dynamic+0xb0> (File Offset: 0xfe40) 0000000a 	udf	#10
000000000001fe44 <.dynamic+0xb4> (File Offset: 0xfe44) 00000000 	udf	#0
000000000001fe48 <.dynamic+0xb8> (File Offset: 0xfe48) 0000033c 	udf	#828
000000000001fe4c <.dynamic+0xbc> (File Offset: 0xfe4c) 00000000 	udf	#0
000000000001fe50 <.dynamic+0xc0> (File Offset: 0xfe50) 0000000b 	udf	#11
000000000001fe54 <.dynamic+0xc4> (File Offset: 0xfe54) 00000000 	udf	#0
000000000001fe58 <.dynamic+0xc8> (File Offset: 0xfe58) 00000018 	udf	#24
000000000001fe5c <.dynamic+0xcc> (File Offset: 0xfe5c) 00000000 	udf	#0
000000000001fe60 <.dynamic+0xd0> (File Offset: 0xfe60) 00000015 	udf	#21
000000000001fe64 <.dynamic+0xd4> (File Offset: 0xfe64) 00000000 	udf	#0
000000000001fe68 <.dynamic+0xd8> (File Offset: 0xfe68) 00000000 	udf	#0
000000000001fe6c <.dynamic+0xdc> (File Offset: 0xfe6c) 00000000 	udf	#0
000000000001fe70 <.dynamic+0xe0> (File Offset: 0xfe70) 00000003 	udf	#3
000000000001fe74 <.dynamic+0xe4> (File Offset: 0xfe74) 00000000 	udf	#0
000000000001fe78 <.dynamic+0xe8> (File Offset: 0xfe78) 0001ffe8 	.inst	0x0001ffe8 ; undefined
000000000001fe7c <.dynamic+0xec> (File Offset: 0xfe7c) 00000000 	udf	#0
000000000001fe80 <.dynamic+0xf0> (File Offset: 0xfe80) 00000002 	udf	#2
000000000001fe84 <.dynamic+0xf4> (File Offset: 0xfe84) 00000000 	udf	#0
000000000001fe88 <.dynamic+0xf8> (File Offset: 0xfe88) 00000570 	udf	#1392
000000000001fe8c <.dynamic+0xfc> (File Offset: 0xfe8c) 00000000 	udf	#0
000000000001fe90 <.dynamic+0x100> (File Offset: 0xfe90) 00000014 	udf	#20
000000000001fe94 <.dynamic+0x104> (File Offset: 0xfe94) 00000000 	udf	#0
000000000001fe98 <.dynamic+0x108> (File Offset: 0xfe98) 00000007 	udf	#7
000000000001fe9c <.dynamic+0x10c> (File Offset: 0xfe9c) 00000000 	udf	#0
000000000001fea0 <.dynamic+0x110> (File Offset: 0xfea0) 00000017 	udf	#23
000000000001fea4 <.dynamic+0x114> (File Offset: 0xfea4) 00000000 	udf	#0
000000000001fea8 <.dynamic+0x118> (File Offset: 0xfea8) 00001048 	udf	#4168
000000000001feac <.dynamic+0x11c> (File Offset: 0xfeac) 00000000 	udf	#0
000000000001feb0 <.dynamic+0x120> (File Offset: 0xfeb0) 00000007 	udf	#7
000000000001feb4 <.dynamic+0x124> (File Offset: 0xfeb4) 00000000 	udf	#0
000000000001feb8 <.dynamic+0x128> (File Offset: 0xfeb8) 00000d78 	udf	#3448
000000000001febc <.dynamic+0x12c> (File Offset: 0xfebc) 00000000 	udf	#0
000000000001fec0 <.dynamic+0x130> (File Offset: 0xfec0) 00000008 	udf	#8
000000000001fec4 <.dynamic+0x134> (File Offset: 0xfec4) 00000000 	udf	#0
000000000001fec8 <.dynamic+0x138> (File Offset: 0xfec8) 000002d0 	udf	#720
000000000001fecc <.dynamic+0x13c> (File Offset: 0xfecc) 00000000 	udf	#0
000000000001fed0 <.dynamic+0x140> (File Offset: 0xfed0) 00000009 	udf	#9
000000000001fed4 <.dynamic+0x144> (File Offset: 0xfed4) 00000000 	udf	#0
000000000001fed8 <.dynamic+0x148> (File Offset: 0xfed8) 00000018 	udf	#24
000000000001fedc <.dynamic+0x14c> (File Offset: 0xfedc) 00000000 	udf	#0
000000000001fee0 <.dynamic+0x150> (File Offset: 0xfee0) 6ffffffb 	.inst	0x6ffffffb ; undefined
000000000001fee4 <.dynamic+0x154> (File Offset: 0xfee4) 00000000 	udf	#0
000000000001fee8 <.dynamic+0x158> (File Offset: 0xfee8) 08000000 	stxrb	w0, w0, [x0]
000000000001feec <.dynamic+0x15c> (File Offset: 0xfeec) 00000000 	udf	#0
000000000001fef0 <.dynamic+0x160> (File Offset: 0xfef0) 6ffffffe 	.inst	0x6ffffffe ; undefined
000000000001fef4 <.dynamic+0x164> (File Offset: 0xfef4) 00000000 	udf	#0
000000000001fef8 <.dynamic+0x168> (File Offset: 0xfef8) 00000d28 	udf	#3368
000000000001fefc <.dynamic+0x16c> (File Offset: 0xfefc) 00000000 	udf	#0
000000000001ff00 <.dynamic+0x170> (File Offset: 0xff00) 6fffffff 	.inst	0x6fffffff ; undefined
000000000001ff04 <.dynamic+0x174> (File Offset: 0xff04) 00000000 	udf	#0
000000000001ff08 <.dynamic+0x178> (File Offset: 0xff08) 00000001 	udf	#1
000000000001ff0c <.dynamic+0x17c> (File Offset: 0xff0c) 00000000 	udf	#0
000000000001ff10 <.dynamic+0x180> (File Offset: 0xff10) 6ffffff0 	.inst	0x6ffffff0 ; undefined
000000000001ff14 <.dynamic+0x184> (File Offset: 0xff14) 00000000 	udf	#0
000000000001ff18 <.dynamic+0x188> (File Offset: 0xff18) 00000c9c 	udf	#3228
000000000001ff1c <.dynamic+0x18c> (File Offset: 0xff1c) 00000000 	udf	#0
000000000001ff20 <.dynamic+0x190> (File Offset: 0xff20) 6ffffff9 	.inst	0x6ffffff9 ; undefined
000000000001ff24 <.dynamic+0x194> (File Offset: 0xff24) 00000000 	udf	#0
000000000001ff28 <.dynamic+0x198> (File Offset: 0xff28) 00000013 	udf	#19
000000000001ff2c <.dynamic+0x19c> (File Offset: 0xff2c) 00000000 	udf	#0
000000000001ff30 <.dynamic+0x1a0> (File Offset: 0xff30) 00000000 	udf	#0
000000000001ff34 <.dynamic+0x1a4> (File Offset: 0xff34) 00000000 	udf	#0
000000000001ff38 <.dynamic+0x1a8> (File Offset: 0xff38) 00000000 	udf	#0
000000000001ff3c <.dynamic+0x1ac> (File Offset: 0xff3c) 00000000 	udf	#0
000000000001ff40 <.dynamic+0x1b0> (File Offset: 0xff40) 00000000 	udf	#0
000000000001ff44 <.dynamic+0x1b4> (File Offset: 0xff44) 00000000 	udf	#0
000000000001ff48 <.dynamic+0x1b8> (File Offset: 0xff48) 00000000 	udf	#0
000000000001ff4c <.dynamic+0x1bc> (File Offset: 0xff4c) 00000000 	udf	#0
000000000001ff50 <.dynamic+0x1c0> (File Offset: 0xff50) 00000000 	udf	#0
000000000001ff54 <.dynamic+0x1c4> (File Offset: 0xff54) 00000000 	udf	#0
000000000001ff58 <.dynamic+0x1c8> (File Offset: 0xff58) 00000000 	udf	#0
000000000001ff5c <.dynamic+0x1cc> (File Offset: 0xff5c) 00000000 	udf	#0
000000000001ff60 <.dynamic+0x1d0> (File Offset: 0xff60) 00000000 	udf	#0
000000000001ff64 <.dynamic+0x1d4> (File Offset: 0xff64) 00000000 	udf	#0
000000000001ff68 <.dynamic+0x1d8> (File Offset: 0xff68) 00000000 	udf	#0
000000000001ff6c <.dynamic+0x1dc> (File Offset: 0xff6c) 00000000 	udf	#0
000000000001ff70 <.dynamic+0x1e0> (File Offset: 0xff70) 00000000 	udf	#0
000000000001ff74 <.dynamic+0x1e4> (File Offset: 0xff74) 00000000 	udf	#0
000000000001ff78 <.dynamic+0x1e8> (File Offset: 0xff78) 00000000 	udf	#0
000000000001ff7c <.dynamic+0x1ec> (File Offset: 0xff7c) 00000000 	udf	#0

Disassembly of section .got:
000000000001ff80 <.got> (File Offset: 0xff80) 0001fd90 	.inst	0x0001fd90 ; undefined
000000000001ff84 <.got+0x4> (File Offset: 0xff84) 00000000 	udf	#0
000000000001ff88 <.got+0x8> (File Offset: 0xff88) 00000000 	udf	#0
000000000001ff8c <.got+0xc> (File Offset: 0xff8c) 00000000 	udf	#0
000000000001ff90 <.got+0x10> (File Offset: 0xff90) 00000000 	udf	#0
000000000001ff94 <.got+0x14> (File Offset: 0xff94) 00000000 	udf	#0
000000000001ff98 <.got+0x18> (File Offset: 0xff98) 00000000 	udf	#0
000000000001ff9c <.got+0x1c> (File Offset: 0xff9c) 00000000 	udf	#0
000000000001ffa0 <.got+0x20> (File Offset: 0xffa0) 00000000 	udf	#0
000000000001ffa4 <.got+0x24> (File Offset: 0xffa4) 00000000 	udf	#0
000000000001ffa8 <.got+0x28> (File Offset: 0xffa8) 00000000 	udf	#0
000000000001ffac <.got+0x2c> (File Offset: 0xffac) 00000000 	udf	#0
000000000001ffb0 <.got+0x30> (File Offset: 0xffb0) 00000000 	udf	#0
000000000001ffb4 <.got+0x34> (File Offset: 0xffb4) 00000000 	udf	#0
000000000001ffb8 <.got+0x38> (File Offset: 0xffb8) 00000000 	udf	#0
000000000001ffbc <.got+0x3c> (File Offset: 0xffbc) 00000000 	udf	#0
000000000001ffc0 <.got+0x40> (File Offset: 0xffc0) 00000000 	udf	#0
000000000001ffc4 <.got+0x44> (File Offset: 0xffc4) 00000000 	udf	#0
000000000001ffc8 <.got+0x48> (File Offset: 0xffc8) 00000000 	udf	#0
000000000001ffcc <.got+0x4c> (File Offset: 0xffcc) 00000000 	udf	#0
000000000001ffd0 <.got+0x50> (File Offset: 0xffd0) 00001e80 	udf	#7808
000000000001ffd4 <.got+0x54> (File Offset: 0xffd4) 00000000 	udf	#0
000000000001ffd8 <.got+0x58> (File Offset: 0xffd8) 00000000 	udf	#0
000000000001ffdc <.got+0x5c> (File Offset: 0xffdc) 00000000 	udf	#0
000000000001ffe0 <.got+0x60> (File Offset: 0xffe0) 00000000 	udf	#0
000000000001ffe4 <.got+0x64> (File Offset: 0xffe4) 00000000 	udf	#0

Disassembly of section .got.plt:
000000000001ffe8 <.got.plt> (File Offset: 0xffe8) 00000000 	udf	#0
000000000001ffec <.got.plt+0x4> (File Offset: 0xffec) 00000000 	udf	#0
000000000001fff0 <.got.plt+0x8> (File Offset: 0xfff0) 00000000 	udf	#0
000000000001fff4 <.got.plt+0xc> (File Offset: 0xfff4) 00000000 	udf	#0
000000000001fff8 <.got.plt+0x10> (File Offset: 0xfff8) 00000000 	udf	#0
000000000001fffc <.got.plt+0x14> (File Offset: 0xfffc) 00000000 	udf	#0
0000000000020000 <.got.plt+0x18> (File Offset: 0x10000) 000015e0 	udf	#5600
0000000000020004 <.got.plt+0x1c> (File Offset: 0x10004) 00000000 	udf	#0
0000000000020008 <.got.plt+0x20> (File Offset: 0x10008) 000015e0 	udf	#5600
000000000002000c <.got.plt+0x24> (File Offset: 0x1000c) 00000000 	udf	#0
0000000000020010 <.got.plt+0x28> (File Offset: 0x10010) 000015e0 	udf	#5600
0000000000020014 <.got.plt+0x2c> (File Offset: 0x10014) 00000000 	udf	#0
0000000000020018 <.got.plt+0x30> (File Offset: 0x10018) 000015e0 	udf	#5600
000000000002001c <.got.plt+0x34> (File Offset: 0x1001c) 00000000 	udf	#0
0000000000020020 <.got.plt+0x38> (File Offset: 0x10020) 000015e0 	udf	#5600
0000000000020024 <.got.plt+0x3c> (File Offset: 0x10024) 00000000 	udf	#0
0000000000020028 <.got.plt+0x40> (File Offset: 0x10028) 000015e0 	udf	#5600
000000000002002c <.got.plt+0x44> (File Offset: 0x1002c) 00000000 	udf	#0
0000000000020030 <.got.plt+0x48> (File Offset: 0x10030) 000015e0 	udf	#5600
0000000000020034 <.got.plt+0x4c> (File Offset: 0x10034) 00000000 	udf	#0
0000000000020038 <.got.plt+0x50> (File Offset: 0x10038) 000015e0 	udf	#5600
000000000002003c <.got.plt+0x54> (File Offset: 0x1003c) 00000000 	udf	#0
0000000000020040 <.got.plt+0x58> (File Offset: 0x10040) 000015e0 	udf	#5600
0000000000020044 <.got.plt+0x5c> (File Offset: 0x10044) 00000000 	udf	#0
0000000000020048 <.got.plt+0x60> (File Offset: 0x10048) 000015e0 	udf	#5600
000000000002004c <.got.plt+0x64> (File Offset: 0x1004c) 00000000 	udf	#0
0000000000020050 <.got.plt+0x68> (File Offset: 0x10050) 000015e0 	udf	#5600
0000000000020054 <.got.plt+0x6c> (File Offset: 0x10054) 00000000 	udf	#0
0000000000020058 <.got.plt+0x70> (File Offset: 0x10058) 000015e0 	udf	#5600
000000000002005c <.got.plt+0x74> (File Offset: 0x1005c) 00000000 	udf	#0
0000000000020060 <.got.plt+0x78> (File Offset: 0x10060) 000015e0 	udf	#5600
0000000000020064 <.got.plt+0x7c> (File Offset: 0x10064) 00000000 	udf	#0
0000000000020068 <.got.plt+0x80> (File Offset: 0x10068) 000015e0 	udf	#5600
000000000002006c <.got.plt+0x84> (File Offset: 0x1006c) 00000000 	udf	#0
0000000000020070 <.got.plt+0x88> (File Offset: 0x10070) 000015e0 	udf	#5600
0000000000020074 <.got.plt+0x8c> (File Offset: 0x10074) 00000000 	udf	#0
0000000000020078 <.got.plt+0x90> (File Offset: 0x10078) 000015e0 	udf	#5600
000000000002007c <.got.plt+0x94> (File Offset: 0x1007c) 00000000 	udf	#0
0000000000020080 <.got.plt+0x98> (File Offset: 0x10080) 000015e0 	udf	#5600
0000000000020084 <.got.plt+0x9c> (File Offset: 0x10084) 00000000 	udf	#0
0000000000020088 <.got.plt+0xa0> (File Offset: 0x10088) 000015e0 	udf	#5600
000000000002008c <.got.plt+0xa4> (File Offset: 0x1008c) 00000000 	udf	#0
0000000000020090 <.got.plt+0xa8> (File Offset: 0x10090) 000015e0 	udf	#5600
0000000000020094 <.got.plt+0xac> (File Offset: 0x10094) 00000000 	udf	#0
0000000000020098 <.got.plt+0xb0> (File Offset: 0x10098) 000015e0 	udf	#5600
000000000002009c <.got.plt+0xb4> (File Offset: 0x1009c) 00000000 	udf	#0
00000000000200a0 <.got.plt+0xb8> (File Offset: 0x100a0) 000015e0 	udf	#5600
00000000000200a4 <.got.plt+0xbc> (File Offset: 0x100a4) 00000000 	udf	#0
00000000000200a8 <.got.plt+0xc0> (File Offset: 0x100a8) 000015e0 	udf	#5600
00000000000200ac <.got.plt+0xc4> (File Offset: 0x100ac) 00000000 	udf	#0
00000000000200b0 <.got.plt+0xc8> (File Offset: 0x100b0) 000015e0 	udf	#5600
00000000000200b4 <.got.plt+0xcc> (File Offset: 0x100b4) 00000000 	udf	#0
00000000000200b8 <.got.plt+0xd0> (File Offset: 0x100b8) 000015e0 	udf	#5600
00000000000200bc <.got.plt+0xd4> (File Offset: 0x100bc) 00000000 	udf	#0
00000000000200c0 <.got.plt+0xd8> (File Offset: 0x100c0) 000015e0 	udf	#5600
00000000000200c4 <.got.plt+0xdc> (File Offset: 0x100c4) 00000000 	udf	#0
00000000000200c8 <.got.plt+0xe0> (File Offset: 0x100c8) 000015e0 	udf	#5600
00000000000200cc <.got.plt+0xe4> (File Offset: 0x100cc) 00000000 	udf	#0
00000000000200d0 <.got.plt+0xe8> (File Offset: 0x100d0) 000015e0 	udf	#5600
00000000000200d4 <.got.plt+0xec> (File Offset: 0x100d4) 00000000 	udf	#0
00000000000200d8 <.got.plt+0xf0> (File Offset: 0x100d8) 000015e0 	udf	#5600
00000000000200dc <.got.plt+0xf4> (File Offset: 0x100dc) 00000000 	udf	#0
00000000000200e0 <.got.plt+0xf8> (File Offset: 0x100e0) 000015e0 	udf	#5600
00000000000200e4 <.got.plt+0xfc> (File Offset: 0x100e4) 00000000 	udf	#0
00000000000200e8 <.got.plt+0x100> (File Offset: 0x100e8) 000015e0 	udf	#5600
00000000000200ec <.got.plt+0x104> (File Offset: 0x100ec) 00000000 	udf	#0
00000000000200f0 <.got.plt+0x108> (File Offset: 0x100f0) 000015e0 	udf	#5600
00000000000200f4 <.got.plt+0x10c> (File Offset: 0x100f4) 00000000 	udf	#0
00000000000200f8 <.got.plt+0x110> (File Offset: 0x100f8) 000015e0 	udf	#5600
00000000000200fc <.got.plt+0x114> (File Offset: 0x100fc) 00000000 	udf	#0
0000000000020100 <.got.plt+0x118> (File Offset: 0x10100) 000015e0 	udf	#5600
0000000000020104 <.got.plt+0x11c> (File Offset: 0x10104) 00000000 	udf	#0
0000000000020108 <.got.plt+0x120> (File Offset: 0x10108) 000015e0 	udf	#5600
000000000002010c <.got.plt+0x124> (File Offset: 0x1010c) 00000000 	udf	#0
0000000000020110 <.got.plt+0x128> (File Offset: 0x10110) 000015e0 	udf	#5600
0000000000020114 <.got.plt+0x12c> (File Offset: 0x10114) 00000000 	udf	#0
0000000000020118 <.got.plt+0x130> (File Offset: 0x10118) 000015e0 	udf	#5600
000000000002011c <.got.plt+0x134> (File Offset: 0x1011c) 00000000 	udf	#0
0000000000020120 <.got.plt+0x138> (File Offset: 0x10120) 000015e0 	udf	#5600
0000000000020124 <.got.plt+0x13c> (File Offset: 0x10124) 00000000 	udf	#0
0000000000020128 <.got.plt+0x140> (File Offset: 0x10128) 000015e0 	udf	#5600
000000000002012c <.got.plt+0x144> (File Offset: 0x1012c) 00000000 	udf	#0
0000000000020130 <.got.plt+0x148> (File Offset: 0x10130) 000015e0 	udf	#5600
0000000000020134 <.got.plt+0x14c> (File Offset: 0x10134) 00000000 	udf	#0
0000000000020138 <.got.plt+0x150> (File Offset: 0x10138) 000015e0 	udf	#5600
000000000002013c <.got.plt+0x154> (File Offset: 0x1013c) 00000000 	udf	#0
0000000000020140 <.got.plt+0x158> (File Offset: 0x10140) 000015e0 	udf	#5600
0000000000020144 <.got.plt+0x15c> (File Offset: 0x10144) 00000000 	udf	#0
0000000000020148 <.got.plt+0x160> (File Offset: 0x10148) 000015e0 	udf	#5600
000000000002014c <.got.plt+0x164> (File Offset: 0x1014c) 00000000 	udf	#0
0000000000020150 <.got.plt+0x168> (File Offset: 0x10150) 000015e0 	udf	#5600
0000000000020154 <.got.plt+0x16c> (File Offset: 0x10154) 00000000 	udf	#0
0000000000020158 <.got.plt+0x170> (File Offset: 0x10158) 000015e0 	udf	#5600
000000000002015c <.got.plt+0x174> (File Offset: 0x1015c) 00000000 	udf	#0
0000000000020160 <.got.plt+0x178> (File Offset: 0x10160) 000015e0 	udf	#5600
0000000000020164 <.got.plt+0x17c> (File Offset: 0x10164) 00000000 	udf	#0
0000000000020168 <.got.plt+0x180> (File Offset: 0x10168) 000015e0 	udf	#5600
000000000002016c <.got.plt+0x184> (File Offset: 0x1016c) 00000000 	udf	#0
0000000000020170 <.got.plt+0x188> (File Offset: 0x10170) 000015e0 	udf	#5600
0000000000020174 <.got.plt+0x18c> (File Offset: 0x10174) 00000000 	udf	#0
0000000000020178 <.got.plt+0x190> (File Offset: 0x10178) 000015e0 	udf	#5600
000000000002017c <.got.plt+0x194> (File Offset: 0x1017c) 00000000 	udf	#0
0000000000020180 <.got.plt+0x198> (File Offset: 0x10180) 000015e0 	udf	#5600
0000000000020184 <.got.plt+0x19c> (File Offset: 0x10184) 00000000 	udf	#0
0000000000020188 <.got.plt+0x1a0> (File Offset: 0x10188) 000015e0 	udf	#5600
000000000002018c <.got.plt+0x1a4> (File Offset: 0x1018c) 00000000 	udf	#0
0000000000020190 <.got.plt+0x1a8> (File Offset: 0x10190) 000015e0 	udf	#5600
0000000000020194 <.got.plt+0x1ac> (File Offset: 0x10194) 00000000 	udf	#0
0000000000020198 <.got.plt+0x1b0> (File Offset: 0x10198) 000015e0 	udf	#5600
000000000002019c <.got.plt+0x1b4> (File Offset: 0x1019c) 00000000 	udf	#0
00000000000201a0 <.got.plt+0x1b8> (File Offset: 0x101a0) 000015e0 	udf	#5600
00000000000201a4 <.got.plt+0x1bc> (File Offset: 0x101a4) 00000000 	udf	#0
00000000000201a8 <.got.plt+0x1c0> (File Offset: 0x101a8) 000015e0 	udf	#5600
00000000000201ac <.got.plt+0x1c4> (File Offset: 0x101ac) 00000000 	udf	#0
00000000000201b0 <.got.plt+0x1c8> (File Offset: 0x101b0) 000015e0 	udf	#5600
00000000000201b4 <.got.plt+0x1cc> (File Offset: 0x101b4) 00000000 	udf	#0
00000000000201b8 <.got.plt+0x1d0> (File Offset: 0x101b8) 000015e0 	udf	#5600
00000000000201bc <.got.plt+0x1d4> (File Offset: 0x101bc) 00000000 	udf	#0
00000000000201c0 <.got.plt+0x1d8> (File Offset: 0x101c0) 000015e0 	udf	#5600
00000000000201c4 <.got.plt+0x1dc> (File Offset: 0x101c4) 00000000 	udf	#0
00000000000201c8 <.got.plt+0x1e0> (File Offset: 0x101c8) 000015e0 	udf	#5600
00000000000201cc <.got.plt+0x1e4> (File Offset: 0x101cc) 00000000 	udf	#0

Disassembly of section .data:
00000000000201d0 <.data> (File Offset: 0x101d0) 00000000 	udf	#0
00000000000201d4 <.data+0x4> (File Offset: 0x101d4) 00000000 	udf	#0
00000000000201d8 <.data+0x8> (File Offset: 0x101d8) 000201d8 	.inst	0x000201d8 ; undefined
00000000000201dc <.data+0xc> (File Offset: 0x101dc) 00000000 	udf	#0
00000000000201e0 <.data+0x10> (File Offset: 0x101e0) 00000003 	udf	#3
00000000000201e4 <.data+0x14> (File Offset: 0x101e4) 00000000 	udf	#0
00000000000201e8 <.data+0x18> (File Offset: 0x101e8) 00003a00 	udf	#14848
00000000000201ec <.data+0x1c> (File Offset: 0x101ec) 00000000 	udf	#0
00000000000201f0 <.data+0x20> (File Offset: 0x101f0) 00000000 	udf	#0
00000000000201f4 <.data+0x24> (File Offset: 0x101f4) 00000000 	udf	#0
00000000000201f8 <.data+0x28> (File Offset: 0x101f8) 00000000 	udf	#0
00000000000201fc <.data+0x2c> (File Offset: 0x101fc) 00000000 	udf	#0
0000000000020200 <.data+0x30> (File Offset: 0x10200) 00000061 	udf	#97
0000000000020204 <.data+0x34> (File Offset: 0x10204) 00000000 	udf	#0
0000000000020208 <.data+0x38> (File Offset: 0x10208) 00003a10 	udf	#14864
000000000002020c <.data+0x3c> (File Offset: 0x1020c) 00000000 	udf	#0
0000000000020210 <.data+0x40> (File Offset: 0x10210) 00000000 	udf	#0
0000000000020214 <.data+0x44> (File Offset: 0x10214) 00000000 	udf	#0
0000000000020218 <.data+0x48> (File Offset: 0x10218) 00000000 	udf	#0
000000000002021c <.data+0x4c> (File Offset: 0x1021c) 00000000 	udf	#0
0000000000020220 <.data+0x50> (File Offset: 0x10220) 00000073 	udf	#115
0000000000020224 <.data+0x54> (File Offset: 0x10224) 00000000 	udf	#0
0000000000020228 <.data+0x58> (File Offset: 0x10228) 00003a20 	udf	#14880
000000000002022c <.data+0x5c> (File Offset: 0x1022c) 00000000 	udf	#0
0000000000020230 <.data+0x60> (File Offset: 0x10230) 00000002 	udf	#2
0000000000020234 <.data+0x64> (File Offset: 0x10234) 00000000 	udf	#0
0000000000020238 <.data+0x68> (File Offset: 0x10238) 00000000 	udf	#0
000000000002023c <.data+0x6c> (File Offset: 0x1023c) 00000000 	udf	#0
0000000000020240 <.data+0x70> (File Offset: 0x10240) 00000043 	udf	#67
0000000000020244 <.data+0x74> (File Offset: 0x10244) 00000000 	udf	#0
0000000000020248 <.data+0x78> (File Offset: 0x10248) 00003a30 	udf	#14896
000000000002024c <.data+0x7c> (File Offset: 0x1024c) 00000000 	udf	#0
0000000000020250 <.data+0x80> (File Offset: 0x10250) 00000001 	udf	#1
0000000000020254 <.data+0x84> (File Offset: 0x10254) 00000000 	udf	#0
0000000000020258 <.data+0x88> (File Offset: 0x10258) 00000000 	udf	#0
000000000002025c <.data+0x8c> (File Offset: 0x1025c) 00000000 	udf	#0
0000000000020260 <.data+0x90> (File Offset: 0x10260) 00000065 	udf	#101
0000000000020264 <.data+0x94> (File Offset: 0x10264) 00000000 	udf	#0
0000000000020268 <.data+0x98> (File Offset: 0x10268) 00003a38 	udf	#14904
000000000002026c <.data+0x9c> (File Offset: 0x1026c) 00000000 	udf	#0
0000000000020270 <.data+0xa0> (File Offset: 0x10270) 00000000 	udf	#0
0000000000020274 <.data+0xa4> (File Offset: 0x10274) 00000000 	udf	#0
0000000000020278 <.data+0xa8> (File Offset: 0x10278) 00000000 	udf	#0
000000000002027c <.data+0xac> (File Offset: 0x1027c) 00000000 	udf	#0
0000000000020280 <.data+0xb0> (File Offset: 0x10280) 00000066 	udf	#102
0000000000020284 <.data+0xb4> (File Offset: 0x10284) 00000000 	udf	#0
0000000000020288 <.data+0xb8> (File Offset: 0x10288) 00003a48 	udf	#14920
000000000002028c <.data+0xbc> (File Offset: 0x1028c) 00000000 	udf	#0
0000000000020290 <.data+0xc0> (File Offset: 0x10290) 00000000 	udf	#0
0000000000020294 <.data+0xc4> (File Offset: 0x10294) 00000000 	udf	#0
0000000000020298 <.data+0xc8> (File Offset: 0x10298) 00000000 	udf	#0
000000000002029c <.data+0xcc> (File Offset: 0x1029c) 00000000 	udf	#0
00000000000202a0 <.data+0xd0> (File Offset: 0x102a0) 00000069 	udf	#105
00000000000202a4 <.data+0xd4> (File Offset: 0x102a4) 00000000 	udf	#0
00000000000202a8 <.data+0xd8> (File Offset: 0x102a8) 00003a50 	udf	#14928
00000000000202ac <.data+0xdc> (File Offset: 0x102ac) 00000000 	udf	#0
00000000000202b0 <.data+0xe0> (File Offset: 0x102b0) 00000000 	udf	#0
00000000000202b4 <.data+0xe4> (File Offset: 0x102b4) 00000000 	udf	#0
00000000000202b8 <.data+0xe8> (File Offset: 0x102b8) 00000000 	udf	#0
00000000000202bc <.data+0xec> (File Offset: 0x102bc) 00000000 	udf	#0
00000000000202c0 <.data+0xf0> (File Offset: 0x102c0) 00000070 	udf	#112
00000000000202c4 <.data+0xf4> (File Offset: 0x102c4) 00000000 	udf	#0
00000000000202c8 <.data+0xf8> (File Offset: 0x102c8) 00003a60 	udf	#14944
00000000000202cc <.data+0xfc> (File Offset: 0x102cc) 00000000 	udf	#0
00000000000202d0 <.data+0x100> (File Offset: 0x102d0) 00000000 	udf	#0
00000000000202d4 <.data+0x104> (File Offset: 0x102d4) 00000000 	udf	#0
00000000000202d8 <.data+0x108> (File Offset: 0x102d8) 00000000 	udf	#0
00000000000202dc <.data+0x10c> (File Offset: 0x102dc) 00000000 	udf	#0
00000000000202e0 <.data+0x110> (File Offset: 0x102e0) 00000052 	udf	#82
00000000000202e4 <.data+0x114> (File Offset: 0x102e4) 00000000 	udf	#0
00000000000202e8 <.data+0x118> (File Offset: 0x102e8) 00003a70 	udf	#14960
00000000000202ec <.data+0x11c> (File Offset: 0x102ec) 00000000 	udf	#0
00000000000202f0 <.data+0x120> (File Offset: 0x102f0) 00000000 	udf	#0
00000000000202f4 <.data+0x124> (File Offset: 0x102f4) 00000000 	udf	#0
00000000000202f8 <.data+0x128> (File Offset: 0x102f8) 00000000 	udf	#0
00000000000202fc <.data+0x12c> (File Offset: 0x102fc) 00000000 	udf	#0
0000000000020300 <.data+0x130> (File Offset: 0x10300) 00000052 	udf	#82
0000000000020304 <.data+0x134> (File Offset: 0x10304) 00000000 	udf	#0
0000000000020308 <.data+0x138> (File Offset: 0x10308) 00003a80 	udf	#14976
000000000002030c <.data+0x13c> (File Offset: 0x1030c) 00000000 	udf	#0
0000000000020310 <.data+0x140> (File Offset: 0x10310) 00000000 	udf	#0
0000000000020314 <.data+0x144> (File Offset: 0x10314) 00000000 	udf	#0
0000000000020318 <.data+0x148> (File Offset: 0x10318) 00000000 	udf	#0
000000000002031c <.data+0x14c> (File Offset: 0x1031c) 00000000 	udf	#0
0000000000020320 <.data+0x150> (File Offset: 0x10320) 00000072 	udf	#114
0000000000020324 <.data+0x154> (File Offset: 0x10324) 00000000 	udf	#0
0000000000020328 <.data+0x158> (File Offset: 0x10328) 00003a98 	udf	#15000
000000000002032c <.data+0x15c> (File Offset: 0x1032c) 00000000 	udf	#0
0000000000020330 <.data+0x160> (File Offset: 0x10330) 00000000 	udf	#0
0000000000020334 <.data+0x164> (File Offset: 0x10334) 00000000 	udf	#0
0000000000020338 <.data+0x168> (File Offset: 0x10338) 00000000 	udf	#0
000000000002033c <.data+0x16c> (File Offset: 0x1033c) 00000000 	udf	#0
0000000000020340 <.data+0x170> (File Offset: 0x10340) 00000072 	udf	#114
0000000000020344 <.data+0x174> (File Offset: 0x10344) 00000000 	udf	#0
0000000000020348 <.data+0x178> (File Offset: 0x10348) 00003ab0 	udf	#15024
000000000002034c <.data+0x17c> (File Offset: 0x1034c) 00000000 	udf	#0
0000000000020350 <.data+0x180> (File Offset: 0x10350) 00000001 	udf	#1
0000000000020354 <.data+0x184> (File Offset: 0x10354) 00000000 	udf	#0
0000000000020358 <.data+0x188> (File Offset: 0x10358) 00000000 	udf	#0
000000000002035c <.data+0x18c> (File Offset: 0x1035c) 00000000 	udf	#0
0000000000020360 <.data+0x190> (File Offset: 0x10360) 0000006a 	udf	#106
0000000000020364 <.data+0x194> (File Offset: 0x10364) 00000000 	udf	#0
0000000000020368 <.data+0x198> (File Offset: 0x10368) 00003ab8 	udf	#15032
000000000002036c <.data+0x19c> (File Offset: 0x1036c) 00000000 	udf	#0
0000000000020370 <.data+0x1a0> (File Offset: 0x10370) 00000001 	udf	#1
0000000000020374 <.data+0x1a4> (File Offset: 0x10374) 00000000 	udf	#0
0000000000020378 <.data+0x1a8> (File Offset: 0x10378) 00000000 	udf	#0
000000000002037c <.data+0x1ac> (File Offset: 0x1037c) 00000000 	udf	#0
0000000000020380 <.data+0x1b0> (File Offset: 0x10380) 00000062 	udf	#98
0000000000020384 <.data+0x1b4> (File Offset: 0x10384) 00000000 	udf	#0
0000000000020388 <.data+0x1b8> (File Offset: 0x10388) 00003ac0 	udf	#15040
000000000002038c <.data+0x1bc> (File Offset: 0x1038c) 00000000 	udf	#0
0000000000020390 <.data+0x1c0> (File Offset: 0x10390) 00000000 	udf	#0
0000000000020394 <.data+0x1c4> (File Offset: 0x10394) 00000000 	udf	#0
0000000000020398 <.data+0x1c8> (File Offset: 0x10398) 00000000 	udf	#0
000000000002039c <.data+0x1cc> (File Offset: 0x1039c) 00000000 	udf	#0
00000000000203a0 <.data+0x1d0> (File Offset: 0x103a0) 00000048 	udf	#72
00000000000203a4 <.data+0x1d4> (File Offset: 0x103a4) 00000000 	udf	#0
00000000000203a8 <.data+0x1d8> (File Offset: 0x103a8) 00003ac8 	udf	#15048
00000000000203ac <.data+0x1dc> (File Offset: 0x103ac) 00000000 	udf	#0
00000000000203b0 <.data+0x1e0> (File Offset: 0x103b0) 00000000 	udf	#0
00000000000203b4 <.data+0x1e4> (File Offset: 0x103b4) 00000000 	udf	#0
00000000000203b8 <.data+0x1e8> (File Offset: 0x103b8) 00000000 	udf	#0
00000000000203bc <.data+0x1ec> (File Offset: 0x103bc) 00000000 	udf	#0
00000000000203c0 <.data+0x1f0> (File Offset: 0x103c0) 00000056 	udf	#86
00000000000203c4 <.data+0x1f4> (File Offset: 0x103c4) 00000000 	udf	#0
00000000000203c8 <.data+0x1f8> (File Offset: 0x103c8) 00000000 	udf	#0
00000000000203cc <.data+0x1fc> (File Offset: 0x103cc) 00000000 	udf	#0
00000000000203d0 <.data+0x200> (File Offset: 0x103d0) 00000000 	udf	#0
00000000000203d4 <.data+0x204> (File Offset: 0x103d4) 00000000 	udf	#0
00000000000203d8 <.data+0x208> (File Offset: 0x103d8) 00000000 	udf	#0
00000000000203dc <.data+0x20c> (File Offset: 0x103dc) 00000000 	udf	#0
00000000000203e0 <.data+0x210> (File Offset: 0x103e0) 00000000 	udf	#0
00000000000203e4 <.data+0x214> (File Offset: 0x103e4) 00000000 	udf	#0

Disassembly of section .gnu_debugaltlink:
0000000000000000 <.gnu_debugaltlink> (File Offset: 0x103e8) 7273752f 	.inst	0x7273752f ; undefined
0000000000000004 <.gnu_debugaltlink+0x4> (File Offset: 0x103ec) 62696c2f 	.inst	0x62696c2f ; undefined
0000000000000008 <.gnu_debugaltlink+0x8> (File Offset: 0x103f0) 6265642f 	.inst	0x6265642f ; undefined
000000000000000c <.gnu_debugaltlink+0xc> (File Offset: 0x103f4) 2e2f6775 	umax	v21.8b, v27.8b, v15.8b
0000000000000010 <.gnu_debugaltlink+0x10> (File Offset: 0x103f8) 2f7a7764 	.inst	0x2f7a7764 ; undefined
0000000000000014 <.gnu_debugaltlink+0x14> (File Offset: 0x103fc) 63726161 	.inst	0x63726161 ; undefined
0000000000000018 <.gnu_debugaltlink+0x18> (File Offset: 0x10400) 2d343668 	stp	s8, s13, [x19, #-96]
000000000000001c <.gnu_debugaltlink+0x1c> (File Offset: 0x10404) 756e696c 	.inst	0x756e696c ; undefined
0000000000000020 <.gnu_debugaltlink+0x20> (File Offset: 0x10408) 6e672d78 	uqsub	v24.8h, v11.8h, v7.8h
0000000000000024 <.gnu_debugaltlink+0x24> (File Offset: 0x1040c) 69622f75 	ldpsw	x21, x11, [x27, #-240]
0000000000000028 <.gnu_debugaltlink+0x28> (File Offset: 0x10410) 6974756e 	ldpsw	x14, x29, [x11, #-96]
000000000000002c <.gnu_debugaltlink+0x2c> (File Offset: 0x10414) 612d736c 	.inst	0x612d736c ; undefined
0000000000000030 <.gnu_debugaltlink+0x30> (File Offset: 0x10418) 68637261 	.inst	0x68637261 ; undefined
0000000000000034 <.gnu_debugaltlink+0x34> (File Offset: 0x1041c) 6c2d3436 	stnp	d22, d13, [x1, #-304]
0000000000000038 <.gnu_debugaltlink+0x38> (File Offset: 0x10420) 78756e69 	.inst	0x78756e69 ; undefined
000000000000003c <.gnu_debugaltlink+0x3c> (File Offset: 0x10424) 756e672d 	.inst	0x756e672d ; undefined
0000000000000040 <.gnu_debugaltlink+0x40> (File Offset: 0x10428) 6265642e 	.inst	0x6265642e ; undefined
0000000000000044 <.gnu_debugaltlink+0x44> (File Offset: 0x1042c) ea006775 	ands	x21, x27, x0, lsl #25
0000000000000048 <.gnu_debugaltlink+0x48> (File Offset: 0x10430) 21a31df5 	.inst	0x21a31df5 ; undefined
000000000000004c <.gnu_debugaltlink+0x4c> (File Offset: 0x10434) 0c52bf0c 	.inst	0x0c52bf0c ; undefined
0000000000000050 <.gnu_debugaltlink+0x50> (File Offset: 0x10438) c6b8e07e 	.inst	0xc6b8e07e ; undefined
0000000000000054 <.gnu_debugaltlink+0x54> (File Offset: 0x1043c) b6f99943 	tbz	x3, #63, 000000000000337c <ferror@plt+0x19ec> (File Offset: 0x13764)
0000000000000058 <.gnu_debugaltlink+0x58> (File Offset: 0x10440) Address 0x58 is out of bounds.

