
WARNING: apt does not have a stable CLI interface. Use with caution in scripts.

Sorting...
Full Text Search...
abicheck/stable 1.2-10 all
  binary compatibility checking tool

android-libcutils/stable 1:34.0.5-12 arm64
  Android utils library for C

android-libcutils-dev/stable 1:34.0.5-12 arm64
  Android utils library for C - Development files

android-platform-libcore-headers/stable 10.0.0+r36-1 all
  Header files in AOSP repository platform/libcore

avr-libc/stable 1:2.2.1-1 all
  Standard C library for Atmel AVR development

caca-utils/stable 0.99.beta20-5+deb13u1 arm64
  text mode graphics utilities

calc/stable 2.15.1.0-1 arm64
  Arbitrary precision calculator

calc-dev/stable 2.15.1.0-1 arm64
  Library for arbitrary precision arithmetic

camera-calibration-parsers-tools/stable 1.12.0-14+b5 arm64
  Robot OS camera_calibration_parsers_tools package

cd-paranoia/stable 10.2+2.0.2-1+b1 arm64
  audio CD reading utility which includes extra data verification features

cgroup-tools/stable 3.1.0-2+b2 arm64
  control and monitor control groups (tools)

chewing-tools/stable 0.9.1-1 arm64
  intelligent phonetic input method library (tools)

chise-db/stable 0.3.0-2.5 all
  CHISE db, the character information database

cif-tools/stable 1.0.12-4 arm64
  Suite of tools to manipulate, validate and query mmCIF files

clamav/stable 1.4.3+dfsg-1 arm64
  anti-virus utility for Unix - command-line interface

clamav-base/stable 1.4.3+dfsg-1 all
  anti-virus utility for Unix - base package

clamav-daemon/stable 1.4.3+dfsg-1 arm64
  anti-virus utility for Unix - scanner daemon

clamav-doc/stable 1.4.3+dfsg-1 all
  anti-virus utility for Unix - documentation

clamav-freshclam/stable 1.4.3+dfsg-1 arm64
  anti-virus utility for Unix - virus database update utility

clamav-milter/stable 1.4.3+dfsg-1 arm64
  anti-virus utility for Unix - sendmail integration

clamav-testfiles/stable 1.4.3+dfsg-1 all
  anti-virus utility for Unix - test files

clamdscan/stable 1.4.3+dfsg-1 arm64
  anti-virus utility for Unix - scanner client

clisp/stable 1:2.49.20241228.gitc3ec11b-2 arm64
  GNU CLISP, a Common Lisp implementation

cme/stable 1.041-1 all
  Check or edit configuration data with Config::Model

cmis-client/stable 0.6.2-2.1+b2 arm64
  client for the CMIS protocol

coinor-libcbc-dev/stable 2.10.12+ds-1 arm64
  Coin-or branch-and-cut mixed integer programming solver (developer files)

coinor-libcbc-doc/stable 2.10.12+ds-1 all
  Coin-or branch-and-cut mixed integer programming solver (documentation)

coinor-libcbc3.1/stable 2.10.12+ds-1 arm64
  Coin-or branch-and-cut mixed integer programming solver (shared libraries)

coinor-libcgl-dev/stable 0.60.9+ds-1 arm64
  COIN-OR Cut Generation Library (developer files)

coinor-libcgl-doc/stable 0.60.9+ds-1 all
  COIN-OR Cut Generation Library (documentation)

coinor-libcgl1/stable 0.60.9+ds-1 arm64
  COIN-OR Cut Generation Library

coinor-libclp-dev/stable 1.17.10+ds-1 arm64
  Coin-or linear programming solver (developer files)

coinor-libclp-doc/stable 1.17.10+ds-1 all
  Coin-or linear programming solver (documentation)

coinor-libclp1/stable 1.17.10+ds-1 arm64
  Coin-or linear programming solver (shared libraries)

coinor-libcoinmp-dev/stable 1.8.4+dfsg-2 arm64
  Simple C API for COIN-OR Solvers Clp and Cbc -- development

coinor-libcoinmp0/stable 1.8.4+dfsg-2 arm64
  Simple C API for COIN-OR Solvers Clp and Cbc -- library

coinor-libcoinutils-dev/stable 2.11.11+ds-5 arm64
  COIN-OR collection of utility classes (developer files)

coinor-libcoinutils-doc/stable 2.11.11+ds-5 all
  COIN-OR collection of utility classes (documentation)

coinor-libcoinutils3v5/stable 2.11.11+ds-5 arm64
  COIN-OR collection of utility classes (shared libraries)

comerr-dev/stable 2.1-1.47.2-3+b11 arm64
  common error description library - headers and static libraries

cpdb-libs-tools/stable 2.0~b5-1.2+b3 arm64
  Common Print Dialog Backends - tools

cpputest/stable 4.0-3 all
  C/C++ based unit test framework — main package

cpucycles/stable 0~20240318-2 arm64
  command-line tool for counting CPU cycles (libcpucycles)

cracklib-runtime/stable 2.9.6-5.2+b1 arm64
  runtime support for password checker library cracklib2

cupt/stable 2.10.4+nmu2+b2 arm64
  flexible package manager -- console interface

dietlibc-dev/stable 0.34~cvs20160606-18 arm64
  diet libc - a libc optimized for small size

dietlibc-doc/stable 0.34~cvs20160606-18 all
  diet libc documentation - a libc optimized for small size

elks-libc/stable 0.16.21-2 all
  16-bit x86 C library and include files

elpa-irony/stable 1.6.1-1 all
  Emacs C/C++ minor mode powered by libclang

fakechroot/stable 2.20.1+ds-18 all
  gives a fake chroot environment - utilities

fp-units-net/stable 3.2.2+dfsg-46 arm64
  Free Pascal - networking units dependency package

fp-units-net-3.2.2/stable 3.2.2+dfsg-46 arm64
  Free Pascal - networking units

gir1.2-camel-1.2/stable 3.56.2-0+deb13u1 arm64
  GObject introspection for the Camel library

gir1.2-caribou-1.0/stable 0.4.21-10 arm64
  GObject introspection for the Caribou library

gir1.2-champlain-0.12/stable 0.12.21-2 arm64
  C library providing ClutterActor to display maps (GObject introspection)

gir1.2-cloudproviders-0.3.0/stable 0.3.6-2 arm64
  cloud provider library - introspection data

gir1.2-cogl-1.0/stable 1.22.8-5 arm64
  GObject introspection data for the Cogl 1.0 library

gir1.2-coglpango-1.0/stable 1.22.8-5 arm64
  GObject introspection data for the CoglPango 1.0 library

gir1.2-colord-1.0/stable 1.4.7-3 arm64
  GObject introspection data for the colord library

gir1.2-colordgtk-1.0/stable 0.3.1-1+b1 arm64
  GObject introspection data for the colord-gtk library

gir1.2-colorhug-1.0/stable 1.4.7-3 arm64
  GObject introspection data for the colorhug library

gir1.2-gsound-1.0/stable 1.0.3-3.2+b4 arm64
  small library for playing system sounds (gir bindings)

gir1.2-gtkchamplain-0.12/stable 0.12.21-2 arm64
  Gtk+ widget to display maps (GObject introspection)

gitweb/stable,now 1:2.47.3-0+deb13u1 all [installed,automatic]
  fast, scalable, distributed revision control system (web interface)

glibc-doc/stable 2.41-12+deb13u3 all
  GNU C Library: Documentation

glibc-source/stable 2.41-12+deb13u3 all
  GNU C Library: sources

gnome-session-canberra/stable 0.30-18 arm64
  GNOME session log in and log out sound events

gnumed-client-de/stable 1.8.21+dfsg-1 all
  medical practice management - Client for German users

golang-github-cowsql-go-cowsql-dev/stable 1.22.0-2 all
  Go bindings for libcowsql

golang-github-opencontainers-runc-dev/stable 1.1.15+ds1-2 all
  Open Container Project - development files

golang-github-spf13-pflag-dev/stable 1.0.6~git20210604-d5e0c0615ace-1 all
  Drop-in replacement for Go's flag package, implementing POSIX/GNU-style --flags

golang-github-vishvananda-netlink-dev/stable 1.3.0-2 all
  netlink library for go

golang-kernel-pub-linux-libs-security-libcap-dev/stable 1:2.75-10+deb13u1 all
  POSIX 1003.1e capabilities (Go library)

gosu/stable 1.17-3+b4 arm64
  Simple Go-based setuid+setgid+setgroups+exec

gsound-tools/stable 1.0.3-3.2+b4 arm64
  small library for playing system sounds (tools)

gstreamer1.0-libcamera/stable 0.4.0-7 arm64
  complex camera support library (GStreamer plugin)

irony-server/stable 1.6.1-1 arm64
  Emacs C/C++ minor mode powered by libclang (server)

jsvc/stable 1.0.15-11+b1 arm64
  Wrapper to launch Java applications as daemons

klibc-utils/stable 2.0.14-1 arm64
  small utilities built with klibc for early boot

lib2geom-dev/stable 1.4-4 arm64
  robust computational geometry framework -- development library

lib2geom1.4.0/stable 1.4-4 arm64
  robust computational geometry framework -- shared library

libasyncns-dev/stable 0.8-6+b5 arm64
  Asynchronous name service query library development files

libasyncns0/stable,now 0.8-6+b5 arm64 [installed,automatic]
  Asynchronous name service query library

libaudio-cd-perl/stable 0.05-13+b2 arm64
  library to handle CDDB and low-level cd io calls

libblasr-dev/stable 5.3.5+dfsg-10 arm64
  tools for aligning PacBio reads to target sequences (development files)

libblasr5.3.5/stable 5.3.5+dfsg-10 arm64
  tools for aligning PacBio reads to target sequences

libbsd-dev/stable 0.12.2-2 arm64
  utility functions from BSD systems - development files

libc++-17-dev/stable 1:17.0.6-22+b2 arm64
  LLVM C++ Standard library (development files)

libc++-17-dev-wasm32/stable 1:17.0.6-22 all
  LLVM C++ Standard library (WASI)

libc++-18-dev/stable 1:18.1.8-18+b1 arm64
  LLVM C++ Standard library (development files)

libc++-18-dev-wasm32/stable 1:18.1.8-18 all
  LLVM C++ Standard library (WASI)

libc++-19-dev/stable 1:19.1.7-3+b1 arm64
  LLVM C++ Standard library (development files)

libc++-19-dev-wasm32/stable 1:19.1.7-3 all
  LLVM C++ Standard library (WASI)

libc++-dev/stable 1:19.0-63 arm64
  LLVM C++ Standard library (development files)

libc++-dev-wasm32/stable 1:19.0-63 arm64
  LLVM C++ Standard library (WASI)

libc++1/stable 1:19.0-63 arm64
  LLVM C++ Standard library

libc++1-17t64/stable 1:17.0.6-22+b2 arm64
  LLVM C++ Standard library

libc++1-18/stable 1:18.1.8-18+b1 arm64
  LLVM C++ Standard library

libc++1-19/stable 1:19.1.7-3+b1 arm64
  LLVM C++ Standard library

libc++abi-17-dev/stable 1:17.0.6-22+b2 arm64
  LLVM low level support for a standard C++ library (development files)

libc++abi-17-dev-wasm32/stable 1:17.0.6-22 all
  LLVM low level support for a standard C++ library (WASI)

libc++abi-18-dev/stable 1:18.1.8-18+b1 arm64
  LLVM low level support for a standard C++ library (development files)

libc++abi-18-dev-wasm32/stable 1:18.1.8-18 all
  LLVM low level support for a standard C++ library (WASI)

libc++abi-19-dev/stable 1:19.1.7-3+b1 arm64
  LLVM low level support for a standard C++ library (development files)

libc++abi-19-dev-wasm32/stable 1:19.1.7-3 all
  LLVM low level support for a standard C++ library (WASI)

libc++abi-dev/stable 1:19.0-63 arm64
  LLVM low level support for a standard C++ library (development files)

libc++abi1/stable 1:19.0-63 arm64
  LLVM low level support for a standard C++ library

libc++abi1-17t64/stable 1:17.0.6-22+b2 arm64
  LLVM low level support for a standard C++ library

libc++abi1-18/stable 1:18.1.8-18+b1 arm64
  LLVM low level support for a standard C++ library

libc++abi1-19/stable 1:19.1.7-3+b1 arm64
  LLVM low level support for a standard C++ library

libc-ares-dev/stable 1.34.5-1+deb13u1 arm64
  asynchronous name resolver - development files

libc-ares2/stable 1.34.5-1+deb13u1 all
  transitional package

libc-bin/stable,now 2.41-12+deb13u3 arm64 [installed]
  GNU C Library: Binaries

libc-dev-bin/stable,now 2.41-12+deb13u3 arm64 [installed,automatic]
  GNU C Library: Development binaries

libc-devtools/stable 2.41-12+deb13u3 arm64
  GNU C Library: Development tools

libc-icap-mod-contentfiltering/stable 1:0.5.7-1 arm64
  Content filtering Service for c-icap

libc-icap-mod-urlcheck/stable 1:0.5.7-1 arm64
  URL Check Service for c-icap

libc-icap-mod-virus-scan/stable 1:0.5.7-1 arm64
  Antivirus Service for c-icap

libc-l10n/stable,now 2.41-12+deb13u3 all [installed,automatic]
  GNU C Library: localization files

libc3p0-java/stable 0.9.1.2-10.1 all
  library for JDBC connection pooling

libc3p0-java-doc/stable 0.9.1.2-10.1 all
  library for JDBC connection pooling (documentation)

libc6/stable,now 2.41-12+deb13u3 arm64 [installed]
  GNU C Library: Shared libraries

libc6-amd64-cross/stable 2.41-11cross1 all
  GNU C Library: Shared libraries (for cross-compiling)

libc6-amd64-i386-cross/stable 2.41-11cross1 all
  GNU C Library: 64bit Shared libraries for AMD64 (for cross-compiling)

libc6-amd64-x32-cross/stable 2.41-11cross1 all
  GNU C Library: 64bit Shared libraries for AMD64 (for cross-compiling)

libc6-arc-cross/stable 2.41-11cross1 all
  GNU C Library: Shared libraries (for cross-compiling)

libc6-arm64-cross/stable 2.41-11cross1 all
  GNU C Library: Shared libraries (for cross-compiling)

libc6-armel-cross/stable 2.41-11cross1 all
  GNU C Library: Shared libraries (for cross-compiling)

libc6-armhf-cross/stable 2.41-11cross1 all
  GNU C Library: Shared libraries (for cross-compiling)

libc6-dbg/stable 2.41-12+deb13u3 arm64
  GNU C Library: detached debugging symbols

libc6-dev/stable,now 2.41-12+deb13u3 arm64 [installed,automatic]
  GNU C Library: Development Libraries and Header Files

libc6-dev-amd64-cross/stable 2.41-11cross1 all
  GNU C Library: Development Libraries and Header Files (for cross-compiling)

libc6-dev-amd64-i386-cross/stable 2.41-11cross1 all
  GNU C Library: 64bit Development Libraries for AMD64 (for cross-compiling)

libc6-dev-amd64-x32-cross/stable 2.41-11cross1 all
  GNU C Library: 64bit Development Libraries for AMD64 (for cross-compiling)

libc6-dev-arc-cross/stable 2.41-11cross1 all
  GNU C Library: Development Libraries and Header Files (for cross-compiling)

libc6-dev-arm64-cross/stable 2.41-11cross1 all
  GNU C Library: Development Libraries and Header Files (for cross-compiling)

libc6-dev-armel-cross/stable 2.41-11cross1 all
  GNU C Library: Development Libraries and Header Files (for cross-compiling)

libc6-dev-armhf-cross/stable 2.41-11cross1 all
  GNU C Library: Development Libraries and Header Files (for cross-compiling)

libc6-dev-hppa-cross/stable 2.41-11cross1 all
  GNU C Library: Development Libraries and Header Files (for cross-compiling)

libc6-dev-i386-amd64-cross/stable 2.41-11cross1 all
  GNU C Library: 32-bit development libraries for AMD64 (for cross-compiling)

libc6-dev-i386-cross/stable 2.41-11cross1 all
  GNU C Library: Development Libraries and Header Files (for cross-compiling)

libc6-dev-i386-x32-cross/stable 2.41-11cross1 all
  GNU C Library: 32-bit development libraries for AMD64 (for cross-compiling)

libc6-dev-loong64-cross/stable 2.41-11cross1 all
  GNU C Library: Development Libraries and Header Files (for cross-compiling)

libc6-dev-m68k-cross/stable 2.41-11cross1 all
  GNU C Library: Development Libraries and Header Files (for cross-compiling)

libc6-dev-mips-cross/stable 2.40-5cross1 all
  GNU C Library: Development Libraries and Header Files (for cross-compiling)

libc6-dev-mips32-mips64-cross/stable 2.40-5cross1 all
  GNU C Library: o32 Development Libraries for MIPS (for cross-compiling)

libc6-dev-mips32-mips64el-cross/stable 2.40-5cross1 all
  GNU C Library: o32 Development Libraries for MIPS (for cross-compiling)

libc6-dev-mips32-mips64r6-cross/stable 2.40-5cross1 all
  GNU C Library: o32 Development Libraries for MIPS (for cross-compiling)

libc6-dev-mips32-mips64r6el-cross/stable 2.40-5cross1 all
  GNU C Library: o32 Development Libraries for MIPS (for cross-compiling)

libc6-dev-mips32-mipsn32-cross/stable 2.40-5cross1 all
  GNU C Library: o32 Development Libraries for MIPS (for cross-compiling)

libc6-dev-mips32-mipsn32el-cross/stable 2.40-5cross1 all
  GNU C Library: o32 Development Libraries for MIPS (for cross-compiling)

libc6-dev-mips32-mipsn32r6-cross/stable 2.40-5cross1 all
  GNU C Library: o32 Development Libraries for MIPS (for cross-compiling)

libc6-dev-mips32-mipsn32r6el-cross/stable 2.40-5cross1 all
  GNU C Library: o32 Development Libraries for MIPS (for cross-compiling)

libc6-dev-mips64-cross/stable 2.40-5cross1 all
  GNU C Library: Development Libraries and Header Files (for cross-compiling)

libc6-dev-mips64-mips-cross/stable 2.40-5cross1 all
  GNU C Library: 64bit Development Libraries for MIPS64 (for cross-compiling)

libc6-dev-mips64-mipsel-cross/stable 2.40-5cross1 all
  GNU C Library: 64bit Development Libraries for MIPS64 (for cross-compiling)

libc6-dev-mips64-mipsn32-cross/stable 2.40-5cross1 all
  GNU C Library: 64bit Development Libraries for MIPS64 (for cross-compiling)

libc6-dev-mips64-mipsn32el-cross/stable 2.40-5cross1 all
  GNU C Library: 64bit Development Libraries for MIPS64 (for cross-compiling)

libc6-dev-mips64-mipsn32r6-cross/stable 2.40-5cross1 all
  GNU C Library: 64bit Development Libraries for MIPS64 (for cross-compiling)

libc6-dev-mips64-mipsn32r6el-cross/stable 2.40-5cross1 all
  GNU C Library: 64bit Development Libraries for MIPS64 (for cross-compiling)

libc6-dev-mips64-mipsr6-cross/stable 2.40-5cross1 all
  GNU C Library: 64bit Development Libraries for MIPS64 (for cross-compiling)

libc6-dev-mips64-mipsr6el-cross/stable 2.40-5cross1 all
  GNU C Library: 64bit Development Libraries for MIPS64 (for cross-compiling)

libc6-dev-mips64el-cross/stable 2.40-5cross1 all
  GNU C Library: Development Libraries and Header Files (for cross-compiling)

libc6-dev-mips64r6-cross/stable 2.40-5cross1 all
  GNU C Library: Development Libraries and Header Files (for cross-compiling)

libc6-dev-mips64r6el-cross/stable 2.40-5cross1 all
  GNU C Library: Development Libraries and Header Files (for cross-compiling)

libc6-dev-mipsel-cross/stable 2.40-5cross1 all
  GNU C Library: Development Libraries and Header Files (for cross-compiling)

libc6-dev-mipsn32-cross/stable 2.40-5cross1 all
  GNU C Library: Development Libraries and Header Files (for cross-compiling)

libc6-dev-mipsn32-mips-cross/stable 2.40-5cross1 all
  GNU C Library: n32 Development Libraries for MIPS64 (for cross-compiling)

libc6-dev-mipsn32-mips64-cross/stable 2.40-5cross1 all
  GNU C Library: n32 Development Libraries for MIPS64 (for cross-compiling)

libc6-dev-mipsn32-mips64el-cross/stable 2.40-5cross1 all
  GNU C Library: n32 Development Libraries for MIPS64 (for cross-compiling)

libc6-dev-mipsn32-mips64r6-cross/stable 2.40-5cross1 all
  GNU C Library: n32 Development Libraries for MIPS64 (for cross-compiling)

libc6-dev-mipsn32-mips64r6el-cross/stable 2.40-5cross1 all
  GNU C Library: n32 Development Libraries for MIPS64 (for cross-compiling)

libc6-dev-mipsn32-mipsel-cross/stable 2.40-5cross1 all
  GNU C Library: n32 Development Libraries for MIPS64 (for cross-compiling)

libc6-dev-mipsn32-mipsr6-cross/stable 2.40-5cross1 all
  GNU C Library: n32 Development Libraries for MIPS64 (for cross-compiling)

libc6-dev-mipsn32-mipsr6el-cross/stable 2.40-5cross1 all
  GNU C Library: n32 Development Libraries for MIPS64 (for cross-compiling)

libc6-dev-mipsn32el-cross/stable 2.40-5cross1 all
  GNU C Library: Development Libraries and Header Files (for cross-compiling)

libc6-dev-mipsn32r6-cross/stable 2.40-5cross1 all
  GNU C Library: Development Libraries and Header Files (for cross-compiling)

libc6-dev-mipsn32r6el-cross/stable 2.40-5cross1 all
  GNU C Library: Development Libraries and Header Files (for cross-compiling)

libc6-dev-mipsr6-cross/stable 2.40-5cross1 all
  GNU C Library: Development Libraries and Header Files (for cross-compiling)

libc6-dev-mipsr6el-cross/stable 2.40-5cross1 all
  GNU C Library: Development Libraries and Header Files (for cross-compiling)

libc6-dev-powerpc-cross/stable 2.41-11cross1 all
  GNU C Library: Development Libraries and Header Files (for cross-compiling)

libc6-dev-powerpc-ppc64-cross/stable 2.41-11cross1 all
  GNU C Library: 32bit powerpc development libraries for ppc64 (for cross-compiling)

libc6-dev-ppc64-cross/stable 2.41-11cross1 all
  GNU C Library: Development Libraries and Header Files (for cross-compiling)

libc6-dev-ppc64-powerpc-cross/stable 2.41-11cross1 all
  GNU C Library: 64bit Development Libraries for PowerPC64 (for cross-compiling)

libc6-dev-ppc64el-cross/stable 2.41-11cross1 all
  GNU C Library: Development Libraries and Header Files (for cross-compiling)

libc6-dev-riscv64-cross/stable 2.41-11cross1 all
  GNU C Library: Development Libraries and Header Files (for cross-compiling)

libc6-dev-s390-s390x-cross/stable 2.41-11cross1 all
  GNU C Library: 32bit Development Libraries for IBM zSeries (for cross-compiling)

libc6-dev-s390x-cross/stable 2.41-11cross1 all
  GNU C Library: Development Libraries and Header Files (for cross-compiling)

libc6-dev-sh4-cross/stable 2.41-11cross1 all
  GNU C Library: Development Libraries and Header Files (for cross-compiling)

libc6-dev-sparc-sparc64-cross/stable 2.41-11cross1 all
  GNU C Library: 32bit Development Libraries for SPARC (for cross-compiling)

libc6-dev-sparc64-cross/stable 2.41-11cross1 all
  GNU C Library: Development Libraries and Header Files (for cross-compiling)

libc6-dev-x32-amd64-cross/stable 2.41-11cross1 all
  GNU C Library: X32 ABI Development Libraries for AMD64 (for cross-compiling)

libc6-dev-x32-cross/stable 2.41-11cross1 all
  GNU C Library: Development Libraries and Header Files (for cross-compiling)

libc6-dev-x32-i386-cross/stable 2.41-11cross1 all
  GNU C Library: X32 ABI Development Libraries for AMD64 (for cross-compiling)

libc6-hppa-cross/stable 2.41-11cross1 all
  GNU C Library: Shared libraries (for cross-compiling)

libc6-i386-amd64-cross/stable 2.41-11cross1 all
  GNU C Library: 32-bit shared libraries for AMD64 (for cross-compiling)

libc6-i386-cross/stable 2.41-11cross1 all
  GNU C Library: Shared libraries (for cross-compiling)

libc6-i386-x32-cross/stable 2.41-11cross1 all
  GNU C Library: 32-bit shared libraries for AMD64 (for cross-compiling)

libc6-loong64-cross/stable 2.41-11cross1 all
  GNU C Library: Shared libraries (for cross-compiling)

libc6-m68k-cross/stable 2.41-11cross1 all
  GNU C Library: Shared libraries (for cross-compiling)

libc6-mips-cross/stable 2.40-5cross1 all
  GNU C Library: Shared libraries (for cross-compiling)

libc6-mips32-mips64-cross/stable 2.40-5cross1 all
  GNU C Library: o32 Shared libraries for MIPS (for cross-compiling)

libc6-mips32-mips64el-cross/stable 2.40-5cross1 all
  GNU C Library: o32 Shared libraries for MIPS (for cross-compiling)

libc6-mips32-mips64r6-cross/stable 2.40-5cross1 all
  GNU C Library: o32 Shared libraries for MIPS (for cross-compiling)

libc6-mips32-mips64r6el-cross/stable 2.40-5cross1 all
  GNU C Library: o32 Shared libraries for MIPS (for cross-compiling)

libc6-mips32-mipsn32-cross/stable 2.40-5cross1 all
  GNU C Library: o32 Shared libraries for MIPS (for cross-compiling)

libc6-mips32-mipsn32el-cross/stable 2.40-5cross1 all
  GNU C Library: o32 Shared libraries for MIPS (for cross-compiling)

libc6-mips32-mipsn32r6-cross/stable 2.40-5cross1 all
  GNU C Library: o32 Shared libraries for MIPS (for cross-compiling)

libc6-mips32-mipsn32r6el-cross/stable 2.40-5cross1 all
  GNU C Library: o32 Shared libraries for MIPS (for cross-compiling)

libc6-mips64-cross/stable 2.40-5cross1 all
  GNU C Library: Shared libraries (for cross-compiling)

libc6-mips64-mips-cross/stable 2.40-5cross1 all
  GNU C Library: 64bit Shared libraries for MIPS64 (for cross-compiling)

libc6-mips64-mipsel-cross/stable 2.40-5cross1 all
  GNU C Library: 64bit Shared libraries for MIPS64 (for cross-compiling)

libc6-mips64-mipsn32-cross/stable 2.40-5cross1 all
  GNU C Library: 64bit Shared libraries for MIPS64 (for cross-compiling)

libc6-mips64-mipsn32el-cross/stable 2.40-5cross1 all
  GNU C Library: 64bit Shared libraries for MIPS64 (for cross-compiling)

libc6-mips64-mipsn32r6-cross/stable 2.40-5cross1 all
  GNU C Library: 64bit Shared libraries for MIPS64 (for cross-compiling)

libc6-mips64-mipsn32r6el-cross/stable 2.40-5cross1 all
  GNU C Library: 64bit Shared libraries for MIPS64 (for cross-compiling)

libc6-mips64-mipsr6-cross/stable 2.40-5cross1 all
  GNU C Library: 64bit Shared libraries for MIPS64 (for cross-compiling)

libc6-mips64-mipsr6el-cross/stable 2.40-5cross1 all
  GNU C Library: 64bit Shared libraries for MIPS64 (for cross-compiling)

libc6-mips64el-cross/stable 2.40-5cross1 all
  GNU C Library: Shared libraries (for cross-compiling)

libc6-mips64r6-cross/stable 2.40-5cross1 all
  GNU C Library: Shared libraries (for cross-compiling)

libc6-mips64r6el-cross/stable 2.40-5cross1 all
  GNU C Library: Shared libraries (for cross-compiling)

libc6-mipsel-cross/stable 2.40-5cross1 all
  GNU C Library: Shared libraries (for cross-compiling)

libc6-mipsn32-cross/stable 2.40-5cross1 all
  GNU C Library: Shared libraries (for cross-compiling)

libc6-mipsn32-mips-cross/stable 2.40-5cross1 all
  GNU C Library: n32 Shared libraries for MIPS64 (for cross-compiling)

libc6-mipsn32-mips64-cross/stable 2.40-5cross1 all
  GNU C Library: n32 Shared libraries for MIPS64 (for cross-compiling)

libc6-mipsn32-mips64el-cross/stable 2.40-5cross1 all
  GNU C Library: n32 Shared libraries for MIPS64 (for cross-compiling)

libc6-mipsn32-mips64r6-cross/stable 2.40-5cross1 all
  GNU C Library: n32 Shared libraries for MIPS64 (for cross-compiling)

libc6-mipsn32-mips64r6el-cross/stable 2.40-5cross1 all
  GNU C Library: n32 Shared libraries for MIPS64 (for cross-compiling)

libc6-mipsn32-mipsel-cross/stable 2.40-5cross1 all
  GNU C Library: n32 Shared libraries for MIPS64 (for cross-compiling)

libc6-mipsn32-mipsr6-cross/stable 2.40-5cross1 all
  GNU C Library: n32 Shared libraries for MIPS64 (for cross-compiling)

libc6-mipsn32-mipsr6el-cross/stable 2.40-5cross1 all
  GNU C Library: n32 Shared libraries for MIPS64 (for cross-compiling)

libc6-mipsn32el-cross/stable 2.40-5cross1 all
  GNU C Library: Shared libraries (for cross-compiling)

libc6-mipsn32r6-cross/stable 2.40-5cross1 all
  GNU C Library: Shared libraries (for cross-compiling)

libc6-mipsn32r6el-cross/stable 2.40-5cross1 all
  GNU C Library: Shared libraries (for cross-compiling)

libc6-mipsr6-cross/stable 2.40-5cross1 all
  GNU C Library: Shared libraries (for cross-compiling)

libc6-mipsr6el-cross/stable 2.40-5cross1 all
  GNU C Library: Shared libraries (for cross-compiling)

libc6-powerpc-cross/stable 2.41-11cross1 all
  GNU C Library: Shared libraries (for cross-compiling)

libc6-powerpc-ppc64-cross/stable 2.41-11cross1 all
  GNU C Library: 32bit powerpc shared libraries for ppc64 (for cross-compiling)

libc6-ppc64-cross/stable 2.41-11cross1 all
  GNU C Library: Shared libraries (for cross-compiling)

libc6-ppc64-powerpc-cross/stable 2.41-11cross1 all
  GNU C Library: 64bit Shared libraries for PowerPC64 (for cross-compiling)

libc6-ppc64el-cross/stable 2.41-11cross1 all
  GNU C Library: Shared libraries (for cross-compiling)

libc6-riscv64-cross/stable 2.41-11cross1 all
  GNU C Library: Shared libraries (for cross-compiling)

libc6-s390-s390x-cross/stable 2.41-11cross1 all
  GNU C Library: 32bit Shared libraries for IBM zSeries (for cross-compiling)

libc6-s390x-cross/stable 2.41-11cross1 all
  GNU C Library: Shared libraries (for cross-compiling)

libc6-sh4-cross/stable 2.41-11cross1 all
  GNU C Library: Shared libraries (for cross-compiling)

libc6-sparc-sparc64-cross/stable 2.41-11cross1 all
  GNU C Library: 32bit Shared libraries for SPARC (for cross-compiling)

libc6-sparc64-cross/stable 2.41-11cross1 all
  GNU C Library: Shared libraries (for cross-compiling)

libc6-x32-amd64-cross/stable 2.41-11cross1 all
  GNU C Library: X32 ABI Shared libraries for AMD64 (for cross-compiling)

libc6-x32-cross/stable 2.41-11cross1 all
  GNU C Library: Shared libraries (for cross-compiling)

libc6-x32-i386-cross/stable 2.41-11cross1 all
  GNU C Library: X32 ABI Shared libraries for AMD64 (for cross-compiling)

libc6.1-alpha-cross/stable 2.41-11cross1 all
  GNU C Library: Shared libraries (for cross-compiling)

libc6.1-dev-alpha-cross/stable 2.41-11cross1 all
  GNU C Library: Development Libraries and Header Files (for cross-compiling)

libca-certs-ocaml/stable 1.0.0-1+b14 arm64
  detect root CA certificates from the operating system (runtime)

libca-certs-ocaml-dev/stable 1.0.0-1+b14 arm64
  detect root CA certificates from the operating system (dev)

libca-dev/stable 7.0.8.1+dfsg1-7+deb13u1 arm64
  EPICS channel access client library (headers)

libca4.14.4/stable 7.0.8.1+dfsg1-7+deb13u1 arm64
  EPICS channel access client library

libcaca-dev/stable 0.99.beta20-5+deb13u1 arm64
  development files for libcaca

libcaca0/stable 0.99.beta20-5+deb13u1 arm64 [upgradable from: 0.99.beta20-5]
  colour ASCII art library

libcacard-dev/stable 1:2.8.0-3+b2 arm64
  Virtual Common Access Card (CAC) Emulator (development files)

libcacard0/stable 1:2.8.0-3+b2 arm64
  Virtual Common Access Card (CAC) Emulator (runtime library)

libcache-bdb-perl/stable 0.04-2 all
  object caching wrapper around BerkeleyDB

libcache-cache-perl/stable 1.08-3 all
  Managed caches of persistent information

libcache-fastmmap-perl/stable 1.58-1 arm64
  Perl module providing a mmap'ed cache

libcache-historical-perl/stable 0.05-3 all
  simple data caching service with time history

libcache-lru-perl/stable 0.04-4 all
  simple, fast implementation of LRU cache

libcache-memcached-fast-perl/stable 0.28-3 arm64
  Perl client for memcached, in C language

libcache-memcached-fast-safe-perl/stable 0.06-2 all
  Cache::Memcached::Fast with sanitizing keys and fork-safe

libcache-memcached-getparserxs-perl/stable 0.01-3+b4 arm64
  C/XS implementation of Cache::Memcached::GetParser

libcache-memcached-libmemcached-perl/stable 0.04001-3 all
  cache interface to Memcached::libmemcached

libcache-memcached-managed-perl/stable 0.27-1 all
  API for managing cached information

libcache-memcached-perl/stable 1.30-1.1 all
  Perl module for using memcached servers

libcache-mmap-perl/stable 0.11-4+b5 arm64
  module to provide a shared data cache using memory mapped files

libcache-perl/stable 2.11-2 all
  Cache interface

libcache-ref-perl/stable 0.04-1.1 all
  Perl module for caching references in memory

libcache-simple-timedexpiry-perl/stable 0.27-3.1 all
  Perl module to cache and expire key/value pairs

libcadical-dev/stable 1.7.4-1+b1 arm64
  Simplified Satisfiability Solver (development files)

libcaes-dev/stable 0~20240413-1+b2 arm64
  cross-platform AES encryption library -- development files

libcaes1/stable 0~20240413-1+b2 arm64
  cross-platform AES encryption library

libcaf-core0.17t64/stable 0.17.6-3.1+b3 arm64
  Implementation of the Actor Model in C++, core library

libcaf-dev/stable 0.17.6-3.1+b3 arm64
  Implementation of the Actor Model in C++, development files

libcaf-doc/stable 0.17.6-3.1 all
  Implementation of the Actor Model in C++, development files

libcaf-io0.17t64/stable 0.17.6-3.1+b3 arm64
  Implementation of the Actor Model in C++, I/O library

libcaf-mpich-3t64/stable 2.10.2+ds-4 arm64
  Co-Array Fortran libraries  (MPICH)

libcaf-openmpi-3t64/stable 2.10.2+ds-4 arm64
  Co-Array Fortran libraries  (OpenMPI)

libcaf-openssl0.17t64/stable 0.17.6-3.1+b3 arm64
  Implementation of the Actor Model in C++, OpenSSL library

libcaffeine-java/stable 2.6.2-1.1 all
  High performance caching library

libcairo-5c-dev/stable 1.21+b2 arm64
  library for cairo nickle bindings dev files

libcairo-5c0/stable 1.21+b2 arm64
  library for cairo nickle bindings

libcairo-gobject-perl/stable 1.005-4+b3 arm64
  integrate Cairo into the Glib type system in Perl

libcairo-gobject2/stable,now 1.18.4-1+b1 arm64 [installed,automatic]
  Cairo 2D vector graphics library (GObject library)

libcairo-ocaml/stable 1:1.2.0-10+b3 arm64
  OCaml bindings for Cairo (runtime)

libcairo-ocaml-dev/stable 1:1.2.0-10+b3 arm64
  OCaml bindings for Cairo

libcairo-perl/stable 1.109-5+b1 arm64
  Perl interface to the Cairo graphics library

libcairo-script-interpreter2/stable 1.18.4-1+b1 arm64
  Cairo 2D vector graphics library (script interpreter)

libcairo2/stable,now 1.18.4-1+b1 arm64 [installed,automatic]
  Cairo 2D vector graphics library

libcairo2-dev/stable 1.18.4-1+b1 arm64
  Development files for the Cairo 2D graphics library

libcairo2-doc/stable 1.18.4-1 all
  Documentation for the Cairo Multi-platform 2D graphics library

libcairo2-ocaml/stable 0.6.5-2+b2 arm64
  OCaml binding for Cairo (runtime library)

libcairo2-ocaml-dev/stable 0.6.5-2+b2 arm64
  OCaml binding for Cairo (development files)

libcairomm-1.0-1v5/stable 1.14.5-2+b1 arm64
  C++ wrappers for Cairo (shared libraries)

libcairomm-1.0-dev/stable 1.14.5-2+b1 arm64
  C++ wrappers for Cairo (development files)

libcairomm-1.0-doc/stable 1.14.5-2 all
  C++ wrappers for Cairo (documentation)

libcairomm-1.16-1/stable 1.18.0-2 arm64
  C++ wrappers for Cairo (shared libraries)

libcairomm-1.16-dev/stable 1.18.0-2 arm64
  C++ wrappers for Cairo (development files)

libcairomm-1.16-doc/stable 1.18.0-2 all
  C++ wrappers for Cairo (documentation)

libcaja-extension-dev/stable 1.26.4-1 arm64
  libraries for Caja components (development files)

libcaja-extension-doc/stable 1.26.4-1 all
  libraries for Caja components (API documentation files)

libcaja-extension1/stable 1.26.4-1 arm64
  libraries for Caja components

libcal-dav-perl/stable 0.6-4 all
  CalDAV client library

libcal3d-doc/stable 0.11.0-10 all
  Skeletal based 3d character animation library - API documentation

libcal3d12-dev/stable 0.11.0-10 arm64
  Skeletal based 3d character animation library - development files

libcal3d12t64/stable 0.11.0-10 arm64
  Skeletal based 3d character animation library

libcalceph-dev/stable 4.0.4-2 arm64
  C development files for planetary ephemeris data access

libcalceph-fortran-dev/stable 4.0.4-2 arm64
  Fortran bindings for the CALCEPH library

libcalceph2/stable 4.0.4-2 arm64
  Shared library for planetary ephemeris data access

libcalendar-ocaml/stable 3.0.0-4+b6 arm64
  OCaml library providing operations over dates and times (runtime)

libcalendar-ocaml-dev/stable 3.0.0-4+b6 arm64
  OCaml library providing operations over dates and times (dev files)

libcalendar-ocaml-doc/stable 3.0.0-4 all
  OCaml library providing operations over dates and times (doc)

libcalendar-simple-perl/stable 2.1.0-1 all
  module for producing simple calendars

libcalendarsupport-data/stable 4:24.12.3-1 all
  KDE PIM Calendar support - data files

libcalendarsupport-dev/stable 4:24.12.3-1 arm64
  KDE PIM Calendar support - development files

libcall-context-perl/stable 0.05-1 all
  module to sanity-check calling context

libcallaudio-0-1/stable 0.1.10-1+b2 arm64
  Library for audio routing during voice calls

libcallaudio-dev/stable 0.1.10-1+b2 arm64
  Development files for libcallaudio

libcallaudio-doc/stable 0.1.10-1 all
  Documentation for libcallaudio's API

libcallaudio-tools/stable 0.1.10-1+b2 arm64
  Helper tools for libcallaudio

libcallback1/stable 2.5-2 arm64
  foreign function call libraries - closures with variable arguments in C

libcallstats-java/stable 5.2.0-3 all
  library to integrate with callstats.io

libcam-pdf-perl/stable 1.60-5 all
  PDF manipulation library

libcamd3/stable,now 1:7.10.1+dfsg-1 arm64 [installed,automatic]
  symmetric approximate minimum degree library for sparse matrices

libcamel-1.2-64t64/stable 3.56.2-0+deb13u1 arm64
  Evolution MIME message handling library

libcamel-snake-kebab-clojure/stable 0.4.3-2 all
  clojure library for word case conversion

libcamel1.2-dev/stable 3.56.2-0+deb13u1 arm64
  Development files for libcamel

libcamera-calibration-parsers-dev/stable 1.12.0-14+b5 arm64
  Robot OS camera_calibration_parsers package - development

libcamera-calibration-parsers0t64/stable 1.12.0-14+b5 arm64
  Robot OS camera_calibration_parsers package

libcamera-dev/stable 0.4.0-7 arm64
  complex camera support library (development files)

libcamera-doc/stable 0.4.0-7 all
  complex camera support library (documentation)

libcamera-info-manager-dev/stable 1.12.0-14+b5 arm64
  Robot OS camera_info_manager package - development

libcamera-info-manager0t64/stable 1.12.0-14+b5 arm64
  Robot OS camera_info_manager package

libcamera-ipa/stable 0.4.0-7 arm64
  complex camera support library (IPA modules)

libcamera-tools/stable 0.4.0-7 arm64
  complex camera support library (tools)

libcamera-v4l2/stable 0.4.0-7 arm64
  complex camera support library (V4L2 module)

libcamera0.4/stable 0.4.0-7 arm64
  complex camera support library

libcamitk5-data/stable 5.2.0-5 all
  Computer Assisted Medical Intervention Tool Kit - data

libcamitk5-doc/stable 5.2.0-5 all
  Computer Assisted Medical Intervention Tool Kit - documentation

libcaml2html-ocaml/stable 1.4.4-3+b4 arm64
  HTML and LaTeX colored syntax from OCaml source files - plugins

libcaml2html-ocaml-dev/stable 1.4.4-3+b4 arm64
  HTML and LaTeX colored syntax from OCaml source files - dev files

libcamlimages-ocaml/stable 1:5.0.5-2+b2 arm64
  OCaml image processing library (Runtime library)

libcamlimages-ocaml-dev/stable 1:5.0.5-2+b2 arm64
  OCaml image processing library (Development package)

libcamlimages-ocaml-doc/stable 1:5.0.5-2 all
  OCaml CamlImages library documentation

libcamljava-ocaml-dev/stable 0.4-2+b3 arm64
  interface between OCaml and Java via Caml/C interface and JNI

libcamlp-streams-ocaml/stable 5.0.1-3+b4 arm64
  Stream and Genlex libraries for use with Camlp4 and Camlp5 (runtime files)

libcamlp-streams-ocaml-dev/stable 5.0.1-3+b4 arm64
  Stream and Genlex libraries for use with Camlp4 and Camlp5 (dev files)

libcamlp4-ocaml-dev/stable 5.3+1-1+b1 arm64
  Pre Processor Pretty Printer for OCaml (libraries)

libcamlpdf-ocaml/stable 2.8.1-1+b1 arm64
  library for reading, writing and manipulating PDF files and data (runtime)

libcamlpdf-ocaml-dev/stable 2.8.1-1+b1 arm64
  library for reading, writing and manipulating PDF files and data

libcamltemplate-ocaml/stable 1.0.2-5+b3 arm64
  configurable library for generating text from templates in OCaml

libcamltemplate-ocaml-dev/stable 1.0.2-5+b3 arm64
  configurable library for generating text from templates in OCaml

libcamomile-ocaml-data/stable 2.0.0-2 all
  Unicode data for OCaml

libcamomile-ocaml-dev/stable 2.0.0-2+b9 arm64
  Unicode library for OCaml

libcamp-dev/stable 0.8.4-4.1+b1 arm64
  C++ multi-purpose reflection library (development files)

libcamp0.8t64/stable 0.8.4-4.1+b1 arm64
  C++ multi-purpose reflection library

libcanary-stability-perl/stable 2013-1 all
  canary to check perl compatibility for schmorp's modules

libcanberra-dev/stable 0.30-18 arm64
  simple interface for playing event sounds (development files)

libcanberra-doc/stable 0.30-18 all
  simple abstract interface for playing event sounds - doc

libcanberra-gstreamer/stable 0.30-18 arm64
  GStreamer backend for libcanberra

libcanberra-gtk-common-dev/stable 0.30-18 all
  simple interface for playing event sounds (GTK+ shared development files)

libcanberra-gtk3-0/stable 0.30-18 arm64
  GTK+ 3.0 helper for playing widget event sounds with libcanberra

libcanberra-gtk3-dev/stable 0.30-18 arm64
  simple interface for playing event sounds (GTK+ 3 development files)

libcanberra-gtk3-module/stable 0.30-18 arm64
  translates GTK3 widgets signals to event sounds

libcanberra-pulse/stable 0.30-18 arm64
  PulseAudio backend for libcanberra

libcanberra0/stable 0.30-18 arm64
  simple abstract interface for playing event sounds

libcangjie-dev/stable 1.4.0.really.1.4.0-5 arm64
  Cangjie input method library (development)

libcangjie-dev-tools/stable 1.4.0.really.1.4.0-5 arm64
  Cangjie input method library development tools

libcangjie3/stable 1.4.0.really.1.4.0-5 arm64
  Cangjie input method library

libcangjie3-data/stable 1.4.0.really.1.4.0-5 all
  Cangjie input method library (common database)

libcanl-c-dev/stable 3.0.0-6 arm64
  Development files for EMI caNl

libcanl-c-doc/stable 3.0.0-6 all
  Documentation files for EMI caNl

libcanl-c-examples/stable 3.0.0-6 arm64
  Example programs of EMI caNl

libcanl-c4t64/stable 3.0.0-6 arm64
  EMI Common Authentication library - bindings for C

libcanl-java/stable 2.8.3-1 all
  EMI Common Authentication library - bindings for Java

libcanl-java-doc/stable 2.8.3-1 all
  Javadoc documentation for canl-java

libcanlock-dev/stable 3.3.1-1 arm64
  development files for Usenet cancel lock library

libcanlock3/stable 3.3.1-1 arm64
  library for creating and verifying Usenet cancel locks

libcanna1g/stable 3.7p3-25 arm64
  input system for Japanese - runtime library

libcanna1g-dev/stable 3.7p3-25 arm64
  input system for Japanese - development files

libcantor-dev/stable 4:25.04.2-3 arm64
  interface for mathematical applications - development files

libcantorlibs-data/stable 4:25.04.2-3 all
  interface for mathematical applications - data for shared library

libcantorlibs28abi2/stable 4:25.04.2-3 arm64
  interface for mathematical applications - shared library

libcap-dev/stable 1:2.75-10+deb13u1+b1 arm64
  POSIX 1003.1e capabilities (development)

libcap-ng-dev/stable 0.8.5-4+b1 arm64
  Development and header files for libcap-ng

libcap-ng-utils/stable 0.8.5-4+b1 arm64
  Utilities for analysing and setting file capabilities

libcap-ng0/stable,now 0.8.5-4+b1 arm64 [installed]
  alternate POSIX capabilities library

libcap2/stable,now 1:2.75-10+deb13u1+b1 arm64 [installed]
  POSIX 1003.1e capabilities (library)

libcap2-bin/stable,now 1:2.75-10+deb13u1+b1 arm64 [installed,automatic]
  POSIX 1003.1e capabilities (utilities)

libcapi20-3t64/stable 1:3.27-3.2+b1 arm64
  ISDN utilities - CAPI support libraries

libcapi20-dev/stable 1:3.27-3.2+b1 arm64
  ISDN utilities - CAPI development libraries

libcapnp-1.1.0/stable 1.1.0-2 arm64
  Cap'n Proto C++ library

libcapnp-dev/stable 1.1.0-2 arm64
  Cap'n Proto C++ library (development files)

libcapstone-dev/stable 5.0.7-1~deb13u1 arm64
  lightweight multi-architecture disassembly framework - devel files

libcapstone5/stable 5.0.7-1~deb13u1 arm64
  lightweight multi-architecture disassembly framework - library

libcapsule-maven-nextflow-java/stable 1.0.3.1+dfsg-5 all
  packaging tool for Java applications with Maven coordinates

libcaptcha-recaptcha-perl/stable 0.98+ds-3 all
  perl implementation of the reCAPTCHA API

libcaptcha-recaptcha-v3-perl/stable 0.06-1 all
  Perl implementation of reCAPTCHA API version 3

libcapture-tiny-perl/stable 0.50-1 all
  module to capture STDOUT and STDERR

libcares2/stable 1.34.5-1+deb13u1 arm64
  asynchronous name resolver

libcaribou-common/stable 0.4.21-10 all
  Configurable on screen keyboard with scanning mode - common files

libcaribou-dev/stable 0.4.21-10 arm64
  Configurable on screen keyboard - library (development)

libcaribou-gtk-module/stable 0.4.21-10 arm64
  Configurable on screen keyboard with scanning mode (GTK+ 2.0 module)

libcaribou-gtk3-module/stable 0.4.21-10 arm64
  Configurable on screen keyboard with scanning mode (GTK+ 3.0 module)

libcaribou0/stable 0.4.21-10 arm64
  Configurable on screen keyboard with scanning mode - library

libcarp-always-perl/stable 0.16-1 all
  Perl module to make warn and die noisy with stack backtraces

libcarp-assert-more-perl/stable 2.9.0-1 all
  set of convenient assertions easier to use than libcarp-assert-perl

libcarp-assert-perl/stable 0.22-1 all
  Carp::Assert - executable comments for perl

libcarp-clan-perl/stable 6.08-2 all
  Perl enhancement to Carp error logging facilities

libcarp-clan-share-perl/stable 0.013-3 all
  Perl module enabling sharing of Carp::Clan settings

libcarp-datum-perl/stable 1:0.1.3-9 all
  Debugging And Tracing Ultimate Module (for perl)

libcarp-fix-1-25-perl/stable 1.000001-4 all
  Perl module to smooth over incompatible changes in Carp 1.25

libcarp-object-perl/stable 1.02-2 all
  object-oriented replacement for Carp or Carp::Clan Perl modules

libcarrotsearch-hppc-java/stable 0.7.2-2 all
  High Performance Primitive Collections for Java

libcarrotsearch-procfork-java/stable 1.0.6~git20211215.86e726d+ds-2 all
  process forking/killing utility

libcarrotsearch-randomizedtesting-java/stable 2.7.9-1 all
  Randomized testing infrastructure for JUnit, Ant and Maven

libcasa-casa8/stable 3.7.1-1 arm64
  CASA core modules

libcasa-coordinates8/stable 3.7.1-1 arm64
  CASA coordinates library

libcasa-derivedmscal8/stable 3.7.1-1 arm64
  CASA derived mscal library

libcasa-fits8/stable 3.7.1-1 arm64
  CASA FITS library

libcasa-images8/stable 3.7.1-1 arm64
  CASA image processing library

libcasa-lattices8/stable 3.7.1-1 arm64
  CASA lattice library

libcasa-meas8/stable 3.7.1-1 arm64
  CASA functions handling measures

libcasa-measures8/stable 3.7.1-1 arm64
  CASA measures library

libcasa-mirlib8/stable 3.7.1-1 arm64
  CASA mirlib library

libcasa-ms8/stable 3.7.1-1 arm64
  CASA MeasurementSet library

libcasa-msfits8/stable 3.7.1-1 arm64
  CASA msfits library

libcasa-python3-8/stable 3.7.1-1 arm64
  CASA Python bindings

libcasa-scimath-f8/stable 3.7.1-1 arm64
  CASA scimath F library

libcasa-scimath8/stable 3.7.1-1 arm64
  CASA basic mathematical modules

libcasa-tables8/stable 3.7.1-1 arm64
  CASA table system

libcasilda-0.1/stable 0.2.0-2 arm64
  simple wayland compositor widget for Gtk 4

libcasilda-dev/stable 0.2.0-2 arm64
  simple wayland compositor widget for Gtk 4 - development files

libcassandra-client-perl/stable 0.21-1+b3 arm64
  Perl library for accessing Cassandra using its binary network protocol

libcassie-dev/stable 1.0.9-4+b2 arm64
  library and headers for development

libcassie-doc/stable 1.0.9-4 all
  documentation for cassiopee library

libcassie1v5/stable 1.0.9-4+b2 arm64
  library implementating search algorithms

libcastor-anttasks-java/stable 1.3.2-7 all
  Data binding framework for Java (XML, Objects, DB) - Ant Tasks

libcastor-codegen-java/stable 1.3.2-7 all
  Data binding framework for Java (XML, Objects, DB) - Codegen

libcastor-core-java/stable 1.3.2-7 all
  Data binding framework for Java (XML, Objects, DB) - Core

libcastor-ddlgen-java/stable 1.3.2-7 all
  Data binding framework for Java (XML, Objects, DB) - DDL generator

libcastor-java-doc/stable 1.3.2-7 all
  Documentation for Castor Java databinding framework

libcastor-jdo-java/stable 1.3.2-7 all
  Data binding framework for Java (XML, Objects, DB) - JDO

libcastor-xml-java/stable 1.3.2-7 all
  Data binding framework for Java (XML, Objects, DB) - XML module

libcastor-xml-schema-java/stable 1.3.2-7 all
  Data binding framework for Java (XML, Objects, DB) - XML Schema

libcatalyst-action-renderview-perl/stable 0.17-1 all
  Sensible default end action for Catalyst

libcatalyst-action-rest-perl/stable 1.21-2 all
  module for automatic REST method dispatching

libcatalyst-action-serialize-data-serializer-perl/stable 1.08-3 all
  serializing module for Catalyst::Action::REST using Data::Serializer

libcatalyst-actionrole-acl-perl/stable 0.07-1.1 all
  Catalyst ActionRole for user role-based authorization

libcatalyst-actionrole-checktrailingslash-perl/stable 0.01-1.1 all
  Test URI path for trailing slash and redirect if needed

libcatalyst-actionrole-requiressl-perl/stable 1.00-1 all
  Force an action to be (in)secure only

libcatalyst-authentication-credential-authen-simple-perl/stable 0.09-4 all
  Catalyst plugin for verifying credentials with the Authen::Simple framework

libcatalyst-authentication-credential-http-perl/stable 1.018-3 all
  HTTP Basic and Digest authentication for Catalyst

libcatalyst-authentication-store-dbix-class-perl/stable 0.1506-5 all
  Catalyst authentication storage via DBIx::Class

libcatalyst-authentication-store-htpasswd-perl/stable 1.006-3 all
  Authen::Htpasswd based user storage/authentication

libcatalyst-component-instancepercontext-perl/stable 0.001001-3 all
  Single per-request instances of Catalyst components

libcatalyst-controller-actionrole-perl/stable 0.17-2 all
  module for applying roles to action instances

libcatalyst-controller-formbuilder-perl/stable 0.06-3 all
  Catalyst FormBuilder base controller

libcatalyst-controller-html-formfu-perl/stable 2.04-2 all
  Catalyst integration for HTML::FormFu

libcatalyst-devel-perl/stable 1.42-1 all
  collection of development tools for Catalyst

libcatalyst-dispatchtype-regex-perl/stable 5.90035-2 all
  Regex DispatchType for Catalyst

libcatalyst-engine-apache-perl/stable 1.16-3 all
  Catalyst engine for Apache 1.x and 2.x

libcatalyst-log-log4perl-perl/stable 1.06-5 all
  logging module for Catalyst (deprecated)

libcatalyst-manual-perl/stable 5.9013-1 all
  developer's manual for Catalyst

libcatalyst-model-adaptor-perl/stable 0.10-3 all
  glue for Catalyst model modules

libcatalyst-model-cdbi-crud-perl/stable 0.04-4 all
  deprecated Catalyst module

libcatalyst-model-cdbi-perl/stable 0.12-2.1 all
  CDBI Model Class for Catalyst

libcatalyst-model-dbi-perl/stable 0.32-3 all
  Database model class for Catalyst

libcatalyst-model-dbic-schema-perl/stable 0.66-1 all
  DBIx::Class::Schema-based database model for Catalyst

libcatalyst-modules-extra-perl/stable 10 all
  extra modules for Catalyst (metapackage)

libcatalyst-modules-perl/stable 49 all
  modules for Catalyst (metapackage)

libcatalyst-perl/stable 5.90132-1 all
  elegant Model-View-Controller Web Application Framework

libcatalyst-plugin-authentication-credential-openid-perl/stable 0.03+rp-4 all
  OpenID credential for Catalyst::Auth framework

libcatalyst-plugin-authentication-perl/stable 0.10024-1 all
  Infrastructure plugin for the Catalyst authentication framework

libcatalyst-plugin-authorization-acl-perl/stable 0.16-2 all
  ACL support for Catalyst applications

libcatalyst-plugin-authorization-roles-perl/stable 0.09-4 all
  Role based authorization plugin for Catalyst

libcatalyst-plugin-cache-perl/stable 0.12-3 all
  flexible caching support for Catalyst

libcatalyst-plugin-cache-store-fastmmap-perl/stable 0.02-6 all
  (deprecated) FastMmap cache store plugin for Catalyst::Plugin::Cache

libcatalyst-plugin-captcha-perl/stable 0.04-3 all
  create and validate Captcha for Catalyst

libcatalyst-plugin-compress-perl/stable 0.5-1.1 all
  Catalyst plugin to compress the response

libcatalyst-plugin-configloader-perl/stable 0.35-1 all
  Catalyst plugin for loading configuration files

libcatalyst-plugin-customerrormessage-perl/stable 0.6-2.2 all
  Catalyst plugin to have more "cute" error message.

libcatalyst-plugin-fillinform-perl/stable 0.12-1.1 all
  module providing Fill-In-Form for Catalyst

libcatalyst-plugin-i18n-perl/stable 0.10-5 all
  I18N for Catalyst web application framework

libcatalyst-plugin-log-dispatch-perl/stable 0.121-3 all
  Catalyst log module that uses Log::Dispatch

libcatalyst-plugin-redirect-perl/stable 0.2-1.1 all
  Catalyst plugin for easy redirects

libcatalyst-plugin-scheduler-perl/stable 0.10-4 all
  Catalyst plugin for scheduling events to run in a cron-like fashion

libcatalyst-plugin-session-perl/stable 0.43-1 all
  generic Session plugin for Catalyst

libcatalyst-plugin-session-state-cookie-perl/stable 0.18-1 all
  Catalyst plugin for maintaining session IDs using cookies

libcatalyst-plugin-session-store-cache-perl/stable 0.01-3 all
  Catalyst plugin for storing session data in the cache

libcatalyst-plugin-session-store-dbi-perl/stable 0.16-3 all
  DBI session storage plugin for Catalyst

libcatalyst-plugin-session-store-dbic-perl/stable 0.14-4 all
  DBIx::Class-based session storage plugin for Catalyst

libcatalyst-plugin-session-store-delegate-perl/stable 0.06-4 all
  delegated Catalyst session storage helper

libcatalyst-plugin-session-store-fastmmap-perl/stable 0.16-3 all
  Catalyst session storage plugin backed by Cache::FastMMap

libcatalyst-plugin-session-store-file-perl/stable 0.18-3 all
  File storage backend for Catalyst session data

libcatalyst-plugin-session-store-redis-perl/stable 0.901-1 all
  Redis Session store for Catalyst

libcatalyst-plugin-setenv-perl/stable 0.03-5 all
  set up the environment from Catalyst's config file

libcatalyst-plugin-smarturi-perl/stable 0.041-2 all
  module providing configurable URIs for Catalyst

libcatalyst-plugin-stacktrace-perl/stable 0.12-4 all
  Catalyst plugin for displaying a stack trace on the debug screen

libcatalyst-plugin-static-simple-perl/stable 0.37-1 all
  Catalyst plugin for easy serving of static pages

libcatalyst-plugin-subrequest-perl/stable 0.21-2 all
  deprecated Catalyst plugin for making subrequests to actions

libcatalyst-plugin-unicode-perl/stable 0.93-4 all
  Unicode support for Catalyst (old style)

libcatalyst-view-component-subinclude-perl/stable 0.10-4 all
  Use subincludes in your Catalyst views

libcatalyst-view-csv-perl/stable 1.8-1 all
  CSV view class for the Catalyst web framework

libcatalyst-view-email-perl/stable 0.36-4 all
  Catalyst module for sending email

libcatalyst-view-excel-template-plus-perl/stable 0.3-2.2 all
  Catalyst View for Excel::Template::Plus

libcatalyst-view-gd-perl/stable 0.1-1.2 all
  Catalyst View for GD images

libcatalyst-view-json-perl/stable 0.37-2 all
  JSON view plugin for Catalyst

libcatalyst-view-mason-perl/stable 0.19-3 all
  Mason view component for Catalyst

libcatalyst-view-pdf-reuse-perl/stable 0.4-2.1 all
  Create PDF files from Catalyst using Template Toolkit templates

libcatalyst-view-petal-perl/stable 0.03-1.1 all
  Petal View Class for Catalyst

libcatalyst-view-tt-perl/stable 0.46-1 all
  Template View Class for Catalyst

libcatalystx-component-traits-perl/stable 0.19-3 all
  Automatic Trait Loading and Resolution for Catalyst Components

libcatalystx-injectcomponent-perl/stable 0.025-2 all
  module for injecting components into Catalyst applications

libcatalystx-leakchecker-perl/stable 0.06-3 all
  module for detecting memory leaks in Catalyst applications

libcatalystx-simplelogin-perl/stable 0.21-2 all
  simple and reusable login controller

libcatch2-dev/stable 3.7.1-0.5 arm64
  C++ Automated Test Cases in Headers

libcatmandu-aat-perl/stable 0.03-2 all
  Catmandu library to retrieve items from the AAT

libcatmandu-alephx-perl/stable 1.073-2 all
  low level client for Aleph X-Services

libcatmandu-atom-perl/stable 0.05-2 all
  modules for handling Atom feeds within the Catmandu framework

libcatmandu-bibtex-perl/stable 0.21-2 all
  Catmandu modules for working with BibTeX data

libcatmandu-blacklight-perl/stable 0.04-2 all
  Catmandu module for working with Blacklight catalogs

libcatmandu-breaker-perl/stable 0.141-2 all
  Catmandu modules that export data in a Breaker format

libcatmandu-cmd-repl-perl/stable 0.01-2 all
  interactive shell for Catmandu

libcatmandu-crossref-perl/stable 0.007-2 all
  Catmandu modules to import data from the CrossRef API

libcatmandu-dbi-perl/stable 0.13-1 all
  Catmandu tools to communicate with DBI based interfaces

libcatmandu-exporter-table-perl/stable 0.3.0-3 all
  Catmandu modules for exporting data in tabular MultiMarkdown format

libcatmandu-fedoracommons-perl/stable 0.5-2 all
  low level Catmandu interface to the Fedora Commons REST API

libcatmandu-filestore-perl/stable 1.16-3 all
  modules to make files persistent within the Catmandu framework

libcatmandu-fix-cmd-perl/stable 0.0201-2 all
  Catmandu module that pipes data to be 'fixed' through an external process

libcatmandu-fix-datahub-perl/stable 0.03-2 all
  Catmandu utility functions and generic fixes for the Datahub project

libcatmandu-html-perl/stable 0.02+dfsg-2 all
  Modules for handling HTML data within the Catmandu framework

libcatmandu-i18n-perl/stable 0.01-2 all
  modules for handling text localisation within the Catmandu framework

libcatmandu-identifier-perl/stable 0.15-2 all
  namespace for handling identifiers within the Catmandu framework

libcatmandu-importer-getjson-perl/stable 0.52-2 all
  load JSON-encoded data from a server using a GET HTTP request

libcatmandu-inspire-perl/stable 0.300-2 all
  modules for working with Inspire data within the Catmandu framework

libcatmandu-ldap-perl/stable 0.0105-2 all
  modules for working with LDAP directories within the Catmandu framework

libcatmandu-mab2-perl/stable 0.24-2 all
  modules for working with MAB2 data within the Catmandu framework

libcatmandu-marc-perl/stable 1.320-1 all
  modules for working with MARC data within the Catmandu framework

libcatmandu-markdown-perl/stable 0.011-2 all
  modules for handling markdown data within the Catmandu framework

libcatmandu-mediawiki-perl/stable 0.021-2 all
  Catmandu modules for interfacing with MediaWiki

libcatmandu-mendeley-perl/stable 0.01-2 all
  modules wrapping the Mendeley API within the Catmandu framework

libcatmandu-mods-perl/stable 0.31-3 all
  modules for working with MODS data within the Catmandu framework

libcatmandu-oai-perl/stable 0.21-1 all
  modules for working with OAI repositories within the Catmandu framework

libcatmandu-perl/stable 1.2024-1 all
  metadata toolkit

libcatmandu-plos-perl/stable 0.01-2 all
  modules for working with PLoS data within the Catmandu framework

libcatmandu-pubmed-perl/stable 0.01-2 all
  modules for working with PubMed data within the Catmandu framework

libcatmandu-pure-perl/stable 0.05-2 all
  Catmandu modules for working with data from Pure

libcatmandu-rdf-perl/stable 0.32-3 all
  modules for handling RDF data within the Catmandu framework

libcatmandu-ris-perl/stable 0.13-2 all
  modules for handling RIS data within the Catmandu framework

libcatmandu-solr-perl/stable 0.0304-2 all
  Catmandu modules for working with SOLR endpoints

libcatmandu-sru-perl/stable 0.43.0-2 all
  modules for working with SRU data within the Catmandu framework

libcatmandu-stat-perl/stable 0.13-2 all
  Catmandu modules for working with statistical data

libcatmandu-store-elasticsearch-perl/stable 1.0204-1 all
  searchable store backed by Elasticsearch

libcatmandu-store-mongodb-perl/stable 0.0806-1 all
  searchable store backed by MongoDB

libcatmandu-template-perl/stable 0.14-1 all
  modules for working with templates within the Catmandu framework

libcatmandu-viaf-perl/stable 0.05-2 all
  Catmandu modules for retrieving items from VIAF authority files

libcatmandu-wikidata-perl/stable 0.06-3 all
  import from Wikidata for processing with Catmandu

libcatmandu-xls-perl/stable 0.10-1 all
  modules for working with Excel files within the Catmandu framework

libcatmandu-xml-perl/stable 0.17-1 all
  modules for handling XML data within the Catmandu framework

libcatmandu-xsd-perl/stable 0.05-3 all
  modules for handling XML data with XSD compilation

libcatmandu-z3950-perl/stable 0.06-2 all
  Catmandu module for working with Z3950 data

libcatmandu-zotero-perl/stable 0.07-2 all
  Catmandu modules for working with Zotero web

libcattle-1.0-0/stable 1.4.0-2+b3 arm64
  Brainfuck language toolkit

libcattle-1.0-dev/stable 1.4.0-2+b3 arm64
  Brainfuck language toolkit (development files)

libcattle-1.0-doc/stable 1.4.0-2 all
  Brainfuck language toolkit (API reference)

libcava-java/stable 0.6.0-2 all
  Libraries and tools for blockchain and decentralized software

libcbf-dev/stable 0.9.7+dfsg1-5+b1 arm64
  development files for CBFlib

libcbf1t64/stable 0.9.7+dfsg1-5+b1 arm64
  shared library supporting CBFlib

libcbor-dev/stable 0.10.2-2 arm64
  library for parsing and generating CBOR (RFC 7049) (development headers)

libcbor-doc/stable 0.10.2-2 all
  library for parsing and generating CBOR (RFC 7049) (documentation)

libcbor-xs-perl/stable 1.87-1+b3 arm64
  module for manipulating CBOR-formatted data (C/XS-accelerated)

libcbor0.10/stable,now 0.10.2-2 arm64 [installed,automatic]
  library for parsing and generating CBOR (RFC 7049)

libcc1-0/stable,now 14.2.0-19 arm64 [installed,automatic]
  GCC cc1 plugin for GDB

libccd-dev/stable 2.1-2+b2 arm64
  Library for collision detection between convex shapes - dev files

libccd2/stable 2.1-2+b2 arm64
  Library for collision detection between convex shapes - shared library

libccfits-dev/stable 2.7+dfsg-1 arm64
  static library for I/O with FITS format data files

libccfits-doc/stable 2.7+dfsg-1 all
  documentation for CCfits

libccfits0v5/stable 2.7+dfsg-1 arm64
  shared library for I/O with FITS format data files

libccid/stable 1.6.2-1 arm64
  PC/SC driver for USB CCID smart card readers

libccolamd3/stable,now 1:7.10.1+dfsg-1 arm64 [installed,automatic]
  constrained column approximate library for sparse matrices

libcconv-dev/stable 0.6.2-1.3 arm64
  development libraries for CCONV

libcconv0/stable 0.6.2-1.3 arm64
  library for cconv

libccp4-data/stable 8.0.0-4 all
  CCP4 core functionality - common files

libccp4-dev/stable 8.0.0-4 arm64
  CCP4 core functionality - development files

libccp4c0t64/stable 8.0.0-4 arm64
  CCP4 core functionality - C runtime

libccp4f0t64/stable 8.0.0-4 arm64
  CCP4 core functionality - fortran runtime

libccrtp-dev/stable 2.0.9-4.1+b1 arm64
  Common C++ class framework for RTP packets - development files

libccrtp-doc/stable 2.0.9-4.1 all
  Documentation files for  GNU ccRTPp library

libccrtp2t64/stable 2.0.9-4.1+b1 arm64
  Common C++ class framework for RTP packets

libcctbx-dev/stable 2024.10+ds2+~3.22.1+ds1-5 arm64
  Computational Crystallography Toolbox - headers

libcctbx0/stable 2024.10+ds2+~3.22.1+ds1-5 arm64
  Computational Crystallography Toolbox - runtime libraries

libcctz-dev/stable 2.4+dfsg1-2 arm64
  Library for computing dates, times and time zones, development files

libcctz-doc/stable 2.4+dfsg1-2 all
  Library for computing dates, times and time zones, documentation

libcctz2.4/stable 2.4+dfsg1-2 arm64
  Library for computing dates, times and time zones, shared library

libcdaudio-dev/stable 0.99.12p2-16 arm64
  library for controlling a CD-ROM when playing audio CDs (development)

libcdaudio1/stable 0.99.12p2-16 arm64
  library for controlling a CD-ROM when playing audio CDs

libcdb-dev/stable 0.81-2 arm64
  development files for constant databases (cdb)

libcdb-file-perl/stable 1.05-2+b4 arm64
  module to access cdb databases from Perl

libcdb1/stable 0.81-2 arm64
  shared library for constant databases (cdb)

libcdd-dev/stable 094m-1.1+b1 arm64
  Library for finding vertices of convex polytopes, development

libcdd-doc/stable 094m-1.1 all
  documentation for libcdd

libcdd-tools/stable 094m-1.1+b1 arm64
  Programs using libcdd

libcdd0t64/stable 094m-1.1+b1 arm64
  Library for calculations with convex polytopes, runtime

libcddb-file-perl/stable 1.05-3 all
  Parse a CDDB/freedb data file

libcddb-get-perl/stable 2.28-4 all
  Perl interface to read the CDDB entry for an audio CD in your drive

libcddb-perl/stable 1.222-3 all
  module to query CDDB and freedb servers

libcddb2/stable 1.3.2-7.1 arm64
  library to access CDDB data - runtime files

libcddb2-dev/stable 1.3.2-7.1 arm64
  library to access CDDB data - development files

libcdi-api-java/stable 1.2-4 all
  Contexts and Dependency Injection for Java EE

libcdi-dev/stable 2.5.1-1 arm64
  Development files for the climate data interface library

libcdi0/stable 2.5.1-1 arm64
  Climate Data Interface (cdi) library

libcdio++-dev/stable 2.2.0-4.1~deb13u1 arm64
  C++ library to read and control CD-ROM (development files)

libcdio++1t64/stable 2.2.0-4.1~deb13u1 arm64
  C++ library to read and control CD-ROM

libcdio-cdda-dev/stable 10.2+2.0.2-1+b1 arm64
  library to read and control digital audio CDs (development files)

libcdio-cdda2t64/stable 10.2+2.0.2-1+b1 arm64
  library to read and control digital audio CDs

libcdio-dev/stable 2.2.0-4.1~deb13u1 arm64
  library to read and control CD-ROM (development files)

libcdio-paranoia-dev/stable 10.2+2.0.2-1+b1 arm64
  library to read digital audio CDs with error correction (development files)

libcdio-paranoia2t64/stable 10.2+2.0.2-1+b1 arm64
  library to read digital audio CDs with error correction

libcdio-utils/stable 2.2.0-4.1~deb13u1 arm64
  sample applications based on the CDIO libraries

libcdio19t64/stable 2.2.0-4.1~deb13u1 arm64
  library to read and control CD-ROM

libcdk-java/stable 1:2.11-1 all
  Chemistry Development Kit (CDK) Java libraries

libcdk-perl/stable 20240606-1+b1 arm64
  Perl interface for a curses widget library

libcdk5-dev/stable 5.0.20250116-1 arm64
  C-based curses widget library (development files)

libcdk5-doc/stable 5.0.20250116-1 all
  C-based curses widget library (examples and demos)

libcdk5t64/stable 5.0.20250116-1 arm64
  C-based curses widget library

libcdkr-java/stable 3.6.0+dfsg-4 all
  chemistry library combining R with CDK

libcdparanoia-dev/stable 3.10.2+debian-14+b1 arm64
  audio extraction tool for sampling CDs (development)

libcdparanoia0/stable,now 3.10.2+debian-14+b1 arm64 [installed,automatic]
  audio extraction tool for sampling CDs (library)

libcdr-0.1-1/stable 0.1.7-1+b3 arm64
  library for reading and converting Corel DRAW files

libcdr-dev/stable 0.1.7-1+b3 arm64
  library for reading and converting Corel DRAW files -- development

libcdr-doc/stable 0.1.7-1 all
  library for reading and converting Corel DRAW files -- documentation

libcdr-tools/stable 0.1.7-1+b3 arm64
  library for reading and converting Corel DRAW files -- tools

libcds-dev/stable 2.3.3-5 arm64
  Concurrent Data Structures (CDS) library - development

libcds-healpix-java/stable 0.30.3+ds-1 all
  CDS HEALPix library in Java

libcds-healpix-java-doc/stable 0.30.3+ds-1 all
  API documentation for the CDS HEALPix library in Java

libcds-moc-java/stable 6.31-1 all
  Multi-Order Coverage maps Virtual Observatory library

libcds-moc-java-doc/stable 6.31-1 all
  Multi-Order Coverage maps Virtual Observatory library documentation

libcds-savot-java/stable 4.0.0-2 all
  Simple Access to VOTable (SAVOT) library for Virtual Observatory

libcds-savot-java-doc/stable 4.0.0-2 all
  Simple Access to VOTable (SAVOT) library for Virtual Observatory documentation

libcds2.3.3t64/stable 2.3.3-5 arm64
  Concurrent Data Structures (CDS) library

libcdt5/stable,now 2.42.4-3 arm64 [installed,automatic]
  rich set of graph drawing tools - cdt library

libcec-dev/stable 7.0.0-1+b1 arm64
  USB CEC Adaptor communication Library (development files)

libcec7/stable 7.0.0-1+b1 arm64
  USB CEC Adaptor communication Library (shared library)

libcegui-mk2-0.8.7t64/stable 0.8.7+git20220615-6+b2 arm64
  Crazy Eddie's GUI (libraries)

libcegui-mk2-data/stable 0.8.7+git20220615-6 all
  Crazy Eddie's GUI (data)

libcegui-mk2-dev/stable 0.8.7+git20220615-6+b2 arm64
  Crazy Eddie's GUI (development files)

libcegui-mk2-doc/stable 0.8.7+git20220615-6 all
  Crazy Eddie's GUI (documentation)

libcephfs-dev/stable 18.2.7+ds-1+deb13u1 arm64
  Ceph distributed file system client library (development files)

libcephfs-java/stable 18.2.7+ds-1+deb13u1 all
  Java library for the Ceph File System

libcephfs-jni/stable 18.2.7+ds-1+deb13u1 arm64
  Java Native Interface library for CephFS Java bindings

libcephfs2/stable 18.2.7+ds-1+deb13u1 arm64
  Ceph distributed file system client library

libcephfs2-dbg/stable 18.2.7+ds-1+deb13u1 arm64
  debugging symbols for libcephfs2

libcereal-dev/stable 1.3.2+dfsg-5 arm64
  C++11 library for serialization

libcereal-doc/stable 1.3.2+dfsg-5 all
  C++11 library for serialization HTML documentation

libceres-dev/stable 2.2.0+dfsg-4.1+b2 arm64
  nonlinear least squares minimizer (development files)

libceres4t64/stable 2.2.0+dfsg-4.1+b2 arm64
  nonlinear least squares minimizer (shared library)

libcerf-dev/stable 2.4-2+b1 arm64
  Complex error function library - development files

libcerf-doc/stable 2.4-2 all
  Complex error function library - documentation

libcerf2/stable 2.4-2+b1 arm64
  Complex error function library - binary files

libcexceptions-dev/stable 3.11.0+dfsg-1 arm64
  C exception handling library (development files)

libcexceptions0/stable 3.11.0+dfsg-1 arm64
  C exception handling library

libcext-dev/stable 7.3.2+ds-1+b3 arm64
  Commonly used utility functions for C programs (development files)

libcext-doc/stable 7.3.2+ds-1 all
  API documentation for ESO's C utility library libcext

libcext0/stable 7.3.2+ds-1+b3 arm64
  Commonly used utility functions for C programs

libcf-ocaml/stable 0.10-8+b2 arm64
  OCaml library with miscellaneous utility functions

libcf-ocaml-dev/stable 0.10-8+b2 arm64
  OCaml library with miscellaneous utility functions

libcfg-dev/stable 3.1.9-2+deb13u1 arm64
  cluster engine CFG library development

libcfg7/stable 3.1.9-2+deb13u1 arm64
  cluster engine CFG library

libcfitsio-bin/stable 4.6.2-2 arm64
  CFITSIO based utilities

libcfitsio-dev/stable 4.6.2-2 arm64
  library for I/O with FITS format data files (development files)

libcfitsio-doc/stable 4.6.2-2 all
  documentation for CFITSIO

libcfitsio10t64/stable,now 4.6.2-2 arm64 [installed,automatic]
  shared library for I/O with FITS format data files

libcg3-1/stable 1.5.1-1 arm64
  Runtime for CG-3

libcg3-dev/stable 1.5.1-1 arm64
  Headers and shared files to develop using the CG-3 library

libcgal-demo/stable 6.0.1-1 all
  C++ library for computational geometry (demos)

libcgal-dev/stable 6.0.1-1 arm64
  C++ library for computational geometry (development files)

libcgal-ipelets/stable 6.0.1-1 arm64
  C++ library for computational geometry (ipelets)

libcgal-qt6-dev/stable 6.0.1-1 arm64
  C++ library for computational geometry (development files, support for Qt6)

libcgi-ajax-perl/stable 0.707-3 all
  Perl-specific system for writing Asynchronous web applications

libcgi-application-basic-plugin-bundle-perl/stable 0.9 all
  bundle of basic plugins for CGI::Application

libcgi-application-dispatch-perl/stable 3.12-3 all
  request dispatcher for CGI::Application

libcgi-application-extra-plugin-bundle-perl/stable 0.7 all
  bundle of extra CGI::Application plugins

libcgi-application-perl/stable 4.61+~1.21+~1.00+~1.01-1 all
  framework for building reusable web-applications

libcgi-application-plugin-actiondispatch-perl/stable 0.99-3 all
  attribute extension for CGI::Application

libcgi-application-plugin-anytemplate-perl/stable 0.18-3 all
  module supporting any templating system in CGI::Application

libcgi-application-plugin-authentication-perl/stable 0.25+~cs0.5-1 all
  authentication framework for CGI::Application

libcgi-application-plugin-authorization-perl/stable 0.07+~cs0.1-1 all
  authorization framework for CGI::Application

libcgi-application-plugin-autorunmode-perl/stable 0.18-3 all
  CGI::App plugin to automatically register runmodes

libcgi-application-plugin-captcha-perl/stable 0.04-4 all
  module providing CAPTCHA support in CGI::Application

libcgi-application-plugin-config-simple-perl/stable 1.01-3 all
  module providing Config::Simple support to CGI::Application

libcgi-application-plugin-configauto-perl/stable 1.33-3 all
  plugin that adds Config::Auto support to CGI::Application

libcgi-application-plugin-dbh-perl/stable 4.04-4 all
  plugin adding database support to CGI::Application

libcgi-application-plugin-dbiprofile-perl/stable 0.07-4 all
  plugin providing database profiling support

libcgi-application-plugin-debugscreen-perl/stable 1.00-2 all
  debugging tool for CGI::Application

libcgi-application-plugin-devpopup-perl/stable 1.08+~cs2.4-1 all
  debugging framework for CGI::Application

libcgi-application-plugin-fillinform-perl/stable 1.15-3 all
  plugin for CGI::Application to fill in forms

libcgi-application-plugin-formstate-perl/stable 0.12-3 all
  plugin to store form state without hidden fields

libcgi-application-plugin-forward-perl/stable 1.06-3 all
  plugin to allow one run mode pass control to another

libcgi-application-plugin-json-perl/stable 1.02-4 all
  plugin to facilitate manipulation of JSON headers

libcgi-application-plugin-linkintegrity-perl/stable 0.06-4 all
  plugin to make tamper-resisistent links in CGI::Application

libcgi-application-plugin-logdispatch-perl/stable 1.02-3 all
  plugin that adds Log::Dispatch support to CGI::Application

libcgi-application-plugin-messagestack-perl/stable 0.34-5 all
  message passing plugin for CGI::Application

libcgi-application-plugin-protectcsrf-perl/stable 1.01-3 all
  plugin to generate and verify anti-CSRF challenges

libcgi-application-plugin-ratelimit-perl/stable 1.0-4 all
  Perl module for limiting the runmode call rate per user

libcgi-application-plugin-requiressl-perl/stable 0.04-3 all
  plugin enforcing that certain run modes must be SSL secured

libcgi-application-plugin-session-perl/stable 1.06-1 all
  plugin that adds session support to CGI::Application

libcgi-application-plugin-stream-perl/stable 2.12-2 all
  plugin that adds file streaming support to CGI::Application

libcgi-application-plugin-tt-perl/stable 1.06+~cs1.3-1 all
  plugin that adds Template Toolkit support to CGI::Application

libcgi-application-plugin-validaterm-perl/stable 2.52-1 all
  plugin for validating form data using Data::FormValidator

libcgi-application-plugin-viewcode-perl/stable 1.02-6 all
  debugging tool for CGI::Application

libcgi-application-server-perl/stable 0.063-4 all
  simple HTTP server for developing with CGI::Application

libcgi-compile-perl/stable 0.27-1 all
  module for compiling .cgi scripts to a code reference

libcgi-compress-gzip-perl/stable 1.03-3 all
  module to allow automatically compressed CGI output

libcgi-cookie-splitter-perl/stable 0.05-3 all
  module for splitting big cookies into smaller ones

libcgi-emulate-psgi-perl/stable 0.23-2 all
  PSGI adapter for CGI

libcgi-expand-perl/stable 2.05-6 all
  convert flat hash to nested data using TT2's dot convention

libcgi-fast-perl/stable,now 1:2.17-1 all [installed,automatic]
  CGI subclass for work with FCGI

libcgi-formalware-perl/stable 1.16-4 all
  Perl module for converting an XML file into a suite of CGI forms

libcgi-formbuilder-perl/stable 3.10-6 all
  Easily generate and process stateful CGI forms

libcgi-formbuilder-source-perl-perl/stable 0.01-3 all
  module to initialize FormBuilder applications from Perl files

libcgi-formbuilder-source-yaml-perl/stable 1.0.8-5 all
  module to initialize FormBuilder applications from YAML files

libcgi-github-webhook-perl/stable 0.06-1.1 all
  Easily write CGI-based GitHub webhooks in Perl

libcgi-java/stable 0.8.1-4 arm64
  CGI library for Java

libcgi-pm-perl/stable,now 4.68-1 all [installed,automatic]
  module for Common Gateway Interface applications

libcgi-psgi-perl/stable 0.15-3 all
  Adapt CGI.pm to the PSGI protocol

libcgi-session-driver-chi-perl/stable 1.0.3-3 all
  driver for CGI::Session to use CHI as a session store

libcgi-session-driver-memcached-perl/stable 0.04-2.1 all
  Perl module to allow CGI sessions to be stored in memcache

libcgi-session-expiresessions-perl/stable 1.14-1 all
  automatic deletion of expired CGI sessions

libcgi-session-perl/stable 4.48-4 all
  persistent session data in CGI applications

libcgi-session-serialize-yaml-perl/stable 4.26-4 all
  YAML and YAML::Syck support for CGI::Session's serializers

libcgi-simple-perl/stable 1.282-1~deb13u1 all
  simple CGI.pm compatible OO CGI interface

libcgi-ssi-parser-perl/stable 0.01-2 all
  parse Apache server-side includes directives

libcgi-ssi-perl/stable 0.92-6 all
  Perl module to use SSI from CGI scripts

libcgi-struct-xs-perl/stable 1.04-3+b4 arm64
  Perl module to build structures from CGI data, XS version

libcgi-test-perl/stable 1.111-2 all
  CGI regression test framework

libcgi-tiny-perl/stable 1.003-1 all
  module providing a modern interface to write CGI scripts

libcgi-untaint-date-perl/stable 1.00-4 all
  CGI::Untaint input handler for date validation

libcgi-untaint-email-perl/stable 0.03-4 all
  input handler for CGI::Untaint to validate an email address

libcgi-untaint-perl/stable 1.26-8 all
  module to process CGI input parameters

libcgi-uploader-perl/stable 2.18-3 all
  module for managing CGI uploads using an SQL database

libcgi-xml-perl/stable 0.1-16 all
  perl module for converting CGI variables from/to XML

libcgi-xmlapplication-perl/stable 1.1.5-2 all
  perl module for creating XML-DOM and OO based CGI scripts

libcgi-xmlform-perl/stable 0.10-16 all
  perl module for reading/generating formatted XML

libcgicc-dev/stable 3.2.19-3 arm64
  C++ class library for writing CGI applications (development files)

libcgicc-doc/stable 3.2.19-3 all
  C++ class library for writing CGI applications (documentation)

libcgicc3/stable 3.2.19-3 arm64
  C++ class library for writing CGI applications (library)

libcgif-dev/stable 0.5.0-1 arm64
  GIF encoder written in C (development files)

libcgif0/stable 0.5.0-1 arm64
  GIF encoder written in C (shared library)

libcglib-java/stable 3.3.0-1 all
  Code generation library for Java

libcglib-nodep-java/stable 3.3.0-1 all
  Code generation library for Java (without dependencies)

libcglm-dev/stable 0.9.6-1 arm64
  Development files for the cglm library

libcglm-doc/stable 0.9.6-1 all
  Documentation for the cglm library

libcglm0/stable 0.9.6-1 arm64
  Optimized OpenGL Mathematics library for C

libcgns-dev/stable 3.4.0-5+b2 arm64
  CFD General Notation System library (dev files)

libcgns3.4/stable 3.4.0-5+b2 arm64
  CFD General Notation System library

libcgraph6/stable,now 2.42.4-3 arm64 [installed,automatic]
  rich set of graph drawing tools - cgraph library

libcgreen1/stable 1.6.4-1 arm64
  Cgreen Library - Unit tests and mocking framework for C and C++

libcgreen1-dev/stable 1.6.4-1 arm64
  Cgreen library - development files

libcgreen1-doc/stable 1.6.4-1 all
  Cgreen Library - document

libcgroup-dev/stable 3.1.0-2+b2 arm64
  control and monitor control groups (development)

libcgroup3/stable 3.1.0-2+b2 arm64
  control and monitor control groups (library)

libcgsi-gsoap-dev/stable 1.3.12-1+b1 arm64
  GSI plugin for gSOAP - development files

libcgsi-gsoap-doc/stable 1.3.12-1 all
  GSI plugin for gSOAP - documentation files

libcgsi-gsoap1t64/stable 1.3.12-1+b1 arm64
  GSI plugin for gSOAP

libchado-perl/stable 1.31-6 all
  database schema and tools for genomic data

libchafa-dev/stable 1.14.5-1 arm64
  development files for image-to-text converter chafa

libchafa0t64/stable 1.14.5-1 arm64
  library for image-to-text converter chafa

libchamplain-0.12-0/stable 0.12.21-2 arm64
  C library providing ClutterActor to display maps

libchamplain-0.12-dev/stable 0.12.21-2 arm64
  C library providing ClutterActor to display maps (development files)

libchamplain-doc/stable 0.12.21-2 all
  C library providing ClutterActor to display maps (documentation)

libchamplain-gtk-0.12-0/stable 0.12.21-2 arm64
  Gtk+ widget to display maps

libchamplain-gtk-0.12-dev/stable 0.12.21-2 arm64
  Gtk+ widget to display maps (development files)

libchardet-dev/stable 1.0.6-1 arm64
  universal charset detection library - development files

libchardet1t64/stable 1.0.6-1 arm64
  universal charset detection library - shared library

libcharinfo-width-ocaml/stable 2.0.0-1+b6 arm64
  determine column width for a character (runtime)

libcharinfo-width-ocaml-dev/stable 2.0.0-1+b6 arm64
  determine column width for a character (development)

libcharls-dev/stable 2.4.2-2+b2 arm64
  Implementation of the JPEG-LS standard (development libraries)

libcharls2/stable 2.4.2-2+b2 arm64
  Implementation of the JPEG-LS standard

libcharon-extauth-plugins/stable 6.0.1-6+deb13u6 arm64
  strongSwan charon library (extended authentication plugins)

libcharon-extra-plugins/stable 6.0.1-6+deb13u6 arm64
  strongSwan charon library (extra plugins)

libchart-clicker-perl/stable 2.90-3 all
  module for creating attractive charts and graphs

libchart-gnuplot-perl/stable 0.23-2 all
  module for generating two- and three-dimensional plots

libchart-perl/stable 2.403.9-1 all
  Chart library for Perl

libchart-strip-perl/stable 1.08-5 all
  Draw strip chart type graphs

libcharts4j-java/stable 1.3-4 all
  free, lightweight charts and graphs Java API

libchasen-dev/stable 2.4.5-46 arm64
  Japanese Morphological Analysis System (libraries and headers)

libchasen2/stable 2.4.5-46 arm64
  Japanese Morphological Analysis System (shared libraries)

libchatbot-eliza-perl/stable 1.08-3 all
  clone of the classic Eliza program

libchdr-dev/stable 0.0~git20240929.aaca599+dfsg-1+b1 arm64
  standalone library for reading MAME CHDv1-v5 formats - dev

libchdr0/stable 0.0~git20240929.aaca599+dfsg-1+b1 arm64
  standalone library for reading MAME CHDv1-v5 formats

libchealpix-dev/stable 3.30.0-9+b3 arm64
  HEALPix representation of spherical data - C development library

libchealpix0/stable 3.30.0-9+b3 arm64
  HEALPix representation of spherical data - C shared library

libcheck-isa-perl/stable 0.09-2 all
  Perl module for correct checking of an object's class

libchecker-framework-java/stable 3.2.0+ds-3 all
  Framework that makes Java’s type system more powerful and useful

libcheese-dev/stable 44.1-5 arm64
  tool to take pictures and videos from your webcam - base dev

libcheese-doc/stable 44.1-5 all
  tool to take pictures and videos from your webcam - documentation

libcheese-gtk-dev/stable 44.1-5 arm64
  tool to take pictures and videos from your webcam - widgets dev

libcheese-gtk25/stable 44.1-5 arm64
  tool to take pictures and videos from your webcam - widgets

libcheese8/stable 44.1-5 arm64
  tool to take pictures and videos from your webcam - base library

libchemicaltagger-java/stable 1.6.2-4 all
  tool for semantic text-mining in chemistry

libchemistry-elements-perl/stable 1.081-1 all
  Perl extension for working with Chemical Elements

libchemistry-file-mdlmol-perl/stable 0.24-1 all
  MDL molfile/SDF (V2000) reader/writer

libchemistry-formula-perl/stable 3.0.1-1.3 all
  enumerate elements in a chemical formula

libchemistry-isotope-perl/stable 0.11-2 all
  table of the isotopes exact mass data

libchemistry-mol-perl/stable 0.39-1 all
  Molecule object toolkit

libchemistry-openbabel-perl/stable 3.1.1+dfsg-12 arm64
  Chemical toolbox library (perl bindings)

libchemistry-opensmiles-perl/stable 0.11.6-1 all
  OpenSMILES format reader and writer

libchemistry-ring-perl/stable 0.21-1 all
  Represent a ring as a substructure of a molecule

libcheshire-clojure/stable 5.11.0-4 all
  fast JSON encoding for Clojure

libchewing3/stable 0.9.1-1 arm64
  intelligent phonetic input method library

libchewing3-data/stable 0.9.1-1 all
  intelligent phonetic input method library - data files

libchewing3-dev/stable 0.9.1-1 arm64
  intelligent phonetic input method library (developer version)

libchi-driver-memcached-perl/stable 0.16-2 all
  Memcached driver for CHI, the unified cache handling interface

libchi-driver-redis-perl/stable 0.10-4 all
  CHI driver that uses Redis to store the data

libchi-memoize-perl/stable 0.07-2 all
  memoization implementation backed by CHI

libchi-perl/stable 0.61-1 all
  Unified Cache Handling Interface

libchicken-dev/stable 5.3.0-2+b1 arm64
  Practical and portable Scheme system - development

libchicken11t64/stable 5.3.0-2+b1 arm64
  Practical and portable Scheme system - runtime

libchild-perl/stable 0.013-3 all
  Object Oriented simple interface to fork()

libchipcard-data/stable 5.1.6-2 all
  configuration files for libchipcard

libchipcard-dev/stable 5.1.6-2+b1 arm64
  API for smartcard readers

libchipcard-tools/stable 5.1.6-2+b1 arm64
  tools for accessing chipcards

libchipcard6t64/stable 5.1.6-2+b1 arm64
  library for accessing smartcards

libchipmunk-dev/stable 7.0.3-6+b2 arm64
  Fast and lightweight 2D rigid body physics library (development files)

libchipmunk7/stable 7.0.3-6+b2 arm64
  fast and lightweight 2D rigid body physics library in C

libchise-dev/stable 0.3.0-2.5 arm64
  C language binding of CHISE, the character information database

libchise1t64/stable 0.3.0-2.5 arm64
  C language binding of CHISE, the character information database

libchm-bin/stable 2:0.40a-8.1 arm64
  library for dealing with Microsoft CHM files (test programs)

libchm-dev/stable 2:0.40a-8.1 arm64
  library for dealing with Microsoft CHM files (development)

libchm1/stable 2:0.40a-8.1 arm64
  library for dealing with Microsoft CHM files

libcholmod5/stable,now 1:7.10.1+dfsg-1 arm64 [installed,automatic]
  sparse Cholesky factorization library for sparse matrices

libchromaprint-dev/stable 1.5.1-7 arm64
  audio fingerprinting library - development files

libchromaprint-tools/stable 1.5.1-7 arm64
  audio fingerprinting library - tools

libchromaprint1/stable 1.5.1-7 arm64
  audio fingerprint library

libcib54/stable 3.0.0-2 arm64
  cluster resource manager CIB library

libcidr-dev/stable 1.2.3-3+b2 arm64
  IP addresses and netblocks manipulation library

libcidr0/stable 1.2.3-3+b2 arm64
  IP addresses and netblocks manipulation library

libcif-dev/stable 0.4.2-6+b1 arm64
  CIF API CIF-parsing and manipulation library - development files

libcif1/stable 0.4.2-6+b1 arm64
  CIF API CIF-parsing and manipulation library - shared library

libcifpp-data/stable 7.0.9-1 all
  Data files for libcifpp

libcifpp-dev/stable 7.0.9-1 arm64
  Documentation for libcifpp

libcifpp-doc/stable 7.0.9-1 all
  Development files for libcifpp

libcifpp7/stable 7.0.9-1 arm64
  Library files for libcifpp

libcifti-dev/stable 1.6.0-2.1+b2 arm64
  development files for CiftiLib

libcifti-doc/stable 1.6.0-2.1 all
  documentation for CiftiLib

libcifti0t64/stable 1.6.0-2.1+b2 arm64
  library for manipulating CIFTI files

libciftools-java/stable 6.0.0-1 all
  Java library to read and write CIF files

libcifxom-java/stable 1.5+git20211217.ca2412c-1 all
  schema and toolkit for managing CIF files in XML

libcinaps-ocaml/stable 0.15.1-1+b2 arm64
  trivial metaprogramming tool (runtime files)

libcinaps-ocaml-dev/stable 0.15.1-1+b2 arm64
  trivial metaprogramming tool (dev files)

libcinnamon-control-center-dev/stable 6.4.1-1 arm64
  configuration applets for Cinnamon - development files

libcinnamon-control-center1/stable 6.4.1-1 arm64
  library used by configuration applets for Cinnamon

libcinnamon-desktop-dev/stable 6.4.1-1 arm64
  Cinnamon library for loading .desktop files - development files

libcinnamon-desktop4t64/stable 6.4.1-1 arm64
  Cinnamon library for loading .desktop files

libcinnamon-menu-3-0/stable 6.4.0-1 arm64
  Cinnamon implementation of the freedesktop menu specification

libcinnamon-menu-3-dev/stable 6.4.0-1 arm64
  Development files for the Cinnamon menu library

libcitadel-dev/stable 917-5+b2 arm64
  Development files for libcitadel4

libcitadel4/stable 917-5+b2 arm64
  Citadel toolbox

libcitygml-bin/stable 2.5.2-1+b4 arm64
  Utils of libcitygml - citygmltest

libcitygml-dev/stable 2.5.2-1+b4 arm64
  Static and header files of libcitygml

libcitygml2/stable 2.5.2-1+b4 arm64
  Open source C++ library for parsing CityGML files

libcivetweb-dev/stable 1.16+dfsg-2+deb13u1 arm64
  embeddable web server with optional CGI, SSL and Lua support (devel)

libcivetweb1/stable 1.16+dfsg-2+deb13u1 arm64
  embeddable web server with optional CGI, SSL and Lua support (lib)

libcjose-dev/stable 0.6.2.3-1+b1 arm64
  C library implementing the JOSE standard (development files)

libcjose0/stable 0.6.2.3-1+b1 arm64
  C library implementing the JOSE standard

libcjs-dev/stable 128.0-1 arm64
  Development files for the javascript bindings for Cinnamon

libcjs0/stable 128.0-1 arm64
  Library of the javascript bindings for the Cinnamon

libcjson-dev/stable 1.7.18-3.1+deb13u1 arm64
  Ultralightweight JSON parser in ANSI C (development files)

libcjson1/stable 1.7.18-3.1+deb13u1 arm64
  Ultralightweight JSON parser in ANSI C

libck-connector-dev/stable 1.2.6-4+b1 arm64
  ConsoleKit development files

libck-connector0/stable 1.2.6-4+b1 arm64
  ConsoleKit libraries

libck-dev/stable 0.7.2-6 arm64
  Concurrency Kit (development)

libck0t64/stable 0.7.2-6 arm64
  Concurrency Kit (library)

libckteec0t64/stable 4.5.0-1 arm64
  normal world user space client APIs for OP-TEE

libckyapplet1-dev/stable 1.1.0-16.1+b2 arm64
  Smart Card Coolkey applet development files

libckyapplet1t64/stable 1.1.0-16.1+b2 arm64
  Smart Card Coolkey applet

libclalsadrv-dev/stable 2.0.0-4.1 all
  ALSA driver C++ access library (development files)

libclalsadrv2t64/stable 2.0.0-4.1 arm64
  ALSA driver C++ access library

libclamav-client-perl/stable 0.11+ds-1 all
  Perl client for the ClamAV virus scanner daemon

libclamav-dev/stable 1.4.3+dfsg-1 arm64
  anti-virus utility for Unix - development files

libclamav12/stable 1.4.3+dfsg-1 arm64
  anti-virus utility for Unix - library

libclanapp-1.0t64/stable 1.0~svn3827-11.2+b1 arm64
  ClanLib game SDK runtime

libclang-17-dev/stable 1:17.0.6-22+b2 arm64
  Clang library - Development package

libclang-18-dev/stable 1:18.1.8-18+b1 arm64
  Clang library - Development package

libclang-19-dev/stable 1:19.1.7-3+b1 arm64
  Clang library - Development package

libclang-common-17-dev/stable 1:17.0.6-22+b2 arm64
  Clang library - Common development package

libclang-common-18-dev/stable 1:18.1.8-18+b1 arm64
  Clang library - Common development package

libclang-common-19-dev/stable 1:19.1.7-3+b1 arm64
  Clang library - Common development package

libclang-cpp-dev/stable 1:19.0-63 arm64
  C++ interface to the clang library

libclang-cpp17-dev/stable 1:17.0.6-22+b2 arm64
  C++ interface to the Clang library

libclang-cpp17t64/stable 1:17.0.6-22+b2 arm64
  C++ interface to the Clang library

libclang-cpp18/stable 1:18.1.8-18+b1 arm64
  C++ interface to the Clang library

libclang-cpp18-dev/stable 1:18.1.8-18+b1 arm64
  C++ interface to the Clang library

libclang-cpp19/stable 1:19.1.7-3+b1 arm64
  C++ interface to the Clang library

libclang-cpp19-dev/stable 1:19.1.7-3+b1 arm64
  C++ interface to the Clang library

libclang-dev/stable 1:19.0-63 arm64
  clang library - Development package

libclang-perl/stable 0.09-6+b7 arm64
  Perl bindings to the Clang compiler's indexing interface

libclang-rt-17-dev/stable 1:17.0.6-22+b2 arm64
  Compiler-rt - development package

libclang-rt-17-dev-wasm32/stable 1:17.0.6-22 all
  Compiler-rt - wasm32 builtins

libclang-rt-17-dev-wasm64/stable 1:17.0.6-22 all
  Compiler-rt - wasm64 builtins

libclang-rt-18-dev/stable 1:18.1.8-18+b1 arm64
  Compiler-rt - development package

libclang-rt-18-dev-wasm32/stable 1:18.1.8-18 all
  Compiler-rt - wasm32 builtins

libclang-rt-18-dev-wasm64/stable 1:18.1.8-18 all
  Compiler-rt - wasm64 builtins

libclang-rt-19-dev/stable 1:19.1.7-3+b1 arm64
  Compiler-rt - development package

libclang-rt-19-dev-wasm32/stable 1:19.1.7-3 all
  Compiler-rt - wasm32 builtins

libclang-rt-19-dev-wasm64/stable 1:19.1.7-3 all
  Compiler-rt - wasm64 builtins

libclang-rt-dev/stable 1:19.0-63 arm64
  Compiler-rt - Development package

libclang-rt-dev-wasm32/stable 1:19.0-63 arm64
  Compiler-rt - wasm32 builtins

libclang-rt-dev-wasm64/stable 1:19.0-63 arm64
  Compiler-rt - wasm64 builtins

libclang1/stable 1:19.0-63 arm64
  C, C++ and Objective-C compiler (LLVM based)

libclang1-17t64/stable 1:17.0.6-22+b2 arm64
  C interface to the Clang library

libclang1-18/stable 1:18.1.8-18+b1 arm64
  C interface to the Clang library

libclang1-19/stable 1:19.1.7-3+b1 arm64
  C interface to the Clang library

libclanlib-dev/stable 1.0~svn3827-11.2+b1 arm64
  ClanLib game SDK development files

libclass-accessor-chained-perl/stable 0.01.1~debian-5 all
  Perl module providing chained accessors

libclass-accessor-children-perl/stable 0.02-3 all
  perl module for automated child-class/accessor generation

libclass-accessor-class-perl/stable 0.504-1 all
  simple class variable accessors

libclass-accessor-classy-perl/stable 0.9.1-4 all
  Perl module providing minimalist, fast accessors

libclass-accessor-grouped-perl/stable 0.10014-2 all
  Perl module to build groups of accessors

libclass-accessor-lite-perl/stable 0.08-3 all
  minimalistic variant of Class::Accessor

libclass-accessor-lvalue-perl/stable 0.11-5 all
  module to create Lvalue accessors

libclass-accessor-named-perl/stable 0.009-2 all
  module to better profiling output for Class::Accessor

libclass-accessor-perl/stable 0.51-2 all
  Perl module that automatically generates accessors

libclass-adapter-perl/stable 1.09-2 all
  Perl implementation of the "Adapter" Design Pattern

libclass-autoloadcan-perl/stable 0.03-4 all
  module managing conflict between AUTOLOAD, can and inheritance

libclass-autouse-perl/stable 2.01-1.1 all
  module for deferring loading ('use'ing) of a class until run time

libclass-base-perl/stable 0.09-2 all
  useful base class for deriving other modules

libclass-c3-adopt-next-perl/stable 0.14-2 all
  drop-in replacement for NEXT, using Class::C3 to do the hard work

libclass-c3-componentised-perl/stable 1.001002-2 all
  module to load mix-ins or components to C3-based classes

libclass-c3-perl/stable,now 0.35-2 all [installed,automatic]
  pragma for using the C3 method resolution order

libclass-c3-xs-perl/stable,now 0.15-1+b6 arm64 [installed,automatic]
  Perl module to accelerate Class::C3

libclass-container-perl/stable 0.13-2 all
  Perl module to glue object frameworks together transparently

libclass-contract-perl/stable 1.14-9 all
  Perl Design-by-Contract OO module

libclass-csv-perl/stable 1.03-2.4 all
  Class based CSV parser/writer

libclass-data-accessor-perl/stable 0.04004-4 all
  Inheritable, overridable class and instance data accessor creation

libclass-data-inheritable-perl/stable,now 0.10-1 all [installed,automatic]
  Perl module to create accessors to class data

libclass-date-perl/stable 1.1.17-3 all
  Perl module for easy date and time manipulation

libclass-dbi-abstractsearch-perl/stable 0.07-4.1 all
  Abstract Class::DBI's SQL with SQL::Abstract

libclass-dbi-asform-perl/stable 2.42-8 all
  module to produce HTML form elements for database columns using Class::DBI

libclass-dbi-fromcgi-perl/stable 1.00-5.1 all
  Perl module to update Class::DBI data using CGI::Untaint

libclass-dbi-fromform-perl/stable 0.04-3.1 all
  Perl module to update Class::DBI data using Data::FormValidator

libclass-dbi-loader-perl/stable 0.34-4 all
  Perl module for dynamic definition of Class::DBI sub classes

libclass-dbi-loader-relationship-perl/stable 1:1.2-6 all
  Easier relationship specification in Class::DBI::Loader

libclass-dbi-mysql-perl/stable 1.00-5 all
  extensions to Class::DBI for MySQL

libclass-dbi-pager-perl/stable 0.08-6 all
  pager utility for Class::DBI

libclass-dbi-perl/stable 3.0.17-5 all
  convenient abstraction layer to a database

libclass-dbi-pg-perl/stable 0.09-6 all
  Class::DBI extension for Postgres

libclass-dbi-plugin-abstractcount-perl/stable 0.08-3 all
  Class::DBI plugin to get COUNT(*) results with abstract SQL

libclass-dbi-plugin-pager-perl/stable 0.566-4 all
  Perl extension for paging SQL results

libclass-dbi-plugin-perl/stable 0.03-6.1 all
  abstract base class for Class::DBI plugins

libclass-dbi-plugin-retrieveall-perl/stable 1.04-5 all
  Class::DBI plugin providing a more complex retrieve_all() method

libclass-dbi-plugin-type-perl/stable 0.02-11 all
  Class::DBI plugin to determine type information for table columns

libclass-dbi-sqlite-perl/stable 0.11-6 all
  extension to Class::DBI for sqlite

libclass-dbi-sweet-perl/stable 0.11-3 all
  Perl module providing a sweeter Class::DBI

libclass-default-perl/stable 1.51-5 all
  Perl module to make static calls apply to a default instantiation

libclass-delegator-perl/stable 0.09-6 all
  Perl module for a simple and fast object-oriented delegation

libclass-ehierarchy-perl/stable 2.01-3 all
  module that provides a base class for hierarchally ordered objects

libclass-errorhandler-perl/stable 0.04-3 all
  Base class for error handling

libclass-factory-perl/stable 1.06-5 all
  Base class for dynamic factory classes

libclass-factory-util-perl/stable 1.7-5 all
  utility method for factory classes

libclass-field-perl/stable 0.24-2 all
  accessor cenerator for class fields and consts

libclass-gomor-perl/stable 1.03-3 all
  class and object builder

libclass-handle-perl/stable 1.07-5 all
  module to create objects which are handles to classes

libclass-inner-perl/stable 0.200001-4 all
  module providing Java-like inner classes

libclass-insideout-perl/stable 1.14-3 all
  safe, simple inside-out object construction kit

libclass-inspector-perl/stable,now 1.36-3 all [installed,automatic]
  Perl module that provides information about classes

libclass-isa-perl/stable 0.36-7 all
  report the search path for a class's ISA tree

libclass-load-perl/stable 0.25-2 all
  module for loading modules by name

libclass-load-xs-perl/stable 0.10-2+b4 arm64
  XS implementation of parts of Class::Load

libclass-loader-dev/stable 2.8.0-1+b1 arm64
  ROS class_loader library - development files

libclass-loader-perl/stable 2.03-4 all
  module to load modules and create objects on command

libclass-loader3d/stable 2.8.0-1+b1 arm64
  ROS class_loader library

libclass-makemethods-perl/stable 1.01-7 all
  Perl module for generating common types of methods

libclass-measure-perl/stable 0.10-1 all
  Perl module to create, compare, and convert units of measurement

libclass-meta-perl/stable 0.66-3 all
  class automation, introspection, and data validation module

libclass-method-modifiers-perl/stable,now 2.15-1 all [installed,automatic]
  Perl module providing method modifiers

libclass-methodmaker-perl/stable 2.25-1 arm64
  Perl module for creating generic methods

libclass-mix-perl/stable 0.006-2 all
  Perl module for dynamic class mixing

libclass-mixinfactory-perl/stable 0.92-5 all
  Class Factory with Selection of Mixins

libclass-multimethods-perl/stable 1.701-3 all
  Support multimethods and subroutine overloading in Perl

libclass-objecttemplate-perl/stable 0.7-9 all
  Perl extension for an optimized template builder base class

libclass-ooorno-perl/stable 0.011-3 all
  Give your module classic AND OO interfaces

libclass-perl/stable 1.1.8-1 all
  module providing aliases for __PACKAGE__

libclass-pluggable-perl/stable 0.022-2.3 all
  Simple pluggable class.

libclass-prototyped-perl/stable 1.16-1 all
  module for fast prototype-based OO programming in Perl

libclass-refresh-perl/stable 0.07-2 all
  module for refreshing classes during runtime

libclass-returnvalue-perl/stable 0.55-4 all
  return-value object that can be treated as boolean, array or object

libclass-singleton-perl/stable,now 1.6-2 all [installed,automatic]
  implementation of a "Singleton" class

libclass-spiffy-perl/stable 0.15-3.1 all
  Spiffy Perl interface framework

libclass-std-fast-perl/stable 0.0.8-4 all
  faster but less secure replacement for Class::Std

libclass-std-perl/stable 0.013-3 all
  module for creating standard "inside-out" classes

libclass-std-storable-perl/stable 0.0.1-3 all
  Support for creating serializable "inside-out" classes

libclass-std-utils-perl/stable 0.0.3-3 all
  utility subroutines for building "inside-out" objects

libclass-throwable-perl/stable 0.13-3 all
  minimal lightweight exception class

libclass-tiny-antlers-perl/stable 0.024-3 all
  Moose-like sugar for Class::Tiny

libclass-tiny-chained-perl/stable 0.004-2 all
  minimalist class construction module with chained attributes

libclass-tiny-perl/stable 1.008-2 all
  minimalist class construction module for Perl

libclass-trigger-perl/stable 0.15-2 all
  Mix-in to add/call inheritable triggers

libclass-type-enum-perl/stable 0.014-2 all
  module to build enum-like classes

libclass-unload-perl/stable 0.11-3 all
  Perl module to unload a class at runtime

libclass-virtual-perl/stable 0.08-3 all
  base class for virtual base classes

libclass-whitehole-perl/stable 0.04-9 all
  base class to treat unhandled method calls as errors

libclass-xsaccessor-perl/stable,now 1.19-4+b5 arm64 [installed,automatic]
  Perl module providing fast XS accessors

libclasslojure-clojure/stable 0.7.1-4 all
  Advanced classloading for Clojure

libclassmate-java/stable 1.3.4-3 all
  Library for introspecting generic type information of types, methods and fields

libclassycle-java/stable 1.4.2-2 all
  Analysing tool for Java dependencies

libclassycle-java-doc/stable 1.4.2-2 all
  Analysing tool for Java dependencies - documentation

libclaw-application-dev/stable 1.7.4-3 arm64
  Set of classes to ease the initialisation of the program (development files)

libclaw-application1t64/stable 1.7.4-3 arm64
  Set of classes to ease the initialisation of the program

libclaw-configuration-file-dev/stable 1.7.4-3 arm64
  Class to process configuration files (development files)

libclaw-configuration-file1t64/stable 1.7.4-3 arm64
  Class to process configuration files

libclaw-dev/stable 1.7.4-3 arm64
  Claw is a generalist C++ library (development files)

libclaw-doc/stable 1.7.4-3 all
  Claw is a generalist C++ library (documentation files)

libclaw-dynamic-library-dev/stable 1.7.4-3 arm64
  Class to ease the manipulation of dynamic libraries (development files)

libclaw-dynamic-library1t64/stable 1.7.4-3 arm64
  Class to ease the manipulation of dynamic libraries

libclaw-graphic-dev/stable 1.7.4-3 arm64
  Set of classes for image manipulation (development files)

libclaw-graphic1t64/stable 1.7.4-3 arm64
  Set of classes for image manipulation

libclaw-i18n/stable 1.7.4-3 all
  Internationalisation files for libclaw

libclaw-logger-dev/stable 1.7.4-3 arm64
  Flexible log system (development files)

libclaw-logger1t64/stable 1.7.4-3 arm64
  Flexible log system

libclaw-net-dev/stable 1.7.4-3 arm64
  C++ standard stream interface for Unix sockets (development files)

libclaw-net1t64/stable 1.7.4-3 arm64
  C++ standard stream interface for Unix sockets

libclaw-tween-dev/stable 1.7.4-3 arm64
  C++ tweeners (development files)

libclaw-tween1t64/stable 1.7.4-3 arm64
  C++ tweeners

libclaws-mail-dev/stable 4.3.1-1 arm64
  Development files for Claws Mail plugins

libclblast-dev/stable 1.6.3-1+b1 arm64
  Tuned OpenCL BLAS library (development files)

libclblast1/stable 1.6.3-1+b1 arm64
  Tuned OpenCL BLAS library

libclc-17/stable 1:17.0.6-22 all
  OpenCL C language implementation - platform support

libclc-17-dev/stable 1:17.0.6-22 all
  OpenCL C language implementation - development files

libclc-18/stable 1:18.1.8-18 all
  OpenCL C language implementation - platform support

libclc-18-dev/stable 1:18.1.8-18 all
  OpenCL C language implementation - development files

libclc-19/stable 1:19.1.7-3 all
  OpenCL C language implementation - platform support

libclc-19-dev/stable 1:19.1.7-3 all
  OpenCL C language implementation - development files

libcld2-0/stable 0.0.0-git20150806-9+b2 arm64
  Compact Language Detector 2, library package

libcld2-dev/stable 0.0.0-git20150806-9+b2 arm64
  Compact Language Detector 2, development package

libclearsilver-perl/stable 0.10.5-6+b1 arm64
  Perl bindings for clearsilver

libcleri-dev/stable 1.0.2-1+b1 arm64
  language parser library - development files

libcleri1/stable 1.0.2-1+b1 arm64
  language parser library

libclfft-dev/stable 2.12.2-5+b2 arm64
  development files for clFFT

libclfft-doc/stable 2.12.2-5 all
  documentation for clFFT

libclfft2/stable 2.12.2-5+b2 arm64
  OpenCL FFT library

libclhep-dev/stable 2.1.4.1+dfsg-1.2+b1 arm64
  CLHEP: A Class Library for High Energy Physics - development

libclhep2.1t64/stable 2.1.4.1+dfsg-1.2+b1 arm64
  CLHEP: A Class Library for High Energy Physics

libcli-dev/stable 1.10.7-2 arm64
  emulates a cisco style telnet command-line interface (dev files)

libcli-framework-perl/stable 0.05-2 all
  standardized, flexible, testable CLI applications framework for Perl

libcli-osprey-perl/stable 0.08-2 all
  module to assist in writing commandline applications with OO modules

libcli1.10t64/stable 1.10.7-2 arm64
  emulates a cisco style telnet command-line interface

libcli11-dev/stable 2.4.1+ds-2 all
  Command line parser for C++11 and beyond

libcli11-doc/stable 2.4.1+ds-2 all
  Command line parser for C++11 and beyond - Documentation

libclick-0.4-0/stable 0.5.2-8 arm64
  run-time Click package management library

libclick-dev/stable 0.5.2-8 arm64
  development files for Click package management library

libclipboard-perl/stable 0.32-1 all
  module to use X selections (clipboard) from Perl

libclipper-dev/stable 2.1.20201109-2+b3 arm64
  object oriented development kit for crystallographic computing

libclipper-doc/stable 2.1.20201109-2 all
  doxygen generated documentation for libclipper

libclipper2/stable 2.1.20201109-2+b3 arm64
  object oriented library for crystallographic computing

libcliquer-dev/stable 1.21-3+b2 arm64
  clique searching library (development headers)

libcliquer1/stable 1.21-3+b2 arm64
  clique searching library

libclj-digest-clojure/stable 1.4.9+dfsg-1 all
  message digest library for Clojure

libclj-http-clojure/stable 3.12.3-2 all
  Clojure HTTP client library

libclj-stacktrace-clojure/stable 0.2.7-1 all
  more readable stacktraces in Clojure programs

libclj-time-clojure/stable 0.15.2-2 all
  date and time library for Clojure

libclj-tuple-clojure/stable 0.2.2-3 all
  efficient implementations for small maps and vectors in Clojure

libclj-yaml-clojure/stable 0.7.2-2 all
  YAML encoding and decoding for Clojure

libcln-dev/stable 1.3.7-1+b1 arm64
  Development library for Class Library for Numbers (c++)

libcln6/stable 1.3.7-1+b1 arm64
  Class Library for Numbers (C++)

libclojure-java/stable 1.12.0-1 all
  Lisp dialect for the JVM (library)

libclojure-maven-plugin-java/stable 1.7.1-2 all
  Clojure plugin for Maven

libclone-choose-perl/stable 0.010-2 all
  Choose appropriate clone utility (Perl library)

libclone-perl/stable,now 0.47-1+b1 arm64 [installed,automatic]
  module for recursively copying Perl datatypes

libclone-pp-perl/stable 1.08-2 all
  module to recursively copy Perl datatypes

libclosure-compiler-java/stable 20130227+rhino-2 all
  JavaScript optimizing compiler - library package

libclosure-compiler-java-doc/stable 20130227+rhino-2 all
  JavaScript optimizing compiler - Javadoc

libcloudflare-ddns-dev/stable 2.1.0-3 arm64
  dynamically update a DNS record using Cloudflare - development files

libcloudflare-ddns2/stable 2.1.0-3 arm64
  dynamically update a DNS record using Cloudflare - runtime library

libcloudproviders-dev/stable 0.3.6-2 arm64
  cloud provider library - development files

libcloudproviders-doc/stable 0.3.6-2 all
  cloud provider library - documentation

libcloudproviders0/stable,now 0.3.6-2 arm64 [installed,automatic]
  cloud provider library

libclout-clojure/stable 2.1.2-2 all
  library for matching Ring HTTP requests

libclsync-dev/stable 0.4.5-2.1+b2 arm64
  development files for libclsync

libclsync0t64/stable 0.4.5-2.1+b2 arm64
  clsync control socket library

libclthreads-dev/stable 2.4.2-1.1+b1 arm64
  POSIX threads C++ access library (development files)

libclthreads2t64/stable 2.4.2-1.1+b1 arm64
  POSIX threads C++ access library  (shared library)

libclucene-contribs1t64/stable 2.3.3.4+dfsg-1.2+b1 arm64
  language specific text analyzers (runtime)

libclucene-core1t64/stable 2.3.3.4+dfsg-1.2+b1 arm64
  core library for full-featured text search engine (runtime)

libclucene-dev/stable 2.3.3.4+dfsg-1.2+b1 arm64
  library for full-featured text search engine (development)

libclustalo-dev/stable 1.2.4-8+b1 arm64
  Library to embed Clustal Omega

libclustalo-doc/stable 1.2.4-8 all
  API documentation for library to embed Clustal Omega

libclutter-1.0-0/stable 1.26.4+git2779b932+dfsg-7+b2 arm64
  Open GL based interactive canvas library

libclutter-1.0-common/stable 1.26.4+git2779b932+dfsg-7 all
  Open GL based interactive canvas library (common files)

libclutter-1.0-dev/stable 1.26.4+git2779b932+dfsg-7+b2 arm64
  Open GL based interactive canvas library (development files)

libclutter-1.0-doc/stable 1.26.4+git2779b932+dfsg-7 all
  Open GL based interactive canvas library (documentation)

libclutter-gst-3.0-0/stable 3.0.27-4+b1 arm64
  Open GL based interactive canvas library GStreamer elements

libclutter-gst-3.0-dev/stable 3.0.27-4+b1 arm64
  Open GL based interactive canvas library GStreamer elements (development files)

libclutter-gst-3.0-doc/stable 3.0.27-4 all
  Open GL based interactive canvas library GStreamer elements (documentation)

libclutter-gtk-1.0-0/stable 1.8.4-6 arm64
  Open GL based interactive canvas library GTK+ widget

libclutter-gtk-1.0-dev/stable 1.8.4-6 arm64
  Open GL based interactive canvas library GTK+ widget (development files)

libclutter-gtk-1.0-doc/stable 1.8.4-6 all
  Open GL based interactive canvas library GTK+ widget (documentation)

libclutter-imcontext-0.1-0/stable 0.1.4-5 arm64
  Open GL based interactive canvas library IMContext framework

libclutter-imcontext-0.1-bin/stable 0.1.4-5 arm64
  Open GL based interactive canvas library IMContext framework

libclutter-imcontext-0.1-dev/stable 0.1.4-5 arm64
  Open GL based interactive canvas library IMContext framework (dev files)

libclutter-imcontext-0.1-doc/stable 0.1.4-5 all
  Open GL based interactive canvas library IMContext framework (document)

libclxclient-dev/stable 3.9.2-2.1+b2 arm64
  X Window System C++ access library (development files)

libclxclient3t64/stable 3.9.2-2.1+b2 arm64
  X Window System C++ access library (shared library)

libcm256cc-dev/stable 1.1.0-4.1+b1 arm64
  Fast GF(256) Cauchy MDS Block Erasure Codec in C++ (headers)

libcm256cc1t64/stable 1.1.0-4.1+b1 arm64
  Fast GF(256) Cauchy MDS Block Erasure Codec in C++

libcmap-dev/stable 3.1.9-2+deb13u1 arm64
  cluster engine CMAP library development

libcmap4/stable 3.1.9-2+deb13u1 arm64
  cluster engine CMAP library

libcmark-dev/stable 0.30.2-6+b2 arm64
  development files for CommonMark parsing and rendering library

libcmark-gfm-dev/stable 0.29.0.gfm.13-4 arm64
  CommonMark GitHub flavor gfm library dev files

libcmark-gfm-extensions-dev/stable 0.29.0.gfm.13-4 arm64
  CommonMark GitHub flavor gfm extensions library dev files

libcmark-gfm-extensions0.29.0.gfm.13/stable 0.29.0.gfm.13-4 arm64
  CommonMark GitHub flavor gfm extension library

libcmark-gfm0.29.0.gfm.13/stable 0.29.0.gfm.13-4 arm64
  CommonMark GitHub flavor gfm library

libcmark0.30.2/stable 0.30.2-6+b2 arm64
  CommonMark parsing and rendering library

libcmdliner-ocaml-dev/stable 1.3.0-2+b3 arm64
  declarative definition of command line interfaces

libcminpack-dev/stable 1.3.6-5+b2 arm64
  Nonlinear equations and nonlinear least squares problems - development

libcminpack1/stable 1.3.6-5+b2 arm64
  Nonlinear equations and nonlinear least squares problems - runtime

libcmis-0.6-6t64/stable 0.6.2-2.1+b2 arm64
  CMIS protocol client library

libcmis-dev/stable 0.6.2-2.1+b2 arm64
  CMIS protocol client library -- development

libcmlxom-java/stable 4.11-1 all
  Java library for processing CML

libcmocka-dev/stable 1.1.7-3+b1 arm64
  development files for the CMocka unit testing framework

libcmocka0/stable 1.1.7-3+b1 arm64
  library for the CMocka unit testing framework

libcmor-dev/stable 3.9.0-1+b7 arm64
  Development files for Climate Model Output Rewriter

libcmor2t64/stable 3.9.0-1+b7 arm64
  Climate Model Output Rewriter library

libcmpack-dev/stable 2.1.37-1+b1 arm64
  reduction of images carried out by CCD camera (development)

libcmpack20/stable 2.1.37-1+b1 arm64
  reduction of images carried out by CCD camera (library)

libcmph-dev/stable 2.0.2-3.1+b2 arm64
  C Minimal Perfect Hashing Library development files

libcmph-tools/stable 2.0.2-3.1+b2 arm64
  C Minimal Perfect Hashing Library command line utilities

libcmph0t64/stable 2.0.2-3.1+b2 arm64
  C Minimal Perfect Hashing Library

libcmtspeechdata-dev/stable 2.1.1+git20160721~8efc468-3+b1 arm64
  modem speech data handling library (devel files)

libcmtspeechdata-doc/stable 2.1.1+git20160721~8efc468-3 all
  modem speech data handling library (documentation)

libcmtspeechdata-utils/stable 2.1.1+git20160721~8efc468-3+b1 arm64
  modem speech data handling library (utils)

libcmtspeechdata0t64/stable 2.1.1+git20160721~8efc468-3+b1 arm64
  modem speech data handling library

libcneartree-dev/stable 5.1.1+dfsg1-2.1+b1 arm64
  Library and headers for solving the Nearest Neighbor Problem

libcneartree7t64/stable 5.1.1+dfsg1-2.1+b1 arm64
  Library for solving the Nearest Neighbor Problem

libcoap3-bin/stable 4.3.4-1.1+deb13u3 arm64
  C-Implementation of CoAP - example binaries API version 3

libcoap3-dev/stable 4.3.4-1.1+deb13u3 arm64
  C-Implementation of CoAP - development files API version 3

libcoap3-doc/stable 4.3.4-1.1+deb13u3 all
  C-Implementation of CoAP - HTML based documentation files for API v3

libcoap3t64/stable 4.3.4-1.1+deb13u3 arm64
  C-Implementation of CoAP - libraries API version 3

libcoarrays-dev/stable 2.10.2+ds-4 arm64
  Co-Array Fortran libraries

libcoarrays-mpich-dev/stable 2.10.2+ds-4 arm64
  Co-Array Fortran libraries for - development files (MPICH)

libcoarrays-openmpi-dev/stable 2.10.2+ds-4 arm64
  Co-Array Fortran libraries  - development files (OpenMPI)

libcob4-dev/stable 3.2-3 arm64
  COBOL compiler - development files

libcob4t64/stable 3.2-3 arm64
  COBOL compiler - runtime library

libcob5-dev/stable 4.0~early~20200606-7 arm64
  COBOL compiler - development files

libcob5t64/stable 4.0~early~20200606-7 arm64
  COBOL compiler - runtime library

libcobertura-java/stable 2.1.1-2 all
  java library that calculates the percentage of code accessed by tests

libcobra-java/stable 0.98.4-7 all
  Java HTML Renderer & Parser

libcod-tools-perl/stable 3.11.0+dfsg-1 arm64
  tools for manipulating CIF format files - Perl modules

libcoda-dev/stable 2.25.5-1 arm64
  Development files for the CODA framework for Earth sciences

libcoda-java/stable 2.25.5-1 all
  Java interface for Common Data Access Framework

libcoda-jni/stable 2.25.5-1 arm64
  Java Native interface for Common Data Access Framework

libcoda16/stable 2.25.5-1 arm64
  Library for the Common Data Access framework for Earth science

libcodcif-dev/stable 3.11.0+dfsg-1 arm64
  error-correcting CIF parser - headers and static libraries

libcodcif3/stable 3.11.0+dfsg-1 arm64
  error-correcting CIF parser - shared library

libcode-tidyall-perl/stable 0.84~ds-2 all
  your all-in-one code tidier and validator

libcode-tidyall-plugin-clangformat-perl/stable 0.0.2-2 all
  module to run clang-format using Code::TidyAll

libcode-tidyall-plugin-sortlines-naturally-perl/stable 0.000003-3 all
  sort lines of a file using Unicode::Collate::Locale

libcode-tidyall-plugin-uniquelines-perl/stable 0.000003-2 all
  module to remove duplicate lines from files

libcode-tidyall-plugin-yaml-perl/stable 0.000001-2 all
  module to tidy YAML documents

libcode-tidyall-plugin-yamlfrontmatter-perl/stable 1.000003-2 all
  module to validate YAML front matter

libcodeblocks0t64/stable 25.03+dfsg-2 arm64
  Code::Blocks shared library

libcodec2-1.2/stable,now 1.2.0-3 arm64 [installed,automatic]
  Codec2 runtime library

libcodec2-dev/stable 1.2.0-3 arm64
  Codec2 library development files

libcodemodel-java/stable 2.6+jaxb2.3.0.1-11 all
  Java library for code generators

libcodenarc-groovy-java/stable 0.23-6 all
  Groovy library that provides static analysis features for Groovy code

libcodenarc-groovy-java-doc/stable 0.23-6 all
  Documentation for libcodenarc-groovy-java

libcodesize-java/stable 1.2-3 all
  calculates the size of code for Robocode

libcofoja-java/stable 1.3-4.1 all
  Java API for annotating code with contracts

libcogl-common/stable 1.22.8-5 all
  Object oriented GL/GLES Abstraction/Utility Layer (common files)

libcogl-dev/stable 1.22.8-5 arm64
  Object oriented GL/GLES Abstraction/Utility Layer (development files)

libcogl-doc/stable 1.22.8-5 all
  Object oriented GL/GLES Abstraction/Utility Layer (documentation)

libcogl-pango-dev/stable 1.22.8-5 arm64
  Object oriented GL/GLES Abstraction/Utility Layer (development files)

libcogl-pango20/stable 1.22.8-5 arm64
  Object oriented GL/GLES Abstraction/Utility Layer

libcogl-path-dev/stable 1.22.8-5 arm64
  Object oriented GL/GLES Abstraction/Utility Layer (development files)

libcogl-path20/stable 1.22.8-5 arm64
  Object oriented GL/GLES Abstraction/Utility Layer

libcogl20/stable 1.22.8-5 arm64
  Object oriented GL/GLES Abstraction/Utility Layer

libcognitect-test-runner-clojure/stable 0.5.1-2 all
  Small library for discovering and running Clojure tests

libcohttp-lwt-jsoo-ocaml/stable 5.3.0-1+b23 arm64
  CoHTTP implementation for the Js_of_ocaml JavaScript compiler (runtime)

libcohttp-lwt-jsoo-ocaml-dev/stable 5.3.0-1+b23 arm64
  CoHTTP implementation for the Js_of_ocaml JavaScript compiler (dev)

libcohttp-lwt-ocaml/stable 5.3.0-1+b23 arm64
  CoHTTP implementation using the Lwt concurrency library (runtime)

libcohttp-lwt-ocaml-dev/stable 5.3.0-1+b23 arm64
  CoHTTP implementation using the Lwt concurrency library (dev)

libcohttp-lwt-unix-ocaml/stable 5.3.0-1+b23 arm64
  CoHTTP implementation for Unix and Windows using Lwt (runtime)

libcohttp-lwt-unix-ocaml-dev/stable 5.3.0-1+b23 arm64
  CoHTTP implementation for Unix and Windows using Lwt (dev)

libcohttp-ocaml/stable 5.3.0-1+b23 arm64
  OCaml library for HTTP clients and servers (runtime)

libcohttp-ocaml-dev/stable 5.3.0-1+b23 arm64
  OCaml library for HTTP clients and servers (dev)

libcoin-dev/stable 4.0.3+ds-2 arm64
  high-level 3D graphics devkit with Open Inventor and VRML97 support

libcoin-doc/stable 4.0.3+ds-2 all
  high-level 3D graphics kit with Open Inventor and VRML97 support

libcoin-runtime/stable 4.0.3+ds-2 all
  high-level 3D graphics kit - external data files

libcoin80t64/stable 4.0.3+ds-2 arm64
  high-level 3D graphics kit implementing the Open Inventor API

libcolamd3/stable,now 1:7.10.1+dfsg-1 arm64 [installed,automatic]
  column approximate minimum degree ordering library for sparse matrices

libcollada-dom-dev/stable 2.5.0+ds1-3+b4 arm64
  collada-dom 2.5.0 C++ headers and build tools

libcollada-dom2.4-dp-dev/stable 2.5.0+ds1-3 all
  Transitional package

libcollada-dom2.5-dp0/stable 2.5.0+ds1-3+b4 arm64
  collada-dom 2.5.0  - COLLADA using double precision

libcollada-parser-dev/stable 1.12.13-11+b2 arm64
  Development files for ROS collada_parser library

libcollada-parser1d/stable 1.12.13-11+b2 arm64
  ROS collada_parser library

libcollada-urdf-dev/stable 1.12.13-11+b2 arm64
  Development files for ROS collada_urdf library

libcollada-urdf1d/stable 1.12.13-11+b2 arm64
  ROS collada_urdf library

libcollectdclient-dev/stable 5.12.0-26 arm64
  client library for collectd's control interface (development files)

libcollectdclient1t64/stable 5.12.0-26 arm64
  client library for collectd's control interface

libcollection-dev/stable 0.6.2-3 arm64
  Development files for libcollection

libcollection4t64/stable 0.6.2-3 arm64
  Collection data-type for C

libcolor-ansi-util-perl/stable 0.165-2 all
  routines for dealing with ANSI colors

libcolor-calc-perl/stable 1.074-3 all
  module for simple calculations with RGB colors

libcolor-library-perl/stable 0.021-5 all
  comprehensive named-colour library

libcolor-palette-perl/stable 0.100004-1 all
  module to manipulate sets of named colours

libcolor-rgb-util-perl/stable 0.609-1 all
  set of utilities related to RGB colors

libcolor-scheme-perl/stable 1.08-1 all
  Perl module to generate pleasant color schemes

libcolor-spectrum-multi-perl/stable 0.02-2 all
  simple Color::Spectrum wrapper to handle fading

libcolor-spectrum-perl/stable 1.16-1 all
  Perl module for generating HTML colors

libcolorcorrect6/stable 4:6.3.6-2 arm64
  Plasma Workspace color correction library

libcolord-dev/stable 1.4.7-3 arm64
  system service to manage device colour profiles -- development files

libcolord-gtk-dev/stable 0.3.1-1+b1 arm64
  GTK+ convenience library for interacting with colord - dev files

libcolord-gtk-doc/stable 0.3.1-1 all
  GTK convenience library for interacting with colord - docs

libcolord-gtk-headers/stable 0.3.1-1+b1 arm64
  GTK convenience library for interacting with colord - headers

libcolord-gtk1t64/stable 0.3.1-1+b1 arm64
  GTK+ convenience library for interacting with colord

libcolord-gtk4-1t64/stable 0.3.1-1+b1 arm64
  GTK4 convenience library for interacting with colord

libcolord-gtk4-dev/stable 0.3.1-1+b1 arm64
  GTK4 convenience library for interacting with colord - dev files

libcolord2/stable,now 1.4.7-3 arm64 [installed,automatic]
  system service to manage device colour profiles -- runtime

libcolorhug-dev/stable 1.4.7-3 arm64
  library to access the ColorHug colourimeter -- development files

libcolorhug2/stable 1.4.7-3 arm64
  library to access the ColorHug colourimeter -- runtime

libcolorpicker-java/stable 1.0.0-4 all
  Java control to allow color selection

libcolorpicker-java-doc/stable 1.0.0-4 all
  Java control to allow color selection (documentation)

libcolpack-dev/stable 1.0.10-8+b2 arm64
  Specialized graph vertex coloring library, development files

libcolpack0t64/stable 1.0.10-8+b2 arm64
  Specialized graph vertex coloring library, shared library

libcolt-free-java/stable 1.2.0+dfsg-8 all
  scalable scientific and technical computing in Java

libcolt-free-java-doc/stable 1.2.0+dfsg-8 all
  scalable scientific and technical computing in Java (doc)

libcom-dev/stable 7.0.8.1+dfsg1-7+deb13u1 arm64
  EPICS common library (headers)

libcom-err2/stable,now 1.47.2-3+b11 arm64 [installed,automatic]
  common error description library

libcom-hypirion-io-clojure/stable 0.3.1-5 all
  I/O redirection, signal handling, and console utilities

libcom3.23.1/stable 7.0.8.1+dfsg1-7+deb13u1 arm64
  EPICS common library

libcombblas-dev/stable 2.0.0-6+b2 arm64
  an extensible parallel graph library for graph analytics

libcombblas-docs/stable 2.0.0-6 all
  an extensible parallel graph library for graph analytics (docs)

libcombblas2.0.0t64/stable 2.0.0-6+b2 arm64
  an extensible parallel graph library for graph analytics

libcomedi-dev/stable 0.11.0+5-1.3+b1 arm64
  Development library for Comedi

libcomedi0t64/stable 0.11.0+5-1.3+b1 arm64
  Library for Comedi

libcomidi-clojure/stable 0.3.2-2 all
  HTTP route definitions for Clojure

libcommandable-perl/stable 0.14-1 all
  utilities for commandline-based programs

libcomment-preprocessor-java/stable 6.0.1-2 all
  Java Comment Preprocessor

libcommon-sense-perl/stable,now 3.75-3+b5 arm64 [installed,automatic]
  module that implements some sane defaults for Perl programs

libcommonmark-perl/stable 0.310100-1+b1 arm64
  interface to the CommonMark C library

libcommons-beanutils-java/stable 1.10.1-1.1 all
  Apache Commons BeanUtils - Utility for manipulating Java beans

libcommons-cli-java/stable 1.6.0-1 all
  Command line arguments and options parsing library

libcommons-codec-java/stable 1.18.0-1 all
  encoder and decoders such as Base64 and hexadecimal codec

libcommons-collections3-java/stable 3.2.2-3 all
  Apache Commons Collections - Extended Collections API for Java

libcommons-collections3-java-doc/stable 3.2.2-3 all
  Documentation for libcommons-collections3-java

libcommons-collections4-java/stable 4.4-2 all
  Apache Commons Collections - Extended Collections API for Java

libcommons-collections4-java-doc/stable 4.4-2 all
  Documentation for Commons Collections 4

libcommons-compress-java/stable 1.27.1-2 all
  Java API for working with compression and archive formats

libcommons-configuration-java/stable 1.10-7 all
  Java based library providing a generic configuration interface

libcommons-configuration2-java/stable 2.11.0-2 all
  Java based library providing a generic configuration interface

libcommons-csv-java/stable 1.9.0-1 all
  Library for reading and writing CSV files

libcommons-daemon-java/stable 1.0.15-11 all
  Library to launch Java applications as daemons

libcommons-dbcp-java/stable 1.4-8 all
  Database Connection Pooling Services

libcommons-dbcp2-java/stable 2.13.0-1 all
  Database Connection Pooling Services 2

libcommons-digester-java/stable 1.8.1-7 all
  Rule based XML Java object mapping tool

libcommons-discovery-java/stable 0.5-4 all
  Locates classes that implement a given Java interface

libcommons-el-java/stable 1.0-10 all
  Implementation of the JSP 2.0 Expression Language interpreter

libcommons-email-java/stable 1.5-3 all
  Apache Commons Java API for sending email

libcommons-exec-java/stable 1.3-3 all
  Java library to reliably execute external processes from within the JVM

libcommons-fileupload-java/stable 1.5-1.1 all
  File upload capability to your servlets and web applications

libcommons-fileupload-java-doc/stable 1.5-1.1 all
  Javadoc API documentation for Commons FileUploads

libcommons-httpclient-java/stable 3.1-16 all
  Commons HTTPClient - Java library for creating HTTP clients

libcommons-httpclient-java-doc/stable 3.1-16 all
  Documentation for libcommons-httpclient-java

libcommons-io-java/stable 2.19.0-1 all
  Common useful IO related classes

libcommons-jci-eclipse-java/stable 1.1-9 all
  common Java interface for various compilers - Eclipse JDT

libcommons-jci-groovy-java/stable 1.1-9 all
  common Java interface for various compilers - Groovy

libcommons-jci-janino-java/stable 1.1-9 all
  common Java interface for various compilers - Janino

libcommons-jci-java/stable 1.1-9 all
  common Java interface for various compilers - Core and FAM

libcommons-jci-rhino-java/stable 1.1-9 all
  common Java interface for various compilers - Javascript

libcommons-jexl-java/stable 1.1-4 all
  expression language engine

libcommons-jexl2-java/stable 2.1.1-6 all
  Apache Commons JEXL - Java Expression Language

libcommons-jexl3-java/stable 3.1-3 all
  Apache Commons JEXL - Java Expression Language

libcommons-jxpath-java/stable 1.3-11 all
  Apache Commons JXPath - XPath expressions applied to Java objects

libcommons-lang-java/stable 2.6-10+deb13u1 all
  Commons Lang - an extension of the java.lang package

libcommons-lang-java-doc/stable 2.6-10+deb13u1 all
  Documentation for Commons Lang - an extension of the java.lang package

libcommons-lang3-java/stable 3.17.0-1+deb13u1 all
  Apache Commons Lang utility classes

libcommons-logging-java/stable 1.3.0-2 all
  common wrapper interface for several logging APIs

libcommons-math-java/stable 2.2-9 all
  Java lightweight mathematics and statistics components

libcommons-math3-java/stable 3.6.1-4 all
  Java lightweight mathematics and statistics components

libcommons-math3-java-doc/stable 3.6.1-4 all
  Java lightweight mathematics and statistics components - documentation

libcommons-net-java/stable 3.9.0-1 all
  Apache Commons Net - Java client API for basic Internet protocols

libcommons-parent-java/stable 56-1 all
  Maven metadata for Apache Commons project

libcommons-pool-java/stable 1.6-5 all
  pooling implementation for Java objects

libcommons-pool-java-doc/stable 1.6-5 all
  pooling implementation for Java objects - documentation

libcommons-pool2-java/stable 2.12.0-1 all
  Apache Commons Pool 2 - Pooling implementation for Java objects

libcommons-rdf-java/stable 0.5.0-2 all
  type-safe, non-general API that covers RDF 1.1

libcommons-text-java/stable 1.13.1-1 all
  Apache Commons Text

libcommons-validator-java/stable 1:1.9.0-1 all
  ease and speed development and maintenance of validation rules

libcommons-vfs-java/stable 2.1-5 all
  Java API for accessing various filesystems

libcommuni-dev/stable 3.7.0-2.1+b2 arm64
  cross-platform IRC framework written with Qt (development files)

libcommuni-doc/stable 3.7.0-2.1 all
  cross-platform IRC framework written with Qt (API documentation)

libcompel-dev/stable 4.1.1-1 arm64
  execute arbitrary code in the context of a foreign process (development headers)

libcompel1/stable 4.1.1-1 arm64
  execute arbitrary code in the context of a foreign process (library)

libcompfaceg1/stable 1:1.5.2-6.1 arm64
  Compress/decompress images for mailheaders, libc6 runtime

libcompfaceg1-dev/stable 1:1.5.2-6.1 arm64
  Compress/decompress images for mailheaders, libc6 devel

libcompile-command-annotations-java/stable 1.2.3-1 all
  annotation based configuration file generator for the Hotspot JVM JIT compiler

libcompiler-lexer-perl/stable 0.23-3+b4 arm64
  Lexical Analyzer for Perl5

libcompiler-libs-ocaml-dev/stable 5.3.0-3 arm64
  OCaml compiler library (development files)

libcompizconfig0/stable 2:0.8.18-3+b3 arm64
  Configuration settings library for compiz

libcompizconfig0-dev/stable 2:0.8.18-3+b3 arm64
  Configuration settings library for compiz - development files

libcomplete-clojure/stable 0.2.5-1 all
  completion of Clojure symbols

libcompojure-clojure/stable 1.6.0-2 all
  consice routing library for Ring

libcompress-bzip2-perl/stable 2.28-1+b6 arm64
  Perl interface to Bzip2 compression library

libcompress-lz4-perl/stable 0.25+ds-2+b4 arm64
  Perl interface to the LZ4 (de)compressor

libcompress-lzf-java/stable 1.0.4-1 all
  Java library for encoding and decoding data in LZF format

libcompress-raw-bzip2-perl/stable 2.213-2 arm64
  low-level interface to bzip2 compression library

libcompress-raw-lzma-perl/stable 2.213-1+b1 arm64
  low-level interface to lzma compression library

libcompress-raw-zlib-perl/stable 2.213-1+b1 arm64
  low-level interface to zlib compression library

libcompress-snappy-perl/stable 0.25+ds-1+b1 arm64
  Perl interface to Google's Snappy (de)compressor

libcomps-dev/stable 0.1.21-1+b3 arm64
  Comps XML file manipulation library - development files

libcomps-doc/stable 0.1.21-1 all
  Documentation for the libcomps library (common documentation)

libcomps0/stable 0.1.21-1+b3 arm64
  Comps XML file manipulation library - shared library

libconcord-dev/stable 1.5-3.1+b2 arm64
  configuration tool for Harmony remotes - development files

libconcord6/stable 1.5-3.1+b2 arm64
  configuration tool for Harmony remotes - runtime libraries

libconcurrentqueue-dev/stable 1.0.4+ds-2 arm64
  industrial-strength lock-free queue for C++

libconcurrentunit-java/stable 0.4.6-2 all
  simple toolkit for testing multi-threaded Java code

libconduit-lwt-ocaml/stable 7.1.0-1+b9 arm64
  network connection establishment library for Lwt (runtime)

libconduit-lwt-ocaml-dev/stable 7.1.0-1+b9 arm64
  network connection establishment library for Lwt (dev)

libconduit-ocaml/stable 7.1.0-1+b9 arm64
  network connection establishment library for OCaml (runtime)

libconduit-ocaml-dev/stable 7.1.0-1+b9 arm64
  network connection establishment library for OCaml (dev)

libconfig++-dev/stable 1.7.3-2 arm64
  parsing/manipulation of structured config files (C++ development)

libconfig++11/stable,now 1.7.3-2 arm64 [installed,automatic]
  parsing/manipulation of structured configuration files (C++ binding)

libconfig-any-perl/stable 0.33-1 all
  module to load configuration from different file formats

libconfig-apacheformat-perl/stable 1.2-6 all
  Perl module to parse Apache format config files

libconfig-augeas-perl/stable 1.000-3+b4 arm64
  module for manipulating configuration files through Augeas

libconfig-auto-perl/stable 0.44-2 all
  magical config file parser

libconfig-autoconf-perl/stable 0.320-2 all
  Perl module to implement some of AutoConf's macros in pure Perl

libconfig-crontab-perl/stable 1.45-3 all
  module to read/write Vixie-compatible crontab(5) files

libconfig-dev/stable 1.7.3-2 arm64
  parsing/manipulation of structured config files (development)

libconfig-doc/stable 1.7.3-2 all
  parsing/manipulation of structured config files (Documentation)

libconfig-file-ocaml-dev/stable 1.2.1-4+b3 arm64
  OCaml library for managing configuration files (dev files)

libconfig-file-perl/stable 1.54-2 all
  simple configuration file parsing module

libconfig-find-perl/stable 0.31-3 all
  module to search configuration files using OS dependent heuristics

libconfig-general-perl/stable 2.67-1 all
  generic configuration module

libconfig-gitlike-perl/stable 1.18-2 all
  Perl module for Git-compatible config file parsing

libconfig-grammar-perl/stable 1.13-5 all
  grammar-based user-friendly config parser

libconfig-identity-perl/stable 0.0019-3 all
  module to load (and optionally decrypt) user/pass identity information

libconfig-ini-perl/stable 1:0.029-1 all
  Perl module for reading and writing .ini files

libconfig-ini-reader-ordered-perl/stable 0.022-1 all
  .ini-file parser that returns sections in order

libconfig-inifiles-perl/stable 3.000003-3+deb13u1 all
  read .ini-style configuration files

libconfig-inihash-perl/stable 3.01.01-6 all
  Perl extension for reading and writing INI files

libconfig-json-perl/stable 1.5202-2 all
  parser for JSON-based configuration files

libconfig-merge-perl/stable 1.04-3 all
  umbrella interface to configuration modules

libconfig-model-approx-perl/stable 1.012-2 all
  Approx proxy server configuration editor

libconfig-model-backend-augeas-perl/stable 0.126-1 all
  config-model reader and writer powered by Augeas

libconfig-model-backend-yaml-perl/stable 2.134-2 all
  Read and write config as a YAML data structure

libconfig-model-cursesui-perl/stable 1.107-2 all
  curses interface to edit config data through Config::Model

libconfig-model-dpkg-perl/stable 3.014 all
  editor for Dpkg source files with validation

libconfig-model-itself-perl/stable 2.025-1 all
  graphical model or schema editor for Config::Model

libconfig-model-lcdproc-perl/stable 2.055-2 all
  module to edit and validate LcdProc configuration file

libconfig-model-openssh-perl/stable 2.9.9.1-1 all
  configuration editor for OpenSsh

libconfig-model-perl/stable 2.155-1 all
  module for describing and editing configuration data

libconfig-model-systemd-perl/stable 0.257.2-1 all
  editor and validator for systemd configuration files

libconfig-model-tester-perl/stable 4.007-2 all
  Test framework for Config::Model

libconfig-model-tkui-perl/stable 1.379-1 all
  Tk GUI to edit config data through Config::Model

libconfig-mvp-perl/stable 2.200013-1 all
  multivalue-property package-oriented configuration module

libconfig-mvp-reader-ini-perl/stable 2.101465-1 all
  Perl module providing a MVP config reader for .ini files

libconfig-mvp-slicer-perl/stable 0.303-2 all
  module to extract embedded plugin config from parent config

libconfig-onion-perl/stable 1.007-3 all
  layered configuration

libconfig-pit-perl/stable 0.04-3 all
  Perl module for Manage settings

libconfig-properties-perl/stable 1.80-3 all
  Perl module to read and write Java-style property files

libconfig-record-perl/stable 1.1.2-4 all
  Perl module for configuration file access

libconfig-scoped-perl/stable 0.22-5 all
  Feature rich configuration file parser

libconfig-simple-perl/stable 4.59-7 all
  simple configuration file class

libconfig-std-perl/stable 0.903-4 all
  Load and save configuration files in a standard format

libconfig-tiny-perl/stable 2.30-1 all
  Read/Write .ini style files with as little code as possible

libconfig-yaml-perl/stable 1.42-4 all
  module for manipulating YAML-based configuration files

libconfig-zomg-perl/stable 1.000000-2 all
  yet another Catalyst::Plugin::ConfigLoader-style layer over Config::Any

libconfig11/stable 1.7.3-2 arm64
  parsing/manipulation of structured configuration files

libconfigreader-perl/stable 0.5-7 all
  Perl module for reading configuration files

libconfigreader-simple-perl/stable 1.298-1 all
  simple configuration file parser

libconfuse-common/stable 3.3-4 all
  Common files for libConfuse

libconfuse-dev/stable 3.3-4 arm64
  Development files for libConfuse

libconfuse-doc/stable 3.3-4 all
  Documentation for libConfuse

libconfuse2/stable 3.3-4 arm64
  Library for parsing configuration files

libconsensuscore-dev/stable 1.1.1+dfsg-8 arm64
  algorithms for PacBio multiple sequence consensus -- development files

libconsole-bridge-dev/stable 1.0.1+dfsg2-3+b2 arm64
  console bridge - development files

libconsole-bridge1.0/stable 1.0.1+dfsg2-3+b2 arm64
  console bridge - library

libconsolekit-dev/stable 1.2.6-4+b1 arm64
  ConsoleKit base library development files

libconsolekit1/stable 1.2.6-4+b1 arm64
  ConsoleKit base library

libconst-fast-perl/stable 0.014-2 all
  facility for creating read-only scalars, arrays, and hashes

libconstant-defer-perl/stable 6-3 all
  Perl module providing constant subs with deferred value calculation

libconstant-generate-perl/stable 0.17-3 all
  Perl module providing useful utilities for handling symbolic constants

libcontactcache-qt5-1/stable 0.3.32-1 arm64
  Library for accessing QtPIM QtContacts using the SQLite engine

libcontactcache-qt5-bin/stable 0.3.32-1 arm64
  Development tools for libcontactcache-qt5

libcontactcache-qt5-data/stable 0.3.32-1 all
  Library for accessing QtPIM QtContacts using the SQLite engine - data

libcontactcache-qt5-dev/stable 0.3.32-1 arm64
  Development files for libcontactcache-qt5

libcontactsd1/stable 1.4.15-1 arm64
  Telepathy - QtContacts bridge for contacts (plugin shared library)

libcontactsd1-dev/stable 1.4.15-1 arm64
  Telepathy - QtContacts bridge for contacts (development files)

libcontainers-data-ocaml-dev/stable 3.15+dfsg-1+b2 arm64
  extension to OCaml's standard data structures

libcontainers-ocaml-dev/stable 3.15+dfsg-1+b2 arm64
  extension to OCaml's standard data structures and iterators

libcontext-preserve-perl/stable 0.03-3 all
  Perl module to preserve calling context

libcontextual-return-perl/stable 0.004014-4 all
  module for creating context-sensitive return values

libcontra1/stable 0.2.2-1+b1 arm64
  LIBrary for CONnection TRAcking

libcontrolsfx-java/stable 11.0.0-1 all
  high quality UI controls and other tools to complement JavaFX

libconversant-disruptor-java/stable 1.2.15-1 all
  Very low latency Java BlockingQueue

libconvert-ascii-armour-perl/stable 1.4-3 all
  module to convert binary into ASCII-armoured messages

libconvert-ascii85-perl/stable 0.01-3 all
  module for encoding and decoding of ascii85/base85 strings

libconvert-asn1-perl/stable 0.34-1 all
  Perl module for encoding and decoding ASN.1 data structures

libconvert-base32-perl/stable 0.06-3 all
  module for encoding and decoding of base32 strings

libconvert-basen-perl/stable 0.01-4 all
  perl module for encoding and decoding of base{2,4,8,16,32,64} strings

libconvert-ber-perl/stable 1.3200-5 all
  Perl implementation of Basic Encoding Rules (BER)

libconvert-binary-c-perl/stable 0.85-1+b1 arm64
  Binary Data Conversion using C Types

libconvert-binhex-perl/stable 1.125-3 all
  Perl5 module for extracting data from macintosh BinHex files

libconvert-color-perl/stable 0.18-1 all
  Perl module for color space conversions and named lookups

libconvert-color-xterm-perl/stable 0.06-1 all
  module for indexed colors used by XTerm

libconvert-nls-date-format-perl/stable 0.06-3 all
  module for converting Oracle NLS_DATE_FORMAT <-> strftime Format Strings

libconvert-pem-perl/stable 0.13-1 all
  Perl module for reading/writing encrypted ASN.1 PEM files

libconvert-scalar-perl/stable 1.12-2+b5 arm64
  module to convert between different representations of perl scalars

libconvert-tnef-perl/stable 0.18-2 all
  Perl module to read TNEF files

libconvert-units-perl/stable 1:0.43-12 all
  Perl module for performing unit conversions

libconvert-uulib-perl/stable 1:1.8+dfsg-2 arm64
  Perl interface to the uulib library (a.k.a. uudeview/uuenview)

libconvert-ytext-perl/stable 0.2-3 all
  Perl module to quote strings suitably for RFC2822 local parts

libcookie-baker-perl/stable 0.12-1 all
  simple cookie string generator and parser

libcookie-baker-xs-perl/stable 0.12-1+b4 arm64
  module to boost Cookie::Baker's crush_cookie

libcoordgen-dev/stable 3.0.2-1+b2 arm64
  2D coordinate generation for chemical compounds - header files

libcoordgen3/stable 3.0.2-1+b2 arm64
  2D coordinate generation for chemical compounds

libcootapi-dev/stable 1.1.15+dfsg-1+b1 arm64
  development files for libcoot

libcootapi1.1/stable 1.1.15+dfsg-1+b1 arm64
  shared library for coot

libcopy-rename-maven-plugin-java/stable 2.0.0-2 all
  m2e compatible maven plugin for renaming/copying

libcoq-aac-tactics/stable 8.20.0-1+b4 arm64
  Coq tactics for reasoning modulo AC (theories)

libcoq-bignums/stable 9.0.0+coq8.20-1+b8 arm64
  Coq library for big numbers

libcoq-coqeal/stable 2.1.0-1+b1 arm64
  algebra and data structure algorithms for Coq

libcoq-coqprime/stable 8.20.1-1+b4 arm64
  Primality certification for Coq (library)

libcoq-coquelicot/stable 3.4.3-1+b3 arm64
  Coq library for real analysis

libcoq-core-ocaml/stable 8.20.1+dfsg-1+b1 arm64
  runtime libraries for Coq

libcoq-core-ocaml-dev/stable 8.20.1+dfsg-1+b1 arm64
  development libraries and tools for Coq

libcoq-corn/stable 8.20.0-1+b4 arm64
  Coq Constructive Repository at Nijmegen

libcoq-deriving/stable 0.2.1-1+b7 arm64
  deriving MathComp classes from inductive types

libcoq-dpdgraph/stable 1.0+8.20-1+b4 arm64
  Coq plugin to extract dependencies between Coq objects

libcoq-elpi/stable 2.5.0-1.1 arm64
  Coq plugin embedding Elpi

libcoq-equations/stable 1.3.1-8.20-1+b4 arm64
  Coq library to work with functions defined by equations

libcoq-ext-lib/stable 0.13.0-1+b4 arm64
  Collection of theories and plugins for Coq

libcoq-extructures/stable 0.5.0-1+b7 arm64
  data structures with extensional reasoning for Coq

libcoq-flocq/stable 4.2.1-1+b2 arm64
  Floating-point arithmetic for Coq

libcoq-gappa/stable 1.7.0-1+b1 arm64
  Coq tactic to use Gappa for floating-point goals

libcoq-hammer/stable 1.3.2+8.20-1+b4 arm64
  automated reasoning tool for Coq

libcoq-hierarchy-builder/stable 1.8.1-1+b3 arm64
  build hierarchies of algebraic structures in Coq

libcoq-hott/stable 9.0-1+b2 arm64
  Coq library for homotopy type theory

libcoq-interval/stable 4.11.1-1+b7 arm64
  interval arithmetic for Coq

libcoq-iris/stable 4.3.0-1+b6 arm64
  high-order concurrent separation logic framework for Coq

libcoq-libhyps/stable 2.0.8-4+b7 arm64
  Tactics on hypotheses in Coq

libcoq-math-classes/stable 8.19.0-1+b10 arm64
  Abstract interfaces for mathematical structures for Coq

libcoq-mathcomp/stable 2.3.0-1+b7 arm64
  Mathematical Components library for Coq (all)

libcoq-mathcomp-algebra/stable 2.3.0-1+b7 arm64
  Mathematical Components library for Coq (algebra)

libcoq-mathcomp-algebra-tactics/stable 1.2.4-1+b5 arm64
  Ring and field tactics for Mathematical Components

libcoq-mathcomp-analysis/stable 1.9.0-1+b3 arm64
  analysis extension for Mathematical Components

libcoq-mathcomp-bigenough/stable 1.0.2-1+b3 arm64
  epsilon - N reasoning for Mathematical Components

libcoq-mathcomp-character/stable 2.3.0-1+b7 arm64
  Mathematical Components library for Coq (character)

libcoq-mathcomp-classical/stable 1.9.0-1+b3 arm64
  classical logic extension for Mathematical Components

libcoq-mathcomp-field/stable 2.3.0-1+b7 arm64
  Mathematical Components library for Coq (field)

libcoq-mathcomp-fingroup/stable 2.3.0-1+b7 arm64
  Mathematical Components library for Coq (finite groups)

libcoq-mathcomp-finmap/stable 2.1.0-3+b7 arm64
  finite sets and maps extension for Mathematical Components

libcoq-mathcomp-multinomials/stable 2.3.0-1+b7 arm64
  Multivariate polynomials for Mathematical Components

libcoq-mathcomp-real-closed/stable 2.0.2-1+b7 arm64
  Real closed fields for Mathematical Components

libcoq-mathcomp-solvable/stable 2.3.0-1+b7 arm64
  Mathematical Components library for Coq (finite groups II)

libcoq-mathcomp-ssreflect/stable 2.3.0-1+b7 arm64
  Mathematical Components library for Coq (small scale reflection)

libcoq-mathcomp-zify/stable 1.5.0+2.0+8.16-4+b7 arm64
  Micromega arithmetic solvers for Mathematical Components

libcoq-menhirlib/stable 20240715+ds-1+b5 arm64
  support library for Coq-verified Menhir parsers

libcoq-mtac2/stable 1.4+8.20-1+b4 arm64
  Mtac2 tactic language for Coq

libcoq-ott/stable 0.34+ds-1+b4 arm64
  Ott tool (Coq plugin)

libcoq-paramcoq/stable 1.1.3+coq8.20-1+b4 arm64
  Coq plugin to generate parametricity statements

libcoq-quickchick/stable 2.1.0-1+b2 arm64
  randomized testing framework for Coq (plugin)

libcoq-record-update/stable 0.3.4-4+b4 arm64
  automatic record fields updaters for Coq

libcoq-reduction-effects/stable 0.1.5-5+b7 arm64
  reduction effects for Coq

libcoq-reglang/stable 1.2.1-4+b13 arm64
  representation of regular languages in Coq

libcoq-relation-algebra/stable 1.7.11-1+b7 arm64
  relation algebra for Coq

libcoq-serapi-ocaml/stable 8.20.0+0.20.0-1+b4 arm64
  interaction with Coq (runtime)

libcoq-serapi-ocaml-dev/stable 8.20.0+0.20.0-1+b4 arm64
  interaction with Coq (devel)

libcoq-simple-io/stable 1.11.0-1+b1 arm64
  Coq plugin for purely functional IO

libcoq-stdlib/stable 8.20.1+dfsg-1+b1 arm64
  proof assistant for higher-order logic (theories)

libcoq-stdpp/stable 1.11.0-1+b5 arm64
  Extended standard library for Coq

libcoq-unicoq/stable 1.6-8.20-1+b4 arm64
  enhanced unification algorithm for Coq

libcoq-unimath/stable 20240923-2+b4 arm64
  univalent formalization of mathematics for Coq

libcore-async-clojure/stable 1.5.648-2 all
  asynchronous programming using channels for Clojure

libcore-cache-clojure/stable 1.0.225-2 all
  cache abstraction library for Clojure

libcore-match-clojure/stable 1.0.0-1 all
  optimized pattern match and predicate dispatch library for Clojure

libcore-memoize-clojure/stable 1.0.257-1 all
  Clojure memoization library

libcore-specs-alpha-clojure/stable 0.4.74-1 all
  specs to describe Clojure core macros and functions

libcork-dev/stable 1.0.0~rc3-4 arm64
  simple, easily embeddable, cross-platform C library (development files)

libcork-doc/stable 1.0.0~rc3-4 all
  simple, easily embeddable, cross-platform C library (documentation files)

libcork16/stable 1.0.0~rc3-4 arm64
  simple, easily embeddable, cross-platform C library

libcorkipset-dev/stable 1.1.1+git20171111.6842a63-2+b2 arm64
  C library to store sets/maps of IP address (development files)

libcorkipset-doc/stable 1.1.1+git20171111.6842a63-2 all
  C library to store sets/maps of IP address (documentation files)

libcorkipset-utils/stable 1.1.1+git20171111.6842a63-2+b2 arm64
  C library to store sets/maps of IP address (utility files)

libcorkipset1/stable 1.1.1+git20171111.6842a63-2+b2 arm64
  C library to store sets/maps of IP address

libcoro-perl/stable 6.570-4 arm64
  Perl framework implementing coroutines

libcoro-twiggy-perl/stable 0.03-1.1 all
  Coro interface for Twiggy

libcorona-perl/stable 0.1004-5 all
  Coro based PSGI web server

libcorosync-common-dev/stable 3.1.9-2+deb13u1 arm64
  cluster engine common development

libcorosync-common4/stable 3.1.9-2+deb13u1 arm64
  cluster engine common library

libcortado-java/stable 0.6.0-5 all
  streaming applet for Ogg formats -- shared components

libcos4-3/stable 4.3.3+ds1-1 arm64
  omniORB CORBA services stubs

libcos4-dev/stable 4.3.3+ds1-1 arm64
  omniORB CORBA services stubs development files

libcothreads-ocaml-dev/stable 0.10-7+b2 arm64
  concurrent programming library for OCaml

libcotp-dev/stable 3.1.0-1 arm64
  C library that generates TOTP and HOTP (development)

libcotp3/stable 3.1.0-1 arm64
  C library that generates TOTP and HOTP

libcourier-unicode-dev/stable 2.3.2-1 arm64
  Courier Unicode library (development files and headers)

libcourier-unicode8/stable 2.3.2-1 arm64
  Courier Unicode library (shared runtime library)

libcourriel-perl/stable 0.49-1 all
  high level email parsing and manipulation module

libcoverart-dev/stable 1.0.0+git20150706-9+b2 arm64
  library to access the Cover Art Archive (development files)

libcoverart-doc/stable 1.0.0+git20150706-9 all
  library to access the Cover Art Archive (developer documentation)

libcoverart1/stable 1.0.0+git20150706-9+b2 arm64
  library to access the Cover Art Archive (C wrapper functions)

libcoverartcc1v5/stable 1.0.0+git20150706-9+b2 arm64
  library to access the Cover Art Archive

libcowsql-dev/stable 1.15.8-1 arm64
  Embeddable, replicated and fault tolerant SQL engine - development files

libcowsql0/stable 1.15.8-1 arm64
  Embeddable, replicated and fault tolerant SQL engine - shared library

libcoy-perl/stable 0.06-10 all
  replace perl error messages with haiku

libcpan-audit-perl/stable 20250115.001-1 all
  module to audit CPAN distributions for known vulnerabilities

libcpan-changes-perl/stable 0.500005-1 all
  module for reading and writing CPAN Changes files

libcpan-checksums-perl/stable 2.14-2 all
  Perl module to write a CHECKSUMS file for a directory as on CPAN

libcpan-common-index-perl/stable 0.010-2 all
  common library for searching CPAN modules, authors, and distributions

libcpan-distnameinfo-perl/stable 0.12-3 all
  module to extract distribution name and version from a filename

libcpan-inject-perl/stable 1.14-1.1 all
  module for injecting distributions into CPAN sources

libcpan-meta-check-perl/stable 0.018-1 all
  verify requirements in a CPAN::Meta object

libcpan-meta-requirements-perl/stable 2.143-1 all
  set of version requirements for a CPAN dist

libcpan-meta-yaml-perl/stable 0.020-1 all
  reimplementation of a subset of YAML for CPAN Meta files

libcpan-mini-inject-perl/stable 1.012-1 all
  module to inject modules into a CPAN::Mini mirror

libcpan-mini-perl/stable 1.111017-1 all
  module for creating a minimal mirror of CPAN

libcpan-perl-releases-perl/stable 5.20250422-1 all
  module for mapping Perl releases on CPAN to the location of the tarballs

libcpan-reporter-perl/stable 1.2020-1 all
  module which adds CPAN Testers reporting to CPAN.pm

libcpan-reporter-smoker-perl/stable 0.30-1 all
  turnkey CPAN Testers smoking module

libcpan-requirements-dynamic-perl/stable 0.002-1 all
  module implementing dynamic prerequisites in CPAN metadata files

libcpan-sqlite-perl/stable 0.220-1 all
  module to maintain a minimal CPAN database with SQLite

libcpan-uploader-perl/stable 0.103018-1 all
  module to upload packages to the CPAN

libcpandb-perl/stable 0.19-1 all
  Perl module for working with the unified CPAN database

libcpanel-json-xs-perl/stable 4.39-2~deb13u1 arm64
  module for fast and correct serialising to JSON

libcpanplus-dist-build-perl/stable 0.90-3 all
  CPANPLUS plugin to install packages that use Build.PL

libcpanplus-perl/stable 0.9916-1 all
  API & CLI access to the CPAN mirrors

libcpansa-db-perl/stable 20250521.001-1 all
  CPAN Security Advisory data as a Perl data structure, mostly for CPAN::Audit

libcpath-clojure/stable 0.1.2-2 all
  transparently collect files on the classpath

libcpdb-backend-dev/stable 2.0~b5-1.2+b3 arm64
  Common Print Dialog Backends - Development files for Backend Library

libcpdb-dev/stable 2.0~b5-1.2+b3 arm64
  Common Print Dialog Backends - Development files for both libraries

libcpdb-frontend-dev/stable 2.0~b5-1.2+b3 arm64
  Common Print Dialog Backends - Development files for Frontend Library

libcpdb-frontend2t64/stable 2.0~b5-1.2+b3 arm64
  Common Print Dialog Backends - Interface Library for Frontends

libcpdb-libs-tools/stable 2.0~b5-1.2 all
  Common Print Dialog Backends - Tools (transitional package)

libcpdb2t64/stable 2.0~b5-1.2+b3 arm64
  Common Print Dialog Backends - Interface Library

libcpg-dev/stable 3.1.9-2+deb13u1 arm64
  cluster engine CPG library development

libcpg4/stable 3.1.9-2+deb13u1 arm64
  cluster engine CPG library

libcpgplot0/stable 1.5.0-2 arm64
  CPGPLOT replacement shared lib based on giza

libcpl-dev/stable 7.3.2+ds-1+b3 arm64
  ESO library for automated astronomical data-reduction

libcpl-doc/stable 7.3.2+ds-1 all
  API documentation for the Common Pipeline Library

libcplcore26/stable 7.3.2+ds-1+b3 arm64
  Fundamental CPL data types and functions

libcpldfs26/stable 7.3.2+ds-1+b3 arm64
  CPL functions for Data Flow System compatibility

libcpldrs26/stable 7.3.2+ds-1+b3 arm64
  CPL higher level data processing algorithms

libcpluff0/stable 0.2.0+ds1-2+b3 arm64
  C-Pluff, a plug-in framework for C - runtime library

libcpluff0-dev/stable 0.2.0+ds1-2+b3 arm64
  C-Pluff, a plug-in framework for C - development kit

libcplui26/stable 7.3.2+ds-1+b3 arm64
  CPL framework interface library

libcpp-common0d/stable 0.7.3-3 arm64
  Robot OS utility library

libcpp-hocon-dev/stable 0.3.0-1.1+b2 arm64
  C++ port of the TypesafeConfig library -- development files

libcpp-hocon0.3.0t64/stable 0.3.0-1.1+b2 arm64
  C++ port of the TypesafeConfig library -- shared libraries

libcpp-httplib-dev/stable 0.18.7-1+deb13u1 arm64
  C++ HTTP/HTTPS server and client library - development files

libcpp-httplib0.18/stable 0.18.7-1+deb13u1 arm64
  C++ HTTP/HTTPS server and client library

libcpp-jwt-dev/stable 1.4+ds-5 all
  JSON Web Token library for C++

libcppad-dev/stable 2025.00.00.2-1 arm64
  Automatic Differentiation of C++ algorithms, dev files

libcppad-doc/stable 2025.00.00.2-1 all
  Automatic Differentiation of C++ algorithms, documentation

libcppad-lib2200.0/stable 2025.00.00.2-1 arm64
  Automatic Differentiation of C++ algorithms, shared library

libcppdap-dev/stable 1.58.0a-6 arm64
  C++11 implementation of the Debug Adapter Protocol

libcppdb-dev/stable 0.3.1+dfsg-9.1+b1 arm64
  SQL Connectivity Library (development files)

libcppdb-mysql0t64/stable 0.3.1+dfsg-9.1+b1 arm64
  SQL Connectivity Library (MySQL backend)

libcppdb-odbc0t64/stable 0.3.1+dfsg-9.1+b1 arm64
  SQL Connectivity Library (odbc backend)

libcppdb-postgresql0t64/stable 0.3.1+dfsg-9.1+b1 arm64
  SQL Connectivity Library (PostgreSQL backend)

libcppdb-sqlite3-0t64/stable 0.3.1+dfsg-9.1+b1 arm64
  SQL Connectivity Library (sqlite3 backend)

libcppdb0t64/stable 0.3.1+dfsg-9.1+b1 arm64
  SQL Connectivity Library (core library)

libcppnumericalsolvers-dev/stable 1.0.0-3 all
  C++ library of numerical optimization methods for nonlinear functions

libcpprest-dev/stable 2.10.19-3 arm64
  Development files for C++ REST SDK / Casablanca

libcpprest-doc/stable 2.10.19-3 all
  Reference manual for C++ REST SDK / Casablanca

libcpprest2.10/stable 2.10.19-3 arm64
  Shared library for C++ REST SDK / Casablanca

libcpprspserver-dev/stable 3.4.4-1.1+b2 arm64
  headers of the C++ RSerPool client/server API library

libcpprspserver3t64/stable 3.4.4-1.1+b2 arm64
  C++ RSerPool client/server API library

libcpptest-dev/stable 2.0.0-3+b1 arm64
  unit testing framework for C++ (development)

libcpptest-doc/stable 2.0.0-3 all
  unit testing framework for C++ (documentation)

libcpptest1/stable 2.0.0-3+b1 arm64
  unit testing framework for C++

libcpptoml-dev/stable 0.1.1-3 all
  C++ header-only library for parsing TOML configuration files

libcppunit-1.15-0/stable 1.15.1-4+b2 arm64
  Unit Testing Library for C++

libcppunit-dev/stable 1.15.1-4+b2 arm64
  Unit Testing Library for C++ - development library

libcppunit-doc/stable 1.15.1-4 all
  Unit Testing Library for C++ - documentation

libcppunit-subunit-dev/stable 1.4.2-3+b1 arm64
  SubunitTestProgressListener for CPPUnit - Development headers

libcppunit-subunit0/stable 1.4.2-3+b1 arm64
  SubunitTestProgressListener for CPPUnit - C++ shared library

libcpputest-dev/stable 4.0-3 arm64
  C/C++ based unit test framework — headers and static libraries

libcps-perl/stable 0.19-2 all
  module to manage flow of control in Continuation Passing Style

libcpu-features-dev/stable 0.9.0-1+b1 arm64
  cross platform C99 library to get cpu features

libcpu-ocaml/stable 2.0.0-5+b4 arm64
  Pin current process to given core number (runtime)

libcpu-ocaml-dev/stable 2.0.0-5+b4 arm64
  Pin current process to given core number (development)

libcpucycles-dev/stable 0~20240318-2 arm64
  library for counting CPU cycles - development files

libcpucycles1/stable 0~20240318-2 arm64
  library for counting CPU cycles

libcpuinfo-dev/stable 0.0~git20250327.39ea79a-1 arm64
  CPU INFOrmation library (header file)

libcpuinfo0/stable 0.0~git20250327.39ea79a-1 arm64
  CPU INFOrmation library (shared object)

libcpupower-dev/stable 6.12.94-1 arm64
  CPU frequency and voltage scaling tools for Linux (development files)

libcpupower1/stable 6.12.94-1 arm64
  CPU frequency and voltage scaling tools for Linux (libraries)

libcpuset-dev/stable 1.0-6.1+b1 arm64
  header files and docs for libcpuset

libcpuset1t64/stable 1.0-6.1+b1 arm64
  assigns a set of CPUs and Memory Nodes to a set of tasks

libcql-parser-perl/stable 1.13-2 all
  Common Query Language parser

libcqrlib-dev/stable 1.1.4-3+b2 arm64
  Library and headers for quaternion arithmetic and rotation math

libcqrlib2/stable 1.1.4-3+b2 arm64
  Library for quaternion arithmetic and rotation math

libcrack2/stable 2.9.6-5.2+b1 arm64
  pro-active password checker library

libcrack2-dev/stable 2.9.6-5.2+b1 arm64
  pro-active password checker library - development files

libcrcutil-dev/stable 1.0-5.4 arm64
  library for cyclic redundancy check (CRC) computation - development files

libcrcutil-doc/stable 1.0-5.4 all
  library for cyclic redundancy check (CRC) computation - documentation

libcrcutil0t64/stable 1.0-5.4 arm64
  library for cyclic redundancy check (CRC) computation

libcreal-ocaml-dev/stable 0.7-8+b2 arm64
  O'Caml library that implements exact real arithmetic

libcreaterepo-c-dev/stable 1.2.0-2+b1 arm64
  library for creating RPM repository metadata (development)

libcreaterepo-c1/stable 1.2.0-2+b1 arm64
  library for creating RPM repository metadata

libcreg-dev/stable 20240419-1+b1 arm64
  library to access Windows 9x/Me Registry files -- development files

libcreg-utils/stable 20240419-1+b1 arm64
  library to access Windows 9x/Me Registry files -- Utilities

libcreg1t64/stable 20240419-1+b1 arm64
  llibrary to access Windows 9x/Me Registry files

libcriterion-dev/stable 2.4.1-2+b3 arm64
  cross-platform C and C++ unit testing framework (development files)

libcriterion3/stable 2.4.1-2+b3 arm64
  cross-platform C and C++ unit testing framework

libcriticism-perl/stable 1.02-3 all
  Perl pragma to enforce coding standards and best-practices

libcritnib-dev/stable 1.1-2+b2 arm64
  ordered map data structure with lock-free reads

libcritnib1/stable 1.1-2+b2 arm64
  ordered map data structure with lock-free reads

libcriu-dev/stable 4.1.1-1 arm64
  checkpoint and restore in userspace (development headers)

libcriu2/stable 4.1.1-1 arm64
  checkpoint and restore in userspace (library)

libcrmcluster53/stable 3.0.0-2 arm64
  cluster resource manager cluster library

libcrmcommon68/stable 3.0.0-2 arm64
  cluster resource manager common library

libcrmservice53/stable 3.0.0-2 arm64
  cluster resource manager service library

libcrossguid-dev/stable 0.0+git200150803-6+b2 arm64
  C++ UUID library headers

libcrossguid0/stable 0.0+git200150803-6+b2 arm64
  C++ UUID library

libcrowbar-ocaml/stable 0.2.1-7+b1 arm64
  library to fuzz-test code (runtime files)

libcrowbar-ocaml-dev/stable 0.2.1-7+b1 arm64
  library to fuzz-test code (dev files)

libcrunch-ocaml/stable 4.0.0-1+b1 arm64
  convert a filesystem into a static OCaml module (runtime files)

libcrunch-ocaml-dev/stable 4.0.0-1+b1 arm64
  convert a filesystem into a static OCaml module (dev files)

libcry-ocaml-dev/stable 1.0.3-3+b3 arm64
  MP3/Ogg Vorbis broadcast OCaml module

libcrypt-argon2-perl/stable 0.030-1 arm64
  Perl interface to the Argon2 key derivation functions

libcrypt-bcrypt-perl/stable 0.011-1+b3 arm64
  modern bcrypt implementation

libcrypt-blowfish-perl/stable 2.14-3+b4 arm64
  Blowfish cryptography for Perl

libcrypt-cast5-perl/stable 0.05-3+b4 arm64
  CAST5 block cipher

libcrypt-cbc-perl/stable 3.04-3 all
  implementation of cipher block chaining (CBC) mode

libcrypt-ciphersaber-perl/stable 1.01-2.2 all
  Perl module implementing CipherSaber encryption

libcrypt-cracklib-perl/stable 1.7-4+b4 arm64
  Perl interface to Alec Muffett's Cracklib

libcrypt-des-ede3-perl/stable 0.03-1 all
  Triple-DES EDE encryption/decryption for perl

libcrypt-des-perl/stable 2.07-5 arm64
  Perl DES encryption module

libcrypt-dev/stable,now 1:4.4.38-1 arm64 [installed,automatic]
  libcrypt development files

libcrypt-dh-gmp-perl/stable 0.00012-2+b4 arm64
  Crypt::DH replacement that uses GMP directly

libcrypt-dh-perl/stable 0.07-3 all
  Diffie-Hellman key exchange system implemented in Perl

libcrypt-dsa-perl/stable 1.19-1 all
  Perl module for DSA Signatures and Key Generation

libcrypt-ecb-perl/stable 2.23-1 all
  Perl library to encrypt data using ECB mode

libcrypt-eksblowfish-perl/stable 0.009-3+b4 arm64
  Perl module implementing the Eksblowfish block cipher

libcrypt-format-perl/stable 0.12-2 all
  Perl interface to conversion utilities for encryption applications

libcrypt-gcrypt-perl/stable 1.26-7+b1 arm64
  Perl interface to the GNU Cryptographic library

libcrypt-generatepassword-perl/stable 0.05-3 all
  perl module to generate secure passwords

libcrypt-hcesha-perl/stable 0.75-3 all
  Perl extension for one way hash chaining encryption using SHA

libcrypt-jwt-perl/stable 0.037-1 all
  JSON Web Token support for Perl

libcrypt-mysql-perl/stable 0.04-7+b4 arm64
  Perl module to emulate the MySQL PASSWORD() function

libcrypt-openssl-bignum-perl/stable 0.09-2+b5 arm64
  Perl module to access OpenSSL multiprecision integer arithmetic libraries

libcrypt-openssl-dsa-perl/stable 0.20-3+b3 arm64
  module which implements the DSA signature verification system

libcrypt-openssl-ec-perl/stable 1.32-1+b7 arm64
  Perl extension for OpenSSL EC (Elliptic Curves) library

libcrypt-openssl-guess-perl/stable 0.15-2 all
  module for guessing OpenSSL include path

libcrypt-openssl-pkcs10-perl/stable 0.26-1+b1 arm64
  Perl extension to OpenSSL's PKCS10 API

libcrypt-openssl-pkcs12-perl/stable 1.94-1+b1 arm64
  Perl extension to OpenSSL's PKCS12 API

libcrypt-openssl-random-perl/stable 0.17-1+b1 arm64
  module to access the OpenSSL pseudo-random number generator

libcrypt-openssl-rsa-perl/stable 0.35-1 arm64
  module for RSA encryption using OpenSSL

libcrypt-openssl-x509-perl/stable 2.0.1-1+b1 arm64
  Perl extension to OpenSSL's X509 API

libcrypt-passwdmd5-perl/stable 1.42-2 all
  interoperable MD5-based crypt() for Perl

libcrypt-pbkdf2-perl/stable 0.261630-1~deb13u1 all
  Perl implementation of PBKDF2 password hash

libcrypt-random-seed-perl/stable 0.03-3 all
  Perl module providing strong randomness for seeding

libcrypt-random-source-perl/stable 0.14-2 all
  get weak or strong random data from pluggable sources

libcrypt-rc4-perl/stable 2.02-5 all
  Perl implementation of the RC4 encryption algorithm

libcrypt-rijndael-perl/stable 1.16-1+b5 arm64
  Perl module implementing the Rijndael algorithm

libcrypt-rsa-parse-perl/stable 0.044-2 all
  Perl module to parse RSA keys

libcrypt-saltedhash-perl/stable 0.09-3 all
  module for handling salted hashes

libcrypt-simple-perl/stable 0.06-8 all
  Perl library to encrypt stuff simply

libcrypt-smbhash-perl/stable 0.12-4.1 all
  generate LM/NT hash of a password for samba

libcrypt-smime-perl/stable 0.31-1 arm64
  S/MIME message signing, verification, encryption and decryption module

libcrypt-ssleay-perl/stable 0.73.06-2+b4 arm64
  OpenSSL support for LWP

libcrypt-twofish-perl/stable 2.18-1+b5 arm64
  Perl module for Twofish Encryption Algorithm

libcrypt-u2f-server-perl/stable 0.47-1+b1 arm64
  Perl module to register and authenticate U2F compatible devices

libcrypt-unixcrypt-perl/stable 1.0-8 all
  Perl-only implementation of the crypt(3) function

libcrypt-unixcrypt-xs-perl/stable 0.11-3+b4 arm64
  Perl XS interface that implements crypt() function

libcrypt-urandom-perl/stable 0.54-1+deb13u1 arm64
  module that provides non blocking randomness

libcrypt-urandom-token-perl/stable 0.005-1 all
  module to generate secure strings for passwords, secrets and similar

libcrypt-util-perl/stable 0.11-5 all
  lightweight Crypt/Digest convenience API

libcrypt-x509-perl/stable 0.55-1 all
  Parse X.509 certificates with Perl

libcrypt-xxhash-perl/stable 0.07-2 arm64
  xxHash implementation for Perl

libcrypt1/stable,now 1:4.4.38-1 arm64 [installed]
  libcrypt shared library

libcryptacular-java/stable 1.2.7-1 all
  high level, general purpose Java cryptographic library

libcryptacular-java-doc/stable 1.2.7-1 all
  high level, general purpose Java cryptographic library - documentation

libcryptgps-ocaml-dev/stable 0.2.1-13+b3 arm64
  OCaml implementation of symmetric cryptographic algorithms: Blowfish, DES, 3DES

libcrypto++-dev/stable 8.9.0-2 arm64
  General purpose cryptographic library - C++ development

libcrypto++-doc/stable 8.9.0-2 all
  General purpose cryptographic library - documentation

libcrypto++-utils/stable 8.9.0-2 arm64
  General purpose cryptographic library - utilities and data files

libcrypto++8t64/stable 8.9.0-2 arm64
  General purpose cryptographic library - shared library

libcrypto-equality-clojure/stable 1.0.0-2 all
  Clojure library protecting against timing attacks

libcrypto-random-clojure/stable 1.2.1-1 all
  secure random generator for Clojure

libcryptokit-ocaml/stable 1.20.1-1+b4 arm64
  cryptographic algorithm library for OCaml - runtime

libcryptokit-ocaml-dev/stable 1.20.1-1+b4 arm64
  cryptographic algorithm library for OCaml - development

libcryptominisat5-5.11t64/stable 5.11.21+dfsg1-2 arm64
  SAT solver library

libcryptominisat5-dev/stable 5.11.21+dfsg1-2 arm64
  development files for the CryptoMiniSat SAT solver

libcryptopant-dev/stable 1.3.1-3 arm64
  IP address anonymization (development)

libcryptopant1/stable 1.3.1-3 arm64
  IP address anonymization (library)

libcryptsetup-dev/stable 2:2.7.5-2 arm64
  disk encryption support - development files

libcryptsetup12/stable 2:2.7.5-2 arm64
  disk encryption support - shared library

libcryptui-dev/stable 3.12.2-8+b2 arm64
  UI library for OpenPGP prompts (development)

libcryptui-doc/stable 3.12.2-8 all
  UI library for OpenPGP prompts (documentation)

libcryptui0a/stable 3.12.2-8+b2 arm64
  UI library for OpenPGP prompts

libcryptx-perl/stable 0.085-1+deb13u1 arm64
  Perl module that provides a self-contained cryptographic toolkit

libcsexp-ocaml/stable 1.5.2-4+b4 arm64
  parsing and printing of S-expressions in Canonical form (runtime)

libcsexp-ocaml-dev/stable 1.5.2-4+b4 arm64
  parsing and printing of S-expressions in Canonical form (dev)

libcsfml-audio2.6/stable 2.6.1-1 arm64
  Libraries for the C Binding of SFML - Audio Part

libcsfml-dev/stable 2.6.1-1 arm64
  Libraries for the C Binding of SFML - Development Files

libcsfml-doc/stable 2.6.1-1 all
  Libraries for the C Binding of SFML - Documentation

libcsfml-graphics2.6/stable 2.6.1-1 arm64
  Libraries for the C Binding of SFML - Graphics Part

libcsfml-network2.6/stable 2.6.1-1 arm64
  Libraries for the C Binding of SFML - Network Part

libcsfml-system2.6/stable 2.6.1-1 arm64
  Libraries for the C Binding of SFML - System Part

libcsfml-window2.6/stable 2.6.1-1 arm64
  Libraries for the C Binding of SFML - Window Part

libcsirocsa0/stable 5.15.0+dfsg2-15+b1 arm64
  Scientific plotting library (CSIRO csa library)

libcsironn0/stable 5.15.0+dfsg2-15+b1 arm64
  Scientific plotting library (CSIRO nn library)

libcsmith-dev/stable 2.3.0-8 arm64
  generator of random C programs (development files)

libcsmith0t64/stable 2.3.0-8 arm64
  generator of random C programs (runtime library)

libcsnd-dev/stable 1:6.18.1+dfsg-4 arm64
  development files for Csound -- C++ API

libcsnd6-6.0v5/stable 1:6.18.1+dfsg-4 arm64
  C++ bindings for the Csound API

libcsnd6-java/stable 1:6.18.1+dfsg-4 arm64
  Java bindings for the Csound API

libcsound64-6.0/stable 1:6.18.1+dfsg-4 arm64
  main library for Csound

libcsound64-dev/stable 1:6.18.1+dfsg-4 arm64
  development files for Csound

libcsound64-doc/stable 1:6.18.1+dfsg-4 all
  Csound API documentation

libcss-compressor-perl/stable 0.05-2 all
  Perl extension for CSS minification

libcss-dom-perl/stable 0.17-3 all
  interface to the Document Object Model for Cascading Style Sheets

libcss-inliner-perl/stable 4024-1 all
  module for converting HTML CSS <style> blocks to inline styles

libcss-lessp-perl/stable 0.86-3 all
  LESS for Perl

libcss-minifier-perl/stable 0.01-4 all
  Perl extension for minifying CSS

libcss-minifier-xs-perl/stable 0.13-1+b5 arm64
  XS based CSS minifier

libcss-packer-perl/stable 2.09-2 all
  fast pure perl CSS cleaner

libcss-parser-pp0v5/stable 0.87-4+b2 arm64
  simple CSS1 parser library for C++

libcss-parser0/stable 0.87-4+b2 arm64
  simple CSS1 parser library for C

libcss-perl/stable 1.09-2 all
  object oriented access to Cascading Style Sheets (CSS)

libcss-squish-perl/stable 0.10-1 all
  module to compact many CSS files into one big file

libcss-tiny-perl/stable 1.20-3 all
  Perl module to read/write .css files with as little code as possible

libcssparser-java/stable 0.9.29-1 all
  Java CSS2 Parser

libcstruct-ocaml/stable 6.2.0-3+b9 arm64
  access C-like structures directly from OCaml (runtime)

libcstruct-ocaml-dev/stable 6.2.0-3+b9 arm64
  access C-like structures directly from OCaml (dev)

libcsv-dev/stable 3.0.3+dfsg-6+b3 arm64
  CSV parser and writer library - development files

libcsv-java/stable 2.1-2 all
  CSV IO library for Java

libcsv-java-doc/stable 2.1-2 all
  CSV IO library for Java (documentation)

libcsv-ocaml-dev/stable 2.4-3+b4 arm64
  library to read and write CSV files in OCaml

libcsv3/stable 3.0.3+dfsg-6+b3 arm64
  CSV parser and writer library

libcsvjdbc-java/stable 1.0.37-1 all
  read-only JDBC driver that uses CSV or DBF files as database tables

libct4/stable 1.3.17+ds-2+deb13u1 arm64
  libraries for connecting to MS SQL and Sybase SQL servers

libctapimkt1/stable 1.0.5~rc1-9+b3 arm64
  Read German Krankenversichertenkarte and eGK

libctapimkt1-dev/stable 1.0.5~rc1-9+b3 arm64
  Read German Krankenversichertenkarte and eGK (development)

libctemplate-dev/stable 2.4-4 arm64
  Simple but powerful template language for C++ - development files

libctemplate3t64/stable 2.4-4 arm64
  Simple but powerful template language for C++

libctf-nobfd0/stable,now 2.44-3 arm64 [installed,automatic]
  Compact C Type Format library (runtime, no BFD dependency)

libctf-nobfd0-dbg/stable 2.44-3 arm64
  Compact C Type Format library (debug symbols, no BFD dependency)

libctf0/stable,now 2.44-3 arm64 [installed,automatic]
  Compact C Type Format library (runtime, BFD dependency)

libctf0-dbg/stable 2.44-3 arm64
  Compact C Type Format library (debug symbols, BFD dependency)

libctl-dev/stable 4.5.1-3 arm64
  library for flexible control files, development version

libctl-doc/stable 4.5.1-3 all
  library for flexible control files, documentation

libctl7t64/stable 4.5.1-3 arm64
  library for flexible control files

libctpl-data/stable 0.3.5+dfsg-2 all
  template engine written in C

libctpl-dev/stable 0.3.5+dfsg-2 arm64
  template engine written in C, development files

libctpl-doc/stable 0.3.5+dfsg-2 all
  template engine written in C, documentation files

libctpl2t64/stable 0.3.5+dfsg-2 arm64
  template engine written in C

libctre-dev/stable 3.9.0+ds-2 all
  Compile Time Regular Expression library in C++ (development files)

libctre-doc/stable 3.9.0+ds-2 all
  Compile Time Regular Expression library in C++ (documentation)

libctypes-ocaml/stable 0.23.0-1+b2 arm64
  library for binding to C libraries using pure OCaml (runtime)

libctypes-ocaml-dev/stable 0.23.0-1+b2 arm64
  library for binding to C libraries using pure OCaml (dev)

libcu++-dev/stable 2.3.2-2 all
  NVIDIA C++ Standard Library

libcub-dev/stable 2.3.2-2 all
  reusable software components for the CUDA programming model

libcubature-dev/stable 1.0.4+ds-2 arm64
  Multi-dimensional adaptive integration (cubature) in C

libcubature0/stable 1.0.4+ds-2 arm64
  Multi-dimensional adaptive integration (cubature) in C (shared lib)

libcubeb-dev/stable 0.0~git20250401.975a727+ds-1 arm64
  cross platform audio library - development files

libcubeb-doc/stable 0.0~git20250401.975a727+ds-1 all
  cross platform audio library - documentation

libcubeb0/stable 0.0~git20250401.975a727+ds-1 arm64
  cross platform audio library

libcuckoo-dev/stable 0.3.1-3 all
  high-performance, concurrent hash table (header-only) library

libcucumber-tagexpressions-perl/stable 6.1.0-1 all
  library for parsing and evaluating cucumber tag expressions

libcudf-dev/stable 0.10-6+b1 arm64
  C library to access descriptions of package upgrade problems

libcudf-ocaml-dev/stable 0.10-6+b1 arm64
  OCaml library to access descriptions of package upgrade problems

libcue-dev/stable 2.2.1-4.1+b2 arm64
  CUE Sheet Parser Library - development files

libcue2/stable 2.2.1-4.1+b2 arm64
  CUE Sheet Parser Library

libcunit1/stable 2.1-3-dfsg-2.7+b1 arm64
  Unit Testing Library for C

libcunit1-dev/stable 2.1-3-dfsg-2.7+b1 arm64
  Unit Testing Library for C -- development files

libcunit1-doc/stable 2.1-3-dfsg-2.7 all
  Unit Testing Library for C -- documentation

libcunit1-ncurses/stable 2.1-3-dfsg-2.7+b1 arm64
  Unit Testing Library for C (ncurses)

libcunit1-ncurses-dev/stable 2.1-3-dfsg-2.7+b1 arm64
  Unit Testing Library for C (ncurses) -- development files

libcups2-dev/stable 2.4.10-3+deb13u2 arm64
  Common UNIX Printing System(tm) - Development files CUPS library

libcups2t64/stable,now 2.4.10-3+deb13u2 arm64 [installed,automatic]
  Common UNIX Printing System(tm) - Core library

libcupsfilters-dev/stable 1.28.17-6+deb13u1 arm64
  OpenPrinting CUPS Filters - Development files for the library

libcupsfilters-tests/stable 2.0.0-3+deb13u1 arm64
  OpenPrinting libcupsfilters - Test programs for autopkgtests

libcupsfilters1t64/stable 1.28.17-6+deb13u1 arm64
  OpenPrinting CUPS Filters - Shared library

libcupsfilters2/stable 2.0.0-3+deb13u1 arm64
  OpenPrinting libcupsfilters - Shared library

libcupsfilters2-common/stable 2.0.0-3+deb13u1 all
  OpenPrinting libcupsfilters - Auxiliary files

libcupsfilters2-dev/stable 2.0.0-3+deb13u1 arm64
  OpenPrinting libcupsfilters - Development files for the library

libcupsimage2-dev/stable 2.4.10-3+deb13u2 arm64
  Common UNIX Printing System(tm) - Development files CUPS image library

libcupsimage2t64/stable 2.4.10-3+deb13u2 arm64
  Common UNIX Printing System(tm) - Raster image library

libcupt-common/stable 2.10.4+nmu2 all
  flexible package manager -- runtime library (support files)

libcupt4-2-downloadmethod-curl/stable 2.10.4+nmu2+b2 arm64
  flexible package manager -- libcurl download method

libcupt4-2-downloadmethod-wget/stable 2.10.4+nmu2+b2 arm64
  flexible package manager -- wget download method

libcupt4-2t64/stable 2.10.4+nmu2+b2 arm64
  flexible package manager -- runtime library

libcupt4-dev/stable 2.10.4+nmu2+b2 arm64
  flexible package manager -- development files

libcupt4-doc/stable 2.10.4+nmu2 all
  flexible package manager -- library documentation

libcurator-client-java/stable 5.7.1+ds-1 all
  Apache Curator Client

libcurator-discovery-java/stable 5.7.1+ds-1 all
  Apache Curator Service Discovery

libcurator-framework-java/stable 5.7.1+ds-1 all
  Apache Curator Framework

libcurator-parent-java/stable 5.7.1+ds-1 all
  Apache Curator Parent

libcurator-recipes-java/stable 5.7.1+ds-1 all
  Apache Curator Recipes

libcurator-test-java/stable 5.7.1+ds-1 all
  Apache Curator Testing Utilities

libcurl-ocaml/stable 0.9.2-3+b18 arm64
  OCaml curl bindings (Runtime Library)

libcurl-ocaml-dev/stable 0.9.2-3+b18 arm64
  OCaml libcurl bindings (Development package)

libcurl3t64-gnutls/stable 8.14.1-2+deb13u4 arm64 [upgradable from: 8.14.1-2+deb13u3]
  easy-to-use client-side URL transfer library (GnuTLS flavour)

libcurl4-doc/stable 8.14.1-2+deb13u4 all
  documentation for libcurl

libcurl4-gnutls-dev/stable 8.14.1-2+deb13u4 arm64
  development files and documentation for libcurl (GnuTLS flavour)

libcurl4-openssl-dev/stable 8.14.1-2+deb13u4 arm64
  development files and documentation for libcurl (OpenSSL flavour)

libcurl4t64/stable 8.14.1-2+deb13u4 arm64 [upgradable from: 8.14.1-2+deb13u3]
  easy-to-use client-side URL transfer library (OpenSSL flavour)

libcurlpp-dev/stable 0.8.1-6 arm64
  c++ wrapper for libcurl (development files)

libcurlpp0t64/stable 0.8.1-6 arm64
  c++ wrapper for libcurl

libcurry-perl/stable 2.000001-2 all
  module to create automatic curried method call closures for any class or object

libcurses-ocaml/stable 1.0.11-4+b4 arm64
  OCaml bindings for the ncurses library (runtime)

libcurses-ocaml-dev/stable 1.0.11-4+b4 arm64
  OCaml bindings for the ncurses library

libcurses-perl/stable 1.45-1+b1 arm64
  Curses interface for Perl

libcurses-ui-perl/stable 0.9609-1.1 all
  curses-based OO user interface framework for Perl

libcurses-widgets-perl/stable 1.997-8 all
  Curses widget interface for Perl

libcurvesapi-java/stable 1.06-1 all
  Java implementation of mathematical curves defined over a set of control points

libcutl-1.10/stable 1.10.0+ds1-5+b5 arm64
  C++ utility library

libcutl-dev/stable 1.10.0+ds1-5+b5 arm64
  C++ utility library, development files

libcv-bridge-dev/stable 1.16.2+ds-3+b7 arm64
  cv_bridge Robot OS package - development

libcv-bridge2d/stable 1.16.2+ds-3+b7 arm64
  cv_bridge Robot OS package

libcvc0t64/stable 6.4.1-1 arm64
  Cinnamon pulseaudio abstraction library

libcvc4-7/stable 1.8-3+b4 arm64
  automated theorem prover for SMT problems (runtime)

libcvc4-dev/stable 1.8-3+b4 arm64
  automated theorem prover for SMT problems (development files)

libcvc4parser7/stable 1.8-3+b4 arm64
  automated theorem prover for SMT problems (parser runtime)

libcvc5-1/stable 1.1.2-2+b3 arm64
  automated theorem prover for SMT problems (runtime)

libcvc5-dev/stable 1.1.2-2+b3 arm64
  automated theorem prover for SMT problems (development files)

libcvc5parser1/stable 1.1.2-2+b3 arm64
  automated theorem prover for SMT problems (parser runtime)

libcvd-dev/stable 0.0~git20221020150751.30e8cfc+ds1-1+b4 arm64
  C++ library for computer vision, image, and video processing - devel files

libcvd-tools/stable 0.0~git20221020150751.30e8cfc+ds1-1+b4 arm64
  C++ library for computer vision, image, and video processing - tools

libcvd2/stable 0.0~git20221020150751.30e8cfc+ds1-1+b4 arm64
  C++ library for computer vision, image, and video processing - shared library

libcvector-dev/stable 1.0.4.1-2+b2 arm64
  ANSI C implementation of dynamic arrays (development files)

libcvector2/stable 1.0.4.1-2+b2 arm64
  ANSI C implementation of dynamic arrays

libcvs-perl/stable 0.07-5 all
  object oriented Perl interface to the CVS command

libcvtapi-dev/stable 0.0~git20230329.226eda8-1.1+b2 arm64
  VirusTotal C API library (development)

libcvtapi1t64/stable 0.0~git20230329.226eda8-1.1+b2 arm64
  VirusTotal C API library

libcw-dev/stable 3.6.1-2+b1 arm64
  Morse code tutor - development files

libcw8/stable 3.6.1-2+b1 arm64
  Morse code tutor - shared library

libcwd-guard-perl/stable 0.05-4 all
  module for temporarily changing working directory (chdir)

libcwidget-dev/stable 0.5.18-6+b2 arm64
  high-level terminal interface library for C++ (development files)

libcwidget-doc/stable 0.5.18-6 all
  high-level terminal interface library for C++ (documentation)

libcwidget4/stable 0.5.18-6+b2 arm64
  high-level terminal interface library for C++ (runtime files)

libcwiid-dev/stable 0.6.91-11 arm64
  library to interface with the wiimote -- development files

libcwiid1t64/stable 0.6.91-11 arm64
  library to interface with the wiimote -- runtime files

libcxl-dev/stable 81-1 arm64
  Development files for libcxl

libcxl1/stable 81-1 arm64
  utility library for managing Compute Express Link devices

libcxsparse4/stable 1:7.10.1+dfsg-1 arm64
  concise sparse matrix library

libcxx-serial-dev/stable 1.2.1-8+b2 arm64
  Cross-platform, Serial Port library written in C++ (devel)

libcxx-serial1/stable 1.2.1-8+b2 arm64
  Cross-platform, Serial Port library written in C++ (runtime)

libcxxopts-dev/stable 3.2.1-1 all
  Lightweight C++ option parser library

libcxxtools-dev/stable 3.0.0-3+b2 arm64
  library of unrelated but useful C++ classes (development files)

libcxxtools10/stable 3.0.0-3+b2 arm64
  library of unrelated but useful C++ classes (library)

libcyaml-dev/stable 1.4.2-1 arm64
  library to read and write YAML documents (development files)

libcyaml-doc/stable 1.4.2-1 all
  documentation for libcyaml1

libcyaml1/stable 1.4.2-1 arm64
  library to read and write YAML documents (shared library)

libcycloneddsidl0t64/stable 0.10.5-1+b2 arm64
  Eclipse Cyclone DDS IDL library

libcyrus-imap-perl/stable 3.10.2-1 arm64
  Interface to Cyrus imap client imclient library

libczmq-dev/stable 4.2.1-3+b1 arm64
  High-level C binding for ZeroMQ (development files)

libczmq4/stable 4.2.1-3+b1 arm64
  High-level C binding for ZeroMQ

libdb1-compat/stable 2.1.3-25+b1 arm64
  Berkeley database routines [glibc 2.0/2.1 compatibility]

libdevice-cdio-perl/stable 2.0.0-2+b5 arm64
  CD Input and control library

libepics-perl/stable 7.0.8.1+dfsg1-7+deb13u1 arm64
  EPICS perl module

libfakechroot/stable 2.20.1+ds-18 arm64
  gives a fake chroot environment - runtime

libfcgi-perl/stable,now 0.82+ds-3+b2 arm64 [installed,automatic]
  helper module for FastCGI

libfetk1.9t64/stable 3.4.1-6+b3 arm64
  FETK libraries for APBS (shared libraries)

libgetopt-java/stable 1.0.14+dfsg-6 all
  GNU getopt - Java port

libghc-cmark-dev/stable 0.6.1+ds1-2+b1 arm64
  fast, accurate CommonMark (Markdown) parser and renderer

libghc-cmark-doc/stable 0.6.1+ds1-2 all
  fast, accurate CommonMark (Markdown) parser and renderer; documentation

libghc-cmark-gfm-dev/stable 0.2.6+ds1-1 arm64
  fast, accurate GitHub Flavored Markdown parser and renderer

libghc-cmark-gfm-doc/stable 0.2.6+ds1-1 all
  fast, accurate GitHub Flavored Markdown parser and renderer; documentation

libghc-cmark-gfm-prof/stable 0.2.6+ds1-1 arm64
  fast, accurate GitHub Flavored Markdown parser and renderer; profiling libraries

libghc-cmark-prof/stable 0.6.1+ds1-2+b1 arm64
  fast, accurate CommonMark (Markdown) parser and renderer; profiling libraries

libghc-curl-dev/stable 1.3.8-15+b1 arm64
  GHC libraries for the libcurl Haskell bindings

libghc-curl-doc/stable 1.3.8-15 all
  Documentation for the libcurl Haskell bindings; documentation

libghc-curl-prof/stable 1.3.8-15+b1 arm64
  Profiling libraries for the libcurl Haskell bindings; profiling libraries

libghc-hxt-curl-dev/stable 9.1.1.1-13+b1 arm64
  LibCurl interface for HXT

libghc-hxt-curl-doc/stable 9.1.1.1-13 all
  LibCurl interface for HXT; documentation

libghc-hxt-curl-prof/stable 9.1.1.1-13+b1 arm64
  LibCurl interface for HXT; profiling libraries

libghc-regex-tdfa-dev/stable 1.3.2.2-2+b1 arm64
  Haskell library for a tagged DFA regex engine

libghc-regex-tdfa-doc/stable 1.3.2.2-2 all
  Haskell library for a tagged DFA regex engine; documentation

libghc-regex-tdfa-prof/stable 1.3.2.2-2+b1 arm64
  Haskell library for a tagged DFA regex engine; profiling libraries

libghc-resolv-dev/stable 0.2.0.2-2+b1 arm64
  Domain Name Service (DNS) lookup via libresolv

libghc-resolv-doc/stable 0.2.0.2-2 all
  Domain Name Service (DNS) lookup via libresolv; documentation

libghc-resolv-prof/stable 0.2.0.2-2+b1 arm64
  Domain Name Service (DNS) lookup via libresolv; profiling libraries

libgomp-plugin-nvptx1/stable 14.2.0-19 arm64
  GCC OpenMP v4.5 plugin for offloading to NVPTX

libgsound-dev/stable 1.0.3-3.2+b4 arm64
  small library for playing system sounds (devel)

libgsound-doc/stable 1.0.3-3.2 all
  small library for playing system sounds (documentation)

libgsound0t64/stable 1.0.3-3.2+b4 arm64
  small library for playing system sounds

libhtml-packer-perl/stable 2.110000-1 all
  perl module for cleaning the HTML code

libimage-exiftool-perl/stable 13.25+dfsg-1 all
  library and program to read and write meta information in multimedia files

libini-config-dev/stable 0.6.2-3 arm64
  Development files for libini_config

libini-config5t64/stable 0.6.2-3 arm64
  INI file parser for C

libio-captureoutput-perl/stable 1.1105-3 all
  module for capturing STDOUT and STDERR from Perl code, subprocesses or XS

libite-dev/stable 2.6.1-1 arm64
  static library, header files, and docs for libite

libite5t64/stable 2.6.1-1 arm64
  That missing frog DNA you've been looking for

libjsmn-dev/stable 1.1.0-2 all
  header-only JSON library

libjsonrpccpp-client0t64/stable 0.7.0-2.2+b3 arm64
  library implementing json-rpc C++ clients

libkeepalive0/stable 0.3-2 arm64
  enable tcp keepalive support in programs using shared libraries

libklibc/stable 2.0.14-1 arm64
  minimal libc subset for use with initramfs

libklibc-dev/stable 2.0.14-1 arm64
  kernel headers used during the build of klibc

liblinux-prctl-perl/stable 1.6.0-5 arm64
  Perl extension for controlling process characteristics

libllvmlibc-18-dev/stable 1:18.1.8-18+b1 arm64
  LLVM C Library - dev package

libllvmlibc-19-dev/stable 1:19.1.7-3+b1 arm64
  LLVM C Library - dev package

liblocale-gettext-perl/stable,now 1.07-7+b1 arm64 [installed,automatic]
  module using libc functions for internationalization in Perl

libmatthew-java-doc/stable 0.8.1-4 all
  API documentation for the libmatthew-java libraries

libmono-posix4.0-cil/stable 6.12.0.199+dfsg-6 all
  Mono.Posix library (for CLI 4.0)

libmoosex-semiaffordanceaccessor-perl/stable 0.10-2 all
  Perl module to generate accessors automatically

libnsl2/stable 1.3.0-3+b3 arm64
  Public client interface for NIS(YP) and NIS+

libnss-mdns/stable 0.15.1-4+b1 arm64
  NSS module for Multicast DNS name resolution

libnss-mymachines/stable 257.13-1~deb13u1 arm64
  nss module to resolve hostnames for local container instances

libnss-nis/stable 3.1-5+b1 arm64
  NSS module for using NIS as a naming service

libnss-nisplus/stable 1.3-5+b2 arm64
  NSS module for using NIS+ as a naming service

libnss-resolve/stable 257.13-1~deb13u1 arm64
  nss module to resolve names via systemd-resolved

libnss-systemd/stable 257.13-1~deb13u1 arm64
  nss module providing dynamic user and group name resolution

libnss-tls/stable 1.1-3+b3 arm64
  NSS module for encrypted DNS name resolution

libpam-cap/stable 1:2.75-10+deb13u1+b1 arm64
  POSIX 1003.1e capabilities (PAM module)

libpam-cgroup/stable 3.1.0-2+b2 arm64
  control and monitor control groups (PAM)

libpbdata-dev/stable 5.3.5+dfsg-10 arm64
  tools for handling PacBio sequences (development files)

libpbihdf-dev/stable 5.3.5+dfsg-10 arm64
  tools for handling PacBio hdf5 files (development files)

libpbseq/stable 5.3.5+dfsg-10 arm64
  library for analyzing PacBio sequencing data

libpbseq-dev/stable 5.3.5+dfsg-10 arm64
  library for analyzing PacBio sequencing data (development files)

libproxychains4/stable 4.17-3 arm64
  runtime shared library for proxychains-ng

libpthread-stubs0-dev/stable 0.5-1 arm64
  pthread stubs not provided by native libc, development files

libpurelibc-dev/stable 1.0.8-1+b1 arm64
  Overlay library for glibc that allows system call capturing - development

libpurelibc1/stable 1.0.8-1+b1 arm64
  Overlay library for glibc that allows system call capturing

librepo-dev/stable 1.20.0-1~deb13u1 arm64
  librepo - development files

librepo-doc/stable 1.20.0-1~deb13u1 all
  Documentation for the librepo library (common documentation)

librepo0/stable 1.20.0-1~deb13u1 arm64
  librepo - shared library

libresource-retriever-dev/stable 1.12.7-6 arm64
  Robot OS resource_retriever library - development files

libresource-retriever0d/stable 1.12.7-6 arm64
  Robot OS resource_retriever library

librtpi-dev/stable 1.0.0-3+b1 arm64
  realtime capable pthread locking primitives (dev)

librtpi1/stable 1.0.0-3+b1 arm64
  realtime capable pthread locking primitives (lib)

librust-cairo-sys-rs-0.18-dev/stable 0.18.2-1+b1 arm64
  FFI bindings to libcairo - Rust source code

librust-cairo-sys-rs-dev/stable 0.20.7-1 arm64
  FFI bindings to libcairo - Rust source code

librust-capng-dev/stable 0.2.3-1+b2 arm64
  Rust wrapper for libcap-ng - Rust source code

librust-clang-sys-dev/stable 1.8.1-3 arm64
  Rust bindings for libclang - Rust source code

librust-core-error-dev/stable 0.0.0-1+b2 arm64
  Std::error::Error for libcore - Rust source code

librust-csv-core+libc-dev/stable 0.1.11-1 arm64
  Bare bones CSV parsing with no_std support - feature "libc"

librust-curl+http2-dev/stable 0.4.44-5 arm64
  Rust bindings to libcurl for making HTTP requests - feature "http2"

librust-curl+openssl-probe-dev/stable 0.4.44-5 arm64
  Rust bindings to libcurl for making HTTP requests - feature "openssl-probe"

librust-curl+openssl-sys-dev/stable 0.4.44-5 arm64
  Rust bindings to libcurl for making HTTP requests - feature "openssl-sys"

librust-curl+ssl-dev/stable 0.4.44-5 arm64
  Rust bindings to libcurl for making HTTP requests - feature "ssl" and 1 more

librust-curl+static-curl-dev/stable 0.4.44-5 arm64
  Rust bindings to libcurl for making HTTP requests - feature "static-curl"

librust-curl+static-ssl-dev/stable 0.4.44-5 arm64
  Rust bindings to libcurl for making HTTP requests - feature "static-ssl"

librust-curl-dev/stable 0.4.44-5 arm64
  Rust bindings to libcurl for making HTTP requests - Rust source code

librust-curl-sys+http2-dev/stable 0.4.67-3 arm64
  Native bindings to the libcurl library - feature "http2" and 1 more

librust-curl-sys+openssl-sys-dev/stable 0.4.67-3 arm64
  Native bindings to the libcurl library - feature "openssl-sys" and 3 more

librust-curl-sys-dev/stable 0.4.67-3 arm64
  Native bindings to the libcurl library - Rust source code

librust-dns-lookup-dev/stable 1.0.8-4+b2 arm64
  Simple dns resolving api, much like rust's unstable api - Rust source code

librust-fs4-dev/stable 0.11.1-2 arm64
  No libc, pure Rust cross-platform file locks - Rust source code

librust-git2-curl-dev/stable 0.21.0-2 arm64
  Backend for an HTTP transport in libgit2 powered by libcurl - Rust source code

librust-libc-dev/stable 0.2.169-1 arm64
  Rust bindings to libc - Rust source code

librust-libc-print-dev/stable 0.1.20-1+b2 arm64
  println! and eprintln! macros suitable for #![no_std] - Rust source code

librust-libcst-derive-dev/stable 0.1.0-1+b3 arm64
  Proc macro helpers for libcst - Rust source code

librust-libcst-dev/stable 0.1.0-1+b3 arm64
  Python parser and Concrete Syntax Tree library - Rust source code

librust-link-cplusplus-dev/stable 1.0.10-1 arm64
  Link libstdc++ or libc++ automatically or manually - Rust source code

librust-sysctl-dev/stable 0.5.5-2 arm64
  Simplified interface to libc::sysctl - Rust source code

librust-tz-rs-dev/stable 0.6.14-1+b1 arm64
  Pure Rust reimplementation of libc functions localtime, gmtime and mktime - Rust source code

librust-vsprintf-dev/stable 2.0.0-1+b2 arm64
  Rust bindings to the libc vsprintf function - Rust source code

libsafec-dev/stable 3.9.1-1 arm64
  "safe" C libc extensions (Annex K) - dev

libsafec3t64/stable 3.9.1-1 arm64
  "safe" C libc extensions (Annex K)

libsoftware-copyright-perl/stable 0.015-1 all
  Perl module to manage copyright statements

libspa-0.2-libcamera/stable 1.4.2-1 arm64
  libraries for the PipeWire multimedia server - libcamera plugin

libssl-dev/stable 3.5.6-1~deb13u2 arm64
  Secure Sockets Layer toolkit - development files

libssl-doc/stable 3.5.6-1~deb13u2 all
  Secure Sockets Layer toolkit - development documentation

libssl3t64/stable 3.5.6-1~deb13u2 arm64 [upgradable from: 3.5.6-1~deb13u1]
  Secure Sockets Layer toolkit - shared libraries

libstdc++-arm-none-eabi-picolibc/stable 15:14.2.rel1-1+29 all
  GNU Standard C++ Library v3 for ARM Cortex-R/M processors (picolibc)

libstdc++-riscv64-unknown-elf-picolibc/stable 14.2.0+7 all
  GNU Standard C++ Library v3 for Risc-V (picolibc)

libstring-scanf-perl/stable 2.1-3 all
  module to implement C-like sscanf() in Perl

libstrongswan-extra-plugins/stable 6.0.1-6+deb13u6 arm64
  strongSwan utility and crypto library (extra plugins)

libtext-charwidth-perl/stable,now 0.04-11+b4 arm64 [installed,automatic]
  get display widths of characters on the terminal

libtext-iconv-perl/stable,now 1.7-8+b4 arm64 [installed,automatic]
  module to convert between character sets in Perl

libtoon-dev/stable 0.0~git20220106104723.370dcd9-3+b1 arm64
  C++ numerics library designed for large numbers of small matrices

libtoontag-dev/stable 0.0~git20220105193632.41237ef-2.1+b1 arm64
  TooN Algorithm Library - development files

libtoontag0t64/stable 0.0~git20220105193632.41237ef-2.1+b1 arm64
  TooN Algorithm Library - shared library

libucommon-dev/stable 7.0.1-0.4+b1 arm64
  lightweight C++ threading and sockets - development files

libucommon8t64/stable 7.0.1-0.4+b1 arm64
  lightweight C++ threading and sockets - shared libraries

libulfius-dev/stable 2.7.15-2.2+b2 arm64
  Web Framework for REST Applications in C - development

libulfius2.7t64/stable 2.7.15-2.2+b2 arm64
  Web Framework for REST Applications in C

libunix-syslog-perl/stable 1.1-4+b4 arm64
  Perl interface to the UNIX syslog(3) calls

libwildmagic-dev/stable 5.17+cleaned1-7+b2 arm64
  libraries for mathematics, physics, numerical methods - dev files

libwildmagic5/stable 5.17+cleaned1-7+b2 arm64
  libraries for mathematics, physics, numerical methods - runtime

libwww-curl-perl/stable 4.17-12 arm64
  Perl bindings to libcurl

libxcrypt-source/stable 1:4.4.38-1 all
  libcrypt shared library: sources

libxine2-console/stable 1.2.13+hg20240723-3+b1 arm64
  libaa/libcaca/framebuffer related plugins for libxine2

libyascreen-dev/stable 2.06-1 arm64
  Yet Another Screen Library (lib(n)curses alternative)

libyascreen0/stable 2.06-1 arm64
  Yet Another Screen Library - development files

libzycore-dev/stable 1.5.2-1 arm64
  Zyan Core Library for C - development

libzycore-doc/stable 1.5.2-1 all
  Zyan Core Library for C - documentation

libzycore1.5/stable 1.5.2-1 arm64
  Zyan Core Library for C

libzydis-dev/stable 4.1.1-1 arm64
  fast and lightweight x86/x86-64 disassembler library - development

libzydis-doc/stable 4.1.1-1 all
  fast and lightweight x86/x86-64 disassembler library - documentation

libzydis4.1/stable 4.1.1-1 arm64
  fast and lightweight x86/x86-64 disassembler library

linux-libc-dev/stable,now 6.12.94-1 all [installed,automatic]
  Linux support headers for userspace development

linux-libc-dev-alpha-cross/stable 6.12.38-1cross1 all
  Linux Kernel Headers for development (for cross-compiling)

linux-libc-dev-amd64-cross/stable 6.12.38-1cross1 all
  Linux Kernel Headers for development (for cross-compiling)

linux-libc-dev-arc-cross/stable 6.12.38-1cross1 all
  Linux Kernel Headers for development (for cross-compiling)

linux-libc-dev-arm64-cross/stable 6.12.38-1cross1 all
  Linux Kernel Headers for development (for cross-compiling)

linux-libc-dev-armel-cross/stable 6.12.38-1cross1 all
  Linux Kernel Headers for development (for cross-compiling)

linux-libc-dev-armhf-cross/stable 6.12.38-1cross1 all
  Linux Kernel Headers for development (for cross-compiling)

linux-libc-dev-hppa-cross/stable 6.12.38-1cross1 all
  Linux Kernel Headers for development (for cross-compiling)

linux-libc-dev-i386-cross/stable 6.12.38-1cross1 all
  Linux Kernel Headers for development (for cross-compiling)

linux-libc-dev-loong64-cross/stable 6.12.38-1cross1 all
  Linux Kernel Headers for development (for cross-compiling)

linux-libc-dev-m68k-cross/stable 6.12.38-1cross1 all
  Linux Kernel Headers for development (for cross-compiling)

linux-libc-dev-mips-cross/stable 6.12.8-1cross1 all
  Linux Kernel Headers for development (for cross-compiling)

linux-libc-dev-mips64-cross/stable 6.12.8-1cross1 all
  Linux Kernel Headers for development (for cross-compiling)

linux-libc-dev-mips64el-cross/stable 6.12.8-1cross1 all
  Linux Kernel Headers for development (for cross-compiling)

linux-libc-dev-mips64r6-cross/stable 6.12.8-1cross1 all
  Linux Kernel Headers for development (for cross-compiling)

linux-libc-dev-mips64r6el-cross/stable 6.12.8-1cross1 all
  Linux Kernel Headers for development (for cross-compiling)

linux-libc-dev-mipsel-cross/stable 6.12.8-1cross1 all
  Linux Kernel Headers for development (for cross-compiling)

linux-libc-dev-mipsn32-cross/stable 6.12.8-1cross1 all
  Linux Kernel Headers for development (for cross-compiling)

linux-libc-dev-mipsn32el-cross/stable 6.12.8-1cross1 all
  Linux Kernel Headers for development (for cross-compiling)

linux-libc-dev-mipsn32r6-cross/stable 6.12.8-1cross1 all
  Linux Kernel Headers for development (for cross-compiling)

linux-libc-dev-mipsn32r6el-cross/stable 6.12.8-1cross1 all
  Linux Kernel Headers for development (for cross-compiling)

linux-libc-dev-mipsr6-cross/stable 6.12.8-1cross1 all
  Linux Kernel Headers for development (for cross-compiling)

linux-libc-dev-mipsr6el-cross/stable 6.12.8-1cross1 all
  Linux Kernel Headers for development (for cross-compiling)

linux-libc-dev-powerpc-cross/stable 6.12.38-1cross1 all
  Linux Kernel Headers for development (for cross-compiling)

linux-libc-dev-ppc64-cross/stable 6.12.38-1cross1 all
  Linux Kernel Headers for development (for cross-compiling)

linux-libc-dev-ppc64el-cross/stable 6.12.38-1cross1 all
  Linux Kernel Headers for development (for cross-compiling)

linux-libc-dev-riscv64-cross/stable 6.12.38-1cross1 all
  Linux Kernel Headers for development (for cross-compiling)

linux-libc-dev-s390x-cross/stable 6.12.38-1cross1 all
  Linux Kernel Headers for development (for cross-compiling)

linux-libc-dev-sh4-cross/stable 6.12.38-1cross1 all
  Linux Kernel Headers for development (for cross-compiling)

linux-libc-dev-sparc64-cross/stable 6.12.38-1cross1 all
  Linux Kernel Headers for development (for cross-compiling)

linux-libc-dev-x32-cross/stable 6.12.38-1cross1 all
  Linux Kernel Headers for development (for cross-compiling)

linuxinfo/stable 4.2.2-1 arm64
  Displays extended system information

lua-curl/stable 0.3.0-12+b3 arm64
  libcURL bindings for the Lua language

lua-curl-dev/stable 0.3.0-12+b3 arm64
  libcURL development files for the Lua language

manpages-cs-dev/stable 4.27.0-1 all
  Czech development manpages

manpages-da-dev/stable 4.27.0-1 all
  Danish development manpages

manpages-de-dev/stable 4.27.0-1 all
  German development manpages

manpages-dev/stable,now 6.9.1-1 all [installed,automatic]
  Manual pages about using GNU/Linux for development

manpages-es-dev/stable 4.27.0-1 all
  Spanish development manpages

manpages-fr-dev/stable 4.27.0-1 all
  French development manpages

manpages-it-dev/stable 4.27.0-1 all
  Italian development manpages

manpages-ja-dev/stable 0.5.0.0.20221215+dfsg-1 all
  Japanese version of the manual pages (for developers)

manpages-ko-dev/stable 4.27.0-1 all
  Korean development manpages

manpages-nl-dev/stable 4.27.0-1 all
  Dutch development manpages

manpages-pl-dev/stable 1:4.27.0-1 all
  Polish development manpages

manpages-pt-br-dev/stable 4.27.0-1 all
  Brazilian Portuguese development manpages

manpages-ro-dev/stable 4.27.0-1 all
  Romanian development manpages

manpages-ru-dev/stable 4.27.0-1 all
  Russian development manpages

manpages-uk-dev/stable 4.27.0-1 all
  Ukrainian development manpages

mksh/stable 59c-41+b2 arm64
  MirBSD Korn Shell

mpdas/stable 0.4.5-1+b3 arm64
  AudioScrobbler client for MPD

node-modern-syslog/stable 1.2.0-4+b5 arm64
  native syslog client library for Node.js

nsncd/stable 1.5.1-1 arm64
  Name service non-caching daemon

nss-tlsd/stable 1.1-3+b3 arm64
  encrypted DNS name resolution daemon

ocaml-compiler-libs/stable 5.3.0-3 all
  transitional package for libcompiler-libs-ocaml-dev

osspd/stable 1.3.3-5 arm64
  OSS Proxy Daemon: Userland OSS emulation

perdition-ldap/stable 2.2-3.4+b2 arm64
  Library to allow perdition to access LDAP based popmaps

perdition-mysql/stable 2.2-3.4+b2 arm64
  Library to allow perdition to access MySQL based popmaps

perdition-odbc/stable 2.2-3.4+b2 arm64
  Library to allow perdition to access ODBC based popmaps

perdition-postgresql/stable 2.2-3.4+b2 arm64
  Library to allow perdition to access PostgreSQL based popmaps

picolibc-aarch64-linux-gnu/stable 1.8.10-2 all
  Smaller embedded C library for 64-bit ARM development

picolibc-arm-none-eabi/stable 1.8.10-2 all
  Smaller embedded C library for ARM development

picolibc-riscv64-unknown-elf/stable 1.8.10-2 all
  Smaller embedded C library for RISC-V development

picolibc-xtensa-lx106-elf/stable 1.8.10-2 all
  Smaller embedded C library for ESP8266 development

pipewire-libcamera/stable 1.4.2-1 all
  transitional package for libspa-0.2-libcamera

proxychains4/stable 4.17-3 arm64
  redirect connections through socks/http proxies (proxychains-ng)

python-libcomps-doc/stable 0.1.21-1 all
  Python 2 and 3 bindings for the libcomps library (common documentation)

python-pycurl-doc/stable 7.45.6-1 all
  Python bindings to libcurl (documentation)

python3-caes/stable 0~20240413-1+b2 arm64
  cross-platform AES encryption library -- Python 3 bindings

python3-cap-ng/stable 0.8.5-4+b1 arm64
  Python3 bindings for libcap-ng

python3-cdio/stable 2.1.1-1.2+b3 arm64
  Python3 interface to libcdio optical media control library

python3-cephfs/stable 18.2.7+ds-1+deb13u1 arm64
  Python 3 libraries for the Ceph libcephfs library

python3-comedilib/stable 0.11.0+5-1.3+b1 arm64
  Python3 wrapper for Comedilib

python3-createrepo-c/stable 1.2.0-2+b1 arm64
  library for creating RPM repository metadata (Python bindings)

python3-django-storages-libcloud/stable 1.14.5-1 all
  storage backends in Django (Libcloud)

python3-libcamera/stable 0.4.0-7 arm64
  complex camera support library (Python bindings)

python3-libcegui-mk2-0.8.7/stable 0.8.7+git20220615-6+b2 arm64
  Crazy Eddie's GUI (Python 3 Bindings)

python3-libcloud/stable 3.8.0+repack-4 all
  unified Python interface into the cloud (Python3 version)

python3-libcomps/stable 0.1.21-1+b3 arm64
  Python bindings for the libcomps library (Python 3)

python3-libconcord/stable 1.5-3.1 all
  Harmony remote configuration tool - Python 3 bindings

python3-libconf/stable 2.0.1-6 all
  Reader/writer for the libconfig format (Python 3)

python3-libcreg/stable 20240419-1+b1 arm64
  library to access Windows 9x/Me Registry files -- Python 3 bindings

python3-libcst/stable 1.4.0-1.2 arm64
  Concrete Syntax Tree (CST) parser and serializer library for Python

python3-librepo/stable 1.20.0-1~deb13u1 arm64
  Python bindings for the librepo library (Python 3)

python3-librepo-doc/stable 1.20.0-1~deb13u1 all
  Python 3 bindings for the librepo library (common documentation)

python3-pycangjie/stable 1.5.0.really.1.5.0-3 arm64
  Python wrapper to libcangjie

python3-pycurl/stable 7.45.6-1 arm64
  Python bindings to libcurl (Python 3)

python3-resource-retriever/stable 1.12.7-6 all
  Robot OS resource_retriever library - Python 3

python3-utmp/stable 0.9-1+b12 arm64
  python module for working with utmp

python3-zopfli/stable 0.2.3.post1-1 arm64
  cPython bindings for zopfli (Python 3)

r-cran-crul/stable 1.5.0+dfsg-1 all
  simple HTTP Client for GNU R

r-cran-curl/stable 6.2.1+dfsg-1 arm64
  GNU R modern and flexible web client for R

r-cran-libcoin/stable 1.0-10-1+b1 arm64
  GNU R linear test statistics for permutation inference

r-cran-openssl/stable 2.3.2+dfsg-1 arm64
  GNU R toolkit for encryption, signatures and certificates based on OpenSSL

r-cran-sparsesvd/stable 0.2-2-1+b1 arm64
  GNU R sparse truncated singular value decomposition

rpcsvc-proto/stable,now 1.4.3-1+b1 arm64 [installed,automatic]
  RPC protocol compiler and definitions

ruby-commonmarker/stable 0.23.10-1+b4 arm64
  CommonMark parser and renderer - Written in C, wrapped in Ruby

ruby-curb/stable 1.0.5-2+b3 arm64
  Ruby libcurl bindings

ruby-ethon/stable 0.16.0-3 all
  libcurl wrapper using ffi

ruby-jekyll-commonmark/stable 1.4.0-2 all
  commonmark markdown converter for jekyll

ruby-pcaprub/stable 0.13.3-1+b2 arm64
  Ruby bindings for LBL Packet Capture library (libpcap)

ruby-typhoeus/stable 1.4.0-6 all
  parallel HTTP library on top of ethon

sdate/stable 0.7+b1 arm64
  never ending September date

sndfile-tools/stable 1.5-4+b1 arm64
  Collection of programs for operating on sound files

snoopy/stable 2.5.2-1 arm64
  execve() wrapper and logger

strongswan-libcharon/stable 6.0.1-6+deb13u6 arm64
  strongSwan charon library

systemd-userdbd/stable 257.13-1~deb13u1 arm64
  dynamic user/group manager

tclcurl/stable 7.22.1-1 arm64
  Tcl bindings to libcurl

tcpflow-nox/stable 1.6.1-3+b2 arm64
  TCP flow recorder - version without X11 dependencies

tillitis-tkey-libs/stable 0.1.2-2 all
  Tillitis TKey device application helper library

tlslookup/stable 1.1-3+b3 arm64
  utility like nslookup(1), but uses libnss_tls.so instead of DNS

torrus-common/stable 3.00-2 all
  Universal front-end for Round-Robin Databases (common files)

u-config/stable 0.33.3-1 arm64
  smaller, simpler, portable pkg-config clone

uacme/stable 1.7.6-1 arm64
  Lightweight client for the RFC8555 ACMEv2 protocol

uclibc-source/stable 1.0.35-1 all
  Small C library implementation - source

ucommon-doc/stable 7.0.1-0.4 all
  lightweight C++ threading and sockets - documentation

ucommon-utils/stable 7.0.1-0.4+b1 arm64
  lightweight C++ threading and sockets - utilities

unscd/stable 0.54-1+b12 arm64
  Micro Name Service Caching Daemon

wasi-libc/stable 0.0~git20241209.574b88d-2 all
  WASI libc implementation for WebAssembly

wmget/stable 0.6.1-3 arm64
  Background download manager in a Window Maker dock app

zydis-tools/stable 4.1.1-1 arm64
  fast and lightweight x86/x86-64 disassembler library - tools

