
WARNING: apt does not have a stable CLI interface. Use with caution in scripts.

Sorting...
Full Text Search...
64tass/stable 1.59.3120-2 arm64
  cross (turbo) assembler targeting the MOS 65xx series of micro processors

a56/stable 1.3+dfsg-12 arm64
  Motorola DSP56001 assembler

antimicro/stable 3.5.0-1 arm64
  GUI for mapping keyboard keys and mouse controls to a gamepad

apprise/stable 1.9.3-1 all
  Push Notifications that work with just about every platform

apulse/stable 0.1.13-2+b3 arm64
  PulseAudio emulation for ALSA

archmage/stable 1:0.4.2.1-3 all
  CHM (Compiled HTML) Decompressor

arduino-core-avr/stable 1.8.7+dfsg-1~deb13u1 all
  Arduino Core for AVR microcontroller

ares/stable 134+dfsg-1+b2 arm64
  Accurate multi-system emulator

armv8crc-support/stable 27 arm64
  CPU feature checking - require ARMv8CRC

aspell/stable 0.60.8.1-4 arm64
  GNU Aspell spell-checker

avr-evtd/stable 1.7.7-5+b1 arm64
  AVR watchdog daemon for Linkstation/Kuroboxes

avr-libc/stable 1:2.2.1-1 all
  Standard C library for Atmel AVR development

avra/stable 1.4.2+dfsg-1+b2 arm64
  assembler for Atmel AVR microcontrollers

avrdude/stable,now 7.1+dfsg-3+b3 arm64 [installed]
  software for programming Atmel AVR microcontrollers

avrdude-doc/stable 7.1+dfsg-3 all
  documentation for avrdude

avrp/stable 1.0beta3-8 arm64
  Programmer for Atmel AVR microcontrollers

azure-cli/stable 2.74.0-1 all
  Azure Command-Line Interface (CLI)

bitlbee-plugin-mastodon/stable 1.4.5-1+b2 arm64
  Mastodon plugin for bitlbee IRC gateway

blackbox/stable 0.70.1-39+b3 arm64
  Window manager for X

bladerf/stable 0.2024.05-1 arm64
  Nuand bladeRF software-defined radio device (tools)

bossa/stable 1.9.1-3+b7 arm64
  Atmel SAM ARM microcontroller flash programming GUI

bossa-cli/stable 1.9.1-3+b7 arm64
  Atmel SAM ARM microcontroller flash programming utility

brandy/stable 1.23.5-1 arm64
  BBC BASIC VI interpreter

cabextract/stable 1.11-2+b2 arm64
  Microsoft Cabinet file unpacker

callaudiod/stable 0.1.10-1+b2 arm64
  Call audio routing daemon

calligrastage/stable 1:25.04.2+dfsg-1 arm64
  presentation program for the Calligra Suite

cat-bat/stable 5.3-2 arm64
  taxonomic classification of contigs and metagenome-assembled genomes (MAGs)

catdoc/stable 1:0.95-6 arm64
  text extractor for MS-Office files

centrifuge/stable 1.0.4.2-1 arm64
  rapid and memory-efficient system for classification of DNA sequences

cfourcc/stable 0.1.3.1+20161021+git82fbcfd-1+b1 arm64
  command line tool for changing FourCC in Microsoft RIFF AVI files

chimeraslayer/stable 20101212+dfsg1-6 all
  detects likely chimeras in PCR amplified DNA

cifs-utils/stable 2:7.4-1 arm64
  Common Internet File System utilities

cl-cluck/stable 0.1.3.1-1 all
  Common Lisp Microcontroller Clock Calculator

clamav/stable 1.4.3+dfsg-1 arm64
  anti-virus utility for Unix - command-line interface

claws-mail-tnef-parser/stable 4.3.1-1 arm64
  TNEF attachment handler for Claws Mail

clonalframe/stable 1.2-11+b3 arm64
  inference of bacterial microevolution using multilocus sequence data

cloud-enum/stable 0.7-3 all
  Multi-cloud open source intelligence tool

convlit/stable 1.8-7 arm64
  convert Microsoft Reader .LIT files to HTML

cp2k/stable 2025.1-1.1 arm64
  Ab Initio Molecular Dynamics

cpuinfo/stable 0.0~git20250327.39ea79a-1 arm64
  CPU INFOrmation library (binary utilities)

crasm/stable 1.8-3 arm64
  Cross assembler for 6800/6801/6803/6502/65C02/Z80

cstocs/stable 1:3.44-1.1 all
  Recoding utility and Czech sorter

ctffind/stable 4.1.14-3+b1 arm64
  fast and accurate defocus estimation from electron micrographs

d3-dsv-tools/stable 1.2.0+~1.2.3-1 all
  tools to process delimiter-separated values, such as CSV

d52/stable 3.4.1-1.3+b1 arm64
  Disassembler for 8052, 8048/8041, and Z80/8080/8085 code

dasm/stable 2.20.15~20201109+really2.20.14.1-2+b1 arm64
  Macro assembler with support for several 8-bit microprocessors

davmail/stable 6.3.0.3627-1 all
  POP/IMAP/SMTP/CalDav/LDAP to Microsoft Exchange gateway - GUI

davmail-server/stable 6.3.0.3627-1 all
  POP/IMAP/SMTP/CalDav/LDAP to Microsoft Exchange gateway - headless

dbench/stable 4.0-2.1+b1 arm64
  The dbench (disk) and tbench (TCP) benchmarks

debputy-lsp/stable 0.2.2 all
  Editor support for Debian packaging files via LSP specification

denemo/stable 2.6.39-0.3 arm64
  free graphical music notation editor (GTK front end to LilyPond)

dfu-util/stable,now 0.11-3 arm64 [installed]
  Device firmware update (DFU) USB programmer

diffoscope/stable 297+deb13u1 all
  in-depth visual diff tool for files, archives and directories

diffoscope-minimal/stable 297+deb13u1 all
  in-depth visual diff tool for files, archives and directories (minimal package)

docx2txt/stable 1.4-5 all
  Convert Microsoft OOXML files to plain text

dtmf2num/stable 0.1.1-3+b1 arm64
  tool for decoding the DTMF and MF tones from PCM wave files

ebook-speaker/stable 6.2.0-6+b2 arm64
  eBook reader that reads aloud in a synthetic voice

ed25519/stable 0~20241004-2 arm64
  microlibrary X25519/Ed25519 - Ed25519 command line tools

electronics-microcontrollers/stable 0.3 all
  Debian packages for dealing with microcontrollers

electronics-radio-dev/stable 0.3 all
  Packages for design of circuits at radio frequencies

elpa-lsp-haskell/stable 1.0.20211214-1 all
  Haskell support for lsp-mode

elpa-lsp-mode/stable 9.0.0-2 all
  Emacs client/library for the Language Server Protocol

emf2svg/stable 1.1.0+ds-3+b2 arm64
  Convert Enhanced Metafile to SVG

emu8051/stable 2.0.1-3+b2 arm64
  Emulator and simulator for 8051 microcontrollers

erlang-luerl/stable 1:1.2.3-1+b1 arm64
  implementation of Lua in Erlang

evolution-ews/stable 3.56.1-1 arm64
  Exchange Web Services integration for Evolution

evolution-ews-core/stable 3.56.1-1 arm64
  Exchange Web Services integration for GNOME

evolution-plugin-pstimport/stable 3.56.2-0+deb13u1 arm64
  standard plugins for Evolution (pstimport)

expeyes/stable 5.3.3+repack-2 all
  hardware & software framework for developing science experiments

expeyes-doc-common/stable 4.3-3 all
  Common files related to the User manual for expeyes library

expeyes-doc-en/stable 4.3-3 all
  User manual for expeyes library, in English language

expeyes-doc-fr/stable 4.3-3 all
  User manual for expeyes library, French translation

fastani/stable 1.33-3+b1 arm64
  Fast alignment-free computation of whole-genome Average Nucleotide Identity

firm-phoenix-ware/stable 4.7.5+repack-2 all
  firmware necessary for boxes issued by project PHOENIX

flashrom/stable 1.4.0-3 arm64
  Identify, read, write, erase, and verify BIOS/ROM/flash chips

flask-sqlalchemy-doc/stable 3.1.1-4 all
  SQLAlchemy support for your Python 3 Flask application (Documentation)

fmit/stable 1.2.14-0.1+b2 arm64
  Free Music Instrument Tuner

fonts-cascadia-code/stable 2407.24-1 all
  monospaced font designed to enhance appearance of Windows Terminal

fonts-liberation/stable,now 1:2.1.5-3 all [installed,automatic]
  fonts with the same metrics as Times, Arial and Courier

fonts-wqy-microhei/stable 0.2.0-beta-4 all
  Sans-serif style CJK font derived from Droid

fonts-yozvox-yozfont/stable 14.04-2 all
  Japanese proportional Handwriting OpenType font

fonts-yozvox-yozfont-antique/stable 14.04-2 all
  Japanese proportional Handwriting OpenType font (antique kana)

fonts-yozvox-yozfont-cute/stable 14.04-2 all
  Japanese proportional Handwriting OpenType font (cute kana)

fonts-yozvox-yozfont-edu/stable 14.04-2 all
  Japanese proportional Handwriting OpenType font (educational cana)

fonts-yozvox-yozfont-new-kana/stable 14.04-2 all
  Japanese proportional Handwriting OpenType font (new kana)

fonts-yozvox-yozfont-standard-kana/stable 14.04-2 all
  Japanese proportional Handwriting OpenType font (standard kana)

furnace/stable 0.6.8.1+git20250403+ds-1 arm64
  multi-system chiptune tracker compatible with DefleMask modules

fuse-emulator-gtk/stable 1.6.0+dfsg1-2+b2 arm64
  The Free Unix Spectrum Emulator (GTK version)

fuse-emulator-sdl/stable 1.6.0+dfsg1-2+b2 arm64
  The Free Unix Spectrum Emulator (SDL version)

galleta/stable 1.0+20040505-12+b1 arm64
  Internet Explorer cookie forensic analysis tool

gasic/stable 0.0.r19-8 all
  genome abundance similarity correction

gasic-examples/stable 0.0.r19-8 all
  genome abundance similarity correction (example data)

gaupol/stable 1.15-2 all
  subtitle editor for text-based subtitle files

gcab/stable 1.6-1+b3 arm64
  Microsoft Cabinet file manipulation tool

gcli/stable 2.3.0-1+b1 arm64
  Git Forge CLI

gir1.2-gcab-1.0/stable 1.6-1+b3 arm64
  Microsoft Cabinet file manipulation library - gir bindings

gir1.2-gtkspell3-3.0/stable 3.0.10-2 arm64
  GObject introspection data for the GtkSpell library

gir1.2-gxps-0.1/stable 0.3.2-4+b2 arm64
  GObject introspection data for the gxps library

gir1.2-pango-1.0/stable,now 1.56.3-1 arm64 [installed,automatic]
  Layout and rendering of internationalized text - gir bindings

git-annex-remote-rclone/stable 0.8-1 all
  rclone-based git annex special remote

gitbatch/stable 0.6.1-1+b7 arm64
  Manage git repositories in one place

glgrib-egl/stable 1.0-4+b3 arm64
  Render geophysical fields encoded in GRIB edition 2 using OpenGL

glgrib-glfw/stable 1.0-4+b3 arm64
  Interactive display for geophysical fields encoded in GRIB2

glob2/stable 0.9.4.4-8 arm64
  innovative Real Time Strategy game

glob2-data/stable 0.9.4.4-8 all
  innovative Real Time Strategy game - data files

gnucobol3/stable 3.2-3 arm64
  COBOL compiler

gnucobol4/stable 4.0~early~20200606-7 arm64
  COBOL compiler

gnumach-dev/stable 2:1.8+git20250702-1 arm64
  GNU version of the Mach microkernel

gnumeric/stable 1.12.57-1.1+b1 arm64
  spreadsheet application for GNOME - main program

gnusim8085/stable 1.4.1-1+b3 arm64
  Graphical Intel 8085 simulator, assembler and debugger

golang-connectrpc-connect-dev/stable 1.14.0-1 all
  Go implementation of Connect (library)

golang-github-aymanbagabas-go-udiff-dev/stable 0.2.0-2 all
  µDiff - a micro Go diffing library

golang-github-azure-azure-sdk-for-go-dev/stable 68.0.0-2 all
  Microsoft Azure SDK for Go

golang-github-azure-azure-storage-blob-go-dev/stable 0.15.0-1 all
  Microsoft Azure Blob Storage Library for Go

golang-github-azuread-microsoft-authentication-extensions-for-go-dev/stable 0.0~git20231002.7e3b8e2-2 all
  Microsoft Authentication Library (MSAL) Extensions for Go (library)

golang-github-azuread-microsoft-authentication-library-for-go-dev/stable 1.0.0-2 all
  Sign in users or apps with Microsoft Accounts or Azure AD identities

golang-github-cloudflare-sidh-dev/stable 1.0+git20190228.d2f0f90-5 all
  Supersingular Isogeny Diffie-Hellman golang library

golang-github-crossdock-crossdock-go-dev/stable 0.0~git20160816.049aabb-3 all
  Go client for Crossdock

golang-github-denisenkom-go-mssqldb-dev/stable 0.0~git20170717.0.8fccfc8-7 all
  Microsoft SQL server driver written in go language

golang-github-foxboron-go-uefi-dev/stable 0.0~git20250207.69fb7db-2 all
  Linux UEFI library written in pure Go (library)

golang-github-go-kit-kit-dev/stable 0.13.0-7 all
  Programming toolkit for microservices

golang-github-grpc-ecosystem-go-grpc-middleware-dev/stable 2.1.0-2 all
  Go gRPC Middlewares: interceptor chaining, auth, logging, retries and more

golang-github-jcmturner-gokrb5.v8-dev/stable 8.4.3-2 all
  Pure Go Kerberos library for clients and services

golang-github-linuxkit-virtsock-dev/stable 0.0~git20220523.1a23e78+ds-1 all
  Go bindings for Hyper-V and virtio sockets

golang-github-mattn-go-ieproxy-dev/stable 0.0.9-1 all
  Go package to detect the proxy settings on Windows platform (library)

golang-github-mendersoftware-go-lib-micro-dev/stable 0.0~git20211108.4e20429+ds1-2 all
  Group of golang packages for developing microservices. (library)

golang-github-microcosm-cc-bluemonday-dev/stable 1.0.26-1 all
  Go library for scrubbing user generated data of unapproved html

golang-github-micromdm-scep-dev/stable 2.3.0-1 all
  Simple Certificate Enrollment Protocol library

golang-github-microsoft-dev-tunnels-dev/stable 0.0.25-2 all
  Dev Tunnels SDK (Go library)

golang-github-muhammadmuzzammil1998-jsonc-dev/stable 0.0~git20201229.615b091-2 all
  JSON with comments for Go!

golang-github-nbio-st-dev/stable 0.0~git20140626.e9e8d98-3 all
  Simple Test micro-framework for Go

golang-github-robfig-config-dev/stable 0.0~git20141208-4 all
  Configuration file parser for INI format

golang-github-smallstep-scep-dev/stable 0.0~git20250318.a25cabb-2 all
  Simple Certificate Enrollment Protocol (SCEP) Go tools (library)

golang-github-tealeg-xlsx-dev/stable 1.0.5-1 all
  golang library for reading and writing XLSX files

golang-github-thomsonreuterseikon-go-ntlm-dev/stable 0.0~git20151030.0.b00ec39-1.1 all
  NTLM Implementation for Go

golang-github-unknwon-goconfig-dev/stable 1.0.0-1 all
  configuration file (.ini) parser

golang-github-zyedidia-clipboard-dev/stable 1.0.3-1 all
  clipboard for golang

golang-gopkg-jcmturner-gokrb5.v5-dev/stable 5.3.0+dfsg-2 all
  Pure Go Kerberos library for clients and services

golang-gopkg-testfixtures.v2-dev/stable 2.2.0-2 all
  Rails-like test fixtures for Go

gpsbabel/stable 1.10.0+ds-1 arm64
  GPS file conversion plus transfer to/from GPS units

gpsim/stable 0.32.1-2+b2 arm64
  Simulator for Microchip's PIC microcontrollers

gpsim-dev/stable 0.32.1-2+b2 arm64
  Libraries needed only for building gpsim components

gputils/stable 1.5.2-1 arm64
  GNU PIC utilities

gputils-common/stable 1.5.2-1 all
  headers and linker scripts for gputils

gputils-doc/stable 1.5.2-1 all
  documentation for gputils

graphviz/stable,now 2.42.4-3 arm64 [installed,automatic]
  rich set of graph drawing tools

grip/stable 4.6.1-2 all
  Preview GitHub Markdown files like Readme locally

grokevt/stable 0.5.0-6.1 all
  scripts for reading Microsoft Windows event log files

gss-ntlmssp/stable 1.2.0-1+b3 arm64
  GSSAPI NTLMSSP Mechanism -- MIT GSSAPI plugin

gss-ntlmssp-dev/stable 1.2.0-1+b3 arm64
  GSSAPI NTLMSSP Mechanism -- development headers

gwyddion/stable 2.67-1 arm64
  Scanning Probe Microscopy visualization and analysis tool

gwyddion-common/stable 2.67-1 all
  architecture-independent files for Gwyddion SPM analysis tool

healpy-data/stable 1.18.1-2 all
  HEALPix representation of spherical data - Python data

hyphen-pl/stable 1:3.0a-4.4 all
  Polish hyphenation patterns for LibreOffice/OpenOffice.org

ibverbs-providers/stable 56.1-1 arm64
  User space provider drivers for libibverbs

idjc/stable 0.9.9-1 arm64
  graphical shoutcast/icecast client

imagej/stable 1.54g-1 all
  Image processing program with a focus on microscopy images

imsprog/stable 1.5.2-1 arm64
  Linux chip programmer for CH341a devices

innoextract/stable 1.9-0.1+b1 arm64
  Tool for extracting data from an Inno Setup installer

inputattach/stable 1:1.8.1-2+b2 arm64
  utility to connect serial-attached peripherals to the input subsystem

isa-support/stable 27 arm64
  CPU feature checking - common back-end

jnoisemeter/stable 0.4.1-1+b2 arm64
  audio test signals meter

jodconverter/stable 2.2.2-15 all
  Office formats converter

jsxgraph/stable 1.10.1+dfsg1-1 all
  Interactive Geometry with JavaScript

junior-programming/stable 1.32 all
  Debian Jr. programming

kamailio-microhttpd-modules/stable 6.0.1-1+deb13u1 arm64
  Microhttpd module for the Kamailio SIP server

kicad-templates/stable 9.0.0-1 all
  Project templates for KiCad

kleborate/stable 2.4.1-5 arm64
  tool to screen Klebsiella genome assemblies

kleborate-examples/stable 2.4.1-5 all
  tool to screen Klebsiella genome assemblies (example data)

kodi/stable 2:21.2+dfsg-4 arm64
  Open Source Home Theatre (executable binaries)

kodi-addons-dev-common/stable 2:21.2+dfsg-4 all
  Open Source Home Theatre (architecture-independent addon development package)

kodi-audiodecoder-fluidsynth/stable 20.2.1+ds1-5 arm64
  Fluidsynth audio decoder for Kodi

kodi-audiodecoder-sidplay/stable 21.0.2+ds-1 arm64
  SidPlay audio decoder for Kodi

kodi-audioencoder-flac/stable 21.0.2+ds-1+b1 arm64
  FLAC audio encoder add-on for Kodi

kodi-audioencoder-lame/stable 21.0.2+ds-1 arm64
  LAME (mp3) audio encoder add-on for Kodi

kodi-audioencoder-vorbis/stable 21.0.2+ds-1 arm64
  Vorbis audio encoder add-on for Kodi

kodi-audioencoder-wav/stable 21.0.2-1 arm64
  WAV audio encoder add-on for Kodi

kodi-bin/stable 2:21.2+dfsg-4 arm64
  Open Source Home Theatre (architecture-dependent files)

kodi-data/stable 2:21.2+dfsg-4 all
  Open Source Home Theatre (arch-independent data package)

kodi-eventclients-common/stable 2:21.2+dfsg-4 all
  Open Source Home Theatre (Event Client Common package)

kodi-eventclients-dev/stable 2:21.2+dfsg-4 arm64
  Open Source Home Theatre (Event Client virtual dev package)

kodi-eventclients-dev-common/stable 2:21.2+dfsg-4 all
  Open Source Home Theatre (Event Client common dev package)

kodi-eventclients-kodi-send/stable 2:21.2+dfsg-4 arm64
  Open Source Home Theatre (Event Client Kodi-SEND package)

kodi-eventclients-ps3/stable 2:21.2+dfsg-4 arm64
  Open Source Home Theatre (Event Client PS3 package)

kodi-eventclients-python/stable 2:21.2+dfsg-4 arm64
  Open Source Home Theatre (Event Client Python package)

kodi-eventclients-wiiremote/stable 2:21.2+dfsg-4 arm64
  Open Source Home Theatre (Event Client WII Remote support package)

kodi-eventclients-zeroconf/stable 2:21.2+dfsg-4 arm64
  Open Source Home Theatre (Event Client ZeroConf script package)

kodi-imagedecoder-heif/stable 21.0.2+ds-1+b1 arm64
  HEIF image decoder for Kodi

kodi-imagedecoder-raw/stable 21.0.2+ds-1 arm64
  RAW image decoder for Kodi

kodi-peripheral-xarcade/stable 21.0.2-2 arm64
  X-Arcade Tankstick driver for Kodi

kodi-pvr-dvblink/stable 21.1.3+ds-1+b1 arm64
  DVBLink PVR Client for Kodi

kodi-pvr-dvbviewer/stable 21.1.3+ds-1 arm64
  DVBViewer Kodi PVR Addon

kodi-pvr-nextpvr/stable 21.3.2+ds-1 arm64
  NextPVR PVR addon for Kodi

kodi-pvr-octonet/stable 21.0.1+ds-3 arm64
  Digital Devices Octopus NET PVR for Kodi

kodi-pvr-sledovanitv-cz/stable 21.3.0+ds-4 arm64
  sledovanitv.cz PVR for Kodi

kodi-pvr-stalker/stable 21.1.3+ds-1 arm64
  Stalker Middleware PVR client addon for Kodi

kodi-pvr-teleboy/stable 21.0.0+ds1-3 arm64
  Teleboy PVR for Kodi

kodi-pvr-vbox/stable 21.1.5-1+b1 arm64
  VBox Home TV Gateway addon for Kodi

kodi-pvr-waipu/stable 21.10.1+ds-1 arm64
  waipu PVR for Kodi

kodi-pvr-zattoo/stable 21.0.4+ds-3 arm64
  Zattoo PVR for Kodi

kodi-repository-kodi/stable 2:21.2+dfsg-4 all
  Open Source Home Theatre (official addons repository feed)

kodi-screensaver-asteroids/stable 21.0.2+ds-1 arm64
  Asteroids screensaver for Kodi

kodi-screensaver-biogenesis/stable 21.0.2-1 arm64
  BioGenesis screensaver for Kodi

kodi-screensaver-greynetic/stable 21.0.2+ds-1 arm64
  Greynetic screensaver for Kodi

kodi-screensaver-pingpong/stable 21.0.2+ds-1 arm64
  Pingpong screensaver for Kodi

kodi-screensaver-pyro/stable 21.0.2-1 arm64
  Pyro screensaver for Kodi

kodi-screensaver-shadertoy/stable 21.0.2+ds-1 arm64
  Shadertoy screensaver for Kodi

kodi-tools-texturepacker/stable 2:21.2+dfsg-4 arm64
  Open Source Home Theatre (TexturePacker skin development tool)

kodi-visualization-fishbmc/stable 21.0.2+ds-1 arm64
  Fishbmc audio visualization addon for Kodi

kodi-visualization-pictureit/stable 21.0.2+ds-1 arm64
  pictureit visualizer for Kodi

kodi-visualization-shadertoy/stable 21.0.2+ds-1 arm64
  Shadertoy audio visualization for Kodi

kodi-visualization-shadertoy-data/stable 21.0.2+ds-1 all
  Shadertoy audio visualization for Kodi (common data)

kodi-visualization-spectrum/stable 21.0.2+ds-1 arm64
  Spectrum visualizer addon for Kodi

kodi-visualization-waveform/stable 21.0.2+ds-1 arm64
  Waveform audio visualization addon for Kodi

konq-plugins/stable 4:25.04.0-1 arm64
  plugins for Konqueror, the KDE file/web/document browser

kooha/stable 2.3.0-5 arm64
  Elegantly record your screen

ktechlab/stable 0.51.0-2+b2 arm64
  IDE for microcontrollers and electronics

kuttypy-gui/stable 2.3-2 all
  Graphic user interface to interact with KuttyPy

lamarc/stable 2.1.10.1+dfsg-7+b5 arm64
  Likelihood Analysis with Metropolis Algorithm using Random Coalescence

latex2rtf/stable 2.3.18a-5+b1 arm64
  Converts documents from LaTeX to RTF format

latex2rtf-doc/stable 2.3.18a-5 all
  Converts documents from LaTeX to RTF - documentation

ldmtool/stable 0.2.5-1.1+b2 arm64
  tool for managing Microsoft Windows dynamic disks

lib1305-1/stable 0~20250415-1 arm64
  Poly1305 one-time authenticator microlibrary - shared library

lib1305-dev/stable 0~20250415-1 arm64
  Poly1305 one-time authenticator microlibrary - development files

lib25519-1/stable 0~20241004-2 arm64
  microlibrary X25519/Ed25519 - shared library

lib25519-dev/stable 0~20241004-2 arm64
  microlibrary X25519/Ed25519 - development files

libam7xxx-dev/stable 0.1.7-5 arm64
  library for accessing am7xxx devices - development files

libam7xxx0.1/stable 0.1.7-5 arm64
  library for accessing am7xxx based devices

libam7xxx0.1-bin/stable 0.1.7-5 arm64
  library for accessing am7xxx devices - utilities

libam7xxx0.1-doc/stable 0.1.7-5 all
  library for accessing am7xxx devices - documentation

libapache-asp-perl/stable 2.63-2 all
  perl Apache::ASP - Active Server Pages for Apache with mod_perl

libapache-poi-java/stable 4.0.1-6 all
  Apache POI - Java API for Microsoft Documents

libapache-poi-java-doc/stable 4.0.1-6 all
  Apache POI - Java API for Microsoft Documents (Documentation)

libaudio-wav-perl/stable 0.14-5 all
  modules for manipulating WAV Audio files

libauthen-simple-ldap-perl/stable 0.3-1.1 all
  module for simple LDAP authentication

libbde-dev/stable 20240502-1+b1 arm64
  BitLocker Drive Encryption access library -- development files

libbde-utils/stable 20240502-1+b1 arm64
  Tools to access the BitLocker Drive Encryption format.

libbde1t64/stable 20240502-1+b1 arm64
  BitLocker Drive Encryption access library

libbenchmark-dev/stable 1.9.1-1 arm64
  Microbenchmark support library, development files

libbenchmark-tools/stable 1.9.1-1 all
  Microbenchmark support library, tools and documentation

libbenchmark1.9.1/stable 1.9.1-1 arm64
  Microbenchmark support library, shared library

libbio-mage-perl/stable 20030502.3-6 all
  Container module for classes in the MAGE package: MAGE

libbio-mage-utils-perl/stable 20030502.0-5 all
  Extra modules for classes in the MAGE package: MAGE

libbladerf-dev/stable 0.2024.05-1 arm64
  Nuand bladeRF software-defined radio device (header files)

libbladerf-doc/stable 0.2024.05-1 all
  Nuand bladeRF software-defined radio device (API documentation)

libbladerf2/stable 0.2024.05-1 arm64
  Nuand bladeRF software-defined radio device

libboost-fiber-dev/stable 1.83.0.2+b2 arm64
  cooperatively-scheduled micro-/userland-threads (default version)

libboost-fiber1.83-dev/stable 1.83.0-4.2 arm64
  cooperatively-scheduled micro-/userland-threads

libboost-fiber1.83.0/stable 1.83.0-4.2 arm64
  cooperatively-scheduled micro-/userland-threads

libboost-fiber1.88-dev/stable 1.88.0-1 arm64
  cooperatively-scheduled micro-/userland-threads

libboost-fiber1.88.0/stable 1.88.0-1 arm64
  cooperatively-scheduled micro-/userland-threads

libbt-dev/stable 0.70.1-39+b3 arm64
  Blackbox - development library

libbt0/stable 0.70.1-39+b3 arm64
  Blackbox - shared library

libcallaudio-0-1/stable 0.1.10-1+b2 arm64
  Library for audio routing during voice calls

libcallaudio-dev/stable 0.1.10-1+b2 arm64
  Development files for libcallaudio

libcallaudio-doc/stable 0.1.10-1 all
  Documentation for libcallaudio's API

libcallaudio-tools/stable 0.1.10-1+b2 arm64
  Helper tools for libcallaudio

libcatch2-dev/stable 3.7.1-0.5 arm64
  C++ Automated Test Cases in Headers

libcds-healpix-java/stable 0.30.3+ds-1 all
  CDS HEALPix library in Java

libcds-healpix-java-doc/stable 0.30.3+ds-1 all
  API documentation for the CDS HEALPix library in Java

libchealpix-dev/stable 3.30.0-9+b3 arm64
  HEALPix representation of spherical data - C development library

libchealpix0/stable 3.30.0-9+b3 arm64
  HEALPix representation of spherical data - C shared library

libchm-bin/stable 2:0.40a-8.1 arm64
  library for dealing with Microsoft CHM files (test programs)

libchm-dev/stable 2:0.40a-8.1 arm64
  library for dealing with Microsoft CHM files (development)

libchm1/stable 2:0.40a-8.1 arm64
  library for dealing with Microsoft CHM files

libcob4-dev/stable 3.2-3 arm64
  COBOL compiler - development files

libcob4t64/stable 3.2-3 arm64
  COBOL compiler - runtime library

libcob5-dev/stable 4.0~early~20200606-7 arm64
  COBOL compiler - development files

libcob5t64/stable 4.0~early~20200606-7 arm64
  COBOL compiler - runtime library

libconfig++-dev/stable 1.7.3-2 arm64
  parsing/manipulation of structured config files (C++ development)

libconfig++11/stable,now 1.7.3-2 arm64 [installed,automatic]
  parsing/manipulation of structured configuration files (C++ binding)

libconfig-dev/stable 1.7.3-2 arm64
  parsing/manipulation of structured config files (development)

libconfig-doc/stable 1.7.3-2 all
  parsing/manipulation of structured config files (Documentation)

libconfig11/stable 1.7.3-2 arm64
  parsing/manipulation of structured configuration files

libcoq-mathcomp-zify/stable 1.5.0+2.0+8.16-4+b7 arm64
  Micromega arithmetic solvers for Mathematical Components

libcpprest-dev/stable 2.10.19-3 arm64
  Development files for C++ REST SDK / Casablanca

libcpprest-doc/stable 2.10.19-3 all
  Reference manual for C++ REST SDK / Casablanca

libcpprest2.10/stable 2.10.19-3 arm64
  Shared library for C++ REST SDK / Casablanca

libcpuinfo-dev/stable 0.0~git20250327.39ea79a-1 arm64
  CPU INFOrmation library (header file)

libcpuinfo0/stable 0.0~git20250327.39ea79a-1 arm64
  CPU INFOrmation library (shared object)

libdata-uuid-perl/stable 1.227-1+b1 arm64
  globally/universally unique identifiers (GUIDs/UUIDs)

libdbd-csv-perl/stable 0.6200-1 all
  DBI driver for CSV files

libdbd-sybase-perl/stable 1.24-3 arm64
  Sybase/MS SQL database driver for the DBI module

libdbi-perl/stable,now 1.647-1+deb13u1 arm64 [installed,automatic]
  Perl Database Interface (DBI)

libdevel-nytprof-perl/stable 6.14+dfsg-1+b3 arm64
  Perl statement and subroutine code profiler

libe131-1/stable 1.4.0+repack-1+b1 arm64
  lightweight library for the E1.31 (sACN) protocol (library)

libe131-dev/stable 1.4.0+repack-1+b1 arm64
  lightweight library for the E1.31 (sACN) protocol (development library)

libemail-outlook-message-perl/stable 0.921-1 all
  module for reading Outlook .msg files

libemf2svg-dev/stable 1.1.0+ds-3+b2 arm64
  Enhanced Metafile to SVG conversion library (development files)

libemf2svg1/stable 1.1.0+ds-3+b2 arm64
  Enhanced Metafile to SVG conversion library (shared library)

libencode-eucjpms-perl/stable 0.07-5 arm64
  Perl library for Microsoft Compatible Japanese Encodings

libervia-backend/stable 0.9.0~hg4352-1 all
  Libervia XMPP-based communication and sharing tool (core)

libervia-cli/stable 0.9.0~hg4352-1 all
  Libervia XMPP-based communication and sharing tool (command-line interface)

libervia-doc/stable 0.9.0~hg4352-1 all
  Libervia XMPP-based communication and sharing tool (documentation)

libervia-tui/stable 0.9.0~hg4352-1 all
  Libervia XMPP-based communication and sharing tool (console interface)

libflexdock-java/stable 1.2.4-3 all
  Swing Java docking framework

libfp16-dev/stable 0.0~git20200514.4dfe081-5 arm64
  Conversion to/from half-precision floating point formats

libfreexl-dev/stable 2.0.0-1+b3 arm64
  library for direct reading of Microsoft Excel spreadsheets - devel

libfreexl1/stable 2.0.0-1+b3 arm64
  library for direct reading of Microsoft Excel spreadsheets

libfsntfs-dev/stable 20240501-1+b1 arm64
  NTFS access library -- development files

libfsntfs-utils/stable 20240501-1+b1 arm64
  NTFS access library -- Utilities

libfsntfs1t64/stable 20240501-1+b1 arm64
  NTFS access library

libgcab-1.0-0/stable 1.6-1+b3 arm64
  Microsoft Cabinet file manipulation library

libgcab-dev/stable 1.6-1+b3 arm64
  Microsoft Cabinet file manipulation library - development files

libgcab-doc/stable 1.6-1 all
  Microsoft Cabinet file manipulation library - documentation

libgcab-tests/stable 1.6-1+b3 arm64
  Microsoft Cabinet file manipulation library - as-installed tests

libghc-microlens-aeson-dev/stable 2.5.2-1+b1 arm64
  Law-abiding lenses for Aeson, using microlens

libghc-microlens-aeson-doc/stable 2.5.2-1 all
  Law-abiding lenses for Aeson, using microlens; documentation

libghc-microlens-aeson-prof/stable 2.5.2-1+b1 arm64
  Law-abiding lenses for Aeson, using microlens; profiling libraries

libghc-microlens-dev/stable 0.4.13.1-2+b1 arm64
  a tiny part of the lens library with no dependencies

libghc-microlens-doc/stable 0.4.13.1-2 all
  a tiny part of the lens library with no dependencies; documentation

libghc-microlens-ghc-dev/stable 0.4.14.3-1+b1 arm64
  microlens + array, bytestring, containers, transformers

libghc-microlens-ghc-doc/stable 0.4.14.3-1 all
  microlens + array, bytestring, containers, transformers; documentation

libghc-microlens-ghc-prof/stable 0.4.14.3-1+b1 arm64
  microlens + array, bytestring, containers, transformers; profiling libraries

libghc-microlens-mtl-dev/stable 0.2.0.3-2+b1 arm64
  microlens support for Reader/Writer/State from mtl

libghc-microlens-mtl-doc/stable 0.2.0.3-2 all
  microlens support for Reader/Writer/State from mtl; documentation

libghc-microlens-mtl-prof/stable 0.2.0.3-2+b1 arm64
  microlens support for Reader/Writer/State from mtl; profiling libraries

libghc-microlens-platform-dev/stable 0.4.3.5-1+b1 arm64
  feature-complete microlens

libghc-microlens-platform-doc/stable 0.4.3.5-1 all
  feature-complete microlens; documentation

libghc-microlens-platform-prof/stable 0.4.3.5-1+b1 arm64
  feature-complete microlens; profiling libraries

libghc-microlens-prof/stable 0.4.13.1-2+b1 arm64
  a tiny part of the lens library with no dependencies; profiling libraries

libghc-microlens-th-dev/stable 0.4.3.15-1+b1 arm64
  Automatic generation of record lenses for microlens

libghc-microlens-th-doc/stable 0.4.3.15-1 all
  Automatic generation of record lenses for microlens; documentation

libghc-microlens-th-prof/stable 0.4.3.15-1+b1 arm64
  Automatic generation of record lenses for microlens; profiling libraries

libghc-microspec-dev/stable 0.2.1.3-6+b1 arm64
  tiny QuickCheck test library with minimal dependencies

libghc-microspec-doc/stable 0.2.1.3-6 all
  tiny QuickCheck test library with minimal dependencies; documentation

libghc-microspec-prof/stable 0.2.1.3-6+b1 arm64
  tiny QuickCheck test library with minimal dependencies; profiling libraries

libghc-microstache-dev/stable 1.0.2.3-2+b1 arm64
  alternative Mustache templates

libghc-microstache-doc/stable 1.0.2.3-2 all
  alternative Mustache templates; documentation

libghc-microstache-prof/stable 1.0.2.3-2+b1 arm64
  alternative Mustache templates; profiling libraries

libgme-dev/stable 0.6.3-7+b2 arm64
  Playback library for video game music files - development files

libgme0/stable 0.6.3-7+b2 arm64
  Playback library for video game music files - shared library

libgtkspell3-3-0/stable 3.0.10-2 arm64
  spell-checking addon for GTK+'s TextView widget

libgwyddion2-0t64/stable 2.67-1 arm64
  libraries for Gwyddion SPM analysis tool

libgwyddion20-dev/stable 2.67-1 arm64
  header files for Gwyddion SPM analysis tool

libgwyddion20-doc/stable 2.67-1 all
  HTML library API documentation for Gwyddion SPM analysis tool

libgxps-dev/stable 0.3.2-4+b2 arm64
  handling and rendering XPS documents (development files)

libgxps-doc/stable 0.3.2-4 all
  library for handling and rendering XPS documents (documentation)

libgxps-utils/stable 0.3.2-4+b2 arm64
  handling and rendering XPS documents (utilities)

libgxps2t64/stable 0.3.2-4+b2 arm64
  handling and rendering XPS documents (library)

libhalide19-0/stable 19.0.0-6 arm64
  fast, portable computation on images and tensors

libhealpix-cxx-dev/stable 3.83.0-2 arm64
  representation of spherical data - C++ development library

libhealpix-cxx4/stable 3.83.0-2 arm64
  representation of spherical data - C++ shared library

libhealpix-dev/stable 3.60+ds-1+b5 arm64
  HEALPix representation of spherical data - Fortran development library

libhealpix-java/stable 3.60+ds-5 all
  HEALPix representation of spherical data - Java library

libhealpix-java-doc/stable 3.60+ds-5 all
  HEALPix representation of spherical data - Java documentation

libhealpix0/stable 3.60+ds-1+b5 arm64
  HEALPix representation of spherical data - Fortran library

libhtml-format-perl/stable,now 2.16-2 all [installed,automatic]
  module for transforming HTML into various formats

libhtml-html5-microdata-parser-perl/stable 0.100-3 all
  fairly experimental parser for HTML 'microdata'

libhtml-microformats-perl/stable 0.105-6 all
  parse microformats in HTML

libhtml-popuptreeselect-perl/stable 1.6-7.3 all
  Perl module for HTML popup tree widget

libiconv-hook1/stable 0.0.20021209-12+b1 arm64
  extension of iconv for libapache-mod-encoding

libij-java/stable 1.54g-1 all
  Java library for ImageJ

libij-java-doc/stable 1.54g-1 all
  documentation of libij-java

libjatl-java/stable 0.2.3-2 all
  JATL - Java Anti-Template Language

libjcifs-java/stable 1.3.19+dfsg-1 all
  Java library for the CIFS/SMB networking protocol

libjcifs-java-doc/stable 1.3.19+dfsg-1 all
  Documentation for libjcifs-java (CIFS/SMB library for Java)

libjgoodies-looks-java/stable 2.7.0-3 all
  library with Swing look&feel implementations

libjgoodies-looks-java-doc/stable 2.7.0-3 all
  library with Swing look&feel implementations (documentation)

libjodconverter-java/stable 2.2.2-16 all
  Office formats converter - Library

libjodconverter-java-doc/stable 2.2.2-16 all
  Office formats converter - Library documentation

libjogl2-java/stable 2.5.0+dfsg-3.1 all
  Java bindings for OpenGL API

libjogl2-jni/stable 2.5.0+dfsg-3.1 arm64
  Java bindings for OpenGL API (JNI lib)

libjogl2-toolkits/stable 2.5.0+dfsg-3.1 all
  Toolkits to play with JOGL2

libjs-jquery-selectize.js/stable 0.12.6+dfsg-1.1 all
  Extensible jQuery-based custom select UI control

libjs-jquery-timeago/stable 1.6.7-2.1 all
  updates fuzzy timestamps

libjs-microplugin.js/stable 0.0.3+dfsg-1.1 all
  Lightweight plugin / dependency system for libraries

libjs-xmlextras/stable 20060529-2 all
  creates a common interface to use of the XML objects provided by IE and Mozilla

libjsonrpccpp-server0t64/stable 0.7.0-2.2+b3 arm64
  library implementing json-rpc C++ servers

libjtds-java/stable 1.3.1+dfsg-2 all
  JDBC 3.0 driver for Microsoft SQL Server(tm) and Sybase(tm)

libjxr-dev/stable 1.2~git20170615.f752187-5.3 arm64
  JPEG-XR lib - dev files

libjxr-tools/stable 1.2~git20170615.f752187-5.3 arm64
  JPEG-XR lib - command line apps

libjxr0t64/stable 1.2~git20170615.f752187-5.3 arm64
  JPEG-XR lib - libraries

libkleidiai-dev/stable 1.8.0+ds-1 arm64
  Optimized micro-kernel library for AI workloads for Arm CPUs (development files)

libkpim6tnef6/stable 4:24.12.3-1 arm64
  library for handling TNEF data

libktnef-data/stable 4:24.12.3-1 all
  library for handling TNEF data - data files

libktnef-dev/stable 4:24.12.3-1 arm64
  library for handling TNEF data - development files

libktorrent6-6/stable 25.04.0-2 arm64
  KTorrent library for C++ / Qt 5 / KDE Frameworks

libldm-1.0-0t64/stable 0.2.5-1.1+b2 arm64
  library for managing Microsoft Windows dynamic disks

libldm-dev/stable 0.2.5-1.1+b2 arm64
  library for managing Microsoft Windows dynamic disks

liblimesuite-dev/stable 23.11.0+dfsg-3+b2 arm64
  library to access LMS7 transceiver based hardware (development)

liblimesuite-doc/stable 23.11.0+dfsg-3 all
  liblimesuite development documentation

liblimesuite23.11-1/stable 23.11.0+dfsg-3+b2 arm64
  library to access LMS7 transceiver based hardware

libmarc-record-perl/stable 2.0.7-3 all
  Perl extension for handling MARC records

libmceliece-dev/stable 0~20241009-2 arm64
  Classic McEliece microlibrary - development files

libmceliece1/stable 0~20241009-2 arm64
  Classic McEliece microlibrary - shared library

libmicroba-java/stable 1:0.4.4.3-6 all
  set of JFC (Swing) components

libmicroba-java-doc/stable 1:0.4.4.3-6 all
  Documentation for libmicroba-java

libmicrodns-dev/stable 0.2.0-1+b2 arm64
  minimal mDNS resolver and announcer library (development files)

libmicrodns1/stable 0.2.0-1+b2 arm64
  minimal mDNS resolver and announcer library (shared library)

libmicrohttpd-dev/stable 1.0.1-4 arm64
  library embedding HTTP server functionality (development)

libmicrohttpd12t64/stable 1.0.1-4 arm64
  library embedding HTTP server functionality

libmicroprofile-dev/stable 4.0+dfsg-4+b2 arm64
  embeddable CPU/GPU profiler - development

libmicroprofile4/stable 4.0+dfsg-4+b2 arm64
  embeddable CPU/GPU profiler

libminiupnpc-dev/stable 2.2.8-2+b2 arm64
  UPnP IGD client lightweight library development files

libminiupnpc18/stable 2.2.8-2+b2 arm64
  UPnP IGD client lightweight library

libmodhmm-dev/stable 1.0+dfsg-7 arm64
  library for constructing, training and scoring hidden Markov models (dev)

libmodhmm0/stable 1.0+dfsg-7 arm64
  library for constructing, training and scoring hidden Markov models

libmono-microsoft-build-engine4.0-cil/stable 6.12.0.199+dfsg-6 all
  Mono Microsoft.Build.Engine library (for CLI 4.0)

libmono-microsoft-build-framework4.0-cil/stable 6.12.0.199+dfsg-6 all
  Mono Microsoft.Build.Framework library (for CLI 4.0)

libmono-microsoft-build-tasks-v4.0-4.0-cil/stable 6.12.0.199+dfsg-6 all
  Mono Microsoft.Build.Tasks.v4.0 library (for CLI 4.0)

libmono-microsoft-build-utilities-v4.0-4.0-cil/stable 6.12.0.199+dfsg-6 all
  Mono Microsoft.Build.Utilities.v4.0 library (for CLI 4.0)

libmono-microsoft-build4.0-cil/stable 6.12.0.199+dfsg-6 all
  Mono Microsoft.Build library (for CLI 4.0)

libmono-microsoft-csharp4.0-cil/stable 6.12.0.199+dfsg-6 all
  Mono Microsoft.CSharp library (for CLI 4.0)

libmono-microsoft-visualc10.0-cil/stable 6.12.0.199+dfsg-6 all
  Mono Microsoft.VisualC library (for CLI 4.0)

libmono-microsoft-web-infrastructure1.0-cil/stable 6.12.0.199+dfsg-6 all
  Mono Microsoft.Web.Infrastructure library (for CLI 4.0)

libmono-system-json-microsoft4.0-cil/stable 6.12.0.199+dfsg-6 all
  Mono System.Json.Microsoft library (for CLI 4.0)

libmsgraph-1-1/stable 0.3.3-3 arm64
  library for accessing the Microsoft Graph API

libmsgraph-dev/stable 0.3.3-3 arm64
  library for accessing the Microsoft Graph API - development files

libmsgraph-doc/stable 0.3.3-3 all
  library for accessing the Microsoft Graph API - documentation

libmsgsl-dev/stable 4.0.0-3.1 all
  Microsoft Guidelines Support Library

libmsiecf-dev/stable 20181227-3 arm64
  Microsoft Internet Explorer Cache File access library -- development files

libmsiecf-utils/stable 20181227-3 arm64
  Microsoft Internet Explorer Cache File access library -- Utilities

libmsiecf1t64/stable 20181227-3 arm64
  Microsoft Internet Explorer Cache File access library

libmsoffice-word-html-writer-perl/stable 1.10-1 all
  module for writing MsWord documents in HTML format

libmsoffice-word-surgeon-perl/stable 2.10-1 all
  Perl module for modifying docx documents using regular expressions

libmsoffice-word-template-perl/stable 2.05-3 all
  Perl module for creating Microsoft Word documents from Word templates

libmspack-dev/stable 0.11-1.1+b1 arm64
  library for Microsoft compression formats (development files)

libmspack-doc/stable 0.11-1.1 all
  library for Microsoft compression formats (documentation)

libmspack0t64/stable 0.11-1.1+b1 arm64
  library for Microsoft compression formats (shared library)

libmts-esp-dev/stable 0.0~git20230110.9df9a9c-1 arm64
  microtuning support to audio and MIDI plugins

libnanopb-dev/stable 0.4.9.1-1 arm64
  Protocol Buffers with small code size, development files

libnet-bluetooth-perl/stable 0.41-4+b3 arm64
  Perl interface to Bluetooth libraries

libnet-ldap-sid-perl/stable 0.001-2 all
  module for Active Directory Security Identifier (SID) manipulation

libnet-traceroute-perl/stable 1.15-3 all
  traceroute(1) functionality in perl

libnjb-dev/stable 2.2.7~dfsg0-5.1+b2 arm64
  Creative Labs Nomad Jukebox library development files

libnjb-doc/stable 2.2.7~dfsg0-5.1 all
  Creative Labs Nomad Jukebox library documentation

libnjb-tools/stable 2.2.7~dfsg0-5.1+b2 arm64
  Creative Labs Nomad Jukebox library tools

libnjb5/stable 2.2.7~dfsg0-5.1+b2 arm64
  Creative Labs Nomad Jukebox library

libnss-winbind/stable 2:4.22.10+dfsg-0+deb13u1 arm64
  Samba nameservice integration plugins

libntfs-3g89t64/stable 1:2022.10.3-5+deb13u1 arm64
  read/write NTFS driver for FUSE (runtime library)

libntlm0/stable 1.8-4 arm64
  NTLM authentication library

libntlm0-dev/stable 1.8-4 arm64
  Development files for the NTLM authentication library

libntruprime-dev/stable 0~20241021-2 arm64
  microlibrary for Streamlined NTRU Prime - development files

libntruprime1/stable 0~20241021-2 arm64
  microlibrary for Streamlined NTRU Prime - shared library

libocaml-intrinsics-kernel-ocaml/stable 0.17.1-1+b2 arm64
  library of intrinsics for OCaml (runtime)

libocaml-intrinsics-kernel-ocaml-dev/stable 0.17.1-1+b2 arm64
  library of intrinsics for OCaml (dev)

libofficebean-java/stable 4:25.2.3-2+deb13u6 arm64
  generic Java Bean wrapper for LibreOffice components

libole-storage-lite-perl/stable 0.22-1 all
  simple class for OLE document interface

libonnx-dev/stable 1.17.0-3+b1 arm64
  Open Neural Network Exchange (ONNX) (dev)

libonnx-testdata/stable 1.17.0-3 all
  Open Neural Network Exchange (ONNX) (test data)

libonnx1t64/stable 1.17.0-3+b1 arm64
  Open Neural Network Exchange (ONNX) (libs)

libopenni-sensor-pointclouds0/stable 5.1.0.41.11-1+b4 arm64
  Microsoft Kinect sensor modules for the OpenNI framework

libosgi-foundation-ee-java/stable 4.2.0-5 all
  Java OSGi API - Foundation Execution Environment

libpam-winbind/stable 2:4.22.10+dfsg-0+deb13u1 arm64
  Windows domain authentication integration plugin

libpango-1.0-0/stable,now 1.56.3-1 arm64 [installed,automatic]
  Layout and rendering of internationalized text

libpango1.0-dev/stable 1.56.3-1 arm64
  Development files for the Pango

libpango1.0-doc/stable 1.56.3-1 all
  Documentation files for the Pango

libpangocairo-1.0-0/stable,now 1.56.3-1 arm64 [installed,automatic]
  Layout and rendering of internationalized text

libpangoft2-1.0-0/stable,now 1.56.3-1 arm64 [installed,automatic]
  Layout and rendering of internationalized text

libpangoxft-1.0-0/stable,now 1.56.3-1 arm64 [installed,automatic]
  Layout and rendering of internationalized text

libpapi-dev/stable 7.1.0-5+b1 arm64
  PAPI development files (headers and API documentation)

libpapi7.1t64/stable 7.1.0-5+b1 arm64
  PAPI runtime (shared libraries)

libperl-languageserver-perl/stable 2.6.2-1 all
  Language Server and Debug Protocol Adapter for Perl

libphp-adodb/stable 5.22.9-0.1+deb13u1 all
  ADOdb is a PHP database abstraction layer library

libploticus0/stable 2.42-8 arm64
  script driven business graphics library

libpst-dev/stable 0.6.76-1.2 arm64
  library for reading Microsoft Outlook PST files (development files)

libpst4t64/stable 0.6.76-1.2 arm64
  library for reading Microsoft Outlook PST files

libqpid-proton-j-extensions-java/stable 1.2.5-1 all
  Websocket extension of Qpid Proton-J

libreoffice/stable 4:25.2.3-2+deb13u6 arm64
  office productivity suite (metapackage)

libreoffice-base/stable 4:25.2.3-2+deb13u6 arm64
  office productivity suite -- database

libreoffice-base-core/stable 4:25.2.3-2+deb13u6 arm64
  office productivity suite -- shared library

libreoffice-base-drivers/stable 4:25.2.3-2+deb13u6 arm64
  Database connectivity drivers for LibreOffice

libreoffice-base-nogui/stable 4:25.2.3-2+deb13u6 arm64
  office productivity suite -- database (no GUI variant)

libreoffice-calc/stable 4:25.2.3-2+deb13u6 arm64
  office productivity suite -- spreadsheet

libreoffice-calc-nogui/stable 4:25.2.3-2+deb13u6 arm64
  office productivity suite -- spreadsheet (no GUI variant)

libreoffice-common/stable 4:25.2.3-2+deb13u6 all
  office productivity suite -- arch-independent files

libreoffice-core/stable 4:25.2.3-2+deb13u6 arm64
  office productivity suite -- arch-dependent files

libreoffice-core-nogui/stable 4:25.2.3-2+deb13u6 arm64
  office productivity suite -- arch-dependent files (no GUI variant)

libreoffice-dev/stable 4:25.2.3-2+deb13u6 arm64
  office productivity suite -- SDK -- architecture-dependent parts

libreoffice-dev-common/stable 4:25.2.3-2+deb13u6 all
  office productivity suite -- SDK -- architecture-independent parts

libreoffice-dev-doc/stable 4:25.2.3-2+deb13u6 all
  office productivity suite -- SDK documentation

libreoffice-dev-gui/stable 4:25.2.3-2+deb13u6 arm64
  office productivity suite -- "GUI" development stuff

libreoffice-draw/stable 4:25.2.3-2+deb13u6 arm64
  office productivity suite -- drawing

libreoffice-draw-nogui/stable 4:25.2.3-2+deb13u6 arm64
  office productivity suite -- drawing (no GUI variant)

libreoffice-evolution/stable 4:25.2.3-2+deb13u6 arm64
  office productivity suite -- Evolution addressbook support

libreoffice-gnome/stable 4:25.2.3-2+deb13u6 arm64
  office productivity suite -- GNOME integration

libreoffice-grammalecte/stable 2.1.2+ds2-3 all
  French spellchecker and grammar checker (LibreOffice extension)

libreoffice-gtk3/stable 4:25.2.3-2+deb13u6 arm64
  office productivity suite -- GTK+ 3 integration

libreoffice-gtk4/stable 4:25.2.3-2+deb13u6 arm64
  office productivity suite -- GTK 4 integration

libreoffice-help-ca/stable 4:25.2.3-2+deb13u6 all
  office productivity suite -- Catalan help

libreoffice-help-common/stable 4:25.2.3-2+deb13u6 all
  office productivity suite -- common files for LibreOffice help

libreoffice-help-cs/stable 4:25.2.3-2+deb13u6 all
  office productivity suite -- Czech help

libreoffice-help-da/stable 4:25.2.3-2+deb13u6 all
  office productivity suite -- Danish help

libreoffice-help-de/stable 4:25.2.3-2+deb13u6 all
  office productivity suite -- German help

libreoffice-help-dz/stable 4:25.2.3-2+deb13u6 all
  office productivity suite -- Dzongkha help

libreoffice-help-el/stable 4:25.2.3-2+deb13u6 all
  office productivity suite -- Greek help

libreoffice-help-en-gb/stable 4:25.2.3-2+deb13u6 all
  office productivity suite -- English_british help

libreoffice-help-en-us/stable 4:25.2.3-2+deb13u6 all
  office productivity suite -- English_american help

libreoffice-help-es/stable 4:25.2.3-2+deb13u6 all
  office productivity suite -- Spanish help

libreoffice-help-et/stable 4:25.2.3-2+deb13u6 all
  office productivity suite -- Estonian help

libreoffice-help-eu/stable 4:25.2.3-2+deb13u6 all
  office productivity suite -- Basque help

libreoffice-help-fi/stable 4:25.2.3-2+deb13u6 all
  office productivity suite -- Finnish help

libreoffice-help-fr/stable 4:25.2.3-2+deb13u6 all
  office productivity suite -- French help

libreoffice-help-gl/stable 4:25.2.3-2+deb13u6 all
  office productivity suite -- Galician help

libreoffice-help-hi/stable 4:25.2.3-2+deb13u6 all
  office productivity suite -- Hindi help

libreoffice-help-hu/stable 4:25.2.3-2+deb13u6 all
  office productivity suite -- Hungarian help

libreoffice-help-id/stable 4:25.2.3-2+deb13u6 all
  office productivity suite -- Indonesian help

libreoffice-help-it/stable 4:25.2.3-2+deb13u6 all
  office productivity suite -- Italian help

libreoffice-help-ja/stable 4:25.2.3-2+deb13u6 all
  office productivity suite -- Japanese help

libreoffice-help-km/stable 4:25.2.3-2+deb13u6 all
  office productivity suite -- Khmer help

libreoffice-help-ko/stable 4:25.2.3-2+deb13u6 all
  office productivity suite -- Korean help

libreoffice-help-nl/stable 4:25.2.3-2+deb13u6 all
  office productivity suite -- Dutch help

libreoffice-help-om/stable 4:25.2.3-2+deb13u6 all
  office productivity suite -- Oromo help

libreoffice-help-pl/stable 4:25.2.3-2+deb13u6 all
  office productivity suite -- Polish help

libreoffice-help-pt/stable 4:25.2.3-2+deb13u6 all
  office productivity suite -- Portuguese help

libreoffice-help-pt-br/stable 4:25.2.3-2+deb13u6 all
  office productivity suite -- Portuguese_brazilian help

libreoffice-help-ru/stable 4:25.2.3-2+deb13u6 all
  office productivity suite -- Russian help

libreoffice-help-sk/stable 4:25.2.3-2+deb13u6 all
  office productivity suite -- Slovak help

libreoffice-help-sl/stable 4:25.2.3-2+deb13u6 all
  office productivity suite -- Slovenian help

libreoffice-help-sv/stable 4:25.2.3-2+deb13u6 all
  office productivity suite -- Swedish help

libreoffice-help-tr/stable 4:25.2.3-2+deb13u6 all
  office productivity suite -- Turkish help

libreoffice-help-vi/stable 4:25.2.3-2+deb13u6 all
  office productivity suite -- Vietnamese help

libreoffice-help-zh-cn/stable 4:25.2.3-2+deb13u6 all
  office productivity suite -- Chinese_simplified help

libreoffice-help-zh-tw/stable 4:25.2.3-2+deb13u6 all
  office productivity suite -- Chinese_traditional help

libreoffice-impress/stable 4:25.2.3-2+deb13u6 arm64
  office productivity suite -- presentation

libreoffice-impress-nogui/stable 4:25.2.3-2+deb13u6 arm64
  office productivity suite -- presentation (no GUI variant)

libreoffice-java-common/stable 4:25.2.3-2+deb13u6 all
  office productivity suite -- arch-independent Java support files

libreoffice-kf6/stable 4:25.2.3-2+deb13u6 arm64
  office productivity suite -- KDE Frameworks 6 integration

libreoffice-l10n-af/stable 4:25.2.3-2+deb13u6 all
  office productivity suite -- Afrikaans language package

libreoffice-l10n-am/stable 4:25.2.3-2+deb13u6 all
  office productivity suite -- Amharic language package

libreoffice-l10n-ar/stable 4:25.2.3-2+deb13u6 all
  office productivity suite -- Arabic language package

libreoffice-l10n-as/stable 4:25.2.3-2+deb13u6 all
  office productivity suite -- Assamese language package

libreoffice-l10n-ast/stable 4:25.2.3-2+deb13u6 all
  office productivity suite -- Asturian language package

libreoffice-l10n-be/stable 4:25.2.3-2+deb13u6 all
  office productivity suite -- Belarusian language package

libreoffice-l10n-bg/stable 4:25.2.3-2+deb13u6 all
  office productivity suite -- Bulgarian language package

libreoffice-l10n-bn/stable 4:25.2.3-2+deb13u6 all
  office productivity suite -- Bengali language package

libreoffice-l10n-br/stable 4:25.2.3-2+deb13u6 all
  office productivity suite -- Breton language package

libreoffice-l10n-bs/stable 4:25.2.3-2+deb13u6 all
  office productivity suite -- Bosnian language package

libreoffice-l10n-ca/stable 4:25.2.3-2+deb13u6 all
  office productivity suite -- Catalan language package

libreoffice-l10n-cs/stable 4:25.2.3-2+deb13u6 all
  office productivity suite -- Czech language package

libreoffice-l10n-cy/stable 4:25.2.3-2+deb13u6 all
  office productivity suite -- Welsh language package

libreoffice-l10n-da/stable 4:25.2.3-2+deb13u6 all
  office productivity suite -- Danish language package

libreoffice-l10n-de/stable 4:25.2.3-2+deb13u6 all
  office productivity suite -- German language package

libreoffice-l10n-dz/stable 4:25.2.3-2+deb13u6 all
  office productivity suite -- Dzongkha language package

libreoffice-l10n-el/stable 4:25.2.3-2+deb13u6 all
  office productivity suite -- Greek language package

libreoffice-l10n-en-gb/stable 4:25.2.3-2+deb13u6 all
  office productivity suite -- English_british language package

libreoffice-l10n-en-za/stable 4:25.2.3-2+deb13u6 all
  office productivity suite -- English_southafrican language package

libreoffice-l10n-eo/stable 4:25.2.3-2+deb13u6 all
  office productivity suite -- Esperanto language package

libreoffice-l10n-es/stable 4:25.2.3-2+deb13u6 all
  office productivity suite -- Spanish language package

libreoffice-l10n-et/stable 4:25.2.3-2+deb13u6 all
  office productivity suite -- Estonian language package

libreoffice-l10n-eu/stable 4:25.2.3-2+deb13u6 all
  office productivity suite -- Basque language package

libreoffice-l10n-fa/stable 4:25.2.3-2+deb13u6 all
  office productivity suite -- Farsi language package

libreoffice-l10n-fi/stable 4:25.2.3-2+deb13u6 all
  office productivity suite -- Finnish language package

libreoffice-l10n-fr/stable 4:25.2.3-2+deb13u6 all
  office productivity suite -- French language package

libreoffice-l10n-ga/stable 4:25.2.3-2+deb13u6 all
  office productivity suite -- Gaelic language package

libreoffice-l10n-gd/stable 4:25.2.3-2+deb13u6 all
  office productivity suite -- Scottish_gaelic language package

libreoffice-l10n-gl/stable 4:25.2.3-2+deb13u6 all
  office productivity suite -- Galician language package

libreoffice-l10n-gu/stable 4:25.2.3-2+deb13u6 all
  office productivity suite -- Gujarati language package

libreoffice-l10n-gug/stable 4:25.2.3-2+deb13u6 all
  office productivity suite -- Guarani language package

libreoffice-l10n-he/stable 4:25.2.3-2+deb13u6 all
  office productivity suite -- Hebrew language package

libreoffice-l10n-hi/stable 4:25.2.3-2+deb13u6 all
  office productivity suite -- Hindi language package

libreoffice-l10n-hr/stable 4:25.2.3-2+deb13u6 all
  office productivity suite -- Croatian language package

libreoffice-l10n-hu/stable 4:25.2.3-2+deb13u6 all
  office productivity suite -- Hungarian language package

libreoffice-l10n-hy/stable 4:25.2.3-2+deb13u6 all
  office productivity suite -- Armenian language package

libreoffice-l10n-id/stable 4:25.2.3-2+deb13u6 all
  office productivity suite -- Indonesian language package

libreoffice-l10n-in/stable 4:25.2.3-2+deb13u6 all
  office productivity suite -- Indic language packages

libreoffice-l10n-is/stable 4:25.2.3-2+deb13u6 all
  office productivity suite -- Icelandic language package

libreoffice-l10n-it/stable 4:25.2.3-2+deb13u6 all
  office productivity suite -- Italian language package

libreoffice-l10n-ja/stable 4:25.2.3-2+deb13u6 all
  office productivity suite -- Japanese language package

libreoffice-l10n-ka/stable 4:25.2.3-2+deb13u6 all
  office productivity suite -- Georgian language package

libreoffice-l10n-kk/stable 4:25.2.3-2+deb13u6 all
  office productivity suite -- Kazakh language package

libreoffice-l10n-km/stable 4:25.2.3-2+deb13u6 all
  office productivity suite -- Khmer language package

libreoffice-l10n-kmr/stable 4:25.2.3-2+deb13u6 all
  office productivity suite -- Kurmanji language package

libreoffice-l10n-kn/stable 4:25.2.3-2+deb13u6 all
  office productivity suite -- Kannada language package

libreoffice-l10n-ko/stable 4:25.2.3-2+deb13u6 all
  office productivity suite -- Korean language package

libreoffice-l10n-lt/stable 4:25.2.3-2+deb13u6 all
  office productivity suite -- Lithuanian language package

libreoffice-l10n-lv/stable 4:25.2.3-2+deb13u6 all
  office productivity suite -- Latvian language package

libreoffice-l10n-mk/stable 4:25.2.3-2+deb13u6 all
  office productivity suite -- Macedonian language package

libreoffice-l10n-ml/stable 4:25.2.3-2+deb13u6 all
  office productivity suite -- Malayalam language package

libreoffice-l10n-mn/stable 4:25.2.3-2+deb13u6 all
  office productivity suite -- Mongolian language package

libreoffice-l10n-mr/stable 4:25.2.3-2+deb13u6 all
  office productivity suite -- Marathi language package

libreoffice-l10n-nb/stable 4:25.2.3-2+deb13u6 all
  office productivity suite -- Norwegian_bokmal language package

libreoffice-l10n-ne/stable 4:25.2.3-2+deb13u6 all
  office productivity suite -- Nepalese language package

libreoffice-l10n-nl/stable 4:25.2.3-2+deb13u6 all
  office productivity suite -- Dutch language package

libreoffice-l10n-nn/stable 4:25.2.3-2+deb13u6 all
  office productivity suite -- Norwegian_nynorsk language package

libreoffice-l10n-nr/stable 4:25.2.3-2+deb13u6 all
  office productivity suite -- Ndebele language package

libreoffice-l10n-nso/stable 4:25.2.3-2+deb13u6 all
  office productivity suite -- Northern_sotho language package

libreoffice-l10n-oc/stable 4:25.2.3-2+deb13u6 all
  office productivity suite -- Occitan language package

libreoffice-l10n-om/stable 4:25.2.3-2+deb13u6 all
  office productivity suite -- Oromo language package

libreoffice-l10n-or/stable 4:25.2.3-2+deb13u6 all
  office productivity suite -- Odia language package

libreoffice-l10n-pa-in/stable 4:25.2.3-2+deb13u6 all
  office productivity suite -- Punjabi language package

libreoffice-l10n-pl/stable 4:25.2.3-2+deb13u6 all
  office productivity suite -- Polish language package

libreoffice-l10n-pt/stable 4:25.2.3-2+deb13u6 all
  office productivity suite -- Portuguese language package

libreoffice-l10n-pt-br/stable 4:25.2.3-2+deb13u6 all
  office productivity suite -- Portuguese_brazilian language package

libreoffice-l10n-ro/stable 4:25.2.3-2+deb13u6 all
  office productivity suite -- Romanian language package

libreoffice-l10n-ru/stable 4:25.2.3-2+deb13u6 all
  office productivity suite -- Russian language package

libreoffice-l10n-rw/stable 4:25.2.3-2+deb13u6 all
  office productivity suite -- Kinarwanda language package

libreoffice-l10n-si/stable 4:25.2.3-2+deb13u6 all
  office productivity suite -- Sinhala language package

libreoffice-l10n-sk/stable 4:25.2.3-2+deb13u6 all
  office productivity suite -- Slovak language package

libreoffice-l10n-sl/stable 4:25.2.3-2+deb13u6 all
  office productivity suite -- Slovenian language package

libreoffice-l10n-sr/stable 4:25.2.3-2+deb13u6 all
  office productivity suite -- Serbian language package

libreoffice-l10n-ss/stable 4:25.2.3-2+deb13u6 all
  office productivity suite -- Swazi language package

libreoffice-l10n-st/stable 4:25.2.3-2+deb13u6 all
  office productivity suite -- Southern_sotho language package

libreoffice-l10n-sv/stable 4:25.2.3-2+deb13u6 all
  office productivity suite -- Swedish language package

libreoffice-l10n-szl/stable 4:25.2.3-2+deb13u6 all
  office productivity suite -- Upper_silesian language package

libreoffice-l10n-ta/stable 4:25.2.3-2+deb13u6 all
  office productivity suite -- Tamil language package

libreoffice-l10n-te/stable 4:25.2.3-2+deb13u6 all
  office productivity suite -- Telugu language package

libreoffice-l10n-tg/stable 4:25.2.3-2+deb13u6 all
  office productivity suite -- Tajik language package

libreoffice-l10n-th/stable 4:25.2.3-2+deb13u6 all
  office productivity suite -- Thai language package

libreoffice-l10n-tl/stable 4:25.2.3-2+deb13u6 all
  office productivity suite -- Tagalog language package

libreoffice-l10n-tn/stable 4:25.2.3-2+deb13u6 all
  office productivity suite -- Tswana language package

libreoffice-l10n-tr/stable 4:25.2.3-2+deb13u6 all
  office productivity suite -- Turkish language package

libreoffice-l10n-ts/stable 4:25.2.3-2+deb13u6 all
  office productivity suite -- Tsonga language package

libreoffice-l10n-ug/stable 4:25.2.3-2+deb13u6 all
  office productivity suite -- Uighur language package

libreoffice-l10n-uk/stable 4:25.2.3-2+deb13u6 all
  office productivity suite -- Ukrainian language package

libreoffice-l10n-uz/stable 4:25.2.3-2+deb13u6 all
  office productivity suite -- Uzbek language package

libreoffice-l10n-ve/stable 4:25.2.3-2+deb13u6 all
  office productivity suite -- Venda language package

libreoffice-l10n-vi/stable 4:25.2.3-2+deb13u6 all
  office productivity suite -- Vietnamese language package

libreoffice-l10n-xh/stable 4:25.2.3-2+deb13u6 all
  office productivity suite -- Xhosa language package

libreoffice-l10n-za/stable 4:25.2.3-2+deb13u6 all
  office productivity suite -- South African language packages

libreoffice-l10n-zh-cn/stable 4:25.2.3-2+deb13u6 all
  office productivity suite -- Chinese_simplified language package

libreoffice-l10n-zh-tw/stable 4:25.2.3-2+deb13u6 all
  office productivity suite -- Chinese_traditional language package

libreoffice-l10n-zu/stable 4:25.2.3-2+deb13u6 all
  office productivity suite -- Zulu language package

libreoffice-librelogo/stable 4:25.2.3-2+deb13u6 all
  Logo-like programming language for LibreOffice

libreoffice-math/stable 4:25.2.3-2+deb13u6 arm64
  office productivity suite -- equation editor

libreoffice-math-nogui/stable 4:25.2.3-2+deb13u6 arm64
  office productivity suite -- equation editor (no GUI variant)

libreoffice-nogui/stable 4:25.2.3-2+deb13u6 arm64
  office productivity suite (metapackage, no GUI)

libreoffice-plasma/stable 4:25.2.3-2+deb13u6 all
  office productivity suite -- some Plasma integration

libreoffice-qt5/stable 4:25.2.3-2+deb13u6 arm64
  office productivity suite -- Qt 5 integration

libreoffice-qt6/stable 4:25.2.3-2+deb13u6 arm64
  office productivity suite -- Qt 6 integration

libreoffice-report-builder/stable 4:25.2.3-2+deb13u6 all
  LibreOffice component for building database reports

libreoffice-report-builder-bin/stable 4:25.2.3-2+deb13u6 arm64
  LibreOffice component for building database reports -- libraries

libreoffice-report-builder-bin-nogui/stable 4:25.2.3-2+deb13u6 arm64
  LibreOffice component for building database reports -- libraries (no GUI variant)

libreoffice-script-provider-bsh/stable 4:25.2.3-2+deb13u6 all
  BeanShell script support provider for LibreOffice scripting framework

libreoffice-script-provider-js/stable 4:25.2.3-2+deb13u6 all
  JavaScript script support provider for LibreOffice scripting framework

libreoffice-script-provider-python/stable 4:25.2.3-2+deb13u6 all
  Python script support provider for LibreOffice scripting framework

libreoffice-sdbc-firebird/stable 4:25.2.3-2+deb13u6 arm64
  (embedded) Firebird SDBC driver for LibreOffice

libreoffice-sdbc-hsqldb/stable 4:25.2.3-2+deb13u6 arm64
  embedded HSQLDB SDBC driver for LibreOffice

libreoffice-sdbc-mysql/stable 4:25.2.3-2+deb13u6 arm64
  MariaDB/MySQL SDBC driver for LibreOffice

libreoffice-sdbc-postgresql/stable 4:25.2.3-2+deb13u6 arm64
  PostgreSQL SDBC driver for LibreOffice

libreoffice-style-breeze/stable 4:25.2.3-2+deb13u6 all
  office productivity suite -- Breeze symbol style

libreoffice-style-colibre/stable 4:25.2.3-2+deb13u6 all
  office productivity suite -- colibre symbol style

libreoffice-style-elementary/stable 4:25.2.3-2+deb13u6 all
  office productivity suite -- Elementary symbol style

libreoffice-style-karasa-jaga/stable 4:25.2.3-2+deb13u6 all
  office productivity suite -- Karasa Jaga symbol style

libreoffice-style-sifr/stable 4:25.2.3-2+deb13u6 all
  office productivity suite -- Sifr symbol style

libreoffice-style-sukapura/stable 4:25.2.3-2+deb13u6 all
  office productivity suite -- Sukapura symbol style

libreoffice-uiconfig-base/stable 4:25.2.3-2+deb13u6 all
  UI data ("config") for LibreOffice Base

libreoffice-uiconfig-calc/stable 4:25.2.3-2+deb13u6 all
  UI data ("config") for LibreOffice Calc

libreoffice-uiconfig-common/stable 4:25.2.3-2+deb13u6 all
  UI data ("config") for LibreOffice ("common" set)

libreoffice-uiconfig-draw/stable 4:25.2.3-2+deb13u6 all
  UI data ("config") for LibreOffice Draw

libreoffice-uiconfig-impress/stable 4:25.2.3-2+deb13u6 all
  UI data ("config") for LibreOffice Impress

libreoffice-uiconfig-math/stable 4:25.2.3-2+deb13u6 all
  UI data ("config") for LibreOffice Math

libreoffice-uiconfig-report-builder/stable 4:25.2.3-2+deb13u6 all
  UI data ("config") for the LibreOffice Report Builder

libreoffice-uiconfig-writer/stable 4:25.2.3-2+deb13u6 all
  UI data ("config") for LibreOffice Writer

libreoffice-voikko/stable 5.0-4+b1 arm64
  Spellchecker, grammar checker and hyphenator for LibreOffice

libreoffice-wiki-publisher/stable 4:1.2.0+LibO25.2.3-2+deb13u6 all
  LibreOffice extension for working with MediaWiki articles

libreoffice-writer/stable 4:25.2.3-2+deb13u6 arm64
  office productivity suite -- word processor

libreoffice-writer-nogui/stable 4:25.2.3-2+deb13u6 arm64
  office productivity suite -- word processor (no GUI variant)

librust-abscissa-derive-dev/stable 0.7.0-1+b3 arm64
  Custom derive support for the abscissa application microframework - Rust source code

librust-criterion-dev/stable 0.5.1-10 all
  statistics-driven micro-benchmarking - Rust source code

librust-defmt-dev/stable 0.3.10-2 arm64
  Highly efficient logging framework that targets resource-constrained devices, like microcontrollers - Rust source code

librust-futures-micro-dev/stable 1.0.0~rc0-1+b3 arm64
  Minimal, no_std compatible async prelude - Rust source code

librust-lzxd-dev/stable 0.2.5-1+b2 arm64
  Decompression implementation for Microsoft's LZXD compression format - Rust source code

librust-matrixmultiply-dev/stable 0.3.9-1 arm64
  General matrix multiplication for f32 and f64 matrices - Rust source code

librust-microformats-dev/stable 0.15.0-1 all
  microformats parser - Rust source code

librust-pdb-dev/stable 0.8.0-3 arm64
  Parser for Microsoft PDB (Program Database) debugging information - Rust source code

librust-srcsrv-dev/stable 0.2.2-1+b3 arm64
  Interpret the contents of a srcsrv stream from a pdb file (Microsoft Source Server) - Rust source code

librust-symsrv-dev/stable 0.5.3-1+b1 arm64
  Microsoft symsrv symbol server consumer (downloader + cache) - Rust source code

librust-to-method-dev/stable 1.1.0-1+b3 arm64
  Utility micro-crate for using Into more ergonomically - Rust source code

libsde1t64/stable 7.1.0-5+b1 arm64
  PAPI software defined events runtime (shared libraries)

libseqlib-dev/stable 1.2.0+dfsg-11+b3 arm64
  C++ htslib/bwa-mem/fermi interface for interrogating sequence data (dev)

libseqlib2/stable 1.2.0+dfsg-11+b3 arm64
  C++ htslib/bwa-mem/fermi interface for interrogating sequence data

libsimavr-examples/stable 1.6+dfsg-3 all
  AVR simulator development examples

libsimdjson-dev/stable 3.12.3-1 arm64
  Parsing gigabytes of JSON per second (development)

libsimdjson25/stable 3.12.3-1 arm64
  Parsing gigabytes of JSON per second (shared object)

libsmbclient-dev/stable 2:4.22.10+dfsg-0+deb13u1 arm64
  development files for libsmbclient

libsmbclient0/stable 2:4.22.10+dfsg-0+deb13u1 arm64
  shared library for communication with SMB/CIFS servers

libsndfile1/stable,now 1.2.2-2+deb13u1 arm64 [installed,automatic]
  Library for reading/writing audio files

libspectrum-dev/stable 1.5.0-4+b2 arm64
  ZX Spectrum emulator library - Development files

libspectrum8/stable 1.5.0-4+b2 arm64
  ZX Spectrum emulator library - Shared libraries

libspreadsheet-read-perl/stable 0.93-1 all
  reader for common spreadsheet formats

libspreadsheet-wright-perl/stable 0.107-5 all
  simple spreadsheet worker

libsquashfs-dev/stable 1.3.2-1 arm64
  New set of tools for working with SquashFS images - development

libsquashfs1/stable 1.3.2-1 arm64
  New set of tools for working with SquashFS images - shared library

libsstp-api-0/stable 1.0.20-1+b2 arm64
  Connect to a Microsoft Windows 2008 server using SSTP VPN

libsstp-api-0-dev/stable 1.0.20-1+b2 arm64
  Connect to a Microsoft Windows 2008 server using SSTP VPN

libstatistics-contingency-perl/stable 0.09-2 all
  module to calculate precision, recall, F1, accuracy, etc.

libstlink-dev/stable 1.8.0-1.1 arm64
  OpenSource ST-Link tools replacement.

libstlink1/stable 1.8.0-1.1 arm64
  OpenSource ST-Link tools replacement.

libsupernovas1/stable 1.3.0-2 arm64
  SuperNOVAS C/C++ astrometry library

libsvmloc-dev/stable 1.0+dfsg-7 arm64
  PSORTb adapted library for svm machine-learning library (dev)

libsvmloc0/stable 1.0+dfsg-7 arm64
  PSORTb adapted library for svm machine-learning library

libswupdate-dev/stable 2024.12.1+dfsg-3+deb13u2 arm64
  Development files for swupdate framework

libswupdate0.1/stable 2024.12.1+dfsg-3+deb13u2 arm64
  Library for controlling the swupdate framework

libtask-kensho-excelcsv-perl/stable 0.41-2 all
  provides modules recommended for Task::Kensho::ExcelCSV

libterm-readline-ttytter-perl/stable 1.4-3.1 all
  Term::ReadLine driver with special features for microblogging

libtext-micromason-perl/stable 2.23-5 all
  simple and extensible templating module

libtext-microtemplate-perl/stable 0.24-3 all
  Micro template engine with Perl5 language

libtext-xslate-perl/stable 3.5.9-2+b1 arm64
  scalable template engine for Perl 5 (C/XS accelerated)

libtlsh-dev/stable 3.4.4+20151206-1.4+b10 arm64
  fuzzy hashing library - development files

libtlsh0/stable 3.4.4+20151206-1.4+b10 arm64
  fuzzy hashing library

libtm1638-dev/stable 1.0-2 arm64
  interface to TM1638 based displays for Raspberry Pi (development files)

libtogl-dev/stable 2.0-3 all
  Tk OpenGL widget - development files

libtogl2/stable 2.0-3 arm64
  Tk OpenGL widget

libtruss-clojure/stable 1.6.0.8.g3eed445-2 all
  Assertions API for Clojure/Script

libtuning-library-dev/stable 1.1.0+ds-4+b1 arm64
  Surge Synth Team Tuning Library

libuemf-dev/stable 0.2.8+ds-3+b2 arm64
  Read/write EMF, EMF+, WMF files (development files)

libuemf0/stable 0.2.8+ds-3+b2 arm64
  Read/write EMF, EMF+, WMF files (shared library)

libuev-dev/stable 2.4.1-1+b1 arm64
  static library, header files, and docs for libuev

libuev3t64/stable 2.4.1-1+b1 arm64
  Lightweight event loop library for Linux

libulfius-dev/stable 2.7.15-2.2+b2 arm64
  Web Framework for REST Applications in C - development

libulfius2.7t64/stable 2.7.15-2.2+b2 arm64
  Web Framework for REST Applications in C

libvotca-2024/stable 2024.2-4 arm64
  VOTCA molecular dynamics analysis - shared libraries

libvotca-dev/stable 2024.2-4 arm64
  VOTCA molecular dynamics analysis - development files

libwasmedge-dev/stable 0.14.1+dfsg-3.1 arm64
  standalone runtime for WebAssembly (development headers)

libwasmedge0/stable 0.14.1+dfsg-3.1 arm64
  standalone runtime for WebAssembly (C API shared library)

libwbclient-dev/stable 2:4.22.10+dfsg-0+deb13u1 arm64
  Samba winbind client library - development files

libwbclient0/stable 2:4.22.10+dfsg-0+deb13u1 arm64
  Samba winbind client library

libwim15t64/stable 1.14.4-1.1+b3 arm64
  Library for manipulating Windows Imaging files

libwmf-0.2-7/stable,now 0.2.13-1.1+b3 arm64 [installed,automatic]
  Windows metafile conversion library

libwmf-0.2-7-gtk/stable 0.2.13-1.1+b3 arm64
  Windows metafile conversion GTK pixbuf plugin

libwmf-bin/stable 0.2.13-1.1+b3 arm64
  Windows metafile conversion tools

libwmf-dev/stable 0.2.13-1.1+b3 arm64
  Windows metafile conversion development

libwmf-doc/stable 0.2.13-1.1 all
  Windows metafile documentation

libwmf0.2-7/stable 0.2.13-1.1+b3 arm64
  Windows metafile conversion library - transitional package

libwmf0.2-7-gtk/stable 0.2.13-1.1+b3 arm64
  Windows metafile conversion GTK pixbuf plugin - transitional package

libwmflite-0.2-7/stable,now 0.2.13-1.1+b3 arm64 [installed,automatic]
  Windows metafile conversion lite library

libwps-0.4-4/stable 0.4.14-2+b2 arm64
  Works text file format import filter library (shared library)

libwps-dev/stable 0.4.14-2+b2 arm64
  Works text file format import filter library (development)

libwps-doc/stable 0.4.14-2 all
  Works text file format import filter library (documentation)

libwps-tools/stable 0.4.14-2+b2 arm64
  Tools from libwps for converting Works text documents to HTML/RAW/Text

libwv-1.2-4t64/stable 1.2.9-8+b1 arm64
  Library for accessing Microsoft Word documents

libwv-dev/stable 1.2.9-8+b1 arm64
  Development files for the wvWare library

libwxbase3.2-1t64/stable 3.2.8+dfsg-2 arm64
  wxBase library (runtime) - non-GUI support classes of wxWidgets toolkit

libxml-atom-microformats-perl/stable 0.004-4 all
  parse microformats in Atom content

libxml-struct-perl/stable 0.27-1 all
  represent XML as data structure preserving element order

libxmuu-dev/stable 2:1.1.3-3+b4 arm64
  X11 miscellaneous micro-utility library (development headers)

libxmuu1/stable,now 2:1.1.3-3+b4 arm64 [installed,automatic]
  X11 miscellaneous micro-utility library

libxsimd-dev/stable 13.2.0-1 arm64
  C++ wrappers for SIMD intrinsics

libxsimd-doc/stable 13.2.0-1 all
  Documentation for xsimd

libytnef0/stable 2.1.2-1+b2 arm64
  improved decoder for application/ms-tnef attachments

libytnef0-dev/stable 2.1.2-1+b2 arm64
  headers for application/ms-tnef attachments decoder

libz3-4/stable,now 4.13.3-1 arm64 [installed,automatic]
  theorem prover from Microsoft Research - runtime libraries

libz3-dev/stable 4.13.3-1 arm64
  theorem prover from Microsoft Research - development files

libz3-java/stable 4.13.3-1 arm64
  theorem prover from Microsoft Research - java bindings

libz3-jni/stable 4.13.3-1 arm64
  theorem prover from Microsoft Research - JNI library

libzint-dev/stable 2.15.0-1+b1 arm64
  Zint development files

libzint2.15/stable 2.15.0-1+b1 arm64
  library for encoding data in barcode symbols

limesuite/stable 23.11.0+dfsg-3+b2 arm64
  tools to test, control and update LMS7 transceiver based hardware

limesuite-udev/stable 23.11.0+dfsg-3 all
  Lime Suite - USB rules for udev

linssid/stable 3.6-10 arm64
  graphical wireless scanner

linuxcnc-uspace/stable 1:2.9.4-2+deb13u1 arm64
  motion controller for CNC machines and robots

linuxcnc-uspace-dev/stable 1:2.9.4-2+deb13u1 arm64
  PC based motion controller for real-time Linux

linuxptp/stable 4.2-1+b1 arm64
  Precision Time Protocol (PTP, IEEE1588) implementation for Linux

lltdscan/stable 0+20180223-2 arm64
  Scan for LLTD-enabled hosts on your network

lomiri-online-accounts-plugin-microsoft/stable 0.20-1 all
  Lomiri Online Accounts account plugin - Microsoft

lpc21isp/stable 1.97-4+b1 arm64
  In-circuit programming (ISP) of ARM and Cortex microcontrollers

lpctools/stable 1.07-2+b1 arm64
  interface to NXP LPC Microcontrollers ISP serial interface

lua-swupdate/stable 2024.12.1+dfsg-3+deb13u2 arm64
  swupdate bindings for the Lua language

m16c-flash/stable 0.1-1.4+b1 arm64
  Flash programmer for Renesas M16C and R8C microcontrollers

mantis-xray/stable 3.2.2-1 all
  Multivariate ANalysis Tool for x-ray Spectromicroscopy

mash/stable 2.3+dfsg-6+b2 arm64
  fast genome and metagenome distance estimation using MinHash

mceliece/stable 0~20241009-2 arm64
  Classic McEliece microlibrary - command line tools

mcu8051ide/stable 1.4.9-2 all
  Graphical Integrated Development Environment for 8051

med-config/stable 3.9.0 all
  Debian Med general config package

megan-ce/stable 6.21.1+dfsg-4 all
  interactive tool to explore and analyse microbiome sequencing data

mender-client/stable 3.4.0+ds1-5+b15 arm64
  Mender over-the-air software updater client.

metaphlan/stable 4.0.4+ds-1 all
  Metagenomic Phylogenetic Analysis

metaphlan2-data/stable 2.6.0+ds-4 all
  data package for Metagenomic Phylogenetic Analysis

mg/stable 20240709-1+b1 arm64
  microscopic GNU Emacs-style editor

micro/stable 2.0.14-1+b6 arm64
  modern and intuitive terminal-based text editor

micro-httpd/stable 20140814-3+b1 arm64
  really small HTTP server

microbegps/stable 1.0.0-7 all
  explorative taxonomic profiling tool for metagenomic data

microbiomeutil/stable 20101212+dfsg1-6 all
  Microbiome Analysis Utilities

microbiomeutil-data/stable 20101212+dfsg1-6 all
  Reference 16S sequences and NAST-alignments used by microbiomeutil tools

microcom/stable 2023.09.0-1+b2 arm64
  minimalistic terminal program

microdc2/stable 0.15.6-7 arm64
  command-line based Direct Connect client

microhope/stable 5.3.3+repack-2 all
  hardware & software framework to learn microcontrollers

micropython/stable 1.25.0+ds-1 arm64
  Unix/Linux port of MicroPython for board-independent use on the host

micropython-doc/stable 1.25.0+ds-1 all
  Documentation and examples for MicroPython - HTML format

micropython-mpremote/stable 1.24.1-1 all
  Tool for interacting remotely with MicroPython on a microcontroller

microsocks/stable 1.0.5-1 arm64
  multithreaded, small, efficient SOCKS5 server

minica/stable 1.0-2+b16 arm64
  super micro binary to issue new CAs

miniupnpc/stable 2.2.8-2+b2 arm64
  UPnP IGD client lightweight library client

mira-assembler/stable 4.9.6-11+b1 arm64
  Whole Genome Shotgun and EST Sequence Assembler

mirtop/stable 0.4.30-1 all
  annotate miRNAs with a standard mirna/isomir naming

mmllib-tools/stable 1.4-1 all
  library for handling Music Macro Language (tools)

mocassin/stable 2.02.73.2-1+b1 arm64
  MOnte CArlo SimulationS of Ionised Nebulae

mono-complete/stable 6.12.0.199+dfsg-6 arm64
  complete Mono runtime, development tools and all libraries

mono-xbuild/stable 6.12.0.199+dfsg-6 all
  MSBuild-compatible build system for Mono

mothur/stable 1.48.1-1+b1 arm64
  sequence analysis suite for research on microbiota

mscompress/stable 0.4-10+b1 arm64
  Microsoft "compress.exe/expand.exe" compatible (de)compressor

msktutil/stable 1.2.2-1 arm64
  Utility for interoperability with Active Directory

mspdebug/stable 0.25-1 arm64
  debugging tool for MSP430 microcontrollers

mythes-ar/stable 1:25.2.3-1 all
  Arabic Thesaurus for LibreOffice

mythes-bg/stable 1:25.2.3-1 all
  Bulgarian Thesaurus for LibreOffice

mythes-ca/stable 1:25.2.3-1 all
  Catalan Thesaurus for LibreOffice

mythes-cs/stable 1:25.2.3-1 all
  Czech Thesaurus for LibreOffice

mythes-da/stable 1:25.2.3-1 all
  Danish Thesaurus for LibreOffice

mythes-en-au/stable 2.1-7 all
  Australian English Thesaurus for OpenOffice.org

mythes-en-us/stable 1:25.2.3-1 all
  English (USA) Thesaurus for LibreOffice

mythes-eo/stable 1:25.2.3-1 all
  Esperanto Thesaurus for LibreOffice

mythes-es/stable 1:25.2.3-1 all
  Spanish Thesaurus for LibreOffice

mythes-fr/stable 1:25.2.3-1 all
  French Thesaurus for LibreOffice

mythes-gl/stable 1:25.2.3-1 all
  Galician Thesaurus for LibreOffice

mythes-gug/stable 1:25.2.3-1 all
  Guarani Thesaurus for LibreOffice

mythes-hu/stable 1:25.2.3-1 all
  Hungarian Thesaurus for LibreOffice

mythes-id/stable 1:25.2.3-1 all
  Indonesian Thesaurus for LibreOffice

mythes-is/stable 1:25.2.3-1 all
  Icelandic Thesaurus for LibreOffice

mythes-it/stable 1:25.2.3-1 all
  Italian Thesaurus for LibreOffice

mythes-lv/stable 1:25.2.3-1 all
  Latvian Thesaurus for LibreOffice

mythes-ne/stable 1:25.2.3-1 all
  Nepalese Thesaurus for LibreOffice

mythes-no/stable 1:25.2.3-1 all
  Norwegian Thesaurus for LibreOffice

mythes-pl/stable 1.5-4.3 all
  Polish thesaurus for LibreOffice/OpenOffice.org

mythes-pt-br/stable 1:25.2.3-1 all
  Brazilian Portuguese Thesaurus for LibreOffice

mythes-pt-pt/stable 1:25.2.3-1 all
  Portuguese Thesaurus for LibreOffice

mythes-ro/stable 1:25.2.3-1 all
  Romanian Thesaurus for LibreOffice

mythes-ru/stable 1:25.2.3-1 all
  Russian Thesaurus for LibreOffice

mythes-sk/stable 1:25.2.3-1 all
  Slovak Thesaurus for LibreOffice

mythes-sl/stable 1:25.2.3-1 all
  Slovene Thesaurus for LibreOffice

mythes-sv/stable 1:25.2.3-1 all
  Swedish Thesaurus for LibreOffice

mythes-th/stable 1:25.2.3-1 all
  Thai Thesaurus for LibreOffice

mythes-uk/stable 1:25.2.3-1 all
  Ukrainian Thesaurus for LibreOffice

nanopb/stable 0.4.9.1-1 all
  Protocol Buffers with small code size

nasm/stable 2.16.03-1 arm64
  General-purpose x86 assembler

nast-ier/stable 20101212+dfsg1-6+b1 arm64
  NAST-based DNA alignment tool

natbraille/stable 2.0rc3-15 all
  French braille typesetting program

needrestart/stable 3.11-1 all
  check which daemons need to be restarted after library upgrades

network-manager-pptp/stable 1.2.12-4+b2 arm64
  network management framework (PPTP plugin core)

network-manager-sstp/stable 1.3.2-1+b6 arm64
  network management framework (SSTP plugin core)

ng-cjk/stable 1.5~beta1-13 arm64
  Nihongo MicroGnuEmacs with CJK support

ng-cjk-canna/stable 1.5~beta1-13 arm64
  Nihongo MicroGnuEmacs with CJK and Canna support

ng-common/stable 1.5~beta1-13 all
  Common files used by ng-* packages

ng-latin/stable 1.5~beta1-13 arm64
  Nihongo MicroGnuEmacs with Latin support

nitpic/stable 0.1-21 arm64
  simulator for the Microchip PIC16C84 microcontroller

nmon/stable 16q+debian-1+b1 arm64
  performance monitoring tool for Linux

node-ci-info/stable 4.0.0+~cs1.1.0-1 all
  Get details about the current Continuous Integration environment

node-d3-dsv/stable 1.2.0+~1.2.3-1 all
  parser and formatter for delimiter-separated values, such as CSV

node-eventemitter3/stable 4.0.7-3 all
  high performance eventemitter for Node.js

node-immediate/stable 3.3.0+dfsg-3 all
  Immediate is a cross browser microtask library

node-micromatch/stable 4.0.7+~4.0.9-1 all
  Glob matching for javascript/node.js

node-n3/stable 1.16.3+~1.2.3+~1.10.4-1 all
  fast asynchronous streaming RDF for JavaScript - Node library

node-setimmediate/stable 1.0.5-6 all
  shim for the setImmediate efficient script yielding API

nqc/stable 3.1.r6-13 arm64
  Not Quite C compiler for LEGO Mindstorms RCX

nsis/stable 3.11-1 arm64
  Nullsoft Scriptable Install System (modified for Debian)

nsis-common/stable 3.11-1 all
  Nullsoft Scriptable Install System stubs and plugins

nsis-doc/stable 3.11-1 all
  Nullsoft Scriptable Install System documentation

nsis-pluginapi/stable 3.11-1 all
  Nullsoft Scriptable Install System plugin API

ntfs-3g/stable 1:2022.10.3-5+deb13u1 arm64
  read/write NTFS driver for FUSE

ntfs-3g-dev/stable 1:2022.10.3-5+deb13u1 arm64
  read/write NTFS driver for FUSE (development)

ntfs2btrfs/stable 20240115-2 arm64
  converts NTFS filesystem to BTRFS

ntruprime/stable 0~20241021-2 arm64
  microlibrary for Streamlined NTRU Prime - command line tools

okular-mobile/stable 4:25.04.2-1+deb13u1 arm64
  mobile support for Okular

onedrive/stable 2.5.4-1 arm64
  folder synchronization with OneDrive

onedriver/stable 0.14.1-3 arm64
  native Linux filesystem for Microsoft OneDrive

openmcdf/stable 1.5.4-3.1 all
  Structured Storage Explorer

openmrac/stable 1.2-3+b2 arm64
  split-screen multiplayer 3D racing game

openmrac-data/stable 1.1-5 all
  split-screen multiplayer 3D racing game (data files)

openocd/stable 0.12.0-3+b2 arm64
  Open on-chip JTAG/SWD debug solution for embedded target devices

openttd/stable 14.1-1+b2 arm64
  reimplementation of Transport Tycoon Deluxe with enhancements

ophcrack/stable 3.8.0-3+b4 arm64
  Microsoft Windows password cracker using rainbow tables (gui)

ophcrack-cli/stable 3.8.0-3+b4 arm64
  Microsoft Windows password cracker using rainbow tables (cmdline)

pango1.0-tests/stable 1.56.3-1 arm64
  Layout and rendering of internationalized text - installed tests

pango1.0-tools/stable 1.56.3-1 arm64
  Development utilities for Pango

papi-examples/stable 7.1.0-5+b1 arm64
  PAPI example files and test programs

papi-tools/stable 7.1.0-5+b1 arm64
  PAPI utilities

parsinsert/stable 1.04-15 arm64
  Parsimonious Insertion of unclassified sequences into phylogenetic trees

parsinsert-testdata/stable 1.04-15 all
  Test data for parsinsert

pasco/stable 20040505-4+b1 arm64
  Internet Explorer cache forensic analysis tool

patman/stable 1.2.2+dfsg-8+b2 arm64
  rapid alignment of short sequences to large databases

pd-cxc/stable 0.5.2-8+b1 arm64
  Pd library for working with patterns and numbers

pd-unauthorized/stable 0.1-9 arm64
  library of Pd objects for streaming and GUI control

performous/stable 1.3.0+ds-2+b2 arm64
  karaoke game that allows user supplied songs

perftest/stable 25.01.0+0.80-1 arm64
  Infiniband verbs performance tests

perlnavigator/stable 0.6.0~dfsg-3 all
  Perl Language Server for the Language Server Protocol (LSP)

pesign/stable 116-8.1 arm64
  Signing utility for UEFI binaries

php-dapphp-radius/stable 2.5.8-3 all
  pure PHP RADIUS client based on the SysCo/al implementation

php-laravel-lumen-framework/stable 10.0.4-1 all
  micro-framework for building web applications in PHP

php-mf2/stable 0.3.0-0.2 all
  Microformats2 is the simplest way to markup structured information in HTML

php-slim/stable 3.12.5-1 all
  PHP micro framework for quick and simple web applications and APIs

php-symfony-http-kernel/stable 6.4.41+dfsg-0+deb13u1 all
  building blocks for flexible and fast HTTP-based frameworks

php-symfony-microsoft-teams-notifier/stable 6.4.41+dfsg-0+deb13u1 all
  Symfony Microsoft Teams Notifier Bridge

pico-sdk-source/stable 2.1.1-1 all
  headers and libraries to write programs for RP2040-based devices

playmidi/stable 2.4debian-17+b1 arm64
  MIDI player

ploticus/stable 2.42-8 arm64
  script driven business graphics package

poly1305/stable 0~20250415-1 arm64
  lib1305 one-time authenticator microlibrary - command line tools

ponyprog/stable 3.1.4+ds-1 arm64
  Serial device programmer

postgresql-17-tds-fdw/stable 2.0.4-1 arm64
  PostgreSQL foreign data wrapper for TDS databases

pptp-linux/stable 1.10.0-2 arm64
  Point-to-Point Tunneling Protocol (PPTP) Client

pptpd/stable 1.5.0-1+b3 arm64
  PoPToP Point to Point Tunneling Server

prodigal/stable 1:2.6.3-6+b1 arm64
  Microbial (bacterial and archaeal) gene finding program

prosody-modules/stable 0.0~hg20250402.f315edc39f3d+dfsg-2 all
  Selection of community modules for Prosody

protoc-gen-connect-go/stable 1.14.0-1+b3 arm64
  Go implementation of Connect (protobuf plugin)

pst-utils/stable 0.6.76-1.2 arm64
  tools for reading Microsoft Outlook PST files

puppet-hiera-enc/stable 1.0.0-1.1 all
  hiera-based micro-enc for puppet

pypy3/stable 7.3.19+dfsg-2 arm64
  fast alternative implementation of Python 3.x - PyPy interpreter

pyspectral-bin/stable 0.13.5+ds-1 all
  Reading and manipulaing satellite sensor spectral responses -- scripts

pysubs2/stable 1.8.0-1 all
  command-line tool to convert and retime subtitle files

python-azure-doc/stable 20250603+git-1 all
  Microsoft Azure SDK for Python - Documentation

python-biom-format-doc/stable 2.1.16-1 all
  documentation for BIOM format

python-can-doc/stable 4.5.0-1 all
  Controller Area Network (CAN) interface module - API documentation

python-flask-api-common/stable 1.1+dfsg-3 all
  Browsable web APIs for the Flask micro web framework - static resources

python-flask-debugtoolbar-doc/stable 0.16.0+dfsg-1 all
  Debugging toolbar overlay information for Flask applications (Documentation)

python-flask-doc/stable 3.1.1-1 all
  micro web framework based on Werkzeug and Jinja2 - documentation

python-flask-limiter-doc/stable 3.12-1 all
  Rate-limiting for Flask routes - Documentation

python-greenlet-dev/stable 3.1.0-1+b2 arm64
  Lightweight in-process concurrent programming - development files

python-greenlet-doc/stable 3.1.0-1 all
  Lightweight in-process concurrent programming - documentation

python-microversion-parse-doc/stable 1.0.1-3 all
  OpenStack microversion header parsing library - doc

python-quart-doc/stable 0.20.0-1 all
  Python ASGI web microframework with the same API as Flask (Documentation)

python-tds-doc/stable 1.16.0-1 all
  Python DBAPI driver for MSSQL using pure Python TDS (documentation)

python-xlrd-docs/stable 2.0.1-2 all
  extract data from Microsoft Excel spreadsheet files (documentation)

python-xlwt-doc/stable 1.3.0-6 all
  module for writing Microsoft Excel spreadsheet files - doc

python-xraylarch-doc/stable 0.9.81+ds1-2 all
  X-ray Larch data analysis (documentation)

python3-aioimaplib/stable 2.0.1-1 all
  Asynchronous IMAP4rev1 client library using Python asyncio

python3-aiozipkin/stable 1.1.1a1-1 all
  Distributed tracing instrumentation for asyncio application with zipkin

python3-apsystems-ez1/stable 2.3.0-2 all
  interface for interacting with the local API of APsystems EZ1 Microinverters

python3-astropy-healpix/stable 1.1.2-1 arm64
  HEALPix representation of spherical data - Python 3

python3-aws-xray-sdk/stable 0.95-4 all
  AWS X-Ray SDK for Python 3

python3-azure/stable 20250603+git-1 all
  Microsoft Azure SDK for Python 3.x

python3-azure-cli/stable 2.74.0-1 all
  Azure Command-Line Interface (CLI) - commands modules

python3-azure-cli-core/stable 2.74.0-1 all
  Azure Command-Line Interface (CLI) - core modules

python3-azure-cli-telemetry/stable 2.74.0-1 all
  Azure Command-Line Interface (CLI) - telemetry modules

python3-azure-cli-testsdk/stable 2.74.0-1 all
  Azure Command-Line Interface (CLI) - testsdk modules

python3-azure-devtools/stable 1.2.0-6 all
  Microsoft Azure Development Tools for Python 3.x

python3-azure-kusto-data/stable 5.0.3-1 all
  Microsoft Azure Kusto (Azure Data Explorer) SDK for Python

python3-azure-storage/stable 20250603+git-1 all
  Microsoft Azure Storage Library for Python 3.x

python3-banal/stable 1.0.6-3 all
  Commons of banal micro-functions for Python

python3-barectf/stable 3.1.2-3 all
  C99 code generator to write native CTF

python3-biom-format/stable 2.1.16-1+b5 arm64
  Biological Observation Matrix (BIOM) format (Python 3)

python3-biomaj3/stable 3.1.24-2 all
  BioMAJ workflow management library

python3-biomaj3-cli/stable 3.1.11-5 all
  BioMAJ client

python3-biomaj3-daemon/stable 3.0.24-3 all
  BioMAJ daemon library

python3-biomaj3-download/stable 3.2.12-2 all
  BioMAJ download management library

python3-biomaj3-process/stable 3.0.19-3 all
  BioMAJ process management library

python3-biomaj3-user/stable 3.0.12-2 all
  BioMAJ user management library

python3-biomaj3-zipkin/stable 0.2.2-3 all
  BioMAJ zipkin log tracing library

python3-bladerf/stable 0.2024.05-1 arm64
  Nuand bladeRF software-defined radio device (Python)

python3-can/stable 4.5.0-1 all
  Controller Area Network (CAN) interface module

python3-csb43/stable 0.10.1+dfsg-2 all
  Spanish banks' CSB/AEB norm 43 converter (Python)

python3-docx/stable 1.1.2+dfsg-1 all
  library for creating and updating Microsoft Word files (Python 3)

python3-docxcompose/stable 1.4.0-3 all
  concatenate/append Microsoft Word (.docx) files

python3-emperor/stable 1.0.4+ds-1 all
  visualizing high-throughput microbial community data

python3-emperor-doc/stable 1.0.4+ds-1 all
  visualizing high-throughput microbial community data (coc)

python3-evtx/stable 0.7.4-1.1 all
  parser for recent Windows Event Log files -- Python 3 version

python3-exchangelib/stable 5.5.1-1 all
  Client for Microsoft Exchange Web Services (Python3 version)

python3-expeyes/stable 5.3.3+repack-2 all
  Python3 library for expeyes

python3-extruct/stable 0.18.0-1 all
  library for extracting embedded metadata from HTML markup

python3-falcon/stable 3.1.1-5+b1 arm64
  supersonic micro-framework for building cloud APIs - Python 3.x

python3-fitsio/stable 1.2.5+dfsg-1+b1 arm64
  Python 3 library to read from and write to FITS files

python3-flask/stable 3.1.1-1 all
  micro web framework based on Werkzeug and Jinja2 - Python 3.x

python3-flask-api/stable 1.1+dfsg-3 all
  Browsable web APIs for the Flask micro web framework

python3-flask-debugtoolbar/stable 0.16.0+dfsg-1 all
  Debugging toolbar overlay information for Flask applications (Python3)

python3-flask-htmlmin/stable 3.0.0-1 all
  Minify flask text/html mime types responses

python3-flask-limiter/stable 3.12-1 all
  Rate-limiting for Flask routes

python3-flask-sqlalchemy/stable 3.1.1-4 all
  SQLAlchemy support to your Python 3 Flask application (Python3)

python3-fysom/stable 2.1.6-1 all
  pYthOn Finite State Machine (Python3 package)

python3-greenlet/stable 3.1.0-1+b2 arm64
  Lightweight in-process concurrent programming (python3)

python3-healpy/stable 1.18.1-2 arm64
  HEALPix representation of spherical data - Python3 interface

python3-intelhex/stable 2.3.0-3 all
  Python support for Intel HEX (Python3)

python3-klein/stable 24.8.0-1 all
  micro-framework for developing web services with Python

python3-lib1305/stable 0~20250415.1-1 all
  Poly1305 one-time authenticator microlibrary - Python wrapper

python3-lib25519/stable 0~20241004.1-4 all
  microlibrary X25519/Ed25519 - Python wrapper

python3-libbde/stable 20240502-1+b1 arm64
  BitLocker Drive Encryption access library -- Python 3 bindings

python3-libfsntfs/stable 20240501-1+b1 arm64
  NTFS access library -- Python 3 bindings

python3-libmsiecf/stable 20181227-3 arm64
  Microsoft Internet Explorer Cache File access library -- Python 3 bindings

python3-mboot/stable 0.3.0-2 all
  Module for communication with NXP MCU Bootloader (Python 3)

python3-mceliece/stable 0~20241009.1-4 all
  Classic McEliece microlibrary - Python wrapper

python3-mf2py/stable 2.0.1-2 all
  Microformats2 parser written in Python.

python3-microversion-parse/stable 1.0.1-3 all
  OpenStack microversion header parsing library - Python 3.x

python3-miniupnpc/stable 2.2.8-2+b2 arm64
  UPnP IGD client lightweight library Python 3 bindings

python3-mirtop/stable 0.4.30-1 all
  annotate miRNAs with a standard mirna/isomir naming (Python 3)

python3-mmllib/stable 1.4-1 all
  library for handling Music Macro Language (Python 3)

python3-mrcz/stable 0.5.7-4 all
  MRCZ meta-compressed image file-format library

python3-ms-cv/stable 0.1.1-4 all
  correlation vector implementation

python3-msal/stable 1.32.3-1 all
  Microsoft Authentication Library (MSAL) for Python

python3-msal-extensions/stable 1.3.1-1 all
  Microsoft Authentication extensions for MSAL for Python

python3-mssql-django/stable 1.5-1 all
  Django backend for Microsoft SQL Server (Python3 version)

python3-normality/stable 2.6.1-1 all
  Micro-library to normalize text strings in Python

python3-ntruprime/stable 0~20241021.4-4 all
  microlibrary for Streamlined NTRU Prime - Python wrapper

python3-nudatus/stable 0.0.5-4 all
  module to remove comments from Python 3 scripts

python3-olefile/stable,now 0.47-1 all [installed,automatic]
  Python module to read/write MS OLE2 files

python3-onnx/stable 1.17.0-3+b1 arm64
  Open Neural Network Exchange (ONNX) (Python)

python3-pcbasic/stable 2.0.7-7 all
  cross-platform emulator for the GW-BASIC family of interpreters (Python3)

python3-pcbasic-doc/stable 2.0.7-7 all
  cross-platform emulator for the GW-BASIC family of interpreters (doc)

python3-pycsspeechtts/stable 1.0.8-2 all
  Library for interfacing with Microsoft Cognitive Services Text-to-Speech API

python3-pyimagetool/stable 1.0-2 all
  Image Tool for multidimensional analysis (Python 3)

python3-pymicrobot/stable 0.0.22-2 all
  Library for controlling MicroBot Push devices

python3-pymssql/stable 2.3.2-1+b1 arm64
  Python database access for MS SQL server and Sybase - Python 3

python3-pyocd/stable 0.36.0-2.1 all
  ARM Cortex-M programming tools (Python3)

python3-pysol-cards/stable 0.16.0-3 all
  Deal PySol FC Cards

python3-pyspectral/stable 0.13.5+ds-1 all
  Reading and manipulaing satellite sensor spectral responses

python3-pyspectral-doc/stable 0.13.5+ds-1 all
  Reading and manipulaing satellite sensor spectral responses -- documentation

python3-pysubs2/stable 1.8.0-1 all
  Python library for editing subtitle files

python3-pytest-benchmark/stable 5.1.0-1 all
  pytest fixture for benchmarking code

python3-quart/stable 0.20.0-1 all
  Python ASGI web microframework with the same API as Flask

python3-quart-trio/stable 0.12.0-1 all
  Extension for Quart to support the Trio event loop

python3-rosettasciio/stable 0.7.1-2 arm64
  Reading and writing scientific file formats

python3-samba/stable 2:4.22.10+dfsg-0+deb13u1 arm64
  Python 3 bindings for Samba

python3-sasview/stable 6.0.1-2 all
  Small Angle Scattering Analysis

python3-scikit-rf/stable 1.6.2-1 all
  Python toolkit for RF/Microwave engineering

python3-seamicroclient/stable 0.4.0+2016.05.20.git.40ee44c664-7 all
  Client library for Seamicro chassis API - Python 3.x

python3-segno/stable 1.6.6-2 all
  Python QR Code and Micro QR Code encoder

python3-tds/stable 1.16.0-1 all
  Python DBAPI driver for MSSQL using pure Python TDS (Python 3)

python3-test-tunnel/stable 0.1.2-1 all
  Write tests for network tunnelling utilities

python3-tifffile/stable 20250330-1 all
  Read and write image data from and to TIFF files

python3-tlsh/stable 3.4.4+20151206-1.4+b10 arm64
  fuzzy hashing library - Python3 module

python3-uc-micro/stable 1.0.3-1 all
  python port of uc.micro

python3-vttlib/stable 0.11.0+dfsg-3 all
  Python library to extract VTT (Microsoft Visual TrueType) font hinting data

python3-wsme/stable 0.12.1-6 all
  Web Services Made Easy: implement multi-protocol webservices - Python 3.x

python3-xbox-webapi/stable 2.1.0-1.2 all
  Library to authenticate with Windows Live/Xbox Live

python3-xlrd/stable 2.0.1-2 all
  extract data from Microsoft Excel spreadsheet files (Python3 version)

python3-xlwt/stable 1.3.0-6 all
  module for writing Microsoft Excel spreadsheet files - Python 3.x

python3-z3/stable 4.13.3-1 arm64
  theorem prover from Microsoft Research - Python 3 bindings

q2templates/stable 2024.5.0+ds-3 all
  Design template package for QIIME 2 Plugins

qemu-block-extra/stable 1:10.0.11+ds-0+deb13u1 arm64
  extra block backend modules for qemu-system and qemu-utils

qemu-guest-agent/stable 1:10.0.11+ds-0+deb13u1 arm64
  Guest-side qemu-system agent

qemu-system/stable 1:10.0.11+ds-0+deb13u1 arm64
  QEMU full system emulation binaries

qemu-system-common/stable 1:10.0.11+ds-0+deb13u1 arm64
  QEMU full system emulation binaries (common files)

qemu-system-misc/stable 1:10.0.11+ds-0+deb13u1 arm64
  QEMU full system emulation binaries (miscellaneous)

qemu-user/stable 1:10.0.11+ds-0+deb13u1 arm64
  QEMU user mode emulation (static binaries)

qemu-user-binfmt/stable 1:10.0.11+ds-0+deb13u1 arm64
  QEMU user mode binfmt registration for qemu-user

qemu-utils/stable 1:10.0.11+ds-0+deb13u1 arm64
  QEMU utilities

quisk/stable 4.2.32-2+b1 arm64
  Software Defined Radio (SDR)

r-bioc-annotate/stable 1.84.0+dfsg-2 all
  BioConductor annotation for microarrays

r-bioc-aroma.light/stable 3.36.0-2 all
  BioConductor methods normalization and visualization of microarray data

r-bioc-arrayexpress/stable 1.66.0-2 all
  access to the ArrayExpress Microarray Database at EBI

r-bioc-bladderbatch/stable 1.44.0-2 all
  GNU R bladder gene expression data illustrating batch effects

r-bioc-dirichletmultinomial/stable 1.48.0-2 arm64
  Dirichlet-Multinomial Mixture Model Machine Learning for Microbiome Data

r-bioc-genefilter/stable 1.88.0-2 arm64
  methods for filtering genes from microarray experiments

r-bioc-geneplotter/stable 1.84.0+dfsg-2 all
  R package of functions for plotting genomic data

r-bioc-geoquery/stable 2.74.0+dfsg-2 all
  Get data from NCBI Gene Expression Omnibus (GEO)

r-bioc-gsva/stable 2.0.5+ds-1 arm64
  Gene Set Variation Analysis for microarray and RNA-seq data

r-bioc-hsmmsinglecell/stable 1.26.0-2 all
  Single-cell RNA-Seq for differentiating human skeletal muscle myoblasts

r-bioc-impute/stable 1.80.0-2 arm64
  Imputation for microarray data

r-bioc-limma/stable 3.62.2+dfsg-1 arm64
  linear models for microarray data

r-bioc-metagenomeseq/stable 1.48.1-1 all
  GNU R statistical analysis for sparse high-throughput sequencing

r-bioc-multtest/stable 2.62.0-2 arm64
  Bioconductor resampling-based multiple hypothesis testing

r-bioc-phyloseq/stable 1.50.0+dfsg-2 all
  GNU R handling and analysis of high-throughput microbiome census data

r-cran-bayesm/stable 3.1-6+dfsg-1+b1 arm64
  GNU R package for Bayesian inference

r-cran-flextable/stable 0.9.7-1 all
  GNU R functions for tabular reporting

r-cran-gunifrac/stable 1.8+dfsg-1+b1 arm64
  Generalized UniFrac Distances

r-cran-microbenchmark/stable 1.5.0-1 arm64
  GNU R package for Accurate Timeing Functions

r-cran-officer/stable 0.6.7+dfsg-1 all
  GNU R manipulation of Microsoft Word and PowerPoint documents

r-cran-rmarkdown/stable 2.29+dfsg-1 all
  convert R markdown documents into a variety of formats

r-cran-rodbc/stable 1.3-26-1 arm64
  GNU R package for ODBC database access

r-cran-samr/stable 3.0-2+b1 arm64
  GNU R significance analysis of microarrays

raku-file-which/stable 1.0.4-3 arm64
  Cross platform Raku executable path finder (aka which on UNIX)

ray/stable 2.3.1-9 arm64
  de novo genome assemblies of next-gen sequencing data

rclone/stable 1.60.1+dfsg-4 arm64
  rsync for commercial cloud storage

readpe/stable 0.84-2 arm64
  command-line tools to manipulate Windows PE files

registry-tools/stable 2:4.22.10+dfsg-0+deb13u1 arm64
  tools for viewing and manipulating the Windows registry

relion/stable 3.1.3-4+b1 arm64
  toolkit for 3D reconstructions in cryo-electron microscopy

relion-gui/stable 3.1.3-4+b1 arm64
  toolkit for 3D reconstructions in cryo-electron microscopy (gui apps)

resfinder/stable 4.4.2-2 all
  identify acquired antimicrobial resistance genes

resfinder-db/stable 0.0+git20220524.fa32d9a-1 all
  ResFinder database is a curated database of acquired resistance genes

resfinder-example/stable 4.4.2-2 all
  identify acquired antimicrobial resistance genes (example data)

resource-agents/stable 1:4.16.0-3+deb13u2 arm64
  Cluster Resource Agents

rnahybrid/stable 2.1.2-8+b1 arm64
  Fast and effective prediction of microRNA/target duplexes

rr/stable 5.9.0-3 arm64
  application execution recorder, player and debugger

rtax/stable 0.984-8 all
  Classification of sequence reads of 16S ribosomal RNA gene

ruby-activestorage/stable 2:7.2.2.2+dfsg-2~deb13u1 all
  local and cloud file storage framework (part of Rails)

ruby-azure-storage-blob/stable 2.0.0-3 all
  access and manage Microsoft Azure Storage Blob Services

ruby-azure-storage-common/stable 2.0.1-8 all
  ruby package that supports service client libraries for azure storage

ruby-ntlm/stable 0.6.3-2 all
  NTLM authentication client for Ruby

ruby-ole/stable 1.2.12.2-2 all
  Ruby library for read/write access for OLE compound documents

ruby-rest-client/stable 2.1.0-4 all
  simple REST client for Ruby

ruby-spreadsheet/stable 1.3.3-1 all
  Ruby library for manipulating MS Excel (.xls) spreadsheets

ruby-uc.micro-rb/stable 1.0.6-1 all
  Micro subset of unicode data files for motion-markdown-it projects

ruby-wisper/stable 2.0.1-2 all
  micro library providing objects with Publish-Subscribe capabilities

samba/stable 2:4.22.10+dfsg-0+deb13u1 arm64
  SMB/CIFS file, print, and login server for Unix

samba-ad-dc/stable 2:4.22.10+dfsg-0+deb13u1 arm64
  Samba control files to run AD Domain Controller

samba-ad-provision/stable 2:4.22.10+dfsg-0+deb13u1 all
  Samba files needed for AD domain provision

samba-common/stable 2:4.22.10+dfsg-0+deb13u1 all
  common files used by both the Samba server and client

samba-common-bin/stable 2:4.22.10+dfsg-0+deb13u1 arm64
  Samba common files used by both the server and the client

samba-dev/stable 2:4.22.10+dfsg-0+deb13u1 arm64
  tools for extending Samba

samba-dsdb-modules/stable 2:4.22.10+dfsg-0+deb13u1 arm64
  Samba Directory Services Database

samba-libs/stable 2:4.22.10+dfsg-0+deb13u1 arm64
  Samba core libraries

samba-testsuite/stable 2:4.22.10+dfsg-0+deb13u1 arm64
  test suite from Samba

samba-vfs-ceph/stable 2:4.22.10+dfsg-0+deb13u1 arm64
  Samba Virtual FileSystem ceph modules

samba-vfs-glusterfs/stable 2:4.22.10+dfsg-0+deb13u1 arm64
  Samba Virtual FileSystem glusterfs modules

samba-vfs-modules/stable 2:4.22.10+dfsg-0+deb13u1 arm64
  Samba Virtual FileSystem plugins (transitional package)

sane-airscan/stable 0.99.35-1 arm64
  SANE backend for AirScan (eSCL) and WSD document scanner

sasview/stable 6.0.1-2 all
  Small Angle Scattering Analysis suite

sasview-doc/stable 6.0.1-2 all
  Small Angle Scattering Analysis (documentation)

satdump/stable 1.2.2-1 arm64
  Generic satellite data processing software

science-economics/stable 1.15 all
  Debian Science Economics packages

sdcc/stable 4.5.0+dfsg-1 arm64
  Small Device C Compiler

sdcc-doc/stable 4.5.0+dfsg-1 all
  Small Device C Compiler (documentation)

sdcc-libraries/stable 4.5.0+dfsg-1 all
  Small Device C Compiler (libraries)

sdcc-ucsim/stable 4.5.0+dfsg-1 arm64
  Micro-controller simulator for SDCC

seqan-apps/stable 2.4.0+dfsg-16+b2 arm64
  C++ library for the analysis of biological sequences

shim-signed/stable 1.51~1+deb13u1+16.1-2~deb13u1 arm64
  Secure Boot chain-loading bootloader (Microsoft-signed binary)

shogivar/stable 1.55b-3+b3 arm64
  UI to play many shogi variants, with builtin computer player

sibelia/stable 3.0.7+dfsg-3+b2 arm64
  comparative genomics tool

sibelia-examples/stable 3.0.7+dfsg-3 all
  comparative genomics tool (example data)

simulavr/stable 1.0.0+git20160221.e53413b-3+b1 arm64
  Atmel AVR simulator

simulpic/stable 1:2005-1-28-10 arm64
  simulator for Microchip PIC16F84 microcontroller

skesa/stable 2.4.0-6+b3 arm64
  strategic Kmer extension for scrupulous assemblies

sleepenh/stable 1.8-1 arm64
  Sleep until a given date with subsecond resolution

smbclient/stable 2:4.22.10+dfsg-0+deb13u1 arm64
  command-line SMB/CIFS clients for Unix

smbnetfs/stable 0.6.3-1+b2 arm64
  User-space filesystem for SMB/NMB (Windows) network servers and shares

smuxi-engine/stable 1.2.1-2 all
  Engine libraries for Smuxi (IRC, Twitter, XMPP, Campfire, JabbR)

soapysdr-module-lms7/stable 23.11.0+dfsg-3+b2 arm64
  Lime Microsystems LMS7 device support for SoapySDR (default version)

soapysdr0.8-module-lms7/stable 23.11.0+dfsg-3+b2 arm64
  Lime Microsystems LMS7 device support for SoapySDR

sogo-activesync/stable 5.12.1-3+deb13u2 arm64
  Scalable groupware server - ActiveSync module

squashfs-tools-ng/stable 1.3.2-1 arm64
  New set of tools for working with SquashFS images

ssg-nondebian/stable 0.1.76-1 all
  SCAP Guides and benchmarks targeting other GNU/Linux OS

sstp-client/stable 1.0.20-1+b2 arm64
  Connect to a Microsoft Windows 2008 server using SSTP VPN

steam-devices/stable 1:1.0.0.83~ds-3 all
  Device support for Steam-related hardware

stlink-gui/stable 1.8.0-1.1 arm64
  OpenSource ST-Link tools replacement.

stlink-tools/stable 1.8.0-1.1 arm64
  OpenSource ST-Link tools replacement.

subtitleeditor/stable 0.54.0-6+b3 arm64
  Graphical subtitle editor with sound waves representation

sumo/stable 1.18.0+dfsg-4+b2 arm64
  Simulation of Urban MObility (SUMO)

sumo-doc/stable 1.18.0+dfsg-4 all
  Simulation of Urban MObility (SUMO), documentation and examples

sumo-tools/stable 1.18.0+dfsg-4 all
  Simulation of Urban MObility (SUMO), tools and scripts

survex/stable 1.4.17-1+deb13u1 arm64
  cave surveying and mapping software

swish++/stable 6.1.5-6+b2 arm64
  Simple Document Indexing System for Humans: C++ version

swupdate/stable 2024.12.1+dfsg-3+deb13u2 arm64
  Software update framework for embedded systems

swupdate-doc/stable 2024.12.1+dfsg-3+deb13u2 all
  Documentation for swupdate framework

swupdate-www/stable 2024.12.1+dfsg-3+deb13u2 all
  Web Application for swupdate

tclws/stable 3.5.0-1 all
  Tcl Web Services

teensy-loader-cli/stable 2.2-1.1+b1 arm64
  load and run programs onto your Teensy micro controller

testdisk/stable 7.2-0.1 arm64
  Partition scanner and disk recovery tool, and PhotoRec file recovery tool

tetraproc/stable 0.9.2-1+b2 arm64
  Tetrahedral Microphone Processor for Ambisonic Recording

texlive-lang-german/stable 2024.20250309-1 all
  TeX Live: German

texlive-latex-extra/stable 2024.20250309-2 all
  TeX Live: LaTeX additional packages

texlive-latex-recommended/stable 2024.20250309-1 all
  TeX Live: LaTeX recommended packages

texlive-science/stable 2024.20250309-2 all
  TeX Live: Mathematics, natural sciences, computer science packages

tigr-glimmer/stable 3.02b-6+b2 arm64
  Gene detection in archea and bacteria

tilem/stable 2.0-5.1 arm64
  GTK+ TI Z80 calculator emulator

tilem-data/stable 2.0-5.1 all
  GTK+ TI Z80 calculator emulator (data files)

time-decode/stable 9.0.0-1 all
  Timestamp and datetime decoder/encoder

tkgate/stable 2.1+repack-7+b1 arm64
  Tcl/Tk based digital circuit editor and simulator

tlsh-tools/stable 3.4.4+20151206-1.4+b10 arm64
  compare similar files using fuzzy hashing

tnef/stable 1.4.18-4+b1 arm64
  Tool to unpack MIME application/ms-tnef attachments

togl-demos/stable 2.0-3 all
  Tk OpenGL widget - demo files

treeview/stable 1.2.0+dfsg-2 all
  Java re-implementation of Michael Eisen's TreeView

triforce-lv2/stable 0.2.1-2+b2 arm64
  LV2 beamformer plugin for Apple mic arrays

u-boot-asahi/stable 2025.01-3 arm64
  A boot loader for Apple Silicon systems

u-boot-mvebu/stable 2025.01-3 arm64
  A boot loader for marvell systems

u-boot-qcom/stable 2025.01-3 arm64
  A boot loader for qcom systems

u-boot-qemu/stable 2025.01-3 all
  A boot loader for qemu

u-boot-rockchip/stable 2025.01-3 arm64
  A boot loader for rockchip systems

u-boot-rpi/stable 2025.01-3 arm64
  A boot loader for Raspberry PI systems

u-boot-sunxi/stable 2025.01-3 arm64
  A boot loader for sunxi systems

u-boot-tegra/stable 2025.01-3 arm64
  A boot loader for NVIDIA Tegra systems

u-config/stable 0.33.3-1 arm64
  smaller, simpler, portable pkg-config clone

uisp/stable 20050207-4.5+b2 arm64
  Micro In-System Programmer for Atmel's AVR MCUs

ukopp/stable 4.9-3+b2 arm64
  Full and incremental backup to disk or disk-like device

umps3/stable 3.0.5-1+b3 arm64
  Virtual machine simulator based around the MIPS R2/3000 microprocessor

unicode-cldr-core/stable 46-0.1 all
  Common data from Unicode CLDR (core)

unscd/stable 0.54-1+b12 arm64
  Micro Name Service Caching Daemon

usbsdmux/stable 24.11.1-1 all
  control software for USB-SD-Mux devices

victoria-metrics/stable 1.112.0+ds1-2 arm64
  fast, cost-effective and scalable time series database

vigor/stable 0.016-34 arm64
  nvi with the evil paperclip

vim-subtitles/stable 1.0-2 all
  Syntax highlighting for subtitle files

vinetto/stable 1:0.8.0-5 all
  forensics tool to examine Thumbs.db files

viruskiller/stable 1.03-1+dfsg1-3+b1 arm64
  Game about viruses invading your computer

visidata/stable 3.0.2-1 all
  rapidly explore columnar data in the terminal

votca/stable 2024.2-4 arm64
  Molecular dynamics analysis - coarse-graining and charge transport

votca-data/stable 2024.2-4 all
  VOTCA molecular dynamics analysis - basis sets and scripts

votca-tutorials/stable 2024.2-4 all
  VOTCA molecular dynamics analysis - tutorials

waagent/stable 2.12.0.2-3 all
  Virtual machine interaction with the Microsoft Azure cloud service

wasmedge/stable 0.14.1+dfsg-3.1 arm64
  standalone runtime for WebAssembly

wig/stable 0.6-3 all
  WebApp Information Gatherer

wigeon/stable 20101212+dfsg1-6 all
  reimplementation of the Pintail 16S DNA anomaly detection utility

wimtools/stable 1.14.4-1.1+b3 arm64
  Tools for manipulating Windows Imaging files

winbind/stable 2:4.22.10+dfsg-0+deb13u1 arm64
  service to resolve user and group information from Windows NT servers

wipe/stable 0.24-10 arm64
  secure file deletion

workrave/stable 1.10.53-2 arm64
  Repetitive Strain Injury prevention tool

workrave-ayatana/stable 1.10.53-2 arm64
  Repetitive Strain Injury prevention tool (Ayatana Indicator)

workrave-cinnamon/stable 1.10.53-2 all
  Repetitive Strain Injury prevention tool (Cinnamon integration)

workrave-data/stable 1.10.53-2 all
  Repetitive Strain Injury prevention tool (data files)

workrave-gnome/stable 1.10.53-2 all
  Repetitive Strain Injury prevention tool (GNOME integration)

workrave-gnome-flashback/stable 1.10.53-2 arm64
  Repetitive Strain Injury prevention tool (GNOME panel applet)

workrave-mate/stable 1.10.53-2 arm64
  Repetitive Strain Injury prevention tool (MATE panel applet)

workrave-xfce4/stable 1.10.53-2 arm64
  Repetitive Strain Injury prevention tool (Xfce4 panel plugin)

wsdd2/stable 1.8.7+dfsg-1.2+b1 arm64
  Web Services on Devices (WSD) daemon

wsjtx/stable 2.7.0+repack-1 arm64
  Weak-signal amateur radio communications

wsjtx-improved/stable 2.8.0+250501+repack-1 arm64
  Weak-signal amateur radio communications

wv/stable 1.2.9-8+b1 arm64
  Programs for accessing Microsoft Word documents

x25519/stable 0~20241004-2 arm64
  microlibrary X25519/Ed25519 - X25519 command line tools

xc3sprog/stable 0+svn795+dfsg-4 arm64
  JTAG flashing tool for FPGAs, CPLDs and EEPROMs

xfonts-bolkhov-cp1251-75dpi/stable 1.1.20001007-10 all
  75 dpi CP1251 encoded Cyrillic fonts for X (Cyr-RFX collection)

xfonts-bolkhov-cp1251-misc/stable 1.1.20001007-10 all
  Character-cell CP1251 encoded Cyrillic fonts for X (Cyr-RFX collection)

xfonts-cronyx-cp1251-100dpi/stable 2.3.8+dfsg-1 all
  100 dpi CP1251 encoded Cyrillic fonts for X (Cronyx collection)

xfonts-cronyx-cp1251-75dpi/stable 2.3.8+dfsg-1 all
  75 dpi CP1251 encoded Cyrillic fonts for X (Cronyx collection)

xfonts-cronyx-cp1251-misc/stable 2.3.8+dfsg-1 all
  Character-cell CP1251 encoded Cyrillic fonts for X (Cronyx collection)

xmms2-plugin-gme/stable 0.8+dfsg-28+b1 arm64
  XMMS2 - gme plug-in

xmount/stable 1.2.0+ds-1+b1 arm64
  tool for crossmounting between disk image formats

xrdp/stable 0.10.1-3.1+deb13u1 arm64
  Remote Desktop Protocol (RDP) server

yt-dlp/stable 2025.04.30-1 all
  downloader of videos from YouTube and other sites

ytnef-tools/stable 2.1.2-1+b2 arm64
  ytnef decoder commandline tools

z3/stable 4.13.3-1 arm64
  theorem prover from Microsoft Research

z80asm/stable 1.8-2+b1 arm64
  assembler for the Zilog Z80 microprocessor

z80dasm/stable 1.1.6-1+b1 arm64
  disassembler for the Zilog Z80 microprocessor

zint/stable 2.15.0-1+b1 arm64
  command line utility to encode data in barcode symbols

zint-qt/stable 2.15.0-1+b1 arm64
  Zint Barcode Studio, a QT frontend to zint

ztex-bmp/stable 20120314-2+b1 arm64
  universal macro processor

zynaddsubfx/stable 3.0.6-7 arm64
  Realtime software synthesizer for Linux

zynaddsubfx-data/stable 3.0.6-7 all
  Realtime software synthesizer for Linux (data)

zynaddsubfx-dssi/stable 3.0.6-7 arm64
  dssi plugin of zynaddsubfx

zynaddsubfx-lv2/stable 3.0.6-7 arm64
  lv2 plugin of zynaddsubfx

zynaddsubfx-vst/stable 3.0.6-7 arm64
  vst plugin of zynaddsubfx

