
WARNING: apt does not have a stable CLI interface. Use with caution in scripts.

Sorting...
Full Text Search...
abacas/stable 1.3.1-9 all
  close gaps in genomic alignments from short reads

ace-netsvcs/stable 8.0.2+dfsg-2 arm64
  ACE network service implementations

aclock.app/stable 0.4.0+20210312-1+b2 arm64
  Analog dockapp clock for GNUstep

acpi-support/stable 0.143-5.2 all
  scripts for handling many ACPI events

adjtimex/stable 1.29-12 arm64
  kernel time variables configuration utility

adns-tools/stable 1.6.1-1+b1 arm64
  Asynchronous-capable DNS client utilities

aerc/stable 0.20.0-2+b1 arm64
  Pretty Good Email Client

alarm-clock-applet/stable 0.4.1-5+b2 arm64
  alarm clock panel indicator

aldo/stable 0.7.8-2+b1 arm64
  Morse code training program

amule-gnome-support/stable 1:2.3.3-3.2 all
  ed2k links handling support for GNOME web browsers

angrydd/stable 1.0.1-14 all
  Angry Drunken Dwarves - falling blocks puzzle game

asclock/stable 2.0.12-35+b2 arm64
  clock designed with the NeXTStep look

asclock-themes/stable 2.0.12-35 all
  Theme files for ASclock, a clock applet

atac/stable 0~20150903+r2013-9+b1 arm64
  genome assembly-to-assembly comparison

augeas-doc/stable 1.14.1-1.1~deb13u1 all
  Augeas lenses documentation

augeas-lenses/stable 1.14.1-1.1~deb13u1 all
  Set of lenses needed by libaugeas0 to parse config files

autodock-getdata/stable 4.2.6-9 all
  instructions for getData to collect compounds

autogen/stable 1:5.18.16-7 arm64
  automated text file generator

autogen-doc/stable 1:5.18.16-7 all
  automated text file generator - documentation

away/stable 0.9.5+ds-0+nmu2+b3 arm64
  Terminal locking program

ayatana-indicator-datetime/stable 25.4.0-2 arm64
  Ayatana Indicator providing clock and calendar

ayatana-indicator-datetime-common/stable 25.4.0-2 all
  Common files used by both Ayatana/Lomiri Indicator Datetime variants

bambam/stable 1.4.1+dfsg-1 all
  keyboard mashing and doodling game for babies

bastet/stable 0.43.2-2 arm64
  ncurses Tetris clone with a bastard algorithm

bbe/stable 0.2.2-6 arm64
  sed-like editor for binary files

bcache-tools/stable 1.0.8-5+b1 arm64
  bcache userspace tools

beast-mcmc/stable 1.10.4+dfsg-7 all
  Bayesian MCMC phylogenetic inference

beast-mcmc-examples/stable 1.10.4+dfsg-7 all
  Bayesian MCMC phylogenetic inference - example data

beast2-mcmc/stable 2.7.6+dfsg-1 all
  Bayesian MCMC phylogenetic inference

beast2-mcmc-examples/stable 2.7.6+dfsg-1 all
  Bayesian MCMC phylogenetic inference - example data

beneath-a-steel-sky/stable 0.0372-9 all
  classic 2D point and click science fiction adventure game

bgcode/stable 0.0~git20250220.5041c09-1 arm64
  binary gcode generation library

bilibop-common/stable 0.6.5 all
  shell functions for bilibop scripts

bilibop-lockfs/stable 0.6.5 all
  lock filesystems and write changes into RAM

binaryen/stable 120-4 arm64
  compiler and toolchain infrastructure library for WebAssembly

binclock/stable 1.5-11+b1 arm64
  binary clock for console with color support

bitshuffle/stable 0.5.2-1+b3 arm64
  filter for improving compression of typed binary data

blag/stable 2.3.3 all
  Blog-aware, static site generator

blag-doc/stable 2.3.3 all
  Blog-aware, static site generator (documentation)

blkreplay/stable 1.0-3.1+b2 arm64
  block device testing and benchmarking toolkit

blkreplay-examples/stable 1.0-3.1 all
  block device testing and benchmarking toolkit (examples)

blktool/stable 4-8 arm64
  tune low-level block device parameters

blktrace/stable 1.3.0-0.2 arm64
  utilities for block layer IO tracing

blockattack/stable 2.9.0-1+b1 arm64
  puzzle game inspired by Tetris

blockdomains/stable 0.1-1 arm64
  Firewall agent blocking selected HTTP and SSL connections

blockout2/stable 2.5+dfsg1-2 arm64
  Tetris like game (3D-tetris)

blocks-of-the-undead/stable 1.0-7+b1 arm64
  Tetris Attack clone with spooky undertones

blocks-of-the-undead-data/stable 1.0-7 all
  Tetris Attack clone with spooky undertones - data files

blop-lv2/stable 1.0.4-1+b1 arm64
  Bandlimited LADSPA Oscillator Plugins ported to LV2

bluemon/stable 1.4-10+b1 arm64
  Activate or deactivate programs based on Bluetooth link quality

bmaptool/stable 3.9.0-3 all
  tool to flash image files to block devices using the block map

bochs-sdl/stable 3.0+dfsg-1 arm64
  SDL plugin for Bochs

bombardier/stable 0.8.3+nmu4 arm64
  The GNU Bombing utility

brainparty/stable 0.61+dfsg-7+b1 arm64
  36 puzzle games for all the family

btrfs-compsize/stable 1.5-1.1 arm64
  calculate compression ratio of a set of files on btrfs

btrfs-heatmap/stable 9-1 all
  Visualize the layout of data on your btrfs filesystem

budgie-clockworks-applet/stable 1.9.0-1 all
  Applet to display clock across multiple time zones

budgie-fuzzyclock-applet/stable 1.9.0-1 arm64
  Show the time in a fuzzy way

budgie-rotation-lock-applet/stable 1.9.0-1 all
  Applet to lock or unlock the screen rotation

budgie-showtime-applet/stable 1.9.0-1 arm64
  Applet displaying date and time on the Budgie Desktop

buffer/stable 1.19-12.1 arm64
  Buffering/reblocking program for tape backups, printing, etc.

buici-clock/stable 0.4.9.4+nmu2 arm64
  attractive desktop clock

bumprace/stable 1.5.8-2 arm64
  1 or 2 players race through a multi-level maze

bumprace-data/stable 1.5.8-2 all
  data files for bumprace

buskill/stable 0.7.0-2 all
  app for arming/disarming/configuring the BusKill laptop kill cord

bzip2/stable 1.0.8-6 arm64
  high-quality block-sorting file compressor - utilities

bzip2-doc/stable 1.0.8-6 all
  high-quality block-sorting file compressor - documentation

cadaver/stable 0.26+dfsg-2 arm64
  command-line WebDAV client

cairo-dock-clock-plug-in/stable 3.5.1-1 arm64
  Clock plug-in for Cairo-dock

cairo-dock-keyboard-indicator-plug-in/stable 3.5.1-1 arm64
  Keyboard indicator plug-in for Cairo-dock

canlock/stable 3.3.1-1 arm64
  utilities for creating and verifying Usenet cancel locks

cargo-lock/stable 9.0.0-1+b8 arm64
  Self-contained Cargo.lock parser

carton/stable 1.0.35-1 all
  Perl module dependency manager (aka Bundler for Perl)

casacore-tools/stable 3.7.1-1 arm64
  Tools built with CASA

cbp2make/stable 147+dfsg-4+b1 arm64
  Makefile generation tool for the Code::Blocks IDE

cdcd/stable 0.6.6-13.2 arm64
  command line or console based CD player

cdrdao/stable 1:1.2.5-2 arm64
  records CDs in Disk-At-Once (DAO) mode

ceph/stable 18.2.7+ds-1+deb13u1 arm64
  distributed storage and file system

ceph-grafana-dashboards/stable 18.2.7+ds-1+deb13u1 all
  grafana dashboards for the ceph dashboard

ceph-immutable-object-cache/stable 18.2.7+ds-1+deb13u1 arm64
  Ceph daemon for immutable object cache

ceph-immutable-object-cache-dbg/stable 18.2.7+ds-1+deb13u1 arm64
  debugging symbols for ceph-immutable-object-cache

ceph-mds-dbg/stable 18.2.7+ds-1+deb13u1 arm64
  debugging symbols for ceph-mds

ceph-mgr/stable 18.2.7+ds-1+deb13u1 arm64
  manager for the ceph distributed file system

ceph-mgr-cephadm/stable 18.2.7+ds-1+deb13u1 all
  cephadm orchestrator module for ceph-mgr

ceph-mgr-dashboard/stable 18.2.7+ds-1+deb13u1 all
  dashboard plugin for ceph-mgr

ceph-mgr-dbg/stable 18.2.7+ds-1+deb13u1 arm64
  debugging symbols for ceph-mgr

ceph-mgr-k8sevents/stable 18.2.7+ds-1+deb13u1 all
  kubernetes events plugin for ceph-mgr

ceph-mgr-modules-core/stable 18.2.7+ds-1+deb13u1 all
  ceph manager modules which are always enabled

ceph-mgr-rook/stable 18.2.7+ds-1+deb13u1 all
  rook plugin for ceph-mgr

ceph-mon/stable 18.2.7+ds-1+deb13u1 arm64
  monitor server for the ceph storage system

ceph-mon-dbg/stable 18.2.7+ds-1+deb13u1 arm64
  debugging symbols for ceph-mon

ceph-osd/stable 18.2.7+ds-1+deb13u1 arm64
  OSD server for the ceph storage system

ceph-osd-dbg/stable 18.2.7+ds-1+deb13u1 arm64
  debugging symbols for ceph-osd

ceph-prometheus-alerts/stable 18.2.7+ds-1+deb13u1 all
  prometheus alerts for the ceph dashboard

cephadm/stable 18.2.7+ds-1+deb13u1 arm64
  utility to bootstrap ceph daemons with systemd and containers

cephfs-mirror/stable 18.2.7+ds-1+deb13u1 arm64
  Ceph is a massively scalable, open-source, distributed

cephfs-mirror-dbg/stable 18.2.7+ds-1+deb13u1 arm64
  debugging symbols for cephfs-mirror

cephfs-shell/stable 18.2.7+ds-1+deb13u1 all
  interactive shell for the Ceph distributed file system

cephfs-top/stable 18.2.7+ds-1+deb13u1 all
  top like utility for Ceph filesystem

cfortran/stable 20210827-1.1 all
  Header file permitting Fortran routines to be called in C/C++

check-pgactivity/stable 2.7-1 all
  PostgreSQL plugin for Nagios

checksecurity/stable 2.0.18 all
  basic system security checks

chezscheme/stable 10.0.0+dfsg-5 arm64
  Reliable, high performance Scheme compiler

chiark-utils-bin/stable 8.0.1 arm64
  chiark system administration utilities

chr/stable 0.1.80-1 arm64
  terminal-based text editor

chr-tiny/stable 0.1.80-1 arm64
  terminal-based text editor - without syntax highlighting

cinder-api/stable 2:26.0.0-2 all
  OpenStack block storage system - API server

cinder-backup/stable 2:26.0.0-2 all
  OpenStack block storage system - Backup server

cinder-common/stable 2:26.0.0-2 all
  OpenStack block storage system - common files

cinder-doc/stable 2:26.0.0-2 all
  OpenStack block storage system - doc

cinder-scheduler/stable 2:26.0.0-2 all
  OpenStack block storage system - Scheduler server

cinder-volume/stable 2:26.0.0-2 all
  OpenStack block storage system - Volume server

cinnamon-screensaver/stable 6.4.0-1 arm64
  Cinnamon screen saver and locker

cl-cluck/stable 0.1.3.1-1 all
  Common Lisp Microcontroller Clock Calculator

cl-nibbles/stable 20250305.gitc1ecd02-2 all
  Common Lisp library for accessing octet-addressed blocks of data

cl-trajectory-msgs/stable 1.13.1-3 all
  Messages relating to Robot OS trajectory, LISP interface

cl-unicode/stable 20231118.git07e7ff5-1 all
  portable Unicode library for Common Lisp

clevis/stable 20-1+b1 arm64
  automated encryption framework

clevis-dracut/stable 20-1+b1 arm64
  Clevis integration for dracut

clevis-initramfs/stable 20-1+b1 arm64
  Clevis initramfs integration

clevis-luks/stable 20-1+b1 arm64
  LUKS integration for clevis

clevis-systemd/stable 20-1+b1 arm64
  systemd integration for clevis

clevis-tpm2/stable 20-1+b1 arm64
  automated encryption framework, TPM2 support

clevis-udisks2/stable 20-1+b1 arm64
  UDisks2/Storaged integration for clevis

clonezilla/stable 5.9.9-1 all
  bare metal backup and recovery of disk drives

codeblocks/stable 25.03+dfsg-2 arm64
  Code::Blocks integrated development environment (IDE)

codeblocks-common/stable 25.03+dfsg-2 all
  common files for Code::Blocks IDE

codeblocks-contrib/stable 25.03+dfsg-2 arm64
  contrib plugins for Code::Blocks IDE

codeblocks-dev/stable 25.03+dfsg-2 arm64
  Code::Blocks development files (SDK)

collectd-core/stable 5.12.0-26 arm64
  statistics collection and monitoring daemon (core system)

colortest-python/stable 3.0.2-1 all
  utility to test color capabilities of terminal

coreutils/stable,now 9.7-3 arm64 [installed]
  GNU core utilities

crack-attack/stable 1.1.14-11 arm64
  multiplayer OpenGL puzzle game like "Tetris Attack"

crowdsec/stable 1.4.6-10+b4 arm64
  lightweight and collaborative security engine

crowdsec-firewall-bouncer/stable 0.0.25-5+b11 arm64
  CrowdSec bouncer for firewalls

cryptsetup/stable 2:2.7.5-2 arm64
  disk encryption support - startup scripts

cryptsetup-bin/stable 2:2.7.5-2 arm64
  disk encryption support - command line tools

cryptsetup-initramfs/stable 2:2.7.5-2 all
  disk encryption support - initramfs integration

cryptsetup-nuke-password/stable 8 arm64
  Erase the LUKS keys with a special password on the unlock prompt

cryptsetup-ssh/stable 2:2.7.5-2 arm64
  disk encryption support - experimental SSH token handler

cryptsetup-suspend/stable 2:2.7.5-2 arm64
  disk encryption support - suspend mode integration

ctdb/stable 2:4.22.10+dfsg-0+deb13u1 arm64
  clustered database to store temporary data

dact/stable 0.8.42-6+b1 arm64
  multi-algorithm compression

damapper/stable 0.0+git20240314.b025cf9-1 arm64
  long read to reference genome mapping tool

das-watchdog/stable 0.9.0-5+b2 arm64
  solves system lock-ups by making all processes non-realtime

datefudge/stable 1.27 arm64
  Fake the system date

daxctl/stable 81-1 arm64
  Utility for managing the device DAX subsystem

dazzdb/stable 1.0+git20250217.a3eefd4-1 arm64
  manage nucleotide sequencing read data

db5.3-util/stable 5.3.28+dfsg2-9 arm64
  Berkeley v5.3 Database Utilities

dbconfig-no-thanks/stable 2.0.25 all
  dbconfig-common bypass

dbus-user-session/stable,now 1.16.2-2 arm64 [installed,automatic]
  simple interprocess messaging system (systemd --user integration)

dcfldd/stable 1.9.2-1 arm64
  enhanced version of dd for forensics and security

dclock/stable 2.2.2-15 arm64
  Digital clock for the X Window System with flexible display

ddrescueview/stable 0.4.5-2 arm64
  graphical viewer for GNU ddrescue map files

debmirror/stable 1:2.47+deb13u1 all
  Debian partial mirror script, with ftp and package pool support

develock-el/stable 0.47-3.1 all
  additional font-lock keywords for the developers on Emacs

devio/stable 1.2-3+b1 arm64
  correctly read (or write) a region of a block device

devrplay3/stable 3.3.2-20 arm64
  rplay network audio system - basic library

devscripts/stable 2.25.15+deb13u1 all
  scripts to make the life of a Debian Package maintainer easier

dh-nodejs/stable 0.15.23 all
  debhelper addon to build Node.js modules

dh-rust/stable 0.0.11 all
  debhelper buildsystem for Rust code

diffoscope/stable 297+deb13u1 all
  in-depth visual diff tool for files, archives and directories

diffoscope-minimal/stable 297+deb13u1 all
  in-depth visual diff tool for files, archives and directories (minimal package)

diskscan/stable 0.21-1+b1 arm64
  scan storage media for bad or near failure sectors

dislocker/stable 0.7.3+git20240607-3+b1 arm64
  read/write encrypted BitLocker volumes

distcc/stable 3.4+really3.4-12 arm64
  simple distributed compiler client and server

distcc-pump/stable 3.4+really3.4-12 arm64
  pump mode for distcc a distributed compiler client and server

distccmon-gnome/stable 3.4+really3.4-12 arm64
  GTK+ monitor for distcc a distributed client and server

dlm-controld/stable 4.3.0-3 arm64
  Distributed Lock Manager control daemon

dm-zoned-tools/stable 2.2.2-1+b1 arm64
  utilities for the dm-zoned device mapper

dmeventd/stable 2:1.02.205-2 arm64
  Linux Kernel Device Mapper event daemon

dmsetup/stable 2:1.02.205-2 arm64
  Linux Kernel Device Mapper userspace library

dnsenum/stable 1.3.2-1 all
  tool to enumerate domain DNS information

dnsmap/stable 0.36-4 arm64
  DNS domain name brute forcing tool

docker-doc/stable 26.1.5+dfsg1-9 all
  Linux container runtime -- documentation

docker.io/stable 26.1.5+dfsg1-9+b13 arm64
  Linux container runtime

dossizola/stable 1.0-12+b1 arm64
  Isola board game with nice graphics

dossizola-data/stable 1.0-12 all
  Data files for Do'SSi Zo'la game

draai/stable 20250202-1 all
  Command-line music player for MPD

drbd-doc/stable 8.4~20220106-1 all
  RAID 1 over TCP/IP for Linux (user documentation)

drbd-utils/stable 9.22.0-1.1 arm64
  RAID 1 over TCP/IP for Linux (user utilities)

drt-tools/stable 0.3.0-2 arm64
  Tools for Debian Release Team work

dspdfviewer/stable 1.15.1+git20230427.d432d8d-1 arm64
  Dual-Screen PDF Viewer for LaTeX-beamer

duma/stable 2.5.21-11 arm64
  Detect Unintended Memory Access - A Red-Zone memory allocator

duperemove/stable 0.11.2-3+b2 arm64
  extent-based deduplicator for file systems

dupload/stable 2.13.2 all
  Debian package upload tool

dustracing2d/stable 2.1.1-2+b2 arm64
  tile-based 2D racing game

dvb-apps/stable 1.1.1+rev1500-2 arm64
  Digital Video Broadcasting (DVB) applications

e2fsprogs/stable,now 1.47.2-3+b11 arm64 [installed]
  ext2/ext3/ext4 file system utilities

e2guardian/stable 5.5.8-1 arm64
  Web content filtering (Dansguardian fork)

efl-doc/stable 1.28.1-1 all
  Documentation for the Enlightenment Foundation Libraries

einstein/stable 2.0.dfsg.2-11 arm64
  Puzzle game inspired on Einstein's puzzle

ejabberd-mod-isolation/stable 0.2025.01.11~dfsg0-2+deb13u2 arm64
  ejabberd module to block communication of users between different virtual hosts

el-ixir/stable 3.0-3 arm64
  two-player board game with randomness

electrum/stable 4.5.8+ds-6 all
  Easy to use Bitcoin client

elinks/stable,now 0.18.0-1+b1 arm64 [installed]
  advanced text-mode WWW browser

elinks-data/stable,now 0.18.0-1 all [installed,automatic]
  advanced text-mode WWW browser - data files

elinks-doc/stable 0.18.0-1 all
  advanced text-mode WWW browser - documentation

elpa-aggressive-indent/stable 1.10.0+git20230112.1.a437a45-1 all
  Emacs minor mode that reindents code after every change

elpa-bar-cursor/stable 2.0-2 all
  switch Emacs block cursor to a bar

elpa-caml/stable 4.9-4 all
  emacs mode for editing OCaml programs

elpa-clojure-mode/stable 5.20.0-1 all
  Emacs major mode for Clojure code

elpa-clojure-mode-extra-font-locking/stable 5.20.0-1 all
  extra font-locking for clojure-mode

elpa-color-theme-modern/stable 0.0.3-5 all
  deftheme reimplementation of classic Emacs color-themes

elpa-dired-rsync/stable 0.7-3 all
  support for rsync from Emacs dired buffers

elpa-haskell-mode/stable 17.5-2 all
  major mode for editing Haskell in Emacs

elpa-inform-mode/stable 1.6.2-4 all
  Emacs major mode for editing Inform 6 source

elpa-js2-mode/stable 0.0~git20241205.e0c3028-2 all
  Emacs mode for editing Javascript programs

elpa-kotlin-mode/stable 0.0~git20230123.fddd747-3 all
  Emacs major mode for kotlin

elpa-magit-annex/stable 1.9.0-2 all
  git-annex subcommands for magit

elpa-markdown-mode/stable 2.7-1 all
  mode for editing Markdown-formatted text files in GNU Emacs

elpa-muttrc-mode/stable 1.2.1-5 all
  Emacs major mode for editing muttrc

elpa-ox-texinfo+/stable 2.3.2-2 all
  Extensions for Org's Texinfo exporter

elpa-pcre2el/stable 1.12-2 all
  Emacs mode to convert between PCRE, Emacs and rx regexp syntax

elpa-projectile/stable 2.8.0-2 all
  project interaction library for Emacs

elpa-rust-mode/stable 1.0.6-1 all
  Major Emacs mode for editing Rust source code

elpa-smart-mode-line/stable 2.14-2 all
  powerful and beautiful mode-line for Emacs

elpa-snakemake-mode/stable 2.0.0+git20231210.4ad41da-3 all
  provides syntax highlighting for snakekmake files in emacs

elpa-tuareg/stable 1:3.0.1-3 all
  emacs-mode for OCaml programs

elpa-web-mode/stable 17.3.20-1 all
  major emacs mode for editing web templates

endlessh/stable 1.1-5.1 arm64
  SSH tarpit that slowly sends an endless connection banner

erlang-redis-client/stable 1.2.0-8 arm64
  Redis client for Erlang applications

erofs-utils/stable 1.8.6-1 arm64
  Utilities for EROFS File System

erofsfuse/stable 1.8.6-1 arm64
  FUSE Mount Utility for EROFS File System

ext4magic/stable 0.3.2-15 arm64
  recover deleted files from ext3 or ext4 partitions

fake-hwclock/stable 0.14 all
  Save/restore system clock on machines without working RTC hardware

falkon/stable 25.04.1-1 arm64
  lightweight web browser based on Qt WebEngine

faust/stable 2.79.3+ds-2 arm64
  functional programming language for realtime audio applications

faust-common/stable 2.79.3+ds-2 all
  functional programming language for realtime audio applications - common files

fence-agents-apc/stable 4.16.0-3 all
  Fence Agents for Red Hat Cluster - APC over telnet/ssh agent

fence-agents-brocade/stable 4.16.0-3 all
  Fence Agents for Red Hat Cluster - HP Brocade agent

fence-agents-cyberpower-ssh/stable 4.16.0-3 all
  Fence Agents for Red Hat Cluster - CyberPower agent

fence-agents-netio/stable 4.16.0-3 all
  Fence Agents for Red Hat Cluster - Koukaam NETIO-230B agent

fence-agents-raritan/stable 4.16.0-3 all
  Fence Agents for Red Hat Cluster - Raritan Dominion PX agent

fence-agents-rsa/stable 4.16.0-3 all
  Fence Agents for Red Hat Cluster - IBM RSA agent

fence-agents-rsb/stable 4.16.0-3 all
  Fence Agents for Red Hat Cluster - Fujitsu-Siemens RSB agent

fence-agents-sbd/stable 4.16.0-3 all
  Fence Agents for Red Hat Cluster - STONITH Block Device agent

fence-agents-wti/stable 4.16.0-3 all
  Fence Agents for Red Hat Cluster - WTI Network Power Switch agent

ferm/stable 2.5.1-4 all
  maintain and setup complicated firewall rules

filespooler/stable 1.2.3-1+b8 arm64
  Sequential, distributed, POSIX-style job queue processing

finit-plugins/stable 4.12-1 arm64
  Fast init for Linux systems - plugins

flamp/stable 2.2.14-1 arm64
  ham radio Amateur Multicast Protocol application

fltk1.3-games/stable 1.3.11-2 arm64
  Fast Light Toolkit - example games: checkers, sudoku

fltk1.4-games/stable 1.4.3-1 arm64
  Fast Light Toolkit - example games: checkers, sudoku

flwrap/stable 1.3.6-1+b2 arm64
  amateur radio file encapsulation/compression utility

fonts-aenigma/stable 0.0.20080511+dfsg-5 all
  465 free TrueType fonts by Brian Kent

fonts-babelstone-han/stable 16.0.1-1 all
  BabelStone Fonts for Han

fonts-femkeklaver/stable 1.0-4 all
  simple handwriting font

fonts-hosny-amiri/stable 1.001-1 all
  Arabic Naskh style typographically oriented font

fonts-ocr-a/stable 1.0-11 all
  ANSI font readable by the computers of the 1960s

fonts-oflb-asana-math/stable 000.907-7 all
  extended smart Unicode Math font

fonts-oflb-euterpe/stable 1.1-6 all
  unicode musical font

fonts-rampart/stable 1.000-20210120-3 all
  unique outline shadow font made in the image of 3-D blocks

fonts-sil-harmattan/stable 4.000-1 all
  Arabic script font designed for use by languages in West Africa

fonts-sil-lateef/stable 4.200-1 all
  OpenType Arabic font for Sindhi and other languages of South Asia

fonts-sil-padauk/stable 5.001-1 all
  Burmese Unicode TrueType font with OpenType and Graphite support

fonts-sil-scheherazade/stable 2.100-2.1 all
  smart Unicode font for Arabic

fonts-sora/stable 0+git20201221+ds-3 all
  Sora typeface

fonts-spleen/stable 2.1.0-1 all
  monospaced font for consoles and terminals

forensics-all/stable 3.61 all
  Debian Forensics Environment - essential components (metapackage)

fpgatools/stable 0.0+201212-1.1+b1 arm64
  tool to program field-programmable gate arrays

freealchemist/stable 0.5-2 all
  simpler figure block game

fssync/stable 1.7-1 all
  File system synchronization tool (1-way, over SSH)

fsverity/stable 1.6-1.2 arm64
  Userspace utilities for fs-verity

fte/stable 0.50.2b6-20110708-7 arm64
  Text editor for programmers - base package

fte-console/stable 0.50.2b6-20110708-7 arm64
  Text editor for programmers - console edition, no I18N support

fte-docs/stable 0.50.2b6-20110708-7 all
  Documentation and examples for the FTE editor

fte-terminal/stable 0.50.2b6-20110708-7 arm64
  Text editor for programmers - version for terminals

fte-xwindow/stable 0.50.2b6-20110708-7 arm64
  Text editor for programmers - X Window System edition with I18N support

ftnchek/stable 3.3.1-7 arm64
  Semantic checker for Fortran 77 programs

gajim-antispam/stable 1.7.0-1 all
  Gajim plugin to block some incoming messages

galois/stable 0.8-1+b2 arm64
  falling blocks game with blocks of various shapes and sizes

gamazons/stable 0.83-12+b1 arm64
  Amazons boardgame for GNOME

gap-design/stable 1.8.2+ds-1 all
  block designs for GAP

gddrescue/stable 1.29-1 arm64
  GNU data recovery tool

geany-plugin-autoclose/stable 2.0-6+b1 arm64
  auto-closing plugin for Geany

gedit-plugin-code-comment/stable 48.1-2 arm64
  Code Comment plugin for gedit

geoip-bin/stable 1.6.12-11.2~deb13u1 arm64
  IP lookup command line tools that use the GeoIP library

geoip-database/stable 20250401+really20191224-0+deb13u1 all
  IP lookup command line tools that use the GeoIP library (country database)

ges1.0-tools/stable 1.26.2-1 arm64
  Tools for use with the GStreamer editing services

gfs2-utils/stable 3.6.1-1 arm64
  Global File System 2 - filesystem tools

ghextris/stable 0.9.0-5 all
  Tetris-like game on a hexagonal grid

gir1.2-appstreamcompose-1.0/stable 1.0.5-1 arm64
  Building blocks to compose AppStream metadata (introspection data)

gir1.2-blockdev-3.0/stable 3.3.0-2.1 arm64
  libblockdev introspection data

gir1.2-fprint-2.0/stable 1:1.94.9-1 arm64
  async fingerprint library of fprint project, gir bindings

gir1.2-ges-1.0/stable 1.26.2-1 arm64
  GObject introspection data for the GES library

gir1.2-gtksessionlock-0.1/stable 0.2.0-2 arm64
  Wayland screen locker library using ext-session-lock-v1 (gir bindings)

gir1.2-javascriptcoregtk-4.1/stable 2.52.3-2~deb13u1 arm64
  JavaScript engine library from WebKitGTK - GObject introspection data

gir1.2-javascriptcoregtk-6.0/stable 2.52.3-2~deb13u1 arm64
  JavaScript engine library from WebKitGTK - GObject introspection data

gir1.2-matepanelapplet-4.0/stable 1.27.1-4.1 arm64
  GObject introspection data for MATE panel

gir1.2-udisks-2.0/stable 2.10.1-12.1+deb13u1 arm64
  GObject based library to access udisks2 - introspection data

git-crypt/stable 0.7.0-0.1+b2 arm64
  Transparent file encryption in git

gjacktransport/stable 0.6.4-1+b2 arm64
  access to the JACK's transport mechanism as touchable slider

gkrellm-cpufreq/stable 0.6.4-7 arm64
  CPU frequency plugin for GKrellM

gkrellm-leds/stable 0.8.0-2+b2 arm64
  keyboard LED monitor for GKrellM

gkrellm-xkb/stable 1.05-7 arm64
  Keyboard layout indicator plugin for GKrellM

gkrellmoon/stable 0.6-7.1+b1 arm64
  Gkrellm Moon Clock Plugin

gnome-authenticator/stable 4.6.2-6 arm64
  TOTP authentication app for the GNOME Desktop

gnome-clocks/stable 48.0-2+b1 arm64
  Simple GNOME app with stopwatch, timer, and world clock support

gnome-firmware/stable 47.0-1+b1 arm64
  GTK front end for fwupd

gnome-klotski/stable 1:3.38.2-4+b1 arm64
  Klotski puzzle game for GNOME

gnome-panel/stable 3.56.0-1 arm64
  traditional panel, used in GNOME Flashback

gnome-screensaver/stable 3.6.1-14 arm64
  Screensaver and screen lock formerly used in GNOME

gnome-shell-extension-caffeine/stable 56-2 all
  GNOME Shell extension to keep your computer awake

gnunet/stable 0.20.0-7 arm64
  GNU's framework for secure peer-to-peer networking

gnuradio/stable 3.10.12.0-1 arm64
  GNU Radio Software Radio Toolkit

gnutls-bin/stable 3.8.9-3+deb13u4 arm64
  GNU TLS library - commandline utilities

gnutls-doc/stable 3.8.9-3+deb13u4 all
  GNU TLS library - documentation and examples

gobby/stable 0.6.0-3 arm64
  infinote-based collaborative text editor

goda/stable 0.5.7-1 arm64
  Go Dependency Analysis toolkit

golang-clockwork-dev/stable 0.1.0-4.1 all
  Transitional package for golang-github-jonboulle-clockwork-dev

golang-github-adrianmo-go-nmea-dev/stable 1.10.0-1 all
  Go library for the NMEA 0183 protocol

golang-github-aead-serpent-dev/stable 0.1-2 all
  Serpent block cipher (library)

golang-github-alexcesaro-log-dev/stable 0.0~git20150915.61e6862-3 all
  Logging packages for Go (library)

golang-github-alexflint-go-filemutex-dev/stable 1.2.0-1 all
  processes synchronization library

golang-github-anacrolix-chansync-dev/stable 0.6.0-2 all
  channel sync to help with diagnosing deadlocks (library)

golang-github-anacrolix-sync-dev/stable 0.5.3-2 all
  sync clone to help with diagnosing deadlocks (Go library)

golang-github-arceliar-phony-dev/stable 0.0~git20220903.530938a-1 all
  Ponylang-inspired actor model library for Go (library)

golang-github-atomicgo-schedule-dev/stable 0.1.0-2 all
  Easily schedule non-blocking tasks in Go (library)

golang-github-awnumar-memguard-dev/stable 0.22.5-2 all
  secure enclave for storage of sensitive information (library)

golang-github-aydinnyunus-blockchain-dev/stable 0.0~git20220623.647ebea-5 all
  Client for the Blockchain.info API

golang-github-benbjohnson-clock-dev/stable 1.3.0-1 all
  library for mocking time in Go

golang-github-benbjohnson-immutable-dev/stable 0.2.0-2 all
  Immutable collections for Go (library)

golang-github-bep-clock-dev/stable 0.3.0-2 all
  Golang clock that allows you to set the start time (Go library)

golang-github-bep-clocks-dev/stable 0.5.0-2 all
  Golang clock that allows you to set the start time (Go library)

golang-github-bep-lazycache-dev/stable 0.4.0-1 all
  Thread-safe in-memory LRU cache with non-blocking cache priming on cache misses

golang-github-biogo-hts-dev/stable 1.4.5+dfsg1-2 all
  biogo high throughput sequencing repository

golang-github-bmatsuo-lmdb-go-dev/stable 1.8.0+git20170215.a14b5a3-4 all
  Bindings for the LMDB C library

golang-github-brentp-bix-dev/stable 0.0~git20190718.00aa7a7+ds-2 all
  Tabix file access with golang using biogo machinery (library)

golang-github-bsm-pool-dev/stable 0.8.0-7 all
  simple connection pool library for Golang

golang-github-buengese-sgzip-dev/stable 0.1.1-1 all
  experiments for a seekable gzip for use in rclone based on pgzip (library)

golang-github-buger-goterm-dev/stable 0.0+git20181115.c206103-3 all
  advanced terminal output in Golang

golang-github-burntsushi-locker-dev/stable 0.0~git20171006.a6e239e-3 all
  simple Go package for conveniently using named read/write locks

golang-github-c-robinson-iplib-dev/stable 1.0.3-3 all
  library for working with IP addresses and networks in Go

golang-github-clusterhq-flocker-go-dev/stable 0.0~git20160209.0.1c0a791-3 all
  Flocker go library

golang-github-code-hex-go-generics-cache-dev/stable 1.5.1-2 all
  Key:value store/cache library written in Go generics

golang-github-cznic-zappy-dev/stable 0.0~git20160305.0.4f5e6ef-3 all
  zappy block-based compression format

golang-github-dgryski-go-sip13-dev/stable 0.0~git20200911.62edffc-2 all
  library for siphash 1-3

golang-github-facebookgo-clock-dev/stable 0.0~git20150410.0.600d898-7 all
  Clock is a small Go library for mocking time

golang-github-felixge-fgprof-dev/stable 0.9.2-1 all
  sampling Go profiler for analyzing On-CPU and Off-CPU

golang-github-freddierice-go-losetup-dev/stable 2.0.1+ds1-1.1 all
  Interact with losetup in Golang (library)

golang-github-go-co-op-gocron-dev/stable 1.18.0-3 all
  easy and fluent Go cron scheduling

golang-github-gofrs-flock-dev/stable 0.8.1-1 all
  thread-safe file locking library in Golang

golang-github-gophercloud-gophercloud-dev/stable 1.4.0-1 all
  OpenStack SDK for Go

golang-github-greatroar-blobloom-dev/stable 0.7.1-1 all
  Blocked Bloom filters for Go

golang-github-grpc-ecosystem-go-grpc-middleware-dev/stable 2.1.0-2 all
  Go gRPC Middlewares: interceptor chaining, auth, logging, retries and more

golang-github-henrybear327-proton-api-bridge-dev/stable 1.0.0-3 all
  third-party, open-source Proton API bridge (library)

golang-github-hodgesds-perf-utils-dev/stable 0.5.1-2 all
  Perf Utilities for Go (library)

golang-github-jacobsa-syncutil-dev/stable 0.0~git20150615-5 all
  code that supplements the Go stdlib sync package

golang-github-jacobsa-timeutil-dev/stable 0.0~git20150615-2 all
  code supplementing Go's time package

golang-github-jedisct1-go-clocksmith-dev/stable 0.0~git20250224.e151f21-1 all
  Go sleep-aware sleep() function

golang-github-jmhodges-clock-dev/stable 1.1-1 all
  Go package for testing time-dependent code

golang-github-jonboulle-clockwork-dev/stable 0.1.0-4.1 all
  Simple fake clock for Go

golang-github-joshuarubin-lifecycle-dev/stable 1.1.4-2 all
  manage goroutines in golang applications (library)

golang-github-juju-clock-dev/stable 1.0.3-1 all
  Clock definition and a testing clock (library)

golang-github-karlseguin-ccache-dev/stable 2.0.3-1 all
  Golang LRU Cache for high concurrency

golang-github-klauspost-pgzip-dev/stable 1.2.6-1 all
  parallel gzip (de)compression library for Go

golang-github-maruel-panicparse-dev/stable 2.3.1-3 all
  Crash your app in style (Go library)

golang-github-mdp-qrterminal-dev/stable 3.0.0-2 all
  Display QR Codes in terminal (library)

golang-github-michaeltjones-walk-dev/stable 0.0~git20161122.4748e29-3 all
  Fast parallel version of golang filepath.Walk()

golang-github-mikesmitty-edkey-dev/stable 0.0~git20170222.3356ea4-2 all
  generates ED25519 private keys in the OpenSSH private key format (Go library)

golang-github-minio-dsync-dev/stable 0.0~git20170209.0.b9f7da7-3 all
  Distributed sync package for Go

golang-github-moby-locker-dev/stable 1.0.1-3 all
  Go library for creating finer-grained locking

golang-github-muesli-cancelreader-dev/stable 0.2.2-2 all
  Cancelable reader for Go (library)

golang-github-muesli-reflow-dev/stable 0.3.0-2 all
  collection of (ANSI-sequence aware) text reflow operations & algorithms

golang-github-muhammadmuzzammil1998-jsonc-dev/stable 0.0~git20201229.615b091-2 all
  JSON with comments for Go!

golang-github-multiformats-go-varint-dev/stable 0.0.7-2.1 all
  Helpers for multiformats to enforce minimal encoding (library)

golang-github-nebulouslabs-demotemutex-dev/stable 0.0~git20151003.0.235395f-1.1 all
  Allow an RWMutex writelock to be demoted to a readlock.

golang-github-nebulouslabs-threadgroup-dev/stable 0.0~git20170509.d137120-2 all
  Simplification of thread management and shutdown routines (library)

golang-github-nightlyone-lockfile-dev/stable 0.0~git20170804.6a197d5-1.1 all
  Golang library to handle locking via pid files

golang-github-nozzle-throttler-dev/stable 1.1-4 all
  Fill the gap between WaitGroup and manually monitor goroutines with channels

golang-github-nrdcg-goinwx-dev/stable 0.8.1-1.2 all
  INWX Go API client

golang-github-pin-tftp-dev/stable 3.1.0-1 all
  TFTP server and client library for Golang (library)

golang-github-pivotal-golang-clock-dev/stable 0.0~git20151018.0.3fd3c19-2.1 all
  Time provider and clock testing library for Go

golang-github-pkg-profile-dev/stable 1.2.1-3 all
  Simple profiling for Go

golang-github-quobyte-api-dev/stable 0.0~git20160913.0.bf713b5-1.1 all
  Quobyte API client for Go

golang-github-rfjakob-eme-dev/stable 1.1.2-1 all
  EME wide-block encryption for Go

golang-github-rifflock-lfshook-dev/stable 2.2-1.1 all
  local filesystem hook for logrus (Go library)

golang-github-saracen-walker-dev/stable 0.1.2-1 all
  walker is a faster, parallel version, of filepath.Walk

golang-github-sasha-s-go-deadlock-dev/stable 0.3.3-1 all
  Online deadlock detection in go

golang-github-sherclockholmes-webpush-go-dev/stable 1.4.0-1 all
  Web Push API library with encryption and VAPID support (library)

golang-github-siddontang-go-dev/stable 0.0~git20170517.0.cb568a3-5 all
  Collection of siddontang libraries for Go

golang-github-sigstore-timestamp-authority-dev/stable 1.2.3-2 all
  Sigstore RFC3161 Timestamp Authority (Go library)

golang-github-svent-go-nbreader-dev/stable 0~20150201-4 all
  non-blocking io.Reader for go

golang-github-tidwall-buntdb-dev/stable 1.1.7-1 all
  embeddable, in-memory key/value database for Go

golang-github-valyala-gozstd-dev/stable 1.21.2+ds1-1 all
  go wrapper for zstd (library)

golang-github-victoriametrics-easyproto-dev/stable 0.1.4-2 all
  simple building blocks for protobuf marshaling and unmarshaling (library)

golang-github-viki-org-dnscache-dev/stable 0.0~git20130720.0.c70c1f2-1.1 all
  DNS cache for Go

golang-github-yl2chen-cidranger-dev/stable 1.0.2-1 all
  Fast IP to CIDR lookup in Golang

golang-github-yuin-goldmark-dev/stable 1.7.4-1 all
  CommonMark compliant and extensible Markdown parser written in Go

golang-github-yuin-goldmark-highlighting-dev/stable 0.0~git20220208.594be19-1 all
  syntax highlighting extension for the goldmark Markdown parser

golang-github-zmap-rc2-dev/stable 0.0~git20190804.abaa705-4 all
  RC2 Cipher in Golang

golang-gopkg-freddierice-go-losetup.v1-dev/stable 0.0~git20170407.fc9adea-1.1 all
  Golang losetup implementation

golang-gopkg-hlandau-svcutils.v1-dev/stable 1.0.10-7 all
  utilities for writing services in Go

golang-gopkg-irc.v4-dev/stable 4.0.0+dfsg-2 all
  Simple Go IRC library (library)

golang-gopkg-redis.v5-dev/stable 5.2.9-4 all
  type-safe Redis client for Golang

golang-sigsum-sigsum-go-dev/stable 0.11.2-1 all
  tools for public and transparent logging of signed checksums (library)

golang-uber-ratelimit-dev/stable 0.3.1-3 all
  Go blocking leaky-bucket rate limit implementation (library)

google-guest-agent/stable 20211116.00-7+b3 arm64
  Guest Agent for Google Compute Engine

gplanarity/stable 17906-7+b3 arm64
  simple puzzle game involving untangling planar graphs

gpsd/stable 3.25-5+deb13u1 arm64
  Global Positioning System - daemon

gr-dab/stable 0.5-1+b7 arm64
  GNU Radio blocks and tools for receiving DAB and DAB+ radio

gr-dab-dev/stable 0.5-1+b7 arm64
  Development files for gr-dab (DAB/DAB+ receiver)

gr-dab-doc/stable 0.5-1 all
  Documentation files for gr-dab (DAB/DAB+ receiver)

gr-fosphor/stable 3.9~git20240323.74d54fc-1+b10 arm64
  gnuradio fosphor block (GPU spectrum display)

gr-gsm/stable 1.0.0~20220727-1+b18 arm64
  Gnuradio blocks and tools for receiving GSM transmissions

gr-hpsdr/stable 3.0-2+b19 arm64
  gnuradio interface module for OpenHPSDR protocol 1

gr-iqbal/stable 0.38.2-2+b18 arm64
  GNU Radio Blind IQ imbalance estimator and correction

gr-limesdr/stable 3.0.1.10.69-3+b15 arm64
  LimeSDR blocks for GnuRadio

gr-osmosdr/stable 0.2.6-4 arm64
  Gnuradio blocks from the OsmoSDR project

gr-osmosdr-doc/stable 0.2.6-4 all
  Gnuradio blocks from the OsmoSDR project - documentation

gr-rds/stable 3.10-1+b19 arm64
  GNU Radio FM RDS/TMC Transceiver

gr-satellites/stable 5.5.0-2+b13 arm64
  Collection of satellite telemetry signal decoders

gridlock.app/stable 1.10-6+b2 arm64
  Collection of grid-based board games for GNUstep

gross/stable 1.0.2-4.1+b2 arm64
  fast and efficient greylist server with DNSBL support

gsimplecal/stable 2.5.1-1+b2 arm64
  lightweight GUI calendar application

gtk-session-lock-examples/stable 0.2.0-2 arm64
  Wayland screen locker library using ext-session-lock-v1 (examples)

gtklock/stable 4.0.0-1 arm64
  GTK-based lockscreen for wayland

gtklock-playerctl-module/stable 4.0.0-2 arm64
  player control module for gtklock

gtklock-userinfo-module/stable 4.0.1-2 arm64
  user info module for gtklock

gufw/stable 24.04.0-3 all
  graphical user interface for ufw

guile-gnutls/stable 4.0.1-2 arm64
  GNU TLS library - GNU Guile bindings

gwaterfall/stable 0.1-6 arm64
  View all characters of a font in all sizes

gworldclock/stable 1.4.4-12 arm64
  Displays time and date in specified time zones

hackrf/stable 2024.02.1-3 arm64
  Software defined radio peripheral - utilities

haproxy/stable 3.0.11-1+deb13u3 arm64
  fast and reliable load balancing reverse proxy

haproxy-doc/stable 3.0.11-1+deb13u3 all
  fast and reliable load balancing reverse proxy (HTML documentation)

hashdeep/stable 4.4+git20170824+ds-1+b1 arm64
  recursively compute hashsums or piecewise hashings

haskell-clash-ghc-utils/stable 1.8.1-4 arm64
  Clash: functional hardware descr. language - GHC frontend

haskell-clash-lib-utils/stable 1.8.1-2+b4 arm64
  Functional hardware description language - library

hddemux/stable 0.5-1.1+b1 arm64
  HTTP/1.x and DNS demultiplexer

hdf5-filter-plugin-blosc-serial/stable 1.0.1-1 arm64
  blocking, shuffling and lossless compression library

hexcompare/stable 1.0.4-1+b2 arm64
  utility to compare and identify binary files

highlight.js-doc/stable 9.18.5+dfsg1-2 all
  JavaScript library for syntax highlighting - documentation

hollywood/stable 1.21-1.1 all
  fill your console with Hollywood melodrama technobabble

hopm/stable 1.1.10-1+b3 arm64
  open-proxy monitoring bot designed for IRC servers

htpdate/stable 1.3.7-2+b3 arm64
  HTTP based time synchronization tool

i3/stable 4.24-1 arm64
  metapackage (i3 window manager, screen locker, menu, statusbar)

i3blocks/stable 1.4-4+b2 arm64
  highly flexible status line for the i3 window manager

i3lock/stable 2.15-2 arm64
  improved screen locker

i3lock-fancy/stable 0.0~git20160228.0.0fcb933-3 arm64
  i3lock custom wrapper script

icewm/stable 3.7.4-1 arm64
  wonderful Win95-OS/2-Motif-like window manager

icewm-common/stable 3.7.4-1 arm64
  wonderful Win95-OS/2-Motif-like window manager

icewm-experimental/stable 3.7.4-1 arm64
  wonderful Win95-OS/2-Motif-like window manager

idl-font-lock-el/stable 1.5-11 all
  OMG IDL font-locking for Emacs

ieee-data/stable 20240722 all
  OUI and IAB listings

iio-sensor-proxy/stable 3.7-3 arm64
  IIO sensors to D-Bus proxy

ikiwiki/stable 3.20250501-1 all
  wiki compiler

imgp/stable 2.9-1 all
  Superfast batch image resizer and rotator

inotify-hookable/stable 0.09-2 all
  blocking command-line interface to inotify

interception-caps2esc/stable 0.3.2-1+b2 arm64
  interception plugin for dual function Esc/Ctrl key at CapsLock

iputils-clockdiff/stable 3:20240905-3 arm64
  Measure the time difference between networked computers

irssi-scripts/stable 20231031 all
  collection of scripts for irssi

isal/stable 2.31.1-1.1 arm64
  Intel(R) Intelligent Storage Acceleration Library - tools

isomd5sum/stable 1:1.2.3-5+b9 arm64
  ISO9660 checksum utilities

ivtools-bin/stable 2.0.11d.a1-3+b4 arm64
  Drawing Editors evolved from idraw

jack-midi-clock/stable 0.4.3-2+b1 arm64
  JACK client that sends MIDI beat clock pulses

janino/stable 3.1.12+dfsg-1 all
  runtime compiler for Java expressions - binary

jdupes/stable 1.28.0-1+deb13u1 arm64
  identify and delete or link duplicate files

jitterentropy-rngd/stable 1.2.8-3+b1 arm64
  Jitter RNG Daemon

joe/stable 4.6-2 arm64
  user friendly full screen text editor

jruby/stable 9.4.8.0+ds-3 all
  100% pure-Java implementation of Ruby

jupp/stable 3.1.41-1+b1 arm64
  user friendly full screen text editor

jupyterlab/stable 4.0.11+ds1+~cs11.25.27-7 all
  Node.js modules for JupyterLab

karbon/stable 1:25.04.2+dfsg-1 arm64
  vector graphics application for the Calligra Suite

kblocks/stable 4:25.04.0-1 arm64
  falling blocks game

kclock/stable 25.04.3-1 arm64
  Clock for KDE Plasma Mobile

kde-config-screenlocker/stable 6.3.5-1 arm64
  KCM Module for kscreenlocker

keepass2/stable 2.57+dfsg-3 all
  Password manager

keepass2-doc/stable 2.57+dfsg-3 all
  Password manager - Documentation

keepassxc/stable 2.7.10+dfsg1-1 all
  Cross Platform Password Manager (transitional package)

keepassxc-full/stable 2.7.10+dfsg1-1 arm64
  Cross Platform Password Manager

keepassxc-minimal/stable 2.7.10+dfsg1-1 arm64
  Cross Platform Password Manager

kephra/stable 0.4.3.34+dfsg-4 all
  gui text editor along Perl alike Paradigms

keyutils/stable 1.6.3-6 arm64
  Linux Key Management Utilities

kicad-doc-de/stable 9.0.2+dfsg-1 all
  Kicad help files (German)

kicad-doc-en/stable 9.0.2+dfsg-1 all
  Kicad help files (English)

kicad-doc-es/stable 9.0.2+dfsg-1 all
  Kicad help files (Spanish)

kicad-doc-fr/stable 9.0.2+dfsg-1 all
  Kicad help files (French)

kicad-doc-it/stable 9.0.2+dfsg-1 all
  Kicad help files (Italian)

kicad-doc-ja/stable 9.0.2+dfsg-1 all
  Kicad help files (Japanese)

kicad-doc-pl/stable 9.0.2+dfsg-1 all
  Kicad help files (Polish)

kicad-doc-ru/stable 9.0.2+dfsg-1 all
  Kicad help files (Russian)

kicad-doc-zh/stable 9.0.2+dfsg-1 all
  Kicad help files (Chinese)

komposter/stable 0+git20201216+ds1-1 arm64
  lightweight music composing system

konqueror/stable 4:25.04.0-1 arm64
  advanced file manager, web browser and document viewer

kpartx/stable 0.11.1-2 arm64
  create device mappings for partitions

kscreenlocker-dev/stable 6.3.5-1 arm64
  Development files for kscreenlocker

kshutdown/stable 5.2-2+b2 arm64
  advanced shut down utility for KDE

ktorrent/stable 25.04.0-1 arm64
  BitTorrent client based on the KDE platform

lcsync/stable 0.3.2-2 arm64
  librecast file and data syncing tool

ldmtool/stable 0.2.5-1.1+b2 arm64
  tool for managing Microsoft Windows dynamic disks

le/stable 1.16.8-1 arm64
  Text editor with block and binary operations

lib32atomic1-amd64-cross/stable 14.2.0-19cross1 all
  support library providing __atomic built-in functions (32bit)

lib32atomic1-mips64-cross/stable 14.2.0-13cross1 all
  support library providing __atomic built-in functions (32bit)

lib32atomic1-mips64el-cross/stable 14.2.0-13cross1 all
  support library providing __atomic built-in functions (32bit)

lib32atomic1-mips64r6-cross/stable 14.2.0-13cross1 all
  support library providing __atomic built-in functions (32bit)

lib32atomic1-mips64r6el-cross/stable 14.2.0-13cross1 all
  support library providing __atomic built-in functions (32bit)

lib32atomic1-ppc64-cross/stable 14.2.0-19cross1 all
  support library providing __atomic built-in functions (32bit)

lib32atomic1-s390x-cross/stable 14.2.0-19cross1 all
  support library providing __atomic built-in functions (32bit)

lib32atomic1-sparc64-cross/stable 14.2.0-19cross1 all
  support library providing __atomic built-in functions (32bit)

lib32atomic1-x32-cross/stable 14.2.0-19cross1 all
  support library providing __atomic built-in functions (32bit)

lib64atomic1-i386-cross/stable 14.2.0-19cross1 all
  support library providing __atomic built-in functions (64bit)

lib64atomic1-mips-cross/stable 14.2.0-13cross1 all
  support library providing __atomic built-in functions (64bit)

lib64atomic1-mipsel-cross/stable 14.2.0-13cross1 all
  support library providing __atomic built-in functions (64bit)

lib64atomic1-mipsr6-cross/stable 14.2.0-13cross1 all
  support library providing __atomic built-in functions (64bit)

lib64atomic1-mipsr6el-cross/stable 14.2.0-13cross1 all
  support library providing __atomic built-in functions (64bit)

lib64atomic1-powerpc-cross/stable 14.2.0-19cross1 all
  support library providing __atomic built-in functions (64bit)

lib64atomic1-x32-cross/stable 14.2.0-19cross1 all
  support library providing __atomic built-in functions (64bit)

libadns1-dbg/stable 1.6.1-1+b1 arm64
  Asynchronous-capable DNS client library (debugging symbols)

libadns1-dev/stable 1.6.1-1+b1 arm64
  Asynchronous-capable DNS client library (development)

libadns1t64/stable 1.6.1-1+b1 arm64
  Asynchronous-capable DNS client library

libangstrom-ocaml/stable 0.16.1-1+b2 arm64
  speed and memory-efficient parser combinators for OCaml (runtime)

libangstrom-ocaml-dev/stable 0.16.1-1+b2 arm64
  speed and memory-efficient parser combinators for OCaml (dev)

libanyevent-dbd-pg-perl/stable 0.03-6 all
  AnyEvent interface to DBD::Pg's async interface

libanyevent-fcgi-perl/stable 0.04-3 all
  Perl non-blocking FastCGI server

libanyevent-forkmanager-perl/stable 0.07-3 all
  simple parallel processing fork manager with AnyEvent

libanyevent-forkobject-perl/stable 0.09-1.1 all
  fork jail for AnyEvent

libanyevent-http-perl/stable 2.25-2 all
  simple non-blocking HTTP/HTTPS client

libanyevent-i3-perl/stable 0.19-1 all
  Perl module to communicate with the i3 window manager

libanyevent-rabbitmq-perl/stable 1.22~dfsg-1 all
  asynchronous and multi channel Perl AMQP client

libanyevent-redis-perl/stable 0.24-4 all
  Perl module that implements a non-blocking Redis client

libanyevent-riperedis-perl/stable 0.48-3 all
  Flexible non-blocking Redis client

libanyevent-serialize-perl/stable 0.04-1.2 all
  serializer and deserializer for AnyEvent

libanyevent-tools-perl/stable 0.12-1.1 all
  instrument collection for AnyEvent

libapache-admin-config-perl/stable 0.95-3 all
  module to read/write Apache like configuration files

libapache-session-mongodb-perl/stable 0.23-2 all
  implementation of Apache::Session

libapache2-mod-qos/stable 11.76-2 arm64
  quality of service module for the apache2

libappconfig-perl/stable 1.71-2.3 all
  Perl module for configuration file and command line handling

libappstream-compose-dev/stable 1.0.5-1 arm64
  Building blocks to compose AppStream metadata (development files)

libappstream-compose0/stable 1.0.5-1 arm64
  Building blocks to compose AppStream metadata

libarchive-ar-perl/stable 2.02-4 all
  Perl interface for manipulating ar archives

libarray-base-perl/stable 0.006-5 arm64
  array index offseting

libastro-fits-header-perl/stable 3.09-1 all
  module for reading, modifying and writing FITS headers

libatomic1/stable,now 14.2.0-19 arm64 [installed,automatic]
  support library providing __atomic built-in functions

libatomic1-alpha-cross/stable 14.2.0-19cross1 all
  support library providing __atomic built-in functions

libatomic1-amd64-cross/stable 14.2.0-19cross1 all
  support library providing __atomic built-in functions

libatomic1-arc-cross/stable 14.2.0-19cross1 all
  support library providing __atomic built-in functions

libatomic1-arm64-cross/stable 14.2.0-19cross1 all
  support library providing __atomic built-in functions

libatomic1-armel-cross/stable 14.2.0-19cross1 all
  support library providing __atomic built-in functions

libatomic1-armhf-cross/stable 14.2.0-19cross1 all
  support library providing __atomic built-in functions

libatomic1-hppa-cross/stable 14.2.0-19cross1 all
  support library providing __atomic built-in functions

libatomic1-i386-cross/stable 14.2.0-19cross1 all
  support library providing __atomic built-in functions

libatomic1-loong64-cross/stable 14.2.0-19cross1 all
  support library providing __atomic built-in functions

libatomic1-m68k-cross/stable 14.2.0-19cross1 all
  support library providing __atomic built-in functions

libatomic1-mips-cross/stable 14.2.0-13cross1 all
  support library providing __atomic built-in functions

libatomic1-mips64-cross/stable 14.2.0-13cross1 all
  support library providing __atomic built-in functions

libatomic1-mips64el-cross/stable 14.2.0-13cross1 all
  support library providing __atomic built-in functions

libatomic1-mips64r6-cross/stable 14.2.0-13cross1 all
  support library providing __atomic built-in functions

libatomic1-mips64r6el-cross/stable 14.2.0-13cross1 all
  support library providing __atomic built-in functions

libatomic1-mipsel-cross/stable 14.2.0-13cross1 all
  support library providing __atomic built-in functions

libatomic1-mipsr6-cross/stable 14.2.0-13cross1 all
  support library providing __atomic built-in functions

libatomic1-mipsr6el-cross/stable 14.2.0-13cross1 all
  support library providing __atomic built-in functions

libatomic1-powerpc-cross/stable 14.2.0-19cross1 all
  support library providing __atomic built-in functions

libatomic1-ppc64-cross/stable 14.2.0-19cross1 all
  support library providing __atomic built-in functions

libatomic1-ppc64el-cross/stable 14.2.0-19cross1 all
  support library providing __atomic built-in functions

libatomic1-riscv64-cross/stable 14.2.0-19cross1 all
  support library providing __atomic built-in functions

libatomic1-s390x-cross/stable 14.2.0-19cross1 all
  support library providing __atomic built-in functions

libatomic1-sh4-cross/stable 14.2.0-19cross1 all
  support library providing __atomic built-in functions

libatomic1-sparc64-cross/stable 14.2.0-19cross1 all
  support library providing __atomic built-in functions

libatomic1-x32-cross/stable 14.2.0-19cross1 all
  support library providing __atomic built-in functions

libb-hooks-endofscope-perl/stable,now 0.28-2 all [installed,automatic]
  module for executing code after a scope finished compilation

libbackoff-ocaml-dev/stable 0.1.1-1+b2 arm64
  exponential backoff mechanism for OCaml

libbde-dev/stable 20240502-1+b1 arm64
  BitLocker Drive Encryption access library -- development files

libbde-utils/stable 20240502-1+b1 arm64
  Tools to access the BitLocker Drive Encryption format.

libbde1t64/stable 20240502-1+b1 arm64
  BitLocker Drive Encryption access library

libberkeleydb-perl/stable 0.66-1 arm64
  use Berkeley DB databases from Perl

libbgcode-dev/stable 0.0~git20250220.5041c09-1 arm64
  binary gcode generation library

libbiblio-rfid-perl/stable 0.05-1 all
  perl tools to use different RFID readers for library use

libbjack-ocaml/stable 0.1.6-3+b4 arm64
  OCaml blocking interface to jack audio connection kit

libbjack-ocaml-dev/stable 0.1.6-3+b4 arm64
  OCaml blocking interface to jack audio connection kit

libblkid-dev/stable 2.41-5 arm64
  block device ID library - headers

libblkid1/stable,now 2.41-5 arm64 [installed]
  block device ID library

libblkio-dev/stable 1.5.0-2 arm64
  Block device I/O library (development files)

libblkio1/stable 1.5.0-2 arm64
  Block device I/O library (runtime files)

libblockdev-btrfs-dev/stable 3.3.0-2.1 arm64
  BTRFS plugin for libblockdev - development

libblockdev-btrfs3/stable 3.3.0-2.1 arm64
  BTRFS plugin for libblockdev

libblockdev-crypto-dev/stable 3.3.0-2.1 arm64
  Crypto plugin for libblockdev - development

libblockdev-crypto3/stable 3.3.0-2.1 arm64
  Crypto plugin for libblockdev

libblockdev-dev/stable 3.3.0-2.1 arm64
  Library for manipulating block devices - development

libblockdev-dm-dev/stable 3.3.0-2.1 arm64
  Device Mapper plugin for libblockdev - development

libblockdev-dm3/stable 3.3.0-2.1 arm64
  Device Mapper plugin for libblockdev

libblockdev-fs-dev/stable 3.3.0-2.1 arm64
  file system plugin for libblockdev - development

libblockdev-fs3/stable 3.3.0-2.1 arm64
  file system plugin for libblockdev

libblockdev-loop-dev/stable 3.3.0-2.1 arm64
  Loop device plugin for libblockdev - development

libblockdev-loop3/stable 3.3.0-2.1 arm64
  Loop device plugin for libblockdev

libblockdev-lvm-dbus-dev/stable 3.3.0-2.1 arm64
  LVM DBus plugin for libblockdev - development

libblockdev-lvm-dbus3/stable 3.3.0-2.1 arm64
  LVM DBus plugin for libblockdev

libblockdev-lvm-dev/stable 3.3.0-2.1 arm64
  LVM plugin for libblockdev - development

libblockdev-lvm3/stable 3.3.0-2.1 arm64
  LVM plugin for libblockdev

libblockdev-mdraid-dev/stable 3.3.0-2.1 arm64
  MD RAID plugin for libblockdev - development

libblockdev-mdraid3/stable 3.3.0-2.1 arm64
  MD RAID plugin for libblockdev

libblockdev-mpath-dev/stable 3.3.0-2.1 arm64
  Multipath plugin for libblockdev - development

libblockdev-mpath3/stable 3.3.0-2.1 arm64
  Multipath plugin for libblockdev

libblockdev-nvdimm-dev/stable 3.3.0-2.1 arm64
  NVDIMM plugin for libblockdev - development

libblockdev-nvdimm3/stable 3.3.0-2.1 arm64
  NVDIMM plugin for libblockdev

libblockdev-nvme-dev/stable 3.3.0-2.1 arm64
  NVMe plugin for libblockdev - development

libblockdev-nvme3/stable 3.3.0-2.1 arm64
  NVMe plugin for libblockdev

libblockdev-part-dev/stable 3.3.0-2.1 arm64
  Partitioning plugin for libblockdev - development

libblockdev-part3/stable 3.3.0-2.1 arm64
  Partitioning plugin for libblockdev

libblockdev-plugins-all/stable 3.3.0-2.1 arm64
  All plugins for libblockdev

libblockdev-smart-dev/stable 3.3.0-2.1 arm64
  SMART plugin for libblockdev - development

libblockdev-smart3/stable 3.3.0-2.1 arm64
  SMART plugin for libblockdev

libblockdev-swap-dev/stable 3.3.0-2.1 arm64
  Swap plugin for libblockdev - development

libblockdev-swap3/stable 3.3.0-2.1 arm64
  Swap plugin for libblockdev

libblockdev-tools/stable 3.3.0-2.1 arm64
  tools for libblockdev

libblockdev-utils-dev/stable 3.3.0-2.1 arm64
  Utility functions for libblockdev - development

libblockdev-utils3/stable 3.3.0-2.1 arm64
  Utility functions for libblockdev

libblockdev3/stable 3.3.0-2.1 arm64
  Library for manipulating block devices

libblocksruntime-dev/stable 0.4.1-1.1+b1 arm64
  Blocks Runtime (development files)

libblocksruntime0/stable 0.4.1-1.1+b1 arm64
  Blocks Runtime library

libblosc-dev/stable 1.21.5+ds-1+b2 arm64
  high performance meta-compressor optimized for binary data (development files)

libblosc1/stable 1.21.5+ds-1+b2 arm64
  high performance meta-compressor optimized for binary data

libboost-atomic-dev/stable 1.83.0.2+b2 arm64
  atomic data types, operations, and memory ordering constraints (default version)

libboost-atomic1.83-dev/stable 1.83.0-4.2 arm64
  atomic data types, operations, and memory ordering constraints

libboost-atomic1.83.0/stable 1.83.0-4.2 arm64
  atomic data types, operations, and memory ordering constraints

libboost-atomic1.88-dev/stable 1.88.0-1 arm64
  atomic data types, operations, and memory ordering constraints

libboost-atomic1.88.0/stable 1.88.0-1 arm64
  atomic data types, operations, and memory ordering constraints

libboost-chrono-dev/stable 1.83.0.2+b2 arm64
  C++ representation of time duration, time point, and clocks (default version)

libboost-chrono1.83-dev/stable 1.83.0-4.2 arm64
  C++ representation of time duration, time point, and clocks

libboost-chrono1.83.0t64/stable 1.83.0-4.2 arm64
  C++ representation of time duration, time point, and clocks

libboost-chrono1.88-dev/stable 1.88.0-1 arm64
  C++ representation of time duration, time point, and clocks

libboost-chrono1.88.0t64/stable 1.88.0-1 arm64
  C++ representation of time duration, time point, and clocks

libboost-timer-dev/stable 1.83.0.2+b2 arm64
  C++ wall clock and CPU process timers (default version)

libboost-timer1.83-dev/stable 1.83.0-4.2 arm64
  C++ wall clock and CPU process timers

libboost-timer1.83.0/stable 1.83.0-4.2 arm64
  C++ wall clock and CPU process timers

libboost-timer1.88-dev/stable 1.88.0-1 arm64
  C++ wall clock and CPU process timers

libboost-timer1.88.0/stable 1.88.0-1 arm64
  C++ wall clock and CPU process timers

libbtf2/stable 1:7.10.1+dfsg-1 arm64
  permutation to block triangular form library for sparse matrices

libbz2-1.0/stable,now 1.0.8-6 arm64 [installed]
  high-quality block-sorting file compressor library - runtime

libbz2-dev/stable 1.0.8-6 arm64
  high-quality block-sorting file compressor library - development

libcache-fastmmap-perl/stable 1.58-1 arm64
  Perl module providing a mmap'ed cache

libcache-mmap-perl/stable 0.11-4+b5 arm64
  module to provide a shared data cache using memory mapped files

libcanlock-dev/stable 3.3.1-1 arm64
  development files for Usenet cancel lock library

libcanlock3/stable 3.3.1-1 arm64
  library for creating and verifying Usenet cancel locks

libcava-java/stable 0.6.0-2 all
  Libraries and tools for blockchain and decentralized software

libcds-dev/stable 2.3.3-5 arm64
  Concurrent Data Structures (CDS) library - development

libcds2.3.3t64/stable 2.3.3-5 arm64
  Concurrent Data Structures (CDS) library

libcephfs2-dbg/stable 18.2.7+ds-1+deb13u1 arm64
  debugging symbols for libcephfs2

libcexceptions-dev/stable 3.11.0+dfsg-1 arm64
  C exception handling library (development files)

libcexceptions0/stable 3.11.0+dfsg-1 arm64
  C exception handling library

libcharon-extra-plugins/stable 6.0.1-6+deb13u6 arm64
  strongSwan charon library (extra plugins)

libcidr-dev/stable 1.2.3-3+b2 arm64
  IP addresses and netblocks manipulation library

libcidr0/stable 1.2.3-3+b2 arm64
  IP addresses and netblocks manipulation library

libck-dev/stable 0.7.2-6 arm64
  Concurrency Kit (development)

libck0t64/stable 0.7.2-6 arm64
  Concurrency Kit (library)

libclass-insideout-perl/stable 1.14-3 all
  safe, simple inside-out object construction kit

libcm256cc-dev/stable 1.1.0-4.1+b1 arm64
  Fast GF(256) Cauchy MDS Block Erasure Codec in C++ (headers)

libcm256cc1t64/stable 1.1.0-4.1+b1 arm64
  Fast GF(256) Cauchy MDS Block Erasure Codec in C++

libcodcif-dev/stable 3.11.0+dfsg-1 arm64
  error-correcting CIF parser - headers and static libraries

libcodcif3/stable 3.11.0+dfsg-1 arm64
  error-correcting CIF parser - shared library

libcodeblocks0t64/stable 25.03+dfsg-2 arm64
  Code::Blocks shared library

libcom-dev/stable 7.0.8.1+dfsg1-7+deb13u1 arm64
  EPICS common library (headers)

libcom-hypirion-io-clojure/stable 0.3.1-5 all
  I/O redirection, signal handling, and console utilities

libcom3.23.1/stable 7.0.8.1+dfsg1-7+deb13u1 arm64
  EPICS common library

libcommons-exec-java/stable 1.3-3 all
  Java library to reliably execute external processes from within the JVM

libconcurrentqueue-dev/stable 1.0.4+ds-2 arm64
  industrial-strength lock-free queue for C++

libconfig-apacheformat-perl/stable 1.2-6 all
  Perl module to parse Apache format config files

libcontextual-return-perl/stable 0.004014-4 all
  module for creating context-sensitive return values

libconversant-disruptor-java/stable 1.2.15-1 all
  Very low latency Java BlockingQueue

libcoro-perl/stable 6.570-4 arm64
  Perl framework implementing coroutines

libcpp-httplib-dev/stable 0.18.7-1+deb13u1 arm64
  C++ HTTP/HTTPS server and client library - development files

libcpp-httplib0.18/stable 0.18.7-1+deb13u1 arm64
  C++ HTTP/HTTPS server and client library

libcrcutil-dev/stable 1.0-5.4 arm64
  library for cyclic redundancy check (CRC) computation - development files

libcrcutil-doc/stable 1.0-5.4 all
  library for cyclic redundancy check (CRC) computation - documentation

libcrcutil0t64/stable 1.0-5.4 arm64
  library for cyclic redundancy check (CRC) computation

libcritnib-dev/stable 1.1-2+b2 arm64
  ordered map data structure with lock-free reads

libcritnib1/stable 1.1-2+b2 arm64
  ordered map data structure with lock-free reads

libcrypt-cast5-perl/stable 0.05-3+b4 arm64
  CAST5 block cipher

libcrypt-cbc-perl/stable 3.04-3 all
  implementation of cipher block chaining (CBC) mode

libcrypt-des-ede3-perl/stable 0.03-1 all
  Triple-DES EDE encryption/decryption for perl

libcrypt-des-perl/stable 2.07-5 arm64
  Perl DES encryption module

libcrypt-ecb-perl/stable 2.23-1 all
  Perl library to encrypt data using ECB mode

libcrypt-eksblowfish-perl/stable 0.009-3+b4 arm64
  Perl module implementing the Eksblowfish block cipher

libcrypt-hcesha-perl/stable 0.75-3 all
  Perl extension for one way hash chaining encryption using SHA

libcrypt-random-seed-perl/stable 0.03-3 all
  Perl module providing strong randomness for seeding

libcrypt-twofish-perl/stable 2.18-1+b5 arm64
  Perl module for Twofish Encryption Algorithm

libcrypt-unixcrypt-xs-perl/stable 0.11-3+b4 arm64
  Perl XS interface that implements crypt() function

libcrypt-urandom-perl/stable 0.54-1+deb13u1 arm64
  module that provides non blocking randomness

libcrypto++-dev/stable 8.9.0-2 arm64
  General purpose cryptographic library - C++ development

libcrypto++-doc/stable 8.9.0-2 all
  General purpose cryptographic library - documentation

libcrypto++-utils/stable 8.9.0-2 arm64
  General purpose cryptographic library - utilities and data files

libcryptsetup-dev/stable 2:2.7.5-2 arm64
  disk encryption support - development files

libcryptsetup12/stable 2:2.7.5-2 arm64
  disk encryption support - shared library

libcryptx-perl/stable 0.085-1+deb13u1 arm64
  Perl module that provides a self-contained cryptographic toolkit

libcss-inliner-perl/stable 4024-1 all
  module for converting HTML CSS <style> blocks to inline styles

libcub-dev/stable 2.3.2-2 all
  reusable software components for the CUDA programming model

libcurator-recipes-java/stable 5.7.1+ds-1 all
  Apache Curator Recipes

libcutl-1.10/stable 1.10.0+ds1-5+b5 arm64
  C++ utility library

libcutl-dev/stable 1.10.0+ds1-5+b5 arm64
  C++ utility library, development files

libczmq-dev/stable 4.2.1-3+b1 arm64
  High-level C binding for ZeroMQ (development files)

libczmq4/stable 4.2.1-3+b1 arm64
  High-level C binding for ZeroMQ

libdata-rmap-perl/stable 0.65-3 all
  Perl module implementing a recursive map, applying a block to a data structure

libdata-stream-bulk-perl/stable 0.11-1.1 all
  N at a time iteration API

libdata-streamdeserializer-perl/stable 0.06-1.2 arm64
  non-blocking deserializer

libdata-streamserializer-perl/stable 0.07-3 arm64
  non-blocking serializer

libdate-extract-perl/stable 0.07-1 all
  module to extract probable dates from strings

libdaxctl1/stable 81-1 arm64
  Utility library for managing the device DAX subsystem

libdb-file-lock-perl/stable 0.05-6 all
  wrapper adding locking for the DB_File module

libdbcsr-dev/stable 2.8.0-3 arm64
  Distributed Block Compressed Sparse Row matrix library

libdbd-sqlite3-perl/stable,now 1.76-1 arm64 [installed,automatic]
  Perl DBI driver with a self-contained RDBMS

libdbix-class-optimisticlocking-perl/stable 0.02-6 all
  Optimistic locking support for DBIx::Class

libdbix-profile-perl/stable 1.0-7 all
  DBI query profiler

libdbix-sequence-perl/stable 1.5-4 all
  simple SQL92 ID generator

libdecaf-dev/stable 1.0.2-2+b2 arm64
  Ed448-Goldilocks-based elliptic curve cryptography library

libdecaf-doc/stable 1.0.2-2 all
  Ed448-Goldilocks-based elliptic curve cryptography library

libdecaf0/stable 1.0.2-2+b2 arm64
  Ed448-Goldilocks-based elliptic curve cryptography library

libdevel-nytprof-perl/stable 6.14+dfsg-1+b3 arm64
  Perl statement and subroutine code profiler

libdevmapper-dev/stable 2:1.02.205-2 arm64
  Linux Kernel Device Mapper header files

libdevmapper-event1.02.1/stable 2:1.02.205-2 arm64
  Linux Kernel Device Mapper event support library

libdevmapper1.02.1/stable 2:1.02.205-2 arm64
  Linux Kernel Device Mapper userspace library

libdislocker0-dev/stable 0.7.3+git20240607-3+b1 arm64
  read/write encrypted BitLocker volumes (development files)

libdislocker0.7t64/stable 0.7.3+git20240607-3+b1 arm64
  read/write encrypted BitLocker volumes (shared library)

libdlm-dev/stable 4.3.0-3 arm64
  Distributed Lock Manager library development

libdlm3/stable 4.3.0-3 arm64
  Distributed Lock Manager library

libdlmcontrol-dev/stable 4.3.0-3 arm64
  Distributed Lock Manager control library development

libdlmcontrol3/stable 4.3.0-3 arm64
  Distributed Lock Manager control library

libdnnl-dev/stable 3.7.2+ds-2 arm64
  oneAPI Deep Neural Network Library (oneDNN) (dev)

libdnnl3.6/stable 3.7.2+ds-2 arm64
  oneAPI Deep Neural Network Library (oneDNN) (lib)

libdomain-local-await-ocaml-dev/stable 1.0.1-1+b2 arm64
  scheduler independent blocking mechanism

libdpkg-perl/stable 1.22.22 all
  Dpkg perl modules

libdvdread-dev/stable 6.1.3-2 arm64
  library for reading DVDs (development)

libdvdread8t64/stable 6.1.3-2 arm64
  library for reading DVDs

libecap3/stable 1.0.1-4 arm64
  eCAP library

libecap3-dev/stable 1.0.1-4 arm64
  eCAP development libraries

libeclipse-core-commands-java/stable 3.11.100+eclipse4.29-1 all
  Eclipse Commands

libeclipse-core-databinding-beans-java/stable 1.10.100+eclipse4.29-1 all
  Eclipse JFace Data Binding for JavaBeans

libeclipse-core-databinding-java/stable 1.13.100+eclipse4.29-1 all
  Eclipse JFace Data Binding

libeclipse-core-databinding-observable-java/stable 1.13.100+eclipse4.29-1 all
  Eclipse JFace Data Binding Observables

libeclipse-core-databinding-property-java/stable 1.10.100+eclipse4.29-1 all
  Eclipse JFace Data Binding Properties

libeclipse-core-filebuffers-java/stable 3.8.100+eclipse4.29-1 all
  Eclipse File Buffers

libeclipse-e4-core-commands-java/stable 1.1.100+eclipse4.29-1 all
  Eclipse e4 core commands

libeclipse-e4-emf-xpath-java/stable 0.4.100+eclipse4.29-1 all
  Eclipse EMF XPath

libeclipse-e4-ui-bindings-java/stable 0.14.100+eclipse4.29-1 all
  Eclipse Bindings Support

libeclipse-e4-ui-css-core-java/stable 0.14.100+eclipse4.29-1 all
  Eclipse CSS Core Support

libeclipse-e4-ui-css-swt-java/stable 0.15.100+eclipse4.29-1 all
  Eclipse CSS SWT Support

libeclipse-e4-ui-css-swt-theme-java/stable 0.14.100+eclipse4.29-1 all
  Eclipse CSS SWT Theme Support

libeclipse-e4-ui-di-java/stable 1.5.100+eclipse4.29-1 all
  Eclipse UI Dependency Injection

libeclipse-e4-ui-dialogs-java/stable 1.4.100+eclipse4.29-1 all
  Eclipse e4 dialogs

libeclipse-e4-ui-ide-java/stable 3.17.100+eclipse4.29-1 all
  Eclipse e4 IDE UI

libeclipse-e4-ui-model-workbench-java/stable 2.4.100+eclipse4.29-1 all
  Eclipse Workbench Model

libeclipse-e4-ui-progress-java/stable 0.4.100+eclipse4.29-1 all
  Eclipse e4 Progress View

libeclipse-e4-ui-services-java/stable 1.6.100+eclipse4.29-1 all
  Eclipse UI Application Services

libeclipse-e4-ui-swt-gtk-java/stable 1.2.0+eclipse4.29-1 all
  Eclipse UI GTK Enhancements

libeclipse-e4-ui-widgets-java/stable 1.4.0+eclipse4.29-1 all
  Eclipse UI Custom widgets

libeclipse-e4-ui-workbench-addons-swt-java/stable 1.5.100+eclipse4.29-1 all
  Eclipse e4 Workbench Add-ons

libeclipse-e4-ui-workbench-java/stable 1.15.100+eclipse4.29-1 all
  Eclipse e4 Workbench

libeclipse-e4-ui-workbench-renderers-swt-java/stable 0.16.100+eclipse4.29-1 all
  Eclipse e4 Workbench SWT Renderer

libeclipse-e4-ui-workbench-swt-java/stable 0.17.100+eclipse4.29-1 all
  Eclipse e4 Workbench SWT

libeclipse-e4-ui-workbench3-java/stable 0.17.100+eclipse4.29-1 all
  Bundle for Workbench APIs available in e4

libeclipse-jface-databinding-java/stable 1.15.100+eclipse4.29-1 all
  Eclipse JFace Data Binding for SWT and JFace

libeclipse-jface-java/stable 3.31.0+eclipse4.29-1 all
  Eclipse JFace

libeclipse-jface-notifications-java/stable 0.6.100+eclipse4.29-1 all
  Eclipse JFace Notification API

libeclipse-jface-text-java/stable 3.24.100+eclipse4.29-1 all
  Eclipse JFace Text

libeclipse-search-java/stable 3.15.200+eclipse4.29-1 all
  Eclipse Search Support

libeclipse-text-java/stable 3.13.100+eclipse4.29-1 all
  Eclipse Text

libeclipse-ui-browser-java/stable 3.8.100+eclipse4.29-1 all
  Eclipse Browser Support

libeclipse-ui-editors-java/stable 3.17.0+eclipse4.29-1 all
  Eclipse Default Text Editor

libeclipse-ui-forms-java/stable 3.13.0+eclipse4.29-1 all
  Eclipse UI forms

libeclipse-ui-genericeditor-java/stable 1.3.100+eclipse4.29-1 all
  EEclipse Generic and Extensible Text Editor

libeclipse-ui-ide-application-java/stable 1.5.100+eclipse4.29-1 all
  Eclipse IDE UI Application

libeclipse-ui-ide-java/stable 3.21.100+eclipse4.29-1 all
  Eclipse IDE UI

libeclipse-ui-java/stable 3.204.0+eclipse4.29-1 all
  Eclipse UI

libeclipse-ui-monitoring-java/stable 1.3.100+eclipse4.29-1 all
  Eclipse UI Responsiveness Monitoring

libeclipse-ui-navigator-java/stable 3.12.100+eclipse4.29-1 all
  Eclipse Common Navigator View

libeclipse-ui-navigator-resources-java/stable 3.9.100+eclipse4.29-1 all
  Eclipse Navigator Workbench Components

libeclipse-ui-themes-java/stable 1.2.2300+eclipse4.29-1 all
  Eclipse SDK Themes

libeclipse-ui-views-java/stable 3.12.100+eclipse4.29-1 all
  Eclipse Views

libeclipse-ui-views-properties-tabbed-java/stable 3.10.100+eclipse4.29-1 all
  Eclipse Tabbed Properties View

libeclipse-ui-workbench-java/stable 3.130.0+eclipse4.29-1 all
  Eclipse Workbench

libeclipse-ui-workbench-texteditor-java/stable 3.17.100+eclipse4.29-1 all
  Eclipse Text Editor Framework

libeclipse-urischeme-java/stable 1.3.100+eclipse4.29-1 all
  Eclipse URI Scheme Handling

libeio1/stable 1.28.1-1 arm64
  EFL non-blocking, threaded I/O

libend-perl/stable 2009110401-3 all
  Perl interface to execute code at end of scope

libeval-linenumbers-perl/stable 0.35-2 all
  module to add line numbers to eval'ed heredoc blocks

libevent-distributor-perl/stable 0.06-1 all
  simple in-process pub/sub mechanism

libexternalsortinginjava-java/stable 0.6.1-2 all
  External-Memory Sorting in Java

libextutils-builder-perl/stable 0.017-1 all
  ExtUtils::Builder Plan framework

libfaust-static/stable 2.79.3+ds-2 arm64
  functional programming language for realtime audio - static libraries

libfaust2t64/stable 2.79.3+ds-2 arm64
  functional programming language for realtime audio applications - libraries

libfdf-dev/stable 0.5.1-2 arm64
  SIESTA Flexible Data Format library (development files)

libfile-counterfile-perl/stable 1.04-7 all
  persistent counter class for Perl

libfile-fcntllock-perl/stable 0.22-4+b4 arm64
  Perl module for file locking with fcntl(2)

libfile-flock-perl/stable 2014.01-3 all
  file locking with flock

libfile-flock-retry-perl/stable 0.632-2 all
  lightweight OO-only flock perl module with autoretry

libfile-nfslock-perl/stable 1.29-2 all
  perl module to do NFS (or not) locking

libfile-write-rotate-perl/stable 0.321-3 all
  module to deal with files that archive/rotate themselves

libfpga-dev/stable 0.0+201212-1.1+b1 arm64
  development files for fpgatools

libfpga0t64/stable 0.0+201212-1.1+b1 arm64
  libraries of fpgatools

libfprint-2-2/stable 1:1.94.9-1 arm64
  async fingerprint library of fprint project, shared libraries

libfprint-2-dev/stable 1:1.94.9-1 arm64
  async fingerprint library of fprint project, development headers

libfprint-2-doc/stable 1:1.94.9-1 all
  async fingerprint library of fprint project, API documentation

libfprint-2-tests/stable 1:1.94.9-1 arm64
  Tests for async fingerprint library of fprint project

libfsverity-dev/stable 1.6-1.2 arm64
  Development files for fs-verity

libfsverity0/stable 1.6-1.2 arm64
  Shared library for fs-verity

libfuturesql6-0/stable 0.1.1-2 arm64
  asynchronous Qt code library

libfuturesql6-dev/stable 0.1.1-2 arm64
  asynchronous Qt code development

libgd-securityimage-perl/stable 1.75-3 all
  security image (captcha) generator

libgeo-ip-perl/stable 1.51-4+b3 arm64
  Perl interface to GeoIP library

libgeoip-dev/stable 1.6.12-11.2~deb13u1 arm64
  Development files for the GeoIP library

libgeoip1t64/stable 1.6.12-11.2~deb13u1 arm64
  non-DNS IP-to-country resolver library

libges-1.0-0/stable 1.26.2-1 arm64
  GStreamer editing services (shared library)

libges-1.0-dev/stable 1.26.2-1 arm64
  GStreamer editing services (development files)

libghc-clash-ghc-dev/stable 1.8.1-4 arm64
  Clash: functional hardware descr. language - GHC frontend

libghc-clash-ghc-doc/stable 1.8.1-4 all
  Clash: functional hardware descr. language - GHC frontend; documentation

libghc-clash-ghc-prof/stable 1.8.1-4 arm64
  Clash: functional hardware descr. language - GHC frontend; profiling libraries

libghc-clash-lib-dev/stable 1.8.1-2+b4 arm64
  Functional hardware description language - library

libghc-clash-lib-doc/stable 1.8.1-2 all
  Functional hardware description language - library; documentation

libghc-clash-lib-prof/stable 1.8.1-2+b4 arm64
  Functional hardware description language - library; profiling libraries

libghc-clash-prelude-dev/stable 1.8.1-2+b2 arm64
  Functional hardware description language - Prelude library

libghc-clash-prelude-doc/stable 1.8.1-2 all
  Functional hardware description language - Prelude library; documentation

libghc-clash-prelude-prof/stable 1.8.1-2+b2 arm64
  Functional hardware description language - Prelude library; profiling libraries

libghc-clock-dev/stable 0.8.4-2+b1 arm64
  High-resolution clock and timer

libghc-clock-doc/stable 0.8.4-2 all
  High-resolution clock and timer; documentation

libghc-clock-prof/stable 0.8.4-2+b1 arm64
  High-resolution clock and timer; profiling libraries

libghc-commonmark-dev/stable 0.2.6.1-1 arm64
  Pure Haskell commonmark parser

libghc-commonmark-doc/stable 0.2.6.1-1 all
  Pure Haskell commonmark parser; documentation

libghc-commonmark-prof/stable 0.2.6.1-1 arm64
  Pure Haskell commonmark parser; profiling libraries

libghc-concurrent-extra-dev/stable 0.7.0.12-4+b1 arm64
  Extra concurrency primitives

libghc-concurrent-extra-doc/stable 0.7.0.12-4 all
  Extra concurrency primitives; documentation

libghc-concurrent-extra-prof/stable 0.7.0.12-4+b1 arm64
  Extra concurrency primitives; profiling libraries

libghc-filelock-dev/stable 0.1.1.7-2+b1 arm64
  portable interface to file locking (flock / LockFileEx)

libghc-filelock-doc/stable 0.1.1.7-2 all
  portable interface to file locking (flock / LockFileEx); documentation

libghc-filelock-prof/stable 0.1.1.7-2+b1 arm64
  portable interface to file locking (flock / LockFileEx); profiling libraries

libghc-hxt-charproperties-dev/stable 9.5.0.0-3+b1 arm64
  Character properties and classes for XML and Unicode

libghc-hxt-charproperties-doc/stable 9.5.0.0-3 all
  Character properties and classes for XML and Unicode; documentation

libghc-hxt-charproperties-prof/stable 9.5.0.0-3+b1 arm64
  Character properties and classes for XML and Unicode; profiling libraries

libghc-hxt-regex-xmlschema-dev/stable 9.2.0.7-3+b1 arm64
  W3C XML Schema regular expressions library

libghc-hxt-regex-xmlschema-doc/stable 9.2.0.7-3 all
  W3C XML Schema regular expressions library; documentation

libghc-hxt-regex-xmlschema-prof/stable 9.2.0.7-3+b1 arm64
  W3C XML Schema regular expressions library; profiling libraries

libghc-lukko-dev/stable 0.1.1.3-5+b1 arm64
  file locking

libghc-lukko-doc/stable 0.1.1.3-5 all
  file locking; documentation

libghc-lukko-prof/stable 0.1.1.3-5+b1 arm64
  file locking; profiling libraries

libghc-say-dev/stable 0.1.0.1-6+b1 arm64
  send textual messages to a Handle in a thread-friendly way

libghc-say-doc/stable 0.1.0.1-6 all
  send textual messages to a Handle in a thread-friendly way; documentation

libghc-say-prof/stable 0.1.0.1-6+b1 arm64
  send textual messages to a Handle in a thread-friendly way; profiling libraries

libghc-tf-random-dev/stable 0.5-13+b1 arm64
  high-quality splittable pseudorandom number generator

libghc-tf-random-doc/stable 0.5-13 all
  high-quality splittable pseudorandom number generator; documentation

libghc-tf-random-prof/stable 0.5-13+b1 arm64
  high-quality splittable pseudorandom number generator; profiling libraries

libgnuradio-blocks3.10.12/stable 3.10.12.0-1 arm64
  gnuradio blocks functions

libgnuradio-channels3.10.12/stable 3.10.12.0-1 arm64
  gnuradio channels functions

libgnuradio-dab3.10.0/stable 0.5-1+b7 arm64
  Shared library for gr-dab (DAB/DAB+ receiver)

libgnuradio-dtv3.10.12/stable 3.10.12.0-1 arm64
  gnuradio digital TV signal processing blocks

libgnuradio-filter3.10.12/stable 3.10.12.0-1 arm64
  gnuradio filter functions

libgnuradio-fosphor3.9.0/stable 3.9~git20240323.74d54fc-1+b10 arm64
  gnuradio fosphor block (GPU spectrum display) (library)

libgnuradio-iio3.10.12/stable 3.10.12.0-1 arm64
  IIO blocks for GnuRadio

libgnuradio-iqbalance3.9.0/stable 0.38.2-2+b18 arm64
  GNU Radio Blind IQ imbalance estimator and correction (shared library)

libgnuradio-limesdr3.0.2/stable 3.0.1.10.69-3+b15 arm64
  LimeSDR blocks for GnuRadio (runtime library)

libgnuradio-network3.10.12/stable 3.10.12.0-1 arm64
  gnuradio network library

libgnuradio-osmosdr0.2.0t64/stable 0.2.6-4 arm64
  Gnuradio blocks from the OsmoSDR project - library

libgnuradio-pdu3.10.12/stable 3.10.12.0-1 arm64
  gnuradio streaming protocol library

libgnuradio-pmt3.10.12/stable 3.10.12.0-1 arm64
  gnuradio pmt container library

libgnuradio-rds1/stable 3.10-1+b19 arm64
  GNU Radio FM RDS/TMC Transceiver (library)

libgnuradio-runtime3.10.12/stable 3.10.12.0-1 arm64
  gnuradio core runtime

libgnuradio-video-sdl3.10.12/stable 3.10.12.0-1 arm64
  gnuradio video functions

libgnuradio-vocoder3.10.12/stable 3.10.12.0-1 arm64
  gnuradio vocoder functions

libgnuradio-wavelet3.10.12/stable 3.10.12.0-1 arm64
  gnuradio wavelet functions

libgnutls-dane0t64/stable 3.8.9-3+deb13u4 arm64
  GNU TLS library - DANE security support

libgnutls-openssl27t64/stable 3.8.9-3+deb13u4 arm64
  GNU TLS library - OpenSSL wrapper

libgnutls28-dev/stable 3.8.9-3+deb13u4 arm64
  GNU TLS library - development files

libgnutls30t64/stable 3.8.9-3+deb13u4 arm64 [upgradable from: 3.8.9-3+deb13u3]
  GNU TLS library - main runtime library

libgridtools-dev/stable 2.3.8-1 arm64
  Framework for storage and computation on Weather and Climate Grids

libgtk-session-lock-dev/stable 0.2.0-2 arm64
  Wayland screen locker library using ext-session-lock-v1 (development files)

libgtk-session-lock0/stable 0.2.0-2 arm64
  Wayland screen locker library using ext-session-lock-v1 (shared library)

libguard-perl/stable 1.023-2+b4 arm64
  Perl module providing safe cleanup using guard objects

libgumbo-dev/stable 0.13.0+dfsg-2 arm64
  pure-C HTML5 parser development files

libgumbo3/stable 0.13.0+dfsg-2 arm64
  pure-C HTML5 parser

libhtml-mason-perl/stable 1:1.60-2 all
  HTML::Mason Perl module

libhtml-mason-perl-doc/stable 1:1.60-2 all
  HTML::Mason examples

libhtml-tagfilter-perl/stable 1.03-5 all
  fine-grained HTML-filter, XSS-blocker and mailto-obfuscator

libhtscodecs-dev/stable 1.6.1-2 arm64
  Development headers for custom compression for CRAM and others

libhtscodecs2/stable 1.6.1-2 arm64
  Custom compression for CRAM and others

libhttp-async-perl/stable 0.33-3 all
  module for parallel non-blocking processing of multiple HTTP requests

libhttp-dav-perl/stable 0.50-1 all
  WebDAV client library for Perl, and "dave" CLI client

libhttpcore-java/stable 4.4.16-1 all
  set of low level HTTP transport components for Java

libhttpcore5-java/stable 5.2.2-1 all
  set of low level HTTP transport components for Java

libio-aio-perl/stable 4.81-1+b3 arm64
  asynchronous IO module for Perl

libio-bufferedselect-perl/stable 1.0-3 all
  Perl module for line-buffered select interface

libio-event-perl/stable 0.813-4 all
  Perl module that ties filehandles for nonblocking IO with object callbacks

libio-lockedfile-perl/stable 0.23+d030220-5 all
  module providing object methods for locking files

libio-sessiondata-perl/stable 1.03-3 all
  set of modules for non-blocking I/O

libio-stream-perl/stable 2.0.3-3 all
  module that provides non-blocking I/O streams based on EV

libisal-dev/stable 2.31.1-1.1 arm64
  Intel(R) Intelligent Storage Acceleration Library - devel files

libisal2/stable 2.31.1-1.1 arm64
  Intel(R) Intelligent Storage Acceleration Library - shared library

libiterator-perl/stable 0.03+ds1-2 all
  Perl implementation of iterators

libiterator-util-perl/stable 0.02+ds1-2 all
  Useful functions for creating and manipulating iterator objects

libitsol-dev/stable 1.0.0-3+b1 arm64
  ITerative SOLvers - devel

libitsol1/stable 1.0.0-3+b1 arm64
  ITerative SOLvers - runtime

libivykis0t64/stable 0.43.2-1+b1 arm64
  Asynchronous I/O readiness notification library

libjanino-java/stable 3.1.12+dfsg-1 all
  runtime compiler for Java expressions - library

libjanino-java-doc/stable 3.1.12+dfsg-1 all
  runtime compiler for Java expressions - documentation

libjavascriptcoregtk-4.1-0/stable 2.52.3-2~deb13u1 arm64
  JavaScript engine library from WebKitGTK

libjavascriptcoregtk-4.1-dev/stable 2.52.3-2~deb13u1 arm64
  JavaScript engine library from WebKitGTK - development files

libjavascriptcoregtk-6.0-1/stable 2.52.3-2~deb13u1 arm64
  JavaScript engine library from WebKitGTK

libjavascriptcoregtk-6.0-dev/stable 2.52.3-2~deb13u1 arm64
  JavaScript engine library from WebKitGTK - development files

libjavascriptcoregtk-bin/stable 2.52.3-2~deb13u1 arm64
  JavaScript engine library from WebKitGTK - command-line interpreter

libjbcrypt-java/stable 0.4-3 all
  Java implementation of OpenBSD's Blowfish hashing

libjboss-xnio-java/stable 3.8.10-1 all
  simplified low-level I/O layer for NIO

libjboss-xnio-java-doc/stable 3.8.10-1 all
  Documentation for jboss-xnio

libjctools-java/stable 4.0.5+dfsg-1 all
  Java Concurrency Tools for the JVM

libjemalloc2/stable 5.3.0-3 arm64
  general-purpose scalable concurrent malloc(3) implementation

libjnr-enxio-java/stable 0.32.16-1 all
  Java extended native cross-platform I/O library

libjs-cssrelpreload/stable 3.1.0+dfsg+~cs3.1.3-1 all
  JavaScript to load CSS asynchronously

libjs-highlight.js/stable 9.18.5+dfsg1-2 all
  JavaScript library for syntax highlighting

libjs-jquery-blockui/stable 2.70-5 all
  simulate synchronous behaviour using AJAX

libjs-jquery-selectize.js/stable 0.12.6+dfsg-1.1 all
  Extensible jQuery-based custom select UI control

libjs-q/stable 1.5.1-4 all
  JavaScript library for promises (CommonJS/Promises/A,B,D)

libjs-toastr/stable 2.1.4~ds-5 all
  JavaScript library for non-blocking notifications

libjsonm-ocaml/stable 1.0.2-2+b5 arm64
  Non-blocking streaming JSON codec for OCaml (plugins)

libjsonm-ocaml-dev/stable 1.0.2-2+b5 arm64
  Non-blocking streaming JSON codec for OCaml

libjsonm-ocaml-doc/stable 1.0.2-2 all
  Non-blocking streaming JSON codec for OCaml (documentation)

libkeyutils-dev/stable 1.6.3-6 arm64
  Linux Key Management Utilities (development)

libkeyutils1/stable,now 1.6.3-6 arm64 [installed,automatic]
  Linux Key Management Utilities (library)

libkf5config-bin/stable 5.116.0-1 arm64
  configuration settings framework for Qt

libkf5config-data/stable 5.116.0-1 all
  configuration settings framework for Qt

libkf5config-dev/stable 5.116.0-1 arm64
  configuration settings framework for Qt

libkf5config-dev-bin/stable 5.116.0-1 arm64
  configuration settings framework for Qt -- binary package

libkf5config-doc/stable 5.116.0-1 all
  configuration settings framework for Qt (documentation)

libkf5configcore5/stable 5.116.0-1 arm64
  configuration settings framework for Qt

libkf5syntaxhighlighting-data/stable 5.116.0-1 all
  Syntax highlighting Engine - translations

libkf5syntaxhighlighting-dev/stable 5.116.0-1 arm64
  Syntax highlighting Engine

libkf5syntaxhighlighting-doc/stable 5.116.0-1 all
  Syntax highlighting Engine (documentation)

libkf5syntaxhighlighting-tools/stable 5.116.0-1 arm64
  Syntax highlighting Engine

libkf5syntaxhighlighting5/stable 5.116.0-1 arm64
  Syntax highlighting Engine

libkf6config-bin/stable 6.13.0-2 arm64
  configuration settings framework for Qt

libkf6config-data/stable 6.13.0-2 all
  configuration settings framework for Qt

libkf6config-dev/stable 6.13.0-2 arm64
  configuration settings framework for Qt

libkf6config-dev-bin/stable 6.13.0-2 arm64
  configuration settings framework for Qt -- binary package

libkf6config-doc/stable 6.13.0-2 all
  configuration settings framework for Qt (documentation)

libkf6configcore6/stable 6.13.0-2 arm64
  configuration settings framework for Qt

libkf6syntaxhighlighting-data/stable 6.13.0-1 all
  Syntax highlighting Engine - translations

libkf6syntaxhighlighting-dev/stable 6.13.0-1 arm64
  Syntax highlighting Engine

libkf6syntaxhighlighting-doc/stable 6.13.0-1 all
  Syntax highlighting Engine (documentation)

libkf6syntaxhighlighting-tools/stable 6.13.0-1 arm64
  Syntax highlighting Engine

libkf6syntaxhighlighting6/stable 6.13.0-1 arm64
  Syntax highlighting Engine

libkotlinx-atomicfu-java/stable 0.11.12-2 all
  AtomicFU - Idiomatic atomic operations in Kotlin

libksba-dev/stable 1.6.7-2+b1 arm64
  X.509 and CMS support library - development files

libksba-mingw-w64-dev/stable 1.6.7-2 all
  X.509 and CMS support library (Windows development)

libksba8/stable,now 1.6.7-2+b1 arm64 [installed,automatic]
  X.509 and CMS support library

libkscreenlocker6/stable 6.3.5-1 arm64
  Secure lock screen architecture

libktorrent6-6/stable 25.04.0-2 arm64
  KTorrent library for C++ / Qt 5 / KDE Frameworks

liblaf-widget-java/stable 7.3+dfsg3-6 all
  Java widget toolbox for other look-and-feel libraries

liblaf-widget-java-doc/stable 7.3+dfsg3-6 all
  Java widget toolbox for look-and-feel libraries - documentation

liblasi-dev/stable 1.1.3-2.1+b1 arm64
  development files and documentation for the LASi library

liblasi0t64/stable 1.1.3-2.1+b1 arm64
  creation of PostScript documents containing Unicode symbols

libldm-1.0-0t64/stable 0.2.5-1.1+b2 arm64
  library for managing Microsoft Windows dynamic disks

libldm-dev/stable 0.2.5-1.1+b2 arm64
  library for managing Microsoft Windows dynamic disks

liblime-dev/stable 5.3.105+dfsg-3 arm64
  End-to-end encryption library featuring ECC and PFS

liblime-doc/stable 5.3.105+dfsg-3 all
  End-to-end encryption library featuring ECC and PFS

liblime1/stable 5.3.105+dfsg-3 arm64
  End-to-end encryption library featuring ECC and PFS

liblist-utilsby-perl/stable 0.12-2 all
  higher-order list utility functions

liblockfile-bin/stable 1.17-2 arm64
  support binaries for and cli utilities based on liblockfile

liblockfile-dev/stable 1.17-2 arm64
  Development library for liblockfile

liblockfile-simple-perl/stable 0.208-1.1 all
  Perl module for simple advisory file locking

liblockfile1/stable 1.17-2 arm64
  NFS-safe locking library

liblog-agent-logger-perl/stable 0.201-1 all
  extension for Log::Agent providing an application-level logging API

liblog-handler-perl/stable 0.90-2 all
  module to handle output destined for log files

liblog-loglite-perl/stable 0.82-9 all
  Perl module that facilitates lightweight logging

libmail-box-perl/stable 3.011-1 all
  message-folder management module

libmango-perl/stable 1.30-2 all
  Pure-Perl non-blocking I/O MongoDB client

libmarkup-lwt-ocaml/stable 1.0.3-1+b4 arm64
  adapter between Markup.ml and Lwt (runtime)

libmarkup-lwt-ocaml-dev/stable 1.0.3-1+b4 arm64
  adapter between Markup.ml and Lwt (dev files)

libmarkup-ocaml/stable 1.0.3-1+b4 arm64
  error-recovering functional HTML5 and XML parsers and writers (runtime)

libmarkup-ocaml-dev/stable 1.0.3-1+b4 arm64
  error-recovering functional HTML5 and XML parsers and writers (dev files)

libmate-panel-applet-4-1/stable 1.27.1-4.1 arm64
  library for MATE Panel applets

libmate-panel-applet-dev/stable 1.27.1-4.1 arm64
  library for MATE Panel applets (development files)

libmate-panel-applet-doc/stable 1.27.1-4.1 all
  library for MATE Panel applets (documentation files)

libmbassador-java/stable 1.3.1-2 all
  feature-rich Java event bus optimized for high-throughput

libmcrypt-dev/stable 2.5.8-8 arm64
  De-/Encryption Library development files

libmcrypt4/stable 2.5.8-8 arm64
  De-/Encryption Library

libmd4c-dev/stable 0.5.2-2+b1 arm64
  Markdown for C - development files

libmd4c-html0/stable 0.5.2-2+b1 arm64
  Markdown for C HTML-renderer

libmd4c-html0-dev/stable 0.5.2-2+b1 arm64
  Markdown for C HTML-renderer - development files

libmd4c0/stable,now 0.5.2-2+b1 arm64 [installed,automatic]
  Markdown for C

libmdx-ocaml/stable 2.5.0-3+b4 arm64
  execute OCaml code inside markdown documentation -- runtime files

libmdx-ocaml-dev/stable 2.5.0-3+b4 arm64
  execute OCaml code inside markdown documentation -- development files

libmessage-passing-zeromq-perl/stable 0.010-3 all
  input and output messages to ZeroMQ

libmfsio-dev/stable 4.57.5-1 arm64
  MooseFS IO library - development files

libmfsio1t64/stable 4.57.5-1 arm64
  MooseFS IO library

libmir-core-dev/stable 1.7.0-1+b2 arm64
  D software building blocks and conventions -- development files

libmir-core1/stable 1.7.0-1+b2 arm64
  Base D software building blocks and conventions

libmirage-clock-ocaml/stable 4.2.0-1+b2 arm64
  libraries and module types for portable clocks (runtime)

libmirage-clock-ocaml-dev/stable 4.2.0-1+b2 arm64
  libraries and module types for portable clocks (dev)

libmirage-ptime-ocaml/stable 5.0.0-2+b1 arm64
  libraries and module types for portable clocks (runtime)

libmirage-ptime-ocaml-dev/stable 5.0.0-2+b1 arm64
  libraries and module types for portable clocks (development)

libmldbm-sync-perl/stable 0.30-6 all
  Perl module for safe concurrent access to MLDBM databases

libmojo-ioloop-readwriteprocess-perl/stable 0.34-1 all
  module to execute external programs or internal code blocks as separate process

libmojolicious-plugin-cgi-perl/stable 0.40-2 all
  Mojolicious plugin to run CGI scripts

libmongodb-java/stable 3.6.3-2 all
  MongoDB Java Driver

libmoosex-poe-perl/stable 0.215-2 all
  Moose wrapper around a POE::Session

libmoosex-role-parameterized-perl/stable 1.11-2 all
  Moose extension providing parameterized roles

libmqtt-client-java/stable 1.16-1 all
  Java MQTT Client API

libmseed2/stable 2.19.8-1+b2 arm64
  seed data records manipulation library

libmtime-ocaml/stable 2.1.0-2+b2 arm64
  monotonic wall-clock time for OCaml (runtime)

libmtime-ocaml-dev/stable 2.1.0-2+b2 arm64
  monotonic wall-clock time for OCaml (development)

libmultiverse-core-java/stable 0.7.0-6 all
  Java library implementing Software Transactional Memory (STM)

libn32atomic1-mips-cross/stable 14.2.0-13cross1 all
  support library providing __atomic built-in functions (n32)

libn32atomic1-mips64-cross/stable 14.2.0-13cross1 all
  support library providing __atomic built-in functions (n32)

libn32atomic1-mips64el-cross/stable 14.2.0-13cross1 all
  support library providing __atomic built-in functions (n32)

libn32atomic1-mips64r6-cross/stable 14.2.0-13cross1 all
  support library providing __atomic built-in functions (n32)

libn32atomic1-mips64r6el-cross/stable 14.2.0-13cross1 all
  support library providing __atomic built-in functions (n32)

libn32atomic1-mipsel-cross/stable 14.2.0-13cross1 all
  support library providing __atomic built-in functions (n32)

libn32atomic1-mipsr6-cross/stable 14.2.0-13cross1 all
  support library providing __atomic built-in functions (n32)

libn32atomic1-mipsr6el-cross/stable 14.2.0-13cross1 all
  support library providing __atomic built-in functions (n32)

libnanomsg-dev/stable 1.1.5+dfsg-1.1+b1 arm64
  nanomsg development files

libnanomsg5/stable 1.1.5+dfsg-1.1+b1 arm64
  high-performance implementation of scalability libraries

libnatpmp-dev/stable 20230423-1.2+b3 arm64
  portable and fully compliant implementation of NAT-PMP (dev files)

libnatpmp1t64/stable 20230423-1.2+b3 arm64
  portable and fully compliant implementation of NAT-PMP

libnbd-bin/stable 1.22.2-1+b1 arm64
  Utilities using the Network Block Device client library

libnbd-dev/stable 1.22.2-1+b1 arm64
  Network Block Device client library -- development files

libnbd-ocaml/stable 1.22.2-1+b1 arm64
  Network Block Device client library -- OCaml bindings

libnbd-ocaml-dev/stable 1.22.2-1+b1 arm64
  Network Block Device client library -- OCaml development files

libnbd0/stable 1.22.2-1+b1 arm64
  Network Block Device client library -- shared library

libnet-async-mpd-perl/stable 0.005-3 all
  non-blocking interface to MPD (Perl module)

libnet-cidr-perl/stable 0.25-1 all
  module to manipulate IPv4/IPv6 netblocks in CIDR notation

libnet-cidr-set-perl/stable 0.15-1 all
  Net::CIDR::Set perl module to manipulate sets of IP addresses

libnet-dns-native-perl/stable 0.22-2+b5 arm64
  non-blocking system DNS resolver

libnet-https-nb-perl/stable 0.15-2 all
  low-level non-blocking HTTPS client

libnet-netmask-perl/stable 2.0002-2 all
  module to parse, manipulate and lookup IP network blocks

libnet-rblclient-perl/stable 0.5-4 all
  module to query multiple Realtime Blackhole Lists in parallel

libnet-server-coro-perl/stable 1.3-2 all
  co-operative multithreaded server using Coro

libnet-tftp-perl/stable 0.1901-3 all
  Perl module for accessing TFTP servers

libnet-tftpd-perl/stable 0.10-3 all
  Perl extension for Trivial File Transfer Protocol Server

libnetaddr-ip-perl/stable 4.079+dfsg-2+b5 arm64
  IP address manipulation module

libnetsvcs-8.0.2/stable 8.0.2+dfsg-2 arm64
  ACE network service implementations - libraries

libnetsvcs-dev/stable 8.0.2+dfsg-2 arm64
  ACE network service implementations - development files

libnode-dev/stable 20.19.2+dfsg-1+deb13u2 arm64
  evented I/O for V8 javascript (development files)

libnode115/stable 20.19.2+dfsg-1+deb13u2 arm64
  evented I/O for V8 javascript - runtime library

libnproc-ocaml-dev/stable 0.5.1-5+b8 arm64
  process pool implementation for OCaml

libnsync-cpp1t64/stable 1.29.2-3 arm64
  C library that exports various synchronization primitives (C++ lib)

libnsync-dev/stable 1.29.2-3 arm64
  C library that exports various synchronization primitives (dev)

libnsync1t64/stable 1.29.2-3 arm64
  C library that exports various synchronization primitives (C lib)

libntirpc-dev/stable 6.3-2 arm64
  new transport-independent RPC library - development files

libntirpc6.3/stable 6.3-2 arm64
  new transport-independent RPC library

libnucleotidelikelihoodcore0/stable 1.10.4+dfsg-7 arm64
  implementation of LikelihoodCore for nucleotides used by beast-mcmc

libo2/stable 1.1~ds-5 arm64
  next generation communication protocol for music systems

libo2-dev/stable 1.1~ds-5 arm64
  next generation communication protocol for music systems - development files

libobject-pad-perl/stable 0.820-1 arm64
  module providing a simple syntax for lexical field-based objects

libobject-result-perl/stable 0.000003-1.1 all
  module allowing subs to build and return objects on-the-fly

libocamlformat-ocaml/stable 0.27.0-1+b6 arm64
  auto-formatter for OCaml code (runtime library)

libocamlformat-ocaml-dev/stable 0.27.0-1+b6 arm64
  auto-formatter for OCaml code (development library)

libocrad-dev/stable 0.29-1 arm64
  optical character recognition library

liboggplay-dev/stable 0.3.0-3 arm64
  Library for playing OGG multimedia (development files)

liboggplay2/stable 0.3.0-3 arm64
  Library for playing OGG multimedia

libokhttp-java/stable 3.13.1-4 all
  HTTP+HTTP/2 client for Android and Java applications

libopenhft-chronicle-threads-java/stable 1.1.6-4 all
  OpenHFT thread pool library

libortp-dev/stable 1:5.3.105-1 arm64
  Development files for the ortp RTP library

libortp-doc/stable 1:5.3.105-1 all
  oRTP API documentation

libortp16/stable 1:5.3.105-1 arm64
  Real-time Transport Protocol (RTP) stack

libpam-abl/stable 0.6.0-7+b3 arm64
  blocks hosts attempting a brute force attack

libpam-fscrypt/stable 0.3.5-1+b5 arm64
  PAM module for Linux filesystem encryption

libpam-gnome-keyring/stable 48.0-1 arm64
  PAM module to unlock the GNOME keyring upon login

libpam-poldi/stable 0.4.2+git20201120.5d67235-1 arm64
  PAM module allowing authentication using a OpenPGP smartcard

libpaperclips-java/stable 1.0.4-3 all
  Simplified Java Printing Support for SWT

libpaperclips-java-doc/stable 1.0.4-3 all
  Documentation for libpaperclips-java

libparany-ocaml/stable 14.0.1-1+b3 arm64
  Generalized map reduce for parallel computers (runtime)

libparany-ocaml-dev/stable 14.0.1-1+b3 arm64
  Generalized map reduce for parallel computers (development)

libparasail8/stable 2.6.2+dfsg-2 arm64
  Lib with various pairwise sequence alignment algorithms

libpath-dispatcher-perl/stable 1.08-2 all
  flexible and extensible dispatcher module

libperfmark-java/stable 0.21.0+ds-3 all
  High Performance Tracing Library for Java

libperl-prereqscanner-notquitelite-perl/stable 0.9917-1 all
  Perl module for scanning Perl code for prerequisites

libperlio-via-timeout-perl/stable 0.32-3 all
  PerlIO layer that adds read & write timeout to a handle

libpisp-common/stable 1.2.1-2 all
  Helper library for the PiSP hardware block (data files)

libpisp-dev/stable 1.2.1-2 arm64
  Helper library for the PiSP hardware block (development files)

libpisp1/stable 1.2.1-2 arm64
  Helper library for the PiSP hardware block (runtime)

libpixelmed-codec-java/stable 20200328-6 all
  JPEG selective block redaction codec for pixelmed

libplack-handler-anyevent-fcgi-perl/stable 0.01-2 all
  asynchronous FCGI handler for PSGI using AnyEvent::FCGI

libplack-middleware-csrfblock-perl/stable 0.10-3 all
  Plack middleware to block CSRF (cross-site request forgery)

libpmemblk-dev/stable 1.13.1-1.1+b1 arm64
  development files for libpmemblk1

libpmemblk1/stable 1.13.1-1.1+b1 arm64
  Persistent Memory block array support library

libpmemblk1-debug/stable 1.13.1-1.1+b1 arm64
  Persistent Memory block array support library — debug build

libpmemobj-dev/stable 1.13.1-1.1+b1 arm64
  development files for libpmemobj1

libpmemobj1/stable 1.13.1-1.1+b1 arm64
  Persistent Memory object store support library

libpmemobj1-debug/stable 1.13.1-1.1+b1 arm64
  Persistent Memory object store support library — debug build

libpod-markdown-perl/stable 3.400000-1 all
  module to convert POD to the Markdown file format

libpoe-component-client-dns-perl/stable 1:1.054-4 all
  POE Component for performing asynchronous DNS queries

libpoe-component-client-ident-perl/stable 1.16-2 all
  POE component that provides non-blocking ident lookups

libpoe-component-dbiagent-perl/stable 0.26-3.1 all
  POE Component for running asynchronous DBI calls

libpoe-component-resolver-perl/stable 0.921-2 all
  POE Component for domain name resolution

libpostscript-perl/stable 0.06-3.1 all
  Perl module to generate PostScript code

libppr-perl/stable 0.001010-2 all
  Pattern-based Perl Recognizer

libproc-fork-perl/stable 0.807-1 all
  Perl interface to the fork() system call

libproc-terminator-perl/stable 0.5-3 all
  module to conveniently terminate processes

libprotozero-dev/stable 1.8.1-1 arm64
  Minimalistic protocol buffer decoder and encoder in C++

libprotozero-doc/stable 1.8.1-1 all
  Minimalistic protocol buffer decoder and encoder in C++ - docs

libptl-dev/stable 2.3.3-2.1+b3 arm64
  parallel tasking library - development files

libptl2t64/stable 2.3.3-2.1+b3 arm64
  parallel tasking library

librandom123-dev/stable 1.14.0+dfsg-6 all
  parallel random numbers library

librandom123-doc/stable 1.14.0+dfsg-6 all
  documentation and examples of parallel random numbers library

librbd-dev/stable 18.2.7+ds-1+deb13u1 arm64
  RADOS block device client library (development files)

librbd1/stable 18.2.7+ds-1+deb13u1 arm64
  RADOS block device client library

librbd1-dbg/stable 18.2.7+ds-1+deb13u1 arm64
  debugging symbols for librbd1

libreactive-streams-java/stable 1.0.3-1 all
  Standard for asynchronous stream processing with non-blocking backpressure

libreaderwriterqueue-dev/stable 1.0.6-1 all
  single-producer, single-consumer lock-free queue for C++

libregexp-common-net-cidr-perl/stable 0.03-2 all
  provide patterns for CIDR blocks

librgxg-dev/stable 0.1.2-7 arm64
  development files and documentation for librgxg

librgxg0/stable 0.1.2-7 arm64
  C library to generate regular expressions

librocsparse-dev/stable 5.7.1-6 arm64
  ROCm library for sparse linear algebra - headers

librocsparse-doc/stable 5.7.1-6 all
  ROCm library for sparse linear algebra - documentation

librocsparse0/stable 5.7.1-6 arm64
  ROCm library for sparse linear algebra - library

librocsparse0-tests/stable 5.7.1-6 arm64
  ROCm library for sparse linear algebra - tests

librocsparse0-tests-data/stable 5.7.1-6 all
  ROCm library for sparse linear algebra - test data

libroslz4-1t64/stable 1.17.0+ds-2+b5 arm64
  library implementing lz4 for Robot OS

libroslz4-dev/stable 1.17.0+ds-2+b5 arm64
  development files for libroslz4

librostlab-doc/stable 1.0.20-14 all
  C++ library for computational biology (documentation)

librostlab3-dev/stable 1.0.20-14 arm64
  C++ library for computational biology (development)

librostlab3t64/stable 1.0.20-14 arm64
  C++ library for computational biology

librplay-perl/stable 3.3.2-20 all
  rplay network audio system - perl modules

librplay3/stable 3.3.2-20 arm64
  rplay network audio system - shared libraries

librplay3-dev/stable 3.3.2-20 arm64
  rplay network audio system - development libraries

librsb-dev/stable 1.3.0.2+dfsg-7 arm64
  shared-memory Sparse BLAS library using the RSB matrix format (development)

librsb-doc/stable 1.3.0.2+dfsg-7 all
  shared-memory Sparse BLAS library using the RSB matrix format (documentation)

librsb-tools/stable 1.3.0.2+dfsg-7 arm64
  shared-memory Sparse BLAS library using the RSB matrix format (tools)

librsb0t64/stable 1.3.0.2+dfsg-7 arm64
  shared-memory Sparse BLAS library using the RSB matrix format

librscode-dev/stable 1.3-8+b3 arm64
  development libraries and headers for RSCODE

librscode1/stable 1.3-8+b3 arm64
  library implementing a Reed-Solomon error correction algorithm

librtpi-dev/stable 1.0.0-3+b1 arm64
  realtime capable pthread locking primitives (dev)

librtpi1/stable 1.0.0-3+b1 arm64
  realtime capable pthread locking primitives (lib)

librust-abnf-core-dev/stable 0.6.0-5 all
  nom-based parser for ABNF core rules - Rust source code

librust-adblock-dev/stable 0.8.12-4 arm64
  native Rust module for Adblock Plus syntax - Rust source code

librust-advisory-lock-dev/stable 0.3.0-1+b1 arm64
  Cross-platform advisory file lock - Rust source code

librust-antidote-dev/stable 1.0.0-3+b2 arm64
  Poison-free Mutex and RwLock types - Rust source code

librust-async-lock-dev/stable 3.4.0-5 all
  async synchronization primitives - Rust source code

librust-block-buffer-dev/stable 0.10.4-1 arm64
  Buffer type for block processing of data - Rust source code

librust-block-cipher-trait+blobby-dev/stable 0.6.2-4+b2 arm64
  Traits for description of block ciphers - feature "blobby" and 1 more

librust-block-cipher-trait-dev/stable 0.6.2-4+b2 arm64
  Traits for description of block ciphers - Rust source code

librust-block-dev/stable 0.1.6-2+b2 arm64
  Rust interface for Apple's C language extension of blocks - Rust source code

librust-block-padding-dev/stable 0.3.3-1+b2 arm64
  Padding and unpadding of messages divided into blocks - Rust source code

librust-blocking-dev/stable 1.6.1-6 all
  thread pool for isolating blocking I/O - Rust source code

librust-blowfish-dev/stable 0.9.1-1+b2 arm64
  Blowfish block cipher - Rust source code

librust-bmap-parser-dev/stable 0.2.0-1 arm64
  Rust that allows you to copy files or flash block devices safely - Rust source code

librust-camellia-dev/stable 0.1.0-1+b2 arm64
  Camellia block cipher - Rust source code

librust-cargo-lock-dev/stable 9.0.0-1+b8 arm64
  Self-contained Cargo.lock parser - Rust source code

librust-cast5-dev/stable 0.11.1-1+b2 arm64
  CAST5 block cipher - Rust source code

librust-cbc-dev/stable 0.1.2-1+b3 arm64
  Cipher Block Chaining (CBC) block cipher mode of operation - Rust source code

librust-cfb-mode-dev/stable 0.8.2-1+b2 arm64
  Cipher Feedback (CFB) block cipher mode of operation - Rust source code

librust-cipher-dev/stable 0.4.4-3+b2 arm64
  Traits for describing block ciphers and stream ciphers - Rust source code

librust-clock-steering-dev/stable 0.2.1-2 arm64
  Functionality for manual clock steering - Rust source code

librust-ctr-dev/stable 0.9.2-1+b2 arm64
  CTR block modes of operation - Rust source code

librust-des-dev/stable 0.8.1-1+b2 arm64
  DES and Triple DES (3DES, TDES) block ciphers implementation - Rust source code

librust-eax-dev/stable 0.5.0-1+b3 arm64
  Pure Rust implementation of EAX with AEAD cipher - Rust source code

librust-ecb-dev/stable 0.1.1-1+b2 arm64
  Electronic Codebook (ECB) block cipher mode of operation - Rust source code

librust-event-listener-dev/stable 5.4.0-3 all
  notify async tasks or threads - Rust source code

librust-event-listener-strategy-dev/stable 0.5.3-1 arm64
  Block or poll on event_listener easily - Rust source code

librust-fake-instant-dev/stable 0.4.0-2 arm64
  Fake clock for deterministic testing depending on time - Rust source code

librust-fd-lock-dev/stable 3.0.13-1+b2 arm64
  Advisory cross-platform lock on a file using a file descriptor to it - Rust source code

librust-fs2-dev/stable 0.4.3-1+b2 arm64
  Cross-platform file locks and file duplication - Rust source code

librust-fs4-dev/stable 0.11.1-2 arm64
  No libc, pure Rust cross-platform file locks - Rust source code

librust-futures-locks-dev/stable 0.7.1-1+b2 arm64
  Futures-aware lock primitives - Rust source code

librust-gix-lock-dev/stable 15.0.1-1 arm64
  Git-style lock-file implementation - Rust source code

librust-gix-packetline-blocking-dev/stable 0.18.1-1 arm64
  Duplicate of `gix-packetline` with the `blocking-io` feature pre-selected - Rust source code

librust-idea-dev/stable 0.5.1-1+b3 arm64
  IDEA block cipher - Rust source code

librust-imap-codec-dev/stable 2.0.0~alpha5+20250307-1 all
  rock-solid and complete codec for IMAP - Rust source code

librust-kuznyechik-dev/stable 0.8.2-2 arm64
  Kuznyechik (GOST R 34.12-2015) block cipher - Rust source code

librust-lock-api-dev/stable 0.4.12-1 arm64
  Wrappers to create fully-featured Mutex and RwLock types - Rust source code

librust-lockfree-object-pool-dev/stable 0.1.6-1+b2 arm64
  Thread-safe object pool collection with automatic return and attach/detach semantics - Rust source code

librust-magma-dev/stable 0.9.0-1+b2 arm64
  Magma (GOST R 34.12-2015) block cipher - Rust source code

librust-mio-0.6-dev/stable 0.6.23-5 arm64
  Lightweight non-blocking IO - Rust source code

librust-mio-dev/stable 1.0.2-3 arm64
  Lightweight non-blocking I/O - Rust source code

librust-named-lock-dev/stable 0.3.0-1+b2 arm64
  Cross-platform implementation of cross-process named locks - Rust source code

librust-nb-connect-dev/stable 1.2.0-2+b2 arm64
  Non-blocking TCP or Unix connect - Rust source code

librust-nbd-dev/stable 0.3.1-1 arm64
  NBD (network block device) servers and clients - Rust source code

librust-oneshot-dev/stable 0.1.11-2 arm64
  Oneshot spsc channel with (potentially) lock-free non-blocking send, and a receiver supporting both thread blocking receive operations as well as Future based async polling - Rust source code

librust-oxrdf-dev/stable 0.4.0~really0.2.4+0.4.9-1 all
  data structures related to RDF - Rust source code

librust-pikchr-dev/stable 0.1.4-2 all
  PIC-like diagramming language to SVG converter - Rust source code

librust-pollster-dev/stable 0.4.0-1+b2 arm64
  Synchronously block the thread until a future completes - Rust source code

librust-prodash-dev/stable 28.0.0-4 arm64
  Dashboard for progress of async and blocking tasks - Rust source code

librust-repro-env-dev/stable 0.4.3-2+b2 arm64
  Dependency lockfiles for reproducible build environments 📦🔒 - Rust source code

librust-ringbuf-dev/stable 0.3.3-2+b2 arm64
  Lock-free SPSC FIFO ring buffer with direct access to inner data - Rust source code

librust-secstr-dev/stable 0.5.1-1+b2 arm64
  Data type suitable for storing sensitive information such as passwords and private keys in memory, featuring constant time equality, mlock and zeroing out - Rust source code

librust-sharded-slab-dev/stable 0.1.4-2+b2 arm64
  Lock-free concurrent slab - Rust source code

librust-souper-ir-dev/stable 2.1.0-4 all
  library for manipulating Souper IR - Rust source code

librust-spinning-dev/stable 0.1.0-1+b3 arm64
  Mutexes and SIX locks implemented by spinning - Rust source code

librust-tokio-dev/stable 1.43.1-1 arm64
  Event-driven, non-blocking I/O platform - Rust source code

librust-tokio-native-tls-dev/stable 0.3.1-2 arm64
  TLS/SSL streams for Tokio using native-tls giving an implementation of TLS for nonblocking I/O streams - Rust source code

librust-tokio-serde-dev/stable 0.8.0-2+b2 arm64
  Send and receive Serde encodable types over the network using Tokio - Rust source code

librust-tracing-appender+parking-lot-dev/stable 0.2.2-1+b2 arm64
  Provides utilities for file appenders and making non-blocking writers - feature "parking_lot"

librust-tracing-appender-dev/stable 0.2.2-1+b2 arm64
  Provides utilities for file appenders and making non-blocking writers - Rust source code

librust-try-lock-dev/stable 0.2.5-1 arm64
  Lightweight atomic lock - Rust source code

librust-twofish-dev/stable 0.7.1-1+b2 arm64
  Twofish block cipher - Rust source code

librust-ureq-dev/stable 3.0.11+~0.4.1-3 all
  simple and safe HTTP client - Rust source code

libsamplerate0/stable,now 0.2.2-4+b2 arm64 [installed,automatic]
  Audio sample rate conversion library

libsamplerate0-dev/stable 0.2.2-4+b2 arm64
  Development files for audio sample rate conversion

libsanlock-client1/stable 3.9.5-1 arm64
  Shared storage lock manager (client library)

libsanlock-dev/stable 3.9.5-1 arm64
  Shared storage lock manager (development files)

libsanlock1/stable 3.9.5-1 arm64
  Shared storage lock manager (shared library)

libsaturn-ocaml-dev/stable 1.0.0-2+b1 arm64
  parallelism-safe data structures for multicore OCaml

libsdl-kitchensink-dev/stable 1.0.12-1+b1 arm64
  FFmpeg and SDL2 based library for audio and video playback - Development files

libsdl-kitchensink1/stable 1.0.12-1+b1 arm64
  FFmpeg and SDL2 based library for audio and video playback

libsdl-sge/stable 030809dfsg-11+b3 arm64
  extension of graphic functions for SDL multimedia libraries

libsdl-sge-dev/stable 030809dfsg-11+b3 arm64
  extension of graphic functions for the SDL multimedia, development files

libsequence-library-java/stable 1.0.4+dfsg-1 all
  Textual Diff and Merge Library

libshell-posix-select-perl/stable 0.09-1 all
  POSIX Shell's "select" loop for Perl

libsignal-mask-perl/stable 0.008-4 all
  module for easy handling of signal masks

libsilo-bin/stable 4.11-6.1+b3 arm64
  Utilities to manipulate libsilo files

libsilo-dev/stable 4.11-6.1+b3 arm64
  Development files for SILO Scientific I/O library from LLNL

libsiloh5-0t64/stable 4.11-6.1+b3 arm64
  SILO Science I/O library from LLNL

libsofia-sip-ua-dev/stable 1.12.11+20110422.1+1e14eea~dfsg-6.1+b2 arm64
  Sofia-SIP library development files

libsofia-sip-ua-glib-dev/stable 1.12.11+20110422.1+1e14eea~dfsg-6.1+b2 arm64
  Sofia-SIP library glib/gobject interface development files

libsofia-sip-ua-glib3t64/stable 1.12.11+20110422.1+1e14eea~dfsg-6.1+b2 arm64
  Sofia-SIP library glib/gobject interfaces runtime

libsofia-sip-ua0t64/stable 1.12.11+20110422.1+1e14eea~dfsg-6.1+b2 arm64
  Sofia-SIP library runtime

libsolv-dev/stable 0.7.32-1 arm64
  dependency solver using a satisfiability algorithm (development files)

libsolv-doc/stable 0.7.32-1 all
  dependency solver using a satisfiablility algorithm (documentation files)

libsolv-perl/stable 0.7.32-1 arm64
  dependency solver using a satisfiability algorithm (Perl bindings)

libsolv-tools/stable 0.7.32-1 arm64
  dependency solver using a satisfiability algorithm (command-line tools)

libsolv1/stable 0.7.32-1 arm64
  dependency solver using a satisfiability algorithm (shared library)

libsolvext-dev/stable 0.7.32-1 arm64
  dependency solver using a satisfiability algorithm (ext development files)

libsolvext1/stable 0.7.32-1 arm64
  dependency solver using a satisfiability algorithm (extensions)

libsort-key-top-perl/stable 0.08-4+b6 arm64
  Perl module to select and sort top n elements of a list

libspdlog-dev/stable 1:1.15.2+ds-2 arm64
  Very fast, header only or compiled, C++ logging library

libspdlog1.15/stable 1:1.15.2+ds-2 arm64
  Very fast C++ logging library

libspin-java/stable 1.5+dfsg-10 all
  transparent threading solution for non-freezing Swing applications

libst-dev/stable 1.9-3.4 arm64
  State Threads Library - Development files

libst1t64/stable 1.9-3.4 arm64
  State Threads Library

libstd-rust-1.85/stable 1.85.0+dfsg3-1 arm64
  Rust standard libraries

libstd-rust-dev/stable 1.85.0+dfsg3-1 arm64
  Rust standard libraries - development files

libstd-rust-dev-wasm32/stable 1.85.0+dfsg3-1 all
  Rust standard libraries - development files

libstrongswan-extra-plugins/stable 6.0.1-6+deb13u6 arm64
  strongSwan utility and crypto library (extra plugins)

libsuitesparse-dev/stable 1:7.10.1+dfsg-1 arm64
  libraries for sparse matrices computations (development files)

libsvn-dump-perl/stable 0.08-2 all
  module for parsing Subversion dumps

libsweble-wikitext-java/stable 3.1.9-2 all
  parser for MediaWiki's wikitext

libsyntax-keyword-match-perl/stable 0.15-1+b1 arm64
  match/case syntax plugin for perl

libsyntax-keyword-try-perl/stable 0.30-1+b1 arm64
  try/catch/finally syntax for perl

libsys-cpu-perl/stable 0.61-3+b4 arm64
  module for getting CPU information

libtcmu2/stable 1.5.4-9+b1 arm64
  Library that handles the userspace side of the LIO TCM-User backstore

libtdb-dev/stable 2:1.4.13+samba4.22.10+dfsg-0+deb13u1 arm64
  Trivial Database - development files

libtdb1/stable 2:1.4.13+samba4.22.10+dfsg-0+deb13u1 arm64
  Trivial Database - shared library

libterm-readkey-perl/stable,now 2.38-2+b4 arm64 [installed,automatic]
  perl module for simple terminal control

libterm-ttyrec-plus-perl/stable 0.09-1.1 all
  module for reading a ttyrec

libtermkey1/stable 0.22-2+b1 arm64
  library for processing keyboard input

libtest-abortable-perl/stable 0.003-2 all
  module to handle subtest failures with exceptions

libtest-assertions-perl/stable 1.054-5 all
  simple set of building blocks for unit and runtime testing

libtest-block-perl/stable 0.13-5 all
  module for specifying tests with a finer granularity

libtest-diaginc-perl/stable 0.010-2 all
  List modules and versions loaded if tests fail

libtest-effects-perl/stable 0.002000-1 all
  Perl module to test various effects at once

libtest-exit-perl/stable 0.11-2 all
  Perl module for testing whether code exits without terminating

libtest-leaktrace-perl/stable 0.17-1+b5 arm64
  Perl test module for tracing memory leaks

libtest-memorygrowth-perl/stable 0.05-1 all
  module to assert that code does not cause growth in memory usage

libtest-mockdatetime-perl/stable 0.02-4 all
  module to mock DateTime->now calls during tests

libtest-mocktime-datecalc-perl/stable 7+ds-2 all
  testing utility to fake time for Date::Calc

libtest-mocktime-hires-perl/stable 0.08-2 all
  Time::HiRes compatible version of Test::MockTime

libtest-nowarnings-perl/stable 1.06-2 all
  module to make sure you didn't emit any warnings while testing

libtest-trap-perl/stable 0.3.5-1 all
  test module to trap exit codes, exceptions, output, etc.

libtext-autoformat-perl/stable 1.750000-2 all
  module for automatic text wrapping and reformatting

libtext-markdown-perl/stable 1.000031-5 all
  module to convert Markdown syntax to (X)HTML

libtext-micromason-perl/stable 2.23-5 all
  simple and extensible templating module

libtext-microtemplate-perl/stable 0.24-3 all
  Micro template engine with Perl5 language

libthread-table-ocaml-dev/stable 1.0.0-1+b2 arm64
  lock-free thread-safe integer keyed hash table

libtickit-perl/stable 0.73-1+b3 arm64
  Terminal Interface Construction KIT

libtime-clock-perl/stable 1.03-3 all
  twenty-four hour clock object with nanosecond precision

libtime-fake-perl/stable 0.11-4 all
  Perl module for simulating different times without changing your system clock

libtime-human-perl/stable 1.03-6 all
  convert localtime() format to "speaking clock" time

libtntnet-dev/stable 3.0-4 arm64
  Tntnet library development headers

libtntnet13t64/stable 3.0-4 arm64
  Tntnet libraries

libtomcrypt-dev/stable 1.18.2+dfsg-7+b2 arm64
  static library, header files and documentation for libtomcrypt

libtomcrypt1/stable 1.18.2+dfsg-7+b2 arm64
  public domain open source cryptographic toolkit

libtorsocks/stable 2.5.0-1+deb13u1 arm64
  use SOCKS-friendly applications with Tor (library)

libtrajectory-msgs-dev/stable 1.13.1-3 arm64
  Messages relating to Robot OS trajectory, C/C++ interface

libtrantor-dev/stable 1.5.20+ds-2 arm64
  Non-blocking I/O cross-platform TCP network library development files

libtrantor1/stable 1.5.20+ds-2 arm64
  Non-blocking I/O cross-platform TCP network library

libtrilinos-kokkos-kernels-13.2/stable 13.2.0-6+b4 arm64
  Kokkos local computational kernels - runtime files

libtrilinos-kokkos-kernels-dev/stable 13.2.0-6+b4 arm64
  Kokkos local computational kernels - development files

libtrilinos-rythmos-13.2/stable 13.2.0-6+b4 arm64
  Trilinos transient integrator - runtime files

libtrilinos-rythmos-dev/stable 13.2.0-6+b4 arm64
  Trilinos transient integrator - development files

libtrilinos-stokhos-13.2/stable 13.2.0-6+b4 arm64
  Trilinos uncertainty quantification package - runtime files

libtrilinos-stokhos-dev/stable 13.2.0-6+b4 arm64
  Trilinos uncertainty quantification package - development files

libtrilinos-teko-13.2/stable 13.2.0-6+b4 arm64
  block preconditioners - runtime files

libtrilinos-teko-dev/stable 13.2.0-6+b4 arm64
  block preconditioners - development files

libtry-tiny-perl/stable,now 0.32-1 all [installed,automatic]
  module providing minimalistic try/catch

libtry-tiny-smartcatch-perl/stable 0.5-4 all
  lightweight Perl module for powerful exceptions handling

libubi-dev/stable 1:2.3.0-1 arm64
  UBIFS Development Libraries

libucommon-dev/stable 7.0.1-0.4+b1 arm64
  lightweight C++ threading and sockets - development files

libucommon8t64/stable 7.0.1-0.4+b1 arm64
  lightweight C++ threading and sockets - shared libraries

libudisks2-0/stable 2.10.1-12.1+deb13u1 arm64
  GObject based library to access udisks2

libudisks2-dev/stable 2.10.1-12.1+deb13u1 arm64
  GObject based library to access udisks2 - development files

libuninameslist-dev/stable 20230916-1+b2 arm64
  library of Unicode annotation data (development files)

libuninameslist1/stable 20230916-1+b2 arm64
  library of Unicode annotation data

libunirest-java-java/stable 1.4.8-3 all
  Simplified, lightweight HTTP client library

libusbguard-dev/stable 1.1.3+ds-3 arm64
  USB device authorization policy framework - development files

libusbguard1/stable 1.1.3+ds-3 arm64
  USB device authorization policy framework - shared library

libuutf-ocaml/stable 1.0.4-1+b1 arm64
  Non-blocking streaming Unicode codec for OCaml (plugins)

libuutf-ocaml-dev/stable 1.0.4-1+b1 arm64
  Non-blocking streaming Unicode codec for OCaml (development files)

libuutf-ocaml-doc/stable 1.0.4-1 all
  Non-blocking streaming Unicode codec for OCaml (documentation)

libveyon-core/stable 4.9.5+repack1-2 arm64
  Computer Monitoring and Classroom Management Software - libraries

libvirt-daemon-lock/stable 11.3.0-3+deb13u2 arm64
  virtualization daemon - locking daemon

libvirt-daemon-plugin-lockd/stable 11.3.0-3+deb13u2 arm64
  virtualization daemon - locking plugin (virtlockd)

libvirt-daemon-plugin-sanlock/stable 11.3.0-3+deb13u2 arm64
  virtualization daemon - locking plugin (sanlock)

libvirt-sanlock/stable 11.3.0-3+deb13u2 arm64
  transitional dummy package

libweasel-perl/stable 0.32-1 all
  PHP's Mink inspired multi-protocol web-testing library for Perl

libweb-scraper-perl/stable 0.38-2 all
  Web Scraping Toolkit using HTML and CSS Selectors or XPath expressions

libwslay-dev/stable 1.1.1-4+b2 arm64
  WebSocket library written in C. Development files

libwslay-doc/stable 1.1.1-4 all
  WebSocket library written in C. Documentation

libwslay1/stable 1.1.1-4+b2 arm64
  WebSocket library written in C. Shared library

libwww-csrf-perl/stable 1.00-1.1 all
  Perl module to generate and check tokens to protect against CSRF attacks

libwx-perl-processstream-perl/stable 0.32-1.1 all
  Wx::Perl module to access IO of external processes via events

libwxsmithlib-dev/stable 25.03+dfsg-2 arm64
  wxSmith development files (Code::Blocks plugin for RAD GUI editing)

libwxsmithlib0t64/stable 25.03+dfsg-2 arm64
  wxSmith shared library (Code::Blocks plugin for RAD GUI editing)

libx11-protocol-other-perl/stable 31-1 all
  miscellaneous X11::Protocol helpers

libx32atomic1-amd64-cross/stable 14.2.0-19cross1 all
  support library providing __atomic built-in functions (x32)

libx32atomic1-i386-cross/stable 14.2.0-19cross1 all
  support library providing __atomic built-in functions (x32)

libxcb-composite0/stable 1.17.0-2+b1 arm64
  X C Binding, composite extension

libxcb-composite0-dev/stable 1.17.0-2+b1 arm64
  X C Binding, composite extension, development files

libxcb-damage0/stable 1.17.0-2+b1 arm64
  X C Binding, damage extension

libxcb-damage0-dev/stable 1.17.0-2+b1 arm64
  X C Binding, damage extension, development files

libxcb-doc/stable 1.17.0-2 all
  X C Binding, development documentation

libxcb-dpms0/stable 1.17.0-2+b1 arm64
  X C Binding, dpms extension

libxcb-dpms0-dev/stable 1.17.0-2+b1 arm64
  X C Binding, dpms extension, development files

libxcb-dri2-0/stable 1.17.0-2+b1 arm64
  X C Binding, dri2 extension

libxcb-dri2-0-dev/stable 1.17.0-2+b1 arm64
  X C Binding, dri2 extension, development files

libxcb-dri3-0/stable,now 1.17.0-2+b1 arm64 [installed,automatic]
  X C Binding, dri3 extension

libxcb-dri3-dev/stable 1.17.0-2+b1 arm64
  X C Binding, dri3 extension, development files

libxcb-glx0/stable,now 1.17.0-2+b1 arm64 [installed,automatic]
  X C Binding, glx extension

libxcb-glx0-dev/stable 1.17.0-2+b1 arm64
  X C Binding, glx extension, development files

libxcb-present-dev/stable 1.17.0-2+b1 arm64
  X C Binding, present extension, development files

libxcb-present0/stable,now 1.17.0-2+b1 arm64 [installed,automatic]
  X C Binding, present extension

libxcb-randr0/stable,now 1.17.0-2+b1 arm64 [installed,automatic]
  X C Binding, randr extension

libxcb-randr0-dev/stable 1.17.0-2+b1 arm64
  X C Binding, randr extension, development files

libxcb-record0/stable 1.17.0-2+b1 arm64
  X C Binding, record extension

libxcb-record0-dev/stable 1.17.0-2+b1 arm64
  X C Binding, record extension, development files

libxcb-render0/stable,now 1.17.0-2+b1 arm64 [installed,automatic]
  X C Binding, render extension

libxcb-render0-dev/stable 1.17.0-2+b1 arm64
  X C Binding, render extension, development files

libxcb-res0/stable 1.17.0-2+b1 arm64
  X C Binding, res extension

libxcb-res0-dev/stable 1.17.0-2+b1 arm64
  X C Binding, res extension, development files

libxcb-screensaver0/stable 1.17.0-2+b1 arm64
  X C Binding, screensaver extension

libxcb-screensaver0-dev/stable 1.17.0-2+b1 arm64
  X C Binding, screensaver extension, development files

libxcb-shape0/stable,now 1.17.0-2+b1 arm64 [installed,automatic]
  X C Binding, shape extension

libxcb-shape0-dev/stable 1.17.0-2+b1 arm64
  X C Binding, shape extension, development files

libxcb-shm0/stable,now 1.17.0-2+b1 arm64 [installed,automatic]
  X C Binding, shm extension

libxcb-shm0-dev/stable 1.17.0-2+b1 arm64
  X C Binding, shm extension, development files

libxcb-sync-dev/stable 1.17.0-2+b1 arm64
  X C Binding, sync extension, development files

libxcb-sync1/stable,now 1.17.0-2+b1 arm64 [installed,automatic]
  X C Binding, sync extension

libxcb-xf86dri0/stable 1.17.0-2+b1 arm64
  X C Binding, xf86dri extension

libxcb-xf86dri0-dev/stable 1.17.0-2+b1 arm64
  X C Binding, xf86dri extension, development files

libxcb-xfixes0/stable,now 1.17.0-2+b1 arm64 [installed,automatic]
  X C Binding, xfixes extension

libxcb-xfixes0-dev/stable 1.17.0-2+b1 arm64
  X C Binding, xfixes extension, development files

libxcb-xinerama0/stable,now 1.17.0-2+b1 arm64 [installed,automatic]
  X C Binding, xinerama extension

libxcb-xinerama0-dev/stable 1.17.0-2+b1 arm64
  X C Binding, xinerama extension, development files

libxcb-xinput-dev/stable 1.17.0-2+b1 arm64
  X C Binding, xinput extension, development files

libxcb-xinput0/stable,now 1.17.0-2+b1 arm64 [installed,automatic]
  X C Binding, xinput extension

libxcb-xkb-dev/stable 1.17.0-2+b1 arm64
  X C Binding, XKEYBOARD extension, development files

libxcb-xkb1/stable,now 1.17.0-2+b1 arm64 [installed,automatic]
  X C Binding, XKEYBOARD extension

libxcb-xtest0/stable 1.17.0-2+b1 arm64
  X C Binding, xtest extension

libxcb-xtest0-dev/stable 1.17.0-2+b1 arm64
  X C Binding, xtest extension, development files

libxcb-xv0/stable 1.17.0-2+b1 arm64
  X C Binding, xv extension

libxcb-xv0-dev/stable 1.17.0-2+b1 arm64
  X C Binding, xv extension, development files

libxcb-xvmc0/stable 1.17.0-2+b1 arm64
  X C Binding, xvmc extension

libxcb-xvmc0-dev/stable 1.17.0-2+b1 arm64
  X C Binding, xvmc extension, development files

libxcb1/stable,now 1.17.0-2+b1 arm64 [installed,automatic]
  X C Binding

libxcb1-dev/stable 1.17.0-2+b1 arm64
  X C Binding, development files

libxml-filter-reindent-perl/stable 0.03-8.1 all
  Perl module for reformatting whitespace for pretty printing XML

libxml-rss-feed-perl/stable 2.212-3 all
  Perl module for Persistent XML RSS (RDF Site Summary) Encapsulation

libxml-sax-expat-incremental-perl/stable 0.05-3 all
  XML::SAX::Expat subclass for non-blocking (incremental) parsing

libxxsds-dynamic-dev/stable 1.0~alpha.1+git20210426.548c6f7-2 all
  succinct and compressed fully-dynamic data structures library

libzbd-dev/stable 2.0.4-1.1+b3 arm64
  Library to manipulate zoned block devices (development files)

libzbd2t64/stable 2.0.4-1.1+b3 arm64
  Library to manipulate zoned block devices (shared library)

libzypp-bin/stable 17.36.7-1 arm64
  openSUSE/SLES package management system library (library tools)

libzypp-common/stable 17.36.7-1 all
  openSUSE/SLES package management system library (common files)

libzypp-config/stable 17.36.7-1 all
  openSUSE/SLES package management system library (configuration)

libzypp-dev/stable 17.36.7-1 arm64
  openSUSE/SLES package management system library (development files)

libzypp-doc/stable 17.36.7-1 all
  openSUSE/SLES package management system library (documentation)

libzypp1735/stable 17.36.7-1 arm64
  openSUSE/SLES package management system (library)

light-locker/stable 1.8.0-3+b3 arm64
  simple screen locker for lightDM display manager

lighttpd-mod-webdav/stable 1.4.79-2 arm64
  WebDAV module for lighttpd

linaro-bcb-util/stable 0.0.2-2 all
  simple util to access the BCB partition

linuxptp/stable 4.2-1+b1 arm64
  Precision Time Protocol (PTP, IEEE1588) implementation for Linux

litmus/stable 0.13-5+b2 arm64
  WebDAV server test suite

littlewizard/stable 1.2.2-5 arm64
  development environment for children

littlewizard-data/stable 1.2.2-5 all
  littlewizard data files

lockfile-progs/stable 0.2.0 arm64
  Programs for locking and unlocking files and mailboxes

lockout/stable 0.2.3-7 all
  Self-imposed discipline and productivity enforcer

lomiri-clock-app/stable 4.1.1-2 arm64
  Clock App for Lomiri Operating Environment

lomiri-indicator-datetime/stable 25.4.0-2 arm64
  Lomiri Indicator providing clock and calendar

lua-busted/stable 2.2.0-1 all
  Lua unit testing framework focused on ease of use

lua-filesystem/stable 1.8.0-3+b2 arm64
  luafilesystem library for the Lua language

lua-nginx-memcached/stable 0.14-1.1 all
  Pure Lua memcached client driver for the nginx embedded Lua language

lua-nginx-redis/stable 0.27-1.1 all
  Pure Lua redis client driver for the nginx embedded Lua language

lua-socket/stable 3.1.0-1+b2 arm64
  TCP/UDP socket library for the Lua language

luanti/stable 5.10.0+dfsg-5+deb13u1 arm64
  Multiplayer infinite-world block sandbox

luanti-data/stable 5.10.0+dfsg-5+deb13u1 all
  Multiplayer infinite-world block sandbox (data files)

luanti-server/stable 5.10.0+dfsg-5+deb13u1 arm64
  Multiplayer infinite-world block sandbox (server)

luckyluks/stable 2.1.0-3 all
  GUI for creating and unlocking LUKS/TrueCrypt

luma.emulator-doc/stable 1.4.0-3 all
  doc for library provides a series of pseudo-display devices for luma.core

lvm2/stable 2.03.31-2 arm64
  Linux Logical Volume Manager

lvm2-dbusd/stable 2.03.31-2 all
  LVM2 D-Bus daemon

lvm2-lockd/stable 2.03.31-2 arm64
  LVM locking daemon

lxde-core/stable 13.0 all
  metapackage for the LXDE core

lxlock/stable 0.5.6-2 all
  simple locking utility for LXDE

lxpanel/stable 0.11.1-1 arm64
  LXDE panel

macopix/stable 3.4.0+dfsg.1-3+b4 arm64
  Mascot Constructive Pilot for X

magicrescue/stable 1.1.10+dfsg-2+b2 arm64
  recover files by looking for magic bytes

mailagent/stable 1:3.1-106-1.2 arm64
  automatic mail-processing tool and filter

maildrop/stable 3.1.8-2+b1 arm64
  mail delivery agent with filtering abilities (set-GID=mail)

mailutils/stable 1:3.19-1 arm64
  GNU mailutils utilities for handling mail

mandos/stable 1.8.19-1 all
  server giving encrypted passwords to Mandos clients

mandos-client/stable 1.8.19-1 arm64
  do unattended reboots with an encrypted root file system

manuskript/stable 0.16.1-2 all
  open-source tool for writers

maria/stable 1.3.5-6 arm64
  reachability analyzer for Algebraic System Nets

mate-panel/stable 1.27.1-4.1 arm64
  launcher and docking facility for MATE

mate-panel-common/stable 1.27.1-4.1 all
  launcher and docking facility for MATE (common files)

mate-screensaver/stable 1.26.2-1+b2 arm64
  MATE screen saver and locker

mate-screensaver-common/stable 1.26.2-1 all
  MATE screen saver and locker (common files)

mb2md/stable 3.20-10 all
  Convert Mbox mailboxes to Maildir format

mdbook/stable 0.4.48+ds-2 arm64
  Markdown book creator tool

mdformat/stable 0.7.22-1 all
  CommonMark compliant Markdown formatter

mdk/stable 1.3.0+dfsg-4 arm64
  MIX Development Kit

memcached/stable 1.6.38-1 arm64
  High-performance in-memory object caching system

memlockd/stable 1.3.1-2+b1 arm64
  daemon to lock files into RAM

mhz/stable 0.0~git20240131.d84a678-1+b1 arm64
  CPU frequency measurement utility

mimic/stable 0.7.0+ds-2 arm64
  eBPF UDP -> TCP obfuscator

mimic-dkms/stable 0.7.0+ds-2 arm64
  eBPF UDP -> TCP obfuscator (DKMS kernel module)

minetest-mod-basic-materials/stable 20210130-3 all
  Minetest mod providing basic materials and items

minetest-mod-lucky-block/stable 20181017-2 all
  Minetest module to add a Lucky Block to the game

minetest-mod-mesecons/stable 1:1.2.1-2 all
  Digital circuitry blocks for minetest

minetest-mod-moreblocks/stable 2.2.0-2 all
  Minetest mod - More Blocks

minetest-mod-moreores/stable 2.1.0-1 all
  Minetest mod - More Ores

minetest-mod-protector/stable 20210923+reallyprotector-2 all
  Minetest module to add protector blocks

minetest-mod-quartz/stable 1.0.0-6 all
  Minetest module to add quartz

minetest-mod-skyblock/stable 0.3.0-2 all
  Minetest module to add a Crusoe-like minigame

mirtop/stable 0.4.30-1 all
  annotate miRNAs with a standard mirna/isomir naming

monero/stable 0.18.4.0+~0+20200826-1 arm64
  cryptocoin client for Monero network - daemon and tools

monitoring-plugins-contrib/stable 48.20250420 arm64
  Plugins for nagios compatible monitoring systems

moosefs-cgi/stable 4.57.5-1 all
  MooseFS - CGI monitor

moosefs-cgiserv/stable 4.57.5-1 all
  simple CGI-capable HTTP server to run MooseFS CGI monitor

moosefs-chunkserver/stable 4.57.5-1 arm64
  MooseFS - data server

moosefs-cli/stable 4.57.5-1 all
  MooseFS CLI utility

moosefs-client/stable 4.57.5-1 arm64
  MooseFS - client tools and mount utility

moosefs-common/stable 4.57.5-1 all
  MooseFS - common files

moosefs-master/stable 4.57.5-1 arm64
  MooseFS - master server

moosefs-metalogger/stable 4.57.5-1 arm64
  MooseFS - metalogger server

moosefs-netdump/stable 4.57.5-1 arm64
  MooseFS network packet dump utility

moreutils/stable 0.69-1+b1 arm64
  additional Unix utilities

mtd-utils/stable 1:2.3.0-1 arm64
  Memory Technology Device Utilities

mtpolicyd/stable 2.05-1.2 all
  modular policy daemon for postfix

multipath-tools/stable 0.11.1-2 arm64
  maintain multipath block device access

multipath-tools-boot/stable 0.11.1-2 all
  Support booting from multipath devices

munin-libvirt-plugins/stable 0.0.7-1 all
  Munin plugins using libvirt

muse/stable 4.2.1-1+b4 arm64
  Qt-based audio/MIDI sequencer

mysqltuner/stable 2.6.0-1 all
  high-performance MySQL tuning script

nanomsg-utils/stable 1.1.5+dfsg-1.1+b1 arm64
  nanomsg utilities

natpmpc/stable 20230423-1.2+b3 arm64
  portable and fully compliant implementation of NAT-PMP (client)

nbd-client/stable 1:3.26.1-6.1 arm64
  Network Block Device protocol - client

nbd-server/stable 1:3.26.1-6.1 arm64
  Network Block Device protocol - server

nbdkit/stable 1.42.3-1 arm64
  toolkit for creating NBD servers

nbsdgames/stable 5-8 arm64
  text based mini games for your terminal

ncurses-examples/stable 6.5+20250216-2 arm64
  test programs and examples for ncurses

nd/stable 0.8.2-8.1+b1 arm64
  small command line interface to WebDAV servers

netpipe-lam/stable 3.7.2-9.1+b1 arm64
  Network performance tool using LAM MPI

netpipe-mpich2/stable 3.7.2-9.1+b1 arm64
  Network performance tool using MPICH2 MPI

netpipe-openmpi/stable 3.7.2-9.1+b1 arm64
  Network performance tool using OpenMPI

netpipe-tcp/stable 3.7.2-9.1+b1 arm64
  Network performance tool using the TCP protocol

neverball/stable 1.6.0+git20180603-3+b2 arm64
  3D floor-tilting game

neverball-data/stable 1.6.0+git20180603-3 all
  data files for Neverball

nfs-common/stable 1:2.8.3-1 arm64
  NFS support files common to client and server

node-active-x-obfuscator/stable 0.0.2-5 all
  Safely obfuscate the string 'ActiveX' inside of JavaScript code

node-ansi-align/stable 3.0.1-1 all
  align-text with ANSI support for CLIs

node-autolinker/stable 1.8.3+dfsg-5 all
  Utility for automatically linking URLs, emails, etc. in text

node-block-stream/stable 0.0.9-5 all
  Stream of fixed-size blocks, with zero-padding when necessary

node-browserify-aes/stable 1.2.0-5 all
  AES implementation written in pure javascript

node-co/stable 4.6.0+~4.6.2-2 all
  generator async control flow goodness

node-d3-hierarchy/stable 1.1.9+~1.1.8-1 all
  Layout algorithms for visualizing hierarchical data

node-de-indent/stable 1.0.2-3 all
  Node.js library to remove extra indent from a block of code

node-emittery/stable 1.0.1-1 all
  Nodejs simple and modern async event emitter

node-highlight.js/stable 9.18.5+dfsg1-2 all
  JavaScript library for syntax highlighting - NodeJS

node-jsonminify/stable 0.4.2+dfsg1-1 all
  Minify blocks of JSON-like content into valid JSON

node-markdown-to-jsx/stable 7.2.0+dfsg-3 all
  Lightweight and customizable ReactJS markdown component

node-mysql/stable 2.18.1+~2.3.2-2 all
  MySQL client implementation for Node.js

node-netmask/stable 2.0.2+~cs2.0.1-1 all
  Parse and lookup IP network blocks

node-node-dir/stable 0.1.17+~0.0.34-1 all
  asynchronous file and directory operations for Node.js

node-performance-now/stable 2.1.0+debian-5 all
  Implements performance.now (based on process.hrtime)

node-pg/stable 8.14.1+~cs35.17.33-1 all
  PostgreSQL client library for Node

node-proper-lockfile/stable 4.1.2-4 all
  Inter-process and inter-machine lockfile utility

node-q/stable 1.5.1-4 all
  Node.js module for promises (CommonJS/Promises/A,B,D)

node-set-blocking/stable 2.0.0-2 all
  set blocking stdio and stderr

node-sntp/stable 4.0.0-2 all
  SNTP client

node-sqlite3/stable 5.1.5+ds1-1+b5 arm64
  asynchronous, non-blocking SQLite3 bindings for Node.js

node-trust-keyto/stable 2.0.0~alpha1-3 all
  utility for translating cryptographic keys between representations

node-unicode-15.0.0/stable 0~20220914+gitb601441-2 all
  Unicode 15.0.0 data for Node.js

node-yazl/stable 2.5.1-3 all
  yet another zip library - Node.js module

nodejs/stable 20.19.2+dfsg-1+deb13u2 arm64
  evented I/O for V8 javascript - runtime executable

nodejs-doc/stable 20.19.2+dfsg-1+deb13u2 all
  API documentation for Node.js, the javascript platform

nq/stable 1.0-0.2+b1 arm64
  Lightweight queue system

ntpsec/stable 1.2.3+dfsg1-8 arm64
  Network Time Protocol daemon and utility programs

ntpsec-doc/stable 1.2.3+dfsg1-8 all
  Network Time Protocol documentation

ntpsec-ntpdate/stable 1.2.3+dfsg1-8 arm64
  client for setting system time from NTP servers

ntpsec-ntpdig/stable 1.2.3+dfsg1-8 arm64
  ntpdig SNTP client

ntpsec-ntpviz/stable 1.2.3+dfsg1-8 arm64
  NTP statistics graphing utility

numlockx/stable 1.2-10 arm64
  enable NumLock in X11 sessions

objcryst-fox/stable 2022.1-2 arm64
  Free Objects for Xtallography

obs-noise/stable 1.0.0-2 arm64
  plugin for OBS Studio to generate fractal noises

ocamlformat/stable 0.27.0-1+b6 arm64
  auto-formatter for OCaml code

ocrad/stable 0.29-1 arm64
  optical character recognition program

octave-doctest/stable 0.8.0-1 all
  documentation tests for Octave

octave-sparsersb/stable 1.0.9-7+b3 arm64
  RSB sparse matrix manipulation for Octave

omnidb-common/stable 3.0.3b+ds-6 all
  Web tool for database management (shared files)

omnidb-server/stable 3.0.3b+ds-6 all
  Web tool for database management

oomd/stable 0.5.0-1.2+b3 arm64
  userspace Out-Of-Memory (OOM) killer for Linux systems

openbox-lxde-session/stable 0.99.3-1 all
  LXDE session manager and configuration files

openntpd/stable 1:6.2p3-4.2+b3 arm64
  OpenBSD NTP daemon

opensmtpd-filter-senderscore/stable 0.1.1-2+b19 arm64
  OpenSMTPD filter integration for SenderScore reputation

opensnitch/stable 1.6.9-3 arm64
  GNU/Linux interactive application firewall

openstack-clients/stable 0.39 all
  Metapackage to install all Openstack clients

osdclock/stable 0.5-26+b1 arm64
  Clock using the XOSD library

osk-sdl/stable 0.67.1-4 arm64
  Lightweight On-Screen-Keyboard based on SDL2

overlayroot/stable 0.18.debian14 all
  use an overlayfs on top of a read-only root filesystem

pandoc-filter-diagram/stable 1.2.0-2 all
  Pandoc filter to render diagrams in Markdown code sections

pandoc-plantuml-filter/stable 0.1.5-1 all
  Pandoc filter: converts PlantUML code blocks to PlantUML images

panicparse/stable 2.3.1-3 arm64
  Crash your app in style (compiled Go binaries)

partclone/stable 0.3.36+repack-1 arm64
  Utility to clone and restore a partition

partimage/stable 0.6.9-11+b1 arm64
  backup partitions into a compressed image file

partimage-doc/stable 20050720-6 all
  Partition Image User Documentation

passwordmaker-cli/stable 1.5+dfsg-6+b2 arm64
  creates unique, secure passwords - CLI version

passwordsafe/stable 1.21.0+dfsg-1 arm64
  Simple & Secure Password Management

passwordsafe-common/stable 1.21.0+dfsg-1 all
  architecture independent files for Password Safe

pbzip2/stable 1.1.13-1+b1 arm64
  parallel bzip2 implementation

pd-boids/stable 1.1.1-10+b1 arm64
  Pd library for the "boids" flocking simulator algorithm

pd-bsaylor/stable 0.1.5-3+b1 arm64
  library of FFT-based Pd objects by Ben Saylor

pd-creb/stable 0.10.0-3 arm64
  Tom's bag of trick for Pure Data (Pd)

pd-fftease/stable 3.0.1-7+b1 arm64
  live spectral sound processors for Pd

pd-iemnet/stable 0.3.0-6+b1 arm64
  Pd library for low-level networking (IEM implementation)

pd-jmmmp/stable 0.61-2 all
  collection of Pd GUI objects for musical performance

pd-lyonpotpourri/stable 3.0.2-1 arm64
  potpourri of Pd objects for synthesizing with audio

pd-mapping/stable 0.2.1-5 all
  Pd library for creatively mapping data

pd-mjlib/stable 0.2.0-2+b1 arm64
  library of Pd objects for composing music

pd-mrpeach-net/stable 0.1~svn17672-9 arm64
  Pd library for low-level networking

pd-windowing/stable 0.3.0-2+b1 arm64
  library of windowing functions in Pd

pdf-presenter-console/stable 4.7.0-1 arm64
  multi-monitor presentation tool (ala Keynote) for PDF files

pentobi/stable 25.2-1 arm64
  clone of the strategy board game Blokus

perforate/stable 1.2-6 arm64
  Utilities to save disk space

pg-activity/stable 3.6.0-1 all
  Realtime PostgreSQL database server monitoring tool

pg-checksums-doc/stable 1.2-2 all
  Activate/deactivate/verify PostgreSQL data checksums (Documentation)

pgtop/stable 4.1.1-1+b1 arm64
  PostgreSQL performance monitoring tool akin to top

phosh-wallpapers/stable 0.42.0-1 all
  Wallpapers for Phosh

php-di-invoker/stable 2.3.6-1 all
  Generic and extensible callable invoker library

php-doctrine-annotations/stable 2.0.2-3 all
  Docblock Annotations Parser - Doctrine component

php-guzzlehttp-guzzle/stable 7.9.2-0.1 all
  Guzzle is a PHP HTTP client library

php-lcobucci-clock/stable 3.3.1-1 all
  Yet another clock abstraction

php-malkusch-lock/stable 2.3.0+ds-2 all
  mutex library for exclusive code execution

php-memcache/stable 8.2-5 all
  memcache extension module for PHP

php-memcache-all-dev/stable 8.2-5 all
  memcache extension module for PHP

php-net-socket/stable 1.2.2-3 all
  Network Socket Interface

php-parsedown-extra/stable 0.8.1-2 all
  Markdown Extra extension for Parsedown

php-phpdocumentor-reflection-docblock/stable 5.6.2-1 all
  DocBlock parser - phpDocumentor component

php-psr-clock/stable 1.0.0-2 all
  Common interface for reading the clock

php-symfony-clock/stable 6.4.41+dfsg-0+deb13u1 all
  Decouples applications from the system clock

php-symfony-http-kernel/stable 6.4.41+dfsg-0+deb13u1 all
  building blocks for flexible and fast HTTP-based frameworks

php-symfony-lock/stable 6.4.41+dfsg-0+deb13u1 all
  create and manage locks

php-symfony-templating/stable 6.4.41+dfsg-0+deb13u1 all
  tools needed to build a template system

php-twig-markdown-extra/stable 3.27.0-0+deb13u1 all
  A Twig extension for Markdown

php8.4-memcache/stable 8.2-5 arm64
  memcache extension module for PHP

physlock/stable 13-1.1 arm64
  lightweight Linux console locking tool

picard-tools/stable 3.3.0+dfsg-2 all
  Command line tools to manipulate SAM and BAM files

pidgin-awayonlock/stable 0.5.2-3 arm64
  pidgin plugin to set as away on screensaver activation

pidgin-privacy-please/stable 0.7.1-6 arm64
  plugin for enhanced privacy in pidgin

pikchr-cli/stable 0.1.2+0.1.4-2+b1 arm64
  PIC-like diagramming language to SVG converter - CLI tool

pilon/stable 1.24-4 all
  automated genome assembly improvement and variant detection tool

pipemeter/stable 1.1.5-1.1+b1 arm64
  cli utility that shows the speed of data moving from input to output

pipenv/stable 2024.0.1+ds-3 all
  Python package manager based on virtualenv and Pipfiles

plasma-marble/stable 4:25.04.0-1 arm64
  Plasma integration for Marble

plasma-widgets-addons/stable 4:6.3.5-1 arm64
  additional widgets for Plasma 6

pluma-plugin-codecomment/stable 1.27.0-3+b2 arm64
  Code Comment plugin for pluma

pmount/stable 0.9.23-9 arm64
  mount removable devices as normal user

policy-rcd-declarative-deny-all/stable 0.6 all
  Blocking default policy for policy-rcd-declarative

policyd-weight/stable 0.1.15.2-13 all
  Perl policy daemon for the Postfix MTA

ponyprog/stable 3.1.4+ds-1 arm64
  Serial device programmer

portsentry/stable 1.2-16 arm64
  Portscan detection daemon

postgresql-17-pg-checksums/stable 1.2-2 arm64
  Activate/deactivate/verify PostgreSQL data checksums

postgresql-17-pgfincore/stable 1.3.1-2 arm64
  set of PostgreSQL functions to manage blocks in memory

postgresql-17-repack/stable 1.5.2-1 arm64
  reorganize tables in PostgreSQL databases with minimal locks

powerdebug/stable 0.7.0-2013.08-4+b1 arm64
  tool to display regulator, sensor and clock information

powerdevil/stable 4:6.3.6-1 arm64
  KDE power management service for Plasma

ppa-dev-tools/stable 0.6.0-1 all
  command line client for managing PPAs in Launchpad

princeprocessor/stable 0.22-6+b1 arm64
  standalone password candidate generator using the PRINCE algorithm

procmeter3/stable 3.6-3.1+b2 arm64
  graphical system status monitor

proftpd-mod-counter/stable 0.6.2-2+b6 arm64
  ProFTPD module mod_counter

prosody-modules/stable 0.0~hg20250402.f315edc39f3d+dfsg-2 all
  Selection of community modules for Prosody

psad/stable 2.4.6-3+b2 arm64
  Port Scan Attack Detector

psf-unifont/stable 1:15.1.01-1 all
  PSF (console) version of GNU Unifont with APL support

ptpd/stable 2.3.1-debian1-4+b2 arm64
  Precision Time Protocol daemon

puzzle-jigsaw/stable 1.0.2+git20201007.527c529+dfsg-5 arm64
  tile puzzle game

pwman3/stable 0.13.1-1 all
  console password management application

py3status/stable 3.61-1 all
  extensible i3status wrapper written in Python (Python3 package)

pyotherside-doc/stable 1.6.2-1 all
  asynchronous Python 3 Bindings for Qt (documentation)

pyotherside-tests/stable 1.6.2-1 arm64
  Asynchronous Python 3 Bindings for Qt (QT5 tests)

python-aiosqlite-doc/stable 0.21.0-1 all
  sqlite library for Python 3 using asyncio (documentation)

python-async-property-doc/stable 0.2.2-2 all
  decorator for async properties (Documentation)

python-brian-doc/stable 2.8.0.4-1 all
  simulator for spiking neural networks - documentation

python-django-sekizai-doc/stable 4.1.0-1 all
  template blocks for Django projects (Documentation)

python-dogpile.cache-doc/stable 1.3.3-1 all
  caching front-end based on the Dogpile lock - doc

python-eventlet-doc/stable 0.39.1-2+deb13u1 all
  concurrent networking library - doc

python-flufl.lock-doc/stable 8.2.0-1 all
  NFS-safe file-based lock with timeouts (common documentation)

python-freezerclient-doc/stable 6.0.0-3 all
  OpenStack backup restore and disaster recovery service - doc files

python-gfloat-doc/stable 0.3-1 all
  documentation for the gfloat Python library

python-greenlet-dev/stable 3.1.0-1+b2 arm64
  Lightweight in-process concurrent programming - development files

python-greenlet-doc/stable 3.1.0-1 all
  Lightweight in-process concurrent programming - documentation

python-kajiki-doc/stable 0.9.2-2 all
  Really fast well-formed xml templates - doc

python-lockfile-doc/stable 1:0.12.2-4 all
  file locking library for Python — documentation

python-markdown-callouts-doc/stable 0.4.0-1 all
  Python-Markdown extension adding a new block-level syntax (Documentation)

python-oslo.concurrency-doc/stable 7.1.0-3 all
  oslo.concurrency library - doc

python-pairix-examples/stable 0.3.8-1 all
  1D/2D indexing and querying with a pair of genomic coordinates (examples)

python-pandas-doc/stable 2.2.3+dfsg-9 all
  data structures for "relational" or "labeled" data - documentation

python-pycryptodome-doc/stable 3.20.0+dfsg-3 all
  cryptographic Python library (documentation)

python-pytest-trio-doc/stable 0.8.0-3 all
  Pytest plugin for trio (Documentation)

python-requests-mock-doc/stable 1.12.1-3 all
  mock out responses from the requests package - doc

python-rich-rst-doc/stable 1.3.1+dfsg-2 all
  Beautiful reStructuredText renderer for rich (common documentation)

python-secretstorage-doc/stable 3.3.3-3 all
  Python module for storing secrets - documentation

python-sphinx-autodoc2-doc/stable 0.5.0-4 all
  Documentation for sphinx-autodoc2

python-sphinx-code-tabs-doc/stable 0.5.5-2 all
  Sphinx extension for selectable code block tabs — documentation

python-sphinx-copybutton-doc/stable 0.5.2-2 all
  sphinx extension to add a "copy" button to code blocks (documentation)

python-toolz-doc/stable 1.0.0-2 all
  List processing tools and functional utilities documentation

python-tooz-doc/stable 6.3.0-4 all
  Coordination library for distributed systems. - doc

python-tornado-doc/stable 6.4.2-3+deb13u2 all
  scalable, non-blocking web server and tools - documentation

python3-aioaseko/stable 1.0.0-2 all
  Async Python package for the Aseko Pool Live API

python3-aioasuswrt/stable 1.4.0-2 all
  API wrapper for Asuswrt

python3-aiocache/stable 0.12.3-2 all
  multi backend asyncio cache

python3-aiodukeenergy/stable 0.3.0-1 all
  Asyncio-based library for interacting with Duke Energy's services

python3-aioimaplib/stable 2.0.1-1 all
  Asynchronous IMAP4rev1 client library using Python asyncio

python3-aiomealie/stable 0.9.6-1 all
  Asynchronous client for interacting with Mealie instances

python3-aioprocessing/stable 2.0.1-2 all
  integrate the Python multiprocessing module with asyncio

python3-aiormq/stable 6.8.1-1 all
  pure Python AMQP client library (Python 3)

python3-aioserial/stable 1.3.1-2 all
  Asynchronous serial port library

python3-aioshutil/stable 1.5-2 all
  asynchronous shutil module

python3-aiosqlite/stable 0.21.0-1 all
  sqlite library for Python 3 using asyncio

python3-aiozoneinfo/stable 0.2.3-1 all
  Asynchronous tools for fetching timezone information in Python

python3-asteval/stable 1.0.6-2 all
  minimalistic evaluator of Python 3 expression using ast module

python3-async-interrupt/stable 1.2.2-1 all
  Interrupt context manager for asyncio

python3-async-property/stable 0.2.2-2 all
  decorator for async properties (Python3 version)

python3-async-timeout/stable 5.0.1-1 all
  timeout context manager for asyncio programs in Python

python3-beaker/stable 1.13.0-1 all
  cache and session library for Python 3

python3-beniget/stable 0.4.1-3 all
  collection of compile-time Python AST analyzers

python3-bitarray/stable 2.9.2-1+b4 arm64
  Python3 module for efficient boolean array handling

python3-blacken-docs/stable 1.19.1-1 all
  Run Black on Python code blocks in documentation files (Python 3)

python3-blockdev/stable 3.3.0-2.1 all
  Python 3 gobject-introspection bindings for libblockdev

python3-blockdiag/stable 3.0.0+dfsg-3 all
  generate block-diagram image file from spec-text file for Python 3

python3-brian/stable 2.8.0.4-1 all
  simulator for spiking neural networks

python3-brian-lib/stable 2.8.0.4-1 arm64
  simulator for spiking neural networks -- extensions

python3-bx/stable 0.13.0-1+b3 arm64
  library to manage genomic data and its alignment

python3-ceph/stable 18.2.7+ds-1+deb13u1 all
  Meta-package for all Python 3.x modules for the Ceph libraries

python3-ceph-argparse/stable 18.2.7+ds-1+deb13u1 arm64
  Python 3 utility libraries for Ceph CLI

python3-ceph-common/stable 18.2.7+ds-1+deb13u1 all
  Python 3 utility libraries for Ceph

python3-cephfs/stable 18.2.7+ds-1+deb13u1 arm64
  Python 3 libraries for the Ceph libcephfs library

python3-cinder/stable 2:26.0.0-2 all
  OpenStack block storage system - Python libraries

python3-cinderclient/stable 1:9.7.0-2 all
  Python bindings to the OpenStack Volume API - Python 3.x

python3-connio/stable 0.2.0-3 all
  Concurrency agnostic communication Python library

python3-crochet/stable 2.1.1-2 all
  Library that makes it easier to use Twisted from regular blocking code

python3-cymruwhois/stable 1.6-4.1 all
  Python library for interfacing with the whois.cymru.com service (Python 3)

python3-daemon/stable 3.1.2-2 all
  library for making a Unix daemon process — Python 3

python3-dbus-fast/stable 2.44.1-1 arm64
  Faster version of dbus-next

python3-decorator/stable 5.2.1-2 all
  simplify usage of Python decorators by programmers

python3-diff-match-patch/stable 20241021-1 all
  robust algorithms for synchronizing plain text (Python 3 module)

python3-django-anymail/stable 13.0-1 all
  Django email backend for multiple ESPs (Python 3)

python3-django-pglocks/stable 1.0.4-2 all
  Django based context manager for PostgreSQL advisory locks (Python3 version)

python3-django-render-block/stable 0.8.1-2 all
  Render the content of a specific block tag from a Django template

python3-django-sekizai/stable 4.1.0-1 all
  template blocks for Django projects (Python3 version)

python3-dogpile.cache/stable 1.3.3-1 all
  caching front-end based on the Dogpile lock - Python 3.x

python3-electrum/stable 4.5.8+ds-6 all
  Easy to use Bitcoin client - Python module

python3-eventlet/stable 0.39.1-2+deb13u1 all
  concurrent networking library

python3-expiringdict/stable 1.1.4-2 all
  Python3 caching library

python3-fakesleep/stable 0.1-5 all
  Fake version of time.sleep() for use in tests

python3-fasteners/stable 0.18-2 all
  provides useful locks - Python 3.x

python3-fastrlock/stable 0.8.3-2 arm64
  fast RLock implementation for CPython

python3-filelock/stable 3.18.0-1+deb13u1 all
  platform independent file locking module

python3-fingerprints/stable 1.2.3-1 all
  Compare the names of companies and people with normalisation

python3-flask-paranoid/stable 0.2.0-5 all
  Simple user session protection

python3-flufl.lock/stable 8.2.0-1 all
  NFS-safe file-based lock with timeouts (Python 3)

python3-flux-led/stable 1.0.4-2 all
  Utility to control Zengge-manufactured LED devices

python3-foscam/stable 1.2.2-2 all
  Library to interact with Foscam IP Cameras

python3-freezerclient/stable 6.0.0-3 all
  OpenStack backup restore and disaster recovery service - client files

python3-ftdi/stable 0.56.0-1 arm64
  user-space driver for popular FTDI devices

python3-ftdi-doc/stable 0.56.0-1 all
  user-space driver for popular FTDI devices. Documentation

python3-ges-1.0/stable 1.26.2-1 all
  Python bindings for the GES library

python3-gfloat/stable 0.3-1 all
  Python module of generic floating point encode/decode logic

python3-go2rtc-client/stable 0.2.1-1 all
  Asynchronous client for communication with a go2rtc server

python3-greenlet/stable 3.1.0-1+b2 arm64
  Lightweight in-process concurrent programming (python3)

python3-gumbo/stable 0.13.0+dfsg-2 all
  pure-C HTML5 parser Python 3 bindings

python3-hole/stable 0.8.0-2 all
  Library for interacting with a Pi-hole instance

python3-html-text/stable 0.7.0-1 all
  extract text from HTML.

python3-igloohome-api/stable 0.1.0-2 all
  Library for interacting with igloohome's REST API

python3-inotify/stable 0.2.10-5 all
  inotify generator library for Python 3

python3-kajiki/stable 0.9.2-2 all
  Really fast well-formed xml templates - Python 3.x

python3-kazoo/stable 2.9.0-2 all
  higher level API to Apache Zookeeper (Python 3)

python3-kgb/stable 7.2-1 all
  Utilities for spying on function calls in Python unit tests

python3-knitpy/stable 0.1.1~git20180430-4.2 all
  report generation tool with Python

python3-libbde/stable 20240502-1+b1 arm64
  BitLocker Drive Encryption access library -- Python 3 bindings

python3-libcloud/stable 3.8.0+repack-4 all
  unified Python interface into the cloud (Python3 version)

python3-libnatpmp/stable 20230423-1.2+b3 arm64
  portable and fully compliant implementation of NAT-PMP (Python 3 bindings)

python3-libnbd/stable 1.22.2-1+b1 arm64
  Network Block Device client library -- Python 3 bindings

python3-locket/stable 1.0.0-2 all
  File-based locks for Python 3 for Linux and Windows

python3-lockfile/stable 1:0.12.2-4 all
  file locking library for Python — Python 3 library

python3-locust/stable 2.24.0-1 all
  Developer friendly load testing framework

python3-luma.emulator/stable 1.4.0-3 arm64
  library provides a series of pseudo-display devices for luma.core

python3-lxml-html-clean/stable 0.4.4-1~deb13u1 all
  blocklist-based HTML cleaner

python3-markdown-callouts/stable 0.4.0-1 all
  Python-Markdown extension adding a new block-level syntax (Python3)

python3-markdown-exec/stable 1.10.3-1 all
  Utilities to execute code blocks in Markdown files

python3-markdown-rundoc/stable 0.3.1-2 all
  Set of markdown extensions used by rundoc utility

python3-markdown2/stable 2.4.11-1 all
  Fast and complete implementation of Markdown in Python3

python3-mirtop/stable 0.4.30-1 all
  annotate miRNAs with a standard mirna/isomir naming (Python 3)

python3-ml-collections/stable 1.1.0-1 all
  collections designed for ML usecases

python3-monotonic/stable 1.6-3 all
  implementation of time.monotonic() - Python 3.x

python3-more-itertools/stable 10.7.0-1 all
  library with routines for operating on iterables, beyond itertools (Python 3)

python3-motor/stable 3.6.0-2 all
  full-featured, non-blocking MongoDB driver - Python 3.x

python3-mrcz/stable 0.5.7-4 all
  MRCZ meta-compressed image file-format library

python3-multipart/stable 1.2.1-2+deb13u1 all
  Python multipart/form-data parser

python3-nbxmpp/stable 6.1.1-1 all
  Non blocking Jabber/XMPP Python 3 library

python3-noseofyeti/stable 2.4.9-1 all
  Module to create Python codec for tests using RSpec inspired DSL

python3-ntp/stable 1.2.3+dfsg1-8 arm64
  Python 3 NTP Helper Classes

python3-opensnitch-ui/stable 1.6.9-3 all
  GNU/Linux interactive application firewall GUI

python3-opentimestamps/stable 0.4.2-1 all
  Python3 library for creating and verifying OpenTimestamps proofs

python3-oslo.concurrency/stable 7.1.0-3 all
  oslo.concurrency library - Python 3.x

python3-pairix/stable 0.3.8-1+b2 arm64
  1D/2D indexing and querying with a pair of genomic coordinates

python3-pandas/stable 2.2.3+dfsg-9 all
  data structures for "relational" or "labeled" data

python3-pkcs11/stable 0.7.0-1+b5 arm64
  high level PKCS#11 interface for Python

python3-poetry-plugin-export/stable 1.9.0-2 all
  Poetry plugin to export the dependencies to various formats

python3-portalocker/stable 3.1.1-1 all
  easy API to file locking

python3-procrunner/stable 2.3.3-2 all
  Versatile utility function to run external processes from Python

python3-psycogreen/stable 1.0.1-1.1 all
  psycopg2 integration with coroutine libraries

python3-pulsectl/stable 24.12.0-1 all
  high-level interface and ctypes-based bindings for PulseAudio

python3-py-dormakaba-dkey/stable 1.0.5-2 all
  Library to interact with Dormakaba dKey locks via Bluetooth

python3-pyaes/stable 1.6.1-6 all
  Pure-Python implementation of the AES cipher (Python 3)

python3-pycodcif/stable 3.11.0+dfsg-1 arm64
  error-correcting CIF parser - Python3 bindings

python3-pycryptodome/stable,now 3.20.0+dfsg-3 arm64 [installed,automatic]
  cryptographic Python library (Python 3)

python3-pyfritzhome/stable 0.6.17-1 all
  Python library for managing AVM Fritz!Box Smart Home devices

python3-pyisomd5sum/stable 1:1.2.3-5+b9 arm64
  ISO9660 checksum Python 3 module

python3-pymeteoclimatic/stable 0.1.0+dfsg-2 all
  Client wrapper for accessing Meteoclimatic weather data

python3-pynuki/stable 1.6.3-2 all
  Library for interacting with Nuki locks and openers

python3-pyoctoprintapi/stable 0.1.14-2 all
  Asynchronous library for interacting with the OctoPrint API

python3-pyopenuv/stable 2023.12.0-2 all
  Library to access UV and ozone data from OpenUV

python3-pyperform/stable 1.86-3 all
  fast and convenient way to performance test functions and compare results

python3-pyplaato/stable 0.0.19-1 all
  Asynchronous client for fetching Plaato Airlock and Keg sensor data

python3-pyschlage/stable 2025.4.0-1 all
  Library for controlling Schlage Wi-Fi locks via cloud API

python3-pysmartapp/stable 0.3.5-2 all
  Library for creating SmartThings SmartApps with asyncio

python3-pyswitchbot/stable 0.65.0-1 all
  Library to control SwitchBot IoT devices over Bluetooth and Wi-Fi

python3-pytedee-async/stable 0.2.20-2 all
  Tedee lock client package for asynchronous operations

python3-pytest-codeblocks/stable 0.17.0-2 all
  Test code blocks in your READMEs

python3-pytest-recording/stable 0.13.2-1 all
  pytest plugin that allows recording of network interactions

python3-pytest-trio/stable 0.8.0-3 all
  Pytest plugin for trio (Python3 version)

python3-qingping-ble/stable 0.10.0-3 all
  Library for interacting with Qingping BLE devices

python3-rados/stable 18.2.7+ds-1+deb13u1 arm64
  Python 3 libraries for the Ceph librados library

python3-ratelimitqueue/stable 0.2.2-1.1 all
  Rate limited wrapper for Python 3's thread safe queues

python3-rbd/stable 18.2.7+ds-1+deb13u1 arm64
  Python 3 libraries for the Ceph librbd library

python3-rcssmin/stable 1:1.1.2-4+b1 arm64
  CSS Minifier - Python 3.x

python3-requests-mock/stable 1.12.1-3 all
  mock out responses from the requests package - Python 3.x

python3-rgw/stable 18.2.7+ds-1+deb13u1 arm64
  Python 3 libraries for the Ceph librgw library

python3-rich-rst/stable 1.3.1+dfsg-2 all
  beautiful reStructuredText renderer for rich

python3-roslz4/stable 1.17.0+ds-2+b5 arm64
  Python 3 library implementing lz4 for Robot OS

python3-rstcheck/stable 6.2.4+~1.2.1-1 all
  Validator for reStructuredText documents with code blocks (Python 3 module)

python3-sabctools/stable 8.2.3-2+b4 arm64
  C implementations of functions for use within SABnzbd

python3-sanlock/stable 3.9.5-1 arm64
  Python3 bindings to shared storage lock manager

python3-scifem/stable 0.6.0-2 arm64
  Scientific Computing Tools for Finite Element Methods (Python 3)

python3-secretstorage/stable 3.3.3-3 all
  Python module for storing secrets - Python 3.x version

python3-sherlock/stable 0.4.1-2 all
  distributed inter-process locks with a choice of backend

python3-silo/stable 4.11-6.1+b3 arm64
  Python3 interface to the SILO Scientific I/O library

python3-simplisafe/stable 2024.1.0-2 all
  Library for interacting with SimpliSafe home security systems

python3-siobrultech-protocols/stable 0.14.0-2 all
  Library for decoding Brultech device protocols

python3-smartypants/stable 2.0.0-4 all
  smart-quotes plugin for pyblosxom (Python 3 version)

python3-smbus2/stable 0.4.3-1 arm64
  another pure Python implementation of the python-smbus package

python3-smbus2-doc/stable 0.4.3-1 all
  doc for another pure Python implementation of the python-smbus

python3-solv/stable 0.7.32-1 arm64
  dependency solver using a satisfiability algorithm (Python3 bindings)

python3-sphinx-autodoc2/stable 0.5.0-4 all
  Sphinx extension to automatically generate API doc for Py packages

python3-sphinx-autorun/stable 1.1.0-4 all
  Code execution extension for Sphinx (Python 3)

python3-sphinx-code-tabs/stable 0.5.5-2 all
  Sphinx extension for selectable code block tabs

python3-sphinx-copybutton/stable 0.5.2-2 all
  sphinx extension to add a "copy" button to code blocks

python3-sphinx-thebe/stable 0.3.1-2 all
  Integrate interactive code blocks into your documentation with Thebe and Binder

python3-sphinxcontrib.actdiag/stable 3.0.0-2 all
  Sphinx "actdiag" extension for Python3

python3-sphinxcontrib.blockdiag/stable 3.0.0-3 all
  Sphinx "blockdiag" extension for Python 3

python3-sphinxcontrib.nwdiag/stable 2.0.0-4 all
  Sphinx "nwdiag" extension for Python 3

python3-sphinxcontrib.seqdiag/stable 3.0.0-2 all
  Sphinx "seqdiag" extension for Python3

python3-spotifyaio/stable 1.0.0-1 all
  Asynchronous client for fetching data from Spotify

python3-starline/stable 0.1.5-2 all
  Library for interfacing with StarLine security systems

python3-stopit/stable 1.1.2-3 all
  Timeout control decorator and context manager for Python3

python3-surepy/stable 0.9.0-2 all
  Library to interact with Sure Petcare API

python3-tdb/stable 2:1.4.13+samba4.22.10+dfsg-0+deb13u1 arm64
  Python3 bindings for TDB

python3-tessie-api/stable 0.1.1-2 all
  Library to interact with the Tessie API

python3-threadloop/stable 1.0.2-2 all
  Tornado IOLoop Backed Concurrent Futures

python3-toolz/stable 1.0.0-2 all
  List processing tools and functional utilities

python3-tooz/stable 6.3.0-4 all
  coordination library for distributed systems - Python 3.x

python3-tornado/stable 6.4.2-3+deb13u2 arm64
  scalable, non-blocking web server and tools - Python 3 package

python3-toro/stable 1.0.1-5 all
  Synchronization primitives for Tornado coroutines (python3)

python3-trajectory-msgs/stable 1.13.1-3 all
  Messages relating to Robot OS trajectory, Python 3 interface

python3-treetime/stable 0.11.4-1 all
  inference of time stamped phylogenies and ancestral reconstruction (Python 3)

python3-warlock/stable 2.0.1-4 all
  object model built on top of JSON schema - Python 3.x

python3-wikkid/stable 0.5-1 all
  VCS-backed wiki

python3-xcbgen/stable 1.17.0-1 all
  X C Binding - protocol binding generator (Python 3)

python3-yalexs/stable 8.11.0-1 all
  Library for Yale Access (formerly August) Smart Lock and Doorbell integration

python3-yalexs-ble/stable 3.0.0-1 all
  Bluetooth control of Yale and August locks

python3-yamlfix/stable 1.17.0-4 all
  Simple opionated yaml formatter that keeps your comments

python3-zc.lockfile/stable 3.0.post1-1 all
  Basic inter-process locks for Python 3

python3-zfec/stable 1.5.7.4-0.2+b1 arm64
  fast erasure codec, with Python 3 bindings

python3-zigpy/stable 0.80.1-2 all
  Python Zigbee stack

python3-zwave-js-server-python/stable 0.64.0-1 all
  Library for communicating with zwave-js-server

pyzor/stable 1:1.1.2-1 all
  spam-catcher using a collaborative filtering network

pyzor-doc/stable 1:1.1.2-1 all
  spam-catcher using a collaborative filtering network (documentation)

qelectrotech/stable 1:0.9-3 arm64
  Electric schematic editor

qelectrotech-data/stable 1:0.9-3 all
  symbols needed for qelectrotech

qelectrotech-examples/stable 1:0.9-3 all
  examples files for qelectrotech

qemu-block-extra/stable 1:10.0.11+ds-0+deb13u1 arm64
  extra block backend modules for qemu-system and qemu-utils

qemu-utils/stable 1:10.0.11+ds-0+deb13u1 arm64
  QEMU utilities

qmidiarp/stable 0.7.1+ds-1 arm64
  MIDI arpeggiator for ALSA

qml-module-io-thp-pyotherside/stable 1.6.2-1 arm64
  asynchronous Python 3 Bindings for Qt 5 (QML plugin)

qml-module-org-kde-syntaxhighlighting/stable 5.116.0-1 arm64
  Syntax highlighting Engine (QML module)

qml6-module-io-thp-pyotherside/stable 1.6.2-1 arm64
  asynchronous Python 3 Bindings for Qt 6 (QML plugin)

qml6-module-org-kde-syntaxhighlighting/stable 6.13.0-1 arm64
  Syntax highlighting Engine (QML module)

qrterminal/stable 3.0.0-2+b15 arm64
  Display QR Codes in terminal (program)

quadrapassel/stable 1:40.2-4 arm64
  popular Russian game, similar to Tetris

quota/stable 4.09-1+b1 arm64
  disk quota management tools

qxw/stable 20200708-2+b2 arm64
  advanced crossword construction tool

r-bioc-beachmat/stable 2.22.0+ds-3~deb13u1 arm64
  I/O for several formats storing matrix data

r-bioc-delayedarray/stable 0.32.0+dfsg-2 arm64
  BioConductor delayed operations on array-like objects

r-bioc-hdf5array/stable 1.34.0-2 arm64
  HDF5 backend for DelayedArray objects

r-bioc-s4arrays/stable 1.6.0+dfsg-2 arm64
  foundation of array-like containers in Bioconductor

r-bioc-scaledmatrix/stable 1.14.0+dfsg-2 all
  creating a DelayedMatrix of scaled and centered values using GNU R

r-cran-ape/stable 5.8-1-1 arm64
  GNU R package for Analyses of Phylogenetics and Evolution

r-cran-bdsmatrix/stable 1.3-7-1+b1 arm64
  GNU R routines for block diagonal symmetric matrices

r-cran-blockmodeling/stable 1.1.5-1+b1 arm64
  Generalized and classical blockmodeling of valued networks

r-cran-clock/stable 0.7.2-1 arm64
  GNU R date-time types and tools

r-cran-crosstalk/stable 1.2.1+dfsg-1 all
  GNU R inter-widget interactivity for HTML widgets

r-cran-emoa/stable 0.5-3-1 arm64
  GNU R evolutionary multiobjective optimization algorithms

r-cran-filelock/stable 1.0.3-1+b1 arm64
  portable file locking for GNU R

r-cran-httpuv/stable 1.6.15+dfsg-1+b2 arm64
  GNU R package of HTTP and WebSocket Server Library

r-cran-ksamples/stable 1.2-10-1+b1 arm64
  GNU R K-Sample Rank Tests and their Combinations

r-cran-openssl/stable 2.3.2+dfsg-1 arm64
  GNU R toolkit for encryption, signatures and certificates based on OpenSSL

r-cran-permute/stable 0.9-7-1 all
  R functions for generating restricted permutations of data

r-cran-plotrix/stable 3.8-4-1 all
  GNU R package providing various plotting functions

r-cran-processx/stable 3.8.6-1 arm64
  GNU R execute and control system processes

r-cran-psychotools/stable 0.7-4-1 arm64
  GNU R psychometric modeling infrastructure

r-cran-renv/stable 1.1.2-1 arm64
  GNU R project environments

radioclk/stable 1.0.pristine-4 arm64
  simple ntp refclock daemon for MSF/WWVB/DCF77 time signals

rados-objclass-dev/stable 18.2.7+ds-1+deb13u1 arm64
  RADOS object class development kit.

rav1e/stable 0.7.1-9+b2 arm64
  Fastest and safest AV1 encoder - command line encoder

razor/stable 1:2.85-11 arm64
  spam-catcher using a collaborative filtering network

rbd-fuse-dbg/stable 18.2.7+ds-1+deb13u1 arm64
  debugging symbols for rbd-fuse

rbd-mirror-dbg/stable 18.2.7+ds-1+deb13u1 arm64
  debugging symbols for rbd-mirror

rbd-nbd/stable 18.2.7+ds-1+deb13u1 arm64
  NBD-based rbd client for the Ceph distributed file system

rbd-nbd-dbg/stable 18.2.7+ds-1+deb13u1 arm64
  debugging symbols for rbd-nbd

rbldnsd/stable 1.0~20210120-3+b2 arm64
  small nameserver daemon designed for DNSBLs

refmac-dictionary/stable 5.41-3 all
  dictionary for macromolecular refinement and model building

repowerd/stable 2023.07-4+b1 arm64
  Power daemon to monitor and control system power state (daemon)

repowerd-data/stable 2023.07-4 all
  Power daemon to monitor and control system power state (daemon data)

repowerd-tools/stable 2023.07-4+b1 arm64
  Power daemon to monitor and control system power state (tools)

repro-env/stable 0.4.3-2+b2 arm64
  Dependency lockfiles for reproducible build environments

resource-agents/stable 1:4.16.0-3+deb13u2 arm64
  Cluster Resource Agents

rgxg/stable 0.1.2-7 arm64
  command-line tool to generate regular expressions

rinetd/stable 0.73-2+b1 arm64
  Internet TCP/UDP redirection server

ros-trajectory-msgs/stable 1.13.1-3 all
  Messages relating to Robot OS trajectory, definitions

roundcube-plugin-fail2ban/stable 1.3-1 all
  fail2ban plugin for Roundcube Webmail

rplay-client/stable 3.3.2-20 arm64
  rplay network audio system - basic clients

rplay-contrib/stable 3.3.2-20 arm64
  rplay network audio system - contributed binaries

rplay-server/stable 3.3.2-20 arm64
  rplay network audio system - server

rsibreak/stable 4:0.12.15-1+b2 arm64
  utility to help prevent repetitive strain injury

rstcheck/stable 6.2.4+~1.2.1-1 all
  Validator for reStructuredText documents with code blocks (CLI tool)

ruby-asciidoctor-kroki/stable 0.10.0-1 all
  Asciidoctor extension to convert diagrams to images using Kroki

ruby-async/stable 1.30.3-1 all
  concurrency framework for Ruby.

ruby-attribute-normalizer/stable 1.2.0-2 all
  Adds the ability to normalize attributes

ruby-benchmark-ips/stable 2.7.2-2 all
  iterations per second enhancement to Benchmark

ruby-benchmark-ips-doc/stable 2.7.2-2 all
  iterations per second enhancement to Benchmark (documentation)

ruby-benchmark-memory/stable 0.2.0-2 all
  Benchmark-style memory profiling for Ruby 2.1+

ruby-blockenspiel/stable 0.5.0-3.1 all
  Comprehensive implementation of Ruby DSL blocks

ruby-bsearch/stable 1.5-11 all
  binary search library for Ruby

ruby-charlock-holmes/stable 0.7.9-1+b4 arm64
  Ruby character encoding detection library

ruby-climate-control/stable 0.0.3-1.1 all
  library to easily manage environment variables

ruby-clockwork/stable 3.0.1-2 all
  scheduler process to replace cron

ruby-daemons/stable 1.4.1-2 all
  Ruby daemons library

ruby-damerau-levenshtein/stable 1.3.3+dfsg-1+b8 arm64
  Calculation of editing distance for 2 strings using Levenshtein or

ruby-foreman/stable 0.88.1-1 all
  Process manager for applications with multiple components

ruby-gitlab-markup/stable 1.9.0-2 all
  Fork from github-markup GitLab uses to render non markdown content

ruby-guard-shell/stable 0.7.2-3 all
  Guard plugin for running shell commands

ruby-hitimes/stable 1.3.1-1+b7 arm64
  fast, high resolution timer for recording performance metrics

ruby-insist/stable 1.0.0-2 all
  assertion library for both testing and for production code

ruby-jar-dependencies/stable 0.3.10-3 all
  manage jar dependencies for Ruby gems

ruby-kgio/stable 2.11.2-2+b9 arm64
  Kinder, gentler I/O for Ruby

ruby-libnotify/stable 0.9.4-3 all
  Ruby bindings for libnotify using FFI

ruby-librarian/stable 0.6.4-5 all
  framework for writing bundlers

ruby-lockbox/stable 1.3.0-1 all
  Modern encryption for Rails

ruby-lockfile/stable 2.1.3-1.1 all
  create NFS-safe lockfiles

ruby-mab/stable 0.0.3-1.1 all
  templating engine for writing HTML in pure Ruby

ruby-maxitest/stable 5.8.0-2 all
  Minitest + all the features you always wanted

ruby-minitest-around/stable 0.4.1-1 all
  Around block for minitest

ruby-minitest-stub-const/stable 0.6-2 all
  Stub constants for the duration of a block in MiniTest

ruby-mono-logger/stable 1.1.2-1 all
  lock-free logger for Ruby

ruby-mysql2/stable 0.5.5-3+b4 arm64
  simple, fast MySQL library for Ruby

ruby-netaddr/stable 1.5.1-3 all
  manipulating network addresses

ruby-omniauth-oauth2/stable 1.8.0-1 all
  abstract OAuth2 strategy for OmniAuth

ruby-openstack/stable 2.0.2-2 all
  OpenStack Ruby API

ruby-parallel/stable 1.22.1-3 all
  library to run any kind of code in parallel processes

ruby-rack-attack/stable 6.7.0-1 all
  Block & throttle abusive requests

ruby-retriable/stable 3.1.2-1 all
  Retriable is an simple DSL to retry failed code blocks

ruby-retryable/stable 3.0.5-1 all
  module that allows one to retry a code block

ruby-reverse-markdown/stable 3.0.0-1 all
  converts HTML code into markdown

ruby-roadie/stable 5.2.1-2 all
  library for composing HTML email

ruby-rspec-block-is-expected/stable 1.0.6-1 all
  Simplify testing of blocks in RSpec via block_is_expected

ruby-safely-block/stable 0.4.1-1 all
  Rescue and report exceptions in non-critical code

ruby-scanf/stable 1.0.0-2 all
  Implementation of the C function scanf

ruby-sinatra-contrib/stable 4.1.1-5 all
  collection of useful extensions to the Sinatra web framework

ruby-stackprof/stable 0.2.26-3+b2 arm64
  sampling callstack-profiler for ruby 2.2+

ruby-sync/stable 0.5.0-2 all
  two-phase lock with a counter

ruby-term-ansicolor/stable 1.3.0-1.1 all
  Ruby library that colors strings using ANSI escape sequences

ruby-test-construct/stable 2.0.2-4 all
  Ruby library that creates temporary files and directories for testing

ruby-thread-safe/stable 0.3.6-1 all
  thread-safe collections and utilities for Ruby

ruby-timecop/stable 0.9.10-1.1 all
  Ruby library to easily test time-dependent code

ruby-typed-array/stable 0.1.2-9 all
  Ruby library providing enforced-type functionality to Arrays

ruby-unicode-blocks/stable 1.9.0+ds-2 all
  Ruby library returning Unicode blocks of a string

ruby-with-advisory-lock/stable 5.1.0-4 all
  Advisory locking (mutexes) for ActiveRecord when used with MySQL or PostgreSQL

rumur/stable 2025.02.02-1 arm64
  model checker for the Murphi language

runlim/stable 1.10-6+b1 arm64
  tool for sampling time and memory usage

rust-all/stable 1.85.0+dfsg3-1 all
  Rust systems programming language - all developer tools

rust-analyzer/stable 1.85.0+dfsg3-1 arm64
  Rust Language Server Protocol (LSP) implementation

rust-clippy/stable 1.85.0+dfsg3-1 arm64
  Rust linter

rust-doc/stable 1.85.0+dfsg3-1 all
  Rust systems programming language - Documentation

rust-gdb/stable 1.85.0+dfsg3-1 all
  Rust debugger (gdb)

rust-lldb/stable 1.85.0+dfsg3-1 all
  Rust debugger (lldb)

rust-llvm/stable 1.85.0+dfsg3-1 arm64
  Rust LLVM integration

rust-src/stable 1.85.0+dfsg3-1 all
  Rust systems programming language - source code

rustc/stable 1.85.0+dfsg3-1 arm64
  Rust systems programming language

rustfmt/stable 1.85.0+dfsg3-1 arm64
  Rust formatting helper

s3backer/stable 1.5.4-2+b3 arm64
  Amazon AWS S3-backed virtual hard disk device

sacad/stable 2.8.0-2 all
  Search and download music album covers

sanlk-reset/stable 3.9.5-1 arm64
  Host reset daemon and client using sanlock

sanlock/stable 3.9.5-1 arm64
  Shared storage lock manager

sbd/stable 1.5.2-5 arm64
  STONITH Block Device daemon

schedtool/stable 1.3.0-5+b1 arm64
  Queries/alters process' scheduling policy and CPU affinity

schroot/stable 1.6.13-7 arm64
  Execute commands in a chroot environment

scotch/stable 7.0.7-1 arm64
  programs and libraries for graph, mesh and hypergraph partitioning

scrounge-ntfs/stable 0.9-11+b1 arm64
  Data recovery program for NTFS filesystems

scrub/stable 2.6.1+git20240819.9b4267e-1 arm64
  writes patterns on magnetic media to thwart data recovery

sedutil/stable 1.20.0-2+b1 arm64
  DTA sedutil Self encrypting drive software

sendmail/stable 8.18.1-6 all
  powerful, efficient, and scalable Mail Transport Agent (metapackage)

sendmail-bin/stable 8.18.1-6+b1 arm64
  powerful, efficient, and scalable Mail Transport Agent

setcd/stable 1.5-6.2+b1 arm64
  Control the behaviour of your cdrom device

sgt-puzzles/stable 20230410.71cf891-2+b2 arm64
  Simon Tatham's Portable Puzzle Collection - 1-player puzzle games

sherlock/stable 0.15.0-1 all
  Find usernames across social networks

sibelia/stable 3.0.7+dfsg-3+b2 arm64
  comparative genomics tool

sibelia-examples/stable 3.0.7+dfsg-3 all
  comparative genomics tool (example data)

sidedoor/stable 0.2.1-1.3 all
  SSH connection daemon

sigsum-go/stable 0.11.2-1+b3 arm64
  tools for public and transparent logging of signed checksums

sim4/stable 0.0.20121010-8+b1 arm64
  tool for aligning cDNA and genomic DNA

slice/stable 2.32.0~ds1-1 all
  Extract out pre-defined slices of an ASCII file

smuxi-engine/stable 1.2.1-2 all
  Engine libraries for Smuxi (IRC, Twitter, XMPP, Campfire, JabbR)

snapraid/stable 12.4-1 arm64
  backup program for disk arrays

sofia-sip-bin/stable 1.12.11+20110422.1+1e14eea~dfsg-6.1+b2 arm64
  Sofia-SIP library utilities

sofia-sip-doc/stable 1.12.11+20110422.1+1e14eea~dfsg-6.1 all
  Sofia-SIP library documentation

sparse/stable 0.6.4-5 arm64
  semantic parser of source files

sparse-test-inspect/stable 0.6.4-5 arm64
  semantic parser of source files

spew/stable 1.0.8-1.2 arm64
  I/O performance measurement and load generation tool

squashfs-tools/stable 1:4.6.1-1+b1 arm64
  Tool to create and append to squashfs filesystems

sra-toolkit/stable 3.2.1+dfsg-4 arm64
  utilities for the NCBI Sequence Read Archive

sshguard/stable 2.4.3-1 arm64
  Protects from brute force attacks against ssh

sslh/stable 2.1.4-1+b1 arm64
  Applicative protocol multiplexer

storymaps/stable 1.0+dfsg-3.1 all
  Free story planning and writing application for children

suckless-tools/stable 48-1 arm64
  simple commands for minimalistic window managers

sunclock/stable 3.57-15 arm64
  fancy clock showing time and geographical data

sunclock-maps/stable 3.57-15 all
  sunclock vector graphic maps

swaylock/stable 1.8.2-1 arm64
  Screen locker for Wayland

swell-foop/stable 1:48.1-2 arm64
  Colored ball puzzle game

swisswatch/stable 0.6-19+b3 arm64
  Swiss Railway Clock for the X Window System

syncache/stable 1.4-1.3 all
  Thread-safe time-limited cache for Ruby

systemd-timesyncd/stable,now 257.13-1~deb13u1 arm64 [installed]
  minimalistic service to synchronize local time with NTP servers

tableau-parm/stable 0.2.0-6+b3 arm64
  tableau write-blocking bridge query/command utility

tarlz/stable 0.27.1-1 arm64
  archiver with multimember lzip compression

tcllib/stable 2.0+dfsg-4 all
  Standard Tcl Library

tcmu-runner/stable 1.5.4-9+b1 arm64
  Daemon that handles the userspace side of the LIO TCM-User backstore

tdb-tools/stable 2:1.4.13+samba4.22.10+dfsg-0+deb13u1 arm64
  Trivial Database - bundled binaries

tdc/stable 2.0-1+b1 arm64
  Tiny Dockable Clock

tecnoballz/stable 0.93.1-10+b1 arm64
  breaking block game ported from the Amiga platform

terminology/stable 1.14.0-1 arm64
  Enlightenment efl based terminal emulator

terminology-data/stable 1.14.0-1 all
  Enlightenment efl based terminal emulator data

texlive-bibtex-extra/stable 2024.20250309-2 all
  TeX Live: BibTeX additional styles

texlive-fonts-extra/stable 2024.20250309-2 all
  TeX Live: Additional fonts

texlive-latex-extra/stable 2024.20250309-2 all
  TeX Live: LaTeX additional packages

texlive-metapost/stable 2024.20250309-1 all
  TeX Live: MetaPost and Metafont packages

texlive-music/stable 2024.20250309-2 all
  TeX Live: Music packages

texlive-pictures/stable 2024.20250309-1 all
  TeX Live: Graphics, pictures, diagrams

texlive-xetex/stable 2024.20250309-1 all
  TeX Live: XeTeX and packages

tgif/stable 1:4.2.5-2 arm64
  2D vector graphic drawing tool using Xlib

tgt/stable 1:1.0.85-1.3 arm64
  Linux SCSI target user-space daemon and tools

tgt-glusterfs/stable 1:1.0.85-1.3 arm64
  Linux SCSI target user-space daemon and tools - GlusterFS support

tgt-rbd/stable 1:1.0.85-1.3 arm64
  Linux SCSI target user-space daemon and tools - RBD support

thunar-vcs-plugin/stable 0.2.0-2+b2 arm64
  VCS plugin for Thunar file manager

timg/stable 1.6.0-1+b1 arm64
  terminal image and video viewer

tint2/stable 17.0.1-1.2 arm64
  lightweight taskbar

tinymembench/stable 0.4+git20231218+ds-2+b1 arm64
  Simple memory benchmark tool

tiv/stable 1.2.1+dfsg-1+b2 arm64
  high-resolution command-line image viewer

tkgate/stable 2.1+repack-7+b1 arm64
  Tcl/Tk based digital circuit editor and simulator

tmux-themepack-jimeh/stable 1.1.0-1 all
  pack of various themes for tmux by jimeh

tntnet/stable 3.0-4 arm64
  modular, multithreaded web application server for C++

tntnet-demos/stable 3.0-4 arm64
  demo web applications for Tntnet

tntnet-doc/stable 3.0-4 all
  documentation for Tntnet

tomb/stable 2.11+dfsg-2 arm64
  crypto undertaker

toot/stable 0.48.1-0 all
  mastodon cli client

topal/stable 84-1+b2 arm64
  Glue between the Alpine email client and GnuPG cryptography

topp/stable 2.6.0+cleaned1-4+b5 arm64
  set of programs implementing The OpenMS Proteomic Pipeline

tor-geoipdb/stable 0.4.9.11-0+deb13u1 all
  GeoIP database for Tor

torsocks/stable 2.5.0-1+deb13u1 all
  use SOCKS-friendly applications with Tor

tree-ppuzzle/stable 5.3~rc16+dfsg-12+b1 arm64
  Parallelized reconstruction of phylogenetic trees by maximum likelihood

tree-puzzle/stable 5.3~rc16+dfsg-12+b1 arm64
  Reconstruction of phylogenetic trees by maximum likelihood

tree-puzzle-doc/stable 5.3~rc16+dfsg-12 all
  Reconstruction of phylogenetic trees by maximum likelihood (doc)

tryton-modules-marketing-automation/stable 7.0.1-1 all
  Tryton application platform - marketing automation module

tty-clock/stable 2.3+git.20211121.f2f847c-1 arm64
  simple terminal clock

ttyrec/stable 1.1.7.1-1 arm64
  Terminal interaction recorder and player (for tty)

tutka/stable 1.1.3-3+b1 arm64
  tracker style MIDI sequencer

tuxblocs/stable 4.0-2 arm64
  program to display tens, hundreds, thousands as 3D blocks

tvc/stable 5.0.3+git20151221.80e144e+dfsg-5+b4 arm64
  genetic variant caller for Ion Torrent sequencing platforms

twclock/stable 3.5-2 arm64
  World clock for ham radio operators

twiggy/stable 0.1026+dfsg-1 all
  AnyEvent HTTP server for PSGI (like Thin)

txt2html/stable 1:3.0-1 all
  Text to HTML converter

tzdata-legacy/stable 2026b-0+deb13u1 all
  time zone data for TAI minus ten seconds

tzwatch/stable 1.4.4-12 all
  Displays time and date in specified time zones on console

u3-tool/stable 0.3-4+b2 arm64
  tool for controlling the special features of a U3 USB flash disk

ublock-origin-doc/stable 1.67.0+dfsg-1~deb13u1 all
  lightweight and efficient ads, malware, trackers blocker (docs)

ucommon-doc/stable 7.0.1-0.4 all
  lightweight C++ threading and sockets - documentation

ucommon-utils/stable 7.0.1-0.4+b1 arm64
  lightweight C++ threading and sockets - utilities

udisks2/stable 2.10.1-12.1+deb13u1 arm64
  D-Bus service to access and manipulate storage devices

udisks2-btrfs/stable 2.10.1-12.1+deb13u1 arm64
  BTRFS support for udisks2

udisks2-doc/stable 2.10.1-12.1+deb13u1 all
  udisks2 documentation

udisks2-lvm2/stable 2.10.1-12.1+deb13u1 arm64
  LVM2 support for udisks2

ugrep/stable 7.4.2+dfsg-1 arm64
  faster grep with an interactive query UI

undertime/stable 4.3.0 all
  pick a meeting time using a table of world clocks

unicode-cldr-core/stable 46-0.1 all
  Common data from Unicode CLDR (core)

unl0kr/stable 2.0.3+dfsg-2 arm64
  Lightweight framebuffer On-Screen-Keyboard based on LVGL

usbguard/stable 1.1.3+ds-3 arm64
  USB device authorization policy framework

util-linux/stable,now 2.41-5 arm64 [installed]
  miscellaneous system utilities

uwsgi-core/stable 2.0.28-9 arm64
  fast, self-healing application container server (core)

vala-panel/stable 24.05-3 arm64
  Desktop panel written in Vala and GTK+ 3

vala-panel-plugins-base/stable 24.05-3 arm64
  Plugins for vala-panel - non-X11 plugins

valgrind/stable 1:3.24.0-3 arm64
  instrumentation framework for building dynamic analysis tools

vamp-examples/stable 2.10.0-5 arm64
  example Vamp plugins, host and RDF generator

vblade/stable 25-2+b1 arm64
  virtual AoE blade emulator

vboot-utils/stable 0~R106-15054.B+dfsg-0.1 arm64
  Chrome OS verified u-boot utilities

vdo/stable 8.3.1.1-1 arm64
  Management tools for Virtual Data Optimizer

veyon-configurator/stable 4.9.5+repack1-2 arm64
  Computer Monitoring and Classroom Management Software - configurator

veyon-master/stable 4.9.5+repack1-2 arm64
  Computer Monitoring and Classroom Management Software - master

veyon-plugins/stable 4.9.5+repack1-2 arm64
  Computer Monitoring and Classroom Management Software - plugins

veyon-service/stable 4.9.5+repack1-2 arm64
  Computer Monitoring and Classroom Management Software - client service

vim/stable,now 2:9.1.1230-2 arm64 [installed]
  Vi IMproved - enhanced vi editor

vim-gtk3/stable 2:9.1.1230-2 arm64
  Vi IMproved - enhanced vi editor - with GTK3 GUI

vim-julia/stable 0.0~git20240525.7946ce3-1 all
  Vim support for Julia language

vim-khuno/stable 1.0.3-4 all
  Python flakes Vim plugin

vim-motif/stable 2:9.1.1230-2 arm64
  Vi IMproved - enhanced vi editor - with Motif GUI

vim-nox/stable 2:9.1.1230-2 arm64
  Vi IMproved - enhanced vi editor - with scripting languages support

vim-textobj-user/stable 0.7.6-3 all
  Vim plugin for user-defined text objects

vim-voom/stable 5.3-8 all
  Vim two-pane outliner

vitetris/stable 0.59.1-3+b2 arm64
  Virtual terminal *tris clone

vlock/stable 2.2.2-12+b1 arm64
  Virtual Console locking program

vmtouch/stable 1.3.1-3 arm64
  Portable file system cache diagnostics and control

webext-privacy-badger/stable 2020.10.7-1 all
  Privacy Badger automatically learns to block invisible trackers

webext-ublock-origin-chromium/stable 1.67.0+dfsg-1~deb13u1 all
  lightweight and efficient ads, malware, trackers blocker (Chromium)

webext-ublock-origin-firefox/stable 1.67.0+dfsg-1~deb13u1 all
  lightweight and efficient ads, malware, trackers blocker (Firefox)

weresync/stable 1.1.5-2 all
  incrementally clones running drives

weresync-doc/stable 1.1.5-2 all
  incrementally clones running drives (documentation package)

wmcalclock/stable 1.26-2 arm64
  dock.app which simply tells time and date

wmclock/stable 1.0.16-2+b1 arm64
  dockable clock applet for Window Maker

wmclockmon/stable 1.0.0-1+b1 arm64
  Displays a clock in 12/24h mode with alarm mode

wmitime/stable 0.5-3+b1 arm64
  clock dock app showing time and internet time

wmmoonclock/stable 1.30-4 arm64
  Window Maker moon phase dockapp

woof-doom/stable 15.2.0+dfsg-1 arm64
  continuation of the Boom/MBF bloodline of Doom source ports

worklog/stable 2.1-1 arm64
  Keep Track of Time worked on Projects

wsjtx/stable 2.7.0+repack-1 arm64
  Weak-signal amateur radio communications

wsjtx-improved/stable 2.8.0+250501+repack-1 arm64
  Weak-signal amateur radio communications

wxedid/stable 0.0.32-1 arm64
  Graphical editor for monitor resolution and timing data (EDID)

x11-apps/stable 7.7+11+b2 arm64
  X applications

x264/stable 2:0.164.3108+git31e19f9-2+b1 arm64
  video encoder for the H.264/MPEG-4 AVC standard

x265/stable 4.1-2 arm64
  H.265/HEVC video stream encoder

xandikos/stable 0.2.12-1 all
  Git-backed CalDAV/CardDAV server

xarclock/stable 1.0-20 arm64
  reversed xclock

xbomb/stable 2.2b-2.1 arm64
  'minesweeper' game with squares, hexagons or triangles

xcb-proto/stable 1.17.0-1 all
  X C Binding - protocol descriptions

xdaliclock/stable 2.48-1+b2 arm64
  Melting digital clock

xfce4-screensaver/stable 4.18.4-1 arm64
  screen saver and locker that is integrated with the xfce4 desktop

xfce4-time-out-plugin/stable 1.1.4+ds2-1 arm64
  Time out plugin for the Xfce4 panel

xfslibs-dev/stable 6.13.0-2+b1 arm64
  XFS filesystem-specific static libraries and headers

xfsprogs/stable 6.13.0-2+b1 arm64
  Utilities for managing the XFS filesystem

xidle/stable 20200802+b1 arm64
  run program after inactivity or edge sensitive

xjadeo/stable 0.8.14+really0.8.14-1 arm64
  Video player with JACK sync

xmlcopyeditor/stable 1.3.1.0-1.1 arm64
  fast, free, validating XML editor

xmms2-plugin-smb/stable 0.8+dfsg-28+b1 arm64
  XMMS2 - Server Message Block (SMB) transport

xmpi/stable 2.2.3b8-14+b2 arm64
  Graphical user interface for MPI program development

xmpuzzles/stable 8.8.7+ds-2 arm64
  collection of puzzles for X (Motif version)

xorriso-dd-target/stable 1.5.6-1.2 all
  Device evaluator and disk image copier for GNU/Linux

xpuzzles/stable 8.8.7+ds-2 arm64
  collection of puzzles for X (plain X version)

xscavenger/stable 1.4.5-10 arm64
  Lode-runner-like platform game for X

xschem/stable 3.4.4-1+b1 arm64
  schematic capture program

xscreensaver/stable 6.09+dfsg1-1 arm64
  Screensaver daemon and frontend for X11

xscreensaver-data/stable 6.09+dfsg1-1 arm64
  Screen saver modules for screensaver frontends

xscreensaver-data-extra/stable 6.09+dfsg1-1 arm64
  Extra screen saver modules for screensaver frontends

xscreensaver-gl/stable 6.09+dfsg1-1 arm64
  GL(Mesa) screen saver modules for screensaver frontends

xscreensaver-gl-extra/stable 6.09+dfsg1-1 arm64
  Extra GL(Mesa) screen saver modules for screensaver frontends

xsecurelock/stable 1.9.0-1+b1 arm64
  X11 screen lock utility with the primary goal of security

xserver-xorg-video-radeon/stable 1:22.0.0-1+b2 arm64
  X.Org X server -- AMD/ATI Radeon display driver

xss-lock/stable 0.3.0+git20230128.0c562b-1+b3 arm64
  invoke external screen lock in response to XScreenSaver events

xssproxy/stable 1.0.0-1+deb13u1 arm64
  Forward freedesktop.org Idle Inhibition Service calls to Xss

xtrlock/stable 2.16 arm64
  Minimal X display lock program

xwrits/stable 2.26-1+b1 arm64
  reminds you to take a break from typing

yambar/stable 1.11.0-1+b1 arm64
  Lightweight and configurable status panel

yubikey-luks/stable 0.5.1+29.g5df2b95-6.3 all
  YubiKey two factor authentication for LUKS disks

z8530-utils2/stable 3.0-1-12 arm64
  Utilities for Z8530 based HDLC cards for AX.25

zbd-utils/stable 2.0.4-1.1+b3 arm64
  Utilities to manipulate zoned block devices

zerofree/stable 1.1.1-1+b2 arm64
  zero free blocks from ext2, ext3 and ext4 file-systems

ziproxy/stable 3.3.2-7+b4 arm64
  compressing HTTP proxy server

zonefs-tools/stable 1.6.0-2+b1 arm64
  Command line utility to use zonefs file system

zsync/stable 0.6.2-8 arm64
  client-side implementation of the rsync algorithm

