
WARNING: apt does not have a stable CLI interface. Use with caution in scripts.

Sorting...
Full Text Search...
0xffff/stable 0.9-1+b2 arm64
  Open Free Fiasco Firmware Flasher

6tunnel/stable 1:0.13-4 arm64
  TCP proxy for non-IPv6 applications

7kaa/stable 2.15.6+ds-2 arm64
  Seven Kingdoms: Ancient Adversaries - real-time strategy game

81voltd/stable 1.0.0-1 arm64
  Service managing VoLTE calls on Qualcomm modem

a2boot/stable 4.2.3~ds-1+deb13u2 arm64
  AppleTalk Network Suite (Apple II NetBoot)

a2ps/stable 1:4.15.6-1+b1 arm64
  GNU a2ps - 'Anything to PostScript' converter and pretty-printer

abcm2ps/stable 8.14.17-2 arm64
  Translates ABC music description files to PostScript

abcmidi/stable 20250216+ds-1 arm64
  converter from ABC to MIDI format and back

abisip-find/stable 1.13.0-2 arm64
  Command line utility to find ip.access compatible BTS

ableton-link-dev/stable 3.1.2+dfsg-1 all
  synchronizes musical applications on multiple devices - development

ableton-link-utils/stable 3.1.2+dfsg-1+b1 arm64
  synchronizes musical applications on multiple devices - cmdline utils

abootimg/stable 0.6-2 arm64
  Tool to read/write/update android boot images

accountsservice/stable 23.13.9-7 arm64
  query and manipulate user account information

ace-netsvcs/stable 8.0.2+dfsg-2 arm64
  ACE network service implementations

aconnectgui/stable 0.9.0rc2-1-11 arm64
  graphical ALSA sequencer connection manager

acpi/stable 1.8-1 arm64
  displays information on ACPI devices

activemq/stable 5.17.6+dfsg-2 all
  Java message broker - server

adb/stable 1:34.0.5-12 arm64
  Android Debug Bridge

adbd/stable 34.0.5-12 arm64
  Android Debug Bridge daemon

admesh/stable 0.98.5-1+b2 arm64
  Tool for processing triangulated solid meshes. Binary

adms/stable 2.3.7-1+b2 arm64
  Automatic device model synthesizer for Verilog-AMS

adplay/stable 1.8.1-4 arm64
  console-based OPL2 audio player

aeolus/stable 0.10.4-1+b4 arm64
  Synthesised pipe organ emulator

afflib-tools/stable 3.7.21-1 arm64
  Advanced Forensics Format Library (utilities)

agenda.app/stable 0.47-2 arm64
  Calendar manager for GNUstep

aidl/stable 1:10.0.0+r36-4+b1 arm64
  Binder generator of AIDL interfaces

airspy/stable 1.0.10-3+b3 arm64
  Tiny and efficient software defined radio receiver - utilities

airspyhf/stable 1.6.8-4+b2 arm64
  HF+VHF software defined radio receiver - user runtime

akonadi-backend-mysql/stable 4:24.12.3-2~deb13u1 all
  MySQL storage backend for Akonadi

akonadi-backend-postgresql/stable 4:24.12.3-2~deb13u1 all
  PostgreSQL storage backend for Akonadi

akonadi-backend-sqlite/stable 4:24.12.3-2~deb13u1 all
  SQLite storage backend for Akonadi

akonadi-server/stable 4:24.12.3-2~deb13u1 arm64
  Akonadi PIM storage service

aladin/stable 12.060+dfsg-3 all
  Interactive sky atlas for astronomical images and datasets

ale/stable 0.9.0.3-6+b1 arm64
  synthetic capture engine and renderer

alice/stable 0.19-3 all
  Web browser (WebKit or Gecko) based IRC client

alpine/stable 2.26+dfsg-3 arm64
  Text-based email client, friendly for novices but powerful

alpine-doc/stable 2.26+dfsg-3 all
  Text-based email client's documentation

alpine-pico/stable 2.26+dfsg-3 arm64
  Simple text editor from Alpine, a text-based email client

alsa-tools/stable 1.2.14-1 arm64
  Console based ALSA utilities for specific hardware

alsa-tools-gui/stable 1.2.14-1 arm64
  GUI based ALSA utilities for specific hardware

alsa-ucm-conf-asahi/stable 8-2+deb13u1 all
  ALSA Use Case Manager configuration (and topologies) for Apple silicon devices

alsa-utils/stable,now 1.2.14-1 arm64 [installed]
  Utilities for configuring and using ALSA

alsamixergui/stable 0.9.0rc2-1-11 arm64
  graphical soundcard mixer for ALSA soundcard driver

alsaplayer-alsa/stable 0.99.82-2+b1 arm64
  alsaplayer output module for ALSA

alsaplayer-oss/stable 0.99.82-2+b1 arm64
  alsaplayer output module for OSS

alure-doc/stable 1.2-10 all
  AL Utilities REtooled (documentation)

alure-utils/stable 1.2-10+b1 arm64
  AL Utilities REtooled (utilities)

amarok/stable 3.2.2-1 arm64
  easy to use media player based on the KDE Platform

amazon-ec2-utils/stable 2.1.0-1.1 all
  Utilities to manage Amazon EC2 instance storage

ambdec/stable 0.7.1-1+b2 arm64
  Ambisonic decoder for first and second order

amberol/stable 2025.1-3 arm64
  Small and simple music player for GNOME

anarchism/stable 15.3-4 all
  Exhaustive exploration of Anarchist theory and practice

and/stable 1.2.2-4.3+b2 arm64
  Auto Nice Daemon

android-libart/stable 14.0.0+r15-4+b1 arm64
  Android Runtime

android-platform-tools-base/stable 2.2.2-6 all
  base tools for developing applications for the Android system

android-sdk-libsparse-utils/stable 1:34.0.5-12 arm64
  Android sparse image creation tool

angelfish/stable 25.04.0-2 arm64
  Web browser for Plasma Mobile

anonip/stable 1.1.0-2.1 all
  Anonymize IP-addresses in log-files

anope/stable 2.0.17-1 arm64
  IRC Services designed for flexibility and ease of use

ansible-lint/stable 25.6.1+really25.2.1-1 all
  lint tool for Ansible playbooks

ansilove/stable 4.2.0-2+b1 arm64
  ANSI and ASCII art to PNG converter

antpm/stable 1.24-1 arm64
  ANT+ information retrieval client for Garmin GPS products

aodh-api/stable 20.0.0-2 all
  OpenStack Telemetry (Ceilometer) Alarming - API server

ap51-flash/stable 2025.0-1 arm64
  firmware flasher for ethernet connected routers and access points

apertium-apy/stable 0.13.0-1 all
  Apertium APY service

apertium-isl-swe/stable 0.1.1-2 all
  Apertium translation data for the Icelandic-Swedish pair

apfs-dkms/stable 0.3.13-1 all
  APFS module for Linux, with experimental write support

apg/stable 2.2.3.dfsg.1-7 arm64
  Automated Password Generator - Standalone version

apophenia-bin/stable 1.0+ds-10 arm64
  Apophenia Statistical C Library -- binary package

apophenia-doc/stable 1.0+ds-10 all
  Apophenia Statistical C Library -- reference manual

apprise/stable 1.9.3-1 all
  Push Notifications that work with just about every platform

appstream/stable,now 1.0.5-1 arm64 [installed,automatic]
  Software component metadata management

apriltag/stable 3.4.2-1+b2 arm64
  AprilTags Visual Fiducial System

aprx/stable 2.9.1-3 arm64
  APRS Digipeater and iGate

aptitude-robot/stable 1.5.5-1.1 all
  Automate package choice management

aptly-api/stable 1.6.1+ds1-3 arm64
  Swiss army knife for Debian repository management - API

arachne-pnr/stable 0.1+20190728gitc40fb22-3+b1 arm64
  Place and route tool for iCE40 family FPGAs

arachne-pnr-chipdb/stable 0.1+20190728gitc40fb22-3 all
  Chip db files for arachne-pnr

ardour/stable 1:8.12.0+ds-1 arm64
  the digital audio workstation

arduino-core-avr/stable 1.8.7+dfsg-1~deb13u1 all
  Arduino Core for AVR microcontroller

argus-client/stable 1:5.0.2+git20250321.41f65e2-2 arm64
  IP network transaction auditing tool

argus-server/stable 2:5.0.2-3 arm64
  IP network transaction auditing tool

argyll/stable 3.3.0+repack-1 arm64
  Color Management System, calibrator and profiler

arno-iptables-firewall/stable 2.1.2a-3 all
  single- and multi-homed firewall script with DSL/ADSL support

arp-scan/stable 1.10.0-2+b2 arm64
  arp scanning and fingerprinting tool

asahi-btsync/stable 0.2.4-7 arm64
  sync bluetooth pairing keys with macos on ARM Macs

asciinema/stable 2.4.0-1 all
  Record and share your terminal sessions, the right way

aspell-is/stable 0.51.1-0-2 all
  Icelandic dictionary for GNU Aspell

asterisk-core-sounds-en/stable 1.6.1-1 all
  asterisk PBX sound files - US English

asterisk-core-sounds-es/stable 1.6.1-1 all
  asterisk PBX sound files - Spanish

asterisk-core-sounds-fr/stable 1.6.1-1 all
  asterisk PBX sound files - Canadian French

asterisk-core-sounds-it/stable 1.6.1-1 all
  asterisk PBX sound files - Italian

asterisk-prompt-de/stable 2.0-1.3 all
  German voice prompts for the Asterisk PBX

asterisk-prompt-es-co/stable 0.20070403-4 all
  Colombian Spanish voice prompts for Asterisk

asterisk-prompt-fr-armelle/stable 20070613-3 all
  French voice prompts for Asterisk by Armelle Desjardins

asterisk-prompt-it-menardi/stable 1:1.4.22+mm20110907-3.2 all
  asterisk PBX Italian sound files

asterisk-prompt-it-menardi-alaw/stable 1:1.4.22+mm20110907-3.2 all
  asterisk PBX Italian sound files - a-law prompts

asterisk-prompt-it-menardi-gsm/stable 1:1.4.22+mm20110907-3.2 all
  asterisk PBX Italian sound files - gsm prompts

asterisk-prompt-it-menardi-wav/stable 1:1.4.22+mm20110907-3.2 all
  asterisk PBX Italian sound files - wav prompts

astro-catalogs/stable 5.0 all
  Astronomy catalogs

astro-frameworks/stable 5.0 all
  Astronomical data analysis frameworks

astro-virtual-observatory/stable 5.0 all
  Tools and viewers for the Virtual Observatory

astronomical-almanac/stable 5.6-8 arm64
  astronomical almanac - calculate planet and star positions

at-spi2-common/stable,now 2.56.2-1+deb13u1 all [installed,automatic]
  Assistive Technology Service Provider Interface (common files)

at-spi2-core/stable 2.56.2-1+deb13u1 arm64
  Assistive Technology Service Provider Interface (D-Bus core)

at-spi2-doc/stable 2.56.2-1+deb13u1 all
  Assistive Technology Service Provider Interface (Documentation)

atalkd/stable 4.2.3~ds-1+deb13u2 arm64
  AppleTalk Network Suite

atheme-services/stable 7.2.12-2 arm64
  modular IRC services daemon

atheme-services-contrib/stable 7.2.12-2 arm64
  modular IRC services daemon - contrib modules

atlc/stable 4.6.1-6 arm64
  Arbitrary Transmission Line Calculator

atm-tools/stable 1:2.5.1-7 arm64
  Base programs for ATM in Linux, the net-tools for ATM

atomicparsley/stable 20240608.083822.1ed9031-1 arm64
  read, parse and set metadata of MPEG-4 and 3gp files

auctex/stable 13.2-1.1 all
  integrated document editing environment for TeX etc.

augur/stable 24.4.0-1 all
  pipeline components for real-time virus analysis

auralquiz/stable 1.0.0-4 arm64
  simple music quiz game using your own music files

auto-multiple-choice/stable 1.7.0-3 arm64
  Auto Multiple Choice - multiple choice papers management

auto-multiple-choice-common/stable 1.7.0-3 all
  Auto Multiple Choice - architecture independent files

auto-multiple-choice-doc/stable 1.7.0-3 all
  Auto Multiple Choice - HTML documentation

auto-multiple-choice-doc-pdf/stable 1.7.0-3 all
  Auto Multiple Choice - PDF documentation

autobahn-cpp-dev/stable 17.5.1+git7cc5d37-4 all
  WAMP in C++ for Boost/Asio - development headers

autobahn-cpp-doc/stable 17.5.1+git7cc5d37-4 all
  WAMP in C++ for Boost/Asio - examples

autodir/stable 0.99.9-18 arm64
  Automatically creates home and group directories for LDAP/NIS/SQL/local accounts

autokey-common/stable 0.96.0-1 all
  desktop automation utility - common data

autokey-gtk/stable 0.96.0-1 all
  desktop automation utility - GTK+ version

autokey-qt/stable 0.96.0-1 all
  desktop automation utility - Qt version

autoradio/stable 3.6.4-1 all
  radio automation software

autorandr/stable 1.15-1 all
  Automatically select a display configuration for connected devices

autotalent/stable 0.2-6+b1 arm64
  pitch correction LADSPA plugin

autotools-dev/stable 20240727.1 all
  Update infrastructure for config.{guess,sub} files

avahi-autoipd/stable 0.8-16 arm64
  Avahi IPv4LL network address configuration daemon

avahi-daemon/stable 0.8-16 arm64
  Avahi mDNS/DNS-SD daemon

avahi-discover/stable 0.8-16 all
  Service discover user interface for avahi

avahi-dnsconfd/stable 0.8-16 arm64
  Avahi DNS configuration tool

avahi-ui-utils/stable 0.8-16 arm64
  Avahi GTK+ utilities

avahi-utils/stable 0.8-16 arm64
  Avahi browsing, publishing and discovery utilities

avarice/stable 2.14+svn427-2 arm64
  use GDB with Atmel AVR debuggers

avr-evtd/stable 1.7.7-5+b1 arm64
  AVR watchdog daemon for Linkstation/Kuroboxes

avrp/stable 1.0beta3-8 arm64
  Programmer for Atmel AVR microcontrollers

awscli/stable 2.23.6-1 all
  Unified command line interface to Amazon Web Services

axmail/stable 2.13-1+b1 arm64
  Mail user agent for ax.25 users, accessed via a node frontend

ayatana-indicator-application/stable 22.2.0-2+b1 arm64
  Ayatana Applications Indicator (SNI provider)

ayatana-indicator-bluetooth/stable 24.5.0-3 arm64
  Ayatana Indicator for managing Bluetooth devices

backblaze-b2/stable 3.19.1-4 all
  Command Line Tool for Backblaze B2

backup2l/stable 1.7-1 all
  low-maintenance backup/restore tool

bacula/stable 15.0.3-3 all
  network backup service - metapackage

bacula-bscan/stable 15.0.3-3 arm64
  network backup service - bscan tool

bacula-client/stable 15.0.3-3 all
  network backup service - client metapackage

bacula-common/stable 15.0.3-3 arm64
  network backup service - common support files

bacula-common-mysql/stable 15.0.3-3 arm64
  network backup service - MySQL common files

bacula-common-pgsql/stable 15.0.3-3 arm64
  network backup service - PostgreSQL common files

bacula-common-sqlite3/stable 15.0.3-3 arm64
  network backup service - SQLite v3 common files

bacula-console/stable 15.0.3-3 arm64
  network backup service - text console

bacula-console-qt/stable 15.0.3-3 arm64
  network backup service - Bacula Administration Tool

bacula-director/stable 15.0.3-3 arm64
  network backup service - Director daemon

bacula-director-mysql/stable 15.0.3-3 all
  network backup service - MySQL storage for Director

bacula-director-pgsql/stable 15.0.3-3 all
  network backup service - PostgreSQL storage for Director

bacula-director-sqlite3/stable 15.0.3-3 all
  network backup service - SQLite 3 storage for Director

bacula-fd/stable 15.0.3-3 arm64
  network backup service - file daemon

bacula-sd/stable 15.0.3-3 arm64
  network backup service - storage daemon

bacula-server/stable 15.0.3-3 all
  network backup service - server metapackage

bacula-tray-monitor/stable 15.0.3-3 arm64
  network backup service - Bacula Tray Monitor

ballz/stable 1.0.4-2 arm64
  B.A.L.L.Z. - platform/puzzle game where you control a rolling ball

ballz-data/stable 1.0.4-2 all
  B.A.L.L.Z. - game data

baloo6/stable 6.13.0-1 arm64
  framework for file search and metadata management

bam/stable 0.5.1-3+b1 arm64
  fast and flexible build system

bankstown-lv2/stable 1.1.0-3+b1 arm64
  barebones, fast LV2 bass enhancement plugin

baobab/stable 48.0-2+b1 arm64
  GNOME disk usage analyzer

barbican-api/stable 1:20.0.0-3 all
  OpenStack Key Management Service - API Server

barbican-common/stable 1:20.0.0-3 all
  OpenStack Key Management Service - common files

barbican-doc/stable 1:20.0.0-3 all
  OpenStack Key Management Service - doc

barbican-keystone-listener/stable 1:20.0.0-3 all
  OpenStack Key Management Service - Keystone Listener

barbican-worker/stable 1:20.0.0-3 all
  OpenStack Key Management Service - Worker Node

baresip/stable 1.1.0-3 all
  portable and modular SIP user-agent - metapackage

baresip-core/stable 1.1.0-3 arm64
  portable and modular SIP user-agent - core parts

baresip-ffmpeg/stable 1.1.0-3 arm64
  portable and modular SIP user-agent - FFmpeg codecs and formats

baresip-gstreamer/stable 1.1.0-3 arm64
  portable and modular SIP user-agent - GStreamer pipelines

baresip-gtk/stable 1.1.0-3 arm64
  portable and modular SIP user-agent - GTK+ front-end

baresip-x11/stable 1.1.0-3 arm64
  portable and modular SIP user-agent - X11 features

base-files/stable 13.8+deb13u6 arm64 [upgradable from: 13.8+deb13u5]
  Debian base system miscellaneous files

bcache-tools/stable 1.0.8-5+b1 arm64
  bcache userspace tools

bcal/stable 2.4-2+b2 arm64
  Command-line utility for storage conversions and calculations

beancount/stable 3.1.0-3 all
  Double-entry accounting from text files

beanstalkd/stable 1.13-1 arm64
  simple, in-memory, workqueue service

belvu/stable 4.44.1+dfsg-7.1+b3 arm64
  multiple sequence alignment viewer and phylogenetic tool

bemenu/stable 0.6.15+dfsg-1+b4 arm64
  Dynamic menu inspired by dmenu

bepasty/stable 1.2.1-1+deb13u1 all
  binary pastebin / file upload service

berrynet/stable 3.10.2-2 all
  deep learning gateway - meta package

berrynet-dashboard/stable 3.10.2-2 all
  deep learning gateway - python3 modules

bettercap/stable 2.33.0-1+b9 arm64
  Complete, modular, portable and easily extensible MITM framework

bgoffice-computer-terms/stable 0.0.201010040104-2 all
  English-Bulgarian dictionary of computer terms

bibata-cursor-theme/stable 2.0.6-1 all
  Bibata is open source, compact, and material designed cursor set

bible-kjv/stable 4.39 arm64
  King James Version of the Bible: user interface program.

bibtex2html/stable 1.99-4+b4 arm64
  filters BibTeX files and translates them to HTML

biff/stable 1:0.17.pre20000412-5.1+b1 arm64
  a mail notification tool

biglybtd/stable 3.8.0.2-1 all
  BiglyBT system service

bilibop/stable 0.6.5 all
  run Debian GNU/Linux from external media - metapackage

bilibop-common/stable 0.6.5 all
  shell functions for bilibop scripts

bilibop-lockfs/stable 0.6.5 all
  lock filesystems and write changes into RAM

bilibop-rules/stable 0.6.5 all
  device management rules for OS running from external media

biniax2/stable 1.30-7+b1 arm64
  logic game with arcade and tactics modes

biniax2-data/stable 1.30-7 all
  logic game with arcade and tactics modes -- data

binoculars/stable 0.0.19-1 all
  Surface X-ray diffraction 2D detector data reduction

binoculars-doc/stable 0.0.19-1 all
  Surface X-ray diffraction 2D detector data reduction - Documentation

binutils-sh-elf/stable 2.44+3+b1 arm64
  GNU binary utilities for embedded SuperH devices

bio-vcf/stable 0.9.5-3 all
  domain specific language (DSL) for processing the VCF format

biometric-auth/stable 0.9.72-1 arm64
  Biometric Authentication Service

biometric-driver-community-multidevice/stable 0.9.72-1 arm64
  Biometric Authentication Driver (community multidevice)

biometric-utils/stable 0.9.72-1 arm64
  Biometric authentication utils

biometryd-bin/stable 0.3.1-6 arm64
  biometryd mediates/multiplexes to biometric devices - daemon/helper binaries

bitlbee-libpurple/stable 3.6-1.5 arm64
  IRC to other chat networks gateway (using libpurple)

bitlbee-plugin-mastodon/stable 1.4.5-1+b2 arm64
  Mastodon plugin for bitlbee IRC gateway

bitmath/stable 1.3.3.1-4 all
  handle file sizes with different prefix notations

bitwise/stable 0.50-1+b2 arm64
  Interactive bitwise operation in ncurses

bkchem/stable 0.14.0~pre4+git20211228-5 all
  Chemical structures editor

blackbox/stable 0.70.1-39+b3 arm64
  Window manager for X

bladerf/stable 0.2024.05-1 arm64
  Nuand bladeRF software-defined radio device (tools)

blazar-api/stable 15.0.0-3 all
  resource reservation service for OpenStack - API server

blazar-common/stable 15.0.0-3 all
  resource reservation service for OpenStack - API server

blazar-doc/stable 15.0.0-3 all
  resource reservation service for OpenStack - API server

blazar-manager/stable 15.0.0-3 all
  resource reservation service for OpenStack - manager

bleachbit/stable 4.6.2-2 all
  delete unnecessary files from the system

blends-tasks/stable 0.7.10 all
  Debian Pure Blends tasks for new installations

blight/stable 0.7.1-2+b3 arm64
  Hassle-free CLI backlight utility/library for Linux

blinken/stable 4:25.04.0-1 arm64
  KDE version of the Simon electronic memory game

blkreplay/stable 1.0-3.1+b2 arm64
  block device testing and benchmarking toolkit

blkreplay-examples/stable 1.0-3.1 all
  block device testing and benchmarking toolkit (examples)

blktool/stable 4-8 arm64
  tune low-level block device parameters

bluedevil/stable 4:6.3.4-2 arm64
  KDE Bluetooth stack

bluemon/stable 1.4-10+b1 arm64
  Activate or deactivate programs based on Bluetooth link quality

bluez/stable 5.82-1.1 arm64
  Bluetooth tools and daemons

bluez-alsa-utils/stable 4.3.1-3 arm64
  Bluetooth Audio ALSA Backend (utils)

bluez-cups/stable 5.82-1.1 arm64
  Bluetooth printer driver for CUPS

bluez-hcidump/stable 5.82-1.1 arm64
  Analyses Bluetooth HCI packets

bluez-meshd/stable 5.82-1.1 arm64
  bluetooth mesh daemon

bluez-obexd/stable 5.82-1.1 arm64
  bluez obex daemon

bluez-source/stable 5.82-1.1 all
  Source code for the BlueZ Linux Bluetooth stack

bluez-test-scripts/stable 5.82-1.1 all
  test scripts of bluez

bluez-test-tools/stable 5.82-1.1 arm64
  test tools of bluez

bluez-tools/stable 2.0~20170911.0.7cb788c-4+b2 arm64
  Set of tools to manage Bluetooth devices for linux

bmaptool/stable 3.9.0-3 all
  tool to flash image files to block devices using the block map

bmusb-v4l2proxy/stable 0.7.8-2 arm64
  userspace driver for Blackmagic USB3 video capture cards -- V4L2 proxy

bochs/stable 3.0+dfsg-1 arm64
  IA-32 PC emulator

bochs-sdl/stable 3.0+dfsg-1 arm64
  SDL plugin for Bochs

bochs-term/stable 3.0+dfsg-1 arm64
  Terminal (ncurses-based) plugin for Bochs

bochs-wx/stable 3.0+dfsg-1 arm64
  WxWindows plugin for Bochs

bochs-x/stable 3.0+dfsg-1 arm64
  X11 plugin for Bochs

bochsbios/stable 3.0+dfsg-1 all
  BIOS for the Bochs emulator

bolt/stable 0.9.8-1+b1 arm64
  system daemon to manage thunderbolt 3 devices

bolt-tests/stable 0.9.8-1+b1 arm64
  system daemon to manage thunderbolt 3 devices - installed tests

bornagain/stable 22~git20250325170646.93042f5+ds3-3 arm64
  Simulate and fit X-ray and neutron GISAS -- binary

bornagain-doc/stable 22~git20250325170646.93042f5+ds3-3 all
  Simulate and fit X-ray and neutron GISAS -- doc

bosixnet-webui/stable 2.0-2.2+b1 arm64
  Build Own IPv6 Network (server utilities)

bottlerocket/stable 0.05b3-22 arm64
  Utility to control X10 Firecracker devices for home automation

bpfmon/stable 2.53-1 arm64
  traffic monitor for BPF expression/iptables rule

bplay/stable 0.991-11 arm64
  Buffered audio file player/recorder

bridge-utils/stable 1.7.1-4 arm64
  Utilities for configuring the Linux Ethernet bridge

brotli-rs/stable 6.0.0-1+b6 arm64
  Compressor and decompressor for brotli written in rust

brutespray/stable 1.8.1-2 all
  Python bruteforce tool

bsdutils/stable,now 1:2.41-5 arm64 [installed]
  basic utilities from 4.4BSD-Lite

bsfilter/stable 1:1.0.20~rc6-1 all
  Bayesian spam filter

btrfs-heatmap/stable 9-1 all
  Visualize the layout of data on your btrfs filesystem

btscanner/stable 2.1-9+b1 arm64
  ncurses-based scanner for Bluetooth devices

budgie-dropby-applet/stable 1.9.0-1 all
  Applet to popup when a USB device is connected

buffer/stable 1.19-12.1 arm64
  Buffering/reblocking program for tape backups, printing, etc.

burp/stable 3.1.4-4 arm64
  Simple cross-platform network BackUp and Restore Program

burrow/stable 1.2.1-4+b7 arm64
  Apache Kafka consumer lag checking

bustools/stable 0.43.2+dfsg-1 arm64
  program for manipulating BUS files for single cell RNA-Seq datasets

butt/stable 1.45.0-1 arm64
  multi OS streaming audio tool easy to use

butteraugli/stable 0~20170116-3+b2 arm64
  measuring perceived differences between images

bvi/stable 1.4.2-3 arm64
  binary file editor

byacc/stable 1:2.0.20241231-1 arm64
  public domain Berkeley LALR Yacc parser generator

c-icap/stable 1:0.5.10-6.1+b2 arm64
  ICAP server implementation

cacti-spine/stable 1.2.30-1 arm64
  Multi-Threading poller for cacti

cairo-dock/stable 3.5.1-2 arm64
  Metapackage for cairo-dock

cairo-dock-core/stable 3.5.1-2 arm64
  Light eye-candy fully themable animated dock for Linux desktop

cairo-dock-dev/stable 3.5.1-2 arm64
  Cairo-dock development file

cairo-dock-messaging-menu-plug-in/stable 3.5.1-1 arm64
  Messaging menu plug-in Cairo-dock

cairo-dock-rendering-plug-in/stable 3.5.1-1 arm64
  Rendering plug-in for Cairo-dock

caja-nextcloud/stable 3.16.7-1~deb13u1 all
  Nextcloud integration for Caja

caja-owncloud/stable 5.0.0-2 all
  ownCloud integration for Caja

caja-sendto/stable 1.26.1-2+b1 arm64
  integrates email clients and Pidgin into the Caja file manager

calamaris/stable 2.99.4.8-1 all
  log analyzer for Squid or Oops proxy log files

calceph/stable 4.0.4-2 arm64
  Planetary ephemeris data access tools

calcurse/stable 4.8.1-1.3 arm64
  text-based calendar and todo manager

calibre/stable 8.5.0+ds-1+deb13u3 all
  powerful and easy to use e-book manager

calindori/stable 25.04.0-1 arm64
  Calendar for Plasma Mobile

calligra/stable 1:25.04.2+dfsg-1 arm64
  extensive productivity and creative suite

calligrastage/stable 1:25.04.2+dfsg-1 arm64
  presentation program for the Calligra Suite

canadian-ham-exam/stable 1.0.1-3 all
  practice test for the Canadian Amateur Radio exam

cantata/stable 2.5.0.ds1-4 arm64
  Qt client for the music player daemon (MPD)

capirca-docs/stable 2.0.9-0.1 all
  Multi-platform ACL generation system (documentation)

cardpeek/stable 0.8.4-3 arm64
  Tool to read the contents of ISO7816 smartcards

cardpeek-data/stable 0.8.4-3 all
  Tool to read the contents of ISO7816 smartcards - data files

cargo-lichking/stable 0.9.0-5+b1 arm64
  Display or check licensing of Rust dependencies

casacore-tools/stable 3.7.1-1 arm64
  Tools built with CASA

cashbox/stable 0.3.3 all
  cashbox - memorise cost and calculate price of articles

castle-game-engine-doc/stable 7.0~alpha.3+dfsg2-4 all
  Castle Game Engine - Developer's Documentation

castle-game-engine-src/stable 7.0~alpha.3+dfsg2-4 all
  Castle Game Engine - Source code for Lazarus integration

castle-model-viewer/stable 5.2.0-3 arm64
  VRML / X3D browser, and a viewer for other 3D model formats

casync/stable 2+20201210-2+b3 arm64
  content addressable data synchronizer

catdoc/stable 1:0.95-6 arm64
  text extractor for MS-Office files

catdvi/stable 0.14-16 arm64
  DVI to plain text translator

cbm/stable 0.4-1 arm64
  display in real time the network traffic speed

cbootimage/stable 1.8-1+b1 arm64
  Tools to dump and generate boot config table on Tegra devices

cc-tool/stable 0.27-1+b6 arm64
  support for Texas Instruments CC Debugger

cd-circleprint/stable 0.7.0-7 all
  prints round cd-labels

cdbfasta/stable 1.00+git20230710.da8f5ba+dfsg-1+b1 arm64
  Constant DataBase indexing and retrieval tools for multi-FASTA files

cdemu-client/stable 3.2.5-2 all
  Command-line client to control CDEmu daemon

cdemu-daemon/stable 3.2.7-2 arm64
  Main CDEmu daemon

cdo/stable 2.5.1-1 arm64
  Climate Data Operators

cdrkit-doc/stable 9:1.1.11-4 all
  Documentation for the cdrkit package suite

cdrskin/stable 1.5.6-1.1+b1 arm64
  command line CD/DVD/BD writing tool

ceilometer-polling/stable 1:24.0.0-2 all
  OpenStack efficient metering counters system - Polling agent

ceni/stable 2.33-4 all
  Curses interface to /etc/network/interfaces

centreon-plugins/stable 0.0~20250303+dfsg-1 all
  Collection of Nagios plugins to monitor OS, services and network devices

ceph-iscsi/stable 3.9-1 all
  common logic and CLI tools for creating and managing LIO gateways for Ceph

ceph-volume/stable 18.2.7+ds-1+deb13u1 all
  tool to facilidate OSD deployment

cephfs-shell/stable 18.2.7+ds-1+deb13u1 all
  interactive shell for the Ceph distributed file system

certmonger/stable 0.79.20-2 arm64
  D-Bus -based service to simplify interaction with certificate authorities

certspotter/stable 0.18.0-1 arm64
  Certificate Transparency Log Monitor

cewl/stable 6.2.1-1 all
  custom word list generator

cfingerd/stable 1.4.3-8 arm64
  configurable finger daemon

cg3/stable 1.5.1-1 arm64
  Tools for using the 3rd edition of Constraint Grammar (CG-3)

cgi-mapserver/stable 8.4.0-4+deb13u2 arm64
  CGI executable for MapServer

cgns-convert/stable 3.4.0-5+b2 arm64
  CFD General Notation System - Conversion tools

cgvg/stable 1.6.3-1 all
  command-line source browsing tool

ch5m3d/stable 1.2.5+dfsg-3 all
  create and visualize 3-dimensional drawings of simple molecules

chasquid/stable 1.15.0-1+b4 arm64
  simple SMTP (email) server written in go

chatty/stable 0.8.7-2 arm64
  Messaging application for mobile and desktop

check-pgactivity/stable 2.7-1 all
  PostgreSQL plugin for Nagios

chemical-structures/stable 2.2.dfsg.0-20 all
  web service providing molecular structures in open formats

chezdav/stable 3.0-9+b2 arm64
  simple tool to share a directory with WebDAV

chiark-rwbuffer/stable 8.0.1 arm64
  readbuffer/writebuffer: prevents tape drive seesawing, etc.

chiark-scripts/stable 8.0.1 all
  chiark system administration scripts

chise-db/stable 0.3.0-2.5 all
  CHISE db, the character information database

chkrootkit/stable 0.58b-5+b7 arm64
  rootkit detector

chromono/stable 1.1.1-1.1+b2 arm64
  A circular color puzzle game

chrootuid/stable 1.3-6.2 arm64
  Run commands in restricted environments

cht.sh/stable 0.0~git20220418.571377f-2 all
  Cht is the only cheat sheet you need

ciborium/stable 1.0.2-2 arm64
  Lomiri external storage devices manager

ciderwebmail/stable 1.05+20240702-1 all
  IMAP webmail service

cinder-api/stable 2:26.0.0-2 all
  OpenStack block storage system - API server

cinder-backup/stable 2:26.0.0-2 all
  OpenStack block storage system - Backup server

cinder-common/stable 2:26.0.0-2 all
  OpenStack block storage system - common files

cinder-doc/stable 2:26.0.0-2 all
  OpenStack block storage system - doc

cinder-scheduler/stable 2:26.0.0-2 all
  OpenStack block storage system - Scheduler server

cinder-volume/stable 2:26.0.0-2 all
  OpenStack block storage system - Volume server

cinnamon-session/stable 6.4.0-1 arm64
  Cinnamon Session Manager - Minimal runtime

circuslinux/stable 1.0.3-35+b1 arm64
  Clowns are trying to pop balloons to score points!

circuslinux-data/stable 1.0.3-35 all
  data files for circuslinux

cisco7crack/stable 0.0~git20121221.f1c21dd-3+b1 arm64
  Crypt and decrypt the cisco type 7 passwords

civetweb/stable 1.16+dfsg-2+deb13u1 arm64
  embeddable web server with optional CGI, SSL and Lua support

ckb-next/stable 0.6.2+dfsg-0.1+deb13u1 arm64
  driver for Corsair keyboards and mice

cl-consfigurator/stable 1.5.2-1 all
  Lisp declarative configuration management system

cl-hunchentoot/stable 1.2.38-1.1 all
  Common Lisp web server formerly known as TBNL

cl-markdown/stable 20101006-2.1 all
  Common Lisp rewrite of Markdown

cl-nodelet/stable 1.11.1-1 all
  Robot OS nodelet library - service files - LISP

cl-roscpp-msg/stable 1.17.0+ds-2 all
  Header for roscpp messages, LISP

cl-salza2/stable 2.0.9-1.1 all
  Create compressed data from Common Lisp

cl-speech-dispatcher/stable 0.12.0-5 all
  Common Lisp interface to Speech Dispatcher

cl-std-srvs/stable 1.11.3-4 all
  Common service definitions, LISP bindings

cl-tf/stable 1.13.2-11 all
  Robot OS tf transform library -- LISP interface

cl-tf2-srvs/stable 0.7.7-3 all
  Robot OS tf2 transform library services - LISP

cl-zs3/stable 1.3.1-1.1 all
  Amazon S3 and CloudFront from Common Lisp

clamav/stable 1.4.3+dfsg-1 arm64
  anti-virus utility for Unix - command-line interface

clamfs/stable 1.3.0-1+b2 arm64
  user-space anti-virus protected file system

clanlib-doc/stable 1.0~svn3827-11.2 all
  Reference documentation and tutorials for ClanLib

clapper/stable 0.8.0-2+b1 arm64
  Simple and modern GNOME media player

clatd/stable 2.1.0-2+deb13u1 all
  464XLAT (CLAT) and SIIT-DC (ER) network architecture support

claws-mail-clamd-plugin/stable 4.3.1-1 arm64
  ClamAV socket-based plugin for Claws Mail

claws-mail-libravatar/stable 4.3.1-1 arm64
  Display sender avatar from a libravatar server

claws-mail-vcalendar-plugin/stable 4.3.1-1 arm64
  vCalendar message handling plugin for Claws Mail

clazy/stable 1.14-1 arm64
  Clang plugin for additional warnings

clblast-tests/stable 1.6.3-1+b1 arm64
  Tests for CLBlast

clblast-utils/stable 1.6.3-1+b1 arm64
  Utilities for CLBlast

clementine/stable 1.4.1+git27-g658f34ec4+dfsg-3 arm64
  modern music player and library organizer

clevis-dracut/stable 20-1+b1 arm64
  Clevis integration for dracut

clevis-initramfs/stable 20-1+b1 arm64
  Clevis initramfs integration

clevis-systemd/stable 20-1+b1 arm64
  systemd integration for clevis

clevis-udisks2/stable 20-1+b1 arm64
  UDisks2/Storaged integration for clevis

click-service/stable 0.5.2-8 arm64
  Click packages (privileged service)

cloud-enum/stable 0.7-3 all
  Multi-cloud open source intelligence tool

cloud-init/stable 25.1.4-1+deb13u1 all
  initialization system for infrastructure cloud instances

cloud-initramfs-dyn-netconf/stable 0.18.debian14 all
  write a network interface file in /run for BOOTIF

cloud-sptheme-common/stable 1.10.1.post20200504175005-7 all
  Cloud Sphinx theme and related extensions (theme files and docs)

cloudkitty-api/stable 22.0.0-2 all
  OpenStack Rating as a Service - API server

cloudkitty-common/stable 22.0.0-2 all
  OpenStack Rating as a Service - common files

cloudkitty-doc/stable 22.0.0-2 all
  OpenStack Rating as a Service - Documentation

cloudkitty-processor/stable 22.0.0-2 all
  OpenStack Rating as a Service - processor

cloudsql-proxy/stable 1.33.14-1+b11 arm64
  connect securely to a 2nd generation Cloud SQL DB

clpeak/stable 1.1.3-1 arm64
  Profile OpenCL devices to find peak capacities

clzip/stable 1.15-3 arm64
  C, lossless data compressor based on the LZMA algorithm

cmake/stable 3.31.6-2 arm64
  cross-platform, open-source make system

cmake-curses-gui/stable 3.31.6-2 arm64
  curses based user interface for CMake (ccmake)

cmake-data/stable 3.31.6-2 all
  CMake data files (modules, templates and documentation)

cmake-doc/stable 3.31.6-2 all
  extended documentation in various formats for CMake

cmake-fedora/stable 2.9.3-0.1 all
  Set of scripts and cmake modules that simplify the release process

cmake-format/stable 0.6.13-6 all
  source code formatter for cmake listfiles

cmake-qt-gui/stable 3.31.6-2 arm64
  Qt based user interface for CMake (cmake-gui)

cmst/stable 2023.03.14-2 arm64
  QT GUI for Connman with system tray icon

cobertura/stable 2.1.1-2 all
  java tool that calculates the percentage of code accessed by tests

cockpit-ws/stable 337-1+deb13u1 arm64
  Cockpit Web Service

coda/stable 2.25.5-1 arm64
  Common Data Access framework for Earth science

codec2/stable 1.2.0-3 arm64
  command line tools for handling Codec2 data

codfis/stable 0.4.7-3 arm64
  tool to generate Italian fiscal codes (codice fiscale)

coffeescript/stable 2.7.0+dfsg1-2 all
  interpreter and compiler for the CoffeeScript language

coffeescript-doc/stable 2.7.0+dfsg1-2 all
  documentation for the CoffeeScript language

cog/stable 0.18.4-1+b1 arm64
  Single-window web browser based on WPE WebKit

coinor-csdp/stable 6.2.0-5+b2 arm64
  Software package for semidefinite programming (binaries)

coinor-csdp-doc/stable 6.2.0-5 all
  Software package for semidefinite programming (documentation)

coinor-libcoinutils-dev/stable 2.11.11+ds-5 arm64
  COIN-OR collection of utility classes (developer files)

coinor-libcoinutils-doc/stable 2.11.11+ds-5 all
  COIN-OR collection of utility classes (documentation)

coinor-libcoinutils3v5/stable 2.11.11+ds-5 arm64
  COIN-OR collection of utility classes (shared libraries)

collatinus/stable 12.2-2+b1 arm64
  lemmatisation of latin text

collectd-core/stable 5.12.0-26 arm64
  statistics collection and monitoring daemon (core system)

collectl/stable 4.3.1-1 all
  Utility to collect Linux performance data

colord/stable 1.4.7-3 arm64
  system service to manage device colour profiles -- system daemon

colord-data/stable 1.4.7-3 all
  system service to manage device colour profiles -- data files

colord-gtk-utils/stable 0.3.1-1+b1 arm64
  miscellaneous GUI utilities interacting with colord

colord-kde/stable 25.04.0-1 arm64
  Color management for KDE

colord-sensor-argyll/stable 1.4.7-3 arm64
  system service to manage device colour profiles -- argyll sensor plugin

colord-tests/stable 1.4.7-3 arm64
  system service to manage device colour profiles -- test suite

colorize/stable 0.66-1+b1 arm64
  Colorizes text on terminal with ANSI escape sequences

comitup/stable 1.43-1 all
  bootstrap Wi-Fi using Wi-Fi

compartment/stable 1.1.0-5.2 arm64
  Confine services in a limited environment

compass-fancy-buttons-plugin/stable 1.1.1~20120313-7 all
  Compass plugin implementing fancy CSS3 buttons

compass-toolkit-plugin/stable 2.10.2-2 all
  toolkit of awesome Sass stuff

comprez/stable 2.7.3-2 all
  frontend to many compression programs

concordance/stable 1.5-3.1+b2 arm64
  configuration tool for Harmony remotes

concordance-common/stable 1.5-3.1 all
  Harmony remote configuration tool - common files

condor-kbdd/stable 23.9.6+dfsg-2.1+b9 arm64
  distributed workload management system - single node configuration

condure/stable 1.10.0-8+b1 arm64
  HTTP/WebSocket connection manager

confclerk/stable 0.7.2-1+b1 arm64
  offline conference schedule application

confy/stable 0.8.0-1 all
  Conference schedule viewer written in Python

conman/stable 0.3.1-1+b1 arm64
  serial console management program

connman/stable 1.44-3 arm64
  Intel Connection Manager daemon

connman-dev/stable 1.44-3 arm64
  Development files for connman

connman-doc/stable 1.44-3 all
  ConnMan documentation

connman-gtk/stable 1.1.1+git20180626.b72c6ab-4 arm64
  fully-featured GUI for ConnMan with systray support

connman-tests/stable 1.44-3 all
  Intel Connection Manager daemon -- test scripts

connman-ui/stable 0~20150623-1+b3 arm64
  full-featured GTK-based tray icon UI for ConnMan

connman-vpn/stable 1.44-3 arm64
  Intel Connection Manager daemon - VPN daemon

consolation/stable 0.0.10-1+b1 arm64
  linux console pointer support for copy-paste

console-setup-mini/stable 1.242~deb13u1 all
  console font and keymap setup program - reduced version for Linux

contactsd/stable 1.4.15-1 arm64
  Telepathy - QtContacts bridge for contacts

containernetworking-plugins/stable 1.1.1+ds1-3+b17 arm64
  standard networking plugins - binaries

controku/stable 1.1.0-3 all
  GTK application to control Roku devices on your local network

coolkey/stable 1.1.0-16.1+b2 arm64
  Smart Card PKCS #11 cryptographic module

coop-computing-tools/stable 1:7.14.5-1+b2 arm64
  cooperative computing tools

coreutils/stable,now 9.7-3 arm64 [installed]
  GNU core utilities

corosync-qdevice/stable 3.0.3-2+b1 arm64
  cluster engine quorum device daemon

corosync-qnetd/stable 3.0.3-2+b1 arm64
  cluster engine quorum device network daemon

corosync-vqsim/stable 3.1.9-2+deb13u1 arm64
  cluster engine votequorum simulator

coturn/stable 4.6.1-2+b2 arm64
  TURN and STUN server for VoIP

courier-authlib/stable 0.72.4-1 arm64
  Courier authentication library

courier-authlib-pipe/stable 0.72.4-1 arm64
  External authentication support for the Courier authentication library

courier-base/stable 1.4.1-3+deb13u2 arm64
  Courier mail server - base system

courier-doc/stable 1.4.1-3+deb13u2 all
  Courier mail server - additional documentation

courier-faxmail/stable 1.4.1-3+deb13u2 arm64
  Courier mail server - Fax<->mail gateway

courier-imap/stable 5.2.11+1.4.1-3+deb13u2 arm64
  Courier mail server - IMAP server

courier-ldap/stable 1.4.1-3+deb13u2 arm64
  Courier mail server - LDAP support

courier-mlm/stable 1.4.1-3+deb13u2 arm64
  Courier mail server - mailing list manager

courier-mta/stable 1.4.1-3+deb13u2 arm64
  Courier mail server - ESMTP daemon

courier-pcp/stable 1.4.1-3+deb13u2 arm64
  Courier mail server - PCP server

courier-pop/stable 1.4.1-3+deb13u2 arm64
  Courier mail server - POP3 server

courier-webadmin/stable 1.4.1-3+deb13u2 arm64
  Courier mail server - web-based administration frontend

cpdb-libs-tools/stable 2.0~b5-1.2+b3 arm64
  Common Print Dialog Backends - tools

cpluff-loader/stable 0.2.0+ds1-2+b3 arm64
  C-Pluff, a plug-in framework for C - plugin loader

cpuinfo/stable 0.0~git20250327.39ea79a-1 arm64
  CPU INFOrmation library (binary utilities)

cpulimit/stable 3.1-1+b1 arm64
  tool for limiting the CPU usage of a process

crac/stable 2.5.2+dfsg-6+b1 arm64
  integrated RNA-Seq read analysis

cramfsswap/stable 1.4.4+b1 arm64
  swap endianness of a cram filesystem (cramfs)

cricket/stable 1.0.5-23 arm64
  Program for collection and display of time-series data

cros-notificationd/stable 0.3 all
  Chromium OS Notification Bridge

cros-port-listener/stable,now 0.2 all [installed]
  Port listener service from Chromium OS

cros-sftp/stable 0.17 all
  SFTP service files for CrOS integration (transitional package)

cros-vmstat-metrics/stable 0.2 all
  Chromium OS VMStat Metrics Reporting Daemon

cros-xdg-desktop-portal/stable 0.1 all
  ChromeOS FileChooser backend for xdg-desktop-portal

cryfs/stable 0.11.4-3 arm64
  encrypt your files and store them in the cloud

cryptmount/stable 6.3.0-1 arm64
  Management of encrypted file systems

cryptsetup/stable 2:2.7.5-2 arm64
  disk encryption support - startup scripts

cryptsetup-bin/stable 2:2.7.5-2 arm64
  disk encryption support - command line tools

cryptsetup-initramfs/stable 2:2.7.5-2 all
  disk encryption support - initramfs integration

cryptsetup-ssh/stable 2:2.7.5-2 arm64
  disk encryption support - experimental SSH token handler

cryptsetup-suspend/stable 2:2.7.5-2 arm64
  disk encryption support - suspend mode integration

csb/stable 1.2.5+dfsg-10 all
  Computational Structural Biology Toolbox (CSB)

csh/stable 20240808-2 arm64
  Shell with C-like syntax

cssc/stable 1.4.1-1+b1 arm64
  Clone of the Unix SCCS revision-control system

cura/stable 5.0.0-6 all
  GUI G-code generator for 3D printers

cura-engine/stable 1:5.0.0-5 arm64
  command line slicer engine for 3d printing

cutecom/stable 0.51.0-1+b3 arm64
  Graphical serial terminal, like minicom

cutemaze/stable 1.3.5-1 arm64
  single player maze game

cutesdr/stable 1.20-4+b2 arm64
  simple demodulation and spectrum display program

cvc5/stable 1.1.2-2+b3 arm64
  automated theorem prover for SMT problems

cvsservice/stable 4:25.04.0-1 arm64
  D-Bus service for accessing CVS repositories

cw/stable 3.6.1-2+b1 arm64
  Morse code tutor - command line user interface

cxl/stable 81-1 arm64
  provisioning for CXL device memory

cyborg-agent/stable 14.0.0-3+deb13u1 all
  OpenStack Acceleration as a Service - processor

cyborg-api/stable 14.0.0-3+deb13u1 all
  OpenStack Acceleration as a Service - API server

cyborg-common/stable 14.0.0-3+deb13u1 all
  OpenStack Acceleration as a Service - common files

cyborg-conductor/stable 14.0.0-3+deb13u1 all
  OpenStack Acceleration as a Service - conductor

cyborg-doc/stable 14.0.0-3+deb13u1 all
  OpenStack Acceleration as a Service - Documentation

cycfx2prog/stable 0.47-1.3 arm64
  Cypress EZ-USB FX2 (LP) programmer

cyclonedds-dev/stable 0.10.5-1+b2 arm64
  Eclipse Cyclone DDS library - development headers

cyclonedds-doc/stable 0.10.5-1 all
  Eclipse Cyclone DDS library - API documentation

cyclonedds-tools/stable 0.10.5-1+b2 arm64
  Eclipse Cyclone DDS tools

cyme/stable 2.2.0+dfsg-2 arm64
  CLI tool for listing system USB buses and devices

cynthiune.app/stable 1.0.0-4 arm64
  Music player for GNUstep

cyrus-pop3d/stable 3.10.2-1 arm64
  Cyrus mail system - POP3 support

d-feet/stable 0.3.16-4 all
  D-Bus object browser, viewer and debugger

dablin/stable 1.16.0-2+b1 arm64
  CLI and GTK+ GUI DAB & DAB+ receiver client

daemontools/stable 1:0.76-14 arm64
  collection of tools for managing UNIX services

daemontools-run/stable 1:0.76-14 all
  daemontools service supervision

dahdi/stable 1:3.1.0-2.1 arm64
  utilities for using the DAHDI kernel modules

dahdi-dkms/stable 1:3.1.0+git20230717~dfsg-10.1 all
  DAHDI telephony interface (dkms kernel driver)

dahdi-linux/stable 1:3.1.0+git20230717~dfsg-10.1 all
  DAHDI telephony interface - Linux userspace parts

dahdi-source/stable 1:3.1.0+git20230717~dfsg-10.1 all
  DAHDI telephony interface - source code for kernel driver

dar/stable 2.7.17-1+b16 arm64
  Disk ARchive: Backup directory tree and files

dar-docs/stable 2.7.17-1 all
  Disk ARchive: Backup directory tree and files

dar-static/stable 2.7.17-1+b16 arm64
  Disk ARchive: Backup directory tree and files

darcs/stable 2.18.4-1 arm64
  distributed, interactive, smart revision control system

darkice/stable 1.5-1 arm64
  Live audio streamer

dart-doc/stable 6.13.2+ds-3 all
  Kinematics Dynamics and Optimization Library - Documentation

dav-text/stable 0.9.0-3+b1 arm64
  minimalist ncurses-based text editor

daxctl/stable 81-1 arm64
  Utility for managing the device DAX subsystem

dbconfig-no-thanks/stable 2.0.25 all
  dbconfig-common bypass

dbeacon/stable 0.4.0-3 arm64
  Multicast beacon

dbf2mysql/stable 1.14a-7+b1 arm64
  xBase to MySQL or vice versa

dbus/stable,now 1.16.2-2 arm64 [installed,automatic]
  simple interprocess messaging system (system message bus)

dbus-session-bus-common/stable,now 1.16.2-2 all [installed,automatic]
  simple interprocess messaging system (session bus configuration)

dbus-system-bus-common/stable,now 1.16.2-2 all [installed,automatic]
  simple interprocess messaging system (system bus configuration)

dbus-user-session/stable,now 1.16.2-2 arm64 [installed,automatic]
  simple interprocess messaging system (systemd --user integration)

dbuskit-dev-tools/stable 0.1.1-13 arm64
  GNUstep framework that interfaces with D-Bus (tools)

dbuskit-doc/stable 0.1.1-13 all
  GNUstep framework that interfaces with D-Bus (documentation)

dconf-service/stable,now 0.40.0-5 arm64 [installed,automatic]
  simple configuration storage system - D-Bus service

ddclient/stable 3.11.2-2 all
  address updating utility for dynamic DNS services

ddpt/stable 0.97-2+b1 arm64
  Copies disks, partitions and files.

dds2tar/stable 2.5.2-10 arm64
  Tools for using DDS features of DAT drives with GNU tar

ddupdate/stable 0.7.2-1 all
  Tool updating DNS data for dynamic IP addresses

debfoster/stable 2.8-1 arm64
  Install only wanted Debian packages

debgpt/stable 0.7.7 all
  General Purpose Terminal LLM Tool with Some Debian-Specific Design

debian-codesearch-cli/stable 1.0.0+nmu1 all
  client for Debian Code Search

debian-edu-install/stable 2.12.11 all
  Set d-i values to install Debian Edu with less questions

debian-edu-router-plugin.mdns-reflector/stable 2.13.5 all
  Debian Edu Router Plugin for mDNS reflection

debian-goodies/stable 0.88.2 all
  Small toolbox-style utilities for Debian systems

debian-handbook/stable 11.20220922 all
  reference book for Debian users and system administrators

debian-lomiri-default-settings/stable 0.3-11 all
  Debian's default settings for the Lomiri Operating Environment

debian-tag2upload-keyring/stable 1.1 all
  OpenPGP signing key for the Debian tag2upload service

debmake/stable 4.5.1-2 all
  helper script to make the Debian source package

debusine-server/stable 0.11.3+deb13u1 all
  Services to run a debusine server

debusine-signing/stable 0.11.3+deb13u1 all
  Signing service for debusine

debusine-worker/stable 0.11.3+deb13u1 all
  Standalone daemon handling work requests for a debusine server

decopy/stable 0.2.4.9-0.1 all
  Automatic debian/copyright Generator

depthcharge-tools/stable 0.6.2-2 all
  Tools for ChromeOS firmware/bootloader integration

designate/stable 1:20.0.0-2 all
  OpenStack DNS as a Service - metapackage

designate-agent/stable 1:20.0.0-2 all
  OpenStack DNS as a Service - agent

designate-api/stable 1:20.0.0-2 all
  OpenStack DNS as a Service - API server

designate-central/stable 1:20.0.0-2 all
  OpenStack DNS as a Service - central daemon

designate-common/stable 1:20.0.0-2 all
  OpenStack DNS as a Service - common files

designate-doc/stable 1:20.0.0-2 all
  OpenStack DNS as a Service - doc

designate-mdns/stable 1:20.0.0-2 all
  OpenStack DNS as a Service - mdns

designate-pool-manager/stable 1:20.0.0-2 all
  OpenStack DNS as a Service - pool manager

designate-producer/stable 1:20.0.0-2 all
  OpenStack DNS as a Service - producer

designate-sink/stable 1:20.0.0-2 all
  OpenStack DNS as a Service - sink

designate-tlds/stable 0.1.0-3 all
  Designate TLDs population

designate-worker/stable 1:20.0.0-2 all
  OpenStack DNS as a Service - worker

designate-zone-manager/stable 1:20.0.0-2 all
  OpenStack DNS as a Service - zone manager

desktop-autoloader/stable 0.0.4-2 all
  Accelerate Diskless Workstation systems by pre-loading a dummy Desktop Session

developers-reference/stable 13.20 all
  guidelines and information for Debian developers

developers-reference-de/stable 13.20 all
  guidelines and information for Debian developers, in German

developers-reference-fr/stable 13.20 all
  guidelines and information for Debian developers, in French

developers-reference-it/stable 13.20 all
  guidelines and information for Debian developers, in Italian

developers-reference-ja/stable 13.20 all
  guidelines and information for Debian developers, in Japanese

developers-reference-ru/stable 13.20 all
  guidelines and information for Debian developers, in Russian

device-tree-compiler/stable 1.7.2-2+b1 arm64
  Device Tree Compiler for Flat Device Trees

deviceinfo-extras/stable 0.2.3-1 arm64
  Library to detect and configure devices - extra programs

deviceinfo-tools/stable 0.2.3-1 arm64
  Tools to detect and configure devices in Lomiri

devio/stable 1.2-3+b1 arm64
  correctly read (or write) a region of a block device

devscripts/stable 2.25.15+deb13u1 all
  scripts to make the life of a Debian Package maintainer easier

dfu-programmer/stable,now 0.6.1-1+b3 arm64 [installed]
  device firmware update (DFU) based USB programmer for Atmel chips

dfu-util/stable,now 0.11-3 arm64 [installed]
  Device firmware update (DFU) USB programmer

dh-linktree/stable 0.9 all
  Create symlink trees within a Debian package

dh-make-perl/stable 0.128 all
  helper for creating Debian packages from perl modules

dh-nss/stable 1.7 all
  debhelper addon to inject NSS services into /etc/nsswitch.conf

dh-ocaml/stable 2.4 all
  helper tools for maintaining OCaml-related Debian packages

dh-runit/stable 2.16.4 all
  debhelper add-on to handle runit runscripts

dhcp-helper/stable 1.2-3.3 arm64
  A DHCP relay agent

dhcpcd/stable 1:10.1.0-11+deb13u3 all
  DHCPv4 and DHCPv6 dual-stack client (init.d script & systemd unit)

dhcpcd-base/stable 1:10.1.0-11+deb13u3 arm64 [upgradable from: 1:10.1.0-11+deb13u2]
  DHCPv4 and DHCPv6 dual-stack client (binaries and exit hooks)

dialign-tx-data/stable 1.0.2-15 all
  Segment-based multiple sequence alignment (data files)

dialog/stable 1.3-20250116-1 arm64
  Displays user-friendly dialog boxes from shell scripts

diaspora-common/stable 0.9.0.0+debian2+nmu1 all
  distributed social networking service - common files

diatheke/stable 1.9.0+dfsg-7+b2 arm64
  command line bible browsing and search tool

dicelab/stable 0.7-7+b1 arm64
  tool to compute the statistical distribution of dice rolls

diceware/stable 1.0.1-1 all
  Create memorizable passphrases from wordlists and various sources of randomness

diceware-doc/stable 1.0.1-1 all
  Create memorizable passphrases from wordlists and various sources of randomness

dict-freedict-isl-eng/stable 2022.04.21-1 all
  Icelandic-English dictionary for the dict server/client

didder/stable 1.3.0-1 arm64
  Extensive, fast, and accurate command-line image dithering tool

diffoscope/stable 297+deb13u1 all
  in-depth visual diff tool for files, archives and directories

diffoscope-minimal/stable 297+deb13u1 all
  in-depth visual diff tool for files, archives and directories (minimal package)

ding/stable 1.9-9 all
  Graphical dictionary lookup program for Unix (Tk)

dino-im/stable 0.5.0-1 arm64
  modern XMPP client

dino-im-common/stable 0.5.0-1 all
  modern XMPP client - common files

diploma/stable 1.2.16 all
  Write scientific papers with Debian

direnv/stable 2.32.1-2+b16 arm64
  Utility to set directory specific environment variables

dirmngr/stable,now 2.4.7-21+deb13u1+b4 arm64 [installed,automatic]
  GNU privacy guard - network certificate management service

dirsearch/stable 0.4.3-1 all
  Web path scanner

discover-data/stable 2.2013.01.13+nmu1 all
  Data lists for Discover hardware detection system

diskscan/stable 0.21-1+b1 arm64
  scan storage media for bad or near failure sectors

displaycal/stable 3.9.16-1 all
  Graphical user interface for the Argyll CMS.

distrobox/stable 1.8.1.2-1 all
  Another tool for containerized command line environments on Linux

djbdns-conf/stable 1:1.05-22 arm64
  programs to create service directories

dleyna-renderer/stable 0.8.3-2 arm64
  DBus service to interact with DLNA Digital Media Renderers

dleyna-server/stable 0.8.3-2 arm64
  DBus service to interact with DLNA Digital Media Servers

dm-zoned-tools/stable 2.2.2-1+b1 arm64
  utilities for the dm-zoned device mapper

dma/stable 0.13-1+b4 arm64
  lightweight mail transport agent

dmeventd/stable 2:1.02.205-2 arm64
  Linux Kernel Device Mapper event daemon

dmsetup/stable 2:1.02.205-2 arm64
  Linux Kernel Device Mapper userspace library

dns323-firmware-tools/stable 0.7.3-1.2 all
  build and manipulate firmware images for a range of NAS devices

dnscache/stable 1:1.05-22 arm64
  DNS cache - tool for finding addresses of Internet hosts

dnsmap/stable 0.36-4 arm64
  DNS domain name brute forcing tool

dnsperf/stable 2.14.0-5 arm64
  DNS Performance Testing Tool

docbook/stable 4.5-11 all
  standard SGML representation system for technical documents

docbook-simple/stable 1.1-6 all
  simplified DocBook XML Doctype and css stylesheets

docbook-xml/stable 4.5-13 all
  standard XML documentation system for software and systems

docbook5-xml/stable 5.0-4 all
  standard XML documentation system for software and systems

docker-doc/stable 26.1.5+dfsg1-9 all
  Linux container runtime -- documentation

docker.io/stable 26.1.5+dfsg1-9+b13 arm64
  Linux container runtime

docx2txt/stable 1.4-5 all
  Convert Microsoft OOXML files to plain text

dolphin-nextcloud/stable 3.16.7-1~deb13u1 arm64
  Nextcloud integration for Dolphin

dolphin-owncloud/stable 5.0.0-2+b1 arm64
  ownCloud integration for Dolphin

dolphin-plugins/stable 4:25.04.0-1 arm64
  plugins for Dolphin

dosbox/stable 0.74-3-5+b3 arm64
  x86 emulator with Tandy/Herc/CGA/EGA/VGA/SVGA graphics, sound and DOS

dosbox-debug/stable 0.74-3-5+b3 arm64
  x86 emulator with DOS - debugger

dossizola/stable 1.0-12+b1 arm64
  Isola board game with nice graphics

dossizola-data/stable 1.0-12 all
  Data files for Do'SSi Zo'la game

dotdrop/stable 1.15.0-1 all
  save your dotfiles once deploy them everywhere

dov4l/stable 0.9+repack-1+b3 arm64
  program to set and query settings of video4linux devices

dovecot-submissiond/stable 1:2.4.1+dfsg1-6+deb13u6 arm64
  secure POP3/IMAP server - mail submission agent

dphys-swapfile/stable 20100506-7.2 all
  Autogenerate and use a swap file

dpuser/stable 4.3+dfsg-1 arm64
  Interactive language for handling numbers, strings, and matrices

dpuser-doc/stable 4.3+dfsg-1 all
  Documentation for DPUSER and QFitsView

dput-ng/stable 1.43 all
  next generation Debian package upload tool

dput-ng-doc/stable 1.43 all
  next generation Debian package upload tool (documentation)

draai/stable 20250202-1 all
  Command-line music player for MPD

dracut-core/stable 106-6 arm64
  dracut is an event driven initramfs infrastructure (core tools)

drascula/stable 1.0+ds4-2 all
  classic 2D point and click adventure game -- English version

drascula-spanish/stable 1.0+ds4-2 all
  classic 2D point and click adventure game -- Spanish version

drbd-doc/stable 8.4~20220106-1 all
  RAID 1 over TCP/IP for Linux (user documentation)

drbd-utils/stable 9.22.0-1.1 arm64
  RAID 1 over TCP/IP for Linux (user utilities)

driverctl/stable 0.115-2 all
  Device driver control utility for Linux

drm-info/stable 2.6.0-2+b1 arm64
  Small utility to dump info about DRM devices

droid-juicer/stable 0.4.0-2+b1 arm64
  Firmware extractor for Android devices running Linux

droidlysis/stable 3.4.7-1 all
  Property extractor for Android apps

dropbear/stable 2025.89-1~deb13u1 all
  lightweight SSH2 server and client - startup scripts

dsdcc/stable 1.9.3-2.1+b1 arm64
  Digital Speech Decoder (DSD)

dsniff/stable 2.4b1+debian-34 arm64
  Various tools to sniff network traffic for cleartext insecurities

dssp/stable 4.4.10-1+b1 arm64
  protein secondary structure assignment based on 3D structure

dt-utils/stable 2021.03.0+ds-3+b1 arm64
  Device tree and barebox related tools

dtv-scan-tables/stable 0+git20190925.6d01903-0.1 all
  Digital Video Broadcasting (DVB) initial scan files

duf/stable 0.8.1-2+b9 arm64
  Disk Usage/Free Utility

duktape/stable 2.7.0-2+b2 arm64
  embeddable Javascript engine

duktape-dev/stable 2.7.0-2+b2 arm64
  embeddable Javascript engine, development files

dumb-init/stable 1.2.5-3 arm64
  wrapper script which proxies signals to a child

dummydroid/stable 1.2-2 all
  Register a GSF ID for mock-up Android devices

dunst/stable 1.12.2-1 arm64
  dmenu-ish notification-daemon

dvb-apps/stable 1.1.1+rev1500-2 arm64
  Digital Video Broadcasting (DVB) applications

dvb-tools/stable 1.30.1-1 arm64
  Collection of command line DVB utilities

dvblast/stable 3.4-1+b2 arm64
  Simple and powerful dvb-streaming application

dvbstreamer/stable 2.1.0-5.7+b2 arm64
  a console based streamer for DVB/ATSC service(s)

dvhtool/stable 1.0.1-6.1+b1 arm64
  Manipulate the volume header on sgi partition layouts

dvi2dvi/stable 2.0alpha-12 arm64
  Tweak DVI files

dwm/stable 6.5-1+b1 arm64
  dynamic window manager

dxtool/stable 0.1-5+b1 arm64
  DistoX data download utility

dynare/stable 6.3-1 arm64
  platform for handling a wide class of economic models

dynare-doc/stable 6.3-1 all
  documentation for Dynare

e2fsprogs/stable,now 1.47.2-3+b11 arm64 [installed]
  ext2/ext3/ext4 file system utilities

ebook-speaker/stable 6.2.0-6+b2 arm64
  eBook reader that reads aloud in a synthetic voice

edid-decode/stable 0.1~git20220315.cb74358c2896-1.1+b1 arm64
  decode the binary EDID information from monitors

editorconfig/stable 0.12.9+~0.17.1-1 arm64
  coding style indenter for all editors - commandline tools

editorconfig-doc/stable 0.12.9+~0.17.1-1 all
  coding style indenter across editors - documentation

edu-sync/stable 0.3.0-1+b1 arm64
  Moodle synchronization utility

education-desktop-gnome/stable 2.13.3 arm64
  Debian Edu GNOME desktop applications

education-desktop-kde/stable 2.13.3 arm64
  Debian Edu KDE desktop applications

education-desktop-mate/stable 2.13.3 arm64
  Debian Edu MATE desktop applications

education-desktop-other/stable 2.13.3 arm64
  Debian Edu common desktop applications

eegdev-plugins-free/stable 0.2-10 arm64
  Biosignal acquisition device library (free plugins)

eekboek/stable 2.04-1 all
  Bookkeeping software for small and medium-size businesses

efi-shell-aa64/stable 2025.02-8+deb13u1 all
  UEFI Shell for 64-bit ARM architecture

efi-shell-arm/stable 2025.02-8+deb13u1 all
  UEFI Shell for 32-bit ARM architecture

efi-shell-ia32/stable 2025.02-8+deb13u1 all
  UEFI Shell for 32-bit x86 architecture

efi-shell-loongarch64/stable 2025.02-8+deb13u1 all
  UEFI Shell for 64-bit LoongArch architecture

efi-shell-riscv64/stable 2025.02-8+deb13u1 all
  UEFI Shell for 64-bit RISC-V architecture

efi-shell-x64/stable 2025.02-8+deb13u1 all
  UEFI Shell for 64-bit x86 architecture

eiciel/stable 0.10.1-1 arm64
  graphical editor for POSIX ACLs and extended user attributes

eigensoft/stable 8.0.0+dfsg-2+b1 arm64
  reduction of population bias for genetic analyses

ejabberd/stable 24.12-3+deb13u2 arm64
  extensible realtime platform (XMPP server + MQTT broker + SIP service)

ejabberd-mod-deny-omemo/stable 0.2025.01.11~dfsg0-2+deb13u2 arm64
  ejabberd module to prevent OMEMO sessions from being established

eject/stable 2.41-5 arm64
  ejects CDs and operates CD-Changers under Linux

ekeyd/stable 1.1.5-8 arm64
  Simtec Electronics UDEKEY01 Entropy Key Daemon

ekeyd-egd-linux/stable 1.1.5-8 arm64
  Transfers entropy from an EGD to the Linux kernel pool

elasticsearch-curator/stable 8.0.21-1 all
  command-line tool for managing Elasticsearch time-series indices

elektroid/stable 3.2.3-1 arm64
  Sample and MIDI device manager

elisa/stable 25.04.2-1 arm64
  Simple music player with a focus on Plasma desktop integration and privacy

elpa-a/stable 1.0.0-4 all
  functions for dealing with associative structures

elpa-ace-popup-menu/stable 0.2.1-5 all
  replace GUI popup menu with something more efficient

elpa-aggressive-indent/stable 1.10.0+git20230112.1.a437a45-1 all
  Emacs minor mode that reindents code after every change

elpa-apiwrap/stable 0.5-6 all
  api-wrapping macros

elpa-color-theme-modern/stable 0.0.3-5 all
  deftheme reimplementation of classic Emacs color-themes

elpa-ctable/stable 0.1.2-7 all
  table component for Emacs Lisp

elpa-dash/stable 2.20.0+dfsg-1 all
  modern list manipulation library for Emacs

elpa-debase/stable 0.7+git.20231216.b7b007acca+dfsg-1 all
  D-Bus convenience layer for Emacs

elpa-editorconfig/stable 0.11.0-2 all
  coding style indenter for all editors - Emacsen plugin

elpa-ednc/stable 0.2-1 all
  Emacs Desktop Notification Center

elpa-fountain-mode/stable 3.7.1-3 all
  Emacs major mode for screenwriting in Fountain markup

elpa-fsm/stable 0.2.1-5 all
  state machine library

elpa-graphql/stable 0.1.1-6 all
  GraphQL utilities

elpa-ht/stable 2.3-3 all
  hash table library for Emacs

elpa-ido-vertical-mode/stable 0.1.6-6 all
  make ido-mode display vertically

elpa-inheritenv/stable 0.2-4 all
  Make temp buffers inherit buffer-local environment variables

elpa-key-chord/stable 0.6-9 all
  map pairs of simultaneously pressed keys to commands

elpa-kivy-mode/stable 2.3.1-1 all
  Emacs major mode for Kivy files

elpa-ligature/stable 1.0~git20231203.6ac1634-2 all
  display typographical ligatures in major modes

elpa-noflet/stable 0.0.15-7 all
  Emacs Lisp noflet macro for dynamic, local advice

elpa-olivetti/stable 2.0.7-1 all
  Emacs minor mode to more comfortably read and write long-lined prose

elpa-org-d20/stable 0.6-2 all
  Emacs minor mode for d20 tabletop roleplaying games

elpa-org-tree-slide/stable 2.8.16+git20201215.d6e8e91-3 all
  presentation tool for org-mode

elpa-projectile/stable 2.8.0-2 all
  project interaction library for Emacs

elpa-relint/stable 2.1+repack-1 all
  Emacs Lisp regexp mistake finder

elpa-smart-mode-line/stable 2.14-2 all
  powerful and beautiful mode-line for Emacs

elpa-srv/stable 0.2-3 all
  RFC2782 (SRV record) client for emacs

elpa-writegood-mode/stable 2.2.0-3 all
  Emacs minor mode that provides hints for common English writing problems

emacs-ocaml-merlin/stable 5.4.1-503+ds-1+b1 arm64
  editor service to develop in OCaml (emacs files)

emacspeak/stable 53.0+dfsg-5 all
  speech output interface to Emacs

emacspeak-ss/stable 1.12.1-9+b1 arm64
  Emacspeak speech servers for several synthesizers

emptty/stable 0.13.0-1+b6 arm64
  text-based display manager for starting graphical sessions

enblend/stable 4.2-10+b2 arm64
  image blending tool

enfuse/stable 4.2-10+b2 arm64
  image exposure blending tool

enlightenment/stable 0.27.1-1 arm64
  X11 window manager based on EFL

enlightenment-data/stable 0.27.1-1 all
  X11 window manager based on EFL - run time data files

enlightenment-dev/stable 0.27.1-1 arm64
  Enlightenment headers, static libraries and documentation

enmime/stable 0.9.3-5+b12 arm64
  MIME mail encoding and decoding package for Go (program)

enterprise-certificate-proxy-signer/stable 0.3.6-1+b2 arm64
  signer for Google Proxies for Enterprise Certificates (program)

entropybroker/stable 2.9-9+b1 arm64
  infrastructure for distributing random numbers (entropy data)

epic4-script-lice/stable 1:4.2.5i-2.2 all
  Very functional script for epic

epics-base/stable 7.0.8.1+dfsg1-7+deb13u1 arm64
  EPICS tools

erbium/stable 1.0.5-2+b7 arm64
  Networking services for small/home networks

ergochat/stable 2.15.0+ds1-4 arm64
  Modern IRC server (daemon/ircd) written in Go

erlang-diameter/stable 1:27.3.4.1+dfsg-1+deb13u2 arm64
  Erlang/OTP implementation of RFC 6733 protocol

erlang-lager/stable 3.9.2-3+b1 arm64
  logging framework for Erlang

erlang-mochiweb/stable 3.2.2-2 all
  Erlang library for building lightweight HTTP servers

erlang-os-mon/stable 1:27.3.4.1+dfsg-1+deb13u2 arm64
  Erlang/OTP operating system monitor

erlang-p1-oauth2/stable 0.6.14-2 arm64
  Erlang library for server side implementation of OAuth2

erofs-utils/stable 1.8.6-1 arm64
  Utilities for EROFS File System

erofsfuse/stable 1.8.6-1 arm64
  FUSE Mount Utility for EROFS File System

espeak/stable 1.48.15+dfsg-3+b2 arm64
  Multi-lingual software speech synthesizer

espeak-ng/stable 1.52.0+dfsg-5 arm64
  Multi-lingual software speech synthesizer

espeakedit/stable 1.48.15-2+b5 arm64
  Multi-lingual software speech synthesizer - editor

espeakup/stable 1:0.90-17 arm64
  Connector between speakup kernel modules and espeak

esptool/stable 4.7.0+dfsg-0.1 all
  create and flash firmware files to ESP8266 and ESP32 chips

etcd-client/stable 3.5.16-4 arm64
  highly-available key value store -- client

etcd-discovery/stable 2.0.0+git2019.04.19.git.78fb45d3c9-4+b25 arm64
  etcd discovery service

etcd-server/stable 3.5.16-4 arm64
  highly-available key value store -- daemon

etherape/stable 0.9.20-2+b3 arm64
  graphical network monitor

etherape-data/stable 0.9.20-2 all
  graphical network monitor (data files)

ethstats/stable 1.2.1-6 all
  script that quickly measures network device throughput

ethtool/stable 1:6.14.2-1 arm64
  display or change Ethernet device settings

etsf-io/stable 1.0.4-6 arm64
  Binary tools to check, merge and read ETSF files

euler/stable 1.61.0-12+b1 arm64
  interactive mathematical programming environment

euler-doc/stable 1.61.0-12 all
  documentation for the mathematical programming environment Euler

evdi-dkms/stable 1.14.8+dfsg-1 all
  Extensible Virtual Display Interface driver kernel module

evemu-tools/stable 2.7.0-4+b1 arm64
  Linux Input Event Device Emulation Library - test tools

evolution-ews/stable 3.56.1-1 arm64
  Exchange Web Services integration for Evolution

evolution-ews-core/stable 3.56.1-1 arm64
  Exchange Web Services integration for GNOME

evremap/stable 0.0~git20240617.cc618e8-4 arm64
  Keyboard input remapper for Linux/Wayland systems

evtest/stable 1:1.35-1+b1 arm64
  utility to monitor Linux input device events

exabgp/stable 4.2.25-1 all
  BGP swiss army knife of networking

exadrums/stable 0.7.0-1+b2 arm64
  Software drum module (graphical user interface)

exaile/stable 4.1.4~beta1+dfsg-1 all
  Music player with a simple interface and powerful capabilities

exip/stable 0.1.0-2+b15 arm64
  get your external ip from multiple services (program)

exonerate/stable 2.4.0-5+b2 arm64
  generic tool for pairwise sequence comparison

explosive-c4/stable 1.3-2 arm64
  Four in a row game

extract/stable 1:1.13-8+b1 arm64
  displays meta-data from files of arbitrary type

extremetuxracer/stable 0.8.4-1 arm64
  3D racing game featuring Tux, the Linux penguin

extremetuxracer-data/stable 0.8.4-1 all
  data files for the game Extreme Tux Racer

ezstream/stable 1.0.2-3 arm64
  easy media streaming client over icecast servers

ezurio-qcacld-2.0-dkms/stable 0.0~git20240408.aa96a9f+dfsg-5 all
  DKMS source for the Qualcomm QCA9377 SDIO driver

f2fs-tools/stable 1.16.0-1.1+b1 arm64
  Tools for Flash-Friendly File System

faenza-icon-theme/stable 1.3.1-4 all
  square shaped, colorful icons for desktops

fai-setup-storage/stable 6.4.3 all
  automatically prepare storage devices

faifa/stable 0.2~svn82-3.1+b2 arm64
  manage HomePlug 1.0/AV devices via ethernet frames

fail2ban/stable 1.1.0-8 all
  ban hosts that cause multiple authentication errors

fair/stable 0.5.3-4 arm64
  high availability load balancer for TCP connections

faker/stable 33.3.1-1 all
  Python program that generates fake data

faker-doc/stable 33.3.1-1 all
  Faker is a Python library that generates fake data (Documentation)

fasta3/stable 36.3.8i.14-Nov-2020-3 arm64
  tools for searching collections of biological sequences

fastboot/stable 1:34.0.5-12 arm64
  Android fastboot tool

fastd/stable 23-2 arm64
  Fast and Secure Tunneling Daemon

fastd-doc/stable 23-2 all
  Fast and Secure Tunneling Daemon (documentation)

fastnetmon/stable 1.2.9-0+deb13u1 arm64
  fast DDoS analyzer with sflow/netflow/mirror support (community edition)

fastq-pair/stable 1.0-3+b1 arm64
  Rewrites paired end fastq so all reads have a mate to separate out singletons

fbi/stable 2.14-1 arm64
  Linux frame buffer image viewer

fbset/stable 2.1-34 arm64
  framebuffer device maintenance program

fbterm/stable 1.7-5+b1 arm64
  fast framebuffer based terminal emulator for Linux

fbtv/stable 3.107-4 arm64
  television viewer - Linux framebuffer application

fbx-all/stable 3 all
  FreedomBox package

fbx-tasks/stable 3 all
  FreedomBox tasks for tasksel

fccexam/stable 1.0.7-1.1 all
  Study tool for USA FCC commercial radio license exams.

fceux/stable 2.6.5+dfsg1-2+b2 arm64
  all-in-one NES/Famicom Emulator

fcitx-config-common/stable 0.4.10-3 all
  graphic Fcitx configuration tool - common files

fcitx-config-gtk/stable 0.4.10-3+b2 arm64
  graphic Fcitx configuration tool

fcitx-hangul/stable 0.3.1-4+b1 arm64
  Korean Hangul Wrapper for Fcitx

fcitx-m17n/stable 0.2.4-3+b2 arm64
  Free Chinese Input Toy of X - m17n module

fcitx-module-cloudpinyin/stable 0.3.7-1+b3 arm64
  Flexible Input Method Framework - cloudpinyin module

fcitx-unikey/stable 0.2.7+git20220410-1+b2 arm64
  Fcitx wrapper for Unikey engine

fcoe-utils/stable 1.0.34-6+b1 arm64
  Fibre Channel over Ethernet utilities

fdroidcl/stable 0.7.0-1+b11 arm64
  F-Droid desktop client

fdroidserver/stable 2.4.2-1 all
  F-Droid build server and repository tools for Android

fdutils/stable 5.6-4+b2 arm64
  Linux floppy utilities

feedbackd/stable 0.8.2-1 arm64
  DBus service for haptic/visual/audio feedback

feedbackd-device-themes/stable 0.8.3-2 all
  Device specific themes for Feedbackd

fence-agents/stable 4.16.0-3 all
  Fence Agents for Red Hat Cluster - transitional package

fence-agents-ack-manual/stable 4.16.0-3 all
  Fence Agents for Red Hat Cluster - manual ack agent

fence-agents-aliyun/stable 4.16.0-3 all
  Fence Agents for Red Hat Cluster - Aliyun agent

fence-agents-all/stable 4.16.0-3 all
  Fence Agents for Red Hat Cluster - all agents

fence-agents-alom/stable 4.16.0-3 all
  Fence Agents for Red Hat Cluster - Sun ALOM agent

fence-agents-amt/stable 4.16.0-3 all
  Fence Agents for Red Hat Cluster - Intel AMT agent

fence-agents-apc/stable 4.16.0-3 all
  Fence Agents for Red Hat Cluster - APC over telnet/ssh agent

fence-agents-apc-snmp/stable 4.16.0-3 all
  Fence Agents for Red Hat Cluster - APC over SNMP agent

fence-agents-aws/stable 4.16.0-3 all
  Fence Agents for Red Hat Cluster - AWS agent

fence-agents-azure-arm/stable 4.16.0-3 all
  Fence Agents for Red Hat Cluster - Azure ARM agent

fence-agents-bladecenter/stable 4.16.0-3 all
  Fence Agents for Red Hat Cluster - IBM BladeCenter telnet agent

fence-agents-brocade/stable 4.16.0-3 all
  Fence Agents for Red Hat Cluster - HP Brocade agent

fence-agents-cdu/stable 4.16.0-3 all
  Fence Agents for Red Hat Cluster - Sentry Switch CDU agent

fence-agents-cisco-mds/stable 4.16.0-3 all
  Fence Agents for Red Hat Cluster - Cisco MDS agent

fence-agents-cisco-ucs/stable 4.16.0-3 all
  Fence Agents for Red Hat Cluster - Cisco UCS agent

fence-agents-common/stable 4.16.0-3 all
  Fence Agents for Red Hat Cluster - common files

fence-agents-compute/stable 4.16.0-3 all
  Fence Agents for Red Hat Cluster - OpenStack Compute agent

fence-agents-crosslink/stable 4.16.0-3 all
  Fence Agents for Red Hat Cluster - crosslink cable agent

fence-agents-cyberpower-ssh/stable 4.16.0-3 all
  Fence Agents for Red Hat Cluster - CyberPower agent

fence-agents-docker/stable 4.16.0-3 all
  Fence Agents for Red Hat Cluster - Docker agent

fence-agents-drac/stable 4.16.0-3 all
  Fence Agents for Red Hat Cluster - Dell DRAC 4 agent

fence-agents-drac5/stable 4.16.0-3 all
  Fence Agents for Red Hat Cluster - Dell DRAC 5 agent

fence-agents-dummy/stable 4.16.0-3 all
  Fence Agents for Red Hat Cluster - dummy agent

fence-agents-eaton-snmp/stable 4.16.0-3 all
  Fence Agents for Red Hat Cluster - Eaton SNMP agent

fence-agents-eaton-ssh/stable 4.16.0-3 all
  Fence Agents for Red Hat Cluster - Eaton SSH agent

fence-agents-ecloud/stable 4.16.0-3 all
  Fence Agents for Red Hat Cluster - ANS eCloud agent

fence-agents-emerson/stable 4.16.0-3 all
  Fence Agents for Red Hat Cluster - Emerson SNMP agent

fence-agents-eps/stable 4.16.0-3 all
  Fence Agents for Red Hat Cluster - ePowerSwitch agent

fence-agents-gce/stable 4.16.0-3 all
  Fence Agents for Red Hat Cluster - Google Compute Engine agent

fence-agents-hds-cb/stable 4.16.0-3 all
  Fence Agents for Red Hat Cluster - Hitachi Compute Blade agent

fence-agents-heuristics-ping/stable 4.16.0-3 all
  Fence Agents for Red Hat Cluster - heuristics ping agent

fence-agents-hpblade/stable 4.16.0-3 all
  Fence Agents for Red Hat Cluster - HPE BladeSystem agent

fence-agents-ibm-powervs/stable 4.16.0-3 all
  Fence Agents for Red Hat Cluster - IBM PowerVS agent

fence-agents-ibm-vpc/stable 4.16.0-3 all
  Fence Agents for Red Hat Cluster - IBM Cloud VPC agent

fence-agents-ibmblade/stable 4.16.0-3 all
  Fence Agents for Red Hat Cluster - IBM BladeCenter SNMP agent

fence-agents-ibmz/stable 4.16.0-3 all
  Fence Agents for Red Hat Cluster - IBM zSystems agent

fence-agents-ifmib/stable 4.16.0-3 all
  Fence Agents for Red Hat Cluster - IF-MIB SNMP agent

fence-agents-ilo-moonshot/stable 4.16.0-3 all
  Fence Agents for Red Hat Cluster - HP Moonshot iLO agent

fence-agents-ilo-mp/stable 4.16.0-3 all
  Fence Agents for Red Hat Cluster - HP iLO MP agent

fence-agents-ilo-ssh/stable 4.16.0-3 all
  Fence Agents for Red Hat Cluster - HP iLO over SSH agent

fence-agents-ilo2/stable 4.16.0-3 all
  Fence Agents for Red Hat Cluster - HP iLO2 agent

fence-agents-intelmodular/stable 4.16.0-3 all
  Fence Agents for Red Hat Cluster - Intel Modular agent

fence-agents-ipdu/stable 4.16.0-3 all
  Fence Agents for Red Hat Cluster - IBM iPDU agent

fence-agents-ipmilan/stable 4.16.0-3 all
  Fence Agents for Red Hat Cluster - IPMI agent

fence-agents-ironic/stable 4.16.0-3 all
  Fence Agents for Red Hat Cluster - OpenStack Ironic agent

fence-agents-kdump/stable 4.16.0-3 arm64
  Fence Agents for Red Hat Cluster - kdump agent

fence-agents-kubevirt/stable 4.16.0-3 all
  Fence Agents for Red Hat Cluster - KubeVirt agent

fence-agents-ldom/stable 4.16.0-3 all
  Fence Agents for Red Hat Cluster - Sun LDom agent

fence-agents-lindy-pdu/stable 4.16.0-3 all
  Fence Agents for Red Hat Cluster - Lindy PDU agent

fence-agents-lpar/stable 4.16.0-3 all
  Fence Agents for Red Hat Cluster - IBM LPAR agent

fence-agents-mpath/stable 4.16.0-3 all
  Fence Agents for Red Hat Cluster - multipath reservation agent

fence-agents-netio/stable 4.16.0-3 all
  Fence Agents for Red Hat Cluster - Koukaam NETIO-230B agent

fence-agents-nutanix-ahv/stable 4.16.0-3 all
  Fence Agents for Red Hat Cluster - Nutanix AHV agent

fence-agents-openstack/stable 4.16.0-3 all
  Fence Agents for Red Hat Cluster - OpenStack Nova agent

fence-agents-ovh/stable 4.16.0-3 all
  Fence Agents for Red Hat Cluster - OVH agent

fence-agents-ovm/stable 4.16.0-3 all
  Fence Agents for Red Hat Cluster - Oracle VM agent

fence-agents-powerman/stable 4.16.0-3 all
  Fence Agents for Red Hat Cluster - Powerman agent

fence-agents-pve/stable 4.16.0-3 all
  Fence Agents for Red Hat Cluster - Proxmox VE agent

fence-agents-raritan/stable 4.16.0-3 all
  Fence Agents for Red Hat Cluster - Raritan Dominion PX agent

fence-agents-raritan-px3/stable 4.16.0-3 all
  Fence Agents for Red Hat Cluster - Raritan Dominion PX2/PX3 agent

fence-agents-rcd-serial/stable 4.16.0-3 all
  Fence Agents for Red Hat Cluster - RCD serial agent

fence-agents-redfish/stable 4.16.0-3 all
  Fence Agents for Red Hat Cluster - Redfish agent

fence-agents-rhevm/stable 4.16.0-3 all
  Fence Agents for Red Hat Cluster - RHEV-M REST API agent

fence-agents-rsa/stable 4.16.0-3 all
  Fence Agents for Red Hat Cluster - IBM RSA agent

fence-agents-rsb/stable 4.16.0-3 all
  Fence Agents for Red Hat Cluster - Fujitsu-Siemens RSB agent

fence-agents-sanbox2/stable 4.16.0-3 all
  Fence Agents for Red Hat Cluster - QLogic SANBox2 FC switch agent

fence-agents-sbd/stable 4.16.0-3 all
  Fence Agents for Red Hat Cluster - STONITH Block Device agent

fence-agents-scsi/stable 4.16.0-3 all
  Fence Agents for Red Hat Cluster - SCSI-3 reservation agent

fence-agents-skalar/stable 4.16.0-3 all
  Fence Agents for Red Hat Cluster - Skala-R agent

fence-agents-vbox/stable 4.16.0-3 all
  Fence Agents for Red Hat Cluster - VirtualBox agent

fence-agents-virsh/stable 4.16.0-3 all
  Fence Agents for Red Hat Cluster - virsh agent

fence-agents-vmware/stable 4.16.0-3 all
  Fence Agents for Red Hat Cluster - VMware agent

fence-agents-vmware-rest/stable 4.16.0-3 all
  Fence Agents for Red Hat Cluster - VMware REST API agent

fence-agents-vmware-soap/stable 4.16.0-3 all
  Fence Agents for Red Hat Cluster - VMware SOAP API agent

fence-agents-vmware-vcloud/stable 4.16.0-3 all
  Fence Agents for Red Hat Cluster - VMware vCloud Director API agent

fence-agents-wti/stable 4.16.0-3 all
  Fence Agents for Red Hat Cluster - WTI Network Power Switch agent

fence-agents-xenapi/stable 4.16.0-3 all
  Fence Agents for Red Hat Cluster - Citrix XenServer agent

fence-agents-zvm/stable 4.16.0-3 all
  Fence Agents for Red Hat Cluster - IBM z/VM agent

fence-virt/stable 4.16.0-3 arm64
  Fence Agents for Red Hat Cluster - virt agent

fence-virtd/stable 4.16.0-3 arm64
  Fence Agents for Red Hat Cluster - virt daemon

fennel/stable 1.5.3+dfsg-2 all
  Lisp-based programming language for the Lua runtime

festival-ca/stable 3.0.6-2 all
  Catalan support for Festival speech synthesis system

festival-czech/stable 0.3-6 all
  Czech support for Festival speech synthesis system

festlex-cmu/stable 2.4-2 all
  CMU dictionary for Festival

festlex-poslex/stable 2.4-1.1 all
  Part of speech lexicons and ngram from English

festvox-ca-ona-hts/stable 1.3-3 all
  Catalan female speaker for festival, 16kHz HTS

festvox-czech-dita/stable 1.0.0-5 all
  Czech adult female speaker "dita" for Festival

festvox-czech-krb/stable 1.0.0-5 all
  Czech child male speaker "krb" for Festival

festvox-czech-machac/stable 1.0.0-5 all
  Czech adult male speaker "machac" for Festival

festvox-czech-ph/stable 0.1-6 all
  Czech male speaker for Festival

festvox-hi-nsk/stable 0.1-11 all
  Hindi male speaker for festival

festvox-italp16k/stable 2.0+debian0-6 all
  Italian female speaker for Festival

festvox-itapc16k/stable 2.0+debian0-6 all
  Italian male speaker for Festival

festvox-kallpc16k/stable 2.4-1 all
  American English male speaker for festival, 16khz sample rate

festvox-kallpc8k/stable 1.4.0-5.1 all
  American English male speaker for festival, 8khz sample rate

festvox-kdlpc16k/stable 1.4.0-6.1 all
  American English male speaker for festival, 16khz sample rate

festvox-kdlpc8k/stable 1.4.0-6.1 all
  American English male speaker for festival, 8khz sample rate

festvox-mr-nsk/stable 0.1-11 all
  Marathi male speaker for festival

festvox-te-nsk/stable 0.3.3-6 all
  Telugu (te) male speaker for festival

festvox-us-slt-hts/stable 0.2010.10.25-4 all
  : US English voice for Festival. 32kHz sample rate, HTS

ffado-dbus-server/stable 2.4.9-2 arm64
  FFADO D-Bus server

ffado-mixer-qt4/stable 2.4.9-2 all
  FFADO D-Bus mixer applets

ffado-tools/stable 2.4.9-2 arm64
  FFADO debugging and firmware tools

ffproxy/stable 1.6-13 arm64
  Light and customizable http(s) proxy server with ipv6 support

fig2dev/stable 1:3.2.9a-4 arm64
  Utilities for converting XFig figure files

fig2ps/stable 1.5-7 all
  Converts xfig files into ps, eps or pdf files using LaTeX for processing text

fig2sxd/stable 0.23-1 arm64
  convert XFig files to OpenOffice.org format

fil-plugins/stable 0.3.0-7+b1 arm64
  parametric equalizer LADSPA plugin

filetea/stable 0.1.18-3+b1 arm64
  Web-based file sharing system

filius/stable 2.8.0+ds-2 all
  educational network simulator

fim/stable 0.7.1-3 arm64
  scriptable frame buffer, X.org and ascii art image viewer

finalcif/stable 137+dfsg-4 all
  editor for Crystallographic Information Format

finit/stable 4.12-1 arm64
  Fast init for Linux systems

finit-plugins/stable 4.12-1 arm64
  Fast init for Linux systems - plugins

firebird3.0-common-doc/stable 3.0.12.ds7-13+deb13u1 all
  copyright, licensing and changelogs of firebird3.0

firebird4.0-common-doc/stable 4.0.5.3140.ds6-17+deb13u1 all
  copyright, licensing and changelogs of firebird4.0

firefox-esr-l10n-is/stable 140.12.0esr-1~deb13u1 all
  Icelandic language package for Firefox ESR

firewalk/stable 5.0-5+b2 arm64
  active reconnaissance network security tool

firewall-applet/stable 2.3.1-1+deb13u1 all
  panel applet providing status information of firewalld

firewall-config/stable 2.3.1-1+deb13u1 all
  graphical configuration tool to change the firewall settings

firewalld/stable 2.3.1-1+deb13u1 all
  dynamically managed firewall with support for network zones

firewalld-tests/stable 2.3.1-1+deb13u1 all
  installed tests for firewalld

firmware-ath9k-htc/stable 1.4.0-110-ge888634+dfsg1-0.1 all
  firmware for AR7010 and AR9271 USB wireless adapters

firmware-carl9170/stable 1.9.9-450-gad1c721+dfsg-0.1 all
  firmware for AR9170 USB wireless adapters

fische/stable 3.2.2-7+b2 arm64
  stand-alone sound visualisation for Linux

flactag/stable 2.0.4-6+b4 arm64
  Tagger for whole-album FLAC files using data from MusicBrainz

flash/stable 1.2.11-2+b1 arm64
  Fast Length Adjustment of SHort reads

flash-kernel/stable 3.109 arm64
  utility to make certain embedded devices bootable

flashrom/stable 1.4.0-3 arm64
  Identify, read, write, erase, and verify BIOS/ROM/flash chips

flatpak/stable 1.16.6-1~deb13u1 arm64
  Application deployment framework for desktop apps

flatpak-xdg-utils/stable 1.0.6-1 arm64
  xdg-open and xdg-email reimplementation for containerized apps

flatpak-xdg-utils-tests/stable 1.0.6-1 arm64
  as-installed tests for flatpak-xdg-utils

fldiff/stable 1.1+0-7+b1 arm64
  graphical diff program

flim/stable 1:1.14.9+0.20230205-1 all
  library about internet message for emacsen

flite/stable 2.2-7 arm64
  Small run-time speech synthesis engine

flite1-dev/stable 2.2-7 arm64
  Small run-time speech synthesis engine - development files

floatbg/stable 1.0-28.3 arm64
  slowly modify the color of the X root window

fluidr3mono-gm-soundfont/stable 2.315-7 all
  Fluid (R3) Mono GM SoundFont from MuseScore 2.1 (lossy)

fluidsynth/stable 2.4.4+dfsg-1+deb13u2 arm64
  Real-time MIDI software synthesizer

fonts-aenigma/stable 0.0.20080511+dfsg-5 all
  465 free TrueType fonts by Brian Kent

fonts-agave/stable 37-4 all
  monospaces programming font

fonts-arabeyes/stable 2.1-7 all
  Arabeyes GPL TrueType Arabic fonts

fonts-arphic-bkai00mp/stable 2.10-21 all
  "AR PL KaitiM Big5" Chinese TrueType font by Arphic Technology

fonts-arphic-bsmi00lp/stable 2.10-18 all
  "AR PL Mingti2L Big5" Chinese TrueType font by Arphic Technology

fonts-arphic-gbsn00lp/stable 2.11-16 all
  "AR PL SungtiL GB" Chinese TrueType font by Arphic Technology

fonts-arphic-gkai00mp/stable 2.11-16 all
  "AR PL KaitiM GB" Chinese TrueType font by Arphic Technology

fonts-arphic-ukai/stable 0.2.20080216.2-5 all
  "AR PL UKai" Chinese Unicode TrueType font collection Kaiti style

fonts-arphic-uming/stable 0.2.20080216.2-11 all
  "AR PL UMing" Chinese Unicode TrueType font collection Mingti style

fonts-babelstone-han/stable 16.0.1-1 all
  BabelStone Fonts for Han

fonts-campania/stable 2.009-2 all
  font for Roman numeral analysis (music theory)

fonts-cantarell/stable 0.303.1-4 all
  sans serif font family designed for on-screen readability

fonts-cns11643-kai/stable 103.1+20181001-1 all
  Chinese TrueType font, TW-Kai

fonts-dejavu/stable 2.37-8 all
  metapackage to pull in fonts-dejavu-core, -mono and -extra

fonts-dejavu-core/stable,now 2.37-8 all [installed,automatic]
  Vera font family derivate with additional characters

fonts-dejavu-extra/stable 2.37-8 all
  Vera font family derivate with additional characters (extra variants)

fonts-dejavu-mono/stable,now 2.37-8 all [installed,automatic]
  Vera font family derivate with additional characters

fonts-dosis/stable 1.7-3 all
  very simple, rounded, sans serif font family

fonts-droid-fallback/stable,now 1:8.1.0r7-1~1.gbp36536b all [installed,automatic]
  handheld device font with extensive style and language support (fallback)

fonts-dustin/stable 20030517-14 all
  various TrueType fonts from dustismo.com

fonts-ferrite-core/stable 2.02+ds-2 all
  geometric shaped font lending it a futurist look

fonts-font-awesome/stable 5.0.10+really4.7.0~dfsg-4.1 all
  iconic font designed for use with Twitter Bootstrap

fonts-gfs-baskerville/stable 1.1-6 all
  ancient Greek font revival

fonts-gfs-didot-classic/stable 1.1-6 all
  greek font family (Classic Didot revival)

fonts-gfs-gazis/stable 1.1-6 all
  ancient Greek font (Byzantine cursive hand style)

fonts-gfs-olga/stable 1.1-6 all
  ancient Greek oblique font revival (companion to GFS Didot)

fonts-glyphicons-halflings/stable 1.009~3.4.1+dfsg-6 all
  icons made for smaller graphic

fonts-inconsolata/stable 001.010-6 all
  monospace font for pretty code listings and for the terminal

fonts-ipafont-gothic/stable 00303-23 all
  Japanese OpenType font set, IPA Gothic and IPA P Gothic Fonts

fonts-ipafont-mincho/stable 00303-23 all
  Japanese OpenType font set, IPA Mincho and IPA P Mincho Fonts

fonts-lato/stable 2.015-1 all
  sans-serif typeface family font

fonts-le-murmure/stable 0.2-3 all
  titling font with many variated glyphs

fonts-linex/stable 2.2-9 all
  Fonts suitable for education and institutional use

fonts-national-park/stable 0.0~20220205-2 all
  Typeface designed to mimic the US National Park service signs

fonts-noto-color-emoji/stable 2.051-0+deb13u1 all
  color emoji font from Google

fonts-ocr-a/stable 1.0-11 all
  ANSI font readable by the computers of the 1960s

fonts-opendin/stable 1.0-5 all
  Open DIN font

fonts-opensymbol/stable 4:102.12+LibO25.2.3-2+deb13u6 all
  OpenSymbol TrueType font

fonts-recommended/stable 2 all
  set of recommended fonts

fonts-routed-gothic/stable 1.0.0+git20210723.e22ee83+dfsg-2 all
  Clean vintage drafting, avionics, routed signage, and keyboard legend font

fonts-senamirmir-washra/stable 4.1-10 all
  collection of unicode fonts for the Ethiopic script

fonts-sil-andikanewbasic/stable 5.500-3.1 all
  smart Unicode Latin font family for literacy (more faces, limited charset)

fonts-sil-mingzat/stable 1.100-1 all
  Unicode font for the Lepcha script

fonts-sil-nuosusil/stable 2.300-1 all
  Unicode font for Yi (a script used in southwestern China)

fonts-sil-shimenkan/stable 1.000-3 all
  Miao (Pollard) fonts

fonts-sil-shimenkan-gsm/stable 1.000-3 all
  Miao (Pollard) fonts for Gepo / Bai Yi [ygp]

fonts-sil-shimenkan-guifan/stable 1.000-3 all
  Miao (Pollard) fonts for Large Flowery Miao, normalised orthography [hmdd]

fonts-sil-shimenkan-mas/stable 1.000-3 all
  Miao (Pollard) fonts for Small Flowery Miao / Xiaohua Miao [sfm]

fonts-sil-shimenkan-mgs/stable 1.000-3 all
  Miao (Pollard) fonts for Sinicized Miao / Waishu Miao / Hmong Shua [hmz]

fonts-sil-shimenkan-salaowu/stable 1.000-3 all
  Miao (Pollard) fonts for Wuding-Luquan Yi / Hei Yi / Nasu [ywqa]

fonts-sil-shimenkan-sapushan/stable 1.000-3 all
  Miao (Pollard) fonts for Large Flowery Miao / Dahua Miao / A-Hmao [hmd]

fonts-sil-shimenkan-taogu/stable 1.000-3 all
  Miao (Pollard) fonts for Lipo / Dong Lisu [lpo]

fonts-sil-shimenkan-zonghe/stable 1.000-3 all
  Miao (Pollard) fonts for Aluo / Gan Yi [yna]

fonts-sora/stable 0+git20201221+ds-3 all
  Sora typeface

fonts-thai-tlwg-web/stable 1:0.7.3-1 all
  Thai web fonts maintained by TLWG

fonts-tomsontalks/stable 1.1-10 all
  comic lettering font

fonts-triod-postnaja/stable 20130809-2 all
  Latin+Cyrillic font based on Old Church Slavonic service books

fonts-woowa-bm/stable 20241002-1 all
  Baedal-Minjok decorative Korean fonts

fonts-wqy-microhei/stable 0.2.0-beta-4 all
  Sans-serif style CJK font derived from Droid

fonts-yanone-kaffeesatz/stable 2.0+git20211102+ds-2 all
  Font in six weights, reminiscent of 1920s coffee house typography

fortunes-debian-hints/stable 2.01.5+nmu1 all
  Debian Hints for fortune

fp-units-castle-game-engine/stable 7.0~alpha.3+dfsg2-4 arm64
  Castle Game Engine - 3D game engine for FreePascal / Lazarus

fpart/stable 1.7.0-1 arm64
  sort file trees and pack them into bags

fpga-icestorm/stable 0~20250207git7fbf8c0+dfsg1-1 arm64
  Tools to handle the bitstream format of Lattice iCE40 FPGAs

fpga-icestorm-chipdb/stable 0~20250207git7fbf8c0+dfsg1-1 all
  Chip database files for fpga-icestorm

fpga-trellis/stable 1.4-2+b5 arm64
  Tools for interacting with Lattice ECP5 FPGA bitstreams

fpga-trellis-database/stable 1.4-2 all
  Lattice ECP5 FPGA bitstream database

fpgatools/stable 0.0+201212-1.1+b1 arm64
  tool to program field-programmable gate arrays

fplll-tools/stable 5.5.0-1.1 arm64
  Tools to compute LLL-reduction of Euclidian lattices

fracplanet/stable 0.5.1-6+b3 arm64
  Fractal planet generator

fractgen/stable 2.1.13-1+b2 arm64
  Extensible Fractal Generator

freeaptx-utils/stable 0.2.2-1 arm64
  Utility tools for Free implementation of aptX

freedombox/stable 25.9.3+deb13u1 all
  easy to manage, privacy oriented home server

freedombox-doc-en/stable 25.9.3+deb13u1 all
  easy to manage, privacy oriented home server - user manual (English)

freedombox-doc-es/stable 25.9.3+deb13u1 all
  easy to manage, privacy oriented home server - user manual (Spanish)

freedroid/stable 1.2.3.apk-1 arm64
  Clone of Paradroid - a strategic shoot-em up

freedv/stable 1.8.11-1+b5 arm64
  Digital Voice mode for ham radio

freeipa-client-epn/stable 4.12.4-1 arm64
  FreeIPA centralized identity framework -- tools for configuring Expiring Password Notification

freenect/stable 1:0.5.3-3.2+b1 arm64
  library for accessing Kinect device -- metapackage

freerdp3-sdl/stable 3.15.0+dfsg-2.1+deb13u3 arm64
  RDP client for Windows Terminal Services (SDL client)

freerdp3-wayland/stable 3.15.0+dfsg-2.1+deb13u3 arm64
  RDP client for Windows Terminal Services (wayland client)

freerdp3-x11/stable 3.15.0+dfsg-2.1+deb13u3 arm64
  RDP client for Windows Terminal Services (X11 client)

freetuxtv/stable 0.6.8~dfsg1-2+b2 arm64
  Internet television and radio player

frescobaldi/stable 3.3.0+ds1-3 arm64
  LilyPond sheet music text editor

frr/stable 10.3-3+deb13u1 arm64
  FRRouting Internet routing protocol suite

frr-rpki-rtrlib/stable 10.3-3+deb13u1 arm64
  FRRouting Internet routing protocol suite (BGP RPKI support)

fspanel/stable 0.7-15+b1 arm64
  minimalist panel for X

fsverity/stable 1.6-1.2 arm64
  Userspace utilities for fs-verity

fsviewer-icons/stable 1.0-9 all
  icons for fsviewer to make it look more like the NeXT FileViewer

fswebcam/stable 20140113-2+b1 arm64
  Tiny and flexible webcam program

ftp-proxy/stable 1.9.2.4-11+b1 arm64
  application level proxy for the FTP protocol

furo/stable 2024.08.06+dfsg-1 all
  clean customisable Sphinx documentation theme

fuse2fs/stable 1.47.2-3+b11 arm64
  ext2 / ext3 / ext4 file system driver for FUSE

fusioninventory-agent/stable 1:2.6-4 all
  hardware and software inventory tool (client)

fusioninventory-agent-task-network/stable 1:2.6-4 all
  network device discovery for FusionInventory Agent

fwbuilder/stable 5.3.7-8 arm64
  Firewall administration tool GUI

fwbuilder-common/stable 5.3.7-8 all
  Firewall administration tool GUI (common files)

fwbuilder-doc/stable 5.3.7-8 all
  Firewall administration tool GUI documentation

fwknop-apparmor-profile/stable 2.6.11-2 all
  FireWall KNock OPerator - Apparmor profile

fwknop-client/stable 2.6.11-2+b1 arm64
  FireWall KNock OPerator client side - C version

fwknop-server/stable 2.6.11-2+b1 arm64
  FireWall KNock OPerator server side - C version

fwupd/stable 2.0.20-1~deb13u1 arm64
  Firmware update daemon

fwupd-arm64-signed-template/stable 1:1.7-1 arm64
  Template for signed fwupd package

fwupd-doc/stable 2.0.20-1~deb13u1 all
  Firmware update daemon documentation (HTML format)

fwupd-tests/stable 2.0.20-1~deb13u1 arm64
  Test suite for firmware update daemon

fwupd-unsigned/stable 1:1.7-1 arm64
  Firmware update daemon (Unsigned EFI binaries)

fwupd-unsigned-dev/stable 1:1.7-1 arm64
  Firmware update daemon (Development information)

fxload/stable 0.0.20081013-3 arm64
  Firmware download to EZ-USB devices

galileo/stable 0.5.1-11 all
  Utility to securely synchronize a Fitbit device with the Fitbit web service

galileo-daemon/stable 0.5.1-11 all
  Utility to securely synchronize a Fitbit device - daemon

galternatives/stable 1.0.10 all
  graphical setup tool for the alternatives system

galvani/stable 0.38-2 arm64
  reads data from a device with graphical plots and evaluation

gambas3-gb-scanner/stable 3.20.2-1+deb13u1 arm64
  Gambas scanner component

ganyremote/stable 8.1.1-2 all
  GTK+ frontend for anyRemote

garmin-forerunner-tools/stable 0.10repacked-16 arm64
  retrieve data from Garmin Forerunner/Edge GPS devices

gbgoffice/stable 1.4-12+b2 arm64
  bgoffice dictionary frontend (GTK2)

gcalcli/stable 4.5.1-1 all
  Google Calendar Command Line Interface

gcc-13-offload-nvptx/stable 13.3.0-16 arm64
  GCC offloading compiler to NVPTX

gcc-14-offload-nvptx/stable 14.2.0-19 arm64
  GCC offloading compiler to NVPTX

gcc-sh-elf/stable 13.3.0-16+8.2+b3 arm64
  GNU C compiler for embedded SuperH devices

gcin-voice/stable 0~20170223-3 all
  gcin voice data

gcr/stable 3.41.2-3 arm64
  GNOME crypto services (daemon and tools)

gcr4/stable 4.4.0.1-3 arm64
  GNOME crypto services (daemon and tools)

gddrescue/stable 1.29-1 arm64
  GNU data recovery tool

gdigi/stable 0.4.0+git20200615+1c2c89f-3+b1 arm64
  utility to control DigiTech effect pedals

gdnsd/stable 3.8.3-2 arm64
  authoritative domain name server

geany-plugin-autoclose/stable 2.0-6+b1 arm64
  auto-closing plugin for Geany

geany-plugin-geniuspaste/stable 2.0-6+b1 arm64
  GeniusPaste plugin for Geany

geany-plugin-sendmail/stable 2.0-6+b1 arm64
  mailer plugin for Geany

gem-plugin-v4l2/stable 1:0.94-8+b5 arm64
  Graphics Environment for Multimedia - V4L2 output support

gemdropx/stable 0.9-10 arm64
  Gem Drop X is an interesting one-player puzzle game for X11

genext2fs/stable 1.5.0-3+b2 arm64
  ext2 filesystem generator for embedded systems

genomethreader/stable 1.7.3+dfsg-10+b2 arm64
  software tool to compute gene structure predictions

geoclue-2-demo/stable 2.7.2-2 arm64
  geoinformation service (demonstration programs)

geoclue-2.0/stable 2.7.2-2 arm64
  geoinformation service

geoclue-doc/stable 2.7.2-2 all
  geoinformation service (D-Bus API documentation)

geocode-glib-common/stable 3.26.4-1 all
  icons for the geocode-glib library

geocode-glib-tests/stable 3.26.4-1 arm64
  installed tests for the geocode-glib library

geomet/stable 1.1.0-3 all
  convert GeoJSON to/from WKT/WKB

gerbera/stable 2.4.1+dfsg-1 arm64
  UPnP MediaServer

gerbera-doc/stable 2.4.1+dfsg-1 all
  UPnP MediaServer - documentation

ges1.0-tools/stable 1.26.2-1 arm64
  Tools for use with the GStreamer editing services

getdata/stable 0.2-4 all
  management of external databases

getty-run/stable 2.2.0-3 all
  runscripts to supervise getty processes

gff2aplot/stable 2.0-15+b2 arm64
  pair-wise alignment-plots for genomic sequences in PostScript

gfs2-utils/stable 3.6.1-1 arm64
  Global File System 2 - filesystem tools

giara/stable 1.1.0-0.1 all
  Reddit client optimized for mobile devices

gimagereader/stable 3.4.2-7 arm64
  Graphical GTK+ front-end to tesseract-ocr

gimagereader-common/stable 3.4.2-7 all
  gImageReader common files

gimagereader-qt/stable 3.4.2-7 arm64
  Graphical Qt front-end to tesseract-ocr

gimp/stable,now 3.0.4-3+deb13u9 arm64 [installed]
  GNU Image Manipulation Program

ginga/stable 5.3.0-1 all
  Astronomical image viewer

gir1.2-accountsservice-1.0/stable 23.13.9-7 arm64
  GObject introspection data for AccountService

gir1.2-appstream-1.0/stable 1.0.5-1 arm64
  Library to access AppStream services (introspection data)

gir1.2-atk-1.0/stable,now 2.56.2-1+deb13u1 arm64 [installed,automatic]
  ATK accessibility toolkit (GObject introspection)

gir1.2-atspi-2.0/stable 2.56.2-1+deb13u1 arm64
  Assistive Technology Service Provider (GObject introspection)

gir1.2-cloudproviders-0.3.0/stable 0.3.6-2 arm64
  cloud provider library - introspection data

gir1.2-colorhug-1.0/stable 1.4.7-3 arm64
  GObject introspection data for the colorhug library

gir1.2-evd-0.2/stable 0.2.0-6 arm64
  Peer-to-peer inter-process communication library - GObject introspection data

gir1.2-fprint-2.0/stable 1:1.94.9-1 arm64
  async fingerprint library of fprint project, gir bindings

gir1.2-gdata-0.0/stable 0.18.1-9 arm64
  GObject introspection data for the GData webservices library

gir1.2-geoclue-2.0/stable 2.7.2-2 arm64
  convenience library to interact with geoinformation service (introspection)

gir1.2-geocodeglib-2.0/stable 3.26.4-1 arm64
  introspection data for geocode-glib library

gir1.2-ges-1.0/stable 1.26.2-1 arm64
  GObject introspection data for the GES library

gir1.2-gnomebluetooth-3.0/stable 47.1-1 arm64
  Introspection data for GnomeBluetooth

gir1.2-goa-1.0/stable 3.54.5-1~deb13u1 arm64
  Introspection data for GNOME Online Accounts

gir1.2-goffice-0.10/stable 0.10.57-2+b1 arm64
  GObject introspection data for the GOffice library

gir1.2-govirt-1.0/stable 0.3.9-6 arm64
  GObject introspection data for libgovirt

gir1.2-grilo-0.3/stable 0.3.16-2 arm64
  Framework for discovering and browsing media - GObject introspection data

gir1.2-gupnpigd-1.6/stable 1.6.0-4+b1 arm64
  GObject introspection data for the GUPnP IGD library

gir1.2-gweather-4.0/stable 4.4.4-1 arm64
  GObject introspection data for the GWeather library

gir1.2-libosinfo-1.0/stable 1.12.0-2 arm64
  GObject introspection data for libosinfo

gir1.2-lokdocview-0.1/stable 4:25.2.3-2+deb13u6 arm64
  GTK+ 3 widget wrapping LibreOffice functionality - introspection

gir1.2-mbim-1.0/stable 1.32.0-1 arm64
  GObject introspection data for libmbim-glib

gir1.2-mirage-3.2/stable 3.2.10-1 arm64
  CD-ROM image access library (typelib files)

gir1.2-modemmanager-1.0/stable 1.24.0-1+deb13u1 arm64
  GObject introspection data for modemmanager

gir1.2-nice-0.1/stable 0.1.22-1 arm64
  ICE library (GObject introspection)

gir1.2-nm-1.0/stable 1.52.1-1 arm64
  GObject introspection data for the libnm library

gir1.2-phosh-0-dev/stable 0.46.0-3+deb13u1 arm64
  Pure Wayland shell for mobile devices - GObject introspection data

gir1.2-rest-1.0/stable 0.9.1-6+b2 arm64
  REST service access library (introspection files)

gir1.2-restextras-1.0/stable 0.9.1-6+b2 arm64
  REST service access library extra components (introspectionfiles)

gir1.2-secret-1/stable 0.21.7-1 arm64
  Secret store (GObject-Introspection)

gir1.2-spiceclientglib-2.0/stable 0.42-3 arm64
  GObject for communicating with Spice servers (GObject-Introspection)

gir1.2-spiceclientgtk-3.0/stable 0.42-3 arm64
  GTK3 widget for SPICE clients (GObject-Introspection)

gir1.2-sugarext-1.0/stable 0.121-1+b2 arm64
  Sugar Learning Platform - toolkit GObject introspection

gir1.2-telepathyglib-0.12/stable 0.24.2-2 arm64
  GLib Telepathy connection manager library (GObject-Introspection)

gir1.2-telepathylogger-0.2/stable 0.8.2-4.2 arm64
  Telepathy logger service - introspection

gir1.2-udisks-2.0/stable 2.10.1-12.1+deb13u1 arm64
  GObject based library to access udisks2 - introspection data

gir1.2-uhm-1.0/stable 0.11.0-2 arm64
  HTTP web service mocking - GObject introspection files

gir1.2-umockdev-1.0/stable 0.19.1-3 arm64
  introspection data for umockdev library

gir1.2-upowerglib-1.0/stable 1.90.9-1 arm64
  GObject introspection data for upower

gir1.2-xdp-1.0/stable 0.9.1-1 arm64
  Flatpak portal library - introspection data

gir1.2-xdpgtk3-1.0/stable 0.9.1-1 arm64
  Flatpak portal library - introspection data for GTK 3

gir1.2-xdpgtk4-1.0/stable 0.9.1-1 arm64
  Flatpak portal library - introspection data for GTK 4

gir1.2-zeitgeist-2.0/stable 1.0.4-5+b3 arm64
  library to access Zeitgeist - GObject introspection data

gis-gps/stable 0.0.22 all
  GPS related programs

git-annex/stable 10.20250416-2 arm64
  manage files with git, without checking their contents into git

git-bump/stable 1.1.0-2 all
  create Git release commits and tags with changelogs

git-debpush/stable 12.16 all
  client script for git pushing to Debian-style archives

git-remote-gcrypt/stable 1.5-1 all
  encrypted git repositories

git-secret/stable 0.5.0-1 all
  store encrypted credential inside source code git repository

givaro-dev-doc/stable 4.2.1-1 all
  Developer Documentation for Givaro (obsolete)

givaro-user-doc/stable 4.2.1-1 all
  User Documentation for Givaro (obsolete)

giza-dev/stable 1.5.0-2 arm64
  Lightweight scientific plotting library (development files)

glabels/stable 3.4.1-5.1 arm64
  label, business card and media cover creation program for GNOME

glance/stable 2:30.0.0-3+deb13u2 all
  OpenStack Image Registry and Delivery Service - Daemons

glance-api/stable 2:30.0.0-3+deb13u2 all
  OpenStack Image Registry and Delivery Service - API server

glance-common/stable 2:30.0.0-3+deb13u2 all
  OpenStack Image Registry and Delivery Service - common files

glance-doc/stable 2:30.0.0-3+deb13u2 all
  OpenStack Image Registry and Delivery Service - Documentation

glance-store-common/stable 4.9.1-2 all
  OpenStack Image Service store library - common files

glasscoder/stable 2.0.1-2.1 arm64
  minimalist audio encoder for generating live streams

glassgui/stable 2.0.1-2.1 arm64
  minimalist audio encoder GUI for generating live streams

glewlwyd/stable 2.7.6+ds-3 arm64
  Experimental Single-Sign-On server with multiple factor authentication

glewlwyd-common/stable 2.7.6+ds-3 all
  Experimental Single-Sign-On server - common files

glgrib-egl/stable 1.0-4+b3 arm64
  Render geophysical fields encoded in GRIB edition 2 using OpenGL

glgrib-glfw/stable 1.0-4+b3 arm64
  Interactive display for geophysical fields encoded in GRIB2

glib-networking-services/stable,now 2.80.1-1 arm64 [installed,automatic]
  network-related giomodules for GLib - D-Bus services

glibc-doc/stable 2.41-12+deb13u3 all
  GNU C Library: Documentation

globus-gfork-progs/stable 5.0-5+b1 arm64
  Grid Community Toolkit - GFork Programs

glowing-bear/stable 0.9.0+ds-6 all
  Web frontend for the WeeChat IRC client

gltron/stable 0.70final-14 arm64
  3D lightcycle game

gm-assistant/stable 1.2.4-1.1+b1 arm64
  Game Master assistant for role-playing games

gm-assistant-doc/stable 1.2.4-1.1 all
  Game Master assistant for role-playing games - user guide

gmap/stable 2024-11-20+ds-2 arm64
  spliced and SNP-tolerant alignment for mRNA and short reads

gmastermind.app/stable 0.6-3 arm64
  GNUstep implementation of the Mastermind game

gmerlin/stable 2.0.0~svn6298~dfsg0-5 arm64
  multiformat media player

gmerlin-data/stable 2.0.0~svn6298~dfsg0-5 all
  multiformat media player - data files

gmerlin-encoders-extra/stable 2.0.0~svn6278-6+b1 arm64
  MJPEG encoders for Gmerlin

gmerlin-encoders-ffmpeg/stable 2.0.0~svn6278-6+b1 arm64
  ffmpeg encoders for Gmerlin

gmerlin-encoders-good/stable 2.0.0~svn6278-6+b1 arm64
  patent-free encoders for Gmerlin

gmerlin-plugins-base/stable 2.0.0~svn6298~dfsg0-5 arm64
  gmerlin plugins from the "base" set

gmic-zart/stable 2.9.4-4.1+b2 arm64
  GREYC's Magic for Image Computing - ZArt

gmtp/stable 1.3.11-3.1+b4 arm64
  simple file transfer program for MTP based devices

gnat/stable 14.1 all
  GNU Ada compiler

gnocchi-api/stable 4.6.5-1 all
  Metric as a Service - API daemon

gnocchi-common/stable 4.6.5-1 all
  Metric as a Service - common files

gnocchi-metricd/stable 4.6.5-1 all
  Metric as a Service - metric daemon

gnocchi-statsd/stable 4.6.5-1 all
  Metric as a Service - statsd daemon

gnome-activity-journal/stable 1.0.0.19.g1e469ff-1 all
  graphical user interface for Zeitgeist

gnome-applets/stable 3.56.0-1 arm64
  Various applets for the GNOME panel - binary files

gnome-authenticator/stable 4.6.2-6 arm64
  TOTP authentication app for the GNOME Desktop

gnome-bluetooth-sendto/stable 47.1-1 arm64
  GNOME Bluetooth Send To app

gnome-calendar/stable 48.1-2+b1 arm64
  Calendar application for GNOME

gnome-calls/stable 48.2-1 arm64
  Make and receive PSTN phone calls

gnome-calls-doc/stable 48.2-1 all
  Make and receive PSTN phone calls - development documentation

gnome-commander/stable 1.18.2-2+b1 arm64
  nice and fast file manager for the GNOME desktop

gnome-console/stable 48.0.1-2+b1 arm64
  Simple user-friendly terminal emulator for the GNOME desktop

gnome-extra-icons/stable 1.1-3.1 all
  Optional GNOME icons

gnome-firmware/stable 47.0-1+b1 arm64
  GTK front end for fwupd

gnome-icon-theme/stable 3.12.0-6 all
  This package contains the default icon theme used by the GNOME

gnome-keyring/stable 48.0-1 arm64
  GNOME keyring services (daemon and tools)

gnome-multi-writer/stable 3.32.1-4+b1 arm64
  Write an ISO file to multiple USB devices at once

gnome-network-displays/stable 0.96.0-1 arm64
  screencasting app for the GNOME desktop

gnome-online-accounts/stable 3.54.5-1~deb13u1 arm64
  service to manage online accounts for the GNOME desktop

gnome-online-accounts-gtk/stable 3.50.6-1 arm64
  GUI Utility for logging into online accounts

gnome-photos/stable 44.0-3 arm64
  application to access, organize and share your photos with GNOME

gnome-photos-tests/stable 44.0-3 arm64
  app to access, organize and share your photos - installed tests

gnome-session-bin/stable 48.0-1+deb13u1 arm64
  GNOME Session Manager - Minimal runtime

gnome-shell-extension-drive-menu/stable 48.2-1 all
  Removable drive status menu for GNOME Shell

gnome-shell-extension-freon/stable 58+dfsg-2 all
  GNOME Shell Extension for Sensors

gnome-shell-extension-gsconnect/stable 62-1+deb13u1 all
  KDE Connect implementation for GNOME Shell

gnome-shell-extension-gsconnect-browsers/stable 62-1+deb13u1 all
  Browser support of KDE Connect implementation for GNOME Shell

gnome-shell-extension-impatience/stable 0.5.2-3 all
  speed up the gnome-shell animation speed

gnome-sushi/stable 46.0-2 arm64
  sushi is a quick previewer for nautilus

gnome-weather/stable 48.0-2 all
  access current conditions and forecasts

gnuais/stable 0.3.3-9.1+deb13u1 arm64
  AIS receiver which uses the discriminator output of VHF receivers

gnucash-docs/stable 5.10-0.1 all
  Documentation for gnucash, a personal finance tracking program

gnudatalanguage/stable 1.1.1-1 arm64
  Free IDL compatible incremental compiler

gnuit/stable 4.9.5-5+b1 arm64
  GNU Interactive Tools, a file browser/viewer and process viewer/killer

gnumed-client/stable 1.8.21+dfsg-1 all
  medical practice management - Client

gnumed-client-de/stable 1.8.21+dfsg-1 all
  medical practice management - Client for German users

gnumed-common/stable 1.8.21+dfsg-1 all
  medical practice management - common files

gnumed-doc/stable 1.8.21+dfsg-1 all
  medical practice management - Documentation

gnumed-server/stable 22.31-1 all
  medical practice management - server

gnumeric/stable 1.12.57-1.1+b1 arm64
  spreadsheet application for GNOME - main program

gnunet/stable 0.20.0-7 arm64
  GNU's framework for secure peer-to-peer networking

gnunet-gtk/stable 0.20.0-5 arm64
  GNU's framework for secure peer-to-peer networking (GTK+ client)

go-bindata/stable 3.0.7+git20151023.72.a0ff256-4+b16 arm64
  embed data in a Go program

go-bluetooth/stable 5.60-3+b15 arm64
  Golang bluetooth client based on bluez DBus interfaces (program)

go-mtpfs/stable 1.0.0+git20200111.42254b1-1+b15 arm64
  Mount MTP devices over FUSE

go-qrcode/stable 0.0~git20200617.da1b656-4+b15 arm64
  QR Code encoder (Go program)

go-rpmdb/stable 0.0~git20210911.73bd0ce-3+b17 arm64
  Package enumeration tool in a RPM DB

goby-java/stable 3.3.1+dfsg2-11 all
  next-generation sequencing data and results analysis tool

golang-connectrpc-connect-dev/stable 1.14.0-1 all
  Go implementation of Connect (library)

golang-debian-vasudev-gospake2-dev/stable 0.2.1-2 all
  Go SPAKE2 Implementation (library)

golang-etcd-server-dev/stable 3.5.16-4 all
  highly-available key value store -- source

golang-github-a8m-tree-dev/stable 0.0~git20240104.2c8764a-1 all
  implementation of the tree command

golang-github-abdullin-seq-dev/stable 0.0~git20160510.d5467c1-3 all
  structural equality library

golang-github-adam-hanna-arrayoperations-dev/stable 0.2.6-3 all
  Small library for performing operations on slices in golang

golang-github-adamkorcz-go-fuzz-headers-1-dev/stable 0.0~git20230919.8b5d3ce-2 all
  helper functions for Go fuzzing (library)

golang-github-alecthomas-assert-dev/stable 2.10.0-1 all
  simple assertion library using Go generics

golang-github-alecthomas-binary-dev/stable 0.0~git20221018.7487181-1 all
  general purpose binary encoder/decoder

golang-github-alecthomas-jsonschema-dev/stable 0.0~git20210127.19bc6f2-2 all
  Generate JSON Schemas from Go types (library)

golang-github-alexliesenfeld-health-dev/stable 0.0~git20220920.973f6339-2 all
  simple and flexible health check library for Go

golang-github-aliyun-aliyun-oss-go-sdk-dev/stable 1.5.0+dfsg1-2 all
  Alibaba Cloud OSS SDK for Go

golang-github-allegro-bigcache-dev/stable 3.1.0-1 all
  efficient cache for gigabytes of data written in Go (library)

golang-github-anacrolix-tagflag-dev/stable 0.0.0-20180109-2146c8d-4 all
  declarative flag parsing for Go using struct tags

golang-github-apparentlymart-go-dump-dev/stable 0.0~git20190214.042adf3-3 all
  utility for formatting Go values in a pretty-printed way

golang-github-asaskevich-govalidator-dev/stable 11.0.1-1 all
  Validators and sanitizers for strings, numerics, slices and structs

golang-github-aws-aws-sdk-go-dev/stable 1.49.0-2 all
  AWS SDK for the Go programming language

golang-github-aws-smithy-go-dev/stable 1.20.3-1 all
  Smithy code generators for Go (library)

golang-github-backblaze-blazer-dev/stable 0.6.1-4 all
  Go library for Backblaze's B2

golang-github-badgerodon-collections-dev/stable 0.0~git20130729.604e922-4 all
  Collection of Golang types

golang-github-badgerodon-peg-dev/stable 0.0~git20130729.9e5f7f4-3 all
  Parsing Expression Grammar Parser in Go (library)

golang-github-benbjohnson-immutable-dev/stable 0.2.0-2 all
  Immutable collections for Go (library)

golang-github-bep-logg-dev/stable 0.4.0-1 all
  fast and structured logging package for Go

golang-github-bettercap-gatt-dev/stable 0.0~git20240808.ec4935e-1 all
  building Bluetooth Low Energy peripherals

golang-github-bmatsuo-lmdb-go-dev/stable 1.8.0+git20170215.a14b5a3-4 all
  Bindings for the LMDB C library

golang-github-bradenaw-juniper-dev/stable 0.15.3-1 all
  extension to the Go standard library (library)

golang-github-bradfitz-iter-dev/stable 0.0~git20191230.e8f45d3-2 all
  Range over integers [0,n). Seriously, that's it.

golang-github-brentp-bix-dev/stable 0.0~git20190718.00aa7a7+ds-2 all
  Tabix file access with golang using biogo machinery (library)

golang-github-brentp-goluaez-dev/stable 0.0~git20160116.dd35d08-2 all
  Easy embedding Lua in go

golang-github-bsm-redeo-dev/stable 2.1.1-5 all
  Framework for building redis-compatible TCP services

golang-github-bsphere-le-go-dev/stable 0.0~git20170215.0.7a984a8-1.1 all
  Golang library for logentries.com

golang-github-canonical-candid-dev/stable 1.12.3-1 all
  Candid Identity Manager Service (library)

golang-github-charmbracelet-lipgloss-dev/stable 0.12.1-2 all
  style definitions for nice terminal layouts 👄 (Go library)

golang-github-charmbracelet-x-dev/stable 0.0~git20240809.9ab0ca0+ds-2 all
  Charm's collection of experimental packages (library)

golang-github-cli-oauth-dev/stable 1.0.1-1 all
  perform OAuth Device flow and Web application flow (Go library)

golang-github-cloudflare-tableflip-dev/stable 1.2.1~git20200514.4baec98-4 all
  Graceful process restarts in Go (library)

golang-github-clusterhq-flocker-go-dev/stable 0.0~git20160209.0.1c0a791-3 all
  Flocker go library

golang-github-container-orchestrated-devices-container-device-interface-dev/stable 0.8.0-5 all
  Transitional package for golang-tags.cncf-container-device-interface-dev

golang-github-containerd-nri-dev/stable 0.6.1-2 all
  Node Resource Interface (library)

golang-github-containerd-nydus-snapshotter-dev/stable 0.13.4-2.1 all
  A containerd snapshotter with data deduplication and lazy loading (library)

golang-github-containerd-ttrpc-dev/stable 1.2.4-2 all
  GRPC for low-memory environments

golang-github-containernetworking-plugins-dev/stable 1.1.1+ds1-3 all
  standard networking plugins - sources

golang-github-containers-luksy-dev/stable 0.0~git20240812.2e7307c+ds1-1 all
  offline encryption/decryption using LUKS formats (library)

golang-github-cosiner-argv-dev/stable 0.1.0-3 all
  Argv allows splitting a command line string into an arguments slice

golang-github-creasty-defaults-dev/stable 1.7.0-1 all
  Initialize structs with default values (library)

golang-github-cretz-bine-dev/stable 0.2.0+ds-2 all
  Go library for accessing and embedding Tor clients and servers

golang-github-crossdock-crossdock-go-dev/stable 0.0~git20160816.049aabb-3 all
  Go client for Crossdock

golang-github-cyberdelia-heroku-go-dev/stable 5.5.0-1 all
  Heroku Platform API Go Client

golang-github-d2r2-go-i2c-dev/stable 0.0~git20191123.73a8a79-3 all
  I2C-bus interaction of peripheral sensors with single-board computers (library)

golang-github-davecgh-go-xdr-dev/stable 0.0~git20161123.e6a2ba0-2 all
  Pure Go XDR standard (RFC 4506) implementation

golang-github-denverdino-aliyungo-dev/stable 0.0~git20180921.13fa8aa-4 all
  Go SDK for Aliyun (Alibaba Cloud)

golang-github-docker-go-metrics-dev/stable 0.0.1-2 all
  Package for metrics collection in Docker projects

golang-github-docker-libkv-dev/stable 0.2.1-4 all
  Key/Value store abstraction library

golang-github-emicklei-go-restful-dev/stable 3.10.2-1 all
  build REST-style Web Services using Google Go

golang-github-emicklei-go-restful-swagger12-dev/stable 1.0.1-3 all
  Swagger 1.2 extension to the go-restful package

golang-github-ergochat-readline-dev/stable 0.1.3-2 all
  readline implementation in pure Go (library)

golang-github-euank-go-kmsg-parser-dev/stable 2.0.1-2 all
  simpler parser for the /dev/kmsg format (library)

golang-github-fatih-camelcase-dev/stable 1.0.0-2 all
  CamelCase is a Go package to split the words of a camelcase

golang-github-francoispqt-gojay-dev/stable 1.2.13-5 all
  JSON encoder/decoder golang library with powerful stream API

golang-github-freddierice-go-losetup-dev/stable 2.0.1+ds1-1.1 all
  Interact with losetup in Golang (library)

golang-github-fullsailor-pkcs7-dev/stable 0.0~git20210826.33d0574-3 all
  Implements a subset of PKCS#7/Crytpographic Message Syntax

golang-github-geertjohan-go.rice-dev/stable 1.0.2-1 all
  Go package for embedding web resources into Go executables

golang-github-glendc-go-external-ip-dev/stable 0.1.0-2 all
  get your external ip from multiple services (library)

golang-github-go-chi-chi-dev/stable 5.2.0-1 all
  lightweight, idiomatic and composable router for building Go HTTP services

golang-github-go-enry-go-license-detector-dev/stable 4.3.0+git20221007.a3a1cc6-3 all
  Reliable project licenses detector (library)

golang-github-go-kit-kit-dev/stable 0.13.0-7 all
  Programming toolkit for microservices

golang-github-go-kit-log-dev/stable 0.2.1-1 all
  minimal and extensible structured logger (Go library)

golang-github-go-macaron-toolbox-dev/stable 0.0~git20170220.0.6766b8f-7 all
  health check, pprof, profile and statistic services for Macaron

golang-github-go-ozzo-ozzo-validation.v4-dev/stable 4.3.0-2 all
  idiomatic Go (golang) validation package.

golang-github-go-playground-validator-v10-dev/stable 10.4.1-4 all
  Go library for struct and field validation

golang-github-go-resty-resty-dev/stable 2.10.0-2 all
  Simple HTTP and REST client library for Go

golang-github-go-viper-mapstructure-dev/stable 2.2.1-1 all
  decode generic map values into native Go structures and vice versa (library)

golang-github-go-xorm-builder-dev/stable 0.3.3-3.1 all
  SQL builder for XORM written in Go

golang-github-google-go-sev-guest-dev/stable 0.13.0-1 all
  attestation verification reporting via /dev/sev-guest (library)

golang-github-google-go-tdx-guest-dev/stable 0.3.1-2 all
  wrap /dev/tdx-guest and attestation verification (library)

golang-github-google-go-tpm-dev/stable 0.9.3-1 all
  communicate directly with a TPM device (library)

golang-github-google-gousb-dev/stable 1.1.3-1 all
  provides low-level interface for accessing USB devices (library)

golang-github-google-martian-dev/stable 3.3.2-3 all
  Martian is a library for building custom HTTP/S proxies

golang-github-google-s2a-go-dev/stable 0.1.8-1 all
  Secure Session Agent Client Libraries (library)

golang-github-google-uuid-dev/stable 1.6.0-1 all
  generates and inspects UUIDs based on RFC 4122

golang-github-googleapis-enterprise-certificate-proxy-dev/stable 0.3.6-1 all
  Google Proxies for Enterprise Certificates (library)

golang-github-gookit-color-dev/stable 1.5.4-3 all
  Terminal color rendering library written in Go

golang-github-gophercloud-gophercloud-dev/stable 1.4.0-1 all
  OpenStack SDK for Go

golang-github-gorgonia-vecf32-dev/stable 0.9.0-2 all
  vecf32 provides methods for slices of float32 (library)

golang-github-gorgonia-vecf64-dev/stable 0.9.0-2 all
  vecf64 provides methods for slices of float64 (Go library)

golang-github-gorilla-csrf-dev/stable 1.7.2+ds1-2 all
  Cross Site Request Forgery (CSRF) prevention middleware for Go

golang-github-grpc-ecosystem-go-grpc-middleware-dev/stable 2.1.0-2 all
  Go gRPC Middlewares: interceptor chaining, auth, logging, retries and more

golang-github-grpc-ecosystem-grpc-gateway-dev/stable 2.20.0-2 all
  gRPC to JSON proxy generator for Golang -- sources

golang-github-hanwen-usb-dev/stable 0.0~git20141217.69aee45-3 all
  CGO bindings for libusb

golang-github-hashicorp-atlas-go-dev/stable 0.0~git20230125.46e9b3e-1 all
  official Go client for HashiCorp's Atlas

golang-github-hashicorp-go-checkpoint-dev/stable 0.5.0-3 all
  Go Checkpoint Client

golang-github-hashicorp-go-multierror-dev/stable 1.1.1-2 all
  Go package for representing a list of errors as a single error

golang-github-hashicorp-mdns-dev/stable 1.0.5-1 all
  simple mDNS client/server library in Golang

golang-github-hashicorp-scada-client-dev/stable 0.0~git20160601.0.6e89678-2.1 all
  Golang client to the HashiCorp SCADA system

golang-github-hashicorp-serf-dev/stable 0.10.1-1 all
  Service orchestration and management tool (source)

golang-github-hashicorp-terraform-svchost-dev/stable 0.0.1-1 all
  handling of friendly hostnames for terraform

golang-github-huin-goupnp-dev/stable 0.0~git20171001.0.b388724-1.1 all
  UPnP library for Go

golang-github-iguanesolutions-go-systemd-dev/stable 5.1.0-2 all
  Golang bindings for systemd (library)

golang-github-inconshreveable-log15-dev/stable 2.15-2 all
  structured, composable logging for Go

golang-github-inconshreveable-muxado-dev/stable 0.0~git20140312.0.f693c7e-2.1 all
  Stream multiplexing for Go

golang-github-influxdata-toml-dev/stable 0.0~git20160905.0.ad49a5c-1.1 all
  TOML parser and encoder library for Golang

golang-github-invopop-jsonschema-dev/stable 0.13.0-2 all
  Generate JSON Schemas from Go types (library)

golang-github-ionos-cloud-sdk-go-dev/stable 6.3.2-1 all
  Go API client for IONOS Cloud

golang-github-itchyny-go-flags-dev/stable 1.5.0-3 all
  Go library for parsing command line arguments (itchyny's fork)

golang-github-jackc-pgservicefile-dev/stable 0.0~git20231201.de7065d-1 all
  parser for PostgreSQL service files (e.g. .pg_service.conf)

golang-github-jacobsa-gcloud-dev/stable 0.0~git20150709-3 all
  convenience wrapper around google cloud platform APIs

golang-github-jacobsa-ogletest-dev/stable 0.0~git20170503.80d50a7-2 all
  unit testing framework for Go

golang-github-jaypipes-pcidb-dev/stable 1.0.1-1 all
  Small golang library for querying PCI database (pciids) information (library)

golang-github-jaytaylor-html2text-dev/stable 0.0~git20211013.90c08c5-2 all
  Turns HTML into a plain-text equivalent

golang-github-jcmturner-gokrb5.v8-dev/stable 8.4.3-2 all
  Pure Go Kerberos library for clients and services

golang-github-jesseduffield-generics-dev/stable 0.0~git20250406.4f541cb-1 all
  extensions on the official Go generics packages (library)

golang-github-jhillyerd-enmime-dev/stable 0.9.3-5 all
  MIME mail encoding and decoding package for Go (library)

golang-github-jinzhu-copier-dev/stable 0.3.2-2 all
  Copy value from struct to struct and more (library)

golang-github-jmoiron-sqlx-dev/stable 1.3.5-1 all
  General purpose extensions to Golang's database/sql library

golang-github-josharian-native-dev/stable 1.1.0-1 all
  Easy to use native encoding/binary.ByteOrder (library)

golang-github-jouyouyun-hardware-dev/stable 0.1.8-1 all
  Golang Library for Get hardware info

golang-github-joyent-gocommon-dev/stable 0.0~git20161202.b787089-4 all
  common Go library for Joyent's Triton and Manta

golang-github-jsternberg-zap-logfmt-dev/stable 1.0.0-1.1 all
  logfmt for zap

golang-github-jteeuwen-go-bindata-dev/stable 3.0.7+git20151023.72.a0ff256-4 all
  embed data in a Go program - library package

golang-github-juju-aclstore-dev/stable 2.1.0-2 all
  Simple persistent store for ACLs, with HTTP API (library)

golang-github-juju-names-dev/stable 4.0.0-2 all
  Package to deal with juju names (services, units, machines, etc) (library)

golang-github-juju-usso-dev/stable 1.0.1-2 all
  Ubuntu single sign-on library

golang-github-jung-kurt-gofpdf-dev/stable 2.17.2+ds-3 all
  PDF document generator with high level support for text, drawing and images

golang-github-justinas-alice-dev/stable 1.2.0-2 all
  Painless middleware chaining for Go

golang-github-kardianos-minwinsvc-dev/stable 1.0.0-2 all
  Stub for portability to Windows (library)

golang-github-kardianos-service-dev/stable 1.2.2-1 all
  run Go programs as a service on major platforms

golang-github-libdns-libdns-dev/stable 0.2.0-2 all
  Core interfaces for universal DNS record manipulation across providers

golang-github-linuxdeepin-go-dbus-factory-dev/stable 1.9.6-3 all
  Go binding code for automatically generating DBus services (library)

golang-github-linuxkit-virtsock-dev/stable 0.0~git20220523.1a23e78+ds-1 all
  Go bindings for Hyper-V and virtio sockets

golang-github-makeworld-the-better-one-dither-dev/stable 2.4.0-2 all
  fast, correct image dithering library in Go

golang-github-marstr-collection-dev/stable 0.3.3+git20171004.e631537-1.1 all
  implementation of a few basic data structures

golang-github-mdlayher-raw-dev/stable 0.1.0-2 all
  Read and write data at the raw network interface device level

golang-github-mdlayher-vsock-dev/stable 1.2.1-2 all
  Vsock provides access to Linux VM sockets (AF_VSOCK)

golang-github-mdlayher-wifi-dev/stable 0.4.0-1 all
  access to IEEE 802.11 Wi-Fi device actions and statistics (library)

golang-github-mendersoftware-go-lib-micro-dev/stable 0.0~git20211108.4e20429+ds1-2 all
  Group of golang packages for developing microservices. (library)

golang-github-mendersoftware-mender-artifact-dev/stable 3.9.0+ds1-2 all
  Library for managing Mender artifact files

golang-github-microsoft-dev-tunnels-dev/stable 0.0.25-2 all
  Dev Tunnels SDK (Go library)

golang-github-mimuret-golang-iij-dpf-dev/stable 0.9.1-2 all
  IIJ DNS Platform Service API for Go (library)

golang-github-minio-madmin-go-dev/stable 3.0.104-1 all
  client SDK providing APIs to manage MinIO services (library)

golang-github-mitchellh-copystructure-dev/stable 1.2.0-1 all
  library for deep copying values in Go

golang-github-mitchellh-mapstructure-dev/stable 1.5.0+git20231216.8508981-1 all
  library for decoding generic map values into native Go structures

golang-github-muesli-combinator-dev/stable 0.3.0-1.1 all
  slice generator for all possible combinations of values

golang-github-muhlemmer-gu-dev/stable 0.3.1-2 all
  Generic Utilities for the Go programming language (library)

golang-github-muka-go-bluetooth-dev/stable 5.60-3 all
  Golang bluetooth client based on bluez DBus interfaces (library)

golang-github-mvdan-fdroidcl-dev/stable 0.7.0-1 all
  fdroidcl develpoment files

golang-github-nats-io-nats-server-dev/stable 2.10.27-1 all
  High-Performance server for NATS.io (library)

golang-github-nbutton23-zxcvbn-go-dev/stable 0.1-2.1 all
  Strong password generator in Go

golang-github-nebulouslabs-entropy-mnemonics-dev/stable 0.0~git20170316.0.7b01a64-1.1 all
  Human readable entropy.

golang-github-nebulouslabs-go-upnp-dev/stable 0.0~git20171003.0.1be4557-1.1 all
  Opinionated interface to Internet Gateway Devices

golang-github-nkovacs-streamquote-dev/stable 1.0.0-5 all
  Go package providing a streaming version of strconv.Quote

golang-github-nrdcg-goinwx-dev/stable 0.8.1-1.2 all
  INWX Go API client

golang-github-odeke-em-ripper-dev/stable 0.0~git20150415.0.bd1a682-4 all
  scrape licenses out of files -- library

golang-github-okzk-sdnotify-dev/stable 0.0~git20180710.d9becc3-4 all
  systemd's service notification protocol (sd_notify)

golang-github-openpubkey-opkssh-dev/stable 0.4.0-1 all
  OpenPubkey SSH tools for OpenID SSH logins (library)

golang-github-paypal-gatt-dev/stable 0.0~git20151011.4ae819d-3 all
  building Bluetooth Low Energy peripherals

golang-github-pborman-uuid-dev/stable 1.2.0-2 all
  Go bindings to work with UUIDs

golang-github-pion-ice.v2-dev/stable 2.3.1-2 all
  Go implementation of ICE (library)

golang-github-prometheus-community-go-runit-dev/stable 0.1.0-3 all
  Go library wrapping runit service status

golang-github-prometheus-sigv4-dev/stable 0.1.2-2 all
  Go http.RoundTripper for signing requests using AWS SigV4 (library)

golang-github-protocolbuffers-txtpbfmt-dev/stable 0.0~git20241112.20d2c9e-2 all
  modify text proto files preserving comments (Go library)

golang-github-rancher-go-rancher-metadata-dev/stable 0.0~git20200311.7f4c936-3 all
  Go Bindings for Rancher-metadata service (library)

golang-github-ryanuber-columnize-dev/stable 2.1.1-2 all
  Easy column formatted output for golang

golang-github-safchain-ethtool-dev/stable 0.5.10-1 all
  simple ethtool-like library for Go

golang-github-sanity-io-litter-dev/stable 1.5.5-1 all
  Pretty printer library for Go data structures to aid in debugging and testing

golang-github-saracen-walker-dev/stable 0.1.2-1 all
  walker is a faster, parallel version, of filepath.Walk

golang-github-sercand-kuberesolver-dev/stable 5.1.1-1 all
  Grpc Load Balancer with Kubernetes resolver (library)

golang-github-sethvargo-go-fastly-dev/stable 1.2.1+git20190805.5c6c8bd-3 all
  Fastly API client library

golang-github-shenwei356-bpool-dev/stable 0.0~git20160710.f9e0ee4-3 all
  Buffer/Byte pool for Go (library)

golang-github-shogo82148-go-shuffle-dev/stable 0.0~git20180218.27e6095-1 all
  Primitives for shuffling slices and user-defined collections in Go

golang-github-sigstore-sigstore-dev/stable 1.9.3-2 all
  Common go library shared across sigstore services and clients (library)

golang-github-sigstore-timestamp-authority-dev/stable 1.2.3-2 all
  Sigstore RFC3161 Timestamp Authority (Go library)

golang-github-sjoerdsimons-ostree-go-dev/stable 0.0~git20201014.8fae757-2 all
  Golang bindings for OSTree

golang-github-skip2-go-qrcode-dev/stable 0.0~git20200617.da1b656-4 all
  QR Code encoder (Go library)

golang-github-smallstep-pkcs7-dev/stable 0.2.1-3 all
  Implements a subset of PKCS #7 / Cryptographic Message Syntax

golang-github-smartystreets-go-aws-auth-dev/stable 1.0.0-1 all
  Go library to signs requests to Amazon Web Services

golang-github-smira-go-aws-auth-dev/stable 0.0~git20160320.0070896-1.1 all
  signs requests to Amazon Web Services

golang-github-soheilhy-cmux-dev/stable 0.1.5-2 all
  serve different services on the same port

golang-github-songgao-water-dev/stable 0.0~git20200317.2b4b6d7-2 all
  Simple TUN/TAP library for Go language

golang-github-spdx-tools-golang-dev/stable 0.5.5-2 all
  Collection of Go packages to work with SPDX files (library)

golang-github-spkg-bom-dev/stable 0.0~git20160624.59b7046-3 all
  Strip UTF-8 byte order marks

golang-github-stratoberry-go-gpsd-dev/stable 1.3.0-1 all
  GPSD client

golang-github-stretchr-objx-dev/stable 0.5.2-1 all
  Go package for dealing with maps, slices, JSON and other data

golang-github-suapapa-go-eddystone-dev/stable 1.3.1-1 all
  golang library for supporting Eddystone

golang-github-svent-go-flags-dev/stable 1-2 all
  go library for parsing command line arguments

golang-github-syncthing-syncthing-dev/stable 1.29.5~ds1-2 all
  decentralized file synchronization - dev package

golang-github-t3rm1n4l-go-mega-dev/stable 0.0~git20230228.a01a2cd-2 all
  Client library in go for mega.co.nz storage service (library)

golang-github-tdewolff-argp-dev/stable 0.0~git20240625.87b04d5-1 all
  GNU command line argument parser (Go library)

golang-github-tdewolff-parse-dev/stable 2.7.15-1 all
  Go parsers for web formats

golang-github-tent-http-link-go-dev/stable 0.0~git20130702.0.ac974c6-6 all
  HTTP Link parsing in Go

golang-github-texttheater-golang-levenshtein-dev/stable 1.0.1-2 all
  Go implementation of the Levenshtein algorithm (library)

golang-github-thejerf-suture-dev/stable 4.0.1-1 all
  supervisor trees for Go

golang-github-tillitis-tkeyclient-dev/stable 1.1.0-2 all
  Tillitis TKey client functions (Go library)

golang-github-tillitis-tkeysign-dev/stable 1.0.1-2 all
  Tillitis TKey signer functions (library)

golang-github-tink-crypto-tink-go-awskms-dev/stable 2.1.0-2 all
  Extension to Tink Go that provides AWS KMS integration (library)

golang-github-tink-crypto-tink-go-gcpkms-dev/stable 2.2.0-2 all
  Extension to Tink Go for Google Cloud KMS integration (library)

golang-github-tklauser-numcpus-dev/stable 0.3.0-2 all
  Go module to get the number of CPUs (library)

golang-github-tobi-airbrake-go-dev/stable 0.0~git20150109-3 all
  Go library to report exceptions and errors to the Airbrake service

golang-github-twotwotwo-sorts-dev/stable 0.0~git20160814.bf5c1f2-3 all
  Parallel and radix sorting in Go

golang-github-victoriametrics-easyproto-dev/stable 0.1.4-2 all
  simple building blocks for protobuf marshaling and unmarshaling (library)

golang-github-vividcortex-mysqlerr-dev/stable 0.0~git20210426.69f897f-1 all
  MySQL Server Error Constants

golang-github-xanzy-go-cloudstack-dev/stable 2.9.0-1 all
  Golang API client to interact with Apache CloudStack

golang-github-xordataexchange-crypt/stable 0.0.2+git20170626.21.b2862e3-4+b8 arm64
  Store/retrieve encrypted configs from etcd or Consul (CLI tool)

golang-github-xordataexchange-crypt-dev/stable 0.0.2+git20170626.21.b2862e3-4 all
  Store/retrieve encrypted configs from etcd or Consul (Go library)

golang-github-xtaci-kcp-dev/stable 5.6.1-2 all
  Full-Featured Reliable-UDP Library for golang

golang-github-xtaci-smux-dev/stable 1.5.16+ds-1 all
  Simple Multiplexing for golang

golang-github-yalue-merged-fs-dev/stable 1.3.0-1.1 all
  compose multiple Go filesystems

golang-github-youmark-pkcs8-dev/stable 1.1-3 all
  Go package to parse and convert private keys in PKCS#8 format (library)

golang-github-yourbasic-graph-dev/stable 1.0.5-3 all
  graph algorithms and data structures

golang-github-yudai-golcs-dev/stable 0.0~git20170316.ecda9a5-3 all
  Go Longest Common Subsequence

golang-github-zalando-go-keyring-dev/stable 0.2.4-1 all
  Cross-platform keyring interface for Go (library)

golang-github-zmap-zcrypto-dev/stable 0.0~git20240512.0fef58d-2 all
  Liberal Go TLS + X.509 Library for Research

golang-gitlab-gitlab-org-gitaly-dev/stable 16.11.6+ds1-4 all
  Gitaly golang module

golang-gitlab-gitlab-org-labkit-dev/stable 1.17.0-4 all
  LabKit provides functionality for Go services at GitLab

golang-gonum-v1-gonum-dev/stable 0.15.1-1 all
  set of numeric libraries for the Go programming language

golang-google-api-dev/stable 0.61.0-6 all
  Google APIs Client Library

golang-google-grpc-dev/stable 1.64.0-7 all
  implementation of gRPC in Go

golang-gopkg-eapache-queue.v1-dev/stable 1.1.0-2 all
  fast golang queue using ring-buffer

golang-gopkg-freddierice-go-losetup.v1-dev/stable 0.0~git20170407.fc9adea-1.1 all
  Golang losetup implementation

golang-gopkg-hlandau-service.v2-dev/stable 2.0.17-2 all
  Go package for writing services

golang-gopkg-hlandau-svcutils.v1-dev/stable 1.0.10-7 all
  utilities for writing services in Go

golang-gopkg-jcmturner-gokrb5.v5-dev/stable 5.3.0+dfsg-2 all
  Pure Go Kerberos library for clients and services

golang-gopkg-olivere-elastic.v2-dev/stable 2.0.12-2 all
  Elasticsearch client for Golang

golang-gopkg-olivere-elastic.v5-dev/stable 5.0.83-1 all
  Elasticsearch client for Golang

golang-gopkg-yaml.v3-dev/stable 3.0.1-3 all
  YAML support for the Go language

golang-grpc-gateway/stable 2.20.0-2+b10 arm64
  gRPC to JSON proxy generator for Golang -- binaries

golang-k8s-apiserver-dev/stable 0.20.15-2 all
  Library for writing a Kubernetes-style API server. (library)

golang-k8s-kms-dev/stable 0.32.3-1 all
  Kubernetes KMS implementation (library)

golang-k8s-kube-openapi-dev/stable 0.0~git20241212.2c72e55-2 all
  Kubernetes OpenAPI spec generation & serving (library)

golang-k8s-sigs-kustomize-api-dev/stable 0.19.0+ds-1 all
  Core API components and utilities for Kustomize (library)

golang-layeh-gopher-luar-dev/stable 1.0.4-1.1 all
  Simplifies data passing between Go and GopherLua

golang-modernc-internal-dev/stable 1.0.0-2 all
  modernc-specific internals

golang-pault-go-gecos-dev/stable 1.0-1.1 all
  read GECOS entries from /etc/passwd programmatically

golang-pault-go-ykpiv-dev/stable 1.3.4-2 all
  high level cgo wrapper around libykpiv.so.1

golang-rice/stable 1.0.2-1+b22 arm64
  tool for embedding web resources into Go executables

golang-tags.cncf-container-device-interface-dev/stable 0.8.0-5 all
  container device interface

golang-thrift-dev/stable 0.19.0-4 all
  Go language support for Thrift

goldencheetah/stable 1:3.5-7 arm64
  set of analysis tools for cycling performance

goldeneye/stable 1.2.0+git20191230-2 all
  HTTP DoS test tool

gorm.app/stable 1.5.0-1 arm64
  Visual Interface Builder for GNUstep

gpart/stable 1:0.3-10+b1 arm64
  Guess PC disk partition table, find lost partitions

gparted/stable 1.6.0-2 arm64
  GNOME partition editor

gparted-common/stable 1.6.0-2 all
  GNOME partition editor -- common data

gpaste-2/stable 45.3-1 arm64
  Clipboard management system for GNOME

gpg-wks-client/stable,now 2.4.7-21+deb13u1+b4 arm64 [installed,automatic]
  GNU privacy guard - Web Key Service client

gpg-wks-server/stable 2.4.7-21+deb13u1+b4 arm64
  GNU privacy guard - Web Key Service server

gpgsm/stable,now 2.4.7-21+deb13u1+b4 arm64 [installed,automatic]
  GNU privacy guard - S/MIME version

gpiod/stable 2.2.1-2+deb13u1 arm64
  Tools for interacting with Linux GPIO character device - binary

gpsbabel/stable 1.10.0+ds-1 arm64
  GPS file conversion plus transfer to/from GPS units

gpsbabel-doc/stable 1.10.0+ds-1 all
  GPS file conversion plus transfer to/from GPS units - documentation

gpsd/stable 3.25-5+deb13u1 arm64
  Global Positioning System - daemon

gpsd-clients/stable 3.25-5+deb13u1 arm64
  Global Positioning System - clients

gpsd-tools/stable 3.25-5+deb13u1 arm64
  Global Positioning System - tools

gpsprune/stable 25.2-1 all
  visualize, edit, convert and prune GPS data

gpx/stable 2.6.8-1+b1 arm64
  Gcode to x3g conversion post processor

gr-limesdr/stable 3.0.1.10.69-3+b15 arm64
  LimeSDR blocks for GnuRadio

gr-osmosdr/stable 0.2.6-4 arm64
  Gnuradio blocks from the OsmoSDR project

grabix/stable 0.1.7-5 arm64
  wee tool for random access into BGZF files

gradle-ice-builder-plugin/stable 1.4.5-2 all
  Gradle plug-in for developing Ice applications in Java

grail-tools/stable 3.1.1-4+b2 arm64
  Gesture Recognition And Instantiation Library - test tools

gramadoir/stable 0.7-5 all
  Irish language grammar checker (integration scripts)

gramophone2/stable 0.8.13a-3.5 arm64
  GRAMophone II is an algorithmic music generator

grap/stable 1.49-1 arm64
  program for typesetting graphs

greaseweazle/stable 1.22+dfsg-1 arm64
  Host tools for Greaseweazle

grep/stable,now 3.11-4+b1 arm64 [installed]
  GNU grep, egrep and fgrep

gridengine-client/stable 8.1.9+dfsg-13.1 arm64
  Utilities for Grid Engine queue management

gridengine-common/stable 8.1.9+dfsg-13.1 all
  Distributed resource management - common files

gridengine-dev/stable 8.1.9+dfsg-13.1 all
  Distributed resource management - development files

gridengine-exec/stable 8.1.9+dfsg-13.1 arm64
  Distributed resource management - Execution Server

gridengine-master/stable 8.1.9+dfsg-13.1 arm64
  Distributed resource management - Master Server

gridengine-qmon/stable 8.1.9+dfsg-13.1 arm64
  Graphical utilities for Grid Engine queue management

grilo-plugins-0.3/stable 0.3.16-5 arm64
  Framework for discovering and browsing media - Plugins

grip/stable 4.6.1-2 all
  Preview GitHub Markdown files like Readme locally

grml-debootstrap/stable 0.121 all
  installer for pure Debian

grml2usb/stable 0.20.6 all
  install Grml system / ISO to USB device

groff/stable 1.23.0-9 arm64
  GNU troff text-formatting system

groff-base/stable 1.23.0-9 arm64
  GNU troff text-formatting system (base system components)

gromit-mpx/stable 1.7.0-1 arm64
  GTK+ based tool to make annotations on screen with multiple pointers

group-service/stable 1.4.0-3+b1 arm64
  Manage local user groups via DBus

gsalliere/stable 0.10-3.1 all
  Bridge duplicate scorer (GUI frontend)

gsmartcontrol/stable 2.0.2-1 arm64
  graphical user interface for smartctl

gsoap/stable 2.8.135-2 arm64
  Stub generators for gSOAP

gsoap-doc/stable 2.8.135-2 all
  gSOAP documentation

gsocket/stable 1.4.43-4+b1 arm64
  Allows two machines on different networks to communicate with each other

gss-doc/stable 1.0.4-4 all
  Documentation for GSS (except man pages)

gss-man/stable 1.0.4-4 all
  Man pages for GSS

gssdp-tools/stable 1.6.4-1~deb13u1 arm64
  GObject-based library for SSDP (tools)

gstreamer1.0-libcamera/stable 0.4.0-7 arm64
  complex camera support library (GStreamer plugin)

gstreamer1.0-nice/stable 0.1.22-1 arm64
  ICE library (GStreamer plugin)

gstreamer1.0-pipewire/stable 1.4.2-1 arm64
  GStreamer 1.0 plugin for the PipeWire multimedia server

gstreamer1.0-plugins-good/stable 1.26.2-1+deb13u2 arm64 [upgradable from: 1.26.2-1]
  GStreamer plugins from the "good" set

gthd/stable 0.0.3-1+b4 arm64
  DBus service to monitor thermal information

gtk-meshtastic-client/stable 1.2-1 all
  Unofficial Meshtastic Client in GTK4/Libadwaita

gtk2-engines/stable 1:2.20.2-8 arm64
  theme engines for GTK 2.x

gtranscribe/stable 0.11-4 all
  simple GTK+ tool focused on easy transcription of spoken words

guerillabackup/stable 0.5.0-1.1 all
  resilient, distributed backup and archiving solution

guile-avahi/stable 0.4.1-3 arm64
  guile bindings for avahi

guitarix/stable 0.46.0+dfsg-1+b1 arm64
  Rock guitar amplifier for JACK

guitarix-common/stable 0.46.0+dfsg-1 all
  Guitarix - Common files

guitarix-doc/stable 0.46.0+dfsg-1 all
  Guitarix - Development documentation

guitarix-lv2/stable 0.46.0+dfsg-1+b1 arm64
  Guitarix - LV2 plugins

gummi/stable 0.8.3+really0.8.3-5 arm64
  simple LaTeX editor with live preview

gupnp-tools/stable 0.12.2-1+b1 arm64
  tools for testing UPnP devices and control points

guvcview/stable 2.2.1-1 arm64
  GTK+ base UVC Viewer

gvb/stable 1.4-1.1 all
  visual simulator of 1 and 2-dimensional vibrations

gxw-glade/stable 0.46.0+dfsg-1+b1 arm64
  Guitarix - GTK+ library Glade support

gyrus/stable 0.4.2-1.1+b2 arm64
  GNOME tool for Cyrus-IMAP servers administration

h5utils/stable 1.13.2-2 arm64
  HDF5 files visualization tools

hackrf/stable 2024.02.1-3 arm64
  Software defined radio peripheral - utilities

hackrf-doc/stable 2024.02.1-3 all
  Software defined radio peripheral - documentation

hackrf-firmware/stable 2024.02.1-3 all
  Firmware for HackRF devices

hamexam/stable 1.11.2-1 all
  Study tool for USA FCC amateur radio (ham) exams.

hamradio-digitalvoice/stable 0.10 all
  Debian Hamradio Digital Voice Packages

hamradio-files/stable 20250523 all
  Ham radio call sign and prefix lists

hamradio-maintguide/stable 0.7 all
  Debian Hamradio Maintainers Guide

handbrake/stable 1.9.2+ds1-1+b1 arm64
  versatile DVD ripper and video transcoder (GTK+ GUI)

handbrake-cli/stable 1.9.2+ds1-1+b1 arm64
  versatile DVD ripper and video transcoder (command line)

hapolicy/stable 1.35-10 all
  Balancing and fallback postfix policy delegation service

hashrat/stable 1.25+ds-1 arm64
  hashing tool supporting several hashes and recursivity

haskell-what4-utils/stable 1.5.1-4+b2 arm64
  Solver-agnostic symbolic values support for issuing queries

hatop/stable 0.8.2-2 all
  interactive ncurses client for haproxy

haveged/stable 1.9.19-12+deb13u1 arm64
  Linux entropy source using the HAVEGE algorithm

hcxdumptool/stable 6.3.5-1 arm64
  Small tool to capture packets from wlan devices

hdparm/stable 9.65+ds-1.1+b1 arm64
  tune hard disk parameters for high performance

headache/stable 1.08-2 arm64
  Tool to manage license notes of source files

heartbleeder/stable 0.1.1-9+b18 arm64
  test servers for OpenSSL CVE-2014-0160 aka Heartbleed

heat-api/stable 1:24.0.0-2 all
  OpenStack orchestration service - API server

heat-api-cfn/stable 1:24.0.0-2 all
  OpenStack orchestration service - CFN API

heat-common/stable 1:24.0.0-2 all
  OpenStack orchestration service - common files

heat-doc/stable 1:24.0.0-2 all
  OpenStack orchestration service - Documentation

heat-engine/stable 1:24.0.0-2 all
  OpenStack orchestration service - engine

heimdall-flash/stable 2.1.0-1 arm64
  tool for flashing firmware on Samsung Galaxy S devices

heimdall-flash-frontend/stable 2.1.0-1 arm64
  tool for flashing firmware on Samsung Galaxy S devices - Qt GUI

hercules/stable 3.13-8+b1 arm64
  System/370, ESA/390 and z/Architecture Emulator

hesiod/stable 3.2.1-5 arm64
  Project Athena's DNS-based directory service - utilities

hexedit/stable 1.6-2 arm64
  viewer and editor in hexadecimal or ASCII for files or devices

hfd-service/stable 0.2.3-1 arm64
  system D-Bus service for accessing human feedback devices

hfd-service-tools/stable 0.2.3-1 arm64
  Tools to detect and configure devices

hhsuite/stable 3.3.0+ds-8+b3 arm64
  sensitive protein sequence searching based on HMM-HMM alignment

hidl-gen/stable 10.0.0+r36-3.1+b1 arm64
  Compiler for the HIDL

hinawa-utils/stable 0.4.0-1 all
  Utilities to control Audio and Music units on FireWire (IEEE1394)

hintview/stable 2.1.0-1 arm64
  Program to view HINT files

hipercontracer/stable 1.6.10-1+b1 arm64
  Command-line programs for HiPerConTracer

hipercontracer-trigger/stable 1.6.10-1+b1 arm64
  Triggered HiPerConTracer service

hobbit-plugins/stable 20230301 all
  plugins for the Xymon network monitor

horizon-doc/stable 3:25.3.0-3+deb13u1 all
  web application to control an OpenStack cloud - doc

hp-ppd/stable 0.9+nmu2 all
  HP Postscript Printer Definition (PPD) files

hpanel/stable 0.3.2-8+b2 arm64
  minimalist panel for X

hplip/stable 3.22.10+dfsg0-8.1 arm64
  HP Linux Printing and Imaging System (HPLIP)

hprof-conv/stable 34.0.5-12 arm64
  HPROF Converter

html2wml/stable 0.4.11+dfsg-2 all
  converts HTML pages to WML (WAP) or i-mode pages

htp/stable 1.19-8+b1 arm64
  nice HTML pre-processor

httpie/stable 3.2.4-3 all
  CLI, cURL-like tool for humans

httpie-aws-authv4/stable 0.3.0-2 all
  AWS Signature v4 Signing Process authentication plugin for HTTPie

hugo-mx-gateway/stable 0.2.2+ds1-3+b19 arm64
  Contact/demo forms handler for static websites (program)

humanfriendly/stable 10.0-6 all
  Helper command for the humanfriendly Python3 library

hunspell/stable 1.7.2+really1.7.2-10+b4 arm64
  spell checker and morphological analyzer (program)

hunspell-af/stable 1:25.2.3-1 all
  Afrikaans dictionary for hunspell

hunspell-an/stable 1:25.2.3-1 all
  Aragonese dictionary for hunspell

hunspell-be/stable 0.60-1 all
  Belarusian dictionary for hunspell and academic orthography

hunspell-bg/stable 1:25.2.3-1 all
  Bulgarian dictionary for hunspell

hunspell-bn/stable 1:25.2.3-1 all
  Bengali dictionary for hunspell

hunspell-br/stable 0.14-1 all
  Breton language dictionary for hunspell

hunspell-bs/stable 1:25.2.3-1 all
  Bosnian dictionary for hunspell

hunspell-ca/stable 3.0.9+repack1-2 all
  Catalan dictionaries for hunspell

hunspell-cs/stable 1:25.2.3-1 all
  Czech dictionary for hunspell

hunspell-da/stable 1:25.2.3-1 all
  Danish dictionary for hunspell

hunspell-de-at-frami/stable 1:25.2.3-1 all
  German (Austria) dictionary for hunspell ("frami" version)

hunspell-de-ch-frami/stable 1:25.2.3-1 all
  German (Switzerland) dictionary for hunspell ("frami" version)

hunspell-de-de-frami/stable 1:25.2.3-1 all
  German dictionary for hunspell ("frami" version)

hunspell-de-med/stable 20230905-2 all
  German medical dictionary for hunspell

hunspell-el/stable 1:25.2.3-1 all
  Modern Greek dictionary for hunspell

hunspell-en-au/stable 1:2020.12.07-4 all
  English (Australia) dictionary for hunspell

hunspell-en-ca/stable 1:2020.12.07-4 all
  English (Canada) dictionary for hunspell

hunspell-en-gb/stable 1:25.2.3-1 all
  English (GB) dictionary for hunspell

hunspell-en-med/stable 0.0.20140410-6 all
  English medical dictionary for hunspell

hunspell-en-us/stable 1:2020.12.07-4 all
  English_american dictionary for hunspell

hunspell-en-za/stable 1:25.2.3-1 all
  English (South Africa) dictionary for hunspell

hunspell-eo/stable 1:25.2.3-1 all
  Esperanto dictionary for hunspell

hunspell-es/stable 1:25.2.3-1 all
  Spanish dictionary for hunspell

hunspell-gd/stable 1:25.2.3-1 all
  Scottish Gaelic dictionary for hunspell

hunspell-gl/stable 1:25.2.3-1 all
  Galician dictionary for hunspell

hunspell-gu/stable 1:25.2.3-1 all
  Gujarati dictionary for hunspell

hunspell-gug/stable 1:25.2.3-1 all
  Guarani dictionary for hunspell

hunspell-he/stable 1:25.2.3-1 all
  Hebrew dictionary for hunspell

hunspell-hi/stable 1:25.2.3-1 all
  Hindi dictionary for hunspell

hunspell-hr/stable 1:25.2.3-1 all
  Croatian dictionary for hunspell

hunspell-hu/stable 1:25.2.3-1 all
  Hungarian dictionary for hunspell

hunspell-id/stable 1:25.2.3-1 all
  Indonesian dictionary for hunspell

hunspell-is/stable 1:25.2.3-1 all
  Icelandic dictionary for hunspell

hunspell-it/stable 1:25.2.3-1 all
  Italian dictionary for hunspell

hunspell-kk/stable 1.1.2-2 all
  Kazakh dictionary for hunspell

hunspell-kmr/stable 1:25.2.3-1 all
  Kurmanji dictionary for hunspell

hunspell-ko/stable 0.7.94-2 all
  Korean dictionary for hunspell

hunspell-lo/stable 1:25.2.3-1 all
  Laotian dictionary for hunspell

hunspell-lt/stable 1:25.2.3-1 all
  Lithuanian dictionary for hunspell

hunspell-lv/stable 1.4.0-5 all
  Latvian dictionary for hunspell

hunspell-mn/stable 1:25.2.3-1 all
  Mongolian dictionary for hunspell

hunspell-ne/stable 1:25.2.3-1 all
  Nepalese dictionary for hunspell

hunspell-nl/stable 2:2.20.19+1-3 all
  Dutch dictionary for Hunspell

hunspell-no/stable 1:25.2.3-1 all
  Norwegian dictionary for hunspell

hunspell-oc/stable 1:25.2.3-1 all
  Occitan dictionary for hunspell

hunspell-pl/stable 1:25.2.3-1 all
  Polish dictionary for hunspell

hunspell-pt-br/stable 1:25.2.3-1 all
  Brazilian Portuguese dictionary for hunspell

hunspell-pt-pt/stable 1:25.2.3-1 all
  Portuguese dictionary for hunspell

hunspell-ro/stable 1:25.2.3-1 all
  Romanian dictionary for hunspell

hunspell-ru/stable 1:25.2.3-1 all
  Russian dictionary for hunspell

hunspell-si/stable 1:25.2.3-1 all
  Sinhala dictionary for hunspell

hunspell-sk/stable 1:25.2.3-1 all
  Slovak dictionary for hunspell

hunspell-sl/stable 1:25.2.3-1 all
  Slovene dictionary for hunspell

hunspell-sr/stable 1:25.2.3-1 all
  Serbian dictionary for hunspell

hunspell-sv/stable 1:25.2.3-1 all
  Swedish dictionary for hunspell

hunspell-sw/stable 1:25.2.3-1 all
  Swahili dictionary for hunspell

hunspell-te/stable 1:25.2.3-1 all
  Telugu dictionary for hunspell

hunspell-th/stable 1:25.2.3-1 all
  Thai dictionary for hunspell

hunspell-tools/stable 1.7.2+really1.7.2-10+b4 arm64
  tools for hunspell

hunspell-tr/stable 1:25.2.3-1 all
  Turkish dictionary for hunspell

hunspell-uk/stable 1:25.2.3-1 all
  Ukrainian dictionary for hunspell

hunspell-vi/stable 1:25.2.3-1 all
  Vietnamese dictionary for hunspell

hut/stable 0.6.0-1+b8 arm64
  CLI tool for sr.ht

hyperv-daemons/stable 6.12.94-1 arm64
  Support daemons for Linux running on Hyper-V

hyphen-af/stable 1:25.2.3-1 all
  Afrikaans hyphenation patterns

hyphen-as/stable 0.9.0-2 all
  Assamese hyphenation patterns for LibreOffice

hyphen-be/stable 1:25.2.3-1 all
  Belarusian hyphenation patterns

hyphen-bg/stable 1:25.2.3-1 all
  Bulgarian hyphenation patterns

hyphen-bn/stable 0.9.0-2 all
  Bengali hyphenation patterns for LibreOffice

hyphen-ca/stable 1:25.2.3-1 all
  Catalan hyphenation patterns

hyphen-cs/stable 1:25.2.3-1 all
  Czech hyphenation patterns

hyphen-da/stable 1:25.2.3-1 all
  Danish hyphenation patterns

hyphen-de/stable 1:25.2.3-1 all
  German hyphenation patterns

hyphen-el/stable 1:25.2.3-1 all
  Modern Greek hyphenation patterns

hyphen-en-gb/stable 1:25.2.3-1 all
  English (GB) hyphenation patterns

hyphen-en-us/stable 2.8.8-7 all
  English (US) hyphenation patterns

hyphen-eo/stable 1:25.2.3-1 all
  Esperanto hyphenation patterns

hyphen-es/stable 1:25.2.3-1 all
  Spanish hyphenation patterns

hyphen-fr/stable 1:25.2.3-1 all
  French hyphenation patterns

hyphen-gl/stable 1:25.2.3-1 all
  Galician hyphenation patterns

hyphen-gu/stable 0.9.0-2 all
  Gujarati hyphenation patterns for LibreOffice

hyphen-hi/stable 0.9.0-2 all
  Hindi hyphenation patterns for LibreOffice

hyphen-hr/stable 1:25.2.3-1 all
  Croatian hyphenation patterns

hyphen-hu/stable 1:25.2.3-1 all
  Hungarian hyphenation patterns

hyphen-id/stable 1:25.2.3-1 all
  Indonesian hyphenation patterns

hyphen-is/stable 1:25.2.3-1 all
  Icelandic hyphenation patterns

hyphen-it/stable 1:25.2.3-1 all
  Italian hyphenation patterns

hyphen-kn/stable 0.9.0-2 all
  Kannada hyphenation patterns for LibreOffice

hyphen-lt/stable 1:25.2.3-1 all
  Lithuanian hyphenation patterns

hyphen-lv/stable 1.4.0-5 all
  Latvian hyphenation patterns

hyphen-ml/stable 0.9.0-2 all
  Malayalam hyphenation patterns for LibreOffice

hyphen-mn/stable 1:25.2.3-1 all
  Mongolian hyphenation patterns

hyphen-mr/stable 0.9.0-2 all
  Marathi hyphenation patterns for LibreOffice

hyphen-nl/stable 1:25.2.3-1 all
  Dutch hyphenation patterns

hyphen-no/stable 1:25.2.3-1 all
  Norwegian hyphenation patterns

hyphen-or/stable 0.9.0-2 all
  Oriya hyphenation patterns for LibreOffice

hyphen-pa/stable 0.9.0-2 all
  Punjabi hyphenation patterns for LibreOffice

hyphen-pl/stable 1:3.0a-4.4 all
  Polish hyphenation patterns for LibreOffice/OpenOffice.org

hyphen-pt-br/stable 1:25.2.3-1 all
  Brazilian Portuguese hyphenation patterns

hyphen-pt-pt/stable 1:25.2.3-1 all
  Portuguese hyphenation patterns

hyphen-ro/stable 1:25.2.3-1 all
  Romanian hyphenation patterns

hyphen-ru/stable 20030310-1.2 all
  Russian hyphenation patterns for LibreOffice/OpenOffice.org

hyphen-sk/stable 1:25.2.3-1 all
  Slovak hyphenation patterns

hyphen-sl/stable 1:25.2.3-1 all
  Slovene hyphenation patterns

hyphen-sr/stable 1:25.2.3-1 all
  Serbian hyphenation patterns

hyphen-sv/stable 1:25.2.3-1 all
  Swedish hyphenation patterns

hyphen-ta/stable 0.9.0-2 all
  Tamil hyphenation patterns for LibreOffice

hyphen-te/stable 0.9.0-2 all
  Telugu hyphenation patterns for LibreOffice

hyphen-th/stable 1:25.2.3-1 all
  Thai hyphenation patterns

hyphen-uk/stable 1:25.2.3-1 all
  Ukrainian hyphenation patterns

hyphen-zu/stable 1:25.2.3-1 all
  Zulu hyphenation patterns

ibacm/stable 56.1-1 arm64
  InfiniBand Communication Manager Assistant (ACM)

ibverbs-providers/stable 56.1-1 arm64
  User space provider drivers for libibverbs

ibverbs-utils/stable 56.1-1 arm64
  Examples for the libibverbs library

icc-profiles-free/stable 2.0.1+dfsg-1.1 all
  ICC color profiles for use with color profile aware software

icebreaker/stable 2.2.0-1+b2 arm64
  Break the iceberg

icecast2/stable 2.4.4-4+b3 arm64
  streaming media server

icecc/stable 1.4-1+b3 arm64
  distributed compiler (client and server)

icecc-monitor/stable 3.3-2+b2 arm64
  monitor for icecc

icecream/stable 1.3-6 all
  lightweight stream download utility

icecream-sundae/stable 1.0.0-3+b2 arm64
  Commandline Monitor for Icecream (icecc)

icedax/stable 9:1.1.11-4 arm64
  Creates WAV files from audio CDs

icedtea-netx/stable 1.8.8-3 all
  Implementation of the Java Network Launching Protocol (JNLP)

iceoryx/stable 2.0.6+dfsg-1 arm64
  zero-copy inter-process communication

iceoryx-doc/stable 2.0.6+dfsg-1 all
  zero-copy inter-process communication library documentation

ices2/stable 2.0.3-1+b2 arm64
  Ogg Vorbis streaming source for Icecast 2

icewm/stable 3.7.4-1 arm64
  wonderful Win95-OS/2-Motif-like window manager

icewm-common/stable 3.7.4-1 arm64
  wonderful Win95-OS/2-Motif-like window manager

icewm-experimental/stable 3.7.4-1 arm64
  wonderful Win95-OS/2-Motif-like window manager

icewm-lite/stable 3.7.4-1 arm64
  transitional package for icewm

icinga2/stable 2.14.6-1 arm64
  host and network monitoring system

icinga2-bin/stable 2.14.6-1 arm64
  host and network monitoring system - daemon

icinga2-common/stable 2.14.6-1 all
  host and network monitoring system - common files

icinga2-doc/stable 2.14.6-1 all
  host and network monitoring system - documentation

icinga2-ido-mysql/stable 2.14.6-1 arm64
  host and network monitoring system - MySQL support

icinga2-ido-pgsql/stable 2.14.6-1 arm64
  host and network monitoring system - PostgreSQL support

icingaweb2-module-idoreports/stable 0.10.1-5 all
  simple and responsive web interface for Icinga - boxydash idoreports

icingaweb2-module-pnp/stable 1.1.0-7 all
  view beautiful graphs in the host/service detail view

icingaweb2-module-x509/stable 1:1.3.2-4 all
  simple and responsive web interface for Icinga - x509 module

idesk/stable 0.7.5-9+b1 arm64
  program to show icons on the desktop

ideviceactivation/stable 1.1.1-2 arm64
  Command line utility to manage the activation of Apple iOS devices

ideviceinstaller/stable 1.1.1+git20240518-1+b2 arm64
  Utility to manage installed applications on an iDevice

idevicerestore/stable 1.0.0+git20240709-1+b2 arm64
  command-line application to restore firmware files to iOS devices

idjc/stable 0.9.9-1 arm64
  graphical shoutcast/icecast client

ifenslave/stable 2.14 all
  configure network interfaces for parallel routing (bonding)

ifuse/stable 1.1.4-2+b1 arm64
  FUSE module for iPhone and iPod Touch devices

ignition/stable 2.14.0+ds1-1+b19 arm64
  First boot installer and configuration tool

igtf-policy-mics/stable 1.134-1 all
  IGTF MICS profile for Certificate Authorities

igtf-policy-slcs/stable 1.134-1 all
  IGTF SLCS profile for Certificate Authorities

iio-sensor-proxy/stable 3.7-3 arm64
  IIO sensors to D-Bus proxy

iiod/stable 0.26-2 arm64
  Daemon to share IIO devices on the network

iisemulator/stable 0.95-3.5 all
  Emulation for the IIS web server

imagej/stable 1.54g-1 all
  Image processing program with a focus on microscopy images

imaprowl/stable 1.2.1-1.3 all
  IMAP new mail notification utility for iPhone using Prowl Public API

impose+/stable 0.2-16 all
  Postscript utilities for two-up printing, bbox, etc

imsprog/stable 1.5.2-1 arm64
  Linux chip programmer for CH341a devices

imview/stable 1.1.9h-4+b3 arm64
  Image viewing and analysis application

imwheel/stable 1.0.0pre12-15+b2 arm64
  add support to non-standard buttons on mouse in Linux

inadyn/stable 2.11.0-1+b2 arm64
  simple and small dynamic DNS client with HTTPS support

indelible/stable 1.03-6+b1 arm64
  powerful and flexible simulator of biological evolution

indi-astrolink4/stable 0.1+20221223182627-1+b1 arm64
  INDI driver for Astrolink 4.0 devices

indi-bin/stable 1.9.9+dfsg-3+b5 arm64
  INDI server, drivers and tools

inetsim/stable 1.3.2+dfsg.1-1 all
  Software suite for simulating common internet services

inetutils-inetd/stable 2:2.6-3+deb13u3 arm64
  internet super server

infiniband-diags/stable 56.1-1 arm64
  InfiniBand diagnostic programs

init-system-helpers/stable,now 1.69~deb13u1 all [installed]
  helper tools for all init systems

inn/stable 1:1.7.2q-52 arm64
  News transport system `InterNetNews' by the ISC and Rich Salz

inn2/stable 2.7.3-1 arm64
  'InterNetNews' news server

input-remapper/stable 2.1.1-1+deb13u1 all
  Input device button mapping tool (metapackage)

input-remapper-daemon/stable 2.1.1-1+deb13u1 all
  Input device button mapping tool (daemon)

input-remapper-gtk/stable 2.1.1-1+deb13u1 all
  Input device button mapping tool (GUI)

input-utils/stable 1.3-2 arm64
  utilities for the input layer of the Linux kernel

inputattach/stable 1:1.8.1-2+b2 arm64
  utility to connect serial-attached peripherals to the input subsystem

inputlirc/stable 34-1+b1 arm64
  Zeroconf LIRC daemon using input event devices

inputplug/stable 0.4.0-4 arm64
  XInput monitor

interception-tools/stable 0.6.8-3+b5 arm64
  minimal composable infrastructure on top of libudev and libevdev

interception-tools-compat/stable 0.6.8-3 all
  minimal composable infrastructure on top of libudev and libevdev

invesalius/stable 3.1.99998-7 all
  3D medical imaging reconstruction software

ionit/stable 0.5.1-2 all
  Render configuration files from Jinja templates

iperf/stable 2.2.1+dfsg-1 arm64
  Internet Protocol bandwidth measuring tool

ipfs-cid/stable 0.0~git20200813.59cf068-2+b6 arm64
  CLI tool to generate CIDs without a full IPFS client

ipmitool/stable 1.8.19-9 arm64
  utility for IPMI control with kernel driver or LAN interface (daemon)

ipp-usb/stable 0.9.23-2+b7 arm64
  Daemon for IPP over USB printer support

ipsvd/stable 1.0.0-12 arm64
  Internet protocol service daemons

ir-keytable/stable 1.30.1-1 arm64
  Alter keymaps of Remote Controller devices

iraf-fitsutil/stable 2024.07.06-1 arm64
  FITS utilities for IRAF

irecovery/stable 1.2.1-1 arm64
  Command line utility to communication with iOS recovery systems

ironic-api/stable 1:29.0.5-0+deb13u2 all
  bare metal hypervisor API for OpenStack - API server

ironic-conductor/stable 1:29.0.5-0+deb13u2 all
  bare metal hypervisor API for OpenStack - conductor

ironic-inspector/stable 12.4.0-2 all
  discovering hardware properties for OpenStack Ironic - Daemon

ironic-neutron-agent/stable 6.5.0-2 all
  OpenStack virtual network service - Ironic agent

ironic-novncproxy/stable 1:29.0.5-0+deb13u2 all
  bare metal hypervisor API for OpenStack - NoVNC proxy

irqbalance/stable 1.9.4-1+deb13u1 arm64
  Daemon to balance interrupts for SMP systems

irssi-scripts/stable 20231031 all
  collection of scripts for irssi

iscsiuio/stable 2.1.11-1+deb13u2 arm64
  iSCSI offloading daemon for QLogic devices

isenkram/stable 0.69+deb13u1 all
  Suggest packages to install when inserting new hardware (GUI popup)

isenkram-cli/stable 0.69+deb13u1 all
  Suggest packages to install when inserting new hardware (CLI tool)

isomd5sum/stable 1:1.2.3-5+b9 arm64
  ISO9660 checksum utilities

ispell/stable 3.4.06-1+b1 arm64
  International Ispell (an interactive spelling corrector)

iw/stable 6.9-1+b1 arm64
  tool for configuring Linux wireless devices

iwd/stable 3.8-2 arm64
  wireless daemon for Linux

jacal/stable 1c8-1 all
  Interactive symbolic math system

jack/stable 4~git20241202.3410dc1-2 all
  Rip and encode CDs with one command

jack-example-tools/stable 4-4 arm64
  JACK Audio Connection Kit (example clients)

jackd/stable 5+nmu1 all
  JACK Audio Connection Kit (default server package)

jackd1/stable 1:0.126.0-4 arm64
  JACK Audio Connection Kit (server and example clients)

jackd2/stable 1.9.22~dfsg-4 arm64
  JACK Audio Connection Kit (server and example clients)

jailkit/stable 2.23-2+b1 arm64
  tools to generate chroot jails easily

jaxws/stable 2.3.0.2-2 all
  JAX-WS Reference Implementation (Command Line Tools)

jdupes/stable 1.28.0-1+deb13u1 arm64
  identify and delete or link duplicate files

jed/stable 1:0.99.20~pre.189+dfsg-1 arm64
  editor for programmers (textmode version)

jets3t/stable 0.8.1+dfsg-5 all
  graphical and command-line tools for Amazon S3 and CloudFront

jfractionlab/stable 0.92-3 all
  Educative program to practice fractions

jfsutils/stable 1.1.15-6+b1 arm64
  utilities for managing the JFS filesystem

jgraph/stable 83-25 arm64
  Jim Plank's program for producing PostScript graphs

jitterentropy-rngd/stable 1.2.8-3+b1 arm64
  Jitter RNG Daemon

jkmeter/stable 0.9.0-1+b2 arm64
  horizontal or vertical bargraph audio level meter for Jack Audio Connection Kit

jmtpfs/stable 0.5-4+b2 arm64
  FUSE based filesystem for accessing MTP devices

jnettop/stable 0.13.0-3 arm64
  View hosts/ports taking up the most network traffic

jodconverter/stable 2.2.2-15 all
  Office formats converter

jool-dkms/stable 4.1.13-1.1 all
  kernel-based SIIT and NAT64 (IP/ICMP translation)

jool-tools/stable 4.1.13-1.1 arm64
  userspace utilities for the Jool kernel modules

jpeg-xl-doc/stable 0.11.2-0.1~deb13u2 all
  JPEG XL Image Coding System - "JXL" (documentation)

jpnevulator/stable 2.3.6-1+b1 arm64
  Serial sniffer

jq/stable 1.7.1-6+deb13u2 arm64
  lightweight and flexible command-line JSON processor

json-schema-test-suite/stable 2.0.0-1.1 all
  Language agnostic test suite for the JSON Schema specifications

jstest-gtk/stable 0.1.1~git20180602-2+b2 arm64
  joystick testing and configuration tool

jsurf-alggeo/stable 0.4.1+ds-6 all
  Java based visualization library for real algebraic geometry

junior-internet/stable 1.32 all
  Debian Jr. Internet tools

jupyter-server/stable 2.15.0-1 all
  Jupyter protocol server backend (tools)

jverein/stable 2.8.23+dfsg-2 all
  Tool to administrate an association

k3b/stable 25.04.0-1 arm64
  Sophisticated CD/DVD burning application

k4dirstat/stable 3.4.3-1+b2 arm64
  graphical disk usage display with cleanup facilities

kaccounts-providers/stable 4:25.04.0-1 arm64
  KDE providers for accounts sign-on

kactivitymanagerd/stable 6.3.4-1 arm64
  System service to manage user's activities

kalkun/stable 0.8.3.2-1 all
  Open Source Web based SMS Manager

kalkun-plugin-phonebook-lookup/stable 0.8.3.2-1 all
  Kalkun phonebook lookup plugin

kamailio/stable 6.0.1-1+deb13u1 arm64
  very fast, dynamic and configurable SIP server

kamailio-rabbitmq-modules/stable 6.0.1-1+deb13u1 arm64
  RabbitMQ and AMQP integration modules for the Kamailio SIP server

kannel/stable 1.4.5-20 arm64
  WAP and SMS gateway

kannel-dev/stable 1.4.5-20 arm64
  WAP and SMS gateway headers and development files

kannel-docs/stable 1.4.5-20 all
  WAP and SMS gateway documentation

kannel-extras/stable 1.4.5-20 arm64
  WAP and SMS gateway extras

kanyremote/stable 8.1.1-2 all
  KDE frontend for anyRemote

kcheckers/stable 0.8.1-8 arm64
  Checkers boardgame

kclock/stable 25.04.3-1 arm64
  Clock for KDE Plasma Mobile

kde-baseapps/stable 4:24.12.0+5.162 arm64
  base applications from the official KDE release (metapackage)

kde-cli-tools/stable 4:6.3.4-1 arm64
  tools to use KDE services from the command line

kde-cli-tools-data/stable 4:6.3.4-1 all
  tools to use kioslaves from the command line

kde-config-cron/stable 4:25.04.0-1 arm64
  program scheduler frontend

kdeaccessibility/stable 4:24.12.0+5.162 arm64
  accessibility packages from the official KDE release

kdeadmin/stable 4:24.12.0+5.162 arm64
  system administration tools from the official KDE release

kdeconnect/stable 25.04.2-1+deb13u1 arm64
  connect smartphones to your desktop devices

kdeconnect-libs/stable 25.04.2-1+deb13u1 arm64
  KDE Connect internal libs

kded5/stable 5.116.0-1 arm64
  Extensible daemon for providing session services

kded5-dev/stable 5.116.0-1 arm64
  Extensible daemon for providing session services

kded6/stable 6.13.0-1 arm64
  Extensible daemon for providing session services

kded6-dev/stable 6.13.0-1 arm64
  Extensible daemon for providing session services

kdeedu/stable 4:24.12.0+5.162 arm64
  educational applications from the official KDE release

kdegames/stable 4:24.12.0+5.162 arm64
  games from the official KDE release

kdegraphics/stable 4:24.12.0+5.162 arm64
  graphics applications from the official KDE release

kdemultimedia/stable 4:24.12.0+5.162 arm64
  multimedia applications from the official KDE release

kdenetwork/stable 4:24.12.0+5.162 arm64
  networking applications from the official KDE release

kdesdk/stable 4:24.12.0+5.162 arm64
  Software Development Kit from the official KDE release

kdetoys/stable 4:24.12.0+5.162 arm64
  desktop toys from the official KDE release

kdeutils/stable 4:24.12.0+5.162 arm64
  general-purpose utilities from the official KDE release

kdf/stable 4:25.04.0-1 arm64
  disk information utility

kdocker/stable 5.4-2 arm64
  lets you dock any application into the system tray

kea-ctrl-agent/stable 2.6.3-1+deb13u1 arm64
  REST API service for Kea DHCP server

kea-dhcp-ddns-server/stable 2.6.3-1+deb13u1 arm64
  DHCP Dynamic DNS service

keepalived/stable 1:2.3.3-1 arm64
  Failover and monitoring daemon for LVS clusters

keepass2/stable 2.57+dfsg-3 all
  Password manager

keepass2-doc/stable 2.57+dfsg-3 all
  Password manager - Documentation

kelbt/stable 0.16-4+b1 arm64
  backtracking LR parser generator

keyman-system-service/stable 18.0.235-1 arm64
  System service for Keyman

keystone/stable 2:27.0.0-3+deb13u4 all
  OpenStack identity service

keystone-doc/stable 2:27.0.0-3+deb13u4 all
  OpenStack identity service - documentation

keyutils/stable 1.6.3-6 arm64
  Linux Key Management Utilities

kglobalacceld/stable 6.3.6-1 arm64
  daemon for global keyboard shortcuts on the Plasma desktop

kicad-demos/stable 9.0.2+dfsg-1 all
  Demo projects for kicad

kile/stable 4:2.9.94-1 arm64
  KDE Integrated LaTeX Environment

killbots/stable 4:25.04.0-1 arm64
  port of the classic BSD console game robots

killer/stable 0.90-14 all
  Background job killer

kio-ldap/stable 24.12.3-1 arm64
  library for accessing LDAP - kio slave

kirigami-gallery/stable 25.04.0-2 arm64
  set of QtQuick components targeted for mobile use

kirigami2-dev/stable 5.116.0-1 arm64
  set of QtQuick components targeted for mobile use

kiriki/stable 4:25.04.0-1 arm64
  Yahtzee dice game

kissfft-tools/stable 131.1.0-4.1~deb13u1 arm64
  Mixed-radix Fast Fourier Transform library (CLI tools)

kissplice/stable 2.6.7-2 arm64
  Detection of various kinds of polymorphisms in RNA-seq data

kleborate/stable 2.4.1-5 arm64
  tool to screen Klebsiella genome assemblies

kleborate-examples/stable 2.4.1-5 all
  tool to screen Klebsiella genome assemblies (example data)

klevernotes/stable 1.2.2-1 arm64
  note taking and management application

kmc/stable 3.2.4+dfsg-1+b3 arm64
  count kmers in genomic sequences

kmix/stable 4:25.04.0-1 arm64
  volume control and mixer

kmplayer/stable 1:0.12.0b+de96d9e-1+b2 arm64
  media player for KDE

knot-resolver/stable 5.7.5-1 arm64
  caching, DNSSEC-validating DNS resolver

kodi-inputstream-adaptive/stable 21.5.9+ds-1 arm64
  Adaptive inputstream addon for Kodi

kodi-inputstream-ffmpegdirect/stable 21.3.7+ds-2 arm64
  FFmpegDirect inputstream addon for Kodi

kodi-pvr-dvbviewer/stable 21.1.3+ds-1 arm64
  DVBViewer Kodi PVR Addon

kodi-pvr-mythtv/stable 21.1.11+ds-1 arm64
  MythTV PVR Addon for Kodi

kodi-pvr-nextpvr/stable 21.3.2+ds-1 arm64
  NextPVR PVR addon for Kodi

kodi-pvr-octonet/stable 21.0.1+ds-3 arm64
  Digital Devices Octopus NET PVR for Kodi

kodi-pvr-wmc/stable 21.0.3-1 arm64
  WMC PVR Addon for Kodi

koko/stable 25.04.0-1 arm64
  Image gallery for Plasma mobile

koko-data/stable 25.04.0-1 all
  Image gallery for Plasma mobile -- data files

komposter/stable 0+git20201216+ds1-1 arm64
  lightweight music composing system

konq-plugins/stable 4:25.04.0-1 arm64
  plugins for Konqueror, the KDE file/web/document browser

konqueror/stable 4:25.04.0-1 arm64
  advanced file manager, web browser and document viewer

konversation/stable 25.04.0-2 arm64
  user friendly Internet Relay Chat (IRC) client for KDE

kookbook/stable 0.2.1-3+b2 arm64
  simple recipe manager taking structured markdown for recipes

kpartx/stable 0.11.1-2 arm64
  create device mappings for partitions

krb5-admin-server/stable 1.21.3-5+deb13u1 arm64
  MIT Kerberos master server (kadmind)

krb5-doc/stable 1.21.3-5+deb13u1 all
  documentation for MIT Kerberos

krb5-gss-samples/stable 1.21.3-5+deb13u1 arm64
  MIT Kerberos GSS Sample applications

krb5-k5tls/stable 1.21.3-5+deb13u1 arm64
  TLS plugin for MIT Kerberos

krb5-kdc/stable 1.21.3-5+deb13u1 arm64
  MIT Kerberos key server (KDC)

krb5-kdc-ldap/stable 1.21.3-5+deb13u1 arm64
  MIT Kerberos key server (KDC) LDAP plugin

krb5-keytab-backend/stable 1.7 all
  Provide existing MIT Kerberos keytabs via remctl

krb5-kpropd/stable 1.21.3-5+deb13u1 arm64
  MIT Kerberos key server (Slave KDC Support)

krb5-locales/stable 1.21.3-5+deb13u1 all
  internationalization support for MIT Kerberos

krb5-multidev/stable 1.21.3-5+deb13u1 arm64
  development files for MIT Kerberos without Heimdal conflict

krb5-otp/stable 1.21.3-5+deb13u1 arm64
  OTP plugin for MIT Kerberos

krb5-pkinit/stable 1.21.3-5+deb13u1 arm64
  PKINIT plugin for MIT Kerberos

krb5-user/stable 1.21.3-5+deb13u1 arm64
  basic programs to authenticate using MIT Kerberos

krita/stable 1:5.2.9+dfsg-1+deb13u1 arm64
  pixel-based image manipulation program

ksmtuned/stable 4.20150326+nmu1+b1 arm64
  enables and tunes Kernel Samepage Merging

kstars/stable 5:3.6.2-2+b5 arm64
  desktop planetarium, observation planning and telescope control

ksystemlog/stable 4:25.04.0-1 arm64
  system log viewer

ktexteditor-data/stable 5.116.0-1 all
  provide advanced plain text editing services

ktexteditor-katepart/stable 5.116.0-1 arm64
  provide advanced plain text editing services

kthresher/stable 1.4.1-3 all
  Purge Unused Kernels

ktorrent/stable 25.04.0-1 arm64
  BitTorrent client based on the KDE platform

kube-openapi/stable 0.0~git20241212.2c72e55-2 arm64
  Kubernetes OpenAPI spec generation & serving (program)

kubectl/stable 1.32.3+ds-2 arm64
  Command-line tool for controlling Kubernetes clusters

kup-server/stable 0.3.6-4 all
  kernel.org upload server

kvirc/stable 4:5.2.6-2+b1 arm64
  KDE-based next generation IRC client with module support

kwalify/stable 0.7.2-9 all
  parser, schema validator, and data-binding tool for YAML and JSON

kwartz-client/stable 3.0-17 all
  Configuration of a Kwartz client

kwave/stable 25.04.0-2 arm64
  sound editor for KDE

kxc/stable 0.17-1 arm64
  Key exchange daemon -- client

kxd/stable 0.17-1 arm64
  Key exchange daemon

kxgencert/stable 0.17-1 arm64
  Key exchange daemon -- certificate generator

kylin-process-manager-daemon/stable 4.0.0.0-1.1 arm64
  Process manager daemon for UKUI

kylin-scanner/stable 1.0.0-1.2+b1 arm64
  Scanning utility based on SANE

kyua/stable 0.13+git20240311+0a43bb8d89e3-3 arm64
  testing framework for infrastructure software

lacme/stable 0.8.3-1 all
  ACME client written with process isolation and minimal privileges in mind

lacme-accountd/stable 0.8.3-1 all
  lacme account key manager

langford-dkms/stable 0.0.20130228-7 all
  Kernel drivers for the Per Vices Noctar IQ demodulator board

langford-utils/stable 0.0.20130228-7 arm64
  Control programs for the Per Vices Noctar IQ demodulator board

laserboy/stable 2016.03.15-1.3+b1 arm64
  Laser show software for soundcard operation

laserboy-indep/stable 2016.03.15-1.3 all
  Laser show software for soundcard operation - data files

latte-int/stable 1.7.6+ds-3+b2 arm64
  Lattice point Enumeration

latte-int-doc/stable 1.7.6+ds-3 all
  Lattice point Enumeration (documentation and examples)

lavacli/stable 2.2.0-3 all
  LAVA XML-RPC command line interface

lbzip2/stable 2.5-4 arm64
  fast, multi-threaded bzip2 utility

lcas-interface/stable 1.3.19-2.1 all
  Local Centre Authorization Service API

lcdproc/stable 0.5.9-7+b3 arm64
  LCD display driver daemon and clients

lcdproc-extra-drivers/stable 0.5.9-7+b3 arm64
  extra drivers for the LCD display driver daemon

lcmaps-basic-interface/stable 1.6.6-3.1 all
  LCMAPS header files for basic interfaces

lcmaps-globus-interface/stable 1.6.6-3.1 all
  LCMAPS header files for Globus interfaces

lcmaps-openssl-interface/stable 1.6.6-3.1 all
  LCMAPS header files for OpenSSL interfaces

lcmaps-plugins-basic-bandn/stable 1.7.1-2+b2 arm64
  LCMAPS plugin to ban a user based on the Subject DN

lcmaps-plugins-basic-dummy/stable 1.7.1-2+b2 arm64
  Dummy LCMAPS plug-ins

lcmaps-plugins-basic-ldap/stable 1.7.1-2+b2 arm64
  LCMAPS plug-in to update ldap according to credentials

lcmaps-plugins-basic-localaccount/stable 1.7.1-2+b2 arm64
  Localaccount LCMAPS plug-in

lcmaps-plugins-basic-poolaccount/stable 1.7.1-2+b2 arm64
  Poolaccount LCMAPS plug-in

lcmaps-plugins-basic-posixenf/stable 1.7.1-2+b2 arm64
  LCMAPS plug-in to switch user identity

lcmaps-plugins-jobrep/stable 1.5.7-1+b1 arm64
  Jobrepository plugin for the LCMAPS authorization framework

lcmaps-plugins-verify-proxy/stable 1.5.10-3+b1 arm64
  Proxy verification plugin for LCMAPS

lcmaps-plugins-voms/stable 1.7.1-2+b1 arm64
  VOMS plugins for the LCMAPS authorization framework

ldap2dns/stable 0.3.1-6+b2 arm64
  LDAP based DNS management system

ldh-gui-suite/stable 0.1~20200908-6 all
  graphical clients for Liberty Deckplan Host services

ldirectord/stable 1:4.16.0-3+deb13u2 all
  Monitors virtual services provided by LVS

ldmtool/stable 0.2.5-1.1+b2 arm64
  tool for managing Microsoft Windows dynamic disks

ldraw-parts-free/stable 2502+dfsg-2 all
  LDraw parts library

le/stable 1.16.8-1 arm64
  Text editor with block and binary operations

lebiniou/stable 3.66.0-4+b1 arm64
  user-friendly, powerful music visualization / VJing tool

lemonldap-ng/stable 2.21.2+ds-1+deb13u2 all
  OpenID-Connect, CAS and SAML compatible Web-SSO system

lemonldap-ng-doc/stable 2.21.2+ds-1+deb13u2 all
  Lemonldap::NG Web-SSO system documentation

lemonldap-ng-fastcgi-server/stable 2.21.2+ds-1+deb13u2 all
  Lemonldap::NG FastCGI server

lemonldap-ng-handler/stable 2.21.2+ds-1+deb13u2 all
  Lemonldap::NG handler part

lemonldap-ng-uwsgi-app/stable 2.21.2+ds-1+deb13u2 all
  Lemonldap::NG uWSGI server

lfortran/stable 0.45.0-1+b3 arm64
  Modern interactive LLVM-based Fortran compiler

lftp/stable 4.9.2-3 arm64
  Sophisticated command-line FTP/HTTP/BitTorrent client programs

lib2geom-dev/stable 1.4-4 arm64
  robust computational geometry framework -- development library

lib2geom1.4.0/stable 1.4-4 arm64
  robust computational geometry framework -- shared library

lib3mf-dev/stable 1.8.1+ds-5+b2 arm64
  Lib3MF is a C++ implementation of the 3D Manufacturing Format (development)

lib3mf-doc/stable 1.8.1+ds-5 all
  Lib3MF is a C++ implementation of the 3D Manufacturing Format (documentation)

lib3mf1t64/stable 1.8.1+ds-5+b2 arm64
  Lib3MF is a C++ implementation of the 3D Manufacturing Format

libaccessodf-java/stable 0.1.1~b-3 all
  library for checking accessibility in ODF/ODT documents using Libreoffice

libaccountsservice-dev/stable 23.13.9-7 arm64
  query and manipulate user account information - header files

libaccountsservice-doc/stable 23.13.9-7 all
  query and manipulate user account information - documentation

libaccountsservice0/stable 23.13.9-7 arm64
  query and manipulate user account information - shared libraries

libacme-poe-knee-perl/stable 1.12-4 all
  Time sliced pony race using the POE event loop

libactivation-java/stable 1.2.0-2 all
  JavaBeans Activation Framework

libactivemq-activeio-java/stable 3.1.4-4 all
  ActiveMQ ActiveIO protocol implementation framework

libactivemq-java/stable 5.17.6+dfsg-2 all
  Java message broker core libraries

libactivemq-protobuf-java/stable 1.1-8 all
  ActiveMQ Protocol Buffers Maven plugin

libad9361-0/stable 0.3-2+b2 arm64
  Library of functions specific to the Analog Devices AD9361

libad9361-dev/stable 0.3-2+b2 arm64
  Development files specific to the Analog Devices AD9361

libadasockets-dev/stable 1.14-3 arm64
  bindings for socket services in Ada: development files

libadasockets-doc/stable 1.14-3 all
  bindings for socket services in Ada: documentation

libadasockets11/stable 1.14-3 arm64
  bindings for socket services in Ada: shared library

libadmesh-dev/stable 0.98.5-1+b2 arm64
  Tool for processing triangulated solid meshes. Development files

libadmesh1/stable 0.98.5-1+b2 arm64
  Tool for processing triangulated solid meshes. Shared library

libadms0/stable 2.3.7-1+b2 arm64
  Shared library for automatic device model synthesizer

libaec0/stable 1.1.3-1+b1 arm64
  Adaptive Entropy Coding library

libafterburner.fx-java/stable 1.7.0-3 all
  minimalistic JavaFX MVP framework

libahven-dev/stable 2.8-11 arm64
  Unit test library for Ada (development)

libahven-doc/stable 2.8-11 all
  Unit test library for Ada (documentation)

libahven31/stable 2.8-11 arm64
  Unit test library for Ada

libairspy-dev/stable 1.0.10-3+b3 arm64
  Tiny and efficient software defined radio receiver - development

libairspy0/stable 1.0.10-3+b3 arm64
  Tiny and efficient software defined radio receiver - library

libairspyhf-dev/stable 1.6.8-4+b2 arm64
  HF+VHF software defined radio receiver - development

libairspyhf1/stable 1.6.8-4+b2 arm64
  HF+VHF software defined radio receiver - library

libakonadi-data/stable 4:24.12.3-2~deb13u1 all
  Akonadi arch independent data

libakonadiserver-dev/stable 4:24.12.3-2~deb13u1 arm64
  development files for the Akonadi PIM storage service

libalgorithm-munkres-perl/stable 0.08-5 all
  extension for Munkres' solution to Assignment problem

libalsa-ocaml/stable 0.3.0-4+b5 arm64
  OCaml bindings for the ALSA library

libalsa-ocaml-dev/stable 0.3.0-4+b5 arm64
  OCaml bindings for the ALSA library

libalure-dev/stable 1.2-10+b1 arm64
  AL Utilities REtooled (development files)

libalure1/stable 1.2-10+b1 arm64
  AL Utilities REtooled (shared library)

libam7xxx-dev/stable 0.1.7-5 arm64
  library for accessing am7xxx devices - development files

libam7xxx0.1/stable 0.1.7-5 arm64
  library for accessing am7xxx based devices

libam7xxx0.1-bin/stable 0.1.7-5 arm64
  library for accessing am7xxx devices - utilities

libam7xxx0.1-doc/stable 0.1.7-5 all
  library for accessing am7xxx devices - documentation

libamazon-sqs-simple-perl/stable 2.07-1.1 all
  Perl module for accessing the Amazon Simple Queue

libamd3/stable,now 1:7.10.1+dfsg-1 arm64 [installed,automatic]
  approximate minimum degree ordering library for sparse matrices

libandroid-ddms-java/stable 2.2.2-6 all
  Communicate with devices through adb - Core library

libandroid-json-java/stable 10.0.0+r36-1 all
  Android rewrite of the evil licensed json.org

libandroid-json-org-java/stable 20121204-20090211-6 all
  androids rewrite of the evil licensed json.org

libandroid-tools-dvlib-java/stable 2.2.2-6 all
  Library to manage the Android device database XML files

libannotation-indexer-java/stable 1.17-1 all
  Indexing and validation of Java annotations

libanyevent-termkey-perl/stable 0.02-4 all
  module for terminal key input using libtermkey with AnyEvent

libanyevent-websocket-client-perl/stable 0.55-1 all
  Perl WebSocket client for AnyEvent

libanyevent-xmpp-perl/stable 0.55-7 all
  implementation of the XMPP Protocol

libao-common/stable 1.2.2+20180113-1.2 all
  Cross Platform Audio Output Library (Common files)

libao-dbg/stable 1.2.2+20180113-1.2 arm64
  Cross Platform Audio Output Library Debug Symbols

libao-dev/stable 1.2.2+20180113-1.2 arm64
  Cross Platform Audio Output Library Development

libao4/stable 1.2.2+20180113-1.2 arm64
  Cross Platform Audio Output Library

libapache-opennlp-java/stable 2.5.3-1 all
  machine learning based toolkit for the processing of natural language text

libapache-poi-java/stable 4.0.1-6 all
  Apache POI - Java API for Microsoft Documents

libapache-poi-java-doc/stable 4.0.1-6 all
  Apache POI - Java API for Microsoft Documents (Documentation)

libapache2-mod-auth-gssapi/stable 1.6.4-3+b2 arm64
  GSSAPI Authentication module for Apache2

libapache2-mod-auth-tkt/stable 2.3.99~b1-1+b1 arm64
  lightweight single-sign-on authentication module for Apache

libapache2-mod-authn-yubikey/stable 1.0-4 arm64
  Yubikey authentication provider for Apache

libapache2-mod-authnz-external/stable 3.3.2-3 arm64
  authenticate Apache against external authentication services

libapache2-mod-mapcache/stable 1.14.1-3 arm64
  tile caching server - Apache module

libapache2-mod-musicindex/stable 1.4.1-4+b1 arm64
  Browse, stream, download and search through MP3/Ogg/FLAC files

libapache2-mod-qos/stable 11.76-2 arm64
  quality of service module for the apache2

libapache2-mod-security2/stable 2.9.11-1+deb13u1 arm64
  Tighten web applications security for Apache

libapache2-mod-shib/stable 3.5.0+dfsg-2+deb13u1 arm64
  Federated web single sign-on system (Apache module)

libapache2-mod-sts/stable 3.4.0-2+b2 arm64
  security token exchange module for Apache 2

libapogee-dev/stable 3.2+20221221183454-2+b1 arm64
  Apogee Library for camera control, development headers

libapogee3t64/stable 3.2+20221221183454-2+b1 arm64
  Apogee Library for camera control

libapophenia2-dev/stable 1.0+ds-10 arm64
  Apophenia Statistical C Library -- development package

libapophenia2t64/stable 1.0+ds-10 arm64
  Apophenia Statistical C Library -- library package

libapp-termcast-perl/stable 0.13-4 all
  termcasting module and client

libappstream-dev/stable 1.0.5-1 arm64
  Library to access AppStream services (development files)

libappstream-glib-dev/stable 0.8.3-1 arm64
  GNOME library to access AppStream services (development files)

libappstream-glib8/stable,now 0.8.3-1 arm64 [installed,automatic]
  GNOME library to access AppStream services

libappstream5/stable,now 1.0.5-1 arm64 [installed,automatic]
  Library to access AppStream services

libappstreamqt-dev/stable 1.0.5-1 arm64
  Qt6 library to access AppStream services (development files)

libappstreamqt3/stable 1.0.5-1 arm64
  Qt6 library to access AppStream services

libappstreamqt5-3/stable 1.0.5-1 arm64
  Qt5 library to access AppStream services

libappstreamqt5-dev/stable 1.0.5-1 arm64
  Qt5 library to access AppStream services (development files)

libapriltag-dev/stable 3.4.2-1+b2 arm64
  AprilTags Visual Fiducial System

libapriltag3t64/stable 3.4.2-1+b2 arm64
  AprilTags Visual Fiducial System

libaravis-0.8-0/stable 0.8.34-1 arm64
  glib/gobject based library for video acquisition using GenICam cameras

libaravis-dev/stable 0.8.34-1 arm64
  Development files for aravis library

libaravis-doc/stable 0.8.34-1 all
  Documentation files for aravis library

libarchive-ar-perl/stable 2.02-4 all
  Perl interface for manipulating ar archives

libargh-dev/stable 1.3.2+ds-2 all
  C++ header-only command line processing library

libarpack++2-dev/stable 2.3-10+b4 arm64
  Object-oriented version of the ARPACK package (development)

libarpack++2c2a/stable 2.3-10+b4 arm64
  Object-oriented version of the ARPACK package (runtime)

libarpack2t64/stable 3.9.1-6 arm64
  Fortran77 subroutines to solve large scale eigenvalue problems

libarpack64-2/stable 3.9.1-6 arm64
  Fortran77 subroutines to solve large scale eigenvalue problems

libarray-base-perl/stable 0.006-5 arm64
  array index offseting

libasedrive-serial/stable 3.7-12 arm64
  PC/SC driver for the Athena ASEDrive IIIe serial smart card reader

libasedrive-usb/stable 3.7-12 arm64
  PC/SC driver for the Athena ASEDrive IIIe USB smart card reader

libasound2-plugin-bluez/stable 4.3.1-3 arm64
  Bluetooth Audio ALSA Backend (plugins)

libassa-3.5-5-dev/stable 3.5.1-8.1+b2 arm64
  object-oriented C++ networking library (development files)

libassa-3.5-5t64/stable 3.5.1-8.1+b2 arm64
  object-oriented C++ networking library

libasyncaudio-dev/stable 24.02-5 arm64
  AsyncAudio library for SvxLink (development files)

libasyncaudio1.6t64/stable 24.02-5 arm64
  AsyncAudio library for SvxLink

libasynccore-dev/stable 24.02-5 arm64
  AsyncCore library for SvxLink (development files)

libasynccore1.6t64/stable 24.02-5 arm64
  AsyncCore library for SvxLink

libasynccpp-dev/stable 24.02-5 arm64
  AsyncCpp library for SvxLink (development files)

libasynccpp1.6t64/stable 24.02-5 arm64
  AsyncCpp library for SvxLink

libasyncns-dev/stable 0.8-6+b5 arm64
  Asynchronous name service query library development files

libasyncns0/stable,now 0.8-6+b5 arm64 [installed,automatic]
  Asynchronous name service query library

libasyncqt-dev/stable 24.02-5 arm64
  AsyncQt library for SvxLink (development files)

libasyncqt1.6t64/stable 24.02-5 arm64
  AsyncQt library for SvxLink

libatalk/stable 4.2.3~ds-1+deb13u2 arm64
  Apple Filing Protocol service (shared library)

libatalk-dev/stable 4.2.3~ds-1+deb13u2 arm64
  Apple Filing Protocol service (development files)

libatinject-jsr330-api-java/stable 1.0+ds1-6 all
  Java API for JSR-330 Dependency Injection

libatinject-jsr330-api-java-doc/stable 1.0+ds1-6 all
  Documentation for libatinject-jsr330-api-java

libatinject-jsr330-tck-java/stable 1.0+ds1-6 all
  Java API for JSR-330 Dependency Injection (TCK)

libatk1.0-0t64/stable,now 2.56.2-1+deb13u1 arm64 [installed,automatic]
  ATK accessibility toolkit

libatk1.0-dev/stable 2.56.2-1+deb13u1 arm64
  Development files for the ATK accessibility toolkit

libatk1.0-doc/stable 2.56.2-1+deb13u1 all
  Documentation files for the ATK toolkit

libatompub-perl/stable 0.3.7-6 all
  implementation of Atom Publishing Protocol

libatspi2.0-0t64/stable,now 2.56.2-1+deb13u1 arm64 [installed,automatic]
  Assistive Technology Service Provider Interface - shared library

libatspi2.0-dev/stable 2.56.2-1+deb13u1 arm64
  Development files for the assistive technology service provider

libaudio-dev/stable 1.9.4-9 arm64
  Network Audio System - development files

libaudio2/stable 1.9.4-9 arm64
  Network Audio System - shared libraries

libauth-yubikey-webclient-perl/stable 4.02-3 all
  Perl module to authenticate a Yubikey against the Yubico Web API

libauthcas-perl/stable 1.7-1.1 all
  Client library for CAS 2.0

libauthen-cas-client-perl/stable 0.08-2 all
  Perl module for authentication using CAS

libauthen-simple-ldap-perl/stable 0.3-1.1 all
  module for simple LDAP authentication

libauthen-tacacsplus-perl/stable 0.28-2+b3 arm64
  Perl module for authentication using TACACS+ server

libauthen-u2f-tester-perl/stable 0.03-1 all
  FIDO/U2F Authentication Test Client

libauthen-webauthn-perl/stable 0.005-1 all
  library to add Web Authentication support to server applications

libautocomplete-java/stable 2.5.3-2 all
  Java library for auto-completion in text component

libavahi-client-dev/stable 0.8-16 arm64
  Development files for the Avahi client library

libavahi-client3/stable,now 0.8-16 arm64 [installed,automatic]
  Avahi client library

libavahi-common-data/stable,now 0.8-16 arm64 [installed,automatic]
  Avahi common data files

libavahi-common-dev/stable 0.8-16 arm64
  Development files for the Avahi common library

libavahi-common3/stable,now 0.8-16 arm64 [installed,automatic]
  Avahi common library

libavahi-compat-libdnssd-dev/stable 0.8-16 arm64
  Development headers for the Avahi Apple Bonjour compatibility library

libavahi-compat-libdnssd1/stable 0.8-16 arm64
  Avahi Apple Bonjour compatibility library

libavahi-core-dev/stable 0.8-16 arm64
  Development files for Avahi's embeddable mDNS/DNS-SD library

libavahi-core7/stable 0.8-16 arm64
  Avahi's embeddable mDNS/DNS-SD library

libavahi-glib-dev/stable 0.8-16 arm64
  Development headers for the Avahi GLib integration library

libavahi-glib1/stable 0.8-16 arm64
  Avahi GLib integration library

libavahi-gobject-dev/stable 0.8-16 arm64
  Development headers for the Avahi GObject library

libavahi-gobject0/stable 0.8-16 arm64
  Avahi GObject library

libavahi-ui-gtk3-0/stable 0.8-16 arm64
  Avahi GTK+ User interface library for GTK3

libavahi-ui-gtk3-dev/stable 0.8-16 arm64
  Development headers for the Avahi GTK+ User interface library

libavalon-framework-java/stable 4.2.0+ds-1 all
  Common framework for Java server applications

libavalon-framework-java-doc/stable 4.2.0+ds-1 all
  Common framework for Java server applications (API)

libavc1394-0/stable,now 0.5.4-5+b2 arm64 [installed,automatic]
  control IEEE 1394 audio/video devices

libavc1394-dev/stable 0.5.4-5+b2 arm64
  control IEEE 1394 audio/video devices (development files)

libavc1394-tools/stable 0.5.4-5+b2 arm64
  control IEEE 1394 audio/video devices (utilities)

libavcodec-dev/stable 7:7.1.5-0+deb13u1 arm64
  FFmpeg library with de/encoders for audio/video codecs - development files

libavcodec-extra61/stable 7:7.1.5-0+deb13u1 arm64
  FFmpeg library with additional de/encoders for audio/video codecs

libavcodec61/stable,now 7:7.1.5-0+deb13u1 arm64 [installed,automatic]
  FFmpeg library with de/encoders for audio/video codecs - runtime files

libavdevice-dev/stable 7:7.1.5-0+deb13u1 arm64
  FFmpeg library for handling input and output devices - development files

libavdevice61/stable 7:7.1.5-0+deb13u1 arm64
  FFmpeg library for handling input and output devices - runtime files

libavfilter-extra10/stable 7:7.1.5-0+deb13u1 arm64
  FFmpeg library with extra media filters - runtime files

libavformat-extra61/stable 7:7.1.5-0+deb13u1 arm64
  FFmpeg library with additional (de)muxers for multimedia containers

libavkys-dev/stable 9.2.3-1 arm64
  full featured webcam capture application - dev

libavkys9/stable 9.2.3-1 arm64
  full featured webcam capture application - library

libaws-signature4-perl/stable 1.02-3 all
  module to create a version4 signature for Amazon Web Services

libbackward-cpp-dev/stable 1.6-1 all
  Beautiful stack trace pretty printer for C++

libbase-java/stable 1.1.6-3 all
  general purpose base service library (OOo 3.1 branch)

libbase-ocaml/stable 0.17.1-1+b2 arm64
  Jane Street's alternative standard library (runtime)

libbase-ocaml-dev/stable 0.17.1-1+b2 arm64
  Jane Street's alternative standard library (development)

libbasicobjects-dev/stable 0.6.2-3 arm64
  Basic object types for C -- development files

libbasicobjects0t64/stable 0.6.2-3 arm64
  Basic object types for C

libbcm2835-dev/stable 1.75+ds-1 arm64
  access to GPIO and other IO functions on the Broadcom BCM 2835 chip

libbcprov-java/stable 1.80-3 all
  Bouncy Castle Java Cryptographic Service Provider

libbearssl-dev/stable 0.6+dfsg.1-4 arm64
  BearSSL - development files

libbearssl0/stable 0.6+dfsg.1-4 arm64
  BearSSL - shared libraries

libbemenu-curses/stable 0.6.15+dfsg-1+b4 arm64
  Dynamic menu inspired by dmenu (curses backend)

libbemenu-dev/stable 0.6.15+dfsg-1+b4 arm64
  Dynamic menu inspired by dmenu (development files)

libbemenu-wayland/stable 0.6.15+dfsg-1+b4 arm64
  Dynamic menu inspired by dmenu (Wayland backend)

libbemenu-x11/stable 0.6.15+dfsg-1+b4 arm64
  Dynamic menu inspired by dmenu (X11 backend)

libbemenu0/stable 0.6.15+dfsg-1+b4 arm64
  Dynamic menu inspired by dmenu (runtime library)

libbiblesync-dev/stable 2.1.0-2+b3 arm64
  multicast protocol to support Bible co-navigation (development files)

libbiblesync1.1/stable 2.1.0-2+b3 arm64
  multicast protocol to support Bible co-navigation

libbiblio-counter-perl/stable 0.11-2 all
  modules for handling COUNTER reports

libbiblio-rfid-perl/stable 0.05-1 all
  perl tools to use different RFID readers for library use

libbiblio-thesaurus-perl/stable 0.43-3 all
  Perl extension for managing ISO thesaurus

libbio-graphics-perl/stable 2.40-6 all
  Generate GD images of Bio::Seq objects

libbiometry-dev/stable 0.3.1-6 arm64
  biometryd mediates/multiplexes to biometric devices - development headers

libbiometry1/stable 0.3.1-6 arm64
  biometryd mediates/multiplexes to biometric devices - runtime library

libbisect-ppx-ocaml/stable 2.8.3+dfsg-2+b6 arm64
  Code coverage for OCaml and ReScript (runtime files)

libbisect-ppx-ocaml-dev/stable 2.8.3+dfsg-2+b6 arm64
  Code coverage for OCaml and ReScript (dev files)

libbit-vector-perl/stable 7.4-3+b3 arm64
  Perl module for bit vectors and more

libbitarray-dev/stable 2.0-3 arm64
  library for bit arrays

libbjack-ocaml/stable 0.1.6-3+b4 arm64
  OCaml blocking interface to jack audio connection kit

libbjack-ocaml-dev/stable 0.1.6-3+b4 arm64
  OCaml blocking interface to jack audio connection kit

libbladerf-dev/stable 0.2024.05-1 arm64
  Nuand bladeRF software-defined radio device (header files)

libbladerf-doc/stable 0.2024.05-1 all
  Nuand bladeRF software-defined radio device (API documentation)

libbladerf2/stable 0.2024.05-1 arm64
  Nuand bladeRF software-defined radio device

libblis-dev/stable 1.1-2 arm64
  BLAS-like Library Instantiation Software Framework (dev,32bit,meta)

libblis-openmp-dev/stable 1.1-2 arm64
  BLAS-like Library Instantiation Software Framework (dev,32bit,openmp)

libblis-pthread-dev/stable 1.1-2 arm64
  BLAS-like Library Instantiation Software Framework (dev,32bit,pthread)

libblis-serial-dev/stable 1.1-2 arm64
  BLAS-like Library Instantiation Software Framework (dev,32bit,serial)

libblis4/stable 1.1-2 arm64
  BLAS-like Library Instantiation Software Framework (32bit,meta)

libblis4-openmp/stable 1.1-2 arm64
  BLAS-like Library Instantiation Software Framework (32bit,openmp)

libblis4-pthread/stable 1.1-2 arm64
  BLAS-like Library Instantiation Software Framework (32bit,pthread)

libblis4-serial/stable 1.1-2 arm64
  BLAS-like Library Instantiation Software Framework (32bit,serial)

libblis64-4/stable 1.1-2 arm64
  BLAS-like Library Instantiation Software Framework (64bit,meta)

libblis64-4-openmp/stable 1.1-2 arm64
  BLAS-like Library Instantiation Software Framework (64bit,openmp)

libblis64-4-pthread/stable 1.1-2 arm64
  BLAS-like Library Instantiation Software Framework (64bit,pthread)

libblis64-4-serial/stable 1.1-2 arm64
  BLAS-like Library Instantiation Software Framework (64bit,serial)

libblis64-dev/stable 1.1-2 arm64
  BLAS-like Library Instantiation Software Framework (dev,64bit,meta)

libblis64-openmp-dev/stable 1.1-2 arm64
  BLAS-like Library Instantiation Software Framework (dev,64bit,openmp)

libblis64-pthread-dev/stable 1.1-2 arm64
  BLAS-like Library Instantiation Software Framework (dev,64bit,pthread)

libblis64-serial-dev/stable 1.1-2 arm64
  BLAS-like Library Instantiation Software Framework (dev,64bit,serial)

libblkid-dev/stable 2.41-5 arm64
  block device ID library - headers

libblkid1/stable,now 2.41-5 arm64 [installed]
  block device ID library

libblkio-dev/stable 1.5.0-2 arm64
  Block device I/O library (development files)

libblkio1/stable 1.5.0-2 arm64
  Block device I/O library (runtime files)

libblockdev-crypto3/stable 3.3.0-2.1 arm64
  Crypto plugin for libblockdev

libblockdev-dev/stable 3.3.0-2.1 arm64
  Library for manipulating block devices - development

libblockdev-dm-dev/stable 3.3.0-2.1 arm64
  Device Mapper plugin for libblockdev - development

libblockdev-dm3/stable 3.3.0-2.1 arm64
  Device Mapper plugin for libblockdev

libblockdev-loop-dev/stable 3.3.0-2.1 arm64
  Loop device plugin for libblockdev - development

libblockdev-loop3/stable 3.3.0-2.1 arm64
  Loop device plugin for libblockdev

libblockdev-mpath3/stable 3.3.0-2.1 arm64
  Multipath plugin for libblockdev

libblockdev-part3/stable 3.3.0-2.1 arm64
  Partitioning plugin for libblockdev

libblockdev-plugins-all/stable 3.3.0-2.1 arm64
  All plugins for libblockdev

libblockdev-smart3/stable 3.3.0-2.1 arm64
  SMART plugin for libblockdev

libblockdev-swap3/stable 3.3.0-2.1 arm64
  Swap plugin for libblockdev

libblockdev3/stable 3.3.0-2.1 arm64
  Library for manipulating block devices

libbluetooth-dev/stable 5.82-1.1 arm64
  Development files for using the BlueZ Linux Bluetooth library

libbluetooth3/stable 5.82-1.1 arm64
  Library to use the BlueZ Linux Bluetooth stack

libboost-all-dev/stable 1.83.0.2+b2 arm64
  Boost C++ Libraries development files (ALL) (default version)

libboost-dev/stable 1.83.0.2+b2 arm64
  Boost C++ Libraries development files (default version)

libboost-tools-dev/stable 1.83.0.2+b2 arm64
  Boost C++ Libraries development tools (default version)

libboost1.83-all-dev/stable 1.83.0-4.2 arm64
  Boost C++ Libraries development files (ALL)

libboost1.83-dev/stable 1.83.0-4.2 arm64
  Boost C++ Libraries development files

libboost1.83-tools-dev/stable 1.83.0-4.2 arm64
  Boost C++ Libraries development tools

libboost1.88-all-dev/stable 1.88.0-1 arm64
  Boost C++ Libraries development files (ALL)

libboost1.88-dev/stable 1.88.0-1 arm64
  Boost C++ Libraries development files

libboost1.88-tools-dev/stable 1.88.0-1 arm64
  Boost C++ Libraries development tools

libbson-perl/stable 1.12.2-2 all
  BSON serialization and deserialization for Perl

libbssolv-perl/stable 0.17+git20250403+fc787703f7f6-2 arm64
  module to compute package dependencies (for Open Build Service backend)

libbt-dev/stable 0.70.1-39+b3 arm64
  Blackbox - development library

libbt0/stable 0.70.1-39+b3 arm64
  Blackbox - shared library

libbtbb-dev/stable 2018.12.R1-1+b2 arm64
  Bluetooth baseband decoding library - development files

libbtbb1/stable 2018.12.R1-1+b2 arm64
  Bluetooth baseband decoding library

libbtf2/stable 1:7.10.1+dfsg-1 arm64
  permutation to block triangular form library for sparse matrices

libbtm-java/stable 2.1.4-6 all
  Bitronix JTA Transaction Manager

libbusiness-us-usps-webtools-perl/stable 1.125-2 all
  Perl module enabling use of USPS Web Tools services

libc-icap-mod-contentfiltering/stable 1:0.5.7-1 arm64
  Content filtering Service for c-icap

libc-icap-mod-urlcheck/stable 1:0.5.7-1 arm64
  URL Check Service for c-icap

libc-icap-mod-virus-scan/stable 1:0.5.7-1 arm64
  Antivirus Service for c-icap

libcache-historical-perl/stable 0.05-3 all
  simple data caching service with time history

libcache-memcached-getparserxs-perl/stable 0.01-3+b4 arm64
  C/XS implementation of Cache::Memcached::GetParser

libcache-simple-timedexpiry-perl/stable 0.27-3.1 all
  Perl module to cache and expire key/value pairs

libcairo-perl/stable 1.109-5+b1 arm64
  Perl interface to the Cairo graphics library

libcairo2-ocaml/stable 0.6.5-2+b2 arm64
  OCaml binding for Cairo (runtime library)

libcairo2-ocaml-dev/stable 0.6.5-2+b2 arm64
  OCaml binding for Cairo (development files)

libcalceph2/stable 4.0.4-2 arm64
  Shared library for planetary ephemeris data access

libcallaudio-0-1/stable 0.1.10-1+b2 arm64
  Library for audio routing during voice calls

libcallstats-java/stable 5.2.0-3 all
  library to integrate with callstats.io

libcamd3/stable,now 1:7.10.1+dfsg-1 arm64 [installed,automatic]
  symmetric approximate minimum degree library for sparse matrices

libcamera-dev/stable 0.4.0-7 arm64
  complex camera support library (development files)

libcamera-doc/stable 0.4.0-7 all
  complex camera support library (documentation)

libcamera-info-manager-dev/stable 1.12.0-14+b5 arm64
  Robot OS camera_info_manager package - development

libcamera-info-manager0t64/stable 1.12.0-14+b5 arm64
  Robot OS camera_info_manager package

libcamera-ipa/stable 0.4.0-7 arm64
  complex camera support library (IPA modules)

libcamera-tools/stable 0.4.0-7 arm64
  complex camera support library (tools)

libcamera-v4l2/stable 0.4.0-7 arm64
  complex camera support library (V4L2 module)

libcamera0.4/stable 0.4.0-7 arm64
  complex camera support library

libcapstone5/stable 5.0.7-1~deb13u1 arm64
  lightweight multi-architecture disassembly framework - library

libcasa-lattices8/stable 3.7.1-1 arm64
  CASA lattice library

libcatalyst-controller-formbuilder-perl/stable 0.06-3 all
  Catalyst FormBuilder base controller

libcatalyst-model-adaptor-perl/stable 0.10-3 all
  glue for Catalyst model modules

libcatch2-dev/stable 3.7.1-0.5 arm64
  C++ Automated Test Cases in Headers

libcatmandu-alephx-perl/stable 1.073-2 all
  low level client for Aleph X-Services

libcatmandu-bibtex-perl/stable 0.21-2 all
  Catmandu modules for working with BibTeX data

libcatmandu-blacklight-perl/stable 0.04-2 all
  Catmandu module for working with Blacklight catalogs

libcatmandu-breaker-perl/stable 0.141-2 all
  Catmandu modules that export data in a Breaker format

libcatmandu-cmd-repl-perl/stable 0.01-2 all
  interactive shell for Catmandu

libcatmandu-crossref-perl/stable 0.007-2 all
  Catmandu modules to import data from the CrossRef API

libcatmandu-dbi-perl/stable 0.13-1 all
  Catmandu tools to communicate with DBI based interfaces

libcatmandu-fedoracommons-perl/stable 0.5-2 all
  low level Catmandu interface to the Fedora Commons REST API

libcatmandu-perl/stable 1.2024-1 all
  metadata toolkit

libcatmandu-pure-perl/stable 0.05-2 all
  Catmandu modules for working with data from Pure

libcatmandu-solr-perl/stable 0.0304-2 all
  Catmandu modules for working with SOLR endpoints

libcatmandu-store-elasticsearch-perl/stable 1.0204-1 all
  searchable store backed by Elasticsearch

libcatmandu-zotero-perl/stable 0.07-2 all
  Catmandu modules for working with Zotero web

libcbor-xs-perl/stable 1.87-1+b3 arm64
  module for manipulating CBOR-formatted data (C/XS-accelerated)

libccolamd3/stable,now 1:7.10.1+dfsg-1 arm64 [installed,automatic]
  constrained column approximate library for sparse matrices

libccrtp-dev/stable 2.0.9-4.1+b1 arm64
  Common C++ class framework for RTP packets - development files

libccrtp-doc/stable 2.0.9-4.1 all
  Documentation files for  GNU ccRTPp library

libccrtp2t64/stable 2.0.9-4.1+b1 arm64
  Common C++ class framework for RTP packets

libcdd-dev/stable 094m-1.1+b1 arm64
  Library for finding vertices of convex polytopes, development

libcdd-doc/stable 094m-1.1 all
  documentation for libcdd

libcdd-tools/stable 094m-1.1+b1 arm64
  Programs using libcdd

libcdd0t64/stable 094m-1.1+b1 arm64
  Library for calculations with convex polytopes, runtime

libcdi-api-java/stable 1.2-4 all
  Contexts and Dependency Injection for Java EE

libcdi-dev/stable 2.5.1-1 arm64
  Development files for the climate data interface library

libcdi0/stable 2.5.1-1 arm64
  Climate Data Interface (cdi) library

libcdio++-dev/stable 2.2.0-4.1~deb13u1 arm64
  C++ library to read and control CD-ROM (development files)

libcdio++1t64/stable 2.2.0-4.1~deb13u1 arm64
  C++ library to read and control CD-ROM

libcdio-dev/stable 2.2.0-4.1~deb13u1 arm64
  library to read and control CD-ROM (development files)

libcdio19t64/stable 2.2.0-4.1~deb13u1 arm64
  library to read and control CD-ROM

libcgi-github-webhook-perl/stable 0.06-1.1 all
  Easily write CGI-based GitHub webhooks in Perl

libcgi-simple-perl/stable 1.282-1~deb13u1 all
  simple CGI.pm compatible OO CGI interface

libcgi-ssi-parser-perl/stable 0.01-2 all
  parse Apache server-side includes directives

libcgi-tiny-perl/stable 1.003-1 all
  module providing a modern interface to write CGI scripts

libcgi-xml-perl/stable 0.1-16 all
  perl module for converting CGI variables from/to XML

libcgicc-dev/stable 3.2.19-3 arm64
  C++ class library for writing CGI applications (development files)

libcgicc-doc/stable 3.2.19-3 all
  C++ class library for writing CGI applications (documentation)

libcgicc3/stable 3.2.19-3 arm64
  C++ class library for writing CGI applications (library)

libcglm-dev/stable 0.9.6-1 arm64
  Development files for the cglm library

libcglm0/stable 0.9.6-1 arm64
  Optimized OpenGL Mathematics library for C

libcgns-dev/stable 3.4.0-5+b2 arm64
  CFD General Notation System library (dev files)

libcgns3.4/stable 3.4.0-5+b2 arm64
  CFD General Notation System library

libchado-perl/stable 1.31-6 all
  database schema and tools for genomic data

libcharon-extra-plugins/stable 6.0.1-6+deb13u6 arm64
  strongSwan charon library (extra plugins)

libchipmunk-dev/stable 7.0.3-6+b2 arm64
  Fast and lightweight 2D rigid body physics library (development files)

libchipmunk7/stable 7.0.3-6+b2 arm64
  fast and lightweight 2D rigid body physics library in C

libchise-dev/stable 0.3.0-2.5 arm64
  C language binding of CHISE, the character information database

libchise1t64/stable 0.3.0-2.5 arm64
  C language binding of CHISE, the character information database

libcholmod5/stable,now 1:7.10.1+dfsg-1 arm64 [installed,automatic]
  sparse Cholesky factorization library for sparse matrices

libchromaprint-dev/stable 1.5.1-7 arm64
  audio fingerprinting library - development files

libchromaprint-tools/stable 1.5.1-7 arm64
  audio fingerprinting library - tools

libchromaprint1/stable 1.5.1-7 arm64
  audio fingerprint library

libcib54/stable 3.0.0-2 arm64
  cluster resource manager CIB library

libcidr-dev/stable 1.2.3-3+b2 arm64
  IP addresses and netblocks manipulation library

libcidr0/stable 1.2.3-3+b2 arm64
  IP addresses and netblocks manipulation library

libcifxom-java/stable 1.5+git20211217.ca2412c-1 all
  schema and toolkit for managing CIF files in XML

libcivetweb-dev/stable 1.16+dfsg-2+deb13u1 arm64
  embeddable web server with optional CGI, SSL and Lua support (devel)

libcivetweb1/stable 1.16+dfsg-2+deb13u1 arm64
  embeddable web server with optional CGI, SSL and Lua support (lib)

libclamav12/stable 1.4.3+dfsg-1 arm64
  anti-virus utility for Unix - library

libclanapp-1.0t64/stable 1.0~svn3827-11.2+b1 arm64
  ClanLib game SDK runtime

libclanlib-dev/stable 1.0~svn3827-11.2+b1 arm64
  ClanLib game SDK development files

libclass-dbi-perl/stable 3.0.17-5 all
  convenient abstraction layer to a database

libclass-std-perl/stable 0.013-3 all
  module for creating standard "inside-out" classes

libclass-std-utils-perl/stable 0.0.3-3 all
  utility subroutines for building "inside-out" objects

libclaw-dev/stable 1.7.4-3 arm64
  Claw is a generalist C++ library (development files)

libclaw-doc/stable 1.7.4-3 all
  Claw is a generalist C++ library (documentation files)

libclaw-tween1t64/stable 1.7.4-3 arm64
  C++ tweeners

libclblast-dev/stable 1.6.3-1+b1 arm64
  Tuned OpenCL BLAS library (development files)

libclblast1/stable 1.6.3-1+b1 arm64
  Tuned OpenCL BLAS library

libcloudproviders-dev/stable 0.3.6-2 arm64
  cloud provider library - development files

libcloudproviders-doc/stable 0.3.6-2 all
  cloud provider library - documentation

libcloudproviders0/stable,now 0.3.6-2 arm64 [installed,automatic]
  cloud provider library

libclucene-contribs1t64/stable 2.3.3.4+dfsg-1.2+b1 arm64
  language specific text analyzers (runtime)

libclucene-core1t64/stable 2.3.3.4+dfsg-1.2+b1 arm64
  core library for full-featured text search engine (runtime)

libclucene-dev/stable 2.3.3.4+dfsg-1.2+b1 arm64
  library for full-featured text search engine (development)

libcmtspeechdata-dev/stable 2.1.1+git20160721~8efc468-3+b1 arm64
  modem speech data handling library (devel files)

libcmtspeechdata-doc/stable 2.1.1+git20160721~8efc468-3 all
  modem speech data handling library (documentation)

libcmtspeechdata-utils/stable 2.1.1+git20160721~8efc468-3+b1 arm64
  modem speech data handling library (utils)

libcmtspeechdata0t64/stable 2.1.1+git20160721~8efc468-3+b1 arm64
  modem speech data handling library

libcoap3-dev/stable 4.3.4-1.1+deb13u3 arm64
  C-Implementation of CoAP - development files API version 3

libcoap3-doc/stable 4.3.4-1.1+deb13u3 all
  C-Implementation of CoAP - HTML based documentation files for API v3

libcoap3t64/stable 4.3.4-1.1+deb13u3 arm64
  C-Implementation of CoAP - libraries API version 3

libcobertura-java/stable 2.1.1-2 all
  java library that calculates the percentage of code accessed by tests

libcode-tidyall-plugin-yaml-perl/stable 0.000001-2 all
  module to tidy YAML documents

libcodec2-1.2/stable,now 1.2.0-3 arm64 [installed,automatic]
  Codec2 runtime library

libcodec2-dev/stable 1.2.0-3 arm64
  Codec2 library development files

libcodemodel-java/stable 2.6+jaxb2.3.0.1-11 all
  Java library for code generators

libcodenarc-groovy-java/stable 0.23-6 all
  Groovy library that provides static analysis features for Groovy code

libcodenarc-groovy-java-doc/stable 0.23-6 all
  Documentation for libcodenarc-groovy-java

libcolamd3/stable,now 1:7.10.1+dfsg-1 arm64 [installed,automatic]
  column approximate minimum degree ordering library for sparse matrices

libcollection-dev/stable 0.6.2-3 arm64
  Development files for libcollection

libcollection4t64/stable 0.6.2-3 arm64
  Collection data-type for C

libcolord-dev/stable 1.4.7-3 arm64
  system service to manage device colour profiles -- development files

libcolord-gtk-dev/stable 0.3.1-1+b1 arm64
  GTK+ convenience library for interacting with colord - dev files

libcolord-gtk-doc/stable 0.3.1-1 all
  GTK convenience library for interacting with colord - docs

libcolord-gtk-headers/stable 0.3.1-1+b1 arm64
  GTK convenience library for interacting with colord - headers

libcolord-gtk1t64/stable 0.3.1-1+b1 arm64
  GTK+ convenience library for interacting with colord

libcolord-gtk4-1t64/stable 0.3.1-1+b1 arm64
  GTK4 convenience library for interacting with colord

libcolord-gtk4-dev/stable 0.3.1-1+b1 arm64
  GTK4 convenience library for interacting with colord - dev files

libcolord2/stable,now 1.4.7-3 arm64 [installed,automatic]
  system service to manage device colour profiles -- runtime

libcolorhug-dev/stable 1.4.7-3 arm64
  library to access the ColorHug colourimeter -- development files

libcolorhug2/stable 1.4.7-3 arm64
  library to access the ColorHug colourimeter -- runtime

libcolt-free-java/stable 1.2.0+dfsg-8 all
  scalable scientific and technical computing in Java

libcolt-free-java-doc/stable 1.2.0+dfsg-8 all
  scalable scientific and technical computing in Java (doc)

libcombblas-dev/stable 2.0.0-6+b2 arm64
  an extensible parallel graph library for graph analytics

libcombblas-docs/stable 2.0.0-6 all
  an extensible parallel graph library for graph analytics (docs)

libcombblas2.0.0t64/stable 2.0.0-6+b2 arm64
  an extensible parallel graph library for graph analytics

libcomedi0t64/stable 0.11.0+5-1.3+b1 arm64
  Library for Comedi

libcomidi-clojure/stable 0.3.2-2 all
  HTTP route definitions for Clojure

libcommons-dbcp-java/stable 1.4-8 all
  Database Connection Pooling Services

libcommons-dbcp2-java/stable 2.13.0-1 all
  Database Connection Pooling Services 2

libcompojure-clojure/stable 1.6.0-2 all
  consice routing library for Ring

libcompress-raw-bzip2-perl/stable 2.213-2 arm64
  low-level interface to bzip2 compression library

libconcord-dev/stable 1.5-3.1+b2 arm64
  configuration tool for Harmony remotes - development files

libconcord6/stable 1.5-3.1+b2 arm64
  configuration tool for Harmony remotes - runtime libraries

libconfig-any-perl/stable 0.33-1 all
  module to load configuration from different file formats

libconfig-mvp-slicer-perl/stable 0.303-2 all
  module to extract embedded plugin config from parent config

libcontactsd1/stable 1.4.15-1 arm64
  Telepathy - QtContacts bridge for contacts (plugin shared library)

libcontactsd1-dev/stable 1.4.15-1 arm64
  Telepathy - QtContacts bridge for contacts (development files)

libcoq-coqeal/stable 2.1.0-1+b1 arm64
  algebra and data structure algorithms for Coq

libcoq-mathcomp-algebra/stable 2.3.0-1+b7 arm64
  Mathematical Components library for Coq (algebra)

libcos4-3/stable 4.3.3+ds1-1 arm64
  omniORB CORBA services stubs

libcos4-dev/stable 4.3.3+ds1-1 arm64
  omniORB CORBA services stubs development files

libcpan-common-index-perl/stable 0.010-2 all
  common library for searching CPAN modules, authors, and distributions

libcpanel-json-xs-perl/stable 4.39-2~deb13u1 arm64
  module for fast and correct serialising to JSON

libcpdb-backend-dev/stable 2.0~b5-1.2+b3 arm64
  Common Print Dialog Backends - Development files for Backend Library

libcpdb-dev/stable 2.0~b5-1.2+b3 arm64
  Common Print Dialog Backends - Development files for both libraries

libcpdb-frontend-dev/stable 2.0~b5-1.2+b3 arm64
  Common Print Dialog Backends - Development files for Frontend Library

libcpdb-frontend2t64/stable 2.0~b5-1.2+b3 arm64
  Common Print Dialog Backends - Interface Library for Frontends

libcpdb2t64/stable 2.0~b5-1.2+b3 arm64
  Common Print Dialog Backends - Interface Library

libcpgplot0/stable 1.5.0-2 arm64
  CPGPLOT replacement shared lib based on giza

libcpl-dev/stable 7.3.2+ds-1+b3 arm64
  ESO library for automated astronomical data-reduction

libcpluff0/stable 0.2.0+ds1-2+b3 arm64
  C-Pluff, a plug-in framework for C - runtime library

libcpluff0-dev/stable 0.2.0+ds1-2+b3 arm64
  C-Pluff, a plug-in framework for C - development kit

libcplui26/stable 7.3.2+ds-1+b3 arm64
  CPL framework interface library

libcppdb-dev/stable 0.3.1+dfsg-9.1+b1 arm64
  SQL Connectivity Library (development files)

libcppdb-mysql0t64/stable 0.3.1+dfsg-9.1+b1 arm64
  SQL Connectivity Library (MySQL backend)

libcppdb-odbc0t64/stable 0.3.1+dfsg-9.1+b1 arm64
  SQL Connectivity Library (odbc backend)

libcppdb-postgresql0t64/stable 0.3.1+dfsg-9.1+b1 arm64
  SQL Connectivity Library (PostgreSQL backend)

libcppdb-sqlite3-0t64/stable 0.3.1+dfsg-9.1+b1 arm64
  SQL Connectivity Library (sqlite3 backend)

libcppdb0t64/stable 0.3.1+dfsg-9.1+b1 arm64
  SQL Connectivity Library (core library)

libcpprest-dev/stable 2.10.19-3 arm64
  Development files for C++ REST SDK / Casablanca

libcpprest-doc/stable 2.10.19-3 all
  Reference manual for C++ REST SDK / Casablanca

libcpprest2.10/stable 2.10.19-3 arm64
  Shared library for C++ REST SDK / Casablanca

libcpprspserver-dev/stable 3.4.4-1.1+b2 arm64
  headers of the C++ RSerPool client/server API library

libcpprspserver3t64/stable 3.4.4-1.1+b2 arm64
  C++ RSerPool client/server API library

libcpuinfo-dev/stable 0.0~git20250327.39ea79a-1 arm64
  CPU INFOrmation library (header file)

libcpuinfo0/stable 0.0~git20250327.39ea79a-1 arm64
  CPU INFOrmation library (shared object)

libcriticism-perl/stable 1.02-3 all
  Perl pragma to enforce coding standards and best-practices

libcrmcluster53/stable 3.0.0-2 arm64
  cluster resource manager cluster library

libcrmcommon68/stable 3.0.0-2 arm64
  cluster resource manager common library

libcrmservice53/stable 3.0.0-2 arm64
  cluster resource manager service library

libcry-ocaml-dev/stable 1.0.3-3+b3 arm64
  MP3/Ogg Vorbis broadcast OCaml module

libcrypt-simple-perl/stable 0.06-8 all
  Perl library to encrypt stuff simply

libcrypt-u2f-server-perl/stable 0.47-1+b1 arm64
  Perl module to register and authenticate U2F compatible devices

libcryptsetup-dev/stable 2:2.7.5-2 arm64
  disk encryption support - development files

libcryptsetup12/stable 2:2.7.5-2 arm64
  disk encryption support - shared library

libctapimkt1/stable 1.0.5~rc1-9+b3 arm64
  Read German Krankenversichertenkarte and eGK

libctapimkt1-dev/stable 1.0.5~rc1-9+b3 arm64
  Read German Krankenversichertenkarte and eGK (development)

libcub-dev/stable 2.3.2-2 all
  reusable software components for the CUDA programming model

libcubeb-dev/stable 0.0~git20250401.975a727+ds-1 arm64
  cross platform audio library - development files

libcubeb-doc/stable 0.0~git20250401.975a727+ds-1 all
  cross platform audio library - documentation

libcubeb0/stable 0.0~git20250401.975a727+ds-1 arm64
  cross platform audio library

libcurator-discovery-java/stable 5.7.1+ds-1 all
  Apache Curator Service Discovery

libcvc5-1/stable 1.1.2-2+b3 arm64
  automated theorem prover for SMT problems (runtime)

libcvc5-dev/stable 1.1.2-2+b3 arm64
  automated theorem prover for SMT problems (development files)

libcvc5parser1/stable 1.1.2-2+b3 arm64
  automated theorem prover for SMT problems (parser runtime)

libcvtapi-dev/stable 0.0~git20230329.226eda8-1.1+b2 arm64
  VirusTotal C API library (development)

libcvtapi1t64/stable 0.0~git20230329.226eda8-1.1+b2 arm64
  VirusTotal C API library

libcxl1/stable 81-1 arm64
  utility library for managing Compute Express Link devices

libcxsparse4/stable 1:7.10.1+dfsg-1 arm64
  concise sparse matrix library

libcycloneddsidl0t64/stable 0.10.5-1+b2 arm64
  Eclipse Cyclone DDS IDL library

libdancer-perl/stable 1.3521+dfsg-1 all
  effortless web application framework

libdancer-plugin-catmandu-oai-perl/stable 0.0508-3 all
  OAI-PMH provider backed by a searchable Catmandu::Store

libdancer-plugin-database-perl/stable 2.13-2 all
  Dancer plugin providing easy database connections

libdancer-plugin-rest-perl/stable 0.11-4 all
  REST plugin for Dancer

libdancer2-plugin-passphrase-perl/stable 3.4.1-1 all
  passphrases and passwords as objects for Dancer2

libdar-dev/stable 2.7.17-1+b16 arm64
  Disk ARchive: Development files for shared library

libdar64-6000t64/stable 2.7.17-1+b16 arm64
  Disk ARchive: Shared library

libdart-all-dev/stable 6.13.2+ds-3+b1 arm64
  Kinematics Dynamics and Optimization Library - All Development Files

libdart-collision-bullet-dev/stable 6.13.2+ds-3+b1 arm64
  Kinematics Dynamics and Optimization Library - Bullet Collision Dev

libdart-collision-bullet6.13/stable 6.13.2+ds-3+b1 arm64
  Kinematics Dynamics and Optimization Library - Bullet Collision Library

libdart-collision-ode-dev/stable 6.13.2+ds-3+b1 arm64
  Kinematics Dynamics and Optimization Library - ODE Collision Dev

libdart-collision-ode6.13/stable 6.13.2+ds-3+b1 arm64
  Kinematics Dynamics and Optimization Library - ODE Collision Library

libdart-dev/stable 6.13.2+ds-3+b1 arm64
  Kinematics Dynamics and Optimization Library - development files

libdart-external-convhull-3d-dev/stable 6.13.2+ds-3+b1 arm64
  Kinematics Dynamics and Optimization Library - convhull-3d dev

libdart-external-ikfast-dev/stable 6.13.2+ds-3+b1 arm64
  Kinematics Dynamics and Optimization Library - ikfast dev

libdart-external-imgui-dev/stable 6.13.2+ds-3+b1 arm64
  Kinematics Dynamics and Optimization Library - imgui dev

libdart-external-imgui6.13/stable 6.13.2+ds-3+b1 arm64
  Kinematics Dynamics and Optimization Library - imgui lib

libdart-external-lodepng-dev/stable 6.13.2+ds-3+b1 arm64
  Kinematics Dynamics and Optimization Library - lodepng dev

libdart-external-lodepng6.13/stable 6.13.2+ds-3+b1 arm64
  Kinematics Dynamics and Optimization Library - lodepng lib

libdart-external-odelcpsolver-dev/stable 6.13.2+ds-3+b1 arm64
  Kinematics Dynamics and Optimization Library - odelcpsolver dev

libdart-external-odelcpsolver6.13/stable 6.13.2+ds-3+b1 arm64
  Kinematics Dynamics and Optimization Library - odelcpsolver lib

libdart-gui-dev/stable 6.13.2+ds-3+b1 arm64
  Kinematics Dynamics and Optimization Library - gui dev files

libdart-gui-osg-dev/stable 6.13.2+ds-3+b1 arm64
  Kinematics Dynamics and Optimization Library - gui-osg dev files

libdart-gui-osg6.13/stable 6.13.2+ds-3+b1 arm64
  Kinematics Dynamics and Optimization Library - gui-osg library

libdart-gui6.13/stable 6.13.2+ds-3+b1 arm64
  Kinematics Dynamics and Optimization Library - gui library

libdart-optimizer-ipopt-dev/stable 6.13.2+ds-3+b1 arm64
  Kinematics Dynamics and Optimization Library - ipopt optimizer dev

libdart-optimizer-ipopt6.13/stable 6.13.2+ds-3+b1 arm64
  Kinematics Dynamics and Optimization Library - ipopt optimizer lib

libdart-optimizer-nlopt-dev/stable 6.13.2+ds-3+b1 arm64
  Kinematics Dynamics and Optimization Library - nlopt optimizer dev

libdart-optimizer-nlopt6.13/stable 6.13.2+ds-3+b1 arm64
  Kinematics Dynamics and Optimization Library - nlopt optimizer lib

libdart-utils-dev/stable 6.13.2+ds-3+b1 arm64
  Kinematics Dynamics and Optimization Library - utils dev files

libdart-utils-urdf-dev/stable 6.13.2+ds-3+b1 arm64
  Kinematics Dynamics and Optimization Library - URDF Component Development Files

libdart-utils-urdf6.13/stable 6.13.2+ds-3+b1 arm64
  Kinematics Dynamics and Optimization Library - Utils URDF Library

libdart-utils6.13/stable 6.13.2+ds-3+b1 arm64
  Kinematics Dynamics and Optimization Library - utils library

libdart6.13/stable 6.13.2+ds-3+b1 arm64
  Kinematics Dynamics and Optimization Library - main library

libdata-hexdumper-perl/stable 3.0001-1.1 all
  module for formatting binary data in a human-readable way

libdata-messagepack-perl/stable 1.02-2 arm64
  MessagePack serializing/deserializing

libdata-showtable-perl/stable 4.6-4 all
  Perl module to print arrays of data in a formatted listing

libdata-xml-clojure/stable 0.2.0~alpha6-4 all
  library for reading and writing XML data

libdate-hijri-perl/stable 0.02-4 all
  Perl module to convert Gregorian dates to Hijri and vice versa

libdaxctl-dev/stable 81-1 arm64
  Development files for libdaxctl

libdaxctl1/stable 81-1 arm64
  Utility library for managing the device DAX subsystem

libdbi-perl/stable,now 1.647-1+deb13u1 arm64 [installed,automatic]
  Perl Database Interface (DBI)

libdbuskit-dev/stable 0.1.1-13 arm64
  GNUstep framework that interfaces with D-Bus (development files)

libdbuskit0/stable 0.1.1-13 arm64
  GNUstep framework that interfaces with D-Bus (runtime library)

libddsc0t64/stable 0.10.5-1+b2 arm64
  Eclipse Cyclone DDS library

libdevel-overrideglobalrequire-perl/stable 0.001-4 all
  module to safely override CORE::GLOBAL::require

libdevice-cdio-perl/stable 2.0.0-2+b5 arm64
  CD Input and control library

libdevice-gsm-perl/stable 1.61-3 all
  module to access GSM phones / modems

libdevice-i2c-perl/stable 0.06-2+b3 arm64
  module to control and read hardware devices with i2c(SMBus)

libdevice-modem-perl/stable 1.59-1 all
  module to access generic modems (AT-compliant)

libdevice-serialport-perl/stable 1.04-4+b5 arm64
  emulation of Win32::SerialPort for Linux/POSIX

libdevice-usb-pcsensor-hidtemper-perl/stable 2:0.04-3 arm64
  Perl module to interface to the HidTEMPer thermometers

libdevice-usb-perl/stable 0.38-3+b3 arm64
  Perl module to access USB devices using libusb

libdeviceinfo-dev/stable 0.2.3-1 arm64
  Development headers to detect and configure devices in Lomiri

libdeviceinfo0/stable 0.2.3-1 arm64
  Library for Lomiri to detect and configure devices

libdevicexlib-dev/stable 0.8.6-2 arm64
  Library wrapping device-oriented routines and utilities

libdevmapper-dev/stable 2:1.02.205-2 arm64
  Linux Kernel Device Mapper header files

libdevmapper-event1.02.1/stable 2:1.02.205-2 arm64
  Linux Kernel Device Mapper event support library

libdevmapper1.02.1/stable 2:1.02.205-2 arm64
  Linux Kernel Device Mapper userspace library

libdfu-dev/stable 1.0~git20221215.dd2df39-3+b2 arm64
  DFU (Device Firmware Update) library - devel files

libdfu1/stable 1.0~git20221215.dd2df39-3+b2 arm64
  DFU (Device Firmware Update) library

libdhash-dev/stable 0.6.2-3 arm64
  Development files for libdhash

libdhash1t64/stable 0.6.2-3 arm64
  Dynamic hash table

libdiagnostic-updater-dev/stable 1.11.0+ds-8+b1 arm64
  development files for diagnostic_updater (Robot OS)

libdiagnostic-updater0d/stable 1.11.0+ds-8+b1 arm64
  library for diagnostic_updater (Robot OS)

libdirgra-java/stable 0.4-2 all
  Java library providing a simple directed graph implementation

libdirgra-java-doc/stable 0.4-2 all
  Documentation for dirgra

libdiscover-dev/stable 2.1.2-10.1+b1 arm64
  hardware identification library development files

libdiscover2/stable 2.1.2-10.1+b1 arm64
  hardware identification library

libdist-zilla-config-slicer-perl/stable 0.202-1 all
  Config::MVP::Slicer customized for Dist::Zilla

libdist-zilla-plugin-ourpkgversion-perl/stable 1:0.21-2 all
  alternative to DZP::PkgVersion with "our" and no line insertion

libdist-zilla-plugin-test-perl-critic-perl/stable 3.004-1 all
  Dist::Zilla plugin to check your code with perlcritic

libdist-zilla-plugin-twitter-perl/stable 0.026-3 all
  Twitter when you release with Dist::Zilla

libdleyna-connector-dbus-1.0-1/stable 0.8.3-2 arm64
  DBus connector module for the dLeyna services

libdleyna-core-1.0-6/stable 0.8.3-2 arm64
  Utility functions for higher level dLeyna components

libdleyna-core-1.0-dev/stable 0.8.3-2 arm64
  Utility functions for higher level dLeyna components (development files)

libdlpack-dev/stable 1.0-1 arm64
  Open In Memory Tensor Structure

libdogleg-dev/stable 0.16-4+b3 arm64
  Powell's dog-leg nonlinear least squares solver for sparse matrices

libdogleg2/stable 0.16-4+b3 arm64
  Powell's dog-leg nonlinear least squares solver for sparse matrices

libdrm-amdgpu1/stable,now 2.4.124-2 arm64 [installed,automatic]
  Userspace interface to amdgpu-specific kernel DRM services -- runtime

libdrm-common/stable,now 2.4.124-2 all [installed,automatic]
  Userspace interface to kernel DRM services -- common files

libdrm-dev/stable 2.4.124-2 arm64
  Userspace interface to kernel DRM services -- development files

libdrm-etnaviv1/stable 2.4.124-2 arm64
  Userspace interface to etnaviv-specific kernel DRM services -- runtime

libdrm-freedreno1/stable 2.4.124-2 arm64
  Userspace interface to msm/kgsl kernel DRM services -- runtime

libdrm-intel1/stable 2.4.124-2 arm64
  Userspace interface to intel-specific kernel DRM services -- runtime

libdrm-nouveau2/stable 2.4.124-2 arm64
  Userspace interface to nouveau-specific kernel DRM services -- runtime

libdrm-radeon1/stable 2.4.124-2 arm64
  Userspace interface to radeon-specific kernel DRM services -- runtime

libdrm-tegra0/stable 2.4.124-2 arm64
  Userspace interface to tegra-specific kernel DRM services -- runtime

libdrm-tests/stable 2.4.124-2 arm64
  Testing tools from the libdrm project

libdrm2/stable,now 2.4.124-2 arm64 [installed,automatic]
  Userspace interface to kernel DRM services -- runtime

libdsdcc-dev/stable 1.9.3-2.1+b1 arm64
  Digital Speech Decoder (DSD) (headers)

libdsdcc1t64/stable 1.9.3-2.1+b1 arm64
  Digital Speech Decoder (DSD)

libdssialsacompat-dev/stable 1.0.8a-2.1 arm64
  DSSI ALSA compatibility library (development files)

libdssialsacompat0t64/stable 1.0.8a-2.1 arm64
  DSSI ALSA compatibility library for non-Linux platforms

libdt-utils-dev/stable 2021.03.0+ds-3+b1 arm64
  Device tree related library (development files)

libdt-utils5t64/stable 2021.03.0+ds-3+b1 arm64
  Device tree related library

libdtools-ocaml-dev/stable 0.4.6-1+b1 arm64
  library for writing daemons in OCaml

libduktape207/stable,now 2.7.0-2+b2 arm64 [installed,automatic]
  embeddable Javascript engine, library

libdvbcsa-dev/stable 1.1.0-4+b2 arm64
  free implementation of the DVB/CSA (development files)

libdvbcsa1/stable 1.1.0-4+b2 arm64
  free implementation of the DVB/CSA

libdvbv5-0t64/stable 1.30.1-1 arm64
  Libraries to control, scan and zap on Digital TV channels

libdvbv5-dev/stable 1.30.1-1 arm64
  Development files for libdvbv5

libdvbv5-doc/stable 1.30.1-1 all
  Doxygen generated documentation for libdvbv5

libdynamicedt3d-dev/stable 1.9.7+dfsg-4 arm64
  dynamicEDT3D library development files

libdynamicedt3d1.9t64/stable 1.9.7+dfsg-4 arm64
  Incrementally updatable Euclidean distance transform library

libe131-1/stable 1.4.0+repack-1+b1 arm64
  lightweight library for the E1.31 (sACN) protocol (library)

libe131-dev/stable 1.4.0+repack-1+b1 arm64
  lightweight library for the E1.31 (sACN) protocol (development library)

libeasyconf-java/stable 0.9.5-7 all
  library to access configuration of software components

libeasyconf-java-doc/stable 0.9.5-7 all
  library to access configuration of software components - Javadoc

libecholib-dev/stable 24.02-5 arm64
  EchoLib library for SvxLink (development files)

libecholib1.3t64/stable 24.02-5 arm64
  EchoLib library for SvxLink

libeclipse-compare-core-java/stable 3.8.100+eclipse4.29-4 all
  Eclipse Core Compare Support

libeclipse-compare-java/stable 3.9.200+eclipse4.29-4 all
  Eclipse Compare Support

libeclipse-core-contenttype-java/stable 3.9.100+eclipse4.29-4 all
  Eclipse Content Mechanism

libeclipse-core-expressions-java/stable 3.9.100+eclipse4.29-4 all
  Eclipse Expression Language

libeclipse-core-externaltools-java/stable 1.3.100+eclipse4.29-4 all
  Eclipse External Tools Headless Support

libeclipse-core-filesystem-java/stable 1.10.100+eclipse4.29-4 all
  Eclipse Core File Systems

libeclipse-core-jobs-java/stable 3.15.0+eclipse4.29-4 all
  Eclipse Core Jobs

libeclipse-core-net-java/stable 1.5.100+eclipse4.29-4 all
  Eclipse Internet Connection Management

libeclipse-core-resources-java/stable 3.19.100+eclipse4.29-4 all
  Eclipse Core Resource Management

libeclipse-core-runtime-java/stable 3.29.0+eclipse4.29-4 all
  Eclipse Core Runtime

libeclipse-core-variables-java/stable 3.6.100+eclipse4.29-4 all
  Eclipse Core Variables

libeclipse-debug-core-java/stable 3.21.100+eclipse4.29-4 all
  Eclipse Debug Core

libeclipse-debug-ui-java/stable 3.18.100+eclipse4.29-4 all
  Eclipse Debug UI

libeclipse-e4-core-contexts-java/stable 1.12.100+eclipse4.29-4 all
  Eclipse Contexts

libeclipse-e4-core-di-annotations-java/stable 1.8.100+eclipse4.29-4 all
  Eclipse Dependency Injection Annotations

libeclipse-e4-core-di-extensions-java/stable 0.18.0+eclipse4.29-4 all
  Eclipse Dependency Injection Extensions

libeclipse-e4-core-di-extensions-supplier-java/stable 0.17.100+eclipse4.29-4 all
  Eclipse Dependency Injection Extensions Supplier

libeclipse-e4-core-di-java/stable 1.9.100+eclipse4.29-4 all
  Eclipse Dependency Injection

libeclipse-e4-core-services-java/stable 2.4.100+eclipse4.29-4 all
  Eclipse Application Services

libeclipse-e4-ui-services-java/stable 1.6.100+eclipse4.29-1 all
  Eclipse UI Application Services

libeclipse-help-java/stable 3.10.100+eclipse4.29-4 all
  Eclipse Help System Core

libeclipse-jsch-core-java/stable 1.5.100+eclipse4.29-4 all
  Eclipse JSch Core

libeclipse-jsch-ui-java/stable 1.5.100+eclipse4.29-4 all
  Eclipse JSch UI

libeclipse-osgi-services-java/stable 3.11.100+eclipse4.29-2 all
  Eclipse OSGi Service Interfaces and Classes

libeclipse-team-core-java/stable 3.10.100+eclipse4.29-4 all
  Eclipse Team Support Core

libeclipse-team-genericeditor-diff-extension-java/stable 1.2.100+eclipse4.29-4 all
  Eclipse Diff Extension for Generic Editor

libeclipse-team-ui-java/stable 3.10.100+eclipse4.29-4 all
  Eclipse Team Support UI

libeclipse-ui-console-java/stable 3.13.0+eclipse4.29-4 all
  Eclipse Console

libeclipse-ui-externaltools-java/stable 3.6.100+eclipse4.29-4 all
  Eclipse External Tools

libeclipse-ui-genericeditor-java/stable 1.3.100+eclipse4.29-1 all
  EEclipse Generic and Extensible Text Editor

libeclipselink-java/stable 2.7.15-1 all
  Eclipse Persistence Services Project

libecore-input1/stable 1.28.1-1 arm64
  Ecore functions for input devices

libeditorconfig-dev/stable 0.12.9+~0.17.1-1 arm64
  coding style indenter across editors - development files

libeditorconfig0/stable 0.12.9+~0.17.1-1 arm64
  coding style indenter across editors - library

libeditreadline-dev/stable 3.1-20250104-1 arm64
  BSD editline and history libraries (shim development files)

libeegdev-dev/stable 0.2-10 arm64
  Biosignal acquisition device library (Development files)

libeegdev0t64/stable 0.2-10 arm64
  Biosignal acquisition device library

libeeze-bin/stable 1.28.1-1 arm64
  EFL udev device manipulation - utilities

libeeze1/stable 1.28.1-1 arm64
  EFL udev device manipulation

libefreet-bin/stable 1.28.1-1 arm64
  EFL helper program to create efreet data caches

libeigen3-dev/stable 3.4.0-5 all
  lightweight C++ template library for linear algebra

libeigenbase-farrago-java/stable 0.9.0-3 all
  Java framework for constructing RDBMS services

libeinfo-dev/stable 0.56-1 arm64
  dependency based service manager (pretty console display development)

libeinfo1/stable 0.56-1 arm64
  dependency based service manager (pretty console display library)

libejml-java/stable 0.41+ds-2 all
  Efficient Java Matrix Library

libelementary-bin/stable 1.28.1-1 arm64
  EFL widget set - helper programs

libelementary-data/stable 1.28.1-1 all
  EFL widget set - data files

libelementary1/stable 1.28.1-1 arm64
  EFL widget set

libell-dev/stable 0.77-1 arm64
  development files for the Embedded Linux library

libell0/stable 0.77-1 arm64
  Embedded Linux library

libemf-dev/stable 1.0.13-8+b1 arm64
  Enhanced Metafile library (development)

libemf-doc/stable 1.0.13-8 all
  Enhanced Metafile library (documentation)

libemf1/stable 1.0.13-8+b1 arm64
  Enhanced Metafile library (run-time)

libequinox-app-java/stable 1.6.300+eclipse4.29-2 all
  Eclipse Equinox Application Container

libequinox-bidi-java/stable 1.4.300+eclipse4.29-2 all
  Eclipse Equinox Bidirectional Text Support

libequinox-cm-java/stable 1.5.200+eclipse4.29-2 all
  Eclipse Equinox Configuration Admin

libequinox-common-java/stable 3.18.100+eclipse4.29-2 all
  Eclipse Equinox Common Utility Bundle

libequinox-concurrent-java/stable 1.2.100+eclipse4.29-2 all
  Eclipse Equinox Concurrent API

libequinox-console-java/stable 1.4.500+eclipse4.29-2 all
  Eclipse Equinox Console plug-in

libequinox-coordinator-java/stable 1.5.200+eclipse4.29-2 all
  Eclipse Equinox Coordinator

libequinox-device-java/stable 1.1.400+eclipse4.29-2 all
  Eclipse Equinox Device Access Service

libequinox-event-java/stable 1.6.200+eclipse4.29-2 all
  Eclipse Equinox Event Admin

libequinox-http-jetty-java/stable 3.8.300+eclipse4.29-2 all
  Eclipse Equinox Jetty HTTP Service

libequinox-http-registry-java/stable 1.3.300+eclipse4.29-2 all
  Eclipse Equinox HTTP Registry

libequinox-http-servlet-java/stable 1.7.400+eclipse4.29-2 all
  Eclipse Equinox HTTP Services Servlet

libequinox-http-servletbridge-java/stable 1.2.200+eclipse4.29-2 all
  Eclipse Equinox Servletbridge HTTP Service

libequinox-jsp-jasper-java/stable 1.1.700+eclipse4.29-2 all
  Eclipse Equinox Jasper Jsp Support Bundle

libequinox-jsp-jasper-registry-java/stable 1.2.100+eclipse4.29-2 all
  Eclipse Equinox Jasper Jsp Registry Support Plug-in

libequinox-metatype-java/stable 1.6.300+eclipse4.29-2 all
  Eclipse Equinox Meta Type

libequinox-osgi-java/stable 3.9.1-6 all
  Equinox OSGi framework (Transitional)

libequinox-preferences-java/stable 3.10.300+eclipse4.29-2 all
  Eclipse Preferences Mechanism

libequinox-region-java/stable 1.5.300+eclipse4.29-2 all
  Eclipse Equinox Region

libequinox-registry-java/stable 3.11.300+eclipse4.29-2 all
  Eclipse Extension Registry Support

libequinox-security-java/stable 1.4.0+eclipse4.29-2 all
  Eclipse Equinox Java Authentication and Authorization Service (JAAS)

libequinox-security-ui-java/stable 1.4.0+eclipse4.29-2 all
  Equinox Security Default UI

libequinox-servletbridge-java/stable 1.6.300+eclipse4.29-2 all
  Eclipse Equinox Servletbridge

libequinox-transforms-hook-java/stable 1.3.300+eclipse4.29-2 all
  Eclipse Equinox Transformer Hook Framework Extension

libequinox-transforms-xslt-java/stable 1.2.300+eclipse4.29-2 all
  Eclipse Equinox Transforms XSLT

libequinox-useradmin-java/stable 1.2.400+eclipse4.29-2 all
  Eclipse Equinox User Admin Service

libequinox-weaving-caching-java/stable 1.2.300+eclipse4.29-2 all
  Eclipse Equinox Weaving Caching

libequinox-weaving-hook-java/stable 1.3.200+eclipse4.29-2 all
  Eclipse Equinox Weaving Hook

liberfa-dev/stable 2.0.1-1+b2 arm64
  Essential Routines for Fundamental Astronomy (development files)

liberfa1/stable 2.0.1-1+b2 arm64
  Essential Routines for Fundamental Astronomy

libervia-pubsub/stable 0.5.0~hg494-1 all
  XMPP Publish-Subscribe service component

libethumb-client-bin/stable 1.28.1-1 arm64
  EFL ethumb helper binary

libevas-loaders/stable 1.28.1-1 arm64
  EFL additional loaders for Evas

libevas1/stable 1.28.1-1 arm64
  EFL advanced canvas library

libevas1-engines-drm/stable 1.28.1-1 arm64
  Evas module providing the DRM engine

libevas1-engines-fb/stable 1.28.1-1 arm64
  Evas module providing the Framebuffer engine

libevas1-engines-wayland/stable 1.28.1-1 arm64
  Evas module providing the Wayland engine

libevas1-engines-x/stable 1.28.1-1 arm64
  Evas module providing the X11 engines

libevd-0.2-0t64/stable 0.2.0-6 arm64
  Peer-to-peer inter-process communication library - Shared libraries

libevd-0.2-dev/stable 0.2.0-6 arm64
  Peer-to-peer inter-process communication library - Development files

libevdev-dev/stable 1.13.4+dfsg-1 arm64
  wrapper library for evdev devices - development files

libevdev-doc/stable 1.13.4+dfsg-1 all
  wrapper library for evdev devices - development docs

libevdev-tools/stable 1.13.4+dfsg-1 arm64
  wrapper library for evdev devices - tools

libevdev2/stable,now 1.13.4+dfsg-1 arm64 [installed,automatic]
  wrapper library for evdev devices

libevdevplus-dev/stable 0.1.1-2.1 arm64
  Development files for the libevdevplus library

libevdi-dev/stable 1.14.8+dfsg-1 all
  EVDI driver client library dev package

libevdi1/stable 1.14.8+dfsg-1 arm64
  Extensible Virtual Display Interface driver client library

libevemu-dev/stable 2.7.0-4+b1 arm64
  Linux Input Event Device Emulation Library - development files

libevemu3t64/stable 2.7.0-4+b1 arm64
  Linux Input Event Device Emulation Library

libevhtp-dev/stable 1.2.18-2.1+b2 arm64
  Libevent based HTTP API - development files

libevhtp-doc/stable 1.2.18-2.1 all
  Libevent based HTTP API - documentation

libevhtp0t64/stable 1.2.18-2.1+b2 arm64
  Libevent based HTTP API

libexadrums-dev/stable 0.7.0-1.1+b3 arm64
  Software drum module (development)

libexadrums2t64/stable 0.7.0-1.1+b3 arm64
  Software drum module (library)

libexcel-writer-xlsx-perl/stable 1.11-1 all
  module to create Excel spreadsheets in xlsx format

libexiv2-28/stable,now 0.28.5+dfsg-1 arm64 [installed,automatic]
  EXIF/IPTC/XMP metadata manipulation library

libexpect-simple-perl/stable 0.04-3 all
  wrapper around the Expect module

libextractor-plugins-all/stable 1:1.13-8 all
  extracts meta-data from files of arbitrary type (plugins)

libextractor-plugins-misc/stable 1:1.13-8+b1 arm64
  extracts meta-data from files of arbitrary type (miscellaneous plugins)

libextractor3/stable 1:1.13-8+b1 arm64
  extracts meta-data from files of arbitrary type (library)

libextutils-hascompiler-perl/stable 0.025-1 all
  Perl Module checking the presence of a compiler

libf2fs-dev/stable 1.16.0-1.1+b1 arm64
  Core library for Flash-Friendly File System - Development files

libf2fs-format-dev/stable 1.16.0-1.1+b1 arm64
  Format library for Flash-Friendly File System - Development files

libfabric-bin/stable 2.1.0-1.1 arm64
  Diagnosis programs for the libfabric communication library

libfabric-dev/stable 2.1.0-1.1 arm64
  Development files for libfabric1

libfabric1/stable 2.1.0-1.1 arm64
  libfabric communication library

libfaifa-dev/stable 0.2~svn82-3.1+b2 arm64
  manage HomePlug 1.0/AV devices via ethernet frames - devel library

libfaifa0t64/stable 0.2~svn82-3.1+b2 arm64
  manage HomePlug 1.0/AV devices via ethernet frames - library

libfastcdr-dev/stable 2.2.6+really2.2.5-1 arm64
  Fast CDR serialization library for DDS - development headers

libfastcdr-doc/stable 2.2.6+really2.2.5-1 all
  Fast CDR serialization library for DDS - API documentation

libfastcdr2/stable 2.2.6+really2.2.5-1 arm64
  Fast CDR serialization library for DDS

libfastdds-dev/stable 3.1.2+ds-1+b1 arm64
  C++ library for the Real Time Publish Subscribe Protocol - development headers

libfastdds-doc/stable 3.1.2+ds-1 all
  C++ library for the Real Time Publish Subscribe Protocol - documentation

libfastdds3.1/stable 3.1.2+ds-1+b1 arm64
  C++ library for the Real Time Publish Subscribe Protocol

libfastjetplugins-dev/stable 3.4.0+dfsg-1+b3 arm64
  FastJet plugins - development files

libfastjetplugins0/stable 3.4.0+dfsg-1+b3 arm64
  FastJet plugins

libfdt-dev/stable 1.7.2-2+b1 arm64
  Flat Device Trees manipulation library - development files

libfdt1/stable 1.7.2-2+b1 arm64
  Flat Device Trees manipulation library

libfelix-bundlerepository-java/stable 2.0.10-4 all
  Felix OSGi bundle repository service

libfelix-bundlerepository-java-doc/stable 2.0.10-4 all
  Documentation for Felix OSGi bundle repository service

libfelix-osgi-obr-java/stable 1.0.2-5 all
  OSGi OBR Service API

libfelix-osgi-obr-java-doc/stable 1.0.2-5 all
  Javadoc API for OSGi OBR Service API

libfelix-resolver-java/stable 1.16.0-1 all
  OSGi Resolver implementation by Apache Felix

libfelix-scr-java/stable 2.1.20-2 all
  Felix Service Component Runtime

libfelix-scr-java-doc/stable 2.1.20-2 all
  Documentation for Felix Service Component Runtime

libfelix-shell-java/stable 1.4.3-3 all
  Felix OSGi shell to issue commands to the framework

libfelix-shell-tui-java/stable 1.4.1-5 all
  Apache Felix Shell TUI

libfelix-shell-tui-java-doc/stable 1.4.1-5 all
  Documentation for Apache Felix Shell TUI

libfelix-utils-java/stable 1.8.6-2 all
  collection of utility classes for Apache Felix

libfelix-utils-java-doc/stable 1.8.6-2 all
  collection of utility classes for Apache Felix - documentation

libffado-dev/stable 2.4.9-2 arm64
  FFADO API - development files

libffado2/stable,now 2.4.9-2 arm64 [installed,automatic]
  FFADO API

libffmpeg-ocaml/stable 1.2.4-1+b1 arm64
  OCaml interface for FFmpeg -- runtime files

libffmpeg-ocaml-dev/stable 1.2.4-1+b1 arm64
  OCaml interface for FFmpeg -- development files

libfido2-1/stable,now 1.15.0-1+b1 arm64 [installed,automatic]
  library for generating and verifying FIDO 2.0 objects

libfido2-dev/stable 1.15.0-1+b1 arm64
  library for generating and verifying FIDO 2.0 objects -- headers

libfido2-doc/stable 1.15.0-1 all
  library for generating and verifying FIDO 2.0 objects -- documentation

libfile-dropbox-perl/stable 0.7-2 all
  convenient and fast Dropbox API abstraction

libfile-wildcard-perl/stable 0.11-4 all
  Enhanced glob processing

libfinance-quote-perl/stable 1.65-1+deb13u1 all
  Perl module for retrieving stock quotes from a variety of sources

libfips203-0/stable 0.4.3-2 arm64
  Library for FIPS 203 (ML-KEM)

libfips203-dev/stable 0.4.3-2 arm64
  Library for FIPS 203 (ML-KEM) - development files

libfko-doc/stable 2.6.11-2 all
  FireWall KNock OPerator - documentation

libfko-perl/stable 2.6.11-2+b1 arm64
  FireWall KNock OPerator - Perl module

libfko3-dev/stable 2.6.11-2+b1 arm64
  FireWall KNock OPerator - development library

libfko3t64/stable 2.6.11-2+b1 arm64
  FireWall KNock OPerator - shared library

libflashrom-dev/stable 1.4.0-3 arm64
  BIOS/ROM/flash chips - development files

libflashrom1/stable 1.4.0-3 arm64
  Identify, read, write, erase, and verify BIOS/ROM/flash chips - library

libflite1/stable 2.2-7 arm64
  Small run-time speech synthesis engine - shared libraries

libflorist-dev/stable 2025.1.0-2 arm64
  POSIX.5 Ada interface to operating system services: development

libflorist2021.1/stable 2025.1.0-2 arm64
  POSIX.5 Ada interface to operating system services: shared library

libfluidsynth-dev/stable 2.4.4+dfsg-1+deb13u2 arm64
  Real-time MIDI software synthesizer (development files)

libfluidsynth3/stable 2.4.4+dfsg-1+deb13u2 arm64
  Real-time MIDI software synthesizer (runtime library)

libfmt-dev/stable 10.1.1+ds1-4 arm64
  fast type-safe C++ formatting library -- development files

libfmt-doc/stable 10.1.1+ds1-4 all
  fast type-safe C++ formatting library -- documentation

libfmt10/stable 10.1.1+ds1-4 arm64
  fast type-safe C++ formatting library -- library

libfpga-dev/stable 0.0+201212-1.1+b1 arm64
  development files for fpgatools

libfpga0t64/stable 0.0+201212-1.1+b1 arm64
  libraries of fpgatools

libfplll-dev/stable 5.5.0-1.1 arm64
  Library for LLL-reduction of Euclidean lattices, development

libfplll9/stable 5.5.0-1.1 arm64
  Library for LLL-reduction of Euclidean lattices, runtime

libfplll9-data/stable 5.5.0-1.1 all
  Library for LLL-reduction of Euclidean lattices, data

libfprint-2-2/stable 1:1.94.9-1 arm64
  async fingerprint library of fprint project, shared libraries

libfprint-2-dev/stable 1:1.94.9-1 arm64
  async fingerprint library of fprint project, development headers

libfprint-2-doc/stable 1:1.94.9-1 all
  async fingerprint library of fprint project, API documentation

libfprint-2-tests/stable 1:1.94.9-1 arm64
  Tests for async fingerprint library of fprint project

libfreeaptx-dev/stable 0.2.2-1 arm64
  Development files for Free implementation of aptX

libfreeaptx0/stable 0.2.2-1 arm64
  Free implementation of aptX

libfreenect-bin/stable 1:0.5.3-3.2+b1 arm64
  library for accessing Kinect device -- utilities and samples

libfreenect-demos/stable 1:0.5.3-3.2+b1 arm64
  library for accessing Kinect device -- dummy package

libfreenect-dev/stable 1:0.5.3-3.2+b1 arm64
  library for accessing Kinect device -- development files

libfreenect-doc/stable 1:0.5.3-3.2 all
  library for accessing Kinect device -- documentation

libfreenect0.5t64/stable 1:0.5.3-3.2+b1 arm64
  library for accessing Kinect device

libfs-dev/stable 2:1.0.10-1 arm64
  X11 Font Services library (development headers)

libfs6/stable 2:1.0.10-1 arm64
  X11 Font Services library

libfsplib0t64/stable,now 0.14-5.1 arm64 [installed,automatic]
  FSP v2 protocol stack library - shared library

libfsverity-dev/stable 1.6-1.2 arm64
  Development files for fs-verity

libfsverity0/stable 1.6-1.2 arm64
  Shared library for fs-verity

libfwupd-dev/stable 2.0.20-1~deb13u1 arm64
  development files for libfwupd

libfwupd3/stable 2.0.20-1~deb13u1 arm64
  Firmware update daemon library

libg15render1/stable 1.3.0~svn316-3+b1 arm64
  Library for interfacing with the Logitech G15 keyboards

libgarmin-dev/stable 0~svn320-6+b2 arm64
  Garmin image format library (development files)

libgarmin0/stable 0~svn320-6+b2 arm64
  Garmin image format library (runtime version)

libgd-graph-perl/stable 1.56~ds-1 all
  Graph Plotting Module for Perl 5

libgdata-common/stable 0.18.1-9 all
  Library for accessing GData webservices - common data files

libgdata-dev/stable 0.18.1-9 arm64
  Library for accessing GData webservices - development files

libgdata-doc/stable 0.18.1-9 all
  Library for accessing GData webservices - documentation

libgdata-tests/stable 0.18.1-9 arm64
  Library for accessing GData webservices - tests

libgdata22/stable 0.18.1-9 arm64
  Library for accessing GData webservices - shared libraries

libgdchart-gd2-noxpm/stable 0.11.5-12.1+b1 arm64
  Generate graphs using the GD library

libgdchart-gd2-noxpm-dev/stable 0.11.5-12.1+b1 arm64
  Generate graphs using the GD library (development version)

libgdchart-gd2-xpm/stable 0.11.5-12.1+b1 arm64
  Generate graphs using the GD library

libgdchart-gd2-xpm-dev/stable 0.11.5-12.1+b1 arm64
  Generate graphs using the GD library (development version)

libgemmlowp-dev/stable 0.0~git20211220.e844ffd-1 arm64
  small self-contained low-precision GEMM library

libgeo-coder-osm-perl/stable 0.03-4 all
  Geocode addresses with the OpenStreetMap Nominatim API

libgeo-constants-perl/stable 0.07-1 all
  standard constants used by Geo perl packages

libgeo-coordinates-utm-perl/stable 0.11-4 all
  Perl extension for Latitiude Longitude conversions

libgeo-google-mapobject-perl/stable 0.06-4 all
  module managing the server side of the Google Maps API

libgeo-hash-perl/stable 0.02-3 all
  Perl module to encode / decode geohash.org locations

libgeo-hash-xs-perl/stable 0.00015-2+b5 arm64
  Perl XS module to encode and decode geohash.org locations

libgeo-ipfree-perl/stable 1.160000-2 all
  module to look up the country of an IPv4 address

libgeoclue-2-0/stable 2.7.2-2 arm64
  convenience library to interact with geoinformation service

libgeoclue-2-dev/stable 2.7.2-2 arm64
  convenience library to interact with geoinformation service (devel files)

libgeoclue-doc/stable 2.7.2-2 all
  convenience library to interact with geoinformation service (API documentation)

libgeocode-glib-2-0/stable 3.26.4-1 arm64
  geocoding and reverse geocoding GLib library using Nominatim

libgeocode-glib-dev/stable 3.26.4-1 arm64
  development files for geocode-glib library

libgeocode-glib-doc/stable 3.26.4-1 all
  gtk-doc documentation for geocode-glib library

libgeoip2-perl/stable 2.006002-2 all
  Perl API for MaxMind's GeoIP2 web services and databases

libgeometry-primitive-perl/stable 0.24-3 all
  module to represent geometric entities

libgeronimo-osgi-support-java/stable 1.1-2 all
  Java libraries providing OSGi lookup support for Geronimo projects

libges-1.0-0/stable 1.26.2-1 arm64
  GStreamer editing services (shared library)

libges-1.0-dev/stable 1.26.2-1 arm64
  GStreamer editing services (development files)

libgetargs-long-perl/stable 1.1012-6 all
  Perl module to parse long function arguments

libgetopt-tabular-perl/stable 0.3-4 all
  table-driven argument parsing for Perl 5

libgg-dev/stable 2.0.7-3 arm64
  Computing gaussians on a grid (development files)

libgg2/stable 2.0.7-3 arm64
  Computing gaussians on a grid

libghc-aws-dev/stable 0.24.1-2+b1 arm64
  Amazon Web Services for Haskell

libghc-aws-doc/stable 0.24.1-2 all
  Amazon Web Services for Haskell; documentation

libghc-aws-prof/stable 0.24.1-2+b1 arm64
  Amazon Web Services for Haskell; profiling libraries

libghc-cassava-megaparsec-dev/stable 2.0.4-4+b1 arm64
  Megaparsec parser of CSV files that plays nicely with Cassava

libghc-cassava-megaparsec-doc/stable 2.0.4-4 all
  Megaparsec parser of CSV files that plays nicely with Cassava; documentation

libghc-cassava-megaparsec-prof/stable 2.0.4-4+b1 arm64
  Megaparsec parser of CSV files that plays nicely with Cassava; profiling libraries

libghc-chimera-dev/stable 0.3.4.0-1+b1 arm64
  lazy infinite compact streams with cache-friendly O(1) indexing

libghc-chimera-doc/stable 0.3.4.0-1 all
  lazy infinite compact streams with cache-friendly O(1) indexing; documentation

libghc-chimera-prof/stable 0.3.4.0-1+b1 arm64
  lazy infinite compact streams with cache-friendly O(1) indexing; profiling libraries

libghc-crypton-connection-dev/stable 0.3.2-2+b1 arm64
  simple and easy network connections API

libghc-crypton-connection-doc/stable 0.3.2-2 all
  simple and easy network connections API; documentation

libghc-crypton-connection-prof/stable 0.3.2-2+b1 arm64
  simple and easy network connections API; profiling libraries

libghc-csv-dev/stable 0.1.2-18+b1 arm64
  CSV loader and dumper

libghc-csv-doc/stable 0.1.2-18 all
  CSV loader and dumper; documentation

libghc-csv-prof/stable 0.1.2-18+b1 arm64
  CSV loader and dumper; profiling libraries

libghc-data-reify-dev/stable 0.6.3-6+b1 arm64
  Reify a recursive data structure into an explicit graph.

libghc-data-reify-doc/stable 0.6.3-6 all
  Reify a recursive data structure into an explicit graph.; documentation

libghc-data-reify-prof/stable 0.6.3-6+b1 arm64
  Reify a recursive data structure into an explicit graph.; profiling libraries

libghc-dice-dev/stable 0.1.1-3+b1 arm64
  simplistic D&D style dice-rolling system

libghc-dice-doc/stable 0.1.1-3 all
  simplistic D&D style dice-rolling system; documentation

libghc-dice-entropy-conduit-dev/stable 1.0.0.3-4+b1 arm64
  secure n-sided dice rolls and random sampling

libghc-dice-entropy-conduit-doc/stable 1.0.0.3-4 all
  secure n-sided dice rolls and random sampling; documentation

libghc-dice-entropy-conduit-prof/stable 1.0.0.3-4+b1 arm64
  secure n-sided dice rolls and random sampling; profiling libraries

libghc-dice-prof/stable 0.1.1-3+b1 arm64
  simplistic D&D style dice-rolling system; profiling libraries

libghc-dimensional-dev/stable 1.5-2 arm64
  statically checked physical dimensions

libghc-dimensional-doc/stable 1.5-2 all
  statically checked physical dimensions; documentation

libghc-dimensional-prof/stable 1.5-2 arm64
  statically checked physical dimensions; profiling libraries

libghc-emojis-dev/stable 0.1.4.1-1+b1 arm64
  Conversion between emoji characters and their names

libghc-emojis-doc/stable 0.1.4.1-1 all
  Conversion between emoji characters and their names; documentation

libghc-emojis-prof/stable 0.1.4.1-1+b1 arm64
  Conversion between emoji characters and their names; profiling libraries

libghc-flexible-defaults-dev/stable 0.0.3-4+b1 arm64
  generate default function implementations for complex type classes

libghc-flexible-defaults-doc/stable 0.0.3-4 all
  generate default function implementations for complex type classes; documentation

libghc-flexible-defaults-prof/stable 0.0.3-4+b1 arm64
  generate default function implementations for complex type classes; profiling libraries

libghc-generics-sop-dev/stable 0.5.1.3-2+b1 arm64
  Generic Programming using True Sums of Products

libghc-generics-sop-doc/stable 0.5.1.3-2 all
  Generic Programming using True Sums of Products; documentation

libghc-generics-sop-prof/stable 0.5.1.3-2+b1 arm64
  Generic Programming using True Sums of Products; profiling libraries

libghc-githash-dev/stable 0.1.7.0-2+b1 arm64
  Compile git revision info into Haskell projects

libghc-githash-doc/stable 0.1.7.0-2 all
  Compile git revision info into Haskell projects; documentation

libghc-githash-prof/stable 0.1.7.0-2+b1 arm64
  Compile git revision info into Haskell projects; profiling libraries

libghc-gitrev-dev/stable 1.3.1-7+b1 arm64
  compile git revision info into Haskell projects

libghc-gitrev-doc/stable 1.3.1-7 all
  compile git revision info into Haskell projects; documentation

libghc-gitrev-prof/stable 1.3.1-7+b1 arm64
  compile git revision info into Haskell projects; profiling libraries

libghc-gloss-dev/stable 1.13.2.2-2+b1 arm64
  Painless 2D vector graphics, animations and simulations.

libghc-gloss-doc/stable 1.13.2.2-2 all
  Painless 2D vector graphics, animations and simulations.; documentation

libghc-gloss-prof/stable 1.13.2.2-2+b1 arm64
  Painless 2D vector graphics, animations and simulations.; profiling libraries

libghc-gluraw-dev/stable 2.0.0.5-3+b1 arm64
  Raw binding for the OpenGL graphics system

libghc-gluraw-doc/stable 2.0.0.5-3 all
  Raw binding for the OpenGL graphics system; documentation

libghc-gluraw-prof/stable 2.0.0.5-3+b1 arm64
  Raw binding for the OpenGL graphics system; profiling libraries

libghc-hookup-dev/stable 0.8-1+b1 arm64
  abstraction over network connections with SOCKS5 and TLS

libghc-hookup-doc/stable 0.8-1 all
  abstraction over network connections with SOCKS5 and TLS; documentation

libghc-hookup-prof/stable 0.8-1+b1 arm64
  abstraction over network connections with SOCKS5 and TLS; profiling libraries

libghc-hslua-marshalling-dev/stable 2.3.1-1+b2 arm64
  Marshalling of values between Haskell and Lua

libghc-hslua-marshalling-doc/stable 2.3.1-1 all
  Marshalling of values between Haskell and Lua; documentation

libghc-hslua-marshalling-prof/stable 2.3.1-1+b2 arm64
  Marshalling of values between Haskell and Lua; profiling libraries

libghc-hspec-dev/stable 2.11.9-2+b1 arm64
  behavior-driven development for Haskell

libghc-hspec-doc/stable 2.11.9-2 all
  behavior-driven development for Haskell; documentation

libghc-hspec-prof/stable 2.11.9-2+b1 arm64
  behavior-driven development for Haskell; profiling libraries

libghc-http-streams-dev/stable 0.8.9.9-1+b1 arm64
  An HTTP client using io-streams

libghc-http-streams-doc/stable 0.8.9.9-1 all
  An HTTP client using io-streams; documentation

libghc-http-streams-prof/stable 0.8.9.9-1+b1 arm64
  An HTTP client using io-streams; profiling libraries

libghc-infer-license-dev/stable 0.2.0-6+b1 arm64
  infer software license from a given license file

libghc-infer-license-doc/stable 0.2.0-6 all
  infer software license from a given license file; documentation

libghc-infer-license-prof/stable 0.2.0-6+b1 arm64
  infer software license from a given license file; profiling libraries

libghc-ixset-typed-dev/stable 0.5.1.0-3+b1 arm64
  efficient relational queries on Haskell sets

libghc-ixset-typed-doc/stable 0.5.1.0-3 all
  efficient relational queries on Haskell sets; documentation

libghc-ixset-typed-prof/stable 0.5.1.0-3+b1 arm64
  efficient relational queries on Haskell sets; profiling libraries

libghc-kvitable-dev/stable 1.0.3.0-1+b1 arm64
  Key/Value Indexed Table container and formatting library

libghc-kvitable-doc/stable 1.0.3.0-1 all
  Key/Value Indexed Table container and formatting library; documentation

libghc-kvitable-prof/stable 1.0.3.0-1+b1 arm64
  Key/Value Indexed Table container and formatting library; profiling libraries

libghc-mmap-dev/stable 0.5.9-11+b1 arm64
  Memory mapped files for POSIX and Windows

libghc-mmap-doc/stable 0.5.9-11 all
  Memory mapped files for POSIX and Windows; documentation

libghc-mmap-prof/stable 0.5.9-11+b1 arm64
  Memory mapped files for POSIX and Windows; profiling libraries

libghc-musicbrainz-dev/stable 0.4.1-5+b1 arm64
  interface to MusicBrainz XML2/JSON web services

libghc-musicbrainz-doc/stable 0.4.1-5 all
  interface to MusicBrainz XML2/JSON web services; documentation

libghc-musicbrainz-prof/stable 0.4.1-5+b1 arm64
  interface to MusicBrainz XML2/JSON web services; profiling libraries

libghc-openglraw-dev/stable 3.3.4.1-3+b1 arm64
  Raw binding for the OpenGL graphics system

libghc-openglraw-doc/stable 3.3.4.1-3 all
  Raw binding for the OpenGL graphics system; documentation

libghc-openglraw-prof/stable 3.3.4.1-3+b1 arm64
  Raw binding for the OpenGL graphics system; profiling libraries

libghc-patience-dev/stable 0.3-4+b1 arm64
  Haskell implementation of the Patience Diff algorithm

libghc-patience-doc/stable 0.3-4 all
  Haskell implementation of the Patience Diff algorithm; documentation

libghc-patience-prof/stable 0.3-4+b1 arm64
  Haskell implementation of the Patience Diff algorithm; profiling libraries

libghc-psqueues-dev/stable 0.2.8.0-1+b1 arm64
  Pure priority search queues

libghc-psqueues-doc/stable 0.2.8.0-1 all
  Pure priority search queues; documentation

libghc-psqueues-prof/stable 0.2.8.0-1+b1 arm64
  Pure priority search queues; profiling libraries

libghc-rate-limit-dev/stable 1.4.3-2+b1 arm64
  rate-limiting IO actions

libghc-rate-limit-doc/stable 1.4.3-2 all
  rate-limiting IO actions; documentation

libghc-rate-limit-prof/stable 1.4.3-2+b1 arm64
  rate-limiting IO actions; profiling libraries

libghc-recaptcha-dev/stable 0.1.0.4-6+b1 arm64
  Haskell interface to reCAPTCHA service

libghc-recaptcha-doc/stable 0.1.0.4-6 all
  Haskell interface to reCAPTCHA service; documentation

libghc-recaptcha-prof/stable 0.1.0.4-6+b1 arm64
  Haskell interface to reCAPTCHA service; profiling libraries

libghc-resolv-dev/stable 0.2.0.2-2+b1 arm64
  Domain Name Service (DNS) lookup via libresolv

libghc-resolv-doc/stable 0.2.0.2-2 all
  Domain Name Service (DNS) lookup via libresolv; documentation

libghc-resolv-prof/stable 0.2.0.2-2+b1 arm64
  Domain Name Service (DNS) lookup via libresolv; profiling libraries

libghc-rio-dev/stable 0.1.22.0-3+b1 arm64
  standard library for Haskell

libghc-rio-doc/stable 0.1.22.0-3 all
  standard library for Haskell; documentation

libghc-rio-prof/stable 0.1.22.0-3+b1 arm64
  standard library for Haskell; profiling libraries

libghc-semialign-dev/stable 1.3.1-1+b1 arm64
  Align and Zip type-classes from the common Semialign ancestor

libghc-semialign-doc/stable 1.3.1-1 all
  Align and Zip type-classes from the common Semialign ancestor; documentation

libghc-semialign-prof/stable 1.3.1-1+b1 arm64
  Align and Zip type-classes from the common Semialign ancestor; profiling libraries

libghc-servant-client-dev/stable 0.20.2-1+b1 arm64
  library for writing clients for servant webservices

libghc-servant-client-doc/stable 0.20.2-1 all
  library for writing clients for servant webservices; documentation

libghc-servant-client-prof/stable 0.20.2-1+b1 arm64
  library for writing clients for servant webservices; profiling libraries

libghc-servant-dev/stable 0.20.2-1+b1 arm64
  family of combinators for defining webservices APIs

libghc-servant-doc/stable 0.20.2-1 all
  family of combinators for defining webservices APIs; documentation

libghc-servant-prof/stable 0.20.2-1+b1 arm64
  family of combinators for defining webservices APIs; profiling libraries

libghc-servant-server-dev/stable 0.20.2-1+b3 arm64
  combinators for defining webservices APIs and serving them

libghc-servant-server-doc/stable 0.20.2-1 all
  combinators for defining webservices APIs and serving them; documentation

libghc-servant-server-prof/stable 0.20.2-1+b3 arm64
  combinators for defining webservices APIs and serving them; profiling libraries

libghc-skylighting-core-dev/stable 0.14.3-1 arm64
  syntax highlighting library

libghc-skylighting-core-doc/stable 0.14.3-1 all
  syntax highlighting library; documentation

libghc-skylighting-core-prof/stable 0.14.3-1 arm64
  syntax highlighting library; profiling libraries

libghc-soap-dev/stable 0.2.3.6-7 arm64
  SOAP client library

libghc-soap-doc/stable 0.2.3.6-7 all
  SOAP client library; documentation

libghc-soap-prof/stable 0.2.3.6-7 arm64
  SOAP client library; profiling libraries

libghc-splitmix-dev/stable 0.1.0.5-2+b1 arm64
  fast splittable PRNG

libghc-splitmix-doc/stable 0.1.0.5-2 all
  fast splittable PRNG; documentation

libghc-splitmix-prof/stable 0.1.0.5-2+b1 arm64
  fast splittable PRNG; profiling libraries

libghc-storable-complex-dev/stable 0.2.3.0-5+b1 arm64
  Storable instance for Complex

libghc-storable-complex-doc/stable 0.2.3.0-5 all
  Storable instance for Complex; documentation

libghc-storable-complex-prof/stable 0.2.3.0-5+b1 arm64
  Storable instance for Complex; profiling libraries

libghc-storable-tuple-dev/stable 0.1-2+b1 arm64
  Storable instance for pairs and triples

libghc-storable-tuple-doc/stable 0.1-2 all
  Storable instance for pairs and triples; documentation

libghc-storable-tuple-prof/stable 0.1-2+b1 arm64
  Storable instance for pairs and triples; profiling libraries

libghc-text-icu-dev/stable 0.8.0.5-2 arm64
  bindings to the ICU library

libghc-text-icu-doc/stable 0.8.0.5-2 all
  bindings to the ICU library; documentation

libghc-text-icu-prof/stable 0.8.0.5-2 arm64
  bindings to the ICU library; profiling libraries

libghc-th-abstraction-dev/stable 0.5.0.0-1+b1 arm64
  nicer interface for reified information about data types

libghc-th-abstraction-doc/stable 0.5.0.0-1 all
  nicer interface for reified information about data types; documentation

libghc-th-abstraction-prof/stable 0.5.0.0-1+b1 arm64
  nicer interface for reified information about data types; profiling libraries

libghc-th-env-dev/stable 0.1.1-2+b1 arm64
  TH splice that expands to an environment variable

libghc-th-env-doc/stable 0.1.1-2 all
  TH splice that expands to an environment variable; documentation

libghc-th-env-prof/stable 0.1.1-2+b1 arm64
  TH splice that expands to an environment variable; profiling libraries

libghc-vector-space-dev/stable 0.16-4+b1 arm64
  Vector & affine spaces, linear maps, and derivatives library

libghc-vector-space-doc/stable 0.16-4 all
  Vector & affine spaces, linear maps, and derivatives library; documentation

libghc-vector-space-prof/stable 0.16-4+b1 arm64
  Vector & affine spaces, linear maps, and derivatives library; profiling libraries

libghc-versions-dev/stable 6.0.7-2+b1 arm64
  Types and parsers for software version numbers.

libghc-versions-doc/stable 6.0.7-2 all
  Types and parsers for software version numbers.; documentation

libghc-versions-prof/stable 6.0.7-2+b1 arm64
  Types and parsers for software version numbers.; profiling libraries

libghc-what4-dev/stable 1.5.1-4+b2 arm64
  Solver-agnostic symbolic values support for issuing queries

libghc-what4-doc/stable 1.5.1-4 all
  Solver-agnostic symbolic values support for issuing queries; documentation

libghc-what4-prof/stable 1.5.1-4+b2 arm64
  Solver-agnostic symbolic values support for issuing queries; profiling libraries

libghc-xlsx-dev/stable 1.1.2.2-2+b1 arm64
  Simple and incomplete Excel file parser/writer

libghc-xlsx-doc/stable 1.1.2.2-2 all
  Simple and incomplete Excel file parser/writer; documentation

libghc-xlsx-prof/stable 1.1.2.2-2+b1 arm64
  Simple and incomplete Excel file parser/writer; profiling libraries

libgivaro-dev/stable 4.2.1-1 arm64
  arithmetic and algebraic computations - development files

libgivaro-doc/stable 4.2.1-1 all
  Documentation for Givaro

libgivaro9/stable 4.2.1-1 arm64
  arithmetic and algebraic computations

libgiza0/stable 1.5.0-2 arm64
  Lightweight scientific plotting library (shared library)

libglc-dev/stable 0.7.2-7.1 arm64
  Implementation of SGI's OpenGL Character Renderer (GLC)

libglc0/stable 0.7.2-7.1 arm64
  QuesoGLC OpenGL Character Renderer (GLC) implementation

libglktermw-dev/stable 1.0.4+git20200122-2.1 arm64
  Curses-based interface library for interactive fiction

libgloo-dev/stable 0.0~git20231202.5354032-3+b2 arm64
  Collective communications library (development files)

libgloo0/stable 0.0~git20231202.5354032-3+b2 arm64
  Collective communications library (shared object)

libglu1-mesa/stable 9.0.2-1.1+b3 arm64
  Mesa OpenGL utility library (GLU)

libgmerlin-common/stable 2.0.0~svn6298~dfsg0-5 arm64
  core library for gmerlin - common runtime files

libgmerlin-dev/stable 2.0.0~svn6298~dfsg0-5 arm64
  core library for gmerlin - development files

libgmerlin2t64/stable 2.0.0~svn6298~dfsg0-5 arm64
  core library for gmerlin - runtime files

libgmm-dev/stable 5.4.4+dfsg1-5 arm64
  Generic C++ template library for sparse, dense and skyline matrices

libgnome-bluetooth-3.0-13/stable 47.1-1 arm64
  GNOME Bluetooth 3 support library

libgnome-bluetooth-3.0-dev/stable 47.1-1 arm64
  GNOME Bluetooth 3 library - development files

libgnome-bluetooth-doc/stable 47.1-1 all
  GNOME Bluetooth 3 support library - reference docs

libgnome-bluetooth-ui-3.0-13/stable 47.1-1 arm64
  GNOME Bluetooth 3 UI support library

libgnome-bluetooth-ui-3.0-dev/stable 47.1-1 arm64
  GNOME Bluetooth UI 3 library - development files

libgnunet-dev/stable 0.20.0-7 arm64
  GNU's framework for secure peer-to-peer networking (development)

libgnunet0.20t64/stable 0.20.0-7 arm64
  GNU's framework for secure peer-to-peer networking (libraries)

libgnunetgtk-dev/stable 0.20.0-5 arm64
  GNU's framework for secure peer-to-peer networking (GTK+ client development)

libgnunetgtk3/stable 0.20.0-5 arm64
  GNU's framework for secure peer-to-peer networking (GTK+ client library)

libgnuradio-iio3.10.12/stable 3.10.12.0-1 arm64
  IIO blocks for GnuRadio

libgnuradio-limesdr3.0.2/stable 3.0.1.10.69-3+b15 arm64
  LimeSDR blocks for GnuRadio (runtime library)

libgnuradio-uhd3.10.12/stable 3.10.12.0-1 arm64
  gnuradio universal hardware driver functions

libgoa-1.0-0b/stable 3.54.5-1~deb13u1 arm64
  library for GNOME Online Accounts

libgoa-1.0-common/stable 3.54.5-1~deb13u1 all
  library for GNOME Online Accounts - common files

libgoa-1.0-dev/stable 3.54.5-1~deb13u1 arm64
  library for GNOME Online Accounts - development files

libgoa-1.0-doc/stable 3.54.5-1~deb13u1 all
  library for GNOME Online Accounts - documentation files

libgoa-backend-1.0-2/stable 3.54.5-1~deb13u1 arm64
  backend library for GNOME Online Accounts

libgoa-backend-1.0-dev/stable 3.54.5-1~deb13u1 arm64
  backend library for GNOME Online Accounts - development files

libgoby-io-java/stable 3.3.1+dfsg2-11 all
  IO API for goby

libgoffice-0.10-10-common/stable 0.10.57-2 all
  Document centric objects library - common files

libgoffice-0.10-10t64/stable 0.10.57-2+b1 arm64
  Document centric objects library - runtime files

libgoffice-0.10-dev/stable 0.10.57-2+b1 arm64
  Document centric objects library - development files

libgoffice-0.10-doc/stable 0.10.57-2 all
  Document centric objects library - documentation

libgoogle-api-services-drive-java/stable 1.32.1-2 all
  Google Drive API Client Library for Java

libgoogle-api-services-sheets-java/stable 1.32.1-3 all
  Google Sheets API Client Library for Java

libgoogle-auto-service-java/stable 1.0.1-1 all
  collection of source code generators for Java

libgoogle-gson-java/stable 2.10.1-1 all
  Converts Java objects into their JSON representation

libgoogle-oauth-client-java/stable 1.34.1-2 all
  Google OAuth Client Library for Java

libgovirt-common/stable 0.3.9-6 all
  GObject-based library to access oVirt REST API (common files)

libgovirt-dev/stable 0.3.9-6 arm64
  GObject-based library to access oVirt REST API (dev files)

libgovirt2/stable 0.3.9-6 arm64
  GObject-based library to access oVirt REST API

libgpiod-dev/stable 2.2.1-2+deb13u1 arm64
  C library for interacting with Linux GPIO device - static libraries and headers

libgpiod-doc/stable 2.2.1-2+deb13u1 all
  C library for interacting with Linux GPIO device - library documentation

libgpiod3/stable 2.2.1-2+deb13u1 arm64
  C library for interacting with Linux GPIO device - shared libraries

libgps-dev/stable 3.25-5+deb13u1 arm64
  Global Positioning System - development files

libgps30t64/stable 3.25-5+deb13u1 arm64
  Global Positioning System - library

libgrail-dev/stable 3.1.1-4+b2 arm64
  Gesture Recognition And Instantiation Library - dev files

libgrail6/stable 3.1.1-4+b2 arm64
  Gesture Recognition And Instantiation Library

libgraph-writer-dsm-perl/stable 0.008-2 all
  Perl module to draw Graph object as a DSM matrix

libgraphblas-dev/stable 7.4.0+dfsg-2 arm64
  graph algorithms in the language of linear algebra - development files

libgraphblas-doc/stable 7.4.0+dfsg-2 all
  graph algorithms in the language of linear algebra - documentation

libgraphblas7/stable 7.4.0+dfsg-2 arm64
  graph algorithms in the language of linear algebra - shared library

libgraphics-color-perl/stable 0.31-2 all
  module for manipulating colours in different colour spaces

libgravatar-data/stable 4:24.12.3-1 all
  KDE PIM gravatar library - data files

libgravatar-dev/stable 4:24.12.3-1 arm64
  KDE PIM gravatar library - development files

libgrilo-0.3-0/stable 0.3.16-2 arm64
  Framework for discovering and browsing media - Shared libraries

libgrilo-0.3-bin/stable 0.3.16-2 arm64
  Framework for discovering and browsing media - Binaries

libgrilo-0.3-dev/stable 0.3.16-2 arm64
  Framework for discovering and browsing media - Development files

libgrilo-0.3-doc/stable 0.3.16-2 all
  Framework for discovering and browsing media - Documentation

libgroup-service-dev/stable 1.4.0-3+b1 arm64
  Manage local user groups via DBus (client library, development files)

libgroup-service1t64/stable 1.4.0-3+b1 arm64
  Manage local user groups via DBus (shared client library)

libgrpc-java/stable 1.41.3+ds-5 all
  Java gRPC implementation, HTTP/2 based RPC

libgsl28/stable 2.8+dfsg-5 arm64
  GNU Scientific Library (GSL) -- library package

libgslcblas0/stable 2.8+dfsg-5 arm64
  GNU Scientific Library (GSL) -- blas library package

libgsmme1t64/stable 1.10+20120414.gita5e5ae9a-3+b1 arm64
  GSM mobile phone access library

libgsoap-2.8.135/stable 2.8.135-2 arm64
  Runtime libraries for gSOAP

libgsoap-dev/stable 2.8.135-2 arm64
  Development libraries and headers for gSOAP

libgss-dev/stable 1.0.4-4 arm64
  Development and documentation files for Generic Security Services

libgss3/stable 1.0.4-4 arm64
  Library for Generic Security Services

libgssapi-krb5-2/stable 1.21.3-5+deb13u1 arm64 [upgradable from: 1.21.3-5]
  MIT Kerberos runtime libraries - krb5 GSS-API Mechanism

libgssdp-1.6-0/stable 1.6.4-1~deb13u1 arm64
  GObject-based library for SSDP

libgssdp-1.6-dev/stable 1.6.4-1~deb13u1 arm64
  GObject-based library for SSDP (development files)

libgssdp-doc/stable 1.6.4-1~deb13u1 all
  GObject-based library for SSDP (documentation)

libgssrpc4t64/stable 1.21.3-5+deb13u1 arm64
  MIT Kerberos runtime libraries - GSS enabled ONCRPC

libgtherm-0.0-0/stable 0.0.3-1+b4 arm64
  DBus service to monitor thermal information - shared library

libgtherm-dev/stable 0.0.3-1+b4 arm64
  DBus service to monitor thermal information - development files

libgtkspellmm-3.0-0v5/stable 3.0.5+dfsg-6 arm64
  C++ wrapper library for GtkSpell (shared libraries)

libgtkspellmm-3.0-dev/stable 3.0.5+dfsg-6 arm64
  C++ wrapper library for GtkSpell (development files)

libgtkspellmm-3.0-doc/stable 3.0.5+dfsg-6 all
  C++ wrappers for GtkSpell (documentation)

libgtsam-dev/stable 4.2.0+dfsg-1+b4 arm64
  Factor graphs for sensor fusion in robotics

libgtsam-doc/stable 4.2.0+dfsg-1 all
  Factor graphs for sensor fusion in robotics

libgtsam4/stable 4.2.0+dfsg-1+b4 arm64
  Factor graphs for sensor fusion in robotics

libguice-java/stable 5.1.0-1 all
  lightweight dependency injection framework for Java 5 and above

libgulkan-0.15-0t64/stable 0.15.1-2.3 arm64
  GLib Vulkan helper library

libgulkan-dev/stable 0.15.1-2.3 arm64
  GLib Vulkan helper library -- development files

libgulkan-doc/stable 0.15.1-2.3 all
  GLib Vulkan helper library -- documentation files

libgulkan-utils/stable 0.15.1-2.3 arm64
  GLib Vulkan helper library -- utilities

libgupnp-igd-1.6-0/stable 1.6.0-4+b1 arm64
  library to handle UPnP IGD port mapping

libgupnp-igd-1.6-dev/stable 1.6.0-4+b1 arm64
  library to handle UPnP IGD port mapping - development files

libgupnp-igd-doc/stable 1.6.0-4 all
  library to handle UPnP IGD port mapping - documentation

libguvcview-2.2/stable 2.2.1-1 arm64
  GTK+ base UVC Viewer - runtime

libguvcview-dev/stable 2.2.1-1 arm64
  GTK+ base UVC Viewer - development files

libgweather-4-0t64/stable 4.4.4-1 arm64
  GWeather shared library

libgweather-4-common/stable 4.4.4-1 all
  GWeather common files

libgweather-4-dev/stable 4.4.4-1 arm64
  GWeather development files

libgxw-dev/stable 0.46.0+dfsg-1+b1 arm64
  Guitarix - GTK+ library (development files)

libgxw0t64/stable 0.46.0+dfsg-1+b1 arm64
  Guitarix - GTK+ library

libgxwmm-dev/stable 0.46.0+dfsg-1+b1 arm64
  Guitarix - GTK+ C++ widget library (development files)

libgxwmm0t64/stable 0.46.0+dfsg-1+b1 arm64
  Guitarix - GTK+ C++ widget library

libhackrf-dev/stable 2024.02.1-3 arm64
  Software defined radio peripheral - development

libhackrf0/stable 2024.02.1-3 arm64
  Software defined radio peripheral - runtime library

libhdfeos-dev/stable 3.0-1 arm64
  Development files for the HDF-EOS4 library

libhdfeos0t64/stable 3.0-1 arm64
  Earth Observation System extensions to HDF4

libhe5-hdfeos-dev/stable 2:2.0-4+b2 arm64
  Development files for the HDF-EOS5 library

libhe5-hdfeos0t64/stable 2:2.0-4+b2 arm64
  Earth Observation System extensions to HDF5

libhesiod-dev/stable 3.2.1-5 arm64
  Project Athena's DNS-based directory service - development files

libhesiod0/stable 3.2.1-5 arm64
  Project Athena's DNS-based directory service - libraries

libhessian-java/stable 4.0.38-3 all
  Java implementation of a binary protocol for web services

libhessian-java-doc/stable 4.0.38-3 all
  Documentation for libhessian-java

libhibernate-commons-annotations-java/stable 3.2.0.Final-5 all
  Hibernate Commons Annotations

libhibernate3-java/stable 3.6.10.Final-12 all
  Relational Persistence for Idiomatic Java

libhidapi-dev/stable 0.14.0-1+b2 arm64
  Multi-Platform library for communication with HID devices (development files)

libhidapi-hidraw0/stable 0.14.0-1+b2 arm64
  Multi-Platform library for communication with HID devices (hidraw backend)

libhidapi-libusb0/stable,now 0.14.0-1+b2 arm64 [installed,automatic]
  Multi-Platform library for communication with HID devices (libusb backend)

libhighwayhash-dev/stable 0~git20200803.9490b14-4.1+b1 arm64
  Fast strong hash functions: SipHash/HighwayHash (development)

libhighwayhash0t64/stable 0~git20200803.9490b14-4.1+b1 arm64
  Fast strong hash functions: SipHash/HighwayHash (library)

libhijk-perl/stable 0.28-2 all
  simple perl module for easily accessing HTTP services

libhipercontracer-dev/stable 1.6.10-1+b1 arm64
  Development files for HiPerConTracer API library

libhipercontracer1/stable 1.6.10-1+b1 arm64
  API library of HiPerConTracer

libhitaki-dev/stable 0.2.1-4 arm64
  Library to operate ALSA HwDep device for ALSA firewire stack (development files)

libhitaki0/stable 0.2.1-4 arm64
  Library to operate ALSA HwDep device for ALSA firewire stack

libhmat-oss-dev/stable 1.10.0-1 arm64
  hierarchical matrix C/C++ library (development files)

libhmat-oss4/stable 1.10.0-1 arm64
  hierarchical matrix C/C++ library (shared library)

libhmsbeagle-dev/stable 4.0.1+dfsg-3 arm64
  High-performance lib for Bayesian and Maximum Likelihood phylogenetics (devel)

libhmsbeagle-java/stable 4.0.1+dfsg-3 arm64
  High-performance lib for Bayesian and Maximum Likelihood phylogenetics (java)

libhmsbeagle1v5/stable 4.0.1+dfsg-3 arm64
  High-performance lib for Bayesian and Maximum Likelihood phylogenetics

libhtml-prettyprinter-perl/stable 0.03-5 all
  module that generates nice HTML files from HTML syntax trees

libhttp-lrdd-perl/stable 0.106-3 all
  link-based resource descriptor discovery

libhttp-thin-perl/stable 0.006-2 all
  Thin Wrapper around HTTP::Tiny to play nice with HTTP::Message

libhttpcore-java/stable 4.4.16-1 all
  set of low level HTTP transport components for Java

libhttpcore5-java/stable 5.2.2-1 all
  set of low level HTTP transport components for Java

libhunspell-1.7-0/stable 1.7.2+really1.7.2-10+b4 arm64
  spell checker and morphological analyzer (shared library)

libhunspell-dev/stable 1.7.2+really1.7.2-10+b4 arm64
  spell checker and morphological analyzer (development)

libhunspell-private-dev/stable 1.7.2+really1.7.2-10 all
  spell checker and morphological analyzer (private headers)

libhyphen-dev/stable 2.8.8-7+b2 arm64
  ALTLinux hyphenation library - development files

libhyphen0/stable 2.8.8-7+b2 arm64
  ALTLinux hyphenation library - shared library

libi2c-dev/stable 4.4-2 arm64
  userspace I2C programming library development files

libi2c0/stable 4.4-2 arm64
  userspace I2C programming library

libibnetdisc-dev/stable 56.1-1 arm64
  InfiniBand diagnostics library headers

libibnetdisc5t64/stable 56.1-1 arm64
  InfiniBand diagnostics library

libibverbs1/stable 56.1-1 arm64
  Library for direct userspace use of RDMA (InfiniBand/iWARP)

libicapapi-dev/stable 1:0.5.10-6.1+b2 arm64
  ICAP API library development files

libicapapi5t64/stable 1:0.5.10-6.1+b2 arm64
  ICAP API library

libice-dev/stable 2:1.1.1-1 arm64
  X11 Inter-Client Exchange library (development headers)

libice-doc/stable 2:1.1.1-1 all
  documentation for the X11 ICE protocol and library

libice6/stable,now 2:1.1.1-1 arm64 [installed,automatic]
  X11 Inter-Client Exchange library

libicecc-dev/stable 1.4-1+b3 arm64
  development files for icecc (distributed compiler)

libiceoryx-binding-c-dev/stable 2.0.6+dfsg-1 arm64
  C bindings for the zero-copy inter-process communication library (headers)

libiceoryx-binding-c2/stable 2.0.6+dfsg-1 arm64
  C bindings for the zero-copy inter-process communication library

libiceoryx-hoofs-dev/stable 2.0.6+dfsg-1 arm64
  zero-copy inter-process communication HOOFS library headers

libiceoryx-hoofs2/stable 2.0.6+dfsg-1 arm64
  zero-copy inter-process communication HOOFS library

libiceoryx-introspection-dev/stable 2.0.6+dfsg-1 arm64
  zero-copy inter-process communication introspection library headers

libiceoryx-introspection2/stable 2.0.6+dfsg-1 arm64
  zero-copy inter-process communication introspection library

libiceoryx-platform2/stable 2.0.6+dfsg-1 arm64
  zero-copy inter-process communication platform library

libiceoryx-posh-config2/stable 2.0.6+dfsg-1 arm64
  zero-copy inter-process communication POSH config library

libiceoryx-posh-dev/stable 2.0.6+dfsg-1 arm64
  zero-copy inter-process communication POSH library headers

libiceoryx-posh-gateway2/stable 2.0.6+dfsg-1 arm64
  zero-copy inter-process communication POSH gateway library

libiceoryx-posh-roudi2/stable 2.0.6+dfsg-1 arm64
  zero-copy inter-process communication POSH RouDi library

libiceoryx-posh2/stable 2.0.6+dfsg-1 arm64
  zero-copy inter-process communication POSH transport library

libideviceactivation-1.0-2/stable 1.1.1-2 arm64
  Library to manage the activation process of Apple iOS devices (shared library)

libideviceactivation-1.0-dev/stable 1.1.1-2 arm64
  Library to manage the activation process of Apple iOS devices (dev files)

libiec61883-0/stable,now 1.2.0-7 arm64 [installed,automatic]
  partial implementation of IEC 61883 (shared lib)

libiec61883-dev/stable 1.2.0-7 arm64
  partial implementation of IEC 61883 (devel)

libieee1284-3-dev/stable 0.2.11-14.1+b1 arm64
  cross-platform library for parallel port access [development files]

libieee1284-3t64/stable 0.2.11-14.1+b1 arm64
  cross-platform library for parallel port access

libiio-dev/stable 0.26-2 arm64
  libiio development files

libiio-utils/stable 0.26-2 arm64
  Miscellaneous libiio utilities

libiio0/stable 0.26-2 arm64
  Library for interfacing with IIO devices

libiio0-doc/stable 0.26-2 all
  libiio documentation

libima-dbi-perl/stable 0.35-3 all
  module for database connection caching and organization

libimage-scale-perl/stable 0.14+dfsg-3+b3 arm64
  fast, high-quality fixed-point image resizing module

libimath-3-1-29t64/stable,now 3.1.12-1+b3 arm64 [installed,automatic]
  Utility libraries from ASF used by OpenEXR - runtime

libimath-dev/stable 3.1.12-1+b3 arm64
  Utility libraries from ASF used by OpenEXR - development

libimath-doc/stable 3.1.12-1 all
  Utility libraries from ASF used by OpenEXR - documentation

libimgscalr-java/stable 4.2-2 all
  Java Image Scaling Library

libimobiledevice-1.0-6/stable 1.3.0+git20250228-2 arm64
  Library for communicating with iPhone and other Apple devices

libimobiledevice-dev/stable 1.3.0+git20250228-2 arm64
  Development files for libimobiledevice

libimobiledevice-doc/stable 1.3.0+git20250228-2 all
  Library for communicating with iPhone and other Apple devices (documentation)

libimobiledevice-glue-1.0-0/stable 1.3.1-1 arm64
  Common library used by the libimobiledevice project

libimobiledevice-glue-dev/stable 1.3.1-1 arm64
  Common library used by the libimobiledevice project (dev)

libimobiledevice-utils/stable 1.3.0+git20250228-2 arm64
  Utitilies for communicating with iPhone and other Apple devices

libindi-data/stable 1.9.9+dfsg-3 all
  Instrument-Neutral Device Interface library -- shared data

libindi-dev/stable 1.9.9+dfsg-3+b5 arm64
  Instrument-Neutral Device Interface library -- development files

libindi-plugins/stable 1.9.9+dfsg-3+b5 arm64
  Instrument-Neutral Device Interface library -- plugins

libindialignmentdriver1/stable 1.9.9+dfsg-3+b5 arm64
  Instrument-Neutral Device Interface library -- alignment driver lib

libindiclient1/stable 1.9.9+dfsg-3+b5 arm64
  Instrument-Neutral Device Interface library -- client library

libindidriver1/stable 1.9.9+dfsg-3+b5 arm64
  Instrument-Neutral Device Interface library -- driver library

libindilx200-1/stable 1.9.9+dfsg-3+b5 arm64
  Instrument-Neutral Device Interface library -- lx200 driver lib

libini-config-dev/stable 0.6.2-3 arm64
  Development files for libini_config

libini-config5t64/stable 0.6.2-3 arm64
  INI file parser for C

libiniparser-dev/stable 4.2.6-1 arm64
  development files for the iniParser INI file reader/writer

libiniparser-doc/stable 4.2.6-1 all
  documentation files for the iniParser INI file reader/writer

libiniparser4/stable 4.2.6-1 arm64
  runtime library for the iniParser INI file reader/writer

libinjeqt-dev/stable 1.2.0-0.1 arm64
  Dependency injection framework for Qt

libinjeqt1/stable 1.2.0-0.1 arm64
  Dependency injection framework for Qt

libinline-perl/stable 0.86-2 all
  module for producing simple Foreign Function Interfaces

libinline-python-perl/stable 0.58-1 arm64
  module to write Perl subs and classes in Python

libinotify-ocaml/stable 2.6-1+b7 arm64
  OCaml bindings for the inotify API

libinotify-ocaml-dev/stable 2.6-1+b7 arm64
  OCaml bindings for the inotify API

libinput-bin/stable 1.28.1-1+deb13u1 arm64 [upgradable from: 1.28.1-1]
  input device management and event handling library - udev quirks

libinput-dev/stable 1.28.1-1+deb13u1 arm64
  input device management and event handling library - development files

libinput-tools/stable 1.28.1-1+deb13u1 arm64
  input device management and event handling library - command line tools

libinput10/stable 1.28.1-1+deb13u1 arm64 [upgradable from: 1.28.1-1]
  input device management and event handling library - shared library

libintellij-utils-java/stable 183.5153.4-6 all
  IntelliJ IDEA utility classes

libio-socket-ip-perl/stable 0.43-1 all
  module for using IPv4 and IPv6 sockets in a protocol-independent way

libio-termios-perl/stable 0.10-1 all
  module to supply termios methods to IO::Handle objects

libiodbc2/stable 3.52.9-4+b2 arm64
  iODBC Driver Manager

libiodbc2-dev/stable 3.52.9-4+b2 arm64
  iODBC Driver Manager (development files)

libipc-signal-perl/stable 1.00-10 all
  utility functions dealing with signals for Perl

libirecovery-1.0-5/stable 1.2.1-1 arm64
  Library allowing communication with iBoot/iBSS of iOS devices via USB

libirecovery-1.0-dev/stable 1.2.1-1 arm64
  Development files for libirecovery

libirecovery-common/stable 1.2.1-1 all
  Common files for libirecovery

libiscsi-bin/stable 1.20.0-4 arm64
  iSCSI client shared library - utilities

libisns-dev/stable 0.101-1+b1 arm64
  Internet Storage Name Service - development files

libisns0t64/stable 0.101-1+b1 arm64
  Internet Storage Name Service - shared libraries

libite-dev/stable 2.6.1-1 arm64
  static library, header files, and docs for libite

libite5t64/stable 2.6.1-1 arm64
  That missing frog DNA you've been looking for

libixml11t64/stable 1:1.14.20-1+deb13u1 arm64
  Portable SDK for UPnP Devices (ixml shared library)

libjack-dev/stable 1:0.126.0-4 arm64
  JACK Audio Connection Kit (development files)

libjack-jackd2-0/stable 1.9.22~dfsg-4 arm64
  JACK Audio Connection Kit (libraries)

libjack-jackd2-dev/stable 1.9.22~dfsg-4 arm64
  JACK Audio Connection Kit (development files)

libjack0/stable 1:0.126.0-4 arm64
  JACK Audio Connection Kit (libraries)

libjakarta-activation-java/stable 2.0.0-1 all
  Jakarta Activation

libjakarta-inject-api-java/stable 2.0.1-2 all
  Jakarta Inject

libjakarta-servlet-api-java/stable 6.1.0-1 all
  Jakarta Servlet API

libjama-dev/stable 1.2.5-1 all
  C++ Linear Algebra Package

libjama-java/stable 1.0.3-2 all
  Basic linear algebra library for Java

libjamm-java/stable 0.4.0-2 all
  Java Agent for Memory Measurements

libjamm-java-doc/stable 0.4.0-2 all
  Documentation for Java Agent for Memory Measurements

libjavafxsvg-java/stable 1.2.1-3 all
  CenterDevice JavaFxSVG library

libjavascript-quickjs-perl/stable 0.21-2+b1 arm64
  Run JavaScript via QuickJS in Perl

libjaxrpc-api-java/stable 1.1.2-2 all
  Java API for XML based RPC (JAX-RPC)

libjaxrs-api-java/stable 2.1.2-2 all
  Java API for RESTful Services (JAX-RS)

libjaxws-api-java/stable 2.3.0-1.1 all
  Java API for XML-Based Web Services

libjaxws-java/stable 2.3.0.2-2 all
  JAX-WS Reference Implementation (Library)

libjaylink-dev/stable 0.4.0-1 arm64
  library for interacting with J-Link programmers (development files)

libjaylink0/stable 0.4.0-1 arm64
  library for interacting with J-Link programmers

libjcip-annotations-java/stable 20060626-6 all
  Java Concurrency In Practice annotations library

libjersey1-atom-java/stable 1.19.3-8 all
  RESTful Web Services in Java (atom module)

libjersey1-client-java/stable 1.19.3-8 all
  RESTful Web Services in Java (client module)

libjersey1-core-java/stable 1.19.3-8 all
  RESTful Web Services in Java (core library)

libjersey1-fastinfoset-java/stable 1.19.3-8 all
  RESTful Web Services in Java (fastinfoset module)

libjersey1-guice-java/stable 1.19.3-8 all
  RESTful Web Services in Java (guice module)

libjersey1-json-java/stable 1.19.3-8 all
  RESTful Web Services in Java (json module)

libjersey1-server-java/stable 1.19.3-8 all
  RESTful Web Services in Java (server module)

libjersey1-servlet-java/stable 1.19.3-8 all
  RESTful Web Services in Java (servlet module)

libjets3t-java/stable 0.8.1+dfsg-5 all
  Java interface to Amazon S3 and CloudFront services

libjettison-java/stable 1.5.4-1 all
  collection of StAX parsers and writers for JSON

libjfugue-java/stable 4.0.3-5 all
  Java API for music programming

libjgrapht-java/stable 1.5.2-1 all
  Java library of graph theory data structures and algorithms

libjgrapht0.8-java/stable 0.8.3-7 all
  mathematical graph theory library for Java

libjimfs-java/stable 1.1-6 all
  In-memory file system implementing the java.nio.file APIs

libjimfs-java-doc/stable 1.1-6 all
  Documentation for libjimfs-java

libjira-rest-perl/stable 0.024-1 all
  thin wrapper around Jira's REST APIs

libjitescript-java/stable 0.4.3-1 all
  Java API for generating JVM bytecode

libjlatexmath-fop-java/stable 1.0.7-4 all
  Implementation of LaTeX math mode wrote in Java (fop plugin)

libjlatexmath-java/stable 1.0.7-4 all
  Implementation of LaTeX math mode wrote in Java

libjmdns-java/stable 3.5.5-1 all
  Java implementation of multi-cast DNS (Apple Rendezvous)

libjmdns-java-doc/stable 3.5.5-1 all
  Documentation for Java implementation of multi-cast DNS

libjnr-netdb-java/stable 1.2.0+dfsg-1 all
  Lookup TCP and UDP services from java

libjnr-netdb-java-doc/stable 1.2.0+dfsg-1 all
  Documentation for jnr-netdb

libjodconverter-java/stable 2.2.2-16 all
  Office formats converter - Library

libjodconverter-java-doc/stable 2.2.2-16 all
  Office formats converter - Library documentation

libjopendocument-java/stable 1.3repack-1.1 all
  pure Java library for OASIS Open Document files manipulation

libjpegxl-java/stable 0.11.2-0.1~deb13u2 arm64
  JPEG XL Image Coding System - "JXL" (java bindings)

libjq-dev/stable 1.7.1-6+deb13u2 arm64
  lightweight and flexible command-line JSON processor - development files

libjq1/stable 1.7.1-6+deb13u2 arm64
  lightweight and flexible command-line JSON processor - shared library

libjs-angular-schema-form/stable 0.8.13-1.1 all
  form generator from a JSON schema

libjs-backbone.stickit/stable 0.7.0-2.1 all
  Backbone data binding plugin that binds Model attributes to View elements

libjs-coffeescript/stable 2.7.0+dfsg1-2 all
  client-side interpreter for the CoffeeScript language

libjs-headjs/stable 1.0.3+dfsg.1-5 all
  javascript libraryt for resource loading

libjs-iscroll/stable 5.2.0+dfsg1-2 all
  High performance, small footprint JavaScript scroller

libjs-ismobilejs/stable 0.5.0-4 all
  JavaScript library to detect mobile devices (lib)

libjs-jquery-datatables/stable 1.11.5+dfsg-2 all
  jQuery plug-in that makes nice tables from different data sources

libjs-jquery-fancybox/stable 12-4 all
  fancy lightbox alternative

libjs-jquery-jgrowl/stable 1.2.13+dfsg-1.1 all
  notification system for jquery

libjs-jquery-minicolors/stable 2.3.6+dfsg-1 all
  tiny color picker built on jQuery

libjs-jquery-mobile/stable 1.4.5+dfsg-2 all
  Touch-Optimized Web Framework for Smartphones & Tablets

libjs-jquery-scrollto/stable 2.1.3+dfsg-1 all
  scroll the page to a defined place with a nice effect

libjs-jquery-slides/stable 12-4 all
  Simple slideshow plugin for jQuery

libjs-jstimezonedetect/stable 1.0.7+~1.0.3-1 all
  Finds the zone info key representing the timezone setting

libjs-material-design-lite/stable 1.3.0+dfsg-2 all
  Material Design Lite (CSS, JS)

libjs-prototype/stable 1.7.3-2 all
  JavaScript Framework for dynamic web applications

libjs-remark-slide/stable 0.15.0+ds-2 all
  simple, in-browser, markdown-driven slideshow tool (browser)

libjs-requirejs-text/stable 2.0.12-1.1 all
  loader plugin for loading text resources

libjs-sifter.js/stable 0.6.0+dfsg-3 all
  Library for textually searching arrays and hashes of objects

libjs-sortable/stable 1.15.0+ds-1 all
  JavaScript library for reorderable drag-and-drop lists

libjs-strophejs-plugin-rsm/stable 0.0.2-3 all
  Plugin for strophe.js providing Result Set Management (RSM)

libjs-term.js/stable 0.0.7-4 all
  full xterm clone written in javascript

libjsf-api-java/stable 2.2.8-6 all
  JavaServer Faces 2.2 Java EE web framework - API

libjsf-java-doc/stable 2.2.8-6 all
  Documentation for libjsf-api-java

libjson-smart-java/stable 2.5.2-1 all
  JSON Small and Fast Parser

libjson-webtoken-perl/stable 0.10-5 all
  JSON Web Token (JWT) implementation

libjsonparser-dev/stable 1.1.0-2+b2 arm64
  Very low footprint JSON parser written in portable ANSI C - development headers

libjsonparser1.1/stable 1.1.0-2+b2 arm64
  Very low footprint JSON parser written in portable ANSI C

libjsr311-api-java/stable 1.1.1-2 all
  JSR 311, JAX-RS, Java API for RESTful Web Services

libjsr311-api-java-doc/stable 1.1.1-2 all
  JSR 311, JAX-RS, Java API for RESTful Web Services - documentation

libjung-free-java/stable 2.1.1-3 all
  Java Universal Network/Graph Framework

libjws-api-java/stable 1.1-2 all
  Java EE Web Services Metadata API (JSR 181)

libjxl-dev/stable 0.11.2-0.1~deb13u2 arm64
  JPEG XL Image Coding System - "JXL" (development files)

libjxl-devtools/stable 0.11.2-0.1~deb13u2 arm64
  JPEG XL Image Coding System - "JXL" (dev command line utility)

libjxl-testdata/stable 0.0~git20240106.ff8d743-2 all
  JPEG XL Image Coding System - "JXL" (testdata)

libjxl-tools/stable 0.11.2-0.1~deb13u2 arm64
  JPEG XL Image Coding System - "JXL" (command line utility)

libjxl0.11/stable,now 0.11.2-0.1~deb13u2 arm64 [installed,automatic]
  JPEG XL Image Coding System - "JXL" (shared libraries)

libjzlib-java/stable 1.1.3-3 all
  Java Zlib implementation

libk5crypto3/stable 1.21.3-5+deb13u1 arm64 [upgradable from: 1.21.3-5]
  MIT Kerberos runtime libraries - Crypto Library

libkadm5clnt-mit12/stable 1.21.3-5+deb13u1 arm64
  MIT Kerberos runtime libraries - Administration Clients

libkadm5srv-mit12/stable 1.21.3-5+deb13u1 arm64
  MIT Kerberos runtime libraries - KDC and Admin Server

libkdb5-10t64/stable 1.21.3-5+deb13u1 arm64
  MIT Kerberos runtime libraries - Kerberos database

libkdsoap-bin/stable 2.2.0+dfsg-3 arm64
  Qt-based client-side and server-side SOAP component - binaries

libkdsoap-dev/stable 2.2.0+dfsg-3 arm64
  Qt-based client-side and server-side SOAP component - devel files

libkdsoap-doc/stable 2.2.0+dfsg-3 all
  Qt-based client-side and server-side SOAP component - documentation

libkdsoap-qt6-2/stable 2.2.0+dfsg-3 arm64
  Qt-based client-side and server-side SOAP component - client-side library

libkdsoap-server-qt6-2/stable 2.2.0+dfsg-3 arm64
  Qt-based client-side and server-side SOAP component - server-side library

libkeyutils-dev/stable 1.6.3-6 arm64
  Linux Key Management Utilities (development)

libkeyutils1/stable,now 1.6.3-6 arm64 [installed,automatic]
  Linux Key Management Utilities (library)

libkf5archive-data/stable 5.116.0-1 all
  data files for karchive

libkf5archive-dev/stable 5.116.0-1 arm64
  development files for karchive

libkf5archive-doc/stable 5.116.0-1 all
  Qt 5 addon providing access to numerous types of archives (documentation)

libkf5archive5/stable 5.116.0-1 arm64
  Qt 5 addon providing access to numerous types of archives

libkf5attica-dev/stable 5.116.0-1 arm64
  development files for libkf5attica5

libkf5attica-doc/stable 5.116.0-1 all
  Qt library that implements the Open Collaboration Services API (documentation)

libkf5attica5/stable 5.116.0-1 arm64
  Qt library that implements the Open Collaboration Services API

libkf5dnssd-data/stable 5.116.0-1 all
  Abstraction to system DNSSD features.

libkf5dnssd-dev/stable 5.116.0-1 arm64
  development files for kdnssd

libkf5dnssd-doc/stable 5.116.0-1 all
  Abstraction to system DNSSD features (documentation)

libkf5dnssd5/stable 5.116.0-1 arm64
  Abstraction to system DNSSD features.

libkf5kirigami2-5/stable 5.116.0-1 arm64
  set of QtQuick components targeted for mobile use

libkf5kirigami2-doc/stable 5.116.0-1 all
  set of QtQuick components targeted for mobile use (documentation)

libkf5mediaplayer-data/stable 5.116.0-1 all
  Plugin interface for media player features.

libkf5mediaplayer5/stable 5.116.0-1 arm64
  Plugin interface for media player features.

libkf5prison-dev/stable 5.116.0-1 arm64
  barcode API for Qt - development files

libkf5prison-doc/stable 5.116.0-1 all
  barcode API for Qt (documentation)

libkf5prison5/stable 5.116.0-1 arm64
  barcode API for Qt

libkf5prisonscanner5/stable 5.116.0-1 arm64
  barcode API for Qt - barcode scanner

libkf5purpose-bin/stable 5.116.0-1 arm64
  abstraction to provide and leverage actions of a specific kind, runtime

libkf5purpose-dev/stable 5.116.0-1 arm64
  abstraction to provide and leverage actions of a specific kind, devel files

libkf5service-bin/stable 5.116.0-1 arm64
  Advanced plugin and service introspection

libkf5service-data/stable 5.116.0-1 all
  Advanced plugin and service introspection

libkf5service-dev/stable 5.116.0-1 arm64
  development files for kservice

libkf5service-doc/stable 5.116.0-1 all
  Advanced plugin and service introspection (documentation)

libkf5service5/stable 5.116.0-1 arm64
  Advanced plugin and service introspection

libkf5solid-bin/stable 5.116.0-1 arm64
  Qt library to query and control hardware

libkf5solid-dev/stable 5.116.0-1 arm64
  Qt library to query and control hardware

libkf5solid-doc/stable 5.116.0-1 all
  Qt library to query and control hardware (documentation)

libkf5solid5/stable 5.116.0-1 arm64
  Qt library to query and control hardware

libkf5solid5-data/stable 5.116.0-1 all
  Qt library to query and control hardware

libkf5texteditor-bin/stable 5.116.0-1 arm64
  provide advanced plain text editing services (binaries)

libkf5texteditor-dev/stable 5.116.0-1 arm64
  provide advanced plain text editing services

libkf5texteditor-doc/stable 5.116.0-1 all
  provide advanced plain text editing services (documentation)

libkf5texteditor5/stable 5.116.0-1 arm64
  provide advanced plain text editing services

libkf6archive-data/stable 6.13.0-2 all
  data files for karchive

libkf6archive-dev/stable 6.13.0-2 arm64
  development files for karchive

libkf6archive-doc/stable 6.13.0-2 all
  Qt 6 addon providing access to numerous types of archives (documentation)

libkf6archive6/stable 6.13.0-2 arm64
  Qt 6 addon providing access to numerous types of archives

libkf6attica-dev/stable 6.13.0-1 arm64
  development files for libkf6attica6

libkf6attica-doc/stable 6.13.0-1 all
  Qt library that implements the Open Collaboration Services API (documentation)

libkf6attica6/stable 6.13.0-1 arm64
  Qt library that implements the Open Collaboration Services API

libkf6balooengine6/stable 6.13.0-1 arm64
  framework for file search and metadata management - internal library

libkf6dnssd-data/stable 6.13.0-1 all
  Abstraction to system DNSSD features

libkf6dnssd-dev/stable 6.13.0-1 arm64
  development files for kdnssd

libkf6dnssd-doc/stable 6.13.0-1 all
  Abstraction to system DNSSD features (documentation)

libkf6dnssd6/stable 6.13.0-1 arm64
  Abstraction to system DNSSD features

libkf6prison-dev/stable 6.13.0-1 arm64
  barcode API for Qt - development files

libkf6prison-doc/stable 6.13.0-1 all
  barcode API for Qt (documentation)

libkf6prison6/stable 6.13.0-1 arm64
  barcode API for Qt

libkf6prisonscanner6/stable 6.13.0-1 arm64
  barcode API for Qt - barcode scanner

libkf6purpose-bin/stable 6.13.0-1 arm64
  abstraction to provide and leverage actions of a specific kind, runtime

libkf6purpose-data/stable 6.13.0-1 all
  abstraction to provide and leverage actions of a specific kind, translations

libkf6purpose-dev/stable 6.13.0-1 arm64
  abstraction to provide and leverage actions of a specific kind, devel files

libkf6service-bin/stable 6.13.0-1 arm64
  Advanced plugin and service introspection

libkf6service-data/stable 6.13.0-1 all
  Advanced plugin and service introspection

libkf6service-dev/stable 6.13.0-1 arm64
  development files for kservice

libkf6service-doc/stable 6.13.0-1 all
  Advanced plugin and service introspection (documentation)

libkf6service6/stable 6.13.0-1 arm64
  Advanced plugin and service introspection

libkf6solid-bin/stable 6.13.0-1 arm64
  Qt library to query and control hardware

libkf6solid-data/stable 6.13.0-1 all
  Qt library to query and control hardware

libkf6solid-dev/stable 6.13.0-1 arm64
  Qt library to query and control hardware

libkf6solid-doc/stable 6.13.0-1 all
  Qt library to query and control hardware (documentation)

libkf6solid6/stable 6.13.0-1 arm64
  Qt library to query and control hardware

libkf6texteditor-bin/stable 6.13.0-1 arm64
  provide advanced plain text editing services (binaries)

libkf6texteditor-data/stable 6.13.0-1 all
  provide advanced plain text editing services

libkf6texteditor-dev/stable 6.13.0-1 arm64
  provide advanced plain text editing services

libkf6texteditor-doc/stable 6.13.0-1 all
  provide advanced plain text editing services (documentation)

libkf6texteditor-katepart/stable 6.13.0-1 arm64
  provide advanced plain text editing services

libkf6texteditor6/stable 6.13.0-1 arm64
  provide advanced plain text editing services

libkgapi-data/stable 24.12.3-1 all
  Google API library for KDE -- data files

libkgapi-dev/stable 24.12.3-1 arm64
  Google API library for KDE -- development files

libkim-api-dev/stable 2.3.0-1+b2 arm64
  Development files for KIM-API

libkim-api-doc/stable 2.3.0-1 all
  Documentation and examples for KIM-API

libkim-api2/stable 2.3.0-1+b2 arm64
  Shared library for KIM-API

libkimap-data/stable 24.12.3-1 all
  library for handling IMAP data - arch independent files

libkimap-dev/stable 24.12.3-1 arm64
  library for handling IMAP data - development files

libkirigami-data/stable 6.13.0-2 all
  set of QtQuick components targeted for mobile use

libkirigami-dev/stable 6.13.0-2 arm64
  set of QtQuick components targeted for mobile use (development)

libkirigami-doc/stable 6.13.0-2 all
  set of QtQuick components targeted for mobile use (documentation)

libkirigami6/stable 6.13.0-2 arm64
  set of QtQuick components targeted for mobile use

libkirigamidelegates6/stable 6.13.0-2 arm64
  set of QtQuick components targeted for mobile use

libkirigamidialogs6/stable 6.13.0-2 arm64
  set of QtQuick components targeted for mobile use

libkirigamilayouts6/stable 6.13.0-2 arm64
  set of QtQuick components targeted for mobile use

libkirigamiplatform6/stable 6.13.0-2 arm64
  set of QtQuick components targeted for mobile use

libkirigamiprimitives6/stable 6.13.0-2 arm64
  set of QtQuick components targeted for mobile use

libkirigamiprivate6/stable 6.13.0-2 arm64
  set of QtQuick components targeted for mobile use

libkissfft-dev/stable 131.1.0-4.1~deb13u1 arm64
  Mixed-radix Fast Fourier Transform library (development tools)

libkissfft-float131/stable 131.1.0-4.1~deb13u1 arm64
  Mixed-radix Fast Fourier Transform library

libkldap-data/stable 24.12.3-1 all
  Arch independent data forlibrary for accessing LDAP

libkldap-dev/stable 24.12.3-1 arm64
  library for accessing LDAP - development files

libkldap-doc/stable 24.12.3-1 all
  library for accessing LDAP (documentation)

libklu2/stable 1:7.10.1+dfsg-1 arm64
  circuit simulation sparse LU factorization library

libkmailtransport-data/stable 24.12.3-1 all
  mail transport service library - data files

libkmailtransport-dev/stable 24.12.3-1 arm64
  mail transport service library - development files

libknopflerfish-osgi-framework-java/stable 6.1.1-4 all
  Java framework implementing the OSGi R6 version

libkokyu-8.0.2/stable 8.0.2+dfsg-2 arm64
  ACE scheduling and dispatching library

libkpim6akonadiprivate6/stable 4:24.12.3-2~deb13u1 arm64
  libraries for the Akonadi PIM storage service

libkpim6gapiblogger6/stable 24.12.3-1 arm64
  library to integrate with Google Blogger service API

libkpim6gapicalendar6/stable 24.12.3-1 arm64
  library to integrate with Google Calendar service API

libkpim6gapicore6/stable 24.12.3-1 arm64
  core library to integrate with Google service APIs

libkpim6gapidrive6/stable 24.12.3-1 arm64
  library to integrate with Google Drive service API

libkpim6gapilatitude6/stable 24.12.3-1 arm64
  library to integrate with Google Latitude service API

libkpim6gapimaps6/stable 24.12.3-1 arm64
  library to integrate with Google Maps service API

libkpim6gapipeople6/stable 24.12.3-1 arm64
  library to integrate with Google People service API

libkpim6gapitasks6/stable 24.12.3-1 arm64
  library to integrate with Google Tasks service API

libkpim6gravatar6/stable 4:24.12.3-1 arm64
  KDE PIM gravatar library

libkpim6imap6/stable 24.12.3-1 arm64
  library for handling IMAP data

libkpim6ksievecore6/stable 4:24.12.3-1 arm64
  Sieve mail filtering language support for kdepim, core library

libkpim6ldapcore6/stable 24.12.3-1 arm64
  library for accessing LDAP

libkpim6ldapwidgets6/stable 24.12.3-1 arm64
  library for accessing LDAP

libkpim6mailtransport6/stable 24.12.3-1 arm64
  mail transport service library

libkpim6smtp6/stable 24.12.3-1 arm64
  library for handling SMTP data

libkpimgapi-data/stable 22.12.3-3 all
  Google API library for KDE -- data files

libkpimgapi-dev/stable 22.12.3-3 arm64
  Google API library for KDE -- development files

libkpimgapiblogger5abi1/stable 22.12.3-3 arm64
  library to integrate with Google Blogger service API

libkpimgapicalendar5/stable 22.12.3-3 arm64
  library to integrate with Google Calendar service API

libkpimgapicontacts5/stable 22.12.3-3 arm64
  library to integrate with Google Contacts service API

libkpimgapicore5abi1/stable 22.12.3-3 arm64
  core library to integrate with Google service APIs

libkpimgapidrive5/stable 22.12.3-3 arm64
  library to integrate with Google Drive service API

libkpimgapilatitude5/stable 22.12.3-3 arm64
  library to integrate with Google Latitude service API

libkpimgapimaps5/stable 22.12.3-3 arm64
  library to integrate with Google Maps service API

libkpimgapitasks5/stable 22.12.3-3 arm64
  library to integrate with Google Tasks service API

libkrad0/stable 1.21.3-5+deb13u1 arm64
  MIT Kerberos runtime libraries - RADIUS library

libkrb5-3/stable 1.21.3-5+deb13u1 arm64 [upgradable from: 1.21.3-5]
  MIT Kerberos runtime libraries

libkrb5-dbg/stable 1.21.3-5+deb13u1 arm64
  debugging files for MIT Kerberos

libkrb5-dev/stable 1.21.3-5+deb13u1 arm64
  headers and development libraries for MIT Kerberos

libkrb5support0/stable 1.21.3-5+deb13u1 arm64 [upgradable from: 1.21.3-5]
  MIT Kerberos runtime libraries - Support library

libksane-data/stable 25.04.0-2 all
  scanner library (data files)

libksane-dev/stable 25.04.0-2 arm64
  scanner library development headers

libksanewidgets6-6/stable 25.04.0-2 arm64
  scanner library (runtime)

libkscreen-bin/stable 4:6.3.4-1 arm64
  library for screen management - helpers

libkseexpr-dev/stable 4.0.4.0-7 arm64
  development files for libreadstat library

libksmtp-data/stable 24.12.3-1 all
  library for handling SMTP data - arch independent files

libksmtp-dev/stable 24.12.3-1 arm64
  library for handling SMTP data - devel files

libkxml2-java/stable 2.3.0+ds1-3 all
  small XML parser, designed for small environments

libkxml2-java-doc/stable 2.3.0+ds1-3 all
  small XML parser, designed for small environments - docs

libla4j-java/stable 0.6.0-4 all
  Linear Algebra for Java

liblapackpp-dev/stable 2024.10.26-1 arm64
  C++ API for the Linear Algebra PACKage (development files)

liblasso-perl/stable 2.8.2-9+deb13u1 arm64
  Library for Liberty Alliance and SAML protocols - Perl bindings

liblasso3-dev/stable 2.8.2-9+deb13u1 arm64
  Library for Liberty Alliance and SAML protocols - development kit

liblasso3t64/stable 2.8.2-9+deb13u1 arm64
  Library for Liberty Alliance and SAML protocols - runtime library

liblastfm-fingerprint5-1/stable 1.1.0-5+b3 arm64
  Last.fm fingerprinting library (Qt5 build)

liblastfm-java/stable 1:0.1.2-1 all
  last.fm API bindings for Java

liblastfm5-1/stable 1.1.0-5+b3 arm64
  Last.fm web services library (Qt5 build)

liblastfm5-dev/stable 1.1.0-5+b3 arm64
  Last.fm web services library (Qt5 build) - development files

liblatex-table-perl/stable 1.0.6-4 all
  Perl extension for the automatic generation of LaTeX tables

liblcas-dev/stable 1.3.19-2.1+b3 arm64
  Local Centre Authorization Service development files

liblcas0/stable 1.3.19-2.1+b3 arm64
  Local Centre Authorization Service runtime

liblcmaps-dev/stable 1.6.6-3.1+b2 arm64
  LCMAPS development libraries

liblcmaps-without-gsi-dev/stable 1.6.6-3.1+b2 arm64
  LCMAPS development libraries (Without GSI)

liblcmaps-without-gsi0t64/stable 1.6.6-3.1+b2 arm64
  Grid mapping service without GSI

liblcmaps0t64/stable 1.6.6-3.1+b2 arm64
  Grid (X.509) and VOMS credentials to local account mapping service

liblcms2-2/stable,now 2.16-2+deb13u2 arm64 [installed,automatic]
  Little CMS 2 color management library

liblcms2-dev/stable 2.16-2+deb13u2 arm64
  Little CMS 2 color management library development headers

liblcms2-utils/stable 2.16-2+deb13u2 arm64
  Little CMS 2 color management library (utilities)

libldacbt-abr-dev/stable 2.0.2.3+git20200429+ed310a0-5 arm64
  LDAC Bluetooth ABR library (development)

libldacbt-abr2/stable 2.0.2.3+git20200429+ed310a0-5 arm64
  LDAC Bluetooth ABR library (shared library)

libldacbt-enc-dev/stable 2.0.2.3+git20200429+ed310a0-5 arm64
  LDAC Bluetooth encoder library (development)

libldacbt-enc2/stable 2.0.2.3+git20200429+ed310a0-5 arm64
  LDAC Bluetooth encoder library (shared library)

libldap-ocaml-dev/stable 2.5.1-1+b5 arm64
  LDAP bindings for OCaml

libldl3/stable 1:7.10.1+dfsg-1 arm64
  simple LDL' factorization library for sparse matrices

libldm-1.0-0t64/stable 0.2.5-1.1+b2 arm64
  library for managing Microsoft Windows dynamic disks

libldm-common-qt6-0/stable 0.2.1-3 arm64
  Lomiri Upload/Download Manager - shared library (Qt6)

libldm-common0t64/stable 0.2.1-3 arm64
  Lomiri Upload/Download Manager - shared library (Qt5)

libldm-dev/stable 0.2.5-1.1+b2 arm64
  library for managing Microsoft Windows dynamic disks

liblemonldap-ng-common-perl/stable 2.21.2+ds-1+deb13u2 all
  Lemonldap::NG common files

liblemonldap-ng-handler-perl/stable 2.21.2+ds-1+deb13u2 all
  Lemonldap::NG handler common libraries

liblemonldap-ng-manager-perl/stable 2.21.2+ds-1+deb13u2 all
  Lemonldap::NG manager part

liblemonldap-ng-portal-perl/stable 2.21.2+ds-1+deb13u2 all
  Lemonldap::NG authentication portal part

liblemonldap-ng-ssoaas-apache-client-perl/stable 2.21.2+ds-1+deb13u2 all
  Lemonldap::NG SSOaaS client for Apache

liblfortran-dev/stable 0.45.0-1+b3 arm64
  flang library - Development package.

liblfortran-runtime0/stable 0.45.0-1+b3 arm64
  Runtime libraries for the lfortran compiler

liblgooddatepicker-java/stable 11.2.1+ds-1 all
  Java Swing Date Picker library

liblgooddatepicker-java-doc/stable 11.2.1+ds-1 all
  documentation for the LGoodDatePicker library

liblib60870-2/stable 2.3.4-1 arm64
  library for IEC 60870-5 based protocols in C

liblibleidenalg-dev/stable 0.11.1-2+b3 arm64
  implementation of the Leiden algorithm in C++ - headers

liblibleidenalg1/stable 0.11.1-2+b3 arm64
  implementation of the Leiden algorithm in C++ - library

liblibreoffice-java/stable 4:25.2.3-2+deb13u6 all
  LibreOffice UNO runtime environment -- Java library

liblibreofficekitgtk/stable 4:25.2.3-2+deb13u6 arm64
  GTK+ 3 widget wrapping LibreOffice functionality

liblinbox-1.7.0-0t64/stable 1.7.0-5+b2 arm64
  Library for exact linear algebra - shared library

liblinbox-dev/stable 1.7.0-5+b2 arm64
  Library for exact linear algebra - development files

liblinbox-doc/stable 1.7.0-5 all
  LinBox Documentation

liblingua-en-fathom-perl/stable 1.27-1 all
  Perl module for measuring readability of English text

liblingua-en-sentence-perl/stable 0.34-1 all
  Perl module to split text into sentences

liblingua-en-syllable-perl/stable 0.310-2 all
  module to estimate syllable count in English words

liblingua-stopwords-perl/stable 0.12-2 all
  module with stop words for several languages

liblinux-dvb-perl/stable 1.03-4 arm64
  interface to (some parts of) the Linux DVB API

liblinux-io-prio-perl/stable 0.03-5 all
  interface to Linux ioprio_set(2) and ioprio_get(2)

liblinux-prctl-perl/stable 1.6.0-5 arm64
  Perl extension for controlling process characteristics

liblldpctl-dev/stable 1.0.18-1+b2 arm64
  implementation of IEEE 802.1ab (LLDP) - development files

liblo-dev/stable 0.32-2 arm64
  Lightweight OSC library -- development files

liblo-tools/stable 0.32-2 arm64
  Lightweight OSC library (command-line tools)

liblo7/stable 0.32-2 arm64
  Lightweight OSC library

liblocale-subcountry-perl/stable 2.07-1 all
  module for converting state/province names to/from code

liblocale-us-perl/stable 3.04-3 all
  module for United States state identification

liblog-any-adapter-callback-perl/stable 0.102-1 all
  module to send Log::Any logs to a subroutine

liblog-fast-perl/stable 2.0.1-2 all
  fast and flexible logger

liblog-log4perl-perl/stable 1.57-1 all
  Perl port of the widely popular log4j logging package

liblog4net-cil-dev/stable 1.2.10+dfsg-9 all
  highly configurable logging API for the CLI

liblog4net1.2-cil/stable 1.2.10+dfsg-9 all
  highly configurable logging API for the CLI

liblogger-syslog-perl/stable 1.1-6 all
  Logger::Syslog -- a simple wrapper over Sys::Syslog for Perl

liblombok-java/stable 1.18.34-2 all
  Reduce boilerplate code in Java projects

liblomiri-api-dev/stable 0.2.2-1 arm64
  API for Lomiri shell integration (development headers)

liblomiri-api-doc/stable 0.2.2-1 all
  API for Lomiri shell integration (documentation)

liblomiri-api0/stable 0.2.2-1 arm64
  API for Lomiri shell integration (shared library)

liblomiri-content-hub-dev/stable 2.1.0-4 arm64
  content sharing development files (Qt5)

liblomiri-content-hub-doc/stable 2.1.0-4 all
  Documentation files for Lomiri's liblomiri-content-hub-dev

liblomiri-content-hub-glib-dev/stable 2.1.0-4 arm64
  content sharing development files for Lomiri - GLib bindings

liblomiri-content-hub-glib1/stable 2.1.0-4 arm64
  content sharing/picking library for Lomiri - GLib bindings

liblomiri-content-hub-qt6-1/stable 2.1.0-4 arm64
  content sharing/picking library (Qt6)

liblomiri-content-hub1/stable 2.1.0-4 arm64
  content sharing/picking library for Lomiri (Qt5)

liblomiri-download-manager-client-qt6-0/stable 0.2.1-3 arm64
  Qt6 library for Lomiri Download Manager - shared client library

liblomiri-download-manager-client0t64/stable 0.2.1-3 arm64
  Qt5 library for Lomiri Download Manager - shared client library

liblomiri-download-manager-common-qt6-0/stable 0.2.1-3 arm64
  Qt6 library for Lomiri Download Manager - common shared library

liblomiri-download-manager-common0t64/stable 0.2.1-3 arm64
  Qt5 library for Lomiri Download Manager - common shared library

liblomiri-location-service-dev/stable 3.3.0-2 arm64
  Lomiri Location Service (development files)

liblomiri-location-service3/stable 3.3.0-2 arm64
  Lomiri Location Service client library

liblomiri-online-accounts-daemon-dev/stable 0.16-4 arm64
  Online Accounts simplified API (bindings development files)

liblomiri-online-accounts-daemon1/stable 0.16-4 arm64
  Lomiri Online Accounts simplified API - library

liblomiri-private0/stable 0.5.0-2 arm64
  Lomiri Operating Environment's Shell (private libs)

liblomiri-thumbnailer-qt-dev/stable 3.0.4-2 arm64
  Qt/C++ API to obtain thumbnails (development files)

liblomiri-thumbnailer-qt1.0/stable 3.0.4-2 arm64
  Qt/C++ API to obtain thumbnails

liblomiri-upload-manager-common0t64/stable 0.2.1-3 arm64
  QT library for Lomiri Upload Manager - shared common library

liblomirihistoryservice-dev/stable 0.6-2 arm64
  History service to store messages and calls - development files

liblomirihistoryservice0/stable 0.6-2 arm64
  History service to store messages and calls - client library

liblomirisystemsettings-dev/stable 1.3.1-6 arm64
  System Settings application for Lomiri - plug-in development files

liblomirisystemsettings1/stable 1.3.1-6 arm64
  System Settings application for Lomiri - plug-in library

liblomirisystemsettingsprivate-dev/stable 1.3.1-6 arm64
  System Settings application for Lomiri - private development files

liblomirisystemsettingsprivate0.0/stable 1.3.1-6 arm64
  System Settings application for Lomiri - private library

liblouisxml-bin/stable 2.4.0-14+b1 arm64
  Braille XML translation utilities

liblrmd52/stable 3.0.0-2 arm64
  cluster resource manager LRMD library

liblrs-dev/stable 0.73-2+b2 arm64
  package to enumerate vertices and extreme rays (development file)

liblrs2/stable 0.73-2+b2 arm64
  package to enumerate vertices and extreme rays (shared libraries)

liblur-dev/stable 0.18-1 arm64
  Logitech Unifying Receiver access library - dev files

liblur3/stable 0.18-1 arm64
  Logitech Unifying Receiver access library

liblv2dynparam1-dev/stable 2-7.1+b1 arm64
  lv2dynparam is a LV2 plugin interface extension

liblv2dynparamhost1-1t64/stable 2-7.1+b1 arm64
  LV2 plugin interface extension - host

liblv2dynparamplugin1-0t64/stable 2-7.1+b1 arm64
  LV2 plugin interface extension - plugin

liblwp-authen-oauth2-perl/stable 0.20-1 all
  module enabling OAuth 2 requests via LWP

liblwp-protocol-psgi-perl/stable 0.11-2 all
  override LWP's HTTP/HTTPS backend with your own PSGI application

libm4ri-0.0.20200125/stable 20240729-2 arm64
  Method of the Four Russians Inversion library, shared library

libm4ri-dev/stable 20240729-2 arm64
  Method of the Four Russians Inversion library, development files

libm4rie-0.0.20200125/stable 20250103-1+b1 arm64
  extended Method of the Four Russians Inversion library, shared library

libm4rie-dev/stable 20250103-1+b1 arm64
  extended Method of the Four Russians Inversion library, development files

libmad-ocaml/stable 0.5.3-1+b3 arm64
  OCaml bindings for the MAD library (Runtime library)

libmad-ocaml-dev/stable 0.5.3-1+b3 arm64
  OCaml bindings for the MAD library (Development package)

libmagicenum-dev/stable 0.9.7-1 all
  C++ library providing static reflection for enums

libmail-chimp3-perl/stable 0.08-2 all
  interface to mailchimp.com's RESTful Web API v3

libmail-imaptalk-perl/stable 4.04-2 all
  IMAP client interface with lots of features

libmail-rbl-perl/stable 1.10-3 all
  Perl extension to access RBL-style host verification services

libmandoc-dev/stable 1.14.6-4 arm64
  BSD manpage compiler toolset - library

libmanette-0.2-0/stable 0.2.12-1 arm64
  Simple GObject game controller library

libmanette-0.2-dev/stable 0.2.12-1 arm64
  Simple GObject game controller library - development files

libmapscript-java/stable 8.4.0-4+deb13u2 arm64
  Java library for MapServer

libmapscript-perl/stable 8.4.0-4+deb13u2 arm64
  Perl MapServer module

libmapserver-dev/stable 8.4.0-4+deb13u2 arm64
  Shared library development files for MapServer

libmapserver2t64/stable 8.4.0-4+deb13u2 arm64
  Shared library for MapServer

libmartchus-c++utilities-dev/stable 5.28.0-1 arm64
  useful C++ classes and routines used by Martchus' applications (headers)

libmartchus-c++utilities5t64/stable 5.28.0-1 arm64
  useful C++ classes and routines used by Martchus' applications

libmateweather-common/stable 1.26.3-4 all
  MateWeather shared library (common files)

libmateweather-dev/stable 1.26.3-4 arm64
  MateWeather shared library (development files)

libmateweather1t64/stable 1.26.3-4 arm64
  MateWeather shared library

libmath-convexhull-monotonechain-perl/stable 0.1-2+b4 arm64
  Perl module to calculate a convex hull using Andrew's monotone chain algorithm

libmath-gsl-perl/stable 0.45-2+b1 arm64
  interface to the GNU Scientific Library using SWIG

libmath-matrix-maybegsl-perl/stable 0.008-1 all
  Uniform use of Math::MatrixReal and Math::GSL::Matrix

libmath-matrixreal-perl/stable 2.13-2 all
  module to manipulate NxN matrices of real numbers

libmath-sparsematrix-perl/stable 0.03-3 all
  Provides a sparse matrix class for perl

libmath-sparsevector-perl/stable 0.04-2 all
  Provides a sparse vector class for perl

libmath-vectorreal-perl/stable 1.02-3 all
  Module to handle 3D Vector Mathematics

libmatthew-debug-java/stable 0.8.1-4 all
  Debugging library for Java

libmaven-antrun-plugin-java/stable 3.1.0-1 all
  Maven AntRun Plugin

libmaven-archiver-java/stable 3.6.2-1 all
  Archiver component for Maven

libmaven-assembly-plugin-java/stable 3.4.2-2 all
  Maven Assembly Plugin

libmaven-clean-plugin-java/stable 3.2.0-2 all
  Maven clean plugin

libmaven-common-artifact-filters-java/stable 3.4.0-1 all
  Maven Common Artifact Filters

libmaven-compiler-plugin-java/stable 3.13.0-1 all
  Maven Compiler plugin

libmaven-dependency-analyzer-java/stable 1.15.1-1 all
  Maven Dependency Analyzer

libmaven-dependency-plugin-java/stable 3.8.1-1 all
  Maven Dependency Plugin

libmaven-dependency-tree-java/stable 3.3.0-1 all
  Maven Dependency Tree

libmaven-deploy-plugin-java/stable 3.1.4-1 all
  Maven Deploy plugin

libmaven-ejb-plugin-java/stable 3.2.1-2 all
  Maven EJB Plugin

libmaven-file-management-java/stable 3.0.0-2 all
  Maven File Management API

libmaven-file-management-java-doc/stable 3.0.0-2 all
  Documentation for Maven File Management API

libmaven-filtering-java/stable 3.4.0-1 all
  Maven Filtering

libmaven-install-plugin-java/stable 3.1.4-1 all
  Maven install plugin

libmaven-invoker-java/stable 3.3.0-1 all
  Maven Invoker

libmaven-invoker-plugin-java/stable 3.8.1-1 all
  Maven Invoker Plugin

libmaven-jar-plugin-java/stable 3.3.0-2 all
  Maven Jar Plugin

libmaven-javadoc-plugin-java/stable 3.10.1-2 all
  Maven Javadoc Plugin

libmaven-plugin-testing-java/stable 3.3.0-2 all
  Maven Plugin Testing

libmaven-plugin-tools-java/stable 3.10.2-2 all
  Maven Plugin Tools

libmaven-remote-resources-plugin-java/stable 3.0.0-1 all
  Apache Maven Remote Resources Plugin

libmaven-reporting-api-java/stable 4.0.0-1 all
  Maven Reporting API

libmaven-reporting-exec-java/stable 2.0.0-1 all
  Apache Maven Reporting Executor

libmaven-reporting-impl-java/stable 4.0.0-1 all
  Maven Reporting API Implementation

libmaven-resources-plugin-java/stable 3.3.1-1 all
  Maven resources plugin

libmaven-shade-plugin-java/stable 3.6.0-1 all
  Maven shade plugin

libmaven-shared-io-java/stable 3.0.0-4 all
  Maven API for I/O support

libmaven-site-plugin-java/stable 3.21.0-1 all
  Maven Site Plugin for generating a site

libmaven-verifier-java/stable 1.8.0-2 all
  Maven Verifier Component

libmaven-war-plugin-java/stable 3.4.0-1 all
  Maven WAR Plugin

libmaven3-core-java/stable 3.9.9-1 all
  Core libraries for Maven 3

libmaxmind-db-writer-perl/stable 0.300004-1+b3 arm64
  module to create MaxMind DB database files

libmaxminddb-dev/stable 1.12.2-1 arm64
  IP geolocation database library (development headers)

libmaxminddb0/stable 1.12.2-1 arm64
  IP geolocation database library

libmbim-glib-dev/stable 1.32.0-1 arm64
  Header files for adding MBIM support to applications that use glib

libmbim-glib-doc/stable 1.32.0-1 all
  API documentation for the MBIM protocol library

libmbim-glib4/stable 1.32.0-1 arm64
  Support library to use the MBIM protocol

libmbim-proxy/stable 1.32.0-1 arm64
  Proxy to communicate with MBIM ports

libmbim-utils/stable 1.32.0-1 arm64
  Utilities to use the MBIM protocol from the command line

libmcl14-ocaml-dev/stable 14-137+ocaml-3+b3 arm64
  library providing bindings between mcl and OCaml

libmd4c-dev/stable 0.5.2-2+b1 arm64
  Markdown for C - development files

libmd4c-html0/stable 0.5.2-2+b1 arm64
  Markdown for C HTML-renderer

libmd4c-html0-dev/stable 0.5.2-2+b1 arm64
  Markdown for C HTML-renderer - development files

libmd4c0/stable,now 0.5.2-2+b1 arm64 [installed,automatic]
  Markdown for C

libmdnsd1t64/stable 0.12-5 arm64
  small mDNS library for mdnsd

libmeanwhile-dev/stable 1.1.1-2+b3 arm64
  development package for libmeanwhile

libmeanwhile1/stable 1.1.1-2+b3 arm64
  open implementation of the Lotus Sametime Community Client protocol

libmediascanner-2.0-dev/stable 0.118-1 arm64
  Development files for libmediascanner

libmediastreamer-data/stable 1:5.3.105+dfsg-5 all
  Voice and video streaming engine for telephony (data files)

libmediastreamer-dev/stable 1:5.3.105+dfsg-5 arm64
  Development files for the mediastreamer2 library

libmediastreamer-doc/stable 1:5.3.105+dfsg-5 all
  Voice and video streaming engine for telephony (documentation)

libmediastreamer-tools/stable 1:5.3.105+dfsg-5 arm64
  Voice and video streaming engine for telephony (programs)

libmediastreamer2-14/stable 1:5.3.105+dfsg-5 arm64
  Voice and video streaming engine for telephony (base)

libmeep-dev/stable 1.29.0-2 arm64
  development library for using meep

libmeep-mpi-default-dev/stable 1.29.0-2 arm64
  development library for using parallel version of meep

libmeep-mpi-default33/stable 1.29.0-2 arm64
  library for using parallel version of meep

libmeep33/stable 1.29.0-2 arm64
  library for using meep

libmegapixels-dev/stable 0.2.1-1 arm64
  Device abstraction library for Megapixels -- Development files

libmegapixels-utils/stable 0.2.1-1 arm64
  Device abstraction library for Megapixels -- Utility programs

libmegapixels1/stable 0.2.1-1 arm64
  Device abstraction library for Megapixels -- Shared library

libmeschach1.2/stable 1.2b-18 arm64
  library for performing operations on matrices and vectors

libmessage-passing-perl/stable 0.117-1 all
  simple way of doing messaging

libmeta-perl/stable 0.013-1 arm64
  meta-programming API

libmetainf-services-java/stable 1.11-1 all
  META-INF/services generator

libmetis-dev/stable 5.1.0.dfsg-7+b2 arm64
  Serial Graph Partitioning and Fill-reducing Matrix Ordering. Header

libmetis-doc/stable 5.1.0.dfsg-7 all
  Serial Graph Partitioning and Fill-reducing Matrix Ordering. Documentation

libmetis5/stable 5.1.0.dfsg-7+b2 arm64
  Serial Graph Partitioning and Fill-reducing Matrix Ordering

libmetrics-any-perl/stable 0.10-1 all
  abstract collection of monitoring metrics

libmetro-policy-java/stable 2.7.2-4 all
  WS-Policy implementation in Java

libmfsio-dev/stable 4.57.5-1 arm64
  MooseFS IO library - development files

libmfsio1t64/stable 4.57.5-1 arm64
  MooseFS IO library

libmicrodns-dev/stable 0.2.0-1+b2 arm64
  minimal mDNS resolver and announcer library (development files)

libmicrodns1/stable 0.2.0-1+b2 arm64
  minimal mDNS resolver and announcer library (shared library)

libminimap2-dev/stable 2.27+dfsg-1+b4 arm64
  development headers for libminimap

libminiupnpc-dev/stable 2.2.8-2+b2 arm64
  UPnP IGD client lightweight library development files

libminiupnpc18/stable 2.2.8-2+b2 arm64
  UPnP IGD client lightweight library

libmirage-dev/stable 3.2.10-1 arm64
  CD-ROM image access library development files

libmirage-doc/stable 3.2.10-1 all
  Reference manual for libMirage

libmirage-kv-ocaml/stable 6.1.1-2+b7 arm64
  MirageOS signatures for key/value devices (runtime)

libmirage-kv-ocaml-dev/stable 6.1.1-2+b7 arm64
  MirageOS signatures for key/value devices (dev)

libmirage11/stable 3.2.10-1 arm64
  CD-ROM image access library

libmm-glib-dev/stable 1.24.0-1+deb13u1 arm64
  D-Bus service for managing modems - library development files

libmm-glib-doc/stable 1.24.0-1+deb13u1 all
  D-Bus service for managing modems - library documentation

libmm-glib0/stable 1.24.0-1+deb13u1 arm64
  D-Bus service for managing modems - shared libraries

libmmap-allocator-dev/stable 0.4.0+git20200122.adbfbe1-2.1 arm64
  STL allocator that mmaps files

libmodbus-dev/stable 3.1.11-2 arm64
  development files for the Modbus protocol library

libmodbus5/stable 3.1.11-2 arm64
  library for the Modbus protocol

libmodem-vgetty-perl/stable 0.03-4 all
  Perl module for interfacing with vgetty (Modem::Vgetty)

libmodule-install-autolicense-perl/stable 0.10-2 all
  automagically generate LICENSE files

libmodule-install-copyright-perl/stable 0.009-4 all
  package a COPYRIGHT file with a distribution

libmodule-starter-pbp-perl/stable 0.0.3-3 all
  Perl module to create new perl modules following best practices

libmoe-dev/stable 1.5.8-6 arm64
  library to handle multiple octets character encoding scheme (devel files)

libmoe1.5/stable 1.5.8-6 arm64
  library to handle multiple octets character encoding scheme

libmono-compilerservices-symbolwriter4.0-cil/stable 6.12.0.199+dfsg-6 all
  Mono.CompilerServices.SymbolWriter library (for CLI 4.0)

libmono-system-data-services-client4.0-cil/stable 6.12.0.199+dfsg-6 all
  Mono System.Data.Services.Client library (for CLI 4.0)

libmono-system-data-services4.0-cil/stable 6.12.0.199+dfsg-6 all
  Mono System.Data.Services library (for CLI 4.0)

libmono-system-enterpriseservices4.0-cil/stable 6.12.0.199+dfsg-6 all
  Mono System.EnterpriseServices library (for CLI 4.0)

libmono-system-ldap-protocols4.0-cil/stable 6.12.0.199+dfsg-6 all
  Mono System.DirectoryServices.Protocols library (for CLI 4.0)

libmono-system-ldap4.0-cil/stable 6.12.0.199+dfsg-6 all
  Mono System.DirectoryServices library (for CLI 4.0)

libmono-system-reactive-platformservices2.2-cil/stable 6.12.0.199+dfsg-6 all
  Mono System.Reactive.PlatformServices Library (for CLI 4.5)

libmono-system-servicemodel-activation4.0-cil/stable 6.12.0.199+dfsg-6 all
  Mono System.ServiceModel.Activation Library (for CLI 4.0)

libmono-system-servicemodel-discovery4.0-cil/stable 6.12.0.199+dfsg-6 all
  Mono System.ServiceModel.Discovery Library (for CLI 4.0)

libmono-system-servicemodel-internals0.0-cil/stable 6.12.0.199+dfsg-6 all
  Mono System.ServiceModel.Internals Library (for CLI 4.0)

libmono-system-servicemodel-routing4.0-cil/stable 6.12.0.199+dfsg-6 all
  Mono System.ServiceModel.Routing Library (for CLI 4.0)

libmono-system-servicemodel-web4.0-cil/stable 6.12.0.199+dfsg-6 all
  Mono System.ServiceModel.Web Library (for CLI 4.0)

libmono-system-servicemodel4.0a-cil/stable 6.12.0.199+dfsg-6 all
  Mono System.ServiceModel Library (for CLI 4.0)

libmono-system-serviceprocess4.0-cil/stable 6.12.0.199+dfsg-6 all
  Mono System.ServiceProcess library (for CLI 4.0)

libmono-system-web-applicationservices4.0-cil/stable 6.12.0.199+dfsg-6 all
  Mono System.Web.ApplicationServices library (for CLI 4.0)

libmono-system-web-services4.0-cil/stable 6.12.0.199+dfsg-6 all
  Mono System.Web.Services (for CLI 4.0)

libmoosex-followpbp-perl/stable 0.05-2.1 all
  Moose extension to name your accessors get_foo() and set_foo()

libmoosex-poe-perl/stable 0.215-2 all
  Moose wrapper around a POE::Session

libmoosex-types-perl/stable 0.51-4 all
  Moose extension to organise types in libraries

libmosquitto1/stable 2.0.21-1 arm64
  MQTT version 5.0/3.1.1/3.1 client library

libmosquittopp1/stable 2.0.21-1 arm64
  MQTT version 5.0/3.1.1/3.1 client C++ library

libmount-dev/stable 2.41-5 arm64
  device mounting library - headers

libmount1/stable,now 2.41-5 arm64 [installed]
  device mounting library

libmousex-types-perl/stable 0.06-3 all
  Mouse extension to organise types in libraries

libmp3-info-perl/stable 1.26-1 all
  module to manipulate / fetch info from MP3 audio files

libmp3spi-java/stable 1.9.5-2 all
  interface to support MP3 (MPEG 1/2/2.5 Layer 1/2/3) audio format

libmptcpwrap0/stable 0.13-2 arm64
  Multipath TCP Converter Library

libmrtd-dev/stable 0.1.6-3.3 arm64
  Development files for libmrtd0t64

libmrtd0t64/stable 0.1.6-3.3 arm64
  MRTD - Machine-readable travel document library

libmsgraph-1-1/stable 0.3.3-3 arm64
  library for accessing the Microsoft Graph API

libmsgraph-dev/stable 0.3.3-3 arm64
  library for accessing the Microsoft Graph API - development files

libmsgraph-doc/stable 0.3.3-3 all
  library for accessing the Microsoft Graph API - documentation

libmsoffice-word-html-writer-perl/stable 1.10-1 all
  module for writing MsWord documents in HTML format

libmsoffice-word-surgeon-perl/stable 2.10-1 all
  Perl module for modifying docx documents using regular expressions

libmsoffice-word-template-perl/stable 2.05-3 all
  Perl module for creating Microsoft Word documents from Word templates

libmtd-dev/stable 1:2.3.0-1 arm64
  Memory Technology Device Development Libraries

libmtp-common/stable 1.1.22-1 all
  Media Transfer Protocol (MTP) common files

libmtp-dev/stable 1.1.22-1 arm64
  Media Transfer Protocol (MTP) development files

libmtp-doc/stable 1.1.22-1 all
  Media Transfer Protocol (MTP) library documentation

libmtp-runtime/stable 1.1.22-1 arm64
  Media Transfer Protocol (MTP) runtime tools

libmtp9t64/stable 1.1.22-1 arm64
  Media Transfer Protocol (MTP) library

libmultidimensional-perl/stable 0.014-2+b4 arm64
  Perl pragma to disable multidimensional array emulation

libmumps-5.7/stable 5.7.3-3+b1 arm64
  Direct linear systems solver - parallel shared libraries

libmumps-64pord-5.7/stable 5.7.3-3+b1 arm64
  Direct linear systems solver (64 bit) - parallel shared libraries

libmumps-64pord-ptscotch-5.7/stable 5.7.3-3+b1 arm64
  Direct linear systems solver (64 bit) - PTScotch-version shared libraries

libmumps-64pord-scotch-5.7/stable 5.7.3-3+b1 arm64
  Direct linear systems solver (64 bit) - Scotch-version shared libraries

libmumps-64pord-seq-5.7/stable 5.7.3-3+b1 arm64
  Direct linear systems solver (64 bit) - non-parallel shared libraries

libmumps-dev/stable 5.7.3-3+b1 arm64
  Direct linear systems solver - parallel development files

libmumps-headers-dev/stable 5.7.3-3 all
  Direct linear systems solver - development header files

libmumps-ptscotch-5.7/stable 5.7.3-3+b1 arm64
  Direct linear systems solver - PTScotch-version shared libraries

libmumps-ptscotch-dev/stable 5.7.3-3+b1 arm64
  Direct linear systems solver - PTScotch-version development files

libmumps-scotch-5.7/stable 5.7.3-3+b1 arm64
  Direct linear systems solver - Scotch-version shared libraries

libmumps-scotch-dev/stable 5.7.3-3+b1 arm64
  Direct linear systems solver - Scotch-version development files

libmumps-seq-5.7/stable 5.7.3-3+b1 arm64
  Direct linear systems solver - non-parallel shared libraries

libmumps-seq-dev/stable 5.7.3-3+b1 arm64
  Direct linear systems solver - non-parallel development files

libmumps64-dev/stable 5.7.3-3+b1 arm64
  Direct linear systems solver (64 bit) - parallel development files

libmumps64-ptscotch-dev/stable 5.7.3-3+b1 arm64
  Direct linear systems solver (64 bit) - PTScotch-version development files

libmumps64-scotch-dev/stable 5.7.3-3+b1 arm64
  Direct linear systems solver (64 bit) - Scotch-version development files

libmumps64-seq-dev/stable 5.7.3-3+b1 arm64
  Direct linear systems solver (64 bit) - non-parallel development files

libmunge-dev/stable 0.5.16-1.1~deb13u1 arm64
  authentication service for credential -- development package

libmunge2/stable 0.5.16-1.1~deb13u1 arm64
  authentication service for credential -- library package

libmuparserx-dev/stable 4.0.12-2 arm64
  mathematical expression parser library (development files)

libmuparserx4.0.12/stable 4.0.12-2 arm64
  mathematical expression parser library

libmygpo-qt-dev/stable 1.1.0-4.1+b2 arm64
  Development headers for the mygpo-qt library

libmygpo-qt5-1/stable 1.1.0-4.1+b2 arm64
  mygpo-qt library package

libmypaint-1.5-1/stable,now 1.6.0-4 arm64 [installed,automatic]
  brush library for mypaint

libmypaint-common/stable,now 1.6.0-4 all [installed,automatic]
  brush library for mypaint - common files

libmypaint-dev/stable 1.6.0-4 arm64
  brush library for mypaint - development files

libmypaint-doc/stable 1.6.0-4 all
  brush library for mypaint - documentation

libmyproxy-dev/stable 6.2.16-4 arm64
  Credential Management Service Development

libmyproxy-voms/stable 6.2.16-4 arm64
  Credential Management Service VOMS Library

libmyproxy6t64/stable 6.2.16-4 arm64
  Credential Management Service Library

libmysofa-dev/stable 1.3.3+dfsg-1 arm64
  library to read HRTFs stored in the AES69-2015 SOFA format - development files

libmysofa-utils/stable 1.3.3+dfsg-1 arm64
  library to read HRTFs stored in the AES69-2015 SOFA format - utilities

libmysofa1/stable,now 1.3.3+dfsg-1 arm64 [installed,automatic]
  library to read HRTFs stored in the AES69-2015 SOFA format

libnanomsg-dev/stable 1.1.5+dfsg-1.1+b1 arm64
  nanomsg development files

libnanomsg5/stable 1.1.5+dfsg-1.1+b1 arm64
  high-performance implementation of scalability libraries

libnats-dev/stable 3.10.1-1 arm64
  C client for the NATS messaging system (development files)

libnats3.10/stable 3.10.1-1 arm64
  C client for the NATS messaging system

libnb-javaparser-java/stable 9+2018-2 all
  Parser for the Java language which is good for use in tools

libnbd-bin/stable 1.22.2-1+b1 arm64
  Utilities using the Network Block Device client library

libnbd-dev/stable 1.22.2-1+b1 arm64
  Network Block Device client library -- development files

libnbd-ocaml/stable 1.22.2-1+b1 arm64
  Network Block Device client library -- OCaml bindings

libnbd-ocaml-dev/stable 1.22.2-1+b1 arm64
  Network Block Device client library -- OCaml development files

libnbd0/stable 1.22.2-1+b1 arm64
  Network Block Device client library -- shared library

libncbi6t64/stable 6.1.20170106+dfsg2-6 arm64
  NCBI libraries for biology applications

libndctl6/stable 81-1 arm64
  Utility library for managing the libnvdimm subsystem

libndpi-bin/stable 4.2-2.1+b3 arm64
  extensible deep packet inspection library - ndpiReader

libndpi-dev/stable 4.2-2.1+b3 arm64
  extensible deep packet inspection library - development files

libndpi-wireshark/stable 4.2-2.1+b3 arm64
  extensible deep packet inspection library - wireshark dissector

libndpi4.2t64/stable 4.2-2.1+b3 arm64
  extensible deep packet inspection library - shared library

libneatvnc-dev/stable 0.9.1+dfsg-1 arm64
  Fast and neat VNC server library (development files)

libneatvnc0/stable 0.9.1+dfsg-1 arm64
  Fast and neat VNC server library (shared library)

libnet-akismet-perl/stable 0.05-5 all
  Perl interface to Akismet - comment and trackback spam fighter

libnet-amazon-ec2-perl/stable 0.36-2 all
  Perl interface to the Amazon Elastic Compute Cloud (EC2)

libnet-amazon-s3-perl/stable 0.991-1 all
  Amazon S3 Perl API - Simple Storage Service

libnet-amazon-signature-v4-perl/stable 0.21-2 all
  module for the Amazon Web Services signature version 4

libnet-appliance-session-perl/stable 4.300005-2 all
  module for running command-line sessions to network appliances

libnet-bluetooth-perl/stable 0.41-4+b3 arm64
  Perl interface to Bluetooth libraries

libnet-bonjour-perl/stable 0.96-2.1 all
  Perl module for DNS service discovery

libnet-cisco-mse-rest-perl/stable 0.2-3 all
  Perl wrapper for Cisco MSE REST interface

libnet-cli-interact-perl/stable 2.400002-1 all
  toolkit for CLI Automation

libnet-dbus-perl/stable,now 1.2.0-2+b3 arm64 [installed,automatic]
  Perl extension for the DBus bindings

libnet-dns-fingerprint-perl/stable 20190131-1.1 all
  library to determine DNS server vendor, product and version

libnet-duo-perl/stable 1.02-3 all
  Perl API for Duo multifactor authentication service

libnet-epp-perl/stable 0.28-1 all
  module implementing the Extensible Provisioning Protocol

libnet-finger-perl/stable 1.06-7 all
  perl Module providing an API for Finger queries

libnet-frame-device-perl/stable 1.12-2 all
  module to get network device information

libnet-frame-dump-perl/stable 1.18-2 all
  base-class for a tcpdump like implementation

libnet-github-perl/stable 1.05-1 all
  Perl interface for GitHub

libnet-google-authsub-perl/stable 0.5-4 all
  module to interact with sites that implement Google style AuthSub

libnet-httpserver-perl/stable 1.1.1-4 all
  extensible HTTP server framework for Perl

libnet-interface-perl/stable 1.016-3+b2 arm64
  Perl module for manipulating host network interfaces

libnet-jabber-loudmouth-perl/stable 0.07-4+b4 arm64
  Perl interface for the loudmouth jabber library

libnet-ldap-perl/stable 1:0.6800+dfsg-1 all
  client interface to LDAP servers

libnet-managesieve-perl/stable 0.13-3 all
  Perl client module for ManageSieve

libnet-nbname-perl/stable 0.26-4 all
  NetBIOS Name Service Requests

libnet-nis-perl/stable 0.44-4+b1 arm64
  Interface to Sun's Network Information Service

libnet-oauth-perl/stable 0.31-1 all
  implementation of the OAuth 1.0 protocol

libnet-oauth2-perl/stable 0.67-1 all
  implementation of the OAuth 2.0 protocol

libnet-proxy-perl/stable 0.13-2 all
  framework for proxying network connections in many ways

libnet-rendezvous-publish-perl/stable 0.04-5 all
  Perl module to publish Rendezvous services

libnet-smpp-perl/stable 1.19-3 all
  implementation of Short Message Peer to Peer protocol over TCP

libnet-smtp-ssl-perl/stable,now 1.04-2 all [installed,automatic]
  Perl module providing SSL support to Net::SMTP

libnet-smtpauth-perl/stable 0.08-6 all
  Perl module that provides SMTP authentication (Net::SMTP_auth)

libnet-stomp-perl/stable 0.62-1 all
  Perl module providing a Streaming Text Orientated Messaging Protocol client

libnet-trac-perl/stable 0.16-3 all
  Perl client library for Trac

libnet-twitter-perl/stable 4.01043-2 all
  Perl interface to the Twitter social network

libnet-upnp-perl/stable 1.4.6-2 all
  Perl extensions for UPnP

libnet-z3950-zoom-perl/stable 1.32-2+b2 arm64
  Perl extension implementing the ZOOM API for Information Retrieval via Z39.50

libnetapp-perl/stable 500.002-3 all
  Perl modules for managing NetApp's NAS devices

libnetlib-java/stable 0.9.3-7 all
  collection of mission-critical software components for linear algebra systems

libnetplan-dev/stable 1.1.2-7 arm64
  Development files for Netplan's libnetplan runtime library

libnetplan1/stable 1.1.2-7 arm64
  Declarative network configuration runtime library

libnetsds-kannel-perl/stable 1.300-7 all
  Service Delivery Suite framework - Kannel SMS gateway API

libnetsds-perl/stable 1.301-4 all
  Service Delivery Suite framework

libnetsds-util-perl/stable 1.045-2 all
  Service Delivery Suite framework - supplementary packages

libnetsvcs-8.0.2/stable 8.0.2+dfsg-2 arm64
  ACE network service implementations - libraries

libnetsvcs-dev/stable 8.0.2+dfsg-2 arm64
  ACE network service implementations - development files

libnewlib-arm-none-eabi/stable 4.5.0.20241231-1 all
  C library and math library compiled for bare metal using Cortex A/R/M

libnewlib-dev/stable 4.5.0.20241231-1 all
  C library and math library intended for use on embedded systems

libnewlib-doc/stable 4.5.0.20241231-1 all
  C library and math library intended for use on embedded systems (doc)

libnewlib-sh-elf-dev/stable 4.4.0.20231231+8.2 all
  small ISO C standard library for embedded SuperH devices

libnewmat10-dev/stable 1.10.4-9 arm64
  matrix manipulations library (C++ headers files)

libnewmat10ldbl/stable 1.10.4-9 arm64
  matrix manipulations library (C++)

libnews-article-nocem-perl/stable 0.09-3 all
  module to generate accurate NoCeM notices

libnfc-bin/stable,now 1.8.0-3.1+b1 arm64 [installed]
  Near Field Communication (NFC) binaries

libnfc-dev/stable 1.8.0-3.1+b1 arm64
  Near Field Communication (NFC) library (development files)

libnfc-examples/stable 1.8.0-3.1+b1 arm64
  Near Field Communication (NFC) examples

libnfc-pn53x-examples/stable 1.8.0-3.1+b1 arm64
  Near Field Communication (NFC) examples for PN53x chips only

libnfc6/stable,now 1.8.0-3.1+b1 arm64 [installed,automatic]
  Near Field Communication (NFC) library

libnginx-mod-http-auth-pam/stable 1:1.5.5-3 arm64
  PAM authentication module for Nginx

libngspice0/stable 44.2+ds-1 arm64
  Spice circuit simulator - library

libngspice0-dev/stable 44.2+ds-1 arm64
  Spice circuit simulator - development files for libngspice

libnice-dev/stable 0.1.22-1 arm64
  ICE library (development files)

libnice-doc/stable 0.1.22-1 all
  ICE library (documentation)

libnice10/stable 0.1.22-1 arm64
  ICE library (shared library)

libnitrokey-common/stable 3.7-3 all
  architecture independent files for libnitrokey

libnitrokey-dev/stable 3.7-3+b1 arm64
  library to communicate with Nitrokey stick devices (development)

libnitrokey3/stable 3.7-3+b1 arm64
  library to communicate with Nitrokey stick devices

libnjb-dev/stable 2.2.7~dfsg0-5.1+b2 arm64
  Creative Labs Nomad Jukebox library development files

libnjb-doc/stable 2.2.7~dfsg0-5.1 all
  Creative Labs Nomad Jukebox library documentation

libnjb-tools/stable 2.2.7~dfsg0-5.1+b2 arm64
  Creative Labs Nomad Jukebox library tools

libnjb5/stable 2.2.7~dfsg0-5.1+b2 arm64
  Creative Labs Nomad Jukebox library

libnm-dev/stable 1.52.1-1 arm64
  GObject-based client library for NetworkManager (development files)

libnm0/stable 1.52.1-1 arm64
  GObject-based client library for NetworkManager

libnng-dev/stable 1.10.1-2 arm64
  Lightweight Messaging Library - development

libnng-doc/stable 1.10.1-2 all
  Lightweight Messaging Library - HTML documentation

libnng1/stable 1.10.1-2 arm64
  Lightweight Messaging Library - shared library

libnode-dev/stable 20.19.2+dfsg-1+deb13u2 arm64
  evented I/O for V8 javascript (development files)

libnode115/stable 20.19.2+dfsg-1+deb13u2 arm64
  evented I/O for V8 javascript - runtime library

libnodelet-dev/stable 1.11.1-1+b1 arm64
  Robot OS nodelet library - service header files

libnorm-dev/stable 1.5.9+dfsg-3.1+b2 arm64
  NACK-Oriented Reliable Multicast (NORM) library (development files)

libnorm-doc/stable 1.5.9+dfsg-3.1 all
  NACK-Oriented Reliable Multicast (NORM) library (documentation)

libnorm1t64/stable 1.5.9+dfsg-3.1+b2 arm64
  NACK-Oriented Reliable Multicast (NORM) library

libnormaliz-dev/stable 3.10.4+ds-1 arm64
  math computing tools for affine monoids, rational polytopes and cones - libdev

libnormaliz-dev-common/stable 3.10.4+ds-1 all
  math computing tools for affine monoids, rational polytopes and cones - headers

libnormaliz3/stable 3.10.4+ds-1 arm64
  math computing tools for affine monoids, rational polytopes and cones - libs

libnozzle-dev/stable 1.31-1 arm64
  userland wrapper around kernel tap devices (developer files)

libnozzle1t64/stable 1.31-1 arm64
  userland wrapper around kernel tap devices

libns3-dev/stable 3.43-2 arm64
  Static and header files of ns-3

libns3.43/stable 3.43-2 arm64
  shared libraries of ns-3

libnss-cache/stable 0.22-1 arm64
  NSS module for using nsscache-generated files

libnss-db/stable 2.2.3pre1-10+b12 arm64
  NSS module for using Berkeley Databases as a naming service

libnss-docker/stable 0.02-1.1+b2 arm64
  nss module for finding Docker containers

libnss-extrausers/stable 0.6-6+b1 arm64
  nss module to have an additional passwd, shadow and group file

libnss-ldapd/stable 0.9.13-1 arm64
  NSS module for using LDAP as a naming service

libnss-mdns/stable 0.15.1-4+b1 arm64
  NSS module for Multicast DNS name resolution

libnss-myhostname/stable 257.13-1~deb13u1 arm64
  nss module providing fallback resolution for the current hostname

libnss-mymachines/stable 257.13-1~deb13u1 arm64
  nss module to resolve hostnames for local container instances

libnss-mysql/stable 1.6.1-2 arm64
  NSS module for using MySQL/MariaDB as a naming service

libnss-nis/stable 3.1-5+b1 arm64
  NSS module for using NIS as a naming service

libnss-nisplus/stable 1.3-5+b2 arm64
  NSS module for using NIS+ as a naming service

libnss-resolve/stable 257.13-1~deb13u1 arm64
  nss module to resolve names via systemd-resolved

libnss-sss/stable 2.10.1-2+b1 arm64
  Nss library for the System Security Services Daemon

libnss-sudo/stable 1.9.16p2-3+deb13u2 all
  NSS configuration for sudoers service

libnss-systemd/stable 257.13-1~deb13u1 arm64
  nss module providing dynamic user and group name resolution

libnss-winbind/stable 2:4.22.10+dfsg-0+deb13u1 arm64
  Samba nameservice integration plugins

libnss-wrapper/stable 1.1.16-1 arm64
  NSS wrapper library

libnss3/stable,now 2:3.110-1+deb13u3 arm64 [installed,automatic]
  Network Security Service libraries

libnss3-dev/stable 2:3.110-1+deb13u3 arm64
  Development files for the Network Security Service libraries

libnss3-tools/stable 2:3.110-1+deb13u3 arm64
  Network Security Service tools

libntl-dev/stable 11.5.1-1+b3 arm64
  Number Theory Library, development files

libntl44/stable 11.5.1-1+b3 arm64
  Number Theory Library, shared library

libntru-0.5/stable 0.5-3+b1 arm64
  C implementation of the public-key encryption scheme NTRUEncrypt

libntru-0.5-dev/stable 0.5-3+b1 arm64
  C implementation of the public-key encryption scheme NTRUEncrypt

libntruprime1/stable 0~20241021-2 arm64
  microlibrary for Streamlined NTRU Prime - shared library

libnum-ocaml/stable 1.5-1+b3 arm64
  library for arbitrary-precision and rational arithmetic (runtime)

libnum-ocaml-dev/stable 1.5-1+b3 arm64
  library for arbitrary-precision and rational arithmetic (development)

libnumbertext-1.0-0/stable 1.0.11-4+b2 arm64
  Number to number name and money text conversion library

libnumbertext-data/stable 1.0.11-4 all
  Number to number name and money text conversion library -- data files

libnumbertext-dev/stable 1.0.11-4+b2 arm64
  Number to number name and money text conversion library -- development

libnumbertext-java/stable 1.0.11-4 all
  Number to number name and money text conversion library for Java

libnumbertext-tools/stable 1.0.11-4+b2 arm64
  Number to number name and money text conversion library -- speller utility

libnvidia-egl-wayland-dev/stable 1:1.1.18-1 arm64
  Wayland EGL External Platform library -- development files

libnvidia-egl-wayland1/stable 1:1.1.18-1 arm64
  Wayland EGL External Platform library -- shared library

libnvme-dev/stable 1.13-2 arm64
  NVMe management library (development)

libnvme1t64/stable 1.13-2 arm64
  NVMe management library (library)

libnxt/stable 0.5.2-1 arm64
  utility library for talking to the LEGO Mindstorms NXT brick

libobus-ocaml/stable 1.2.5-1+b9 arm64
  pure OCaml implementation of D-Bus (runtime)

libobus-ocaml-bin/stable 1.2.5-1+b9 arm64
  pure OCaml implementation of D-Bus (command-line tools)

libobus-ocaml-dev/stable 1.2.5-1+b9 arm64
  pure OCaml implementation of D-Bus (development files)

libocamlgraph-ocaml-dev/stable 2.1.0-3+b3 arm64
  graph library for OCaml

libocct-foundation-7.8/stable 7.8.1+dfsg1-3 arm64
  OCCT module underlying all other OCCT classes

libocct-ocaf-7.8/stable 7.8.1+dfsg1-3 arm64
  Open CASCADE Technology application-specific data and functionality

libocct-visualization-7.8/stable 7.8.1+dfsg1-3 arm64
  Open CASCADE Technology graphical data visualization module

libofa0/stable 0.9.3-21+b3 arm64
  library for acoustic fingerprinting

libofa0-dev/stable 0.9.3-21+b3 arm64
  library for acoustic fingerprinting (development files)

libofapi-dev/stable 0git20070620-9+b2 arm64
  OpenFirmware device-tree parsing library - development files

libofapi-example/stable 0git20070620-9 all
  OpenFirmware device-tree parsing library - example files

libofapi0/stable 0git20070620-9+b2 arm64
  OpenFirmware device-tree parsing library - runtime

libofficebean-java/stable 4:25.2.3-2+deb13u6 arm64
  generic Java Bean wrapper for LibreOffice components

liboggz2/stable 1.1.3-1 arm64
  convenience interface for Ogg stream I/O

libois-1.3.0v5/stable 1.3.0+dfsg0-7+b3 arm64
  Object Oriented Input System library (C++)

libois-dev/stable 1.3.0+dfsg0-7+b3 arm64
  Object Oriented Input System library (C++ development headers)

libole-storage-lite-perl/stable 0.22-1 all
  simple class for OLE document interface

libopencolorio-dev/stable 2.1.3+dfsg-1.2 arm64
  complete color management solution - development

libopencolorio2.1t64/stable 2.1.3+dfsg-1.2 arm64
  complete color management solution - runtime

libopencryptoki-dev/stable 3.23.0+dfsg-0.3+b2 arm64
  PKCS#11 implementation (development)

libopencryptoki0/stable 3.23.0+dfsg-0.3+b2 arm64
  PKCS#11 implementation (library)

libopendkim-dev/stable 2.11.0~beta2-9.1+b1 arm64
  DomainKeys Identified Mail (DKIM) library (development files)

libopendkim11/stable 2.11.0~beta2-9.1+b1 arm64
  DomainKeys Identified Mail (DKIM) library

libopenhft-affinity-java/stable 3.23.3-1 all
  OpenHFT Java Thread Affinity library

libopenhpi-dev/stable 3.8.0-2.3 arm64
  OpenHPI libraries (development files)

libopenhpi3/stable 3.8.0-2.3 arm64
  OpenHPI libraries (runtime and support files)

libopenigtlink-dev/stable 1.11.0-6 arm64
  Open IGT Link is a simple network protocol - development

libopenigtlink1.11/stable 1.11.0-6 arm64
  Open IGT Link is a simple network protocol - runtime

libopenimageio-dev/stable 2.5.18.0+dfsg-1+b1 arm64
  Library for reading and writing images - development

libopenimageio-doc/stable 2.5.18.0+dfsg-1 all
  Library for reading and writing images - documentation

libopenimageio2.5/stable 2.5.18.0+dfsg-1+b1 arm64
  Library for reading and writing images - runtime

libopenipmi-dev/stable 2.0.37-1 arm64
  Intelligent Platform Management Interface - development

libopenipmi0t64/stable 2.0.37-1 arm64
  Intelligent Platform Management Interface - runtime

libopeniscsiusr/stable 2.1.11-1+deb13u2 arm64
  iSCSI userspace library

libopeniscsiusr-dev/stable 2.1.11-1+deb13u2 all
  iSCSI userspace library headers

libopenjson-java/stable 1.0.13-1 all
  rewrite of the evil licensed json.org

libopenmesh-apps/stable 11.0.0-2+b1 arm64
  Tools for representing and manipulating polygonal meshes

libopenmesh-dev/stable 11.0.0-2+b1 arm64
  Tools for representing and manipulating polygonal meshes

libopenmesh-doc/stable 11.0.0-2 all
  Tools for representing and manipulating polygonal meshes

libopenmesh11.0/stable 11.0.0-2+b1 arm64
  Tools for representing and manipulating polygonal meshes

libopenni-dev/stable 1.5.4.0+dfsg-8 arm64
  headers for OpenNI 'Natural Interaction' frameworks

libopenni-java/stable 1.5.4.0+dfsg-8 arm64
  Java framework for sensor-based 'Natural Interaction'

libopenni-sensor-pointclouds-dev/stable 5.1.0.41.11-1+b4 arm64
  headers for Kinect sensor modules for the OpenNI framework

libopenni-sensor-pointclouds0/stable 5.1.0.41.11-1+b4 arm64
  Microsoft Kinect sensor modules for the OpenNI framework

libopenni0t64/stable 1.5.4.0+dfsg-8 arm64
  framework for sensor-based 'Natural Interaction'

libopenni2-0/stable 2.2.0.33+dfsg-18+b2 arm64
  framework for sensor-based 'Natural Interaction'

libopenni2-dev/stable 2.2.0.33+dfsg-18+b2 arm64
  headers for OpenNI 'Natural Interaction' frameworks

libopenobex2/stable 1.7.2-2.2+b1 arm64
  OBEX protocol library

libopenobex2-dev/stable 1.7.2-2.2+b1 arm64
  OBEX protocol library - development files

libopenoffice-oodoc-perl/stable 2.125-4 all
  module for working with Open Document Format files

libopenxr1-monado/stable 25.0.0+dfsg-2 arm64
  Monado implementation of the OpenXR API

libopenzwave-doc/stable 1.6.1914+ds2-3 all
  documentation for the openzwave library

libopenzwave1.6-dev/stable 1.6.1914+ds2-3 arm64
  header files for the openzwave library

libopenzwave1.6t64/stable 1.6.1914+ds2-3 arm64
  API to use a Z-Wave controller

libopus-dev/stable 1.5.2-2 arm64
  Opus codec library development files

libopus0/stable,now 1.5.2-2 arm64 [installed,automatic]
  Opus codec runtime library

liborcus-mso-0.18-0/stable 0.19.2-6+b1 arm64
  library for processing spreadsheet documents - MS Office encryption library

libosgi-annotation-java/stable 8.1.0-1 all
  Java OSGi API - annotation module

libosgi-annotation-java-doc/stable 8.1.0-1 all
  Javadoc for Java OSGi API - annotation module

libosgi-compendium-java/stable 7.0.0-1 all
  Java OSGi API - Compendium module

libosgi-compendium-java-doc/stable 7.0.0-1 all
  Javadoc for Java OSGi API - Compendium module

libosgi-core-java/stable 8.0.0-2 all
  Java OSGi API - Core module

libosgi-core-java-doc/stable 8.0.0-2 all
  Javadoc for Java OSGi API - Core module

libosgi-foundation-ee-java/stable 4.2.0-5 all
  Java OSGi API - Foundation Execution Environment

libosinfo-1.0-0/stable 1.12.0-2 arm64
  Library for managing information about operating systems and hypervisors

libosinfo-1.0-dev/stable 1.12.0-2 arm64
  libosinfo development files

libosinfo-bin/stable 1.12.0-2 arm64
  Tools for querying the osinfo database via libosinfo

libosinfo-l10n/stable 1.12.0-2 all
  Translations for libosinfo

libosip2-dev/stable 5.3.1-1.1+b1 arm64
  development files for the SIP library

libosmo-mgcp-client-dev/stable 1.14.0+dfsg1-2 arm64
  Osmocom's Media Gateway Control Protocol client utilities - development files

libosmo-mgcp-client14/stable 1.14.0+dfsg1-2 arm64
  Osmocom's Media Gateway Control Protocol client utilities

libosmo-sabp-dev/stable 1.7.0+dfsg1-2 arm64
  Osmocom code for the Iuh interface (SABP), development

libosmo-sabp1t64/stable 1.7.0+dfsg1-2 arm64
  Osmocom code for the Iuh interface (SABP), library

libostree-1-1/stable 2025.2-1 arm64
  content-addressed filesystem for operating system binaries (library)

libostree-dev/stable 2025.2-1 arm64
  Development files for the libostree library

libow-3.2-4t64/stable 3.2p4+dfsg1-6 arm64
  1-Wire File System full library

libow-dev/stable 3.2p4+dfsg1-6 arm64
  1-Wire File System (development files)

libow-perl/stable 3.2p4+dfsg1-6 arm64
  Dallas 1-wire support: Perl5 bindings

libow-php/stable 3.2p4+dfsg1-6 arm64
  Dallas 1-wire support: PHP bindings

libow-tcl/stable 3.2p4+dfsg1-6 arm64
  Dallas 1-wire support: Tcl bindings

libowcapi-3.2-4t64/stable 3.2p4+dfsg1-6 arm64
  1-Wire File System C library

libownet-3.2-4t64/stable 3.2p4+dfsg1-6 arm64
  owserver protocol library

libownet-dev/stable 3.2p4+dfsg1-6 arm64
  owserver protocol library (development files)

libownet-perl/stable 3.2p4+dfsg1-6 all
  Perl module for accessing 1-wire networks

libownet-php/stable 3.2p4+dfsg1-6 all
  Dallas 1-wire support: PHP OWNet library

libpacemaker30/stable 3.0.0-2 arm64
  cluster resource manager utility library

libpacketdump3-dev/stable 3.0.22-0.2+b1 arm64
  development headers for the libpacketdump library

libpacketdump3t64/stable 3.0.22-0.2+b1 arm64
  network packet parsing and human-readable display library

libpalm-pdb-perl/stable 1.400-3 all
  modules to parse Palm database files

libpam-barada/stable 0.5.3-1 arm64
  PAM module to provide two-factor authentication based on HOTP

libpam-ldapd/stable 0.9.13-1 arm64
  PAM module for using LDAP as an authentication service

libpam-mklocaluser/stable 0.20 all
  Configure PAM to create a local user if it does not exist already

libpam-ocaml/stable 1.1-6+b4 arm64
  OCaml bindings for the PAM library (runtime)

libpam-ocaml-dev/stable 1.1-6+b4 arm64
  OCaml bindings for the PAM library (development files)

libpam-poldi/stable 0.4.2+git20201120.5d67235-1 arm64
  PAM module allowing authentication using a OpenPGP smartcard

libpam-pwquality/stable 1.4.5-5 arm64
  PAM module to check password strength

libpam-sss/stable 2.10.1-2+b1 arm64
  Pam module for the System Security Services Daemon

libpam-systemd/stable,now 257.13-1~deb13u1 arm64 [installed,automatic]
  system and service manager - PAM module

libpam-u2f/stable 1.4.0-1 arm64
  universal 2nd factor (U2F) PAM module

libpam-ufpidentity/stable 1.0-1.1+b1 arm64
  PAM library for UFP identity

libpam-yubico/stable 2.27-1+b2 arm64
  two-factor password and YubiKey OTP PAM module

libpari-dev/stable 2.17.2-1 arm64
  PARI/GP Computer Algebra System development files

libpari-gmp-tls9/stable 2.17.2-1 arm64
  PARI/GP Computer Algebra System shared library

libparpack2t64/stable 3.9.1-6 arm64
  Parallel subroutines to solve large scale eigenvalue problems

libparse-edid-perl/stable 1.0.7-2 all
  extended display identification data (EDID) parser

libparse-errorstring-perl-perl/stable 0.27-3 all
  module for parsing error messages from the Perl interpreter

libparse-nessus-nbe-perl/stable 1.1-3 all
  module to extract specific data from Nessus NBE files

libparu1/stable 1:7.10.1+dfsg-1 arm64
  unsymmetric multifrontal multithreaded sparse LU factorization

libpath-utils-dev/stable 0.6.2-3 arm64
  Development files for libpath_utils

libpath-utils1t64/stable 0.6.2-3 arm64
  Filesystem Path Utilities

libpcaudio-dev/stable 1.3-1 arm64
  C API to different audio devices - development files

libpcaudio0/stable 1.3-1 arm64
  C API to different audio devices - shared library

libpci3/stable,now 1:3.13.0-2 arm64 [installed,automatic]
  PCI utilities (shared library)

libpciaccess-dev/stable 0.17-3+b3 arm64
  Generic PCI access library for X - development files

libpciaccess0/stable 0.17-3+b3 arm64
  Generic PCI access library for X

libpcp-gui2/stable 6.3.8-1 arm64
  Performance Co-Pilot graphical client tools library

libpcp3/stable 6.3.8-1 arm64
  Performance Co-Pilot library

libpcp3-dev/stable 6.3.8-1 arm64
  Performance Co-Pilot library and headers

libpdf-api2-perl/stable 2.047-1 all
  module for creating, modifying, and examining PDF files

libpdl-graphics-gnuplot-perl/stable 2.032-2 all
  gnuplot-based plotting backend for PDL

libpe-rules51/stable 3.0.0-2 arm64
  cluster resource manager Policy Engine rules library

libpe-status56/stable 3.0.0-2 arm64
  cluster resource manager Policy Engine status library

libperl-critic-community-perl/stable 1.0.4-1 all
  community-inspired Perl::Critic policies

libperl-critic-perl/stable 1.156-1 all
  Perl module to critique code for best practices

libperl-critic-policy-plicease-prohibitarrayassignaref-perl/stable 100.00-2 all
  Perl::Critic policy about not assigning an anonymous arrayref to an array

libperlbal-perl/stable 1.80-4 all
  Perlbal libraries; embed perlbal into another app

libpgm-5.3-0t64/stable 5.3.128~dfsg-2.1+b1 arm64
  OpenPGM shared library

libpgm-dev/stable 5.3.128~dfsg-2.1+b1 arm64
  OpenPGM development files

libpgplot0/stable 1.5.0-2 arm64
  PGPLOT replacement shared lib based on giza

libphosh-0.45-0/stable 0.46.0-3+deb13u1 arm64
  Pure Wayland shell for mobile devices - binding shared library

libphosh-0.45-dev/stable 0.46.0-3+deb13u1 arm64
  Pure Wayland shell for mobile devices - binding development files

libphp-serialization-perl/stable 0.34-4 all
  Perl module to manipulate serialized PHP data structures

libpicocontainer-java/stable 2.15+repack-3 all
  Java library implementing the Dependency Injection pattern

libpicocontainer-java-doc/stable 2.15+repack-3 all
  Java library implementing the Dependency Injection pattern -- docs

libpicocontainer1-java/stable 1.3-4 all
  Java library implementing the Dependency Injection pattern

libpipewire-0.3-0t64/stable,now 1.4.2-1 arm64 [installed,automatic]
  libraries for the PipeWire multimedia server

libpipewire-0.3-common/stable 1.4.2-1 all
  libraries for the PipeWire multimedia server - common files

libpipewire-0.3-dev/stable 1.4.2-1 arm64
  libraries for the PipeWire multimedia server - development

libpipewire-0.3-modules/stable,now 1.4.2-1 arm64 [installed,automatic]
  libraries for the PipeWire multimedia server - modules

libpipewire-0.3-modules-x11/stable 1.4.2-1 arm64
  libraries for the PipeWire multimedia server - X11 modules

libpipewire-0.3-modules-xrdp/stable 0.2-2+b1 arm64
  libraries for the PipeWire multimedia server - xrdp modules

libpixels-java/stable 2.1.3+svn.42-3 all
  manipulation and filtering of images in Java

libplasma-geolocation-interface-dev/stable 4:6.3.4-1 arm64
  development files for the Plasma geolocation library

libplasma-geolocation-interface6/stable 4:6.3.4-1 arm64
  Plasma geolocation library

libplist++-2.0-4/stable 2.6.0-2+b1 arm64
  C++ Library for handling Apple binary and XML property lists

libplist++-dev/stable 2.6.0-2+b1 arm64
  C++ library for handling Apple binary and XML property lists - dev files

libplist-2.0-4/stable 2.6.0-2+b1 arm64
  Library for handling Apple binary and XML property lists

libplist-dev/stable 2.6.0-2+b1 arm64
  Library for handling Apple binary and XML property lists - development files

libplist-doc/stable 2.6.0-2 all
  Library for handling Apple binary and XML property lists - docs

libplist-utils/stable 2.6.0-2+b1 arm64
  Apple property list converter

libplot-dev/stable 2.6-14+b3 arm64
  GNU plotutils libraries (development files)

libplot2c2/stable 2.6-14+b3 arm64
  GNU plotutils libraries

libploticus0/stable 2.42-8 arm64
  script driven business graphics library

libploticus0-dev/stable 2.42-8 arm64
  Development files for the ploticus library

libpnetcdf-dev/stable 1.14.0-2 arm64
  Development files for the parallel netCDF library

libpod-weaver-section-legal-complicated-perl/stable 1.23-1 all
  Pod::Weaver plugin for per module authors, copyright holders, and license

libpoe-component-client-ident-perl/stable 1.16-2 all
  POE component that provides non-blocking ident lookups

libpolled-camera0t64/stable 1.12.0-14+b5 arm64
  Robot OS polled_camera package

libpolylib64-8t64/stable 5.22.5-4.2+dfsg+b1 arm64
  Polyhedral library - long int version

libpolylib64-dev/stable 5.22.5-4.2+dfsg+b1 arm64
  Development files for the long int version of PolyLib

libponapi-client-perl/stable 0.002012-2 all
  client to a JSON:API v1.0 service

libportal-dev/stable 0.9.1-1 arm64
  Flatpak portal library (development files)

libportal-doc/stable 0.9.1-1 all
  Flatpak portal library (documentation)

libportal-gtk3-1/stable 0.9.1-1 arm64
  Flatpak portal library for GTK 3 GUIs

libportal-gtk3-dev/stable 0.9.1-1 arm64
  Flatpak portal library (development files for GTK 3)

libportal-gtk4-1/stable 0.9.1-1 arm64
  Flatpak portal library for GTK 4 GUIs

libportal-gtk4-dev/stable 0.9.1-1 arm64
  Flatpak portal library (development files for GTK 4)

libportal-qt5-1/stable 0.9.1-1 arm64
  Flatpak portal library for Qt 5 GUIs

libportal-qt5-dev/stable 0.9.1-1 arm64
  Flatpak portal library (development files for Qt 5)

libportal-tests-gtk3/stable 0.9.1-1 arm64
  Flatpak portal library (test program for GTK 3)

libportal-tests-gtk4/stable 0.9.1-1 all
  Flatpak portal library (test program for GTK 4)

libportal-tests-qt5/stable 0.9.1-1 arm64
  Flatpak portal library (test program for Qt)

libportal1/stable 0.9.1-1 arm64
  Flatpak portal library - non-GUI part

libpowerdevilcore2/stable 4:6.3.6-1 arm64
  shared library for the KDE power management features in Plasma

libprogress-any-output-termprogressbarcolor-perl/stable 0.249-1 all
  module to output progress to terminal as color bar

libprometheus-cpp-core1.0/stable 1.0.2-2+b3 arm64
  Prometheus Client Library for Modern C++ (core metrics)

libprometheus-cpp-pull1.0/stable 1.0.2-2+b3 arm64
  Prometheus Client Library for Modern C++ (pull support)

libprometheus-cpp-push1.0/stable 1.0.2-2+b3 arm64
  Prometheus Client Library for Modern C++ (push gateway support)

libprometheus-tiny-perl/stable 0.011-1 all
  tiny module to export monitoring metrics for Prometheus

libproxool-java/stable 0.9.1-12 all
  Java JDBC connection pool

libpugl-0-0/stable 0~svn32+dfsg0-6 arm64
  portable API for OpenGL graphical interfaces

libpulse-java/stable 2.4.7-2 all
  PulseAudio sound driver for Java

libpulse-jni/stable 2.4.7-2+b1 arm64
  PulseAudio sound driver for Java (JNI libraries)

libpuppetlabs-ring-middleware-clojure/stable 2.0.4-1 all
  common Ring middleware for Puppet projects

libpystring-dev/stable 1.1.4-2 arm64
  collection of C++ functions for Python's string class methods - development

libpystring0/stable 1.1.4-2 arm64
  collection of C++ functions for Python's string class methods - runtime

libqglviewer-dev-qt5/stable 2.8.0+dfsg1-2.1+b2 arm64
  OpenGL 3D viewer library based on Qt5 - development files

libqglviewer-doc/stable 2.8.0+dfsg1-2.1 all
  OpenGL 3D viewer library - documentation and examples

libqglviewer-headers/stable 2.8.0+dfsg1-2.1 all
  OpenGL 3D viewer library - header files

libqglviewer2-qt5t64/stable 2.8.0+dfsg1-2.1+b2 arm64
  OpenGL 3D viewer library based on Qt - runtime library

libqgpsmm-dev/stable 3.25-5+deb13u1 arm64
  Global Positioning System - Qt wrapper for libgps (development)

libqgpsmm30t64/stable 3.25-5+deb13u1 arm64
  Global Positioning System - Qt wrapper for libgps

libqoauth-dev/stable 2.0.1~1-3+b3 arm64
  Qt5-based OAuth implementation development headers

libqoauth2/stable 2.0.1~1-3+b3 arm64
  Qt5-based client implementation of the OAuth authorization scheme

libqpid-proton-j-extensions-java/stable 1.2.5-1 all
  Websocket extension of Qpid Proton-J

libqrcodegen-dev/stable 1.8.0-1.2+b2 arm64
  QR Code generator library in multiple languages - C development headers

libqrcodegen-java/stable 1.8.0-1.2 all
  QR Code generator library in multiple languages - Java version

libqrcodegen1/stable 1.8.0-1.2+b2 arm64
  QR Code generator library in multiple languages - C version

libqrcodegencpp-dev/stable 1.8.0-1.2+b2 arm64
  QR Code generator library in multiple languages - C++ development headers

libqrcodegencpp1/stable 1.8.0-1.2+b2 arm64
  QR Code generator library in multiple languages - C++ version

libqrtr-dev/stable 1.1-2+b1 arm64
  Userspace reference for QRTR -- development files

libqrtr1/stable 1.1-2+b1 arm64
  Userspace reference for QRTR -- shared libraries

libqscintilla2-qt5-15/stable 2.14.1+dfsg-1+b4 arm64
  Qt5 port of the Scintilla source code editing widget

libqscintilla2-qt6-15/stable 2.14.1+dfsg-1+b4 arm64
  Qt6 port of the Scintilla source code editing widget

libqt5dbus5t64/stable,now 5.15.15+dfsg-6+deb13u1 arm64 [installed,automatic]
  Qt 5 D-Bus module

libqt5feedback5-hfd/stable 0.2.3-1 arm64
  Qt feedback library extension for accessing the HFD service

libqt5gui5-gles/stable 5.15.15+dfsg-2 arm64
  Qt 5 GUI module — OpenGL ES variant

libqt5networkauth5/stable 5.15.15-3 arm64
  online account access for Qt apps - Library

libqt5networkauth5-dev/stable 5.15.15-3 arm64
  online account access for Qt apps - Development Files

libqt5quick5/stable,now 5.15.15+dfsg-3 arm64 [installed,automatic]
  Qt 5 Quick library

libqt5quick5-gles/stable 5.15.15+dfsg-2 arm64
  Qt 5 Quick library — OpenGL ES variant

libqt5quickparticles5-gles/stable 5.15.15+dfsg-2 arm64
  Qt 5 Quick particles module — OpenGL ES variant

libqt5serviceframework5t64/stable 5.0~git20230712.81e08ee+dfsg-3+b2 arm64
  Qt Systems module - service framework

libqt6dbus6/stable 6.8.2+dfsg-9+deb13u2 arm64
  Qt 6 D-Bus module

libqt6networkauth6/stable 6.8.2-4 arm64
  Qt 6 NetworkAuth library

libqt6quick6/stable 6.8.2+dfsg-7 arm64
  Qt 6 Quick library

libqtdbusmock1/stable 0.9.1-3 arm64
  Library for mocking DBus interactions using Qt

libqtdbusmock1-common/stable 0.9.1-3 all
  Library for mocking DBus interactions using Qt (common files)

libqtdbusmock1-dev/stable 0.9.1-3 arm64
  Library for mocking DBus interactions using Qt (development files)

libqtdbustest1/stable 0.3.3-1 arm64
  Library for testing DBus interactions using Qt

libqtdbustest1-dev/stable 0.3.3-1 arm64
  Library for testing DBus interactions using Qt (development files)

libqtqmlmodels-dev/stable 0~0.0-1+b3 arm64
  Additional list-type data models for QML apps

libqtqmlmodels0/stable 0~0.0-1+b3 arm64
  Additional list-type data models for QML apps

libquazip-doc/stable 0.9.1-5 all
  C++ wrapper for ZIP/UNZIP (documentation)

libquazip5-1t64/stable 0.9.1-5 arm64
  C++ wrapper for ZIP/UNZIP

libquazip5-dev/stable 0.9.1-5 arm64
  C++ wrapper for ZIP/UNZIP (development files)

librad0/stable 2.12.0-7+b1 arm64
  rapid application development library

librad0-tools/stable 2.12.0-7+b1 arm64
  tools for rapid application development library

libradsec-dev/stable 0.0.5-5.1+b2 arm64
  RADIUS library with RADSEC support

libradsec0t64/stable 0.0.5-5.1+b2 arm64
  RADIUS library supporting RADSEC

librandomconv-ocaml/stable 0.2.0-1+b3 arm64
  convert from random byte vectors to random native numbers (runtime files)

librandomconv-ocaml-dev/stable 0.2.0-1+b3 arm64
  convert from random byte vectors to random native numbers (dev files)

librapidfuzz-cpp-dev/stable 3.3.2-1 arm64
  Rapid fuzzy string matching library (C++ header files)

librapidfuzz-cpp-doc/stable 3.3.2-1 all
  Rapid fuzzy string matching library (C++ library documentation)

librbac-client-clojure/stable 1.1.5-3 all
  lightweight API clients for PE services

librbd-dev/stable 18.2.7+ds-1+deb13u1 arm64
  RADOS block device client library (development files)

librbd1/stable 18.2.7+ds-1+deb13u1 arm64
  RADOS block device client library

librbd1-dbg/stable 18.2.7+ds-1+deb13u1 arm64
  debugging symbols for librbd1

librbio4/stable 1:7.10.1+dfsg-1 arm64
  read/write sparse matrices in Rutherford/Boeing format

librbl-dev/stable 2.11.0~beta2-9.1+b1 arm64
  Real-time Blacklist (RBL) query library (development files)

librbl1/stable 2.11.0~beta2-9.1+b1 arm64
  Real-time Blacklist (RBL) query library

librc-dev/stable 0.56-1 arm64
  dependency based service manager (runtime development)

librc1t64/stable 0.56-1 arm64
  dependency based service manager (runtime library)

librcc-dev/stable 0.2.13+ds-2+b2 arm64
  RusXMMS Charset Conversion library (development files)

librcc-doc/stable 0.2.13+ds-2 all
  RusXMMS Charset Conversion library (documentation)

librcc0/stable 0.2.13+ds-2+b2 arm64
  RusXMMS Charset Conversion library

librccui0/stable 0.2.13+ds-2+b2 arm64
  RusXMMS Charset Conversion library (user interface)

librdmacm-dev/stable 56.1-1 arm64
  Development files for the librdmacm library

librdmacm1t64/stable 56.1-1 arm64
  Library for managing RDMA connections

libre-dev/stable 2.0.1-3 arm64
  generic library for real-time communications (development files)

libre1/stable 2.0.1-3 arm64
  generic library for real-time communications with async IO support

libre2j-java/stable 1.7+dfsg-1 all
  RE2/J: linear time regular expression matching in Java

libreadstat-dev/stable 1.1.9-4 arm64
  development files for libreadstat library

libreadstat1t64/stable 1.1.9-4 arm64
  read/write data sets from SAS, Stata, and SPSS - shared library

libref-array-dev/stable 0.6.2-3 arm64
  Development files for refcounted array for C

libref-array1t64/stable 0.6.2-3 arm64
  refcounted array for C

libregexp-optimizer-perl/stable 0.23-3 all
  modules for optimizing regular expressions

libregexp-pattern-license-perl/stable 3.11.2-1 all
  regular expressions for legal licenses

librem-ec-acpi-dkms/stable 0.9.2-3 all
  dkms driver sources for EC ACPI in Purism Librem devices

libreoffice/stable 4:25.2.3-2+deb13u6 arm64
  office productivity suite (metapackage)

libreoffice-base/stable 4:25.2.3-2+deb13u6 arm64
  office productivity suite -- database

libreoffice-base-core/stable 4:25.2.3-2+deb13u6 arm64
  office productivity suite -- shared library

libreoffice-base-drivers/stable 4:25.2.3-2+deb13u6 arm64
  Database connectivity drivers for LibreOffice

libreoffice-base-nogui/stable 4:25.2.3-2+deb13u6 arm64
  office productivity suite -- database (no GUI variant)

libreoffice-calc/stable 4:25.2.3-2+deb13u6 arm64
  office productivity suite -- spreadsheet

libreoffice-calc-nogui/stable 4:25.2.3-2+deb13u6 arm64
  office productivity suite -- spreadsheet (no GUI variant)

libreoffice-canzeley-client/stable 0.5.1-5 all
  LibreOffice Extension to organize a German Law Office

libreoffice-common/stable 4:25.2.3-2+deb13u6 all
  office productivity suite -- arch-independent files

libreoffice-core/stable 4:25.2.3-2+deb13u6 arm64
  office productivity suite -- arch-dependent files

libreoffice-core-nogui/stable 4:25.2.3-2+deb13u6 arm64
  office productivity suite -- arch-dependent files (no GUI variant)

libreoffice-dev/stable 4:25.2.3-2+deb13u6 arm64
  office productivity suite -- SDK -- architecture-dependent parts

libreoffice-dev-common/stable 4:25.2.3-2+deb13u6 all
  office productivity suite -- SDK -- architecture-independent parts

libreoffice-dev-doc/stable 4:25.2.3-2+deb13u6 all
  office productivity suite -- SDK documentation

libreoffice-dev-gui/stable 4:25.2.3-2+deb13u6 arm64
  office productivity suite -- "GUI" development stuff

libreoffice-dmaths/stable 4.4.0.0+dfsg1-3 all
  Formula editing plug-in for LibreOffice Writer

libreoffice-draw/stable 4:25.2.3-2+deb13u6 arm64
  office productivity suite -- drawing

libreoffice-draw-nogui/stable 4:25.2.3-2+deb13u6 arm64
  office productivity suite -- drawing (no GUI variant)

libreoffice-evolution/stable 4:25.2.3-2+deb13u6 arm64
  office productivity suite -- Evolution addressbook support

libreoffice-gnome/stable 4:25.2.3-2+deb13u6 arm64
  office productivity suite -- GNOME integration

libreoffice-grammalecte/stable 2.1.2+ds2-3 all
  French spellchecker and grammar checker (LibreOffice extension)

libreoffice-gtk3/stable 4:25.2.3-2+deb13u6 arm64
  office productivity suite -- GTK+ 3 integration

libreoffice-gtk4/stable 4:25.2.3-2+deb13u6 arm64
  office productivity suite -- GTK 4 integration

libreoffice-h2orestart/stable 0.7.2-1 all
  LibreOffice import filter for Hancom HWP document

libreoffice-help-ca/stable 4:25.2.3-2+deb13u6 all
  office productivity suite -- Catalan help

libreoffice-help-common/stable 4:25.2.3-2+deb13u6 all
  office productivity suite -- common files for LibreOffice help

libreoffice-help-cs/stable 4:25.2.3-2+deb13u6 all
  office productivity suite -- Czech help

libreoffice-help-da/stable 4:25.2.3-2+deb13u6 all
  office productivity suite -- Danish help

libreoffice-help-de/stable 4:25.2.3-2+deb13u6 all
  office productivity suite -- German help

libreoffice-help-dz/stable 4:25.2.3-2+deb13u6 all
  office productivity suite -- Dzongkha help

libreoffice-help-el/stable 4:25.2.3-2+deb13u6 all
  office productivity suite -- Greek help

libreoffice-help-en-gb/stable 4:25.2.3-2+deb13u6 all
  office productivity suite -- English_british help

libreoffice-help-en-us/stable 4:25.2.3-2+deb13u6 all
  office productivity suite -- English_american help

libreoffice-help-es/stable 4:25.2.3-2+deb13u6 all
  office productivity suite -- Spanish help

libreoffice-help-et/stable 4:25.2.3-2+deb13u6 all
  office productivity suite -- Estonian help

libreoffice-help-eu/stable 4:25.2.3-2+deb13u6 all
  office productivity suite -- Basque help

libreoffice-help-fi/stable 4:25.2.3-2+deb13u6 all
  office productivity suite -- Finnish help

libreoffice-help-fr/stable 4:25.2.3-2+deb13u6 all
  office productivity suite -- French help

libreoffice-help-gl/stable 4:25.2.3-2+deb13u6 all
  office productivity suite -- Galician help

libreoffice-help-hi/stable 4:25.2.3-2+deb13u6 all
  office productivity suite -- Hindi help

libreoffice-help-hu/stable 4:25.2.3-2+deb13u6 all
  office productivity suite -- Hungarian help

libreoffice-help-id/stable 4:25.2.3-2+deb13u6 all
  office productivity suite -- Indonesian help

libreoffice-help-it/stable 4:25.2.3-2+deb13u6 all
  office productivity suite -- Italian help

libreoffice-help-ja/stable 4:25.2.3-2+deb13u6 all
  office productivity suite -- Japanese help

libreoffice-help-km/stable 4:25.2.3-2+deb13u6 all
  office productivity suite -- Khmer help

libreoffice-help-ko/stable 4:25.2.3-2+deb13u6 all
  office productivity suite -- Korean help

libreoffice-help-nl/stable 4:25.2.3-2+deb13u6 all
  office productivity suite -- Dutch help

libreoffice-help-om/stable 4:25.2.3-2+deb13u6 all
  office productivity suite -- Oromo help

libreoffice-help-pl/stable 4:25.2.3-2+deb13u6 all
  office productivity suite -- Polish help

libreoffice-help-pt/stable 4:25.2.3-2+deb13u6 all
  office productivity suite -- Portuguese help

libreoffice-help-pt-br/stable 4:25.2.3-2+deb13u6 all
  office productivity suite -- Portuguese_brazilian help

libreoffice-help-ru/stable 4:25.2.3-2+deb13u6 all
  office productivity suite -- Russian help

libreoffice-help-sk/stable 4:25.2.3-2+deb13u6 all
  office productivity suite -- Slovak help

libreoffice-help-sl/stable 4:25.2.3-2+deb13u6 all
  office productivity suite -- Slovenian help

libreoffice-help-sv/stable 4:25.2.3-2+deb13u6 all
  office productivity suite -- Swedish help

libreoffice-help-tr/stable 4:25.2.3-2+deb13u6 all
  office productivity suite -- Turkish help

libreoffice-help-vi/stable 4:25.2.3-2+deb13u6 all
  office productivity suite -- Vietnamese help

libreoffice-help-zh-cn/stable 4:25.2.3-2+deb13u6 all
  office productivity suite -- Chinese_simplified help

libreoffice-help-zh-tw/stable 4:25.2.3-2+deb13u6 all
  office productivity suite -- Chinese_traditional help

libreoffice-impress/stable 4:25.2.3-2+deb13u6 arm64
  office productivity suite -- presentation

libreoffice-impress-nogui/stable 4:25.2.3-2+deb13u6 arm64
  office productivity suite -- presentation (no GUI variant)

libreoffice-java-common/stable 4:25.2.3-2+deb13u6 all
  office productivity suite -- arch-independent Java support files

libreoffice-kf6/stable 4:25.2.3-2+deb13u6 arm64
  office productivity suite -- KDE Frameworks 6 integration

libreoffice-l10n-af/stable 4:25.2.3-2+deb13u6 all
  office productivity suite -- Afrikaans language package

libreoffice-l10n-am/stable 4:25.2.3-2+deb13u6 all
  office productivity suite -- Amharic language package

libreoffice-l10n-ar/stable 4:25.2.3-2+deb13u6 all
  office productivity suite -- Arabic language package

libreoffice-l10n-as/stable 4:25.2.3-2+deb13u6 all
  office productivity suite -- Assamese language package

libreoffice-l10n-ast/stable 4:25.2.3-2+deb13u6 all
  office productivity suite -- Asturian language package

libreoffice-l10n-be/stable 4:25.2.3-2+deb13u6 all
  office productivity suite -- Belarusian language package

libreoffice-l10n-bg/stable 4:25.2.3-2+deb13u6 all
  office productivity suite -- Bulgarian language package

libreoffice-l10n-bn/stable 4:25.2.3-2+deb13u6 all
  office productivity suite -- Bengali language package

libreoffice-l10n-br/stable 4:25.2.3-2+deb13u6 all
  office productivity suite -- Breton language package

libreoffice-l10n-bs/stable 4:25.2.3-2+deb13u6 all
  office productivity suite -- Bosnian language package

libreoffice-l10n-ca/stable 4:25.2.3-2+deb13u6 all
  office productivity suite -- Catalan language package

libreoffice-l10n-cs/stable 4:25.2.3-2+deb13u6 all
  office productivity suite -- Czech language package

libreoffice-l10n-cy/stable 4:25.2.3-2+deb13u6 all
  office productivity suite -- Welsh language package

libreoffice-l10n-da/stable 4:25.2.3-2+deb13u6 all
  office productivity suite -- Danish language package

libreoffice-l10n-de/stable 4:25.2.3-2+deb13u6 all
  office productivity suite -- German language package

libreoffice-l10n-dz/stable 4:25.2.3-2+deb13u6 all
  office productivity suite -- Dzongkha language package

libreoffice-l10n-el/stable 4:25.2.3-2+deb13u6 all
  office productivity suite -- Greek language package

libreoffice-l10n-en-gb/stable 4:25.2.3-2+deb13u6 all
  office productivity suite -- English_british language package

libreoffice-l10n-en-za/stable 4:25.2.3-2+deb13u6 all
  office productivity suite -- English_southafrican language package

libreoffice-l10n-eo/stable 4:25.2.3-2+deb13u6 all
  office productivity suite -- Esperanto language package

libreoffice-l10n-es/stable 4:25.2.3-2+deb13u6 all
  office productivity suite -- Spanish language package

libreoffice-l10n-et/stable 4:25.2.3-2+deb13u6 all
  office productivity suite -- Estonian language package

libreoffice-l10n-eu/stable 4:25.2.3-2+deb13u6 all
  office productivity suite -- Basque language package

libreoffice-l10n-fa/stable 4:25.2.3-2+deb13u6 all
  office productivity suite -- Farsi language package

libreoffice-l10n-fi/stable 4:25.2.3-2+deb13u6 all
  office productivity suite -- Finnish language package

libreoffice-l10n-fr/stable 4:25.2.3-2+deb13u6 all
  office productivity suite -- French language package

libreoffice-l10n-ga/stable 4:25.2.3-2+deb13u6 all
  office productivity suite -- Gaelic language package

libreoffice-l10n-gd/stable 4:25.2.3-2+deb13u6 all
  office productivity suite -- Scottish_gaelic language package

libreoffice-l10n-gl/stable 4:25.2.3-2+deb13u6 all
  office productivity suite -- Galician language package

libreoffice-l10n-gu/stable 4:25.2.3-2+deb13u6 all
  office productivity suite -- Gujarati language package

libreoffice-l10n-gug/stable 4:25.2.3-2+deb13u6 all
  office productivity suite -- Guarani language package

libreoffice-l10n-he/stable 4:25.2.3-2+deb13u6 all
  office productivity suite -- Hebrew language package

libreoffice-l10n-hi/stable 4:25.2.3-2+deb13u6 all
  office productivity suite -- Hindi language package

libreoffice-l10n-hr/stable 4:25.2.3-2+deb13u6 all
  office productivity suite -- Croatian language package

libreoffice-l10n-hu/stable 4:25.2.3-2+deb13u6 all
  office productivity suite -- Hungarian language package

libreoffice-l10n-hy/stable 4:25.2.3-2+deb13u6 all
  office productivity suite -- Armenian language package

libreoffice-l10n-id/stable 4:25.2.3-2+deb13u6 all
  office productivity suite -- Indonesian language package

libreoffice-l10n-in/stable 4:25.2.3-2+deb13u6 all
  office productivity suite -- Indic language packages

libreoffice-l10n-is/stable 4:25.2.3-2+deb13u6 all
  office productivity suite -- Icelandic language package

libreoffice-l10n-it/stable 4:25.2.3-2+deb13u6 all
  office productivity suite -- Italian language package

libreoffice-l10n-ja/stable 4:25.2.3-2+deb13u6 all
  office productivity suite -- Japanese language package

libreoffice-l10n-ka/stable 4:25.2.3-2+deb13u6 all
  office productivity suite -- Georgian language package

libreoffice-l10n-kk/stable 4:25.2.3-2+deb13u6 all
  office productivity suite -- Kazakh language package

libreoffice-l10n-km/stable 4:25.2.3-2+deb13u6 all
  office productivity suite -- Khmer language package

libreoffice-l10n-kmr/stable 4:25.2.3-2+deb13u6 all
  office productivity suite -- Kurmanji language package

libreoffice-l10n-kn/stable 4:25.2.3-2+deb13u6 all
  office productivity suite -- Kannada language package

libreoffice-l10n-ko/stable 4:25.2.3-2+deb13u6 all
  office productivity suite -- Korean language package

libreoffice-l10n-lt/stable 4:25.2.3-2+deb13u6 all
  office productivity suite -- Lithuanian language package

libreoffice-l10n-lv/stable 4:25.2.3-2+deb13u6 all
  office productivity suite -- Latvian language package

libreoffice-l10n-mk/stable 4:25.2.3-2+deb13u6 all
  office productivity suite -- Macedonian language package

libreoffice-l10n-ml/stable 4:25.2.3-2+deb13u6 all
  office productivity suite -- Malayalam language package

libreoffice-l10n-mn/stable 4:25.2.3-2+deb13u6 all
  office productivity suite -- Mongolian language package

libreoffice-l10n-mr/stable 4:25.2.3-2+deb13u6 all
  office productivity suite -- Marathi language package

libreoffice-l10n-nb/stable 4:25.2.3-2+deb13u6 all
  office productivity suite -- Norwegian_bokmal language package

libreoffice-l10n-ne/stable 4:25.2.3-2+deb13u6 all
  office productivity suite -- Nepalese language package

libreoffice-l10n-nl/stable 4:25.2.3-2+deb13u6 all
  office productivity suite -- Dutch language package

libreoffice-l10n-nn/stable 4:25.2.3-2+deb13u6 all
  office productivity suite -- Norwegian_nynorsk language package

libreoffice-l10n-nr/stable 4:25.2.3-2+deb13u6 all
  office productivity suite -- Ndebele language package

libreoffice-l10n-nso/stable 4:25.2.3-2+deb13u6 all
  office productivity suite -- Northern_sotho language package

libreoffice-l10n-oc/stable 4:25.2.3-2+deb13u6 all
  office productivity suite -- Occitan language package

libreoffice-l10n-om/stable 4:25.2.3-2+deb13u6 all
  office productivity suite -- Oromo language package

libreoffice-l10n-or/stable 4:25.2.3-2+deb13u6 all
  office productivity suite -- Odia language package

libreoffice-l10n-pa-in/stable 4:25.2.3-2+deb13u6 all
  office productivity suite -- Punjabi language package

libreoffice-l10n-pl/stable 4:25.2.3-2+deb13u6 all
  office productivity suite -- Polish language package

libreoffice-l10n-pt/stable 4:25.2.3-2+deb13u6 all
  office productivity suite -- Portuguese language package

libreoffice-l10n-pt-br/stable 4:25.2.3-2+deb13u6 all
  office productivity suite -- Portuguese_brazilian language package

libreoffice-l10n-ro/stable 4:25.2.3-2+deb13u6 all
  office productivity suite -- Romanian language package

libreoffice-l10n-ru/stable 4:25.2.3-2+deb13u6 all
  office productivity suite -- Russian language package

libreoffice-l10n-rw/stable 4:25.2.3-2+deb13u6 all
  office productivity suite -- Kinarwanda language package

libreoffice-l10n-si/stable 4:25.2.3-2+deb13u6 all
  office productivity suite -- Sinhala language package

libreoffice-l10n-sk/stable 4:25.2.3-2+deb13u6 all
  office productivity suite -- Slovak language package

libreoffice-l10n-sl/stable 4:25.2.3-2+deb13u6 all
  office productivity suite -- Slovenian language package

libreoffice-l10n-sr/stable 4:25.2.3-2+deb13u6 all
  office productivity suite -- Serbian language package

libreoffice-l10n-ss/stable 4:25.2.3-2+deb13u6 all
  office productivity suite -- Swazi language package

libreoffice-l10n-st/stable 4:25.2.3-2+deb13u6 all
  office productivity suite -- Southern_sotho language package

libreoffice-l10n-sv/stable 4:25.2.3-2+deb13u6 all
  office productivity suite -- Swedish language package

libreoffice-l10n-szl/stable 4:25.2.3-2+deb13u6 all
  office productivity suite -- Upper_silesian language package

libreoffice-l10n-ta/stable 4:25.2.3-2+deb13u6 all
  office productivity suite -- Tamil language package

libreoffice-l10n-te/stable 4:25.2.3-2+deb13u6 all
  office productivity suite -- Telugu language package

libreoffice-l10n-tg/stable 4:25.2.3-2+deb13u6 all
  office productivity suite -- Tajik language package

libreoffice-l10n-th/stable 4:25.2.3-2+deb13u6 all
  office productivity suite -- Thai language package

libreoffice-l10n-tl/stable 4:25.2.3-2+deb13u6 all
  office productivity suite -- Tagalog language package

libreoffice-l10n-tn/stable 4:25.2.3-2+deb13u6 all
  office productivity suite -- Tswana language package

libreoffice-l10n-tr/stable 4:25.2.3-2+deb13u6 all
  office productivity suite -- Turkish language package

libreoffice-l10n-ts/stable 4:25.2.3-2+deb13u6 all
  office productivity suite -- Tsonga language package

libreoffice-l10n-ug/stable 4:25.2.3-2+deb13u6 all
  office productivity suite -- Uighur language package

libreoffice-l10n-uk/stable 4:25.2.3-2+deb13u6 all
  office productivity suite -- Ukrainian language package

libreoffice-l10n-uz/stable 4:25.2.3-2+deb13u6 all
  office productivity suite -- Uzbek language package

libreoffice-l10n-ve/stable 4:25.2.3-2+deb13u6 all
  office productivity suite -- Venda language package

libreoffice-l10n-vi/stable 4:25.2.3-2+deb13u6 all
  office productivity suite -- Vietnamese language package

libreoffice-l10n-xh/stable 4:25.2.3-2+deb13u6 all
  office productivity suite -- Xhosa language package

libreoffice-l10n-za/stable 4:25.2.3-2+deb13u6 all
  office productivity suite -- South African language packages

libreoffice-l10n-zh-cn/stable 4:25.2.3-2+deb13u6 all
  office productivity suite -- Chinese_simplified language package

libreoffice-l10n-zh-tw/stable 4:25.2.3-2+deb13u6 all
  office productivity suite -- Chinese_traditional language package

libreoffice-l10n-zu/stable 4:25.2.3-2+deb13u6 all
  office productivity suite -- Zulu language package

libreoffice-librelogo/stable 4:25.2.3-2+deb13u6 all
  Logo-like programming language for LibreOffice

libreoffice-lightproof-en/stable 0.4.3+1.6-5 all
  Lightproof grammar checker for LibreOffice (English)

libreoffice-lightproof-hu/stable 1.6.2+1.6-5 all
  Lightproof grammar checker for LibreOffice (Hungarian)

libreoffice-lightproof-pt-br/stable 1:25.2.3-1 all
  Lightproof grammar checker for LibreOffice (Brazilian Portuguese)

libreoffice-lightproof-ru-ru/stable 0.3.4+1.6-5 all
  Lightproof grammar checker for LibreOffice (Russian)

libreoffice-math/stable 4:25.2.3-2+deb13u6 arm64
  office productivity suite -- equation editor

libreoffice-math-nogui/stable 4:25.2.3-2+deb13u6 arm64
  office productivity suite -- equation editor (no GUI variant)

libreoffice-nlpsolver/stable 4:0.9+LibO25.2.3-2+deb13u6 all
  "Solver for Nonlinear Programming" extension for LibreOffice

libreoffice-nogui/stable 4:25.2.3-2+deb13u6 arm64
  office productivity suite (metapackage, no GUI)

libreoffice-numbertext/stable 1.0.11-4 all
  number to number name and currency name conversion LO Calc Add-In

libreoffice-parlatype/stable 3.1.1-2 all
  LibreOffice Extension for Parlatype

libreoffice-plasma/stable 4:25.2.3-2+deb13u6 all
  office productivity suite -- some Plasma integration

libreoffice-qt5/stable 4:25.2.3-2+deb13u6 arm64
  office productivity suite -- Qt 5 integration

libreoffice-qt6/stable 4:25.2.3-2+deb13u6 arm64
  office productivity suite -- Qt 6 integration

libreoffice-report-builder/stable 4:25.2.3-2+deb13u6 all
  LibreOffice component for building database reports

libreoffice-report-builder-bin/stable 4:25.2.3-2+deb13u6 arm64
  LibreOffice component for building database reports -- libraries

libreoffice-report-builder-bin-nogui/stable 4:25.2.3-2+deb13u6 arm64
  LibreOffice component for building database reports -- libraries (no GUI variant)

libreoffice-script-provider-bsh/stable 4:25.2.3-2+deb13u6 all
  BeanShell script support provider for LibreOffice scripting framework

libreoffice-script-provider-js/stable 4:25.2.3-2+deb13u6 all
  JavaScript script support provider for LibreOffice scripting framework

libreoffice-script-provider-python/stable 4:25.2.3-2+deb13u6 all
  Python script support provider for LibreOffice scripting framework

libreoffice-sdbc-firebird/stable 4:25.2.3-2+deb13u6 arm64
  (embedded) Firebird SDBC driver for LibreOffice

libreoffice-sdbc-hsqldb/stable 4:25.2.3-2+deb13u6 arm64
  embedded HSQLDB SDBC driver for LibreOffice

libreoffice-sdbc-mysql/stable 4:25.2.3-2+deb13u6 arm64
  MariaDB/MySQL SDBC driver for LibreOffice

libreoffice-sdbc-postgresql/stable 4:25.2.3-2+deb13u6 arm64
  PostgreSQL SDBC driver for LibreOffice

libreoffice-smoketest-data/stable 4:25.2.3-2+deb13u6 all
  data files for LibreOffices "smoketest"

libreoffice-style-breeze/stable 4:25.2.3-2+deb13u6 all
  office productivity suite -- Breeze symbol style

libreoffice-style-colibre/stable 4:25.2.3-2+deb13u6 all
  office productivity suite -- colibre symbol style

libreoffice-style-elementary/stable 4:25.2.3-2+deb13u6 all
  office productivity suite -- Elementary symbol style

libreoffice-style-karasa-jaga/stable 4:25.2.3-2+deb13u6 all
  office productivity suite -- Karasa Jaga symbol style

libreoffice-style-sifr/stable 4:25.2.3-2+deb13u6 all
  office productivity suite -- Sifr symbol style

libreoffice-style-sukapura/stable 4:25.2.3-2+deb13u6 all
  office productivity suite -- Sukapura symbol style

libreoffice-subsequentcheckbase/stable 4:25.2.3-2+deb13u6 all
  LibreOffice java test libraries

libreoffice-texmaths/stable 0.49-1.1~deb13u1 all
  TexMaths is a LaTeX equation editor for LibreOffice

libreoffice-uiconfig-base/stable 4:25.2.3-2+deb13u6 all
  UI data ("config") for LibreOffice Base

libreoffice-uiconfig-calc/stable 4:25.2.3-2+deb13u6 all
  UI data ("config") for LibreOffice Calc

libreoffice-uiconfig-common/stable 4:25.2.3-2+deb13u6 all
  UI data ("config") for LibreOffice ("common" set)

libreoffice-uiconfig-draw/stable 4:25.2.3-2+deb13u6 all
  UI data ("config") for LibreOffice Draw

libreoffice-uiconfig-impress/stable 4:25.2.3-2+deb13u6 all
  UI data ("config") for LibreOffice Impress

libreoffice-uiconfig-math/stable 4:25.2.3-2+deb13u6 all
  UI data ("config") for LibreOffice Math

libreoffice-uiconfig-report-builder/stable 4:25.2.3-2+deb13u6 all
  UI data ("config") for the LibreOffice Report Builder

libreoffice-uiconfig-writer/stable 4:25.2.3-2+deb13u6 all
  UI data ("config") for LibreOffice Writer

libreoffice-voikko/stable 5.0-4+b1 arm64
  Spellchecker, grammar checker and hyphenator for LibreOffice

libreoffice-wiki-publisher/stable 4:1.2.0+LibO25.2.3-2+deb13u6 all
  LibreOffice extension for working with MediaWiki articles

libreoffice-writer/stable 4:25.2.3-2+deb13u6 arm64
  office productivity suite -- word processor

libreoffice-writer-nogui/stable 4:25.2.3-2+deb13u6 arm64
  office productivity suite -- word processor (no GUI variant)

libreoffice-writer2latex/stable 1.4-11 all
  Writer/Calc to LaTeX converter extension for LibreOffice

libreoffice-writer2xhtml/stable 1.4-11 all
  Writer/Calc to XHTML converter extension for LibreOffice

libreoffice-zemberek/stable 1.0~rc2-12 all
  Turkish spell checker extension for LibreOffice

libreofficekit-data/stable 4:25.2.3-2+deb13u6 all
  common data for LOKDocView

libreofficekit-dev/stable 4:25.2.3-2+deb13u6 all
  LibreOfficeKit -- headers

libreofficekit-dev-gtk/stable 4:25.2.3-2+deb13u6 arm64
  LibreOfficeKit -- Gtk header and introspection development

librepfunc1/stable 1.10.0-1+b1 arm64
  set of C++ classes and utilities for building multimedia tools

libresample1/stable 0.1.3-8 arm64
  real-time audio resampling library - shared libraries

libresample1-dev/stable 0.1.3-8 arm64
  real-time audio resampling library - development files

librest-1.0-0/stable 0.9.1-6+b2 arm64
  REST service access library

librest-dev/stable 0.9.1-6+b2 arm64
  REST service access library (development headers)

librest-doc/stable 0.9.1-6 all
  REST service access library (documentation)

librest-extras-1.0-0/stable 0.9.1-6+b2 arm64
  REST service access library extra components

librest-extras-dev/stable 0.9.1-6+b2 arm64
  REST service access library extra components (development headers)

libresteasy3.0-java/stable 3.0.26-6 all
  RESTEasy 3.0 -- Framework for RESTful Web services and Java applications

librgw-dev/stable 18.2.7+ds-1+deb13u1 arm64
  RADOS client library (development files)

librgw2/stable 18.2.7+ds-1+deb13u1 arm64
  RADOS Gateway client library

librgw2-dbg/stable 18.2.7+ds-1+deb13u1 arm64
  debugging symbols for librbd1

librobert-hooke-clojure/stable 1.3.0-4 all
  Function wrapper library for Clojure

librocblas-dev/stable 5.5.1+dfsg-7 arm64
  ROCm library for basic linear algebra - headers

librocblas-doc/stable 5.5.1+dfsg-7 all
  ROCm library for basic linear algebra - documentation

librocblas0/stable 5.5.1+dfsg-7 arm64
  ROCm library for basic linear algebra - library

librocblas0-bench/stable 5.5.1+dfsg-7 arm64
  ROCm library for basic linear algebra - benchmarks

librocblas0-tests/stable 5.5.1+dfsg-7 arm64
  ROCm library for basic linear algebra - tests

librocblas0-tests-data/stable 5.5.1+dfsg-7 all
  ROCm library for basic linear algebra - test data

librocksdb-dev/stable 9.10.0-1 arm64
  persistent Key-Value Store for Flash and RAM Storage (development)

librocksdb9.10/stable 9.10.0-1 arm64
  persistent Key-Value Store for Flash and RAM Storage

libroscpp-dev/stable 1.17.0+ds-2+b5 arm64
  Robot OS development files for libroscpp

libroscpp-msg-dev/stable 1.17.0+ds-2+b5 arm64
  Robot OS header for roscpp messages

libroscpp4t64/stable 1.17.0+ds-2+b5 arm64
  Robot OS client library

librpma-dev/stable 1.3.0-2+b3 arm64
  remote pmem access library (headers)

librpma0/stable 1.3.0-2+b3 arm64
  remote pmem access library (runtime)

librsb-dev/stable 1.3.0.2+dfsg-7 arm64
  shared-memory Sparse BLAS library using the RSB matrix format (development)

librsb-doc/stable 1.3.0.2+dfsg-7 all
  shared-memory Sparse BLAS library using the RSB matrix format (documentation)

librsb-tools/stable 1.3.0.2+dfsg-7 arm64
  shared-memory Sparse BLAS library using the RSB matrix format (tools)

librsb0t64/stable 1.3.0.2+dfsg-7 arm64
  shared-memory Sparse BLAS library using the RSB matrix format

librsplib-dev/stable 3.4.4-1.1+b2 arm64
  headers of the RSerPool client/server API library rsplib

librsplib3t64/stable 3.4.4-1.1+b2 arm64
  RSerPool client/server API library for session management

librtaudio7/stable 6.0.1~ds-2+b1 arm64
  C++ library for realtime audio input/ouput

librte-net-ice25/stable 24.11.4-0+deb13u1 arm64
  Data Plane Development Kit (librte-net-ice runtime library)

librtmidi7/stable 6.0.0-2+b1 arm64
  C++ library for realtime MIDI input/ouput

librunapp-perl/stable 0.13-3 all
  generic module to run web-applications

librust-actix-http-dev/stable 3.9.0-3 arm64
  HTTP types and services for the Actix ecosystem - Rust source code

librust-actix-service-dev/stable 2.0.2-1+b1 arm64
  Service trait and combinators for representing asynchronous request/response operations - Rust source code

librust-arrayref-dev/stable 0.3.9-1 arm64
  Macros to take array references of slices - Rust source code

librust-as-slice-dev/stable 0.2.1-1+b2 arm64
  `AsSlice` and `AsMutSlice` traits - Rust source code

librust-atoi-dev/stable 2.0.0-1+b2 arm64
  Parse integers directly from `[u8]` slices in safe code - Rust source code

librust-axum-core-dev/stable 0.4.5+0.7.9-13 all
  core types and traits for the web framework axum - Rust source code

librust-axum-dev/stable 0.7.9-13 all
  ergonomic and modular web framework - Rust source code

librust-axum-extra-dev/stable 0.9.6+0.7.9-13 all
  extra utilities for the web framework axum - Rust source code

librust-axum-macros-dev/stable 0.4.2+0.7.9-13 all
  macros for the web framework axum - Rust source code

librust-bincode-dev/stable 1.3.3-1+b2 arm64
  Binary serialization / deserialization strategy that uses Serde for transforming structs into bytes and vice versa! - Rust source code

librust-bitreader-dev/stable 0.3.7-1+b2 arm64
  BitReader helps reading individual bits from a slice of bytes - Rust source code

librust-bitter-dev/stable 0.7.0-1 arm64
  Swiftly extracts unaligned bit-level data from a byte slice - Rust source code

librust-bmap-parser-dev/stable 0.2.0-1 arm64
  Rust that allows you to copy files or flash block devices safely - Rust source code

librust-brotli-decompressor-dev/stable 4.0.1-1 arm64
  Brotli decompressor library avoiding the rust stdlib - Rust source code

librust-brotli-dev/stable 6.0.0-1+b6 arm64
  Compressor and decompressor for brotli written in rust - Rust source code

librust-btoi-dev/stable 0.4.3-1+b3 arm64
  Parse integers directly from ASCII byte slices - Rust source code

librust-byte-slice-cast-dev/stable 1.2.2-1 arm64
  Safely cast bytes slices from/to slices of built-in fundamental numeric types - Rust source code

librust-bytecount-dev/stable 0.6.7-1+b2 arm64
  Count bytes or UTF-8 codepoints in a byte slice - Rust source code

librust-bytelines-dev/stable 2.4.0-1+b2 arm64
  Read input lines as byte slices for high efficiency - Rust source code

librust-byteorder-slice-dev/stable 3.0.0-1+b3 arm64
  Byteorder like crate for &[u8] - Rust source code

librust-cast-sender-dev/stable 0.2.0-2 arm64
  Fully asynchronous implementation of the Google Cast CASTV2 protocol, allowing communication with receivers such as Chromecast or Google TV devices - Rust source code

librust-colorchoice-dev/stable 1.0.0-1+b3 arm64
  Global override of color control - Rust source code

librust-concat-string-dev/stable 1.0.1-2 arm64
  Provides macros for concatenating string slices into owned strings - Rust source code

librust-defmt-dev/stable 0.3.10-2 arm64
  Highly efficient logging framework that targets resource-constrained devices, like microcontrollers - Rust source code

librust-device-tree-dev/stable 1.1.0-1+b2 arm64
  Reads and parses Linux device tree images - Rust source code

librust-devicemapper-dev/stable 0.34.4-1+b2 arm64
  Using Linux device mapper - Rust source code

librust-devicemapper-sys-dev/stable 0.3.0-1+b2 arm64
  Low level bindings for devicemapper - Rust source code

librust-diff-dev/stable 0.1.13-1 arm64
  LCS based slice and string diffing implementation - Rust source code

librust-enum-to-u8-slice-derive-dev/stable 0.2.0-1+b2 arm64
  Simple fork of enum_to_str_derive (by @DCjanus), convert enum to u8 slice ref - Rust source code

librust-erbium-core-dev/stable 1.0.5-6+b1 arm64
  Network services for small/home networks - Core code - Rust source code

librust-erbium-net-dev/stable 1.0.5-8 arm64
  Network services for small/home networks - Low level networking abstractions - Rust source code

librust-evdev-rs-dev/stable 0.6.1-2 arm64
  Bindings to libevdev for interacting with evdev devices - Rust source code

librust-fips203-dev/stable 0.4.3-1 arm64
  ML-KEM (Module-Lattice-Based Key-Encapsulation Mechanism) - Rust source code

librust-gtk-rs-lgpl-docs-dev/stable 0.1.12-2+b2 arm64
  LGPL-licensed docs for Gtk-rs crates - Rust source code

librust-hamming-dev/stable 0.1.3-1+b2 arm64
  Count ones, fast (aka popcount, hamming weight) - Rust source code

librust-hex-fmt-dev/stable 0.3.0-1+b3 arm64
  Formatting and shortening byte slices as hexadecimal strings - Rust source code

librust-hex-slice-dev/stable 0.1.4-1+b2 arm64
  Extends the std::fmt::*Hex traits to slices - Rust source code

librust-hexplay-dev/stable 0.2.1-1+b2 arm64
  Format u8 slices like an hex editor - Rust source code

librust-human-panic-dev/stable 2.0.2-2 arm64
  panic messages for humans - Rust source code

librust-line-col-dev/stable 0.2.1-1+b2 arm64
  Convert string slice indices into line/column numbers - Rust source code

librust-loopdev-dev/stable 0.4.0-6 arm64
  Setup and control loop devices - Rust source code

librust-matrixmultiply-dev/stable 0.3.9-1 arm64
  General matrix multiplication for f32 and f64 matrices - Rust source code

librust-mdns-sd-dev/stable 0.13.3-1 arm64
  MDNS Service Discovery library with no async runtime dependency - Rust source code

librust-nbd-dev/stable 0.3.1-1 arm64
  NBD (network block device) servers and clients - Rust source code

librust-non-zero-byte-slice-dev/stable 0.1.0-1+b2 arm64
  Openssh mux client - Rust source code

librust-nusb-dev/stable 0.1.13-1 arm64
  Cross-platform low-level access to USB devices in pure Rust - Rust source code

librust-oo7-dev/stable 0.3.3-6 arm64
  Secret Service provider - Rust source code

librust-pamsm-dev/stable 0.5.2-1+b2 arm64
  Rust wrappers around PAM Service Modules functions - Rust source code

librust-parsec-interface-dev/stable 0.29.1-2 arm64
  Library implementing the Parsec wire protocol - Rust source code

librust-parsec-service-dev/stable 1.4.1-3+b2 arm64
  Abstraction layer for secure storage and operations - Rust source code

librust-parsec-tool-dev/stable 0.7.0-7+b1 arm64
  Command line tool to communicate with the Parsec service - Rust source code

librust-partition-identity-dev/stable 0.3.0-1+b3 arm64
  Find the ID of a device by its path, or find a device path by its ID - Rust source code

librust-pretty-hex-dev/stable 0.4.1-1 arm64
  Pretty hex dump of bytes slice in the common style - Rust source code

librust-qrcode-generator-dev/stable 4.1.9-3 arm64
  Generate QR Code matrices and images in RAW, PNG and SVG formats - Rust source code

librust-rgb-dev/stable 0.8.50-1+b1 arm64
  `struct RGB/RGBA/etc.` for sharing pixels between crates + convenience methods for color manipulation - Rust source code

librust-rusb-dev/stable 0.9.4-1 arm64
  Accessing USB devices - Rust source code

librust-sd-notify-dev/stable 0.4.1-2+b2 arm64
  Lightweight crate for systemd service state notifications - Rust source code

librust-sequoia-net-dev/stable 0.30.0-1 arm64
  Network services for OpenPGP - Rust source code

librust-slice-group-by-dev/stable 0.3.1-5 all
  iterators over groups in slices and strs - Rust source code

librust-slice-ring-buffer-dev/stable 0.3.4-4 arm64
  Double-ended queue that Deref's into a slice - Rust source code

librust-smtp-proto-dev/stable 0.1.5-3 all
  SMTP protocol parser - Rust source code

librust-str-indices-dev/stable 0.4.3-1+b2 arm64
  Count and convert between indexing schemes on string slices - Rust source code

librust-strsim-0.10-dev/stable 0.10.0-4 arm64
  Implementations of string similarity metrics - Rust source code

librust-strsim-dev/stable 0.11.1-1 arm64
  Implementations of string similarity metrics - Rust source code

librust-thin-slice-dev/stable 0.1.1-1+b2 arm64
  Owned slice that packs the slice storage into a single word - Rust source code

librust-tonic-build-dev/stable 0.12.3+dfsg-4 all
  codegen module of tonic gRPC implementation - Rust source code

librust-tower-layer-dev/stable 0.3.3-1 arm64
  Decorates a `Service` to allow easy composition between `Service`s - Rust source code

librust-tower-service-dev/stable 0.3.3-1 arm64
  Trait representing asynchronous client or server - Rust source code

librust-tower-test-dev/stable 0.4.0-1+b2 arm64
  Utilities for writing client and server `Service` tests - Rust source code

librust-usb-disk-probe-dev/stable 0.2.0-1+b2 arm64
  Provides a stream type which can be used to probe for USB storage devices in the system - Rust source code

librust-vhost-user-backend-dev/stable 0.17.0-1 arm64
  Framework to build vhost-user backend service daemon - Rust source code

librust-virtiofsd-dev/stable 1.13.2-1+deb13u1 arm64
  Virtio-fs vhost-user device daemon - Rust source code

librust-vm-superio-dev/stable 0.7.0-2+b2 arm64
  Emulation for legacy devices - Rust source code

librust-wu-diff-dev/stable 0.1.2-1+b2 arm64
  Compute differences between two slices using wu(the O(NP)) algorithm - Rust source code

librust-zram-generator-dev/stable 1.2.1-2 arm64
  Systemd unit generator for zram swap devices - Rust source code

librust-zstd-safe-dev/stable 7.2.1-1 arm64
  Safe low-level bindings for the zstd compression library - Rust source code

librygel-core-2.8-0/stable 0.44.2-1 arm64
  GNOME UPnP/DLNA services - core library

librygel-db-2.8-0/stable 0.44.2-1 arm64
  GNOME UPnP/DLNA services - db library

librygel-renderer-2.8-0/stable 0.44.2-1 arm64
  GNOME UPnP/DLNA services - renderer library

librygel-renderer-gst-2.8-0/stable 0.44.2-1 arm64
  GNOME UPnP/DLNA services - renderer library

librygel-ruih-2.8-0/stable 0.44.2-1 arm64
  GNOME UPnP/DLNA services - ruih library

librygel-server-2.8-0/stable 0.44.2-1 arm64
  GNOME UPnP/DLNA services - server library

libs6-2.13/stable 2.13.1.0-1 arm64
  small and secure supervision software suite (shared library)

libs6-dev/stable 2.13.1.0-1 arm64
  small and secure supervision software suite (development files)

libsafec-dev/stable 3.9.1-1 arm64
  "safe" C libc extensions (Annex K) - dev

libsafec3t64/stable 3.9.1-1 arm64
  "safe" C libc extensions (Annex K)

libsane-common/stable 1.3.1-3 all
  API library for scanners -- documentation and support files

libsane-dev/stable 1.3.1-3+b1 arm64
  API development library for scanners [development files]

libsane1/stable 1.3.1-3+b1 arm64
  API library for scanners

libscalar-list-utils-perl/stable 1:1.63-1+b4 arm64
  modules providing common scalar and list utility subroutines

libscrappy-perl/stable 0.94112090-3 all
  powerful web spidering, scraping, creeping crawling framework

libscriptalicious-perl/stable 1.17-4 all
  module to simplify writing of Perl scripts

libsdbus-c++-bin/stable 2.1.0-1 arm64
  High-level C++ D-Bus library for Linux in modern C++ (utilities)

libsdbus-c++-dev/stable 2.1.0-1 arm64
  High-level C++ D-Bus library for Linux in modern C++ (development files)

libsdbus-c++-doc/stable 2.1.0-1 all
  High-level C++ D-Bus library for Linux in modern C++ (documentation)

libsdbus-c++2/stable 2.1.0-1 arm64
  High-level C++ D-Bus library for Linux in modern C++ (library)

libsdo-api-java/stable 1.1.1-2 all
  Service Data Objects 2.1 Java API spec

libsdo-api-java-doc/stable 1.1.1-2 all
  Documentation for libsdo-api-java

libsdp-api-java/stable 1.0-2 all
  SDP API for Java

libsdp-dev/stable 6.2.0-5+b2 arm64
  Software package for semidefinite programming (development)

libsdp0/stable 6.2.0-5+b2 arm64
  Software package for semidefinite programming (library)

libsecret-1-0/stable 0.21.7-1 arm64
  Secret store

libsecret-1-dev/stable 0.21.7-1 arm64
  Secret store (development files)

libsecret-common/stable 0.21.7-1 all
  Secret store (common files)

libsecret-tools/stable 0.21.7-1 arm64
  tool for storing and retrieving GObject passwords

libsecsipid-dev/stable 1.3.2-2.1+b8 arm64
  Secure SIP Identity Extensions - C headers files

libsecsipid1t64/stable 1.3.2-2.1+b8 arm64
  Secure SIP Identity Extensions - library

libself-test-dev/stable 1.11.0+ds-8+b1 arm64
  development files for self_test (Robot OS)

libself-test-tools/stable 1.11.0+ds-8+b1 arm64
  Robot OS self_test tools

libserialdv-dev/stable 1.1.4-2+b2 arm64
  encode and decode audio with AMBE3000 devices (headers)

libserialdv1/stable 1.1.4-2+b2 arm64
  encode and decode audio with AMBE3000 devices

libservice-wrapper-doc/stable 3.5.51-2 all
  Jar daemon wrapper (javadoc files)

libservice-wrapper-java/stable 3.5.51-2 all
  Jar daemon wrapper java libraries

libservice-wrapper-jni/stable 3.5.51-2 arm64
  Jar daemon wrapper JNI libraries

libservlet-api-java/stable 4.0.1-2 all
  Java Servlet API

libservlet-api-java-doc/stable 4.0.1-2 all
  Java Servlet API (documentation)

libservlet3.1-java/stable 1:4.0.1-2 all
  Java Servlet API 3.1 (transitional package)

libsgutils2-1.48/stable 1.48-2 arm64
  utilities for devices using the SCSI command set (shared libraries)

libsgutils2-dev/stable 1.48-2 arm64
  utilities for devices using the SCSI command set (developer files)

libshadowsocks-libev-dev/stable 3.3.5+ds-16 arm64
  lightweight and secure socks5 proxy (development files)

libshadowsocks-libev2/stable 3.3.5+ds-16 arm64
  lightweight and secure socks5 proxy (shared library)

libsharp-dev/stable 1.0.0-2+b2 arm64
  fast spherical harmonic transforms - C/C++ library

libsharp0/stable 1.0.0-2+b2 arm64
  fast spherical harmonic transforms - C/C++ development library

libshell-posix-select-perl/stable 0.09-1 all
  POSIX Shell's "select" loop for Perl

libshiro-java/stable 1.3.2-6 all
  Apache Shiro - Java Security Framework

libshout-dev/stable 2.4.6-1+b3 arm64
  MP3/Ogg Vorbis broadcast streaming library (development)

libshout-idjc-dev/stable 2.4.6-r1-1+b1 arm64
  broadcast streaming library with IDJC extensions (development)

libshout-idjc3/stable 2.4.6-r1-1+b1 arm64
  broadcast streaming library with IDJC extensions

libshout-ocaml/stable 0.2.7-2+b4 arm64
  OCaml bindings for the shout library

libshout-ocaml-dev/stable 0.2.7-2+b4 arm64
  OCaml bindings for the shout library

libshout-tools/stable 2.4.6-1+b3 arm64
  MP3/Ogg Vorbis broadcast streaming library - commandline tools

libshout3/stable,now 2.4.6-1+b3 arm64 [installed,automatic]
  MP3/Ogg Vorbis broadcast streaming library

libshout3-dev/stable 2.4.6-1+b3 arm64
  MP3/Ogg Vorbis broadcast streaming library (transitional package)

libsimdjson-dev/stable 3.12.3-1 arm64
  Parsing gigabytes of JSON per second (development)

libsimdjson25/stable 3.12.3-1 arm64
  Parsing gigabytes of JSON per second (shared object)

libsimple-http-java/stable 4.1.21-1.1 all
  high-performance, embeddable Java HTTP engine

libsimple-http-java-doc/stable 4.1.21-1.1 all
  Documentation for libsimple-http-java

libsip-api-java/stable 1.2-2 all
  SIP API for Java

libsisu-inject-java/stable 0.3.5-1 all
  Dependency Injection container for Java

libslice-java/stable 0.16-1 all
  Java library for efficiently working with heap and off-heap memory

libslicot-pic/stable 5.9-1+b1 arm64
  numerical algorithms from systems and control theory (static PIC library)

libslow5-0t64/stable 0.7.0+dfsg-3+b6 arm64
  library for reading & writing SLOW5 files

libslow5-dev/stable 0.7.0+dfsg-3+b6 arm64
  header and static library for reading & writing SLOW5 files

libsmdev-dev/stable 20190315-3 arm64
  storage media device access library -- development files

libsmdev-utils/stable 20190315-3 arm64
  storage media device access library -- Utilities

libsmdev1t64/stable 20190315-3 arm64
  storage media device access library

libsmf-dev/stable 1.3-4.1+b2 arm64
  Development files for the smf library

libsmf0t64/stable 1.3-4.1+b2 arm64
  LibSMF is a BSD-licensed C library for handling SMF ("*.mid") files

libsms-aql-perl/stable 1.03-1 all
  Perl extension to send SMS text messages via AQL's SMS service

libsms-send-perl/stable 1.07-1 all
  driver-based API for sending SMS messages

libsnmp-info-perl/stable 3.972002-1 all
  Object Oriented Perl5 Interface to Network devices and MIBs through SNMP

libsnmp-session-perl/stable 1.16-1 all
  Perl support for accessing SNMP-aware devices

libsoap-wsdl-perl/stable 3.004-2 all
  Perl module for SOAP with WSDL support

libsocket-getaddrinfo-perl/stable 0.22-6 all
  module implementing getaddrinfo and getnameinfo

libsofia-sip-ua-dev/stable 1.12.11+20110422.1+1e14eea~dfsg-6.1+b2 arm64
  Sofia-SIP library development files

libsofia-sip-ua-glib-dev/stable 1.12.11+20110422.1+1e14eea~dfsg-6.1+b2 arm64
  Sofia-SIP library glib/gobject interface development files

libsofia-sip-ua-glib3t64/stable 1.12.11+20110422.1+1e14eea~dfsg-6.1+b2 arm64
  Sofia-SIP library glib/gobject interfaces runtime

libsofia-sip-ua0t64/stable 1.12.11+20110422.1+1e14eea~dfsg-6.1+b2 arm64
  Sofia-SIP library runtime

libsofthsm2/stable 2.6.1-3 arm64
  cryptographic store accessible through a PKCS #11

libsofthsm2-dev/stable 2.6.1-3 arm64
  cryptographic store accessible through a PKCS #11

libsoftware-copyright-perl/stable 0.015-1 all
  Perl module to manage copyright statements

libsoftware-license-orlaterpack-perl/stable 0.10.2-2 all
  Use GNU licenses with "or later" clause in Software::License

libsoftware-license-perl/stable 0.104006-1 all
  module providing templated software licenses

libsoftware-licensemoreutils-perl/stable 1.009-1 all
  More utilities and a summary for Software::License

libsonivox-dev/stable 3.6.15-2 arm64
  Sonivox Embedded Audio Synthesis Library (Development files)

libsonivox3/stable 3.6.15-2 arm64
  Sonivox Embedded Audio Synthesis Library

libsoqt520-dev/stable 1.6.3+ds1-2 arm64
  Qt5 GUI component toolkit for Inventor - development

libsoqt620-dev/stable 1.6.3+ds1-2 arm64
  Qt6 GUI component toolkit for Inventor - development

libsox-fmt-base/stable 14.4.2+git20190427-5+b3 arm64
  Minimal set of SoX format libraries

libspa-0.2-bluetooth/stable 1.4.2-1 arm64
  libraries for the PipeWire multimedia server - bluetooth plugins

libspa-0.2-dev/stable 1.4.2-1 arm64
  libraries for the PipeWire multimedia server Simple Plugin API - development

libspa-0.2-jack/stable 1.4.2-1 arm64
  libraries for the PipeWire multimedia server - JACK client

libspa-0.2-libcamera/stable 1.4.2-1 arm64
  libraries for the PipeWire multimedia server - libcamera plugin

libspa-0.2-modules/stable,now 1.4.2-1 arm64 [installed,automatic]
  libraries for the PipeWire multimedia server Simple Plugin API - modules

libsparskit-dev/stable 2.0.0-5 arm64
  basic tool-kit for sparse matrix computations - devel

libsparskit2.0/stable 2.0.0-5 arm64
  basic tool-kit for sparse matrix computations - runtime

libspatialindex-c8/stable 2.1.0-1 arm64
  General framework for developing spatial indices - C library

libspatialindex-dev/stable 2.1.0-1 arm64
  General framework for developing spatial indices - development files

libspatialindex8/stable 2.1.0-1 arm64
  General framework for developing spatial indices

libspdx-licenses-ocaml/stable 1.3.0-1+b1 arm64
  library providing a strict SPDX License Expression parser (runtime)

libspdx-licenses-ocaml-dev/stable 1.3.0-1+b1 arm64
  library providing a strict SPDX License Expression parser (dev)

libspectra-dev/stable 1.1.0-1 all
  library for large scale eigenvalue problems (development files)

libspeechd-dev/stable 0.12.0-5 arm64
  Speech Dispatcher: Development libraries and header files

libspeechd-module0/stable 0.12.0-5 arm64
  Speech Dispatcher: Shared libraries for modules

libspeechd2/stable 0.12.0-5 arm64
  Speech Dispatcher: Shared libraries

libspeex-dev/stable 1.2.1-3 arm64
  Speex codec library (development files)

libspeex-ocaml/stable 1.0.0-1+b2 arm64
  OCaml interface to the speex library -- runtime files

libspeex-ocaml-dev/stable 1.0.0-1+b2 arm64
  OCaml interface to the speex library -- development files

libspeex1/stable,now 1.2.1-3 arm64 [installed,automatic]
  Speex codec library (runtime library)

libspeexdsp-dev/stable 1.2.1-3 arm64
  DSP library derived from speex (development files)

libspeexdsp1/stable,now 1.2.1-3 arm64 [installed,automatic]
  DSP library derived from speex

libspex3/stable 1:7.10.1+dfsg-1 arm64
  solves sparse linear systems in exact arithmetic

libspi-java/stable 0.2.7-1 all
  Simplifies usage of Java Service Provider Interface

libspice-client-glib-2.0-8/stable 0.42-3 arm64
  GObject for communicating with Spice servers (runtime library)

libspice-client-glib-2.0-dev/stable 0.42-3 arm64
  GObject for communicating with Spice servers (development files)

libspice-client-gtk-3.0-5/stable 0.42-3 arm64
  GTK3 widget for SPICE clients (runtime library)

libspice-client-gtk-3.0-dev/stable 0.42-3 arm64
  GTK3 widget for SPICE clients (development files)

libspice-protocol-dev/stable 0.14.3-1 all
  SPICE protocol headers

libspice-server-dev/stable 0.15.2-1+b1 arm64
  Header files and development documentation for spice-server

libspice-server1/stable 0.15.2-1+b1 arm64
  Implements the server side of the SPICE protocol

libspnav-dev/stable 1.2-1 arm64
  Library to access 3D-input-devices

libspnav0/stable 1.2-1 arm64
  Library to access 3D-input-devices (development files)

libspqr4/stable 1:7.10.1+dfsg-1 arm64
  sparse QR factorization library

libspreadsheet-read-perl/stable 0.93-1 all
  reader for common spreadsheet formats

libspreadsheet-readsxc-perl/stable 0.39-1 all
  reader for OpenOffice 1.x and OpenDocument spreadsheets

libspreadsheet-writeexcel-perl/stable 2.40-4 all
  module to create Excel spreadsheets

libspring-aop-java/stable 4.3.30-3 all
  modular Java/J2EE application framework - AOP

libspring-beans-java/stable 4.3.30-3 all
  modular Java/J2EE application framework - Beans

libspring-context-java/stable 4.3.30-3 all
  modular Java/J2EE application framework - Context

libspring-context-support-java/stable 4.3.30-3 all
  modular Java/J2EE application framework - Context Support

libspring-core-java/stable 4.3.30-3 all
  modular Java/J2EE application framework - Core

libspring-expression-java/stable 4.3.30-3 all
  modular Java/J2EE application framework - Expression language

libspring-instrument-java/stable 4.3.30-3 all
  modular Java/J2EE application framework - Instrumentation

libspring-jdbc-java/stable 4.3.30-3 all
  modular Java/J2EE application framework - JDBC tools

libspring-jms-java/stable 4.3.30-3 all
  modular Java/J2EE application framework - JMS tools

libspring-messaging-java/stable 4.3.30-3 all
  modular Java/J2EE application framework - Messaging tools

libspring-orm-java/stable 4.3.30-3 all
  modular Java/J2EE application framework - ORM tools

libspring-oxm-java/stable 4.3.30-3 all
  modular Java/J2EE application framework - Object/XML Mapping

libspring-test-java/stable 4.3.30-3 all
  modular Java/J2EE application framework - Test helpers

libspring-transaction-java/stable 4.3.30-3 all
  modular Java/J2EE application framework - transaction

libspring-web-java/stable 4.3.30-3 all
  modular Java/J2EE application framework - Web

libspring-web-portlet-java/stable 4.3.30-3 all
  modular Java/J2EE application framework - Portlet MVC

libspring-web-servlet-java/stable 4.3.30-3 all
  modular Java/J2EE application framework - Web Portlet

libsqlcipher-dev/stable 4.6.1-2 arm64
  SQLCipher development files

libsqlcipher1/stable 4.6.1-2 arm64
  SQLCipher shared library

libsru-perl/stable 1.01-3 all
  framework for Search and Retrieval by URL

libss7-2.0/stable 2.0.1-2 arm64
  Signalling System 7 (ss7) library

libss7-dev/stable 2.0.1-2 arm64
  Signalling System 7 (ss7) development files

libstaroffice-0.0-0/stable 0.0.7-1+b2 arm64
  Import filter library to import all StarOffice documents

libstaroffice-dev/stable 0.0.7-1+b2 arm64
  Import filter library to import all StarOffice documents -- development

libstaroffice-doc/stable 0.0.7-1 all
  Import filter library to import all StarOffice documents -- documentation

libstaroffice-tools/stable 0.0.7-1+b2 arm64
  Import filter library to import all StarOffice documents -- tools

libstb-dev/stable 0.0~git20241109.5c20573+ds-1 arm64
  single-file image and audio processing libraries for C/C++ - development headers

libstb0t64/stable 0.0~git20241109.5c20573+ds-1 arm64
  single-file image and audio processing libraries for C/C++

libstd-srvs-dev/stable 1.11.3-4 arm64
  Robot OS Common service definitions

libstk-5.0.0/stable 5.0.1+dfsg-1+b1 arm64
  Sound Synthesis Toolkit

libstk-dev/stable 5.0.1+dfsg-1+b1 arm64
  Sound Synthesis Toolkit (development files)

libstonithd56/stable 3.0.0-2 arm64
  cluster resource manager STONITH daemon library

libstorj-dev/stable 1.0.3-1.4 arm64
  C library for file transfer on Storj network (Development files)

libstorj0t64/stable 1.0.3-1.4 arm64
  Asynchronous C library for file transfer on the Storj network

libstring-license-perl/stable 0.0.11-1 all
  detect source code license statements in a text string

libstring-parity-perl/stable 1.34-3 all
  Perl library for parity functions

libstruct-dumb-perl/stable 0.14-1 all
  module to create simple lightweight record-like structures

libstxxl-dev/stable 1.4.1-4.1+b1 arm64
  Development libraries for STXXL

libstxxl-doc/stable 1.4.1-4.1 all
  Documentation for STXXL

libstxxl1-bin/stable 1.4.1-4.1+b1 arm64
  STXXL File creation and benchmark tool

libstxxl1t64/stable 1.4.1-4.1+b1 arm64
  C++ Standard Template Library for extra large datasets

libsubtitleeditor-dev/stable 0.54.0-6+b3 arm64
  subtitleeditor lib - development files

libsubtitleeditor0/stable 0.54.0-6+b3 arm64
  subtitleeditor lib - runtime files

libsugarext-data/stable 0.121-1 all
  Sugar Learning Platform - toolkit common files

libsugarext-dev/stable 0.121-1+b2 arm64
  Sugar Learning Platform - toolkit development files

libsugarext0/stable 0.121-1+b2 arm64
  Sugar Learning Platform - toolkit runtime library

libsuitesparse-dev/stable 1:7.10.1+dfsg-1 arm64
  libraries for sparse matrices computations (development files)

libsuitesparse-doc/stable 1:7.10.1+dfsg-1 all
  libraries for sparse matrices computations (documentation)

libsuitesparse-mongoose3/stable 1:7.10.1+dfsg-1 arm64
  graph partitioning tool that can quickly compute edge cuts (shared library)

libsuitesparseconfig7/stable,now 1:7.10.1+dfsg-1 arm64 [installed,automatic]
  configuration routines for all SuiteSparse modules

libsuperlu-dev/stable 7.0.1+dfsg1-2 arm64
  Direct solution of large, sparse systems of linear equations

libsuperlu-dist-dev/stable 8.2.1+dfsg1-5+b1 arm64
  Highly distributed solution of sparse linear equations

libsuperlu-dist8/stable 8.2.1+dfsg1-5+b1 arm64
  Highly distributed solution of sparse linear equations

libsuperlu7/stable 7.0.1+dfsg1-2 arm64
  Direct solution of large, sparse systems of linear equations

libsupernovas1/stable 1.3.0-2 arm64
  SuperNOVAS C/C++ astrometry library

libsurefire-java/stable 2.22.3-4 all
  Surefire test framework for Java

libsurgescript-dev/stable 0.5.4.4-1.1+b2 arm64
  Scripting language for games (development files)

libsurgescript0.5.4.4/stable 0.5.4.4-1.1+b2 arm64
  Scripting language for games (library files)

libswiftlang/stable 6.0.3-2 arm64
  general-purpose compiled programming language - Runtime Libraries

libswupdate-dev/stable 2024.12.1+dfsg-3+deb13u2 arm64
  Development files for swupdate framework

libswupdate0.1/stable 2024.12.1+dfsg-3+deb13u2 arm64
  Library for controlling the swupdate framework

libsyntax-keyword-match-perl/stable 0.15-1+b1 arm64
  match/case syntax plugin for perl

libsys-info-perl/stable 0.7811-3 all
  module to fetch information from the host system

libsysfs-dev/stable 2.1.1-7 arm64
  interface library to sysfs - development files

libsysfs2/stable 2.1.1-7 arm64
  interface library to sysfs - shared library

libsystemd-dev/stable 257.13-1~deb13u1 arm64
  systemd utility library - development files

libsystemd0/stable,now 257.13-1~deb13u1 arm64 [installed]
  systemd utility library

libsz2/stable 1.1.3-1+b1 arm64
  Adaptive Entropy Coding library - SZIP

libtag-c-dev/stable 2.0.2-2 arm64
  audio meta-data library - development files for C bindings

libtag-c2/stable 2.0.2-2 arm64
  audio meta-data library - C bindings

libtag-dev/stable 2.0.2-2 arm64
  audio meta-data library - development files

libtag-doc/stable 2.0.2-2 all
  audio meta-data library - API documentation

libtag2/stable,now 2.0.2-2 arm64 [installed,automatic]
  audio meta-data library

libtainting-perl/stable 0.031-1 all
  Perl pragma to enable taint mode lexically (deprecated)

libtango-dev/stable 10.0.2+dfsg1-2+deb13u1 arm64
  TANGO distributed control system - development library

libtango-doc/stable 10.0.2+dfsg1-2+deb13u1 all
  TANGO distributed control system - documentation

libtango10/stable 10.0.2+dfsg1-2+deb13u1 arm64
  TANGO distributed control system - shared library

libtcmu2/stable 1.5.4-9+b1 arm64
  Library that handles the userspace side of the LIO TCM-User backstore

libtcplay/stable 3.3-1+b1 arm64
  TrueCrypt and VeraCrypt implementation based on dm-crypt (library)

libtcplay-dev/stable 3.3-1+b1 arm64
  TrueCrypt and VeraCrypt implementation based on dm-crypt (development headers)

libteam-dev/stable 1.31-1+b2 arm64
  library for controlling team network device -- dev files

libteam-utils/stable 1.31-1+b2 arm64
  library for controlling team network device -- userspace utilities

libteem-dev/stable 1.12.0~20160122-6 arm64
  Tools to process and visualize scientific data and images - development

libteem2/stable 1.12.0~20160122-6 arm64
  Tools to process and visualize scientific data and images - runtime

libtelepathy-farstream-dev/stable 0.6.2-1.2+b2 arm64
  Glue library between telepathy and farstream (development files)

libtelepathy-farstream-doc/stable 0.6.2-1.2 all
  Glue library between telepathy and farstream (documentation)

libtelepathy-farstream3/stable 0.6.2-1.2+b2 arm64
  Glue library between telepathy and farstream

libtelepathy-farstream3-dbg/stable 0.6.2-1.2+b2 arm64
  Glue library between telepathy and farstream (debug symbols)

libtelepathy-glib-dev/stable 0.24.2-2 arm64
  GLib Telepathy connection manager library (headers)

libtelepathy-glib-doc/stable 0.24.2-2 all
  GLib Telepathy library (documentation)

libtelepathy-glib0t64/stable 0.24.2-2 arm64
  Telepathy framework - GLib library

libtelepathy-logger-dev/stable 0.8.2-4.2 arm64
  Telepathy logger service -- utility library (headers)

libtelepathy-logger-doc/stable 0.8.2-4.2 all
  Telepathy logger service -- documentation

libtelepathy-logger3/stable 0.8.2-4.2 arm64
  Telepathy logger service - utility library

libtelepathy-qt5-0/stable 0.9.8+ds-4+b4 arm64
  Telepathy framework - Qt 5 library

libtelepathy-qt5-dev/stable 0.9.8+ds-4+b4 arm64
  Qt 5 Telepathy library (headers and static library)

libtelepathy-qt5-farstream0/stable 0.9.8+ds-4+b4 arm64
  Telepathy/Farsight integration - Qt 5 library

libtemplate-plugin-comma-perl/stable 0.04-1.1 all
  TT plugin for using commas in numbers

libtemplate-plugin-datetime-format-perl/stable 0.03-2 all
  module for formatting DateTime objects from TT with DateTime::Format

libtemplate-plugin-gravatar-perl/stable 0.10-2 all
  Template Toolkit plugin for generating Gravatar URLs

libtemplate-tiny-perl/stable 1.14-2 all
  lightweight implementation of Template Toolkit

libtensorpipe-dev/stable 0.0~git20220513.bb1473a-5+b3 arm64
  tensor-aware point-to-point communication primitive for machine learning

libtensorpipe0/stable 0.0~git20220513.bb1473a-5+b3 arm64
  tensor-aware point-to-point communication primitive for machine learning

libterm-prompt-perl/stable 1.04-3 all
  Perl module for prompting a user for information

libterm-termkey-perl/stable 0.19-1 arm64
  perl wrapper around libtermkey

libterm-ui-perl/stable 0.50-1 all
  Term::ReadLine UI made easy

libtermbox-dev/stable 1.1.2+dfsg-7 arm64
  Library for writing text-based user interfaces (dev)

libtermbox1/stable 1.1.2+dfsg-7 arm64
  Library for writing text-based user interfaces (lib)

libtermkey1/stable 0.22-2+b1 arm64
  library for processing keyboard input

libtest-command-simple-perl/stable 0.05-3 all
  Perl module to test external commands

libtest-html-w3c-perl/stable 0.04-1.1 all
  wrapper around W3C HTML validation testing service

libtest-kwalitee-perl/stable 1.28-2 all
  module to test the quality of a Perl module distribution

libtest-module-used-perl/stable 0.2.6-3 all
  module for testing whether a module is used

libtest-nicedump-perl/stable 1.0.1-3 all
  module for nice and human readable dumps of objects in tests

libtest-perl-critic-perl/stable 1.04-3 all
  module to use Perl::Critic in test scripts

libtest-pod-perl/stable 1.52-3 all
  module to test for POD errors

libtest-poe-client-tcp-perl/stable 1.26-2 all
  POE Component providing TCP client services for test cases

libtest-portability-files-perl/stable 0.10-2 all
  Perl module to check that file names in a distribution are portable

libtest-reporter-perl/stable 1.62-2 all
  Perl module to send test results to cpan-testers@perl.org

libtest-snapshot-perl/stable 0.06-2 all
  Perl test module for testing against data stored in files

libtest-strict-perl/stable 0.54-1 all
  test module for checking the syntax of use strict and test coverage

libtest-www-declare-perl/stable 0.02-7 all
  declarative testing module for web apps

libtest-www-mechanize-perl/stable 1.60-1 all
  module for testing web applications

libtext-asciitable-perl/stable 0.22-3 all
  Perl module to create a table using ASCII characters

libtext-diff-formattedhtml-perl/stable 0.08-2 all
  Perl module to generate a colorful HTML diff of strings/files

libtext-levenshtein-perl/stable 0.15-1 all
  implementation of the Levenshtein edit distance

libtext-levenshteinxs-perl/stable 0.03-5+b4 arm64
  XS implementation of the Levenshtein edit distance

libtext-pdf-perl/stable 0.31-3 all
  relatively low-level interface for manipulating PDFs

libtext-wagnerfischer-perl/stable 0.04-2 all
  implementation of the Wagner-Fischer edit distance

libtext-worddiff-perl/stable 0.09-2 all
  module to track changes between documents

libtf-conversions-dev/stable 1.13.2-11 arm64
  Robot OS conversion library between Eigen, KDL and tf - development files

libtf-conversions0d/stable 1.13.2-11 arm64
  Robot OS conversion library between tf and Eigen and KDL

libthrift-0.19.0t64/stable 0.19.0-4+b1 arm64
  Thrift C++ library

libthrift-c-glib-dev/stable 0.19.0-4+b1 arm64
  Thrift glib library (development headers)

libthrift-c-glib0t64/stable 0.19.0-4+b1 arm64
  Thrift glib library

libthrift-dev/stable 0.19.0-4+b1 arm64
  Thrift C++ library (development headers)

libthrift-java/stable 0.19.0-1 all
  Java language support for Thrift

libthrift-perl/stable 0.19.0-4 all
  Perl language support for Thrift

libtickit-widget-entry-plugin-completion-perl/stable 0.02-1 all
  word-completion plugin for Tickit::Widget::Entry

libtie-hash-indexed-perl/stable 0.08+ds1-1+b5 arm64
  Ordered hashes for Perl

libtime-fake-perl/stable 0.11-4 all
  Perl module for simulating different times without changing your system clock

libtime-format-perl/stable 1.16-2 all
  module for easy date/time formatting

libtime-mock-perl/stable 0.0.2-7 all
  shift and scale time Perl module

libtime-moment-perl/stable 0.44-2+b4 arm64
  Perl C/XS module representing date and time of day with UTC offset

libtk-dirselect-perl/stable 1.12-4 all
  cross-platform directory selection widget

libtk-splashscreen-perl/stable 1.0-5 all
  Toplevel mega widget to display a splashscreen

libtlsrpt0/stable 0.5.0rc1-2 arm64
  library to implement TLSRPT reporting into an MTA (shared lib)

libtlsrpt0-dev/stable 0.5.0rc1-2 arm64
  library to implement TLSRPT reporting into an MTA (dev files)

libtm1638-dev/stable 1.0-2 arm64
  interface to TM1638 based displays for Raspberry Pi (development files)

libtmglib-dev/stable 3.12.1-6 arm64
  test matrix generators of LAPACK - development files

libtmglib3/stable 3.12.1-6 arm64
  test matrix generators of LAPACK - shared version

libtmglib64-3/stable 3.12.1-6 arm64
  test matrix generators of LAPACK - shared version (64bit-index)

libtmglib64-dev/stable 3.12.1-6 arm64
  test matrix generators of LAPACK - development files (64bit-index)

libtnt-dev/stable 1.2.6-1.1 all
  interface for scientific computing in C++

libtoon-dev/stable 0.0~git20220106104723.370dcd9-3+b1 arm64
  C++ numerics library designed for large numbers of small matrices

libtoontag-dev/stable 0.0~git20220105193632.41237ef-2.1+b1 arm64
  TooN Algorithm Library - development files

libtoontag0t64/stable 0.0~git20220105193632.41237ef-2.1+b1 arm64
  TooN Algorithm Library - shared library

libtpm2-pkcs11-1/stable 1.9.1-0.1 arm64
  pkcs11 library for tpm2

libtpm2-pkcs11-tools/stable 1.9.1-0.1 all
  pkcs11 library for tpm2 - command-line tools

libtrace-tools/stable 3.0.22-0.2+b1 arm64
  helper utilities for use with the libtrace process library

libtrace3-dev/stable 3.0.22-0.2+b1 arm64
  development headers for the libtrace network processing library

libtrace3t64/stable 3.0.22-0.2+b1 arm64
  network trace processing library supporting many input formats

libtrapperkeeper-authorization-clojure/stable 2.0.1-2 all
  authorization service for use with the trapperkeeper service framework

libtrapperkeeper-clojure/stable 4.0.2-1 all
  framework for configuring, composing and running Clojure services

libtrapperkeeper-filesystem-watcher-clojure/stable 1.2.6-1 all
  Trapperkeeper filesystem watcher service

libtrapperkeeper-metrics-clojure/stable 1.5.0-5 all
  Trapperkeeper Metrics Service

libtrapperkeeper-scheduler-clojure/stable 1.1.3-7 all
  Trapperkeeper service for scheduling background tasks

libtrapperkeeper-status-clojure/stable 1.1.1-5 all
  status monitoring for trapperkeeper services

libtrapperkeeper-webserver-jetty9-clojure/stable 4.5.2-2 all
  trapperkeeper webserver service

libtravel-routing-de-vrr-perl/stable 2.24-1 all
  unofficial interface to the efa.vrr.de German itinerary service

libtrilinos-epetra-13.2/stable 13.2.0-6+b4 arm64
  basis package for linear algebra - runtime files

libtrilinos-epetra-dev/stable 13.2.0-6+b4 arm64
  basis package for linear algebra - development files

libtrilinos-galeri-13.2/stable 13.2.0-6+b4 arm64
  generation of distributed linear systems - runtime files

libtrilinos-galeri-dev/stable 13.2.0-6+b4 arm64
  generation of distributed linear systems - development files

libtrilinos-ifpack2-13.2/stable 13.2.0-6+b4 arm64
  next generation algebraic preconditioners - runtime files

libtrilinos-ifpack2-dev/stable 13.2.0-6+b4 arm64
  next generation algebraic preconditioners - development files

libtrilinos-isorropia-13.2/stable 13.2.0-6+b4 arm64
  partitioning, load balancing, coloring of sparse matrices - runtime files

libtrilinos-isorropia-dev/stable 13.2.0-6+b4 arm64
  partitioning, load balancing, coloring of sparse matrices - development files

libtrilinos-pliris-13.2/stable 13.2.0-6+b4 arm64
  Trilinos dense solvers package - runtime files

libtrilinos-pliris-dev/stable 13.2.0-6+b4 arm64
  Trilinos dense solvers package - development files

libtrilinos-zoltan-13.2/stable 13.2.0-6+b4 arm64
  parallel dynamic load balancing - runtime files

libtrilinos-zoltan-dev/stable 13.2.0-6+b4 arm64
  parallel dynamic load balancing - development files

libtrue-perl/stable 1.0.2-2+b4 arm64
  automatically return a true value when a file is required

libtrycatch-perl/stable 1.003002-6 arm64
  first class try catch semantics for Perl

libtsk-dev/stable 4.12.1+dfsg-3 arm64
  library for forensics analysis (development files)

libtsk19t64/stable 4.12.1+dfsg-3 arm64
  library for forensics analysis on volume and filesystem data

libtss2-tcti-device0t64/stable,now 4.1.3-1.2 arm64 [installed,automatic]
  TPM2 Software stack library - TSS and TCTI libraries

libtumbler-1-0t64/stable 4.20.0-1 arm64
  library for tumbler, a D-Bus thumbnailing service

libtumbler-1-dev/stable 4.20.0-1 arm64
  library for tumbler, a D-Bus thumbnailing service (development)

libu2f-udev/stable 1.1.10-3.2 all
  Universal 2nd Factor (U2F) — transitional package

libudev-dev/stable 257.13-1~deb13u1 arm64
  libudev development files

libudev1/stable,now 257.13-1~deb13u1 arm64 [installed]
  libudev shared library

libudfread-dev/stable 1.1.2-1+b2 arm64
  UDF reader library (development files)

libudfread0/stable 1.1.2-1+b2 arm64
  UDF reader library

libudisks2-0/stable 2.10.1-12.1+deb13u1 arm64
  GObject based library to access udisks2

libudisks2-dev/stable 2.10.1-12.1+deb13u1 arm64
  GObject based library to access udisks2 - development files

libuecc0/stable 7-6 arm64
  very small Elliptic Curve Cryptography library

libufpidentity-dev/stable 1.0-1.1+b2 arm64
  UFP Identity development library for C applications

libufpidentity1t64/stable 1.0-1.1+b2 arm64
  UFP Identity library for C applications

libuhd-dev/stable 4.8.0.0+ds1-2 arm64
  universal hardware driver for Ettus Research products - headers

libuhd4.8.0/stable 4.8.0.0+ds1-2 arm64
  universal hardware driver for Ettus Research products - library

libuhd4.8.0-dpdk/stable 4.8.0.0+ds1-2 arm64
  universal hardware driver for Ettus Research products - DPDK

libuhttpmock-0.0-0/stable 0.5.5-4 arm64
  HTTP web service mocking - library

libuhttpmock-0.0-dev/stable 0.5.5-4 arm64
  HTTP web service mocking - development files

libuhttpmock-1.0-1/stable 0.11.0-2 arm64
  HTTP web service mocking - library

libuhttpmock-dev/stable 0.11.0-2 arm64
  HTTP web service mocking - development files

libui-gxmlcpp-dev/stable 1.4.6-2+b1 arm64
  High-level C++ wrapper library for libxml2/libxslt (development)

libui-gxmlcpp5t64/stable 1.4.6-2+b1 arm64
  High-level C++ wrapper library for libxml2/libxslt (run time)

libuima-adapter-vinci-java/stable 2.10.4-1 all
  Library to provide Vinci web services within UIMA

libuima-vinci-java/stable 2.10.4-1 all
  Library to handle Vinci web service protocol

libulfius-dev/stable 2.7.15-2.2+b2 arm64
  Web Framework for REST Applications in C - development

libulfius2.7t64/stable 2.7.15-2.2+b2 arm64
  Web Framework for REST Applications in C

libumfpack6/stable,now 1:7.10.1+dfsg-1 arm64 [installed,automatic]
  sparse LU factorization library

libumockdev-dev/stable 0.19.1-3 arm64
  development files and documentation for libumockdev

libumockdev0/stable 0.19.1-3 arm64
  hardware mocking testbed for bug reports and regression tests

libunicap-doc/stable 0.9.12+repack20150328.0.git2c600ae-5 all
  unified interface to video capture devices - documentation

libunicap2/stable 0.9.12+repack20150328.0.git2c600ae-5+b1 arm64
  unified interface to video capture devices - shared libraries

libunicap2-dev/stable 0.9.12+repack20150328.0.git2c600ae-5+b1 arm64
  unified interface to video capture devices - development files

libunicode-japanese-perl/stable 0.50-1 arm64
  module for converting Japanese encodings

libuniversal-moniker-perl/stable 0.08-10 all
  Methods to output nicer names for your Perl modules/classes

libunix-mknod-perl/stable 0.05-1+b4 arm64
  Perl extension for mknod, major, minor, and makedev

libuno-cppu3t64/stable 4:25.2.3-2+deb13u6 arm64
  LibreOffice UNO runtime environment -- CPPU public library

libuno-cppuhelpergcc3-3t64/stable 4:25.2.3-2+deb13u6 arm64
  LibreOffice UNO runtime environment -- CPPU helper library

libuno-purpenvhelpergcc3-3t64/stable 4:25.2.3-2+deb13u6 arm64
  LibreOffice UNO runtime environment -- "purpose environment" helper

libuno-sal3t64/stable 4:25.2.3-2+deb13u6 arm64
  LibreOffice UNO runtime environment -- SAL public library

libuno-salhelpergcc3-3t64/stable 4:25.2.3-2+deb13u6 arm64
  LibreOffice UNO runtime environment -- SAL helpers for C++ library

libunoloader-java/stable 4:25.2.3-2+deb13u6 all
  LibreOffice UNO runtime environment -- (Java) UNO loader

libunshield-dev/stable 1.5.1-1+b2 arm64
  development files for libunshield

libunshield0/stable 1.5.1-1+b2 arm64
  library to extract CAB files from InstallShield installers

libupnp-dev/stable 1:1.14.20-1+deb13u1 arm64
  Portable SDK for UPnP Devices, version 1.14 (development files)

libupnp-doc/stable 1:1.14.20-1+deb13u1 all
  Documentation for the Portable SDK for UPnP Devices

libupnp-java/stable 1.0.4+triplea-1.1 all
  Java library for Universal Plug aNd Play (upnp)

libupnp-java-doc/stable 1.0.4+triplea-1.1 all
  Java library for Universal Plug aNd Play (upnp) - doc

libupnp17t64/stable 1:1.14.20-1+deb13u1 arm64
  Portable SDK for UPnP Devices (shared library)

libupower-glib-dev/stable 1.90.9-1 arm64
  abstraction for power management - development files

libupower-glib3/stable 1.90.9-1 arm64
  abstraction for power management - shared library

libusb-java/stable 0.8+ztex20090101-10 all
  Java wrapper for libusb

libusb-java-doc/stable 0.8+ztex20090101-10 all
  Java wrapper for libusb (documentation)

libusb-java-lib/stable 0.8+ztex20090101-10 arm64
  Java wrapper for libusb (native library)

libusb-libusb-perl/stable 0.09-3+b1 arm64
  Perl interface to the libusb-1.0 API

libusbguard-dev/stable 1.1.3+ds-3 arm64
  USB device authorization policy framework - development files

libusbguard1/stable 1.1.3+ds-3 arm64
  USB device authorization policy framework - shared library

libusbgx-dev/stable 0.3.0-1.1+b1 arm64
  Development files for libusbgx

libusbgx-doc/stable 0.3.0-1.1 all
  Documentation files for libusbgx

libusbgx3/stable 0.3.0-1.1+b1 arm64
  C library encapsulating the kernel USB gadget-configfs

libusbmuxd-2.0-7/stable 2.1.0-1+b1 arm64
  Client library to handle usbmux connections with iOS devices (library)

libusbmuxd-dev/stable 2.1.0-1+b1 arm64
  Client library to handle usbmux connections with iOS devices (devel)

libusbmuxd-tools/stable 2.1.0-1+b1 arm64
  Client library to handle usbmux connections with iOS devices (tools)

libusbredirhost-dev/stable 0.15.0-1 arm64
  implementing the usb-host (*) side of a usbredir connection (development)

libusbredirhost1t64/stable 0.15.0-1 arm64
  Implementing the usb-host (*) side of a usbredir connection (runtime)

libusermetrics-doc/stable 1.3.3-2 all
  API documentation for libusermetrics

libusermetrics-tools/stable 1.3.3-2 arm64
  library for exporting anonymous metrics about users (cmdline tools)

libusermetricsinput-dev/stable 1.3.3-2 arm64
  input library for exporting anonymous metrics about users (header files)

libusermetricsinput1/stable 1.3.3-2 arm64
  input library for exporting anonymous metrics about users

libusermetricsoutput-dev/stable 1.3.3-2 arm64
  output library for retrieving anonymous metrics about users (header files)

libusermetricsoutput1/stable 1.3.3-2 arm64
  output library for retrieving anonymous metrics about users

libuvc-dev/stable 0.0.7-3 arm64
  cross-platform library for USB video devices - development files

libuvc-doc/stable 0.0.7-3 all
  cross-platform library for USB video devices - documentation

libuvc0/stable 0.0.7-3 arm64
  cross-platform library for USB video devices

libv4l-0t64/stable,now 1.30.1-1 arm64 [installed,automatic]
  Collection of video4linux support libraries

libv4l-dev/stable 1.30.1-1 arm64
  Collection of video4linux support libraries (development files)

libv4l2rds0t64/stable 1.30.1-1 arm64
  Video4Linux Radio Data System (RDS) decoding library

libvbr-dev/stable 2.11.0~beta2-9.1+b1 arm64
  Vouch By Reference (VBR) library (development files)

libvbr2/stable 2.11.0~beta2-9.1+b1 arm64
  Vouch By Reference (VBR) library

libvdeplug-pcap/stable 0.1.0-3+b1 arm64
  libvdeplug plugin: packet capture library (pcap)

libvdeplug-vdesl/stable 0.1.0-2+b2 arm64
  libvdeplug plugin: vde over serial lines

libvecmath-java/stable 1.5.2-7 all
  javax.vecmath vector math package

libvecmath-java-doc/stable 1.5.2-7 all
  javax.vecmath vector math package (documentation)

libvidstab-dev/stable 1.1.0-2+b2 arm64
  video stabilization library (development files)

libvidstab1.1/stable 1.1.0-2+b2 arm64
  video stabilization library (shared library)

libvirt-daemon-driver-nodedev/stable 11.3.0-3+deb13u2 arm64
  virtualization daemon - node device (nodedev) driver

libvirt-daemon-driver-storage-scsi/stable 11.3.0-3+deb13u2 arm64
  virtualization daemon - SCSI storage driver

libvkfft-dev/stable 1.3.4+ds2-1 all
  Vulkan/CUDA/HIP/OpenCL Fast Fourier Transform library

libvmmlib-dev/stable 1.0-2.3 all
  templatized C++ vector and matrix math library

libvoms-api-java-java/stable 3.3.5-1 all
  Virtual Organization Membership Service Java API

libvoms-api-java-java-doc/stable 3.3.5-1 all
  Virtual Organization Membership Service Java API Documentation

libvomsapi1t64/stable 2.1.2-1 arm64
  Virtual Organization Membership Service C++ API

libvorbisspi-java/stable 1.0.3-4 all
  Java Service Provider Interface for the OGG Vorbis audio format

libvpoll-dev/stable 0.1.1-1+b1 arm64
  generate synthetic events for poll/select/ppoll/pselect/epoll (devel)

libvpoll0/stable 0.1.1-1+b1 arm64
  generate synthetic events for poll/select/ppoll/pselect/epoll (library)

libwala-java/stable 1.5.2-1 all
  Static analysis on Java bytecode and related languages

libwala-java-doc/stable 1.5.2-1 all
  Static analysis on Java bytecode and related languages - Docs

libwasmedge-dev/stable 0.14.1+dfsg-3.1 arm64
  standalone runtime for WebAssembly (development headers)

libwasmedge0/stable 0.14.1+dfsg-3.1 arm64
  standalone runtime for WebAssembly (C API shared library)

libwayland-bin/stable 1.23.1-3 arm64
  wayland compositor infrastructure - binary utilities

libwayland-client++1/stable 1.0.0-6+b2 arm64
  wayland compositor infrastructure - client library C++ bindings

libwayland-client-extra++1/stable 1.0.0-6+b2 arm64
  wayland compositor infrastructure - client library extra C++ bindings

libwayland-client0/stable,now 1.23.1-3 arm64 [installed,automatic]
  wayland compositor infrastructure - client library

libwayland-cursor++1/stable 1.0.0-6+b2 arm64
  wayland compositor infrastructure - cursor library C++ bindings

libwayland-cursor0/stable,now 1.23.1-3 arm64 [installed,automatic]
  wayland compositor infrastructure - cursor library

libwayland-dev/stable 1.23.1-3 arm64
  wayland compositor infrastructure - development files

libwayland-doc/stable 1.23.1-3 all
  wayland compositor infrastructure - documentation files

libwayland-egl++1/stable 1.0.0-6+b2 arm64
  wayland compositor infrastructure - EGL library C++ bindings

libwayland-egl-backend-dev/stable 1.23.1-3 arm64
  wayland compositor infrastructure - EGL backend development files

libwayland-egl1/stable,now 1.23.1-3 arm64 [installed,automatic]
  wayland compositor infrastructure - EGL library

libwayland-server++1/stable 1.0.0-6+b2 arm64
  wayland compositor infrastructure - EGL library C++ bindings

libwayland-server0/stable,now 1.23.1-3 arm64 [installed,automatic]
  wayland compositor infrastructure - server library

libweb-api-perl/stable 2.8-1 all
  simple base module for implementing RESTful APIs

libweb-simple-perl/stable 0.033-2 all
  simple web framework

libwebinject-perl/stable 1.94-2 all
  Perl Module for testing web services

libwebservice-cia-perl/stable 1.4-4 all
  get information from the CIA World Factbook via Perl

libwebservice-ils-perl/stable 0.18-2 all
  Standardised library discovery/circulation services

libwebservice-musicbrainz-perl/stable 1.0.7-1 all
  XML based Web service API to the MusicBrainz database

libwebservice-s3-tiny-perl/stable 0.003-2 all
  Perl module for using S3 or compatible APIs

libwebservice-solr-perl/stable 0.44-2 all
  Perl interface for the Solr (Lucene) web service

libwebservice-validator-css-w3c-perl/stable 0.3-2 all
  interface to the W3C CSS Validator

libwebservice-validator-html-w3c-perl/stable 0.28-3 all
  Perl interface to access the W3C's online HTML validator

libwebservice-youtube-perl/stable 1.0.3-4.1 all
  Perl module that provides an interface to YouTube services

libweupnp-java/stable 0.1.4-3 all
  tiny UPnP client Java library

libweupnp-java-doc/stable 0.1.4-3 all
  tiny UPnP client Java library (documentation)

libwiki-toolkit-plugin-diff-perl/stable 0.12-5 all
  format differences between two Wiki::Toolkit pages

libwiki-toolkit-plugin-ping-perl/stable 0.03-2.1 all
  "ping" various services when nodes are written

libwikidata-toolkit-java/stable 0.14.6-1 all
  Wikidata Toolkit

libwinpr3-3/stable 3.15.0+dfsg-2.1+deb13u3 arm64
  Windows Portable Runtime library

libwinpr3-dev/stable 3.15.0+dfsg-2.1+deb13u3 arm64
  Windows Portable Runtime library (development files)

libwiredtiger-java/stable 3.2.1-1 all
  Java language support for WiredTiger

libwireshark-data/stable 4.4.16-0+deb13u1 all
  network packet dissection library -- data files

libwireshark-dev/stable 4.4.16-0+deb13u1 arm64
  network packet dissection library -- development files

libwireshark18/stable 4.4.16-0+deb13u1 arm64
  network packet dissection library -- shared library

libwolfssl-dev/stable 5.7.2-0.1+deb13u1 arm64
  Development files for the wolfSSL encryption library

libwolfssl42t64/stable 5.7.2-0.1+deb13u1 arm64
  wolfSSL encryption library

libwpebackend-fdo-1.0-1/stable 1.16.0-1 arm64
  WPE backend for FreeDesktop.org

libwpebackend-fdo-1.0-dev/stable 1.16.0-1 arm64
  WPE backend for FreeDesktop.org - Development files

libwpewebkit-2.0-1/stable 2.48.3-1 arm64
  Web content engine for embedded devices

libwpewebkit-2.0-dev/stable 2.48.3-1 arm64
  Web content engine for embedded devices - development files

libwpewebkit-doc/stable 2.48.3-1 all
  Web content engine for embedded devices - documentation

libwrap0/stable,now 7.6.q-36 arm64 [installed,automatic]
  Wietse Venema's TCP wrappers library

libwrap0-dev/stable 7.6.q-36 arm64
  Wietse Venema's TCP wrappers library, development files

libwriter2latex-java/stable 1.4-11 all
  OpenOffice.org Writer/Calc to LaTeX/XHTML converter -- library

libwriter2latex-java-doc/stable 1.4-11 all
  OpenOffice.org Writer/Calc to LaTeX/XHTML converter -- javadoc

libwsdl4j-java/stable 1.6.3-4.1 all
  Webservice description language for Java

libwsdl4j-java-doc/stable 1.6.3-4.1 all
  Documentation for Java Web Services Library

libwss4j-java/stable 1.6.19-4 all
  Apache WSS4J WS-Security implementation

libwww-shorten-simple-perl/stable 0.02-3 all
  factory wrapper around WWW::Shorten to avoid imports

libwww-youtube-download-perl/stable 0.65+dfsg-1 all
  module for downloading video from YouTube

libxendevicemodel1/stable 4.20.2+37-g61ff35323e-0+deb13u1 arm64
  Xen runtime libraries - libxendevicemodel

libxfont-dev/stable 1:2.0.6-1+b3 arm64
  X11 font rasterisation library (development headers)

libxfont2/stable 1:2.0.6-1+b3 arm64
  X11 font rasterisation library

libxgks-dev/stable 2.6.1+dfsg.2-17 arm64
  X11 Graphical Kernel Subsystem, development files

libxgks2t64/stable 2.6.1+dfsg.2-17 arm64
  X11 Graphical Kernel Subsystem, library.

libxi-dev/stable 2:1.8.2-1 arm64
  X11 Input extension library (development headers)

libxi6/stable,now 2:1.8.2-1 arm64 [installed,automatic]
  X11 Input extension library

libxineliboutput-fbfe/stable 2.3.0-2 arm64
  Local framebuffer frontend for the xineliboutput plugin

libxml-atom-service-perl/stable 0.16.2-3 all
  Atom Service Document object

libxml-compacttree-perl/stable 0.03-2 all
  fast parser of XML document into nested arrays

libxml-descent-perl/stable 1.04-7 all
  Perl module for recursive descent XML parsing

libxml-hash-lx-perl/stable 0.0603-1.1 all
  module to convert hash to xml and vice versa using LibXML

libxml-security-c-dev/stable 3.0.0-2 arm64
  C++ library for XML Digital Signatures (development)

libxml-security-c30/stable 3.0.0-2 arm64
  C++ library for XML Digital Signatures (runtime)

libxpa-dev/stable 2.1.20-3 arm64
  Seamless communication between Unix programs (development files)

libxpa1/stable 2.1.20-3 arm64
  Seamless communication between Unix programs (shared library)

libxrd-parser-perl/stable 0.201-5 all
  parse XRD and host-meta files into RDF::Trine models

libxrt-dev/stable 202210.2.13.466+dfsg-8.2 arm64
  Xilinx Runtime (XRT) - development files

libxrt-utils/stable 202210.2.13.466+dfsg-8.2 arm64
  Xilinx Runtime (XRT) - runtime -- utilities

libxrt1/stable 202210.2.13.466+dfsg-8.2 arm64
  Xilinx Runtime (XRT) - runtime libraries

libxs-object-magic-perl/stable 0.05-3+b1 arm64
  module for opaque, extensible XS pointer backed objects using sv_magic

libyaml-shell-perl/stable 0.71-2.1 all
  YAML test shell

libykhsmauth-dev/stable 2.6.0-5 arm64
  YubiKey HSM authentication library (development files)

libykhsmauth2/stable 2.6.0-5 arm64
  YubiKey HSM authentication library

libykpiv-dev/stable 2.7.1-1 arm64
  Development files for the YubiKey PIV Library

libykpiv2/stable 2.7.1-1 arm64
  Library for communication with the YubiKey PIV smartcard

libyubihsm-dev/stable 2.6.0-5 arm64
  YubiHSM 2 communication library (development files)

libyubihsm-http2/stable 2.6.0-5 arm64
  YubiHSM 2 communication library (HTTP access)

libyubihsm-usb2/stable 2.6.0-5 arm64
  YubiHSM 2 communication library (direct USB access)

libyubihsm2/stable 2.6.0-5 arm64
  YubiHSM 2 communication library

libyubikey-udev/stable 1.20.0-5 all
  udev rules for unprivileged access to YubiKeys

libzbd-dev/stable 2.0.4-1.1+b3 arm64
  Library to manipulate zoned block devices (development files)

libzbd2t64/stable 2.0.4-1.1+b3 arm64
  Library to manipulate zoned block devices (shared library)

libzeep-dev/stable 5.1.8-1+b2 arm64
  Development files for libzeep

libzeep-doc/stable 5.1.8-1 all
  Documentation for libzeep

libzeep5.1/stable 5.1.8-1+b2 arm64
  Library file for libzeep

libzeitgeist-2.0-0/stable 1.0.4-5+b3 arm64
  library to access Zeitgeist - shared library

libzeitgeist-2.0-dev/stable 1.0.4-5+b3 arm64
  library to access Zeitgeist - development files

libzeitgeist-2.0-doc/stable 1.0.4-5 all
  library to access Zeitgeist - documentation

libzephyr-dev/stable 3.1.2-1.1+b2 arm64
  Project Athena's notification service - development files

libzephyr4/stable 3.1.2-1.1+b2 arm64
  Project Athena's notification service - non-Kerberos libraries

libzeroc-ice-dev/stable 3.7.10-3.1 arm64
  libraries and headers for developing Ice applications in C++

libzeroc-ice3.7-java/stable 3.7.10-3.1 all
  Ice for Java run-time libraries.

libzeroc-ice3.7t64/stable 3.7.10-3.1 arm64
  C++ run-time libraries for the Ice framework

libzeroc-icestorm3.7t64/stable 3.7.10-3.1 arm64
  IceStorm publish-subscribe event distribution service

libzita-alsa-pcmi-dev/stable 0.6.1-1.1+b1 arm64
  Development files (headers) for libzita-alsa-pcmi library

libzita-alsa-pcmi0t64/stable 0.6.1-1.1+b1 arm64
  C++ wrapper around the ALSA API

libzookeeper-java/stable 3.9.3-1+deb13u1 all
  Core Java libraries for zookeeper

libzookeeper-java-doc/stable 3.9.3-1+deb13u1 all
  API Documentation for zookeeper

libzookeeper-mt-dev/stable 3.9.3-1+deb13u1 arm64
  Development files for multi threaded zookeeper C bindings

libzookeeper-mt2/stable 3.9.3-1+deb13u1 arm64
  Multi threaded C bindings for zookeeper

libzookeeper-st-dev/stable 3.9.3-1+deb13u1 arm64
  Development files for single threaded zookeeper C bindings

libzookeeper-st2/stable 3.9.3-1+deb13u1 arm64
  Single threaded C bindings for zookeeper

libzvbi-common/stable,now 0.2.44-1 all [installed,automatic]
  Vertical Blanking Interval decoder (VBI) - common files

libzvbi-dev/stable 0.2.44-1 arm64
  Vertical Blanking Interval decoder (VBI) - development files

libzvbi-doc/stable 0.2.44-1 all
  Vertical Blanking Interval decoder (VBI) - documentation files

libzvbi0t64/stable,now 0.2.44-1 arm64 [installed,automatic]
  Vertical Blanking Interval decoder (VBI) - runtime files

license-detector/stable 4.3.0+git20221007.a3a1cc6-3+b12 arm64
  Reliable project licenses detector (command line)

licensecheck/stable 3.3.9-1 all
  simple license checker for source files

licenserecon/stable 6.0 arm64
  Reconcile licenses from debian/copyright against licensecheck

licenseutils/stable 0.0.9-8+b1 arm64
  Put copyright and license notices at the head of source code files

lierolibre/stable 0.5-5+b1 arm64
  old-school earthworm action game

liferea/stable 1.15.8-2+b1 arm64
  feed/news/podcast client with plugin support

lightdm/stable 1.32.0-6+b2 arm64
  simple display manager

lime-forensics-dkms/stable 1.9.1-8 all
  kernel module to memory dump (DKMS)

limesuite/stable 23.11.0+dfsg-3+b2 arm64
  tools to test, control and update LMS7 transceiver based hardware

lincredits/stable 0.9 all
  Generate nicely-formatted versions of the Linux CREDITS file

linux-firewire-utils/stable 0.5.1-2 arm64
  Linux FireWire utilities

linux-image-arm64-signed-template/stable 6.12.94-1 arm64
  Template for signed linux-image packages for arm64

liquidctl/stable 1.15.0-2 arm64
  CLI and Python drivers for AIO liquid coolers and other devices

liquidprompt/stable 2.2.1-2 all
  adaptative prompt for bash & zsh

liquidsoap/stable 2.3.2-2+b1 arm64
  audio streaming language

liquidsoap-doc/stable 2.3.2-2 all
  Documentation for Liquidsoap

liquidsoap-mode/stable 2.3.2-2 all
  Emacs mode for editing Liquidsoap code

lirc-drv-irman/stable 0.5.2-5+b2 arm64
  LIRC plugin providing irman compatible devices support

litetlog/stable 0.4.3-3+b3 arm64
  transparency logging tools for Sigsum and Omniwitness (programs)

live-task-standard/stable 13.0.4 all
  Live environment for standard system utilities

livi/stable 0.3.1-1 arm64
  Minimalistic video player targeting mobile devices

lldpd/stable 1.0.18-1+b2 arm64
  implementation of IEEE 802.1ab (LLDP)

llgal/stable 0.13.19-1.1 all
  Command-line online gallery generator

lloconv/stable 6.1.3-1 arm64
  command line document converter using LibreOfficeKit

log2ram/stable 1.7.2+ds-1 arm64
  redirects log file writes into RAM

logiops/stable 0.3.5-1+b1 arm64
  Configuration utility for Logitech mice and keyboards

logwatch/stable 7.12-3 all
  log analyser with nice output written in Perl

lokalize/stable 4:25.04.0-1 arm64
  computer-aided translation system

lokalize-data/stable 4:25.04.0-1 all
  computer-aided translation system - data files

lokalize-doc/stable 4:25.04.0-1 all
  documentation for Lokalize, computer-aided translation system

lollypop/stable 1.4.41-1 all
  modern music player

lomiri/stable 0.5.0-2 arm64
  Shell of the Lomiri Operating Environment

lomiri-common/stable 0.5.0-2 all
  Shell of the Lomiri Operating Environment (common files)

lomiri-content-hub/stable 2.1.0-4 arm64
  content sharing/picking service for Lomiri

lomiri-content-hub-common/stable 2.1.0-4 all
  Lomiri Content Hub - common files

lomiri-content-hub-testability/stable 2.1.0-4 arm64
  content sharing testability for Lomiri

lomiri-desktop-session/stable 0.3-11 all
  Integrate Lomiri Desktop Session into Display Managers

lomiri-doc/stable 0.5.0-2 all
  Lomiri Operating Environment's Shell (documentation files)

lomiri-greeter/stable 0.5.0-2 all
  LightDM Greeter for the Lomiri Operating Environment

lomiri-history-service/stable 0.6-2 arm64
  History service to store messages and calls

lomiri-history-service-tools/stable 0.6-2 arm64
  History service to store messages and calls - tools

lomiri-indicator-datetime/stable 25.4.0-2 arm64
  Lomiri Indicator providing clock and calendar

lomiri-indicator-network/stable 1.1.1-1 arm64
  Systems settings menu service - Network indicator

lomiri-indicator-transfer/stable 1.2.0-2 arm64
  Lomiri Indicator showing transfers

lomiri-keyboard-icelandic/stable 1.0.3-1 arm64
  Lomiri on-screen keyboard data files - Icelandic

lomiri-location-service-bin/stable 3.3.0-2 arm64
  Lomiri Location Service binaries

lomiri-location-service-doc/stable 3.3.0-2 all
  Lomiri Location Service documentation

lomiri-location-service-tests/stable 3.3.0-2 arm64
  Lomiri Location Service test executables

lomiri-mediaplayer-app/stable 1.1.1+dfsg-3 arm64
  Media Player App for Lomiri Operating Environment

lomiri-mediaplayer-app-common/stable 1.1.1+dfsg-3 all
  Media Player App for Lomiri Operating Environment (common files)

lomiri-online-accounts-plugin-caldav-generic/stable 0.5.2-1 all
  Online account plugin for Lomiri - Generic CalDAV

lomiri-online-accounts-plugin-carddav-generic/stable 0.5.0-2 all
  Online account plugin for Lomiri - Generic CardDAV

lomiri-online-accounts-plugin-nextcloud-caldav/stable 0.5.2-1 all
  Online account plugin for Lomiri - Nextcloud CalDAV

lomiri-online-accounts-plugin-nextcloud-carddav/stable 0.5.0-2 all
  Online account plugin for Lomiri - Nextcloud CardDAV

lomiri-online-accounts-plugin-owncloud-caldav/stable 0.5.2-1 all
  Online account plugin for Lomiri - Owncloud CalDAV

lomiri-online-accounts-plugin-owncloud-carddav/stable 0.5.0-2 all
  Online account plugin for Lomiri - Owncloud CardDAV

lomiri-polkit-agent/stable 0.3-1 arm64
  Service to prompt for policy kit permissions in Lomiri

lomiri-schemas/stable 0.1.8-1 all
  Configuration schemas used by Lomiri

lomiri-sounds/stable 25.01-1 all
  sounds for the Lomiri operating environment

lomiri-system-settings/stable 1.3.1-6 arm64
  System Settings application for Lomiri

lomiri-system-settings-cellular/stable 1.2-1 arm64
  Cellular settings plugin for Lomiri's system settings

lomiri-system-settings-online-accounts/stable 0.13-1+b1 arm64
  Online Accounts setup for Lomiri

lomiri-system-settings-phone/stable 1.2-1 arm64
  Phone settings plugin for Lomiri's system settings

lomiri-telephony-service/stable 0.6.1-1 arm64
  Telephony service components for Lomiri - service daemon

lomiri-tests/stable 0.5.0-2 arm64
  Scripts and mocks for running Lomiri Shell tests

lomiri-thumbnailer-service/stable 3.0.4-2 arm64
  D-Bus service for out of process thumbnailing

lomiri-url-dispatcher/stable 0.1.4-1 arm64
  Lomiri Operating Environment service for requesting URLs to be opened

lomiri-wallpapers/stable 20.04.0-4 all
  Wallpapers for the Lomiri Operating Environment

lomiri-wallpapers-16.04/stable 20.04.0-4 all
  Lomiri Wallpapers (as shipped with Ubuntu Touch 16.04)

lomiri-wallpapers-20.04/stable 20.04.0-4 all
  Lomiri Wallpapers (as shipped with Ubuntu Touch 20.04)

loook/stable 0.9.0-1 all
  Search strings in ODF and OOXML documents

love/stable 11.5-2+b1 arm64
  2D game development framework based on Lua and OpenGL

lpctools/stable 1.07-2+b1 arm64
  interface to NXP LPC Microcontrollers ISP serial interface

lprint/stable 1.3.1-1+b1 arm64
  Label Printer

lqa/stable 20230104~git9be8db8ab65c-2 all
  command line tool for LAVA quality assurance tasks

lrslib/stable 0.73-2+b2 arm64
  package to enumerate vertices and extreme rays of a convex polyhedron

lrzip/stable 0.651-3+b1 arm64
  compression program with a very high compression ratio

lsscsi/stable 0.32-2 arm64
  list all SCSI devices (or hosts) currently on system

lsuio/stable 0.3.0-1+b2 arm64
  list Userspace IO devices

ltpanel/stable 0.2-8+b1 arm64
  lightweight tasklist panel for minimalist WMs

ltunify/stable 0.3-1+b1 arm64
  manage Logitech unifying receivers

lua-messagepack/stable 0.5.2-1 all
  pure Lua implementation of MessagePack

lua-swupdate/stable 2024.12.1+dfsg-3+deb13u2 arm64
  swupdate bindings for the Lua language

luanti/stable 5.10.0+dfsg-5+deb13u1 arm64
  Multiplayer infinite-world block sandbox

luanti-data/stable 5.10.0+dfsg-5+deb13u1 all
  Multiplayer infinite-world block sandbox (data files)

luanti-server/stable 5.10.0+dfsg-5+deb13u1 arm64
  Multiplayer infinite-world block sandbox (server)

luksy/stable 0.0~git20240812.2e7307c+ds1-1+b7 arm64
  offline encryption/decryption using LUKS formats (program)

luma.core-doc/stable 2.4.2-1 all
  doc for component library providing a Pillow-compatible drawing canvas

luma.emulator-doc/stable 1.4.0-3 all
  doc for library provides a series of pseudo-display devices for luma.core

luma.lcd-doc/stable 2.10.0-1 all
  doc for library interfacing small LCD displays

luma.led-matrix-doc/stable 1.7.0-1 all
  doc for library interfacing LED matrix displays

lunar-date/stable 3.0.1-2+b3 arm64
  Chinese Lunar library based on GObject - command and D-Bus

lur-command/stable 0.18-1 arm64
  Logitech Unifying Receiver control tool

lure-of-the-temptress/stable 1.1+ds3-1 all
  classic 2D point and click fantasy adventure game

lv-tool-0.4/stable 0.4.2-2+b2 arm64
  tool from Libvisual to visualize a music from audio players

lv2-dev/stable 1.18.10-2+b2 arm64
  LV2 audio plugin specification

lv2vocoder/stable 1-6+b1 arm64
  LV2 vocoder plugin

lvm2/stable 2.03.31-2 arm64
  Linux Logical Volume Manager

lvm2-dbusd/stable 2.03.31-2 all
  LVM2 D-Bus daemon

lvm2-lockd/stable 2.03.31-2 arm64
  LVM locking daemon

lxlauncher/stable 0.2.8-1 arm64
  LXDE launcher for netbooks

lxqt-policykit/stable 2.1.0-1 arm64
  LXQt authentication agent for PolicyKit

lyx/stable 2.4.3-1 arm64
  document processor

macipgw/stable 4.2.3~ds-1+deb13u2 arm64
  AppleTalk Network Suite (MacIP Gateway)

mactelnet-client/stable 0.6.1-1.1 arm64
  Console tools for telneting and pinging via MAC addresses

mactelnet-locales/stable 0.6.1-1.1 all
  Language support files for mactelnet-client and mactelnet-server

mactelnet-server/stable 0.6.1-1.1 arm64
  Telnet daemon for accepting connections via MAC addresses

madwimax/stable 0.1.1-4 arm64
  user-space driver for mWiMAX equipment based on Samsung CMC-730

magicrescue/stable 1.1.10+dfsg-2+b2 arm64
  recover files by looking for magic bytes

magnum-api/stable 20.0.0-2 all
  OpenStack containers as a service

magnum-common/stable 20.0.0-2 all
  OpenStack containers as a service - API server

magnum-conductor/stable 20.0.0-2 all
  OpenStack containers as a service - conductor

magnus/stable 1:1.0.3-4 all
  Very simple screen magnifier

mailman3-web/stable 0+20240312-1+deb13u1 all
  Django project integrating Mailman3 Postorius and HyperKitty

mailutils-comsatd/stable 1:3.19-1 arm64
  GNU mailutils-based comsatd daemon

make-dynpart-mappings/stable 10.2.4-1+b2 arm64
  CLI tool to setup DM mappings for Android dynamic partitions

makeself/stable 2.5.0-1 all
  utility to generate self-extractable archives

malt/stable 0.5.2-3 all
  sequence alignment and analysis tool to process sequencing data

mancala/stable 1.0.3-2+b1 arm64
  Implementation of the simple board game called Mancala

mandoc/stable 1.14.6-4 arm64
  BSD manpage compiler toolset

manila-api/stable 1:20.0.0-3 all
  OpenStack shared file system as a service - API server

manila-common/stable 1:20.0.0-3 all
  OpenStack shared file system as a service - common files

manila-data/stable 1:20.0.0-3 all
  Manila storage service - Data service

manila-doc/stable 1:20.0.0-3 all
  OpenStack shared file system as a service - Doc

manila-scheduler/stable 1:20.0.0-3 all
  OpenStack shared file system as a service - Scheduler server

manila-share/stable 1:20.0.0-3 all
  OpenStack shared file system as a service - Share server

manpages/stable,now 6.9.1-1 all [installed,automatic]
  Manual pages about using a GNU/Linux system

manpages-cs/stable 4.27.0-1 all
  Czech man pages

manpages-da/stable 4.27.0-1 all
  Danish man pages

manpages-de/stable 4.27.0-1 all
  German man pages

manpages-es/stable 4.27.0-1 all
  Spanish man pages

manpages-fr/stable 4.27.0-1 all
  French man pages

manpages-it/stable 4.27.0-1 all
  Italian man pages

manpages-ko/stable 4.27.0-1 all
  Korean man pages

manpages-nl/stable 4.27.0-1 all
  Dutch man pages

manpages-pl/stable 1:4.27.0-1 all
  Polish man pages

manpages-pt-br/stable 4.27.0-1 all
  Brazilian Portuguese man pages

manpages-ro/stable 4.27.0-1 all
  Romanian man pages

manpages-ru/stable 4.27.0-1 all
  Russian man pages

manpages-sv/stable 4.27.0-1 all
  Swedish man pages

manpages-tr/stable 2.0.6-2 all
  Turkish version of the manual pages

manpages-uk/stable 4.27.0-1 all
  Ukrainian man pages

mapproxy/stable 4.0.2+dfsg-2 all
  open source proxy for geospatial data

mapsembler2/stable 2.2.4+dfsg1-4+b1 arm64
  bioinformatics targeted assembly software

mapserver-bin/stable 8.4.0-4+deb13u2 arm64
  MapServer utilities

mapserver-doc/stable 8.4.0-4+deb13u2 all
  documentation for MapServer

masakari-api/stable 19.0.0-3 all
  OpenStack Virtual Machine High Availability (VMHA) - API Server

masakari-common/stable 19.0.0-3 all
  OpenStack Virtual Machine High Availability (VMHA) - common files

masakari-doc/stable 19.0.0-3 all
  OpenStack Virtual Machine High Availability (VMHA) - doc

masakari-engine/stable 19.0.0-3 all
  OpenStack Virtual Machine High Availability (VMHA) - API Server

masakari-host-monitor/stable 19.0.0-1 all
  OpenStack Virtual Machine High Availability (VMHA) - host monitor

masakari-instance-monitor/stable 19.0.0-1 all
  OpenStack Virtual Machine High Availability (VMHA) - instance monitor

masakari-introspective-instance-monitor/stable 19.0.0-1 all
  OpenStack VirtualMachine High Availability (VMHA) - introspective host monitor

masakari-monitors-common/stable 19.0.0-1 all
  OpenStack Virtual Machine High Availability (VMHA) - monitors common files

masakari-monitors-doc/stable 19.0.0-1 all
  OpenStack Virtual Machine High Availability (VMHA) - doc

masakari-process-monitor/stable 19.0.0-1 all
  OpenStack VM High Availability (VMHA) - process monitor

mat2/stable 0.13.5-1.2 all
  Metadata anonymisation toolkit v2

matchbox-keyboard/stable 0.2+git20160713-1.1+b2 arm64
  on-screen keyboard

matchbox-keyboard-im/stable 0.2+git20160713-1.1+b2 arm64
  GTK+ input module for on-screen keyboard

mate-applets/stable 1.26.1-3.1 arm64
  Various applets for the MATE panel

mate-applets-common/stable 1.26.1-3.1 all
  Various applets for the MATE panel (common files)

mate-icon-theme/stable 1.26.0-1 all
  MATE Desktop icon theme

mate-netbook/stable 1.26.0-1+b2 arm64
  MATE utilities for netbooks

mate-netbook-common/stable 1.26.0-1 all
  MATE utilities for netbooks (common files)

mate-polkit/stable 1.26.1-4+b2 arm64
  MATE authentication agent for PolicyKit-1

mate-polkit-bin/stable 1.26.1-4 all
  MATE authentication agent for PolicyKit-1 (executable wrapper script)

mate-polkit-common/stable 1.26.1-4 all
  MATE authentication agent for PolicyKit-1 (common files)

maven/stable 3.9.9-1 all
  Java software project management and comprehension tool

maxima/stable 5.47.0-7 arm64
  Computer algebra system -- base system

maxima-doc/stable 5.47.0-7 all
  Computer algebra system -- documentation

maxima-emacs/stable 5.47.0-7 all
  Computer algebra system -- emacs interface

maxima-sage/stable 5.45.1-2+b3 arm64
  Computer algebra system -- base system

maxima-sage-doc/stable 5.45.1-2 all
  Computer algebra system -- documentation

maxima-sage-share/stable 5.45.1-2 all
  Computer algebra system -- extra code

maxima-share/stable 5.47.0-7 all
  Computer algebra system -- extra code

maxima-src/stable 5.47.0-7 all
  Computer algebra system -- source code

maxima-test/stable 5.47.0-7 all
  Computer algebra system -- test suite

mcds/stable 1.9-2 arm64
  Mutt CardDAV search utility

mcl/stable 1:22-282+ds-4 arm64
  Markov Cluster algorithm

mcl-doc/stable 1:22-282+ds-4 all
  documentation for mcl

mdadm/stable 4.4-11 arm64
  tool for managing Linux MD devices (software RAID)

mdetect/stable 0.5.2.6+b1 arm64
  mouse device autodetection tool

mdevctl/stable 1.4.0-2+b1 arm64
  Mediated device management utility for Linux

mdk/stable 1.3.0+dfsg-4 arm64
  MIX Development Kit

mdk3/stable 6.0-9 arm64
  Wireless attack tool for IEEE 802.11 networks

mdns-reflector/stable 0.0.1+git20230914.4b4cd3b-2.1+b2 arm64
  lightweight and performant multicast DNS (mDNS) reflector

mdns-scan/stable 0.5-5+b1 arm64
  Scan for mDNS/DNS-SD services published on the local network

mdnsd/stable 0.12-5 arm64
  embeddable Multicast DNS Daemon

mecab-naist-jdic/stable 0.6.3.b-20111013-11 all
  free Japanese Dictionaries for mecab (replacement of mecab-ipadic)

mecab-naist-jdic-eucjp/stable 0.6.3.b-20111013-11 all
  free Japanese Dictionaries for mecab (replacement of mecab-ipadic) in EUC-JP

med-config/stable 3.9.0 all
  Debian Med general config package

med-dental/stable 3.9.0 all
  Debian Med packages related to dental practice

med-practice/stable 3.9.0 all
  Debian Med packages for practice management

media-player-info/stable 26-1 all
  Media player identification files

mediascanner2.0/stable 0.118-1 arm64
  Media Scanner 2.0

mediascanner2.0-utils/stable 0.118-1 arm64
  Media scanner utilities

mediastreamer2-plugin-msqogl/stable 1:5.3.105+dfsg-5 arm64
  Voice and video streaming engine for telephony (OpenGL)

medusa/stable 2.3-2 arm64
  fast, parallel, modular, login brute-forcer for network services

meep/stable 1.29.0-2 arm64
  software package for FDTD simulation

meep-mpi-default/stable 1.29.0-2 arm64
  software package for FDTD simulation, parallel version

megactl/stable 0.4.5-1 arm64
  LSI Megaraid Control and Monitoring Tools

megaglest/stable 3.13.0-9+b4 arm64
  3D multi-player real time strategy game

megatools/stable 1.11.5-1 arm64
  Command-line client for the Mega cloud storage service

memtool/stable 2018.03.0-1+b1 arm64
  Development tool to modify memory mapped registers

mender-artifact/stable 3.9.0+ds1-2+b5 arm64
  utility to generate .mender artifacts

mender-cli/stable 1.9.0+ds1-1+b16 arm64
  general-purpose CLI for the Mender backend

mender-client/stable 3.4.0+ds1-5+b15 arm64
  Mender over-the-air software updater client.

mercurial-keyring/stable 1.4.3-1 all
  Mercurial Keyring Extension

mergerfs/stable 2.40.2-5 arm64
  another FUSE union filesystem

merkuro/stable 24.12.3-1 arm64
  Application suite for emails, calendars, contacts and tasks

meson/stable 1.7.0-1 all
  high-productivity build system

metacam/stable 1.2-14+b1 arm64
  extract EXIF information from digital camera files

metacity-themes/stable 1.0.13 all
  Themes for the Gtk2 metacity window manager

metadata-cleaner/stable 2.5.2+ds-1 arm64
  GTK app for viewing and cleaning metadata in files

metadata-json-lint/stable 3.0.0-2 all
  Utility to verify Puppet metadata.json files

metis/stable 5.1.0.dfsg-7+b2 arm64
  Serial Graph Partitioning and Fill-reducing Matrix Ordering. Binaries

mgdiff/stable 1.0+debian1-1+b2 arm64
  xdiff clone

mgetty/stable 1.2.1-2 arm64
  Smart Modem getty replacement

mgetty-pvftools/stable 1.2.1-2 arm64
  Programs for listening and manipulating pvf and rmd files

mgetty-voice/stable 1.2.1-2 arm64
  Voicemail handler for mgetty

mgitstatus/stable 2.3+dfsg-1 all
  Show status of multiple Git repositories

mhz/stable 0.0~git20240131.d84a678-1+b1 arm64
  CPU frequency measurement utility

miceamaze/stable 4.2.1-3+b3 arm64
  video game with mice in a maze

microcom/stable 2023.09.0-1+b2 arm64
  minimalistic terminal program

microsocks/stable 1.0.5-1 arm64
  multithreaded, small, efficient SOCKS5 server

midish/stable 1.0.4-1.2+b2 arm64
  shell-like MIDI sequencer/filter

midisnoop/stable 0.1.2+git20141108.bc30f600187e-1+b7 arm64
  MIDI monitor and prober

migrationtools/stable 48-1 all
  Migration scripts for LDAP

miio-tools/stable 0.5.12-3 all
  Tools for interfacing with Xiaomi appliances

miltertest/stable 2.11.0~beta2-9.1+b1 arm64
  utility for testing milter applications

minetest-mod-pipeworks/stable 20210414.1-3 all
  Pipes and tubes for Minetest

minetest-mod-unified-inventory/stable 20180810-2 all
  Minetest module to enhance the inventory

minidisc-utils/stable 0.9.16-3+b2 arm64
  Command line utilities for MiniDisc access

minidlna/stable 1.3.3+dfsg-1.1+b1 arm64
  lightweight DLNA/UPnP-AV server targeted at embedded systems

minimap2/stable 2.27+dfsg-1+b4 arm64
  versatile pairwise aligner for genomic and spliced nucleotide sequences

minimodem/stable 0.24-1+b3 arm64
  general-purpose software audio FSK modem

minio-client/stable 0.0~20250403-3+b3 arm64
  Simple, fast tool to manage MinIO clusters

miniramfs/stable 1.0.6 all
  Scripts for generating miniramfs images

minissdpd/stable 1.6.0-3 arm64
  keep memory of all UPnP devices that announced themselves

miniupnpc/stable 2.2.8-2+b2 arm64
  UPnP IGD client lightweight library client

miniupnpd/stable 2.3.9-2+deb13u1 all
  Lightweight UPnP IGD & PCP/NAT-PMP daemon

miniupnpd-iptables/stable 2.3.9-2+deb13u1 arm64
  Lightweight UPnP IGD & PCP/NAT-PMP daemon - legacy iptables backend

miniupnpd-nftables/stable 2.3.9-2+deb13u1 arm64
  Lightweight UPnP IGD & PCP/NAT-PMP daemon - nftables backend

minlog/stable 4.0.99.20100221-7 all
  Proof assistant based on first order natural deduction calculus

miredo/stable 1.2.6-7.2+b1 arm64
  Teredo IPv6 tunneling through NATs

miredo-server/stable 1.2.6-7.2+b1 arm64
  Teredo IPv6 tunneling server

mirtop/stable 0.4.30-1 all
  annotate miRNAs with a standard mirna/isomir naming

mistral-api/stable 20.0.0-2+deb13u1 all
  OpenStack Workflow service - API

mistral-common/stable 20.0.0-2+deb13u1 all
  OpenStack Workflow service - common files

mistral-engine/stable 20.0.0-2+deb13u1 all
  OpenStack Workflow service - Engine

mistral-event-engine/stable 20.0.0-2+deb13u1 all
  OpenStack Workflow service - Event Engine

mistral-executor/stable 20.0.0-2+deb13u1 all
  OpenStack Workflow service - Executor

mixxx/stable 2.5.0+dfsg-3+b1 arm64
  Digital Disc Jockey Interface

mixxx-data/stable 2.5.0+dfsg-3 all
  Digital Disc Jockey Interface -- data files

mkchromecast/stable 0.3.9~git20200902+db2964a-2.1 all
  Cast your Linux audio or video to your Google Cast devices

mkdocs-material/stable 9.6.4-1 all
  Material Design theme for MkDocs

mkgmapgui/stable 1.1.ds-13 all
  Graphical User Interface for mkgmap

mmc-utils/stable 0+git20240329.f757f413-1+b1 arm64
  Userspace tools for MMC/SD devices

mmdb-bin/stable 1.12.2-1 arm64
  IP geolocation lookup command-line tool

mmsd-tng/stable 2.6.3-1 arm64
  Multimedia Messaging Service Daemon - The Next Generation

mmseqs2/stable 15-6f452+ds-2+b3 arm64
  ultra fast and sensitive protein search and clustering

mmseqs2-examples/stable 15-6f452+ds-2 all
  optional resources for the mmseqs2 package

mobian-archive-keyring/stable 20250408.0 all
  OpenPGP keys for the Mobian package archive

mobile-broadband-provider-info/stable 20250613-2 all
  database of mobile broadband service providers

mobile-tweaks-common/stable 8 all
  Default configuration settings common to Linux mobiles

mod-musicindex-common/stable 1.4.1-4 all
  Common files for mod-musicindex

modem-cmd/stable 1.0.2-4 all
  send arbitrary AT commands to your modem

modemmanager/stable 1.24.0-1+deb13u1 arm64
  D-Bus service for managing modems

modemmanager-dev/stable 1.24.0-1+deb13u1 arm64
  D-Bus service for managing modems - development files

modemmanager-doc/stable 1.24.0-1+deb13u1 all
  D-Bus service for managing modems - documentation files

mon/stable 1.4.1-2 arm64
  monitor hosts/services/whatever and alert about problems

mon-client/stable 1.2.0-3 all
  modules for interfacing with the mon package

monado-service/stable 25.0.0+dfsg-2 arm64
  Monado XR hardware and composition service

monitoring-plugins-btrfs/stable 15-1 all
  btrfs plugin for nagios compatible monitoring systems

monitoring-plugins-contrib/stable 48.20250420 arm64
  Plugins for nagios compatible monitoring systems

monitoring-plugins-systemd/stable 2.3.1-4 all
  systemd plugin for nagios compatible monitoring systems

monitorix/stable 3.16.0-1 all
  lightweight system monitoring tool

mono-4.0-service/stable 6.12.0.199+dfsg-6 all
  Mono service manager for CLI 4.0

moosefs-cgi/stable 4.57.5-1 all
  MooseFS - CGI monitor

moosefs-cgiserv/stable 4.57.5-1 all
  simple CGI-capable HTTP server to run MooseFS CGI monitor

moosefs-chunkserver/stable 4.57.5-1 arm64
  MooseFS - data server

moosefs-cli/stable 4.57.5-1 all
  MooseFS CLI utility

moosefs-client/stable 4.57.5-1 arm64
  MooseFS - client tools and mount utility

moosefs-common/stable 4.57.5-1 all
  MooseFS - common files

moosefs-master/stable 4.57.5-1 arm64
  MooseFS - master server

moosefs-metalogger/stable 4.57.5-1 arm64
  MooseFS - metalogger server

moosefs-netdump/stable 4.57.5-1 arm64
  MooseFS network packet dump utility

mopidy/stable 3.4.2-3 all
  extensible music server

mopidy-scrobbler/stable 2.0.1-1 all
  Mopidy extension for scrobbling music to Last.fm

mopidy-somafm/stable 2.0.2-1 all
  Mopidy extension for playing music from SomaFM

mopidy-soundcloud/stable 3.0.2-1 all
  Mopidy extension for playing music from SoundCloud

mosquitto/stable 2.0.21-1 arm64
  MQTT version 5.0/3.1.1/3.1 compatible message broker

mosquitto-clients/stable 2.0.21-1 arm64
  Mosquitto command line MQTT clients

mp3cd/stable 1.27.0-5 all
  Burns normalized audio CDs from lists of MP3s/WAVs/Oggs/FLACs

mpdscribble/stable 0.25-2+b1 arm64
  Last.fm reporting client for mpd

mpgrafic/stable 0.3.19-1+b5 arm64
  MPI version of N-body initial conditions grafic package

mplrs/stable 0.73-2+b2 arm64
  package to enumerate vertices and extreme rays of a convex polyhedron (parallel binary)

mpop/stable 1.4.21-1 arm64
  POP3 mail retriever

mptcpize/stable 0.13-2 arm64
  Multipath TCP Converter

mrtdreader/stable 0.1.6-3.3 arm64
  Reader for machine-readable travel documents (MRTDs / passports)

mrtg-ping-probe/stable 2.2.0-5 all
  Ping module for Multi Router Traffic Grapher

msort/stable 8.53-2.3+b3 arm64
  utility for sorting records in complex ways

msva-perl/stable 0.9.2-1.1 all
  Cryptographic identity validation agent (Perl implementation)

mtd-utils/stable 1:2.3.0-1 arm64
  Memory Technology Device Utilities

mtkbabel/stable 0.8.4-0.3 all
  Tool for managing i-Blue 747 and compatible GPS data loggers

mtp-tools/stable 1.1.22-1 arm64
  Media Transfer Protocol (MTP) library tools

mtx/stable 1.3.12-18 arm64
  controls autoloaders and tape libraries

mudita24/stable 1.0.3+svn13-7+b2 arm64
  ALSA GUI control tool for Envy24 (ice1712) soundcards

mugshot/stable 0.4.3-1 all
  lightweight user-configuration application

multimon/stable 1.0-8+b1 arm64
  Linux Radio Transmission Decoder

multipath-tools/stable 0.11.1-2 arm64
  maintain multipath block device access

multipath-tools-boot/stable 0.11.1-2 all
  Support booting from multipath devices

multispeech/stable 4.6.2-2 arm64
  Multilingual speech server for Emacspeak

mumble/stable 1.5.735-5+deb13u1 arm64
  Low latency encrypted VoIP client

mumps-test/stable 5.7.3-3+b1 arm64
  Example/test binaries using MUMPS

munge/stable 0.5.16-1.1~deb13u1 arm64
  authentication service to create and validate credentials

munin/stable 2.0.76-5 all
  network-wide graphing framework (grapher/gatherer)

munin-plugins-core/stable 2.0.76-5 all
  network-wide graphing framework (plugins for node)

muse/stable 4.2.1-1+b4 arm64
  Qt-based audio/MIDI sequencer

musescore/stable 2.3.2+dfsg4-16 arm64
  cross-platform multi-lingual music composition and notation, v2

musescore-general-soundfont/stable 0.2.1-1 all
  General SoundFont from MuseScore (HQ version, lossy)

musescore-general-soundfont-lossless/stable 0.2.1-1 all
  General SoundFont from MuseScore (uncompressed)

musescore-general-soundfont-small/stable 0.2.1-1 all
  General SoundFont from MuseScore (lossy)

musescore3/stable 3.2.3+dfsg2-19 arm64
  cross-platform multi-lingual music composition and notation, v3

mypaint/stable 2.0.1-12 arm64
  paint program for use with graphics tablets

mypaint-brushes/stable 2.0.2+ds1-2 all
  brushes for paint apps

mypaint-data/stable 2.0.1-12 all
  runtime data files for MyPaint

mypaint-data-extras/stable 2.0.1-12 all
  high resolution backgrounds for mypaint

myproxy/stable 6.2.16-4 arm64
  Credential Management Service Client

myproxy-admin/stable 6.2.16-4 arm64
  Credential Management Service Administration Tools

myproxy-doc/stable 6.2.16-4 all
  Credential Management Service Documentation

myproxy-server/stable 6.2.16-4 arm64
  Credential Management Service Server

myspell-cs/stable 20040229-9 all
  Czech dictionary for myspell

myspell-en-au/stable 2.1-7 all
  English_australian dictionary for myspell

myspell-es/stable 1.11-20 all
  Spanish dictionary for myspell

myspell-et/stable 1:20030606-32 all
  Estonian dictionary for MySpell

myspell-fa/stable 0.20070816-3.2 all
  Persian (Farsi) dictionary for myspell

myspell-ga/stable 2.0-27.1 all
  Irish (Gaeilge) dictionary for OpenOffice and Mozilla

myspell-gd/stable 0.50-13.1 all
  Scots Gaelic dictionary for myspell

myspell-gv/stable 0.50-16.1 all
  Manx Gaelic dictionary for myspell

myspell-he/stable 1.4-3.1 all
  Hebrew dictionary for myspell

myspell-hu/stable 1.8.1+git20240328.3aa21cc-1 all
  Hungarian dictionary for myspell

myspell-hy/stable 0.20.0-2.2 all
  Armenian dictionary for myspell

myspell-nb/stable 2.2-4 all
  Norwegian Bokmål dictionary for myspell

myspell-nn/stable 2.2-4 all
  Norwegian Nynorsk dictionary for myspell

myspell-sk/stable 0.5.5a-2.4 all
  Slovak dictionary for myspell

myspell-uk/stable 1.8.0+dfsg-1 all
  Ukrainian dictionary for myspell

mythes-ar/stable 1:25.2.3-1 all
  Arabic Thesaurus for LibreOffice

mythes-bg/stable 1:25.2.3-1 all
  Bulgarian Thesaurus for LibreOffice

mythes-ca/stable 1:25.2.3-1 all
  Catalan Thesaurus for LibreOffice

mythes-cs/stable 1:25.2.3-1 all
  Czech Thesaurus for LibreOffice

mythes-da/stable 1:25.2.3-1 all
  Danish Thesaurus for LibreOffice

mythes-de/stable 20160424-4 all
  German Thesaurus for OpenOffice.org/LibreOffice

mythes-de-ch/stable 20160424-4 all
  German Thesaurus for OpenOffice.org/LibreOffice (Swiss Version)

mythes-en-au/stable 2.1-7 all
  Australian English Thesaurus for OpenOffice.org

mythes-en-us/stable 1:25.2.3-1 all
  English (USA) Thesaurus for LibreOffice

mythes-eo/stable 1:25.2.3-1 all
  Esperanto Thesaurus for LibreOffice

mythes-es/stable 1:25.2.3-1 all
  Spanish Thesaurus for LibreOffice

mythes-fr/stable 1:25.2.3-1 all
  French Thesaurus for LibreOffice

mythes-gl/stable 1:25.2.3-1 all
  Galician Thesaurus for LibreOffice

mythes-gug/stable 1:25.2.3-1 all
  Guarani Thesaurus for LibreOffice

mythes-hu/stable 1:25.2.3-1 all
  Hungarian Thesaurus for LibreOffice

mythes-id/stable 1:25.2.3-1 all
  Indonesian Thesaurus for LibreOffice

mythes-is/stable 1:25.2.3-1 all
  Icelandic Thesaurus for LibreOffice

mythes-it/stable 1:25.2.3-1 all
  Italian Thesaurus for LibreOffice

mythes-lv/stable 1:25.2.3-1 all
  Latvian Thesaurus for LibreOffice

mythes-ne/stable 1:25.2.3-1 all
  Nepalese Thesaurus for LibreOffice

mythes-no/stable 1:25.2.3-1 all
  Norwegian Thesaurus for LibreOffice

mythes-pl/stable 1.5-4.3 all
  Polish thesaurus for LibreOffice/OpenOffice.org

mythes-pt-br/stable 1:25.2.3-1 all
  Brazilian Portuguese Thesaurus for LibreOffice

mythes-pt-pt/stable 1:25.2.3-1 all
  Portuguese Thesaurus for LibreOffice

mythes-ro/stable 1:25.2.3-1 all
  Romanian Thesaurus for LibreOffice

mythes-ru/stable 1:25.2.3-1 all
  Russian Thesaurus for LibreOffice

mythes-sk/stable 1:25.2.3-1 all
  Slovak Thesaurus for LibreOffice

mythes-sl/stable 1:25.2.3-1 all
  Slovene Thesaurus for LibreOffice

mythes-sv/stable 1:25.2.3-1 all
  Swedish Thesaurus for LibreOffice

mythes-th/stable 1:25.2.3-1 all
  Thai Thesaurus for LibreOffice

mythes-uk/stable 1:25.2.3-1 all
  Ukrainian Thesaurus for LibreOffice

nagios-images/stable 0.9.6 all
  Collection of images and icons for the nagios system

nagios-nrpe-plugin/stable 4.1.3-1 arm64
  Nagios Remote Plugin Executor Plugin

nagios-nrpe-server/stable 4.1.3-1 arm64
  Nagios Remote Plugin Executor Server

nagios-snmp-plugins/stable 2.1.0-5 all
  SNMP Plugins for nagios

nagios4/stable 4.4.6-4.1+deb13u1 arm64
  host/service/network monitoring and management system

nagios4-cgi/stable 4.4.6-4.1+deb13u1 arm64
  cgi files for nagios4

nagios4-common/stable 4.4.6-4.1+deb13u1 all
  support files for nagios4

nagios4-core/stable 4.4.6-4.1+deb13u1 arm64
  host/service/network monitoring and management system core files

nagstamon/stable 3.16.2+ds1-3 all
  Nagios status monitor which takes place in systray or on desktop

nagvis/stable 1:1.9.47-1 all
  visualization addon for Nagios or Icinga

nagvis-demos/stable 1:1.9.47-1 all
  visualization addon for Nagios or Icinga - demo maps

naist-jdic/stable 1:0.4.3-21 all
  free Japanese Dictionaries for ChaSen (replacement of ipadic)

naist-jdic-utf8/stable 1:0.4.3-21 all
  free Japanese Dictionaries for ChaSen (replacement of ipadic) in UTF-8

nano/stable,now 8.4-1+deb13u1 arm64 [installed]
  small, friendly text editor inspired by Pico

nano-tiny/stable 8.4-1+deb13u1 arm64
  small, friendly text editor inspired by Pico - tiny build

nanobind-dev/stable 2.5.0-1 all
  Tiny and efficient C++/Python bindings (development files)

nanomsg-utils/stable 1.1.5+dfsg-1.1+b1 arm64
  nanomsg utilities

nanovna-saver/stable 0.7.3-1.1 all
  view and export Touchstone data from a NanoVNA radio network tester device

nas/stable 1.9.4-9 arm64
  Network Audio System - local server

nas-bin/stable 1.9.4-9 arm64
  Network Audio System - client binaries

nas-doc/stable 1.9.4-9 all
  Network Audio System - extra documentation

nasm/stable 2.16.03-1 arm64
  General-purpose x86 assembler

natbraille/stable 2.0rc3-15 all
  French braille typesetting program

nats-server/stable 2.10.27-1+b2 arm64
  High-Performance server for NATS.io (program)

nautilus-kdeconnect/stable 25.04.2-1+deb13u1 all
  KDE Connect integration for Nautilus

nautilus-nextcloud/stable 3.16.7-1~deb13u1 all
  Nextcloud integration for Nautilus

nautilus-owncloud/stable 5.0.0-2 all
  ownCloud integration for Nautilus

nautilus-sendto/stable 3.8.6-7+b2 arm64
  easily send files via email from within Nautilus

nbc/stable 1.2.1.r4+dfsg-14 arm64
  C compiler for LEGO Mindstorms NXT bricks

nbd-client/stable 1:3.26.1-6.1 arm64
  Network Block Device protocol - client

nbd-server/stable 1:3.26.1-6.1 arm64
  Network Block Device protocol - server

nbdkit/stable 1.42.3-1 arm64
  toolkit for creating NBD servers

ncbi-blast+/stable 2.16.0+ds-7 arm64
  next generation suite of BLAST sequence search tools

ncbi-cn3d/stable 3.0.20170106+dfsg2-6 arm64
  3-dimensional viewer for biological molecules

ncompress/stable 5.0-3 arm64
  original Lempel-Ziv compress/uncompress programs

ncrack/stable 0.7+debian-6+b2 arm64
  High-speed network authentication cracking tool

ndctl/stable 81-1 arm64
  Utility for managing the nvdimm subsystem

ne/stable 3.3.3-1 arm64
  easy-to-use and powerful text editor

ne-doc/stable 3.3.3-1 all
  documentation for the ne text editor

nemo-nextcloud/stable 3.16.7-1~deb13u1 all
  Nextcloud integration for Nemo

nemo-owncloud/stable 5.0.0-2 all
  ownCloud integration for Nemo

neowofetch/stable 1.99.0-1.1 all
  Shows Linux System Information with Distribution Logo

nestopia/stable 1.53.1+dfsg-2 arm64
  Nintendo Entertainment System/Famicom emulator

netatalk/stable 4.2.3~ds-1+deb13u2 arm64
  Apple Filing Protocol service

netatalk-doc/stable 4.2.3~ds-1+deb13u2 all
  Apple Filing Protocol service (documentation)

netatalk-tests/stable 4.2.3~ds-1+deb13u2 arm64
  Apple Filing Protocol service (test tools)

netatalk-tools/stable 4.2.3~ds-1+deb13u2 arm64
  Apple Filing Protocol service (administrative tools)

netbase/stable,now 6.5 all [installed]
  Basic TCP/IP networking system

netconsole/stable 0.3.1-3 all
  Dynamically configure Linux netconsole

netpipes/stable 4.2-8+b3 arm64
  manipulate BSD TCP/IP stream sockets

netplan-generator/stable 1.1.2-7 arm64
  Declarative network configuration for various backends at boot

netplan.io/stable 1.1.2-7 arm64
  Declarative network configuration for various backends at runtime

netstress/stable 1.2.0-11+b1 arm64
  utility to stress and benchmark networks

network-manager/stable 1.52.1-1 arm64
  network management framework (daemon and userspace tools)

network-manager-applet/stable 1.36.0-3 arm64
  network management framework (notification area applet)

network-manager-gnome/stable 1.36.0-3 arm64
  transitional package for network-manager-applet and nm-connection-editor

network-manager-iodine/stable 1.2.0-3.3+b2 arm64
  network management framework (iodine plugin core)

network-manager-iodine-gnome/stable 1.2.0-3.3+b2 arm64
  network management framework (iodine plugin GNOME GUI)

network-manager-iwd/stable 3.8-2 all
  wireless daemon for Linux - NetworkManager integration

network-manager-l2tp/stable 1.20.20-2 arm64
  network management framework (L2TP plugin core)

network-manager-l2tp-gnome/stable 1.20.20-2 arm64
  network management framework (L2TP plugin GNOME GUI)

network-manager-openconnect/stable 1.2.10-3+b2 arm64
  network management framework (OpenConnect plugin core)

network-manager-openconnect-gnome/stable 1.2.10-3+b2 arm64
  network management framework (OpenConnect plugin GNOME GUI)

network-manager-openvpn/stable 1.12.3-1~deb13u1 arm64
  network management framework (OpenVPN plugin core)

network-manager-openvpn-gnome/stable 1.12.3-1~deb13u1 arm64
  network management framework (OpenVPN plugin GNOME GUI)

network-manager-pptp/stable 1.2.12-4+b2 arm64
  network management framework (PPTP plugin core)

network-manager-pptp-gnome/stable 1.2.12-4+b2 arm64
  network management framework (PPTP plugin GNOME GUI)

network-manager-ssh/stable 1.2.11-1.1+b2 arm64
  network management framework (SSH plugin core)

network-manager-ssh-gnome/stable 1.2.11-1.1+b2 arm64
  network management framework (SSH plugin GNOME GUI)

network-manager-sstp/stable 1.3.2-1+b6 arm64
  network management framework (SSTP plugin core)

network-manager-sstp-gnome/stable 1.3.2-1+b6 arm64
  network management framework (SSTP plugin GNOME GUI)

network-manager-vpnc/stable 1.4.0-2 arm64
  network management framework (VPNC plugin core)

network-manager-vpnc-gnome/stable 1.4.0-2 arm64
  network management framework (VPNC plugin GNOME GUI)

networkd-dispatcher/stable 2.2.4-1.1 all
  Dispatcher service for systemd-networkd connection status changes

networking-bagpipe-bgp-agent/stable 22.0.0-1 all
  OpenStack virtual network service - BGP-based VPN - agent

networking-bagpipe-doc/stable 22.0.0-1 all
  OpenStack virtual network service - BGP-based VPN - doc

networking-bgpvpn-doc/stable 22.0.0-1 all
  OpenStack virtual network service - BGP-MPLS VPN Extension - doc

neutron-api/stable 2:26.0.3-0+deb13u2 all
  OpenStack virtual network service - API service

neutron-bgp-dragent/stable 2:26.0.0-3 all
  OpenStack Neutron Dynamic Routing - Agent

neutron-common/stable 2:26.0.3-0+deb13u2 all
  OpenStack virtual network service - common files

neutron-dhcp-agent/stable 2:26.0.3-0+deb13u2 all
  OpenStack virtual network service - DHCP agent

neutron-doc/stable 2:26.0.3-0+deb13u2 all
  OpenStack virtual network service - doc

neutron-dynamic-routing-common/stable 2:26.0.0-3 all
  OpenStack Neutron Dynamic Routing - common files

neutron-l2gateway-agent/stable 1:21.0.0-1 all
  OpenStack virtual network service - L2 gateway agent

neutron-l3-agent/stable 2:26.0.3-0+deb13u2 all
  OpenStack virtual network service - l3 agent

neutron-linuxbridge-agent/stable 2:26.0.3-0+deb13u2 all
  OpenStack virtual network service - Linux bridge agent

neutron-macvtap-agent/stable 2:26.0.3-0+deb13u2 all
  OpenStack virtual network service - MacVTap Agent

neutron-metadata-agent/stable 2:26.0.3-0+deb13u2 all
  OpenStack virtual network service - metadata agent

neutron-metering-agent/stable 2:26.0.3-0+deb13u2 all
  OpenStack virtual network service - metering agent

neutron-openvswitch-agent/stable 2:26.0.3-0+deb13u2 all
  OpenStack virtual network service - Open vSwitch agent

neutron-ovn-agent/stable 2:26.0.3-0+deb13u2 all
  OpenStack virtual network service - OVN agent

neutron-ovn-maintenance-worker/stable 2:26.0.3-0+deb13u2 all
  OpenStack virtual network service - OVN maintenance worker

neutron-ovn-metadata-agent/stable 2:26.0.3-0+deb13u2 all
  OpenStack virtual network service - OVN Metadata Agent

neutron-periodic-workers/stable 2:26.0.3-0+deb13u2 all
  OpenStack virtual network service - periodic tasks

neutron-plugin-nec-agent/stable 2:26.0.3-0+deb13u2 all
  OpenStack virtual network service - NEC agent

neutron-rpc-server/stable 2:26.0.3-0+deb13u2 all
  OpenStack virtual network service - RPC service

neutron-server/stable 2:26.0.3-0+deb13u2 all
  OpenStack virtual network service - metapackage for the server

neutron-services-server/stable 2:26.0.3-0+deb13u2 all
  OpenStack virtual network service - services server

neutron-sriov-agent/stable 2:26.0.3-0+deb13u2 all
  OpenStack virtual network service - SR-IOV agent

neutron-taas-openvswitch-agent/stable 15.0.0-1 all
  OpenStack virtual network service - Tap-as-a-Service agent

neutron-vpnaas-common/stable 2:26.0.0-1 all
  OpenStack virtual network service - VPNaaS common files

neutron-vpnaas-vyatta-agent/stable 2:26.0.0-1 all
  OpenStack virtual network service - VPNaaS Vyatta Agent

newlib-source/stable 4.5.0.20241231-1 all
  C library and math library for embedded systems (source)

nextepc-hss/stable 0.3.10+nods-4.3 arm64
  Evolved Packet Core - Home Subscriber Server (HSS)

nextepc-pcrf/stable 0.3.10+nods-4.3 arm64
  Evolved Packet Core - Policy and Charging Rules Function (PCRF)

nextpnr-ecp5/stable 0.7-1+b3 arm64
  FPGA place and route tool for Lattice ECP5

nextpnr-ecp5-chipdb/stable 0.7-1+b3 arm64
  FPGA place and route tool for Lattice ECP5 -- chipdb files

nextpnr-ecp5-qt/stable 0.7-1+b3 arm64
  FPGA place and route tool for Lattice ECP5 - with GUI

nextpnr-ice40/stable 0.7-1+b3 arm64
  FPGA place and route tool for Lattice iCE40

nextpnr-ice40-chipdb/stable 0.7-1+b3 arm64
  FPGA place and route tool for Lattice iCE40 -- chipdb files

nextpnr-ice40-qt/stable 0.7-1+b3 arm64
  FPGA place and route tool for Lattice iCE40 - with GUI

nftlb/stable 1.0.7-1+b3 arm64
  nftables load balancer

nginx-core/stable 1.26.3-3+deb13u7 all
  nginx web/proxy server (standard version)

nginx-extras/stable 1.26.3-3+deb13u7 arm64
  nginx web/proxy server (extended version)

nginx-full/stable 1.26.3-3+deb13u7 all
  nginx web/proxy server (standard version with 3rd parties)

nginx-light/stable 1.26.3-3+deb13u7 all
  nginx web/proxy server (basic version)

ngspice/stable 44.2+ds-1 arm64
  Spice circuit simulator

ngspice-dev/stable 44.2+ds-1 arm64
  Spice circuit simulator - development files for ngspice and tclspice

ngspice-doc/stable 44.2+ds-1 all
  Documentation for the NGspice circuit simulator

nickle/stable 2.103 arm64
  desk calculator language

nis/stable 4.5 all
  Network Information Service (NIS)

nitrocli/stable 0.2.4-2+b12 arm64
  command line interface for Nitrokey devices

nload/stable 0.7.4-2+b2 arm64
  realtime console network usage monitor

nm-connection-editor/stable 1.36.0-3 arm64
  network management framework (connection configuration editor)

nmap/stable 7.95+dfsg-3 arm64
  The Network Mapper

nmap-common/stable 7.95+dfsg-3 all
  Architecture independent files for nmap

nmh/stable 1.8-3 arm64
  set of electronic mail handling programs

nmrpflash/stable 0.9.14-16-ge95526d-4+b2 arm64
  firmware flash utility for Netgear devices

nmzmail/stable 1.1-5 arm64
  indexes and searches email in maildir folders

nng-utils/stable 1.10.1-2 arm64
  Lightweight Messaging Library - utility

nnn/stable 5.0-1 arm64
  Free, fast, friendly file manager

node-any-promise/stable 1.3.0+~cs0.12.21-1 all
  Resolve any installed ES6 compatible promise

node-base64-js/stable 1.5.1+dfsg+~1.3.0-2 all
  Base64 encoding/decoding in pure JS

node-boolbase/stable 1.0.0+~1.0.0-1 all
  two functions: One that returns true, one that returns false

node-buble/stable 0.20.0+~0.20.1-5 all
  Fast ES2015 compiler for Node.js

node-ci-info/stable 4.0.0+~cs1.1.0-1 all
  Get details about the current Continuous Integration environment

node-co/stable 4.6.0+~4.6.2-2 all
  generator async control flow goodness

node-code/stable 9.0.2-1 all
  Test framework from hapijs

node-coveralls/stable 3.1.1-4 all
  input json-cov output and posts to coveralls.io

node-d3-array/stable 3.2.0+~cs5.0.6-2 all
  Array manipulation, ordering, searching, summarizing, etc

node-dryice/stable 0.4.11-2 all
  CommonJS/RequireJS packaging tool for browser scripts

node-extsprintf/stable 1.4.1+~1.4.1-2 all
  extended POSIX-style sprintf

node-fd-slicer/stable 1.1.0+repack1-3 all
  create multiple ReadStreams or WriteStreams from the same fd - Node.js module

node-got/stable 11.8.5+~cs58.13.36-5 all
  Simplified HTTP requests

node-graphql/stable 16.8.1-2 all
  JavaScript reference implementation for GraphQL

node-gulp-load-plugins/stable 2.0.8-1 all
  Automatically load any gulp plugins in your package.json

node-gulp-sass/stable 6.0.0-1 all
  Gulp extension for using the SASS CSS compiler

node-iscroll/stable 5.2.0+dfsg1-2 all
  High performance, small footprint JavaScript scroller  NodeJS module

node-ismobilejs/stable 0.5.0-4 all
  JavaScript library to detect mobile devices (node)

node-json-parse-better-errors/stable 1.0.2+~cs3.3.1-3 all
  JSON.parse() with context information on error

node-jstimezonedetect/stable 1.0.7+~1.0.3-1 all
  Finds the zone info key representing timezone setting in node

node-labeled-stream-splicer/stable 2.0.2+~2.0.0-2 all
  streaming pipeline with a mutable configuration and labels

node-libravatar/stable 3.0.0-3 all
  libravatar library for NodeJS

node-license-webpack-plugin/stable 4.0.2-2 all
  node-webpack plugin to manage third-party license

node-lightgallery/stable 1.9.0+dfsg-1 all
  Modular lightbox gallery plugin for jQuery

node-miragejs/stable 0.1.46+~cs5.6.11-1 all
  client-side server to build, test and demo JavaScript apps

node-move-concurrently/stable 1.0.1-5 all
  Move files and directories concurrently

node-ms/stable 2.1.3+~cs0.7.31-3 all
  milliseconds conversion utility - Node.js module

node-negotiator/stable 0.6.3+~0.6.1-1 all
  HTTP content negotiator for Node.js

node-package-preamble/stable 0.1.0-5 all
  Generate a tiny preamble from a package.json

node-prismjs/stable 1.29.0+dfsg+~1.26.0-1 all
  Lightweight, robust, elegant syntax highlighting

node-promzard/stable 0.3.0-2 all
  Promzard provides a prompting json wizard

node-public-encrypt/stable 4.0.3-2 all
  browserify version of publicEncrypt & privateDecrypt

node-re2/stable 1.21.4+~cs2.13.13-2+b2 arm64
  Node.js bindings for RE2, a fast and safe regular expression engine

node-react-toastify/stable 9.1.2+~1.2.1-4 all
  ReactJS module to add notifications

node-regexp-match-indices/stable 1.0.2~git20190823-2 all
  Node.js polyfill/shim for the RegExp Match Indices proposal

node-remark-slide/stable 0.15.0+ds-2 all
  simple, in-browser, markdown-driven slideshow tool (node module)

node-require-relative/stable 0.8.7+~0.8.0-1 all
  Relative require module import for Node.js

node-sane/stable 4.1.0+~cs18.17.38-2 all
  Nodejs fast, small, and reliable file system watcher

node-sinclair-typebox/stable 0.24.44-3 all
  JSON Schema Type Builder with Static Type Resolution for TypeScript

node-slice-ansi/stable 5.0.0+~cs9.0.0-5 all
  Slice a string with ANSI escape codes

node-spdx-exceptions/stable 2.3.0-2 all
  list of SPDX standard license exceptions

node-spdx-expression-parse/stable 3.0.1+~3.0.1-1 all
  parse SPDX license expressions

node-spdx-license-ids/stable 3.0.12-1 all
  List of SPDX license identifiers

node-stream-splicer/stable 2.0.1-4 all
  streaming pipeline with a mutable configuration

node-to-object-path/stable 0.3.0-3 all
  Create an object path from a list of strings

node-ua-parser-js/stable 0.8.1+ds+~0.7.36-3 all
  Lightweight JavaScript-based user-agent string parser

node-uglify-save-license/stable 0.4.1-2 all
  License detector for UglifyJS

node-validate-npm-package-license/stable 3.0.4-2 all
  Tells if a string is a valid npm package license string

node-verror/stable 1.10.1+~1.10.5-2 all
  rich JavaScript errors

node-vinyl/stable 2.2.1+~cs3.0.7-1 all
  Virtual file format

node-wcwidth.js/stable 1.0.2-2 all
  wcwidth.js is a javascript porting of C's wcwidth()

node-winston/stable 3.8.2-1 all
  Logger for just about everything (for Nodejs)

node-ws/stable 8.18.1+~cs14.18.2-1 all
  RFC-6455 WebSocket implementation module for Node.js

node-y-websocket/stable 1.4.5-5 all
  Websockets provider for Yjs

nodejs/stable 20.19.2+dfsg-1+deb13u2 arm64
  evented I/O for V8 javascript - runtime executable

nodejs-doc/stable 20.19.2+dfsg-1+deb13u2 all
  API documentation for Node.js, the javascript platform

nodm/stable 0.13-6.2 arm64
  automatic display manager

nomacs/stable 3.21.0+dfsg-2 arm64
  image viewer with capability of syncing multiple instances

nomacs-l10n/stable 3.21.0+dfsg-2 all
  image viewer with capability of syncing multiple instances (data)

nordugrid-arc-arcctl-service/stable 7.0.0-3 all
  ARC Control Tool - service control modules

nordugrid-arc-archery-manage/stable 7.0.0-3 all
  ARCHERY administration tool

nordugrid-arc-arex/stable 7.0.0-3 arm64
  ARC Resource-coupled EXecution service

nordugrid-arc-arex-lrms-contrib/stable 7.0.0-3 all
  ARC Resource-coupled EXecution service - conributed LRMS backends

nordugrid-arc-datadelivery-service/stable 7.0.0-3 arm64
  ARC data delivery service

nordugrid-arc-hed/stable 7.0.0-3 arm64
  ARC Hosting Environment Daemon

nordugrid-arc-infosys-ldap/stable 7.0.0-3 all
  ARC LDAP-based information services

nordugrid-arc-plugins-lcas-lcmaps/stable 7.0.0-3 arm64
  ARC LCAS/LCMAPS plugins

normaliz/stable 3.10.4+ds-1 all
  math computing tools for affine monoids, rational polytopes and cones

normaliz-bin/stable 3.10.4+ds-1 arm64
  math computing tools for affine monoids, rational polytopes and cones - bin

normaliz-doc/stable 3.10.4+ds-1 all
  math computing tools for affine monoids, rational polytopes and cones - doc

norsp/stable 1.0.6-7 all
  predictor of non-regular secondary structure

notus-scanner/stable 22.6.5-1 all
  vulnerable products detection (Python 3)

nova-conductor/stable 2:31.0.0-6+deb13u2 all
  OpenStack Compute - conductor service

nova-consoleproxy/stable 2:31.0.0-6+deb13u2 all
  OpenStack Compute - NoVNC proxy

noweb/stable 2.13-2 arm64
  WEB-like literate-programming tool

ns3/stable 3.43-2 arm64
  discrete-event network simulator for Internet systems

ns3-doc/stable 3.43-2 all
  documentation for ns3

nsca/stable 2.10.3-1 arm64
  Nagios service monitor agent

nsca-client/stable 2.10.3-1 arm64
  Nagios service monitor agent - client package

nscd/stable 2.41-12+deb13u3 arm64
  GNU C Library: Name Service Cache Daemon

nsncd/stable 1.5.1-1 arm64
  Name service non-caching daemon

nss-plugin-pem/stable 1.1.0+1-1+b1 arm64
  PEM file reader for Network Security Services (NSS)

nss-updatedb/stable 10-7+b2 arm64
  Cache name service directories in DB format

nsscache/stable 0.49-5 all
  asynchronously synchronise local NSS databases with remote directory services

nsxiv/stable 33-1 arm64
  neo simple X image viewer

nted/stable 1.10.18-13+b3 arm64
  Musical score editor

ntfy/stable 2.11.0-2+b4 arm64
  Send push notifications to your phone or desktop

ntpsec/stable 1.2.3+dfsg1-8 arm64
  Network Time Protocol daemon and utility programs

numix-icon-theme/stable 0~20250131-1 all
  modern icon theme from the Numix project

nvme-cli/stable 2.13-2 arm64
  NVMe management tool

nvme-stas/stable 2.4.1-2 all
  NVMe Storage Appliance Services (STAS)

nwchem-mpich/stable 7.2.3-10 arm64
  High-performance computational chemistry software (MPICH build)

nydus-snapshotter/stable 0.13.4-2.1+b10 arm64
  A containerd snapshotter with data deduplication and lazy loading in P2P fashion (program)

nzbget/stable 21.0+dfsg-4+b2 arm64
  command-line based binary newsgrabber for nzb files

oar-restful-api/stable 2.6.1-1 arm64
  OAR web services

obexftp/stable 0.24-10+b3 arm64
  file transfer utility for devices that use the OBEX protocol

obexpushd/stable 0.11.2-5 arm64
  program for receiving files via Bluetooth

obs-build/stable 20210120-4 all
  scripts for building RPM/debian packages for multiple distributions

obs-move-transition/stable 3.1.2-1 arm64
  plugin for OBS Studio to improve switching scenes

obs-pipewire-audio-capture/stable 1.2.0-1 arm64
  Audio device and application capture for OBS Studio using PipeWire

obs-transition-table/stable 0.2.7-5 arm64
  plugin for OBS Studio to create a transition table control

obsidian-icon-theme/stable 4.15-1 all
  Intuitive Faenza-like icon theme

ocaml/stable 5.3.0-3 arm64
  ML language implementation with a class-based object system

ocaml-merlin/stable 5.4.1-503+ds-1+b1 arm64
  editor service to develop in OCaml (common files)

ocaml-source/stable 5.3.0-3 all
  Sources for Objective Caml

ocproxy/stable 1.60-1+b4 arm64
  SOCKS proxy for openconnect

ocserv/stable 1.3.0-2 arm64
  OpenConnect VPN server compatible with Cisco AnyConnect VPN

octave-audio/stable 2.0.9-1 arm64
  MIDI functions for Octave

octave-image-acquisition/stable 0.2.6-1 arm64
  image acquisition package for Octave

octave-miscellaneous/stable 1.3.1-2 arm64
  miscellaneous tools for Octave

octave-optics/stable 0.1.4-4 all
  optics functions for Octave

octave-secs1d/stable 0.0.9-8 all
  semi conductor simulator in 1D for Octave

octave-secs2d/stable 0.0.8-16+b3 arm64
  semi conductor simulator in 2D for Octave

octave-secs3d/stable 0.0.1-4 all
  Drift-Diffusion simulator for 3d semiconductor devices in Octave

octavia-agent/stable 16.0.0-2 all
  OpenStack Load Balancer as a Service - Agent

octavia-api/stable 16.0.0-2 all
  OpenStack Load Balancer as a Service - API frontend

octavia-common/stable 16.0.0-2 all
  OpenStack Load Balancer as a Service - Common files

octavia-doc/stable 16.0.0-2 all
  OpenStack Load Balancer Service - documentation

octavia-driver-agent/stable 16.0.0-2 all
  OpenStack Load Balancer as a Service - Driver Agent

octavia-health-manager/stable 16.0.0-2 all
  OpenStack Load Balancer Service - Health manager

octavia-housekeeping/stable 16.0.0-2 all
  OpenStack Load Balancer Service - Housekeeping manager

octavia-worker/stable 16.0.0-2 all
  OpenStack Load Balancer Service - Worker

oddjob/stable 0.34.7-2.1+b1 arm64
  D-Bus service which runs odd jobs -- daemon

oddjob-mkhomedir/stable 0.34.7-2.1+b1 arm64
  Oddjob helper which creates and populates home directories

odr-dabmod/stable 3.0.0+ds-1 arm64
  DAB modulator compliant to ETSI EN 300 401

odt2txt/stable 0.5-7+b1 arm64
  simple converter from OpenDocument Text to plain text

offpunk/stable 2.7.1-1 all
  CLI and offline-first smolnet browser for Gemini, Gopher, etc

ofono/stable 2.16-5 arm64
  Mobile telephony stack (daemon)

ofono-dev/stable 2.16-5 all
  Mobile telephony stack (development files)

ofono-scripts/stable 2.16-5 all
  Mobile telephony stack (test and maintenance script files)

oggfwd/stable 0.2+git20150412.506088e-1 arm64
  basic icecast source client for audio and video streaming

ohcount/stable 4.0.0-5 arm64
  Source code line counter

ohcount-doc/stable 4.0.0-5 all
  Source code line counter - Documentation

okular/stable 4:25.04.2-1+deb13u1 arm64
  universal document viewer

okular-mobile/stable 4:25.04.2-1+deb13u1 arm64
  mobile support for Okular

ola-rdm-tests/stable 0.10.9.nojsmin-7.1 all
  Open Lighting Architecture - RDM Responder Tests

olpc-xo1-hw/stable 0.5 all
  Support for OLPC XO-1 hardware

omega-rpg/stable 1:0.90-pa9-21 arm64
  text-based roguelike game

omegat/stable 3.6.0.10+dfsg-3 all
  Computer Assisted Translation (CAT) tool

omnidb-server/stable 3.0.3b+ds-6 all
  Web tool for database management

omniorb/stable 4.3.3+ds1-1 arm64
  IOR and naming service utilities for omniORB

omniorb-idl/stable 4.3.3+ds1-1 all
  omniORB CORBA services idl files

omniorb-nameserver/stable 4.3.3+ds1-1 arm64
  omniORB naming service

oneliner-el/stable 0.3.6-9.3 all
  extensions of Emacs standard shell-mode

onesixtyone/stable 0.3.4-1+b1 arm64
  fast and simple SNMP scanner

onionbalance/stable 0.2.4-0.2 all
  Tor hidden service load balancer

onionprobe/stable 1.4.0+ds-1 all
  test/monitor tool for Tor Onion Services sites

onionshare/stable 2.6.3-1 all
  Share a file over Tor Hidden Services anonymously and securely

onionshare-cli/stable 2.6.3-1 all
  Share a file over Tor Hidden Services anonymously and securely - cli

ooo-thumbnailer/stable 0.2-6 all
  thumbnailer for OpenOffice.org documents

open-font-design-toolkit/stable 1.9 all
  metapackage for open font design

open-infrastructure-service-tools/stable 20240930-1 all
  additional tools to ease system administration and integration

open-iscsi/stable 2.1.11-1+deb13u2 arm64
  iSCSI initiator tools

open-isns-discoveryd/stable 0.101-1+b1 arm64
  Internet Storage Name Service - iSNS discovery daemon

open-isns-server/stable 0.101-1+b1 arm64
  Internet Storage Name Service - iSNS server

open-isns-utils/stable 0.101-1+b1 arm64
  Internet Storage Name Service - client utilities

open-jtalk-mecab-naist-jdic/stable 1.11-5 all
  NAIST Japanese Dictionary for Open JTalk

open-vm-tools-containerinfo/stable 2:12.5.0-2+deb13u1 arm64
  Open VMware Tools for VMs hosted on VMware (Service Discovery Plugin)

open-vm-tools-sdmp/stable 2:12.5.0-2+deb13u1 arm64
  Open VMware Tools for VMs hosted on VMware (Service Discovery Plugin)

openapi-specification/stable 3.1.1-1 all
  community-driven open specification within the OpenAPI Initiative

openarena/stable 0.8.8+dfsg-8 arm64
  fast-paced 3D first-person shooter

openarena-server/stable 0.8.8+dfsg-8 arm64
  server and game logic for the game OpenArena

openbsd-inetd/stable 0.20221205-3+b3 arm64
  OpenBSD Internet Superserver

opencfu/stable 4.0.0+dfsg-2+b3 arm64
  count cell colonies (CFUs) on agar plates by processing digital pictures

opencl-1.2-html-doc/stable 1.0~svn33624-5.1 all
  OpenCL 1.2 documentation - html pages

opencl-1.2-man-doc/stable 1.0~svn33624-5.1 all
  OpenCL 1.2 documentation - man pages (experimental)

openclipart/stable 1:0.18+dfsg-19 all
  Open Clip Art Library

openclipart-libreoffice/stable 1:0.18+dfsg-19 all
  clip art for OpenOffice.org/LibreOffice gallery

openclipart-png/stable 1:0.18+dfsg-19 all
  clip art in PNG format

openclipart-svg/stable 1:0.18+dfsg-19 all
  clip art in SVG format

opencolorio-tools/stable 2.1.3+dfsg-1.2 arm64
  complete color management solution - utilities

opencryptoki/stable 3.23.0+dfsg-0.3+b2 arm64
  PKCS#11 implementation (daemon)

opencubicplayer/stable 1:3.0.1+ds-1+b1 arm64
  UNIX port of Open Cubic Player

opencubicplayer-doc/stable 1:3.0.1+ds-1 all
  Documentation for UNIX port of Open Cubic Player

opendkim/stable 2.11.0~beta2-9.1+b1 arm64
  DomainKeys Identified Mail (DKIM) signing and verifying milter

opendkim-tools/stable 2.11.0~beta2-9.1+b1 arm64
  utilities for administering the OpenDKIM milter

openfortivpn/stable 1.23.1-1 arm64
  Fortinet client for PPP+SSL VPN tunnel services

openfpgaloader/stable 0.13.1-1 arm64
  Universal utility for programming FPGAs

openhpi/stable 3.8.0-2.3 all
  SAF's HPI: Abstracted interface for managing computer hardware

openhpi-clients/stable 3.8.0-2.3 arm64
  OpenHPI example client programs

openhpi-plugin-dynamic-simulator/stable 3.8.0-2.3 arm64
  OpenHPI plugin module for a dynamic simulator

openhpi-plugin-ilo2-ribcl/stable 3.8.0-2.3 arm64
  OpenHPI plugin module for HP's ProLiant rackmount servers

openhpi-plugin-ipmi/stable 3.8.0-2.3 arm64
  OpenHPI plugin module for OpenIPMI

openhpi-plugin-ipmidirect/stable 3.8.0-2.3 arm64
  OpenHPI plugin module for direct IPMI over LAN (RMCP) or SMI

openhpi-plugin-oa-soap/stable 3.8.0-2.3 arm64
  OpenHPI plugin module for HPE's BladeSystem c-Class

openhpi-plugin-ov-rest/stable 3.8.0-2.3 arm64
  OpenHPI plugin module for HPE's Synergy enclosures

openhpi-plugin-simulator/stable 3.8.0-2.3 arm64
  OpenHPI plugin module for a simulator that works without hardware

openhpi-plugin-slave/stable 3.8.0-2.3 arm64
  OpenHPI plugin module for slave plugin

openhpi-plugin-snmp-bc/stable 3.8.0-2.3 arm64
  OpenHPI plugin module for IBM's BladeCenter or RSA over SNMP

openhpi-plugin-sysfs/stable 3.8.0-2.3 arm64
  OpenHPI plugin module for the sysfs filesystem

openhpi-plugin-test-agent/stable 3.8.0-2.3 arm64
  OpenHPI plugin module for test agent plugin

openhpi-plugin-watchdog/stable 3.8.0-2.3 arm64
  OpenHPI plugin module for the Linux watchdog interface

openhpid/stable 3.8.0-2.3 arm64
  OpenHPI daemon, supports gathering of manageability information

openigtlink-doc/stable 1.11.0-6 all
  Open IGT Link is a simple network protocol - documentation

openigtlink-examples/stable 1.11.0-6 all
  Open IGT Link is a simple network protocol - examples

openimageio-tools/stable 2.5.18.0+dfsg-1+b1 arm64
  Library for reading and writing images - command line tools

openipmi/stable 2.0.37-1 arm64
  Intelligent Platform Management Interface (for servers)

openkim-models/stable 1:2021.01.28-2.1 arm64
  Models and model-drivers for KIM-API

openmcdf/stable 1.5.4-3.1 all
  Structured Storage Explorer

opennds/stable 10.3.1+dfsg-1 all
  manage access to public internet access

opennds-daemon/stable 10.3.1+dfsg-1 arm64
  manage access to public internet access (service daemon)

opennds-daemon-common/stable 10.3.1+dfsg-1 all
  manage access to public internet access (service helper scripts)

openni-doc/stable 1.5.4.0+dfsg-8 all
  developer documentation for OpenNI frameworks

openni-utils/stable 1.5.4.0+dfsg-8 arm64
  debug and test utilities OpenNI framework

openni2-doc/stable 2.2.0.33+dfsg-18 all
  developer documentation for OpenNI frameworks

openni2-utils/stable 2.2.0.33+dfsg-18+b2 arm64
  debug and test utilities OpenNI2 framework

opennlp/stable 2.5.3-1 all
  wrapper for Apache OpenNLP natural language text processing toolkit

openobex-apps/stable 1.7.2-2.2+b1 arm64
  Applications for OpenOBEX

openocd/stable 0.12.0-3+b2 arm64
  Open on-chip JTAG/SWD debug solution for embedded target devices

openpgp-applet/stable 1.1-3 all
  GNOME applet for OpenPGP text encryption

openprinting-ppds/stable 20230202-1 all
  OpenPrinting printer support - PostScript PPD files

openqa/stable 4.6.1732034221.ae34b08ff-2 all
  automatic Operating System testing framework (webUI & scheduler)

openrazer-daemon/stable 3.10.2+dfsg-1 all
  OpenRazer peripheral drivers (daemon)

openrazer-doc/stable 3.10.2+dfsg-1 all
  OpenRazer peripheral drivers (documentation)

openrazer-driver-dkms/stable 3.10.2+dfsg-1 all
  OpenRazer peripheral drivers (DKMS)

openrazer-meta/stable 3.10.2+dfsg-1 all
  OpenRazer peripheral drivers (metapackage)

openrc/stable 0.56-1 arm64
  dependency based service manager (runlevel change mechanism)

openrefine/stable 3.8.7-1 all
  powerful tool for working with messy data

opensc/stable 0.26.1-2 arm64
  Smart card utilities with support for PKCS#15 compatible cards

opensc-pkcs11/stable 0.26.1-2 arm64
  Smart card utilities (PKCS#11 module)

openseachest/stable 24.08.1-1 arm64
  utilities for operations on SATA/SAS/NVMe/USB storage devices

openstack-clients/stable 0.39 all
  Metapackage to install all Openstack clients

openstack-cloud-services/stable 0.39 all
  Metapackage to install all Openstack service dependencies

openstack-cluster-installer/stable 43.0.10 all
  automatic PXE and puppet-master installer for OpenStack

openstack-cluster-installer-agent/stable 43.0.10 all
  automatic PXE and puppet-master installer for OpenStack - agent

openstack-cluster-installer-cli/stable 43.0.10 all
  automatic PXE and puppet-master installer for OpenStack - API client

openstack-cluster-installer-common/stable 43.0.10 all
  automatic PXE and puppet-master installer for OpenStack - agent

openstack-cluster-installer-live-image-builder/stable 43.0.10 all
  automatic PXE and puppet-master installer for OpenStack - live images

openstack-cluster-installer-openstack-ci/stable 43.0.10 all
  automatic PXE and puppet-master installer for OpenStack - PoC

openstack-cluster-installer-poc/stable 43.0.10 all
  automatic PXE and puppet-master installer for OpenStack - PoC

openstack-cluster-installer-utils/stable 43.0.10 all
  automatic PXE and puppet-master installer for OpenStack - utils

openstack-dashboard/stable 3:25.3.0-3+deb13u1 all
  web application to control an OpenStack cloud

openstack-dashboard-apache/stable 3:25.3.0-3+deb13u1 all
  web application to control an OpenStack cloud - Apache support

openstack-dashboard-debian-theme/stable 1.0.1 all
  Debian theme for Horizon

openstack-toaster/stable 0.39 all
  Metapackage to install all of Openstack services at once

openttd-opengfx/stable 7.1-3 all
  free graphics set for use with the OpenTTD game

openttd-openmsx/stable 0.4.2-2 all
  free music set for use with the OpenTTD game

openttd-opensfx/stable 1.0.3-3 all
  sound set for use with the OpenTTD game

openuniverse/stable 1.0beta3.1+dfsg-7.2 arm64
  3D Universe Simulator

openvpn-systemd-resolved/stable 1.3.0-4+b2 arm64
  integrates OpenVPN with systemd-resolved

openwince-jtag/stable 0.5.1-11 arm64
  allows programming jtag capable devices such as CPUs or FPGAs

openyahtzee/stable 1.9.3-6 arm64
  classic dice game of Yahtzee

openzwave/stable 1.6.1914+ds2-3 arm64
  Sample Program for libopenzwave

opkssh/stable 0.4.0-1+b2 arm64
  OpenPubkey SSH tools for OpenID SSH logins (program)

orage/stable 4.18.0-1+b2 arm64
  Calendar for Xfce Desktop Environment

orca/stable 48.1-1+deb13u2 all
  Scriptable screen reader

orphan-sysvinit-scripts/stable 0.21+deb13u2 all
  Orphaned System-V-like init scripts

orpie/stable 1.6.1-2.1 arm64
  RPN calculator for the terminal

os-autoinst/stable 4.6.1731418769.97d9a7fd-4 arm64
  automated testing of Operating Systems

osc/stable 1.12.1-2 all
  Open Build Service commander

oscs/stable 0.0.2 all
  OpenStack cloud selector parses credentials from clouds.yaml

osg-ca-certs/stable 1.134+dfsg+~1.134+~24178.045bd88-3 all
  OSG CA certificates

osinfo-db/stable 0.20250606-1 all
  Operating system database files

osinfo-db-tools/stable 1.12.0-1 arm64
  libosinfo database tools

osk-sdl/stable 0.67.1-4 arm64
  Lightweight On-Screen-Keyboard based on SDL2

osmid/stable 0.8.0~repack-3+b3 arm64
  tool to convert MIDI to OSC and OSC to MIDI

osmo-mgw/stable 1.14.0+dfsg1-2 arm64
  Osmocom's Media Gateway for 2G and 3G circuit-switched mobile networks

osmo-msc/stable 1.13.0+dfsg1-2 arm64
  Osmocom's Mobile Switching Center for 2G and 3G mobile networks

osmo-pcu/stable 1.5.1-1 arm64
  Osmocom GPRS/EDGE Packet Control Unit (PCU)

osmocom-dahdi-linux/stable 0.0~git20241003.b2ea348-4 all
  DAHDI Linux contains a minimal set of helper tools

osmocom-dahdi-linux-dev/stable 0.0~git20241003.b2ea348-4 all
  DAHDI Linux development files

oss-compat/stable 8 arm64
  Open Sound System (OSS) compatibility package

osspd/stable 1.3.3-5 arm64
  OSS Proxy Daemon: Userland OSS emulation

osspd-alsa/stable 1.3.3-5 arm64
  OSS Proxy Daemon: ALSA backend (experimental)

osspd-pulseaudio/stable 1.3.3-5 arm64
  OSS Proxy Daemon: PulseAudio backend

ostree/stable 2025.2-1 arm64
  content-addressed filesystem for operating system binaries

overlayroot/stable 0.18.debian14 all
  use an overlayfs on top of a read-only root filesystem

ovn-bgp-agent/stable 4.0.0-1 all
  OpenStack virtual network service - OVN BGP agent

ovn-ic/stable 25.03.0-1 arm64
  Open Virtual Network interconnection controller

ow-shell/stable 3.2p4+dfsg1-6 arm64
  shell utilities to talk to an 1-Wire owserver

ow-tools/stable 3.2p4+dfsg1-6 all
  tools to monitor or inspect a ow-server link

owfs/stable 3.2p4+dfsg1-6 all
  Dallas 1-wire support

owfs-common/stable 3.2p4+dfsg1-6 all
  common files used by any of the OWFS programs

owfs-doc/stable 3.2p4+dfsg1-6 all
  Dallas 1-wire support: Documentation for owfs

owfs-fuse/stable 3.2p4+dfsg1-6 arm64
  1-Wire filesystem

owftpd/stable 3.2p4+dfsg1-6 arm64
  FTP daemon providing access to 1-Wire networks

owhttpd/stable 3.2p4+dfsg1-6 arm64
  HTTP daemon providing access to 1-Wire networks

owserver/stable 3.2p4+dfsg1-6 arm64
  Backend server for 1-Wire control

pa-dlna/stable 1.0-1 all
  forward pulseaudio streams to DLNA devices

pacemaker/stable 3.0.0-2 arm64
  cluster resource manager

pacemaker-cli-utils/stable 3.0.0-2 arm64
  cluster resource manager command line utilities

pacemaker-common/stable 3.0.0-2 all
  cluster resource manager common files

pacemaker-cts/stable 3.0.0-2 all
  test framework for cluster-related technologies like Pacemaker

pacemaker-dev/stable 3.0.0-2 arm64
  cluster resource manager development

pacemaker-doc/stable 3.0.0-2 all
  cluster resource manager HTML documentation

pacemaker-remote/stable 3.0.0-2 arm64
  cluster resource manager proxy daemon for remote nodes

pacemaker-resource-agents/stable 3.0.0-2 all
  cluster resource manager general resource agents

packagekit/stable,now 1.3.1-1+deb13u1 arm64 [installed,automatic]
  Provides a package management service

packetsender/stable 8.8.9-2 arm64
  Utility for sending and receiving TCP, UDP, SSL, HTTP packets

pacpl/stable 6.1.3-1 all
  multi-purpose audio converter/ripper/tagger script

pacvim/stable 1.1.1-1.1+b2 arm64
  pacman game concept with vim command

pagekite/stable 1.5.2.201011-4 all
  Make localhost servers publicly visible

pagure-ci/stable 5.14.1+dfsg-7 all
  git-centered forge using pygit2 - CI integration server

pagure-loadjson/stable 5.14.1+dfsg-7 all
  git-centered forge using pygit2 - JSON load server

pagure-logcom/stable 5.14.1+dfsg-7 all
  git-centered forge using pygit2 - commit log server

pagure-mirror/stable 5.14.1+dfsg-7 all
  git-centered forge using pygit2 - mirror

pagure-webhook/stable 5.14.1+dfsg-7 all
  git-centered forge using pygit2 - web-hook server

palp/stable 2.21-1 arm64
  Package for Analyzing Lattice Polytopes

pamix/stable 2.0-1 arm64
  Pulseaudio terminal mixer based in pavucontrol

pamtester/stable 0.1.2-4+b1 arm64
  utility program to test the PAM facility

pamu2fcfg/stable 1.4.0-1 arm64
  universal 2nd factor (U2F) PAM module command-line helper tool

papd/stable 4.2.3~ds-1+deb13u2 arm64
  AppleTalk Network Suite (PAP Print Server)

paramiko-doc/stable 3.5.1-3 all
  Make ssh v2 connections with Python (Documentation)

pari-doc/stable 2.17.2-1 all
  PARI/GP Computer Algebra System documentation

pari-elldata/stable 0.20210301-1 all
  PARI/GP Computer Algebra System elliptic curves (elldata)

pari-galdata/stable 0.20080411-4 all
  PARI/GP Computer Algebra System Galois resolvents (galdata)

pari-galpol/stable 4.0-2 all
  PARI/GP Computer Algebra System Galois polynomial database

pari-gp/stable 2.17.2-1 arm64
  PARI/GP Computer Algebra System binaries

pari-gp2c/stable 0.0.14-1 arm64
  PARI/GP GP to C compiler

pari-nflistdata/stable 0.20220729-2 all
  PARI/GP Computer Algebra System Galois polynomial database

pari-seadata/stable 0.20090618-3 all
  PARI/GP Computer Algebra System modular polynomials (seadata)

parsec-service/stable 1.4.1-3+b2 arm64
  Abstraction layer for secure storage and operations

parsec-tool/stable 0.7.0-7+b1 arm64
  Command line tool to communicate with the Parsec service

partitionmanager/stable 24.12.3-1 arm64
  file, disk and partition management for KDE

password-gorilla/stable 1.6.0~git20180203.228bbbb-1 all
  cross-platform password manager

passwordsafe/stable 1.21.0+dfsg-1 arm64
  Simple & Secure Password Management

passwordsafe-common/stable 1.21.0+dfsg-1 all
  architecture independent files for Password Safe

pasystray/stable 0.8.2-1+b2 arm64
  PulseAudio controller for the system tray

patator/stable 1.0-4 all
  Multi-purpose brute-forcer

pavucontrol/stable 6.1-1 arm64
  PulseAudio Volume Control

pax/stable 1:20240817-1 arm64
  Portable Archive Interchange (cpio, pax, tar)

pcb-rnd/stable 3.1.6-1 arm64
  Standard installation of pcb-rnd

pcb-rnd-import-net/stable 3.1.6-1 arm64
  Netlist/schematics import plugins.

pci.ids/stable,now 0.0~2025.06.09-1 all [installed,automatic]
  PCI ID Repository

pciutils/stable,now 1:3.13.0-2 arm64 [installed]
  PCI utilities

pcmanfm/stable 1.4.0-1 arm64
  extremely fast and lightweight file manager

pconsole/stable 1.2.0-2+b1 arm64
  parallel interactive shell console

pcp/stable 6.3.8-1 arm64
  System level performance monitoring and performance management

pd-comport/stable 1.3-1 arm64
  Pd object for reading and writing to serial ports

pd-hid/stable 0.7-7+b1 arm64
  Pd object for getting data from USB HID devices

pd-iemambi/stable 0.21.1-2+b1 arm64
  Pd-objects for Ambisonics sound spatialization

pd-mediasettings/stable 0.1.3-5+b1 arm64
  programmatically modify the audio and MIDI settings from within Pd

pd-moonlib/stable 0.7-3+b2 arm64
  library of Pd objects related to GUI control

pd-pdogg/stable 0.25.1-10+b1 arm64
  collection of Ogg/Vorbis objects for Pd

pd-pdstring/stable 0.10.2-7+b1 arm64
  Pd-objects for string manipulation

pd-purest-json/stable 2.0.1-3+b2 arm64
  Pd library for working with JSON data and RESTful webservices

pd-unauthorized/stable 0.1-9 arm64
  library of Pd objects for streaming and GUI control

pdd/stable 1.7-2 all
  Tiny date, time diff calculator

pdudaemon/stable 0.0.8.109.gaa25f15-2.1+deb13u1 all
  daemon for controlling PDUs

pdudaemon-client/stable 0.0.8.109.gaa25f15-2.1+deb13u1 all
  client for pdudaemon

pebble/stable 2.6.0+ds1-1+b7 arm64
  ACME (RFC 8555) test-only server

peg/stable 0.1.20+really0.1.18-1 arm64
  recursive-descent parser generators for C

pekwm/stable 0.1.18-1+b3 arm64
  very light window manager

pelican/stable 4.11.0+dfsg-1 all
  blog aware, static website generator

pelican-doc/stable 4.11.0+dfsg-1 all
  blog aware, static website generator (documentation)

perlbal/stable 1.80-4 all
  Perl-based reverse proxy load balancer and web server

perlindex/stable 1.606-6 all
  Perl manual pages index and query application

perlprimer/stable 1.2.4-2 all
  Graphical design of primers for PCR

perlprimer-doc/stable 1.2.4-2 all
  Tutorial to perlprimer

pg-auto-failover-cli/stable 2.2-2 arm64
  Command line interface and service to manage pg auto failover Clusters

phipack/stable 0.0.20160614-5+b1 arm64
  PHI test and other tests of recombination

phosh/stable 0.46.0-3+deb13u1 arm64
  Pure Wayland shell for mobile devices

phosh-common/stable 0.46.0-3+deb13u1 all
  Pure Wayland shell for mobile devices - Common files

phosh-core/stable 46.1 arm64
  GNOME/Phosh mobile Environment -- essential components

phosh-dev/stable 0.46.0-3+deb13u1 arm64
  Pure Wayland shell for mobile devices - development files

phosh-doc/stable 0.46.0-3+deb13u1 all
  Pure Wayland shell for mobile devices - development documentation

phosh-full/stable 46.1 arm64
  GNOME/Phosh mobile Environment, with extra components

phosh-games/stable 46.1 all
  games for the GNOME/Phosh mobile environment

phosh-mobile-tweaks/stable 0.46.0-3+deb13u1 all
  Pure Wayland shell for mobile devices - GSettings tweaks

phosh-phone/stable 46.1 arm64
  GNOME/Phosh mobile Environment -- phone components

phosh-pim/stable 46.1 arm64
  GNOME/Phosh mobile Environment -- PIM components

phosh-plugins/stable 0.46.0-3+deb13u1 arm64
  Pure Wayland shell for mobile devices - Plugins

phosh-tablet/stable 46.1 arm64
  GNOME/Phosh mobile Environment -- tablet components

photoqt/stable 4.8.1+ds-1 arm64
  Fast and highly configurable image viewer

php-async-aws-core/stable 1.25.0-1 all
  AsyncAws Core - AsyncAws component

php-cas/stable 1.6.0-1 all
  Central Authentication Service client library in php

php-code-lts-u2f-php-server/stable 1.2.2-1 all
  Server side handling class for FIDO U2F registration and authentication

php-composer-spdx-licenses/stable 1.5.8-3 all
  SPDX licenses list and validation library

php-econea-nusoap/stable 0.9.19+dfsg-1 all
  Fixed NuSOAP for PHP 5.4 - 8.2

php-embed/stable 4.4.17-1 all
  PHP library to retrieve page info using oembed, opengraph, etc

php-faker/stable 1.20.0+dfsg-5 all
  Faker is a PHP library that generates fake data for you

php-fpdf/stable 3:1.8.4.dfsg-3 all
  PHP class to generate PDF files

php-google-recaptcha/stable 1.3.0-2+deb13u1 all
  reCAPTCHA PHP client library

php-guzzlehttp-guzzle/stable 7.9.2-0.1 all
  Guzzle is a PHP HTTP client library

php-illuminate-container/stable 10.48.29+dfsg-1 all
  Illuminate Container library component for PHP

php-illuminate-contracts/stable 10.48.29+dfsg-1 all
  Illuminate Contracts library component for PHP

php-illuminate-log/stable 10.48.29+dfsg-1 all
  Illuminate Log library component for PHP

php-illuminate-mail/stable 10.48.29+dfsg-1 all
  Illuminate Mail library component for PHP

php-image-text/stable 0.7.0-4 all
  Image_Text - Advanced text manipulations in images

php-kissifrot-php-ixr/stable 1.8.5-1 all
  Incutio XML-RPC library (IXR)

php-mapscript-ng/stable 8.4.0-4+deb13u2 arm64
  PHP MapServer module (SWIG)

php-matomo-device-detector/stable 6.4.5-1 all
  Universal Device Detection library written in PHP

php-maxmind-web-service-common/stable 0.9.0-2 all
  Common Code for MaxMind Web Service Clients

php-monolog/stable 3.9.0-1 all
  send logs to various destination and web services

php-netscape-bookmark-parser/stable 4.0.0-4 all
  generic Netscape bookmark parser

php-parser/stable 5.4.0-3 all
  convert PHP code into abstract syntax tree

php-pimple/stable 3.5.0-4 all
  simple dependency injection container -- class

php-psr-log/stable 3.0.2-2 all
  common interface for logging libraries

php-symfony-console/stable 6.4.41+dfsg-0+deb13u1 all
  run tasks from the command line

php-symfony-deprecation-contracts/stable 3.5.2-5 all
  A generic function and convention to trigger deprecation notices

php-symfony-monolog-bridge/stable 6.4.41+dfsg-0+deb13u1 all
  integration for Monolog with Symfony Components

php-symfony-phpunit-bridge/stable 6.4.41+dfsg-0+deb13u1 all
  integration for PHPUnit with Symfony Components

php-symfony-serializer/stable 6.4.41+dfsg-0+deb13u1 all
  convert PHP objects into specific formats and vice versa

php-symfony-service-contracts/stable 3.5.2-5 all
  Generic abstractions related to writing services

php-thrift/stable 0.19.0-4+b1 arm64
  PHP language support for Thrift

php-webmozart-assert/stable 1.11.0-4 all
  Assertions to validate method input/output with nice error messages

php-zend-code/stable 4.16.0-2 all
  Laminas Project - Code component

php-zend-eventmanager/stable 3.14.0-5 all
  Laminas Project - EventManager component

php-zend-stdlib/stable 3.20.0-2 all
  Laminas Project - Stdlib component

php-zeroc-ice/stable 3.7.10-3.1 arm64
  PHP extension for Ice

phppgadmin/stable 7.14.7+dfsg-1 all
  web-based administration tool for PostgreSQL

phpsysinfo/stable 3.4.4-1 all
  PHP based host information

phrog/stable 0.46.0-2 arm64
  Greetd-compatible greeter for mobile phones

phylip/stable 1:3.697+dfsg-4+b1 arm64
  package of programs for inferring phylogenies

phylip-doc/stable 1:3.697+dfsg-4 all
  package of programs for inferring phylogenies (documentation)

phyml/stable 3:3.3.20220408-4+b1 arm64
  Phylogenetic estimation using Maximum Likelihood

physamp/stable 1.1.0-5+b1 arm64
  sample sequence alignment corresponding to phylogeny

phyutility/stable 2.7.3+dfsg-4 arm64
  simple analyses or modifications on both phylogenetic trees and data matrices

pick/stable 2.0.2-1.1+b1 arm64
  utility to choose one option from a set of choices

pico-sdk-source/stable 2.1.1-1 all
  headers and libraries to write programs for RP2040-based devices

picopore/stable 1.2.0-3 all
  lossless compression of Nanopore files

picotool/stable 2.1.1+dfsg-1 arm64
  interact with RP2040/RP2350 devices or binaries

pidgin-blinklight/stable 0.11.1-6 arm64
  Blinks your ThinkPad's ThinkLight upon new messages

pidgin-festival/stable 2.4-4 arm64
  pidgin plugin to hear incoming messages using voice synthesis

pidgin-plugin-pack/stable 2.8.0-1+b2 arm64
  Collection of Pidgin plugins

pike8.0-dnssd/stable 8.0.1956-1 arm64
  DNS Service Discovery (DNS-SD) for Pike

pinfish/stable 0.1.0+ds-4+b8 arm64
  Collection of tools to annotate genomes using long read transcriptomics data

pinfish-examples/stable 0.1.0+ds-4 all
  Examples and test data for pinfish

pinot/stable 1.22-1+b1 arm64
  meta-search engine for local files and web queries

pinpoint/stable 1:0.1.8-6+b2 arm64
  hacker-friendly presentation program

piper/stable 0.8-1 all
  GTK application to configure gaming devices

piperka-client/stable 0.2.2-1+b3 arm64
  Mobile oriented web comics reader client

pipewire/stable,now 1.4.2-1 arm64 [installed]
  audio and video processing engine multimedia server

pipewire-alsa/stable 1.4.2-1 arm64
  PipeWire ALSA plugin, for ALSA applications to output via PipeWire

pipewire-audio/stable 1.4.2-1 all
  recommended set of PipeWire packages for a standard audio desktop use

pipewire-bin/stable,now 1.4.2-1 arm64 [installed,automatic]
  PipeWire multimedia server - programs

pipewire-doc/stable 1.4.2-1 all
  libraries for the PipeWire multimedia server - documentation

pipewire-jack/stable 1.4.2-1 arm64
  PipeWire JACK plugin, for JACK applications to output via PipeWire

pipewire-pulse/stable,now 1.4.2-1 arm64 [installed]
  PipeWire PulseAudio daemon

pipewire-tests/stable 1.4.2-1 arm64
  PipeWire multimedia server - tests and examples

pipewire-v4l2/stable 1.4.2-1 arm64
  PipeWire V4L2 plugin

pisg/stable 0.80~preview2-1 all
  Perl IRC Statistics Generator

pkcs11-data/stable 0.7.4-2+b6 arm64
  Manage PKCS#11 data objects

pkcs11-dump/stable 0.3.4-1.1+b6 arm64
  Dump PKCS#11 token content

placement-api/stable 13.0.0-1 all
  OpenStack resource inventory Placement - API server

placement-common/stable 13.0.0-1 all
  OpenStack resource inventory Placement - common files

placement-doc/stable 13.0.0-1 all
  OpenStack resource inventory Placement - Documentation

plasma-browser-integration/stable 6.3.4-2 arm64
  Chromium, Google Chrome, Firefox integration for Plasma (backend)

plasma-dialer/stable 1:6.3.5-1 arm64
  Dialer for Plasma Mobile

plasma-disks/stable 6.3.4-1 arm64
  Monitor S.M.A.R.T. capable devices for imminent failure in Plasma

plasma-firewall/stable 6.3.4-2 arm64
  Plasma configuration module for firewalls

plasma-mobile/stable 6.3.6-3 arm64
  User interface for phones, based on Plasma technologies

plasma-mobile-core/stable 9 arm64
  Plasma mobile Environment -- essential components

plasma-mobile-full/stable 9 arm64
  Plasma mobile Environment, with extra components

plasma-mobile-phone/stable 9 arm64
  Plasma mobile Environment -- phone components

plasma-mobile-tweaks/stable 6.3.6-3 all
  Components to improve the Plasma mobile UX on touch devices

plasma-nano/stable 6.3.4-1 arm64
  Plasma shell for embedded devices

plasma-settings/stable 25.02.0-2 arm64
  Settings application for Plasma Mobile

plasma-thunderbolt/stable 6.3.4-1 arm64
  Plasma addons for managing Thunderbolt devices

plasma-vault/stable 6.3.5-1 arm64
  Plasma applet and services for creating encrypted vaults

plast/stable 2.3.2+dfsg-10+b6 arm64
  Parallel Local Sequence Alignment Search Tool

plast-example/stable 2.3.2+dfsg-10 all
  Parallel Local Sequence Alignment Search Tool (example data)

ploticus/stable 2.42-8 arm64
  script driven business graphics package

plotutils/stable 2.6-14+b3 arm64
  GNU plotutils command line tools based on libplot

plplot-driver-cairo/stable 5.15.0+dfsg2-15+b1 arm64
  Scientific plotting library (Cairo driver)

plptools/stable 1.0.13-3+b1 arm64
  Access EPOC device (Psion PDA) over a serial link

pmbootstrap/stable 3.1.0-2 all
  Chroot/build/flash tool to develop and install postmarketOS

pmount/stable 0.9.23-9 arm64
  mount removable devices as normal user

pngquant/stable 2.18.0-1+b2 arm64
  PNG (Portable Network Graphics) image optimising utility

pnmixer/stable 0.7.2-2 arm64
  Simple mixer application for system tray

pnp.ids/stable 0.394-1 all
  PNP ID Registry

poc-streamer/stable 0.4.2-7+b1 arm64
  MP3/Ogg multicast/HTTP streamer and MP3 cutting tool

pocl-source/stable 6.0-6 all
  PoCL source code

pocsuite3/stable 2.0.3-3 all
  Open-sourced remote vulnerability testing framework

policy-rcd-declarative/stable 0.6 all
  policy-rc.d script with declarative syntax

policy-rcd-declarative-allow-all/stable 0.6 all
  Permissive default policy for policy-rcd-declarative

policy-rcd-declarative-deny-all/stable 0.6 all
  Blocking default policy for policy-rcd-declarative

polkit-kde-agent-1/stable 4:6.3.6-1 arm64
  KDE dialogs for PolicyKit

polkitd/stable,now 126-2 arm64 [installed,automatic]
  framework for managing administrative policies and privileges

pollen/stable 4.21-5+b23 arm64
  Entropy-as-a-Service web server

pollinate/stable 4.33-4 all
  seed the pseudo random number generator

polygen/stable 1.0.6.ds2-25+b3 arm64
  generator of random sentences from grammar definitions

polylib-utils/stable 5.22.5-4.2+dfsg+b1 arm64
  Various tools using libpolylib

ponyprog/stable 3.1.4+ds-1 arm64
  Serial device programmer

poretools/stable 0.6.0+dfsg-7 all
  toolkit for nanopore nucleotide sequencing data

poretools-data/stable 0.6.0+dfsg-7 all
  toolkit for nanopore nucleotide sequencing data -- sample datasets

portfolio-filemanager/stable 1.0.2-1 all
  Minimalist file manager for Linux mobile devices

postgresql-17/stable 17.10-0+deb13u1 arm64
  The World's Most Advanced Open Source Relational Database

postgresql-17-plsh/stable 1.20220917-3 arm64
  PL/sh procedural language for PostgreSQL 17

postgresql-17-prioritize/stable 1.0.4-12 arm64
  Get and set the nice priorities of PostgreSQL backends

postgresql-17-rational/stable 0.0.2-7 arm64
  Precise fractional arithmetic for PostgreSQL

postgresql-17-timescaledb/stable 2.19.3+dfsg-1+deb13u1 arm64
  time-series SQL database optimized for fast ingest and complex queries

power-calibrate/stable 0.01.37-1+b1 arm64
  processor power calibration tool

power-profiles-daemon/stable 0.30-1.1 arm64
  Makes power profiles handling available over D-Bus.

poweralertd/stable 0.3.0-1+b1 arm64
  small daemon notifying about changes in devices with batteries

powerdevil/stable 4:6.3.6-1 arm64
  KDE power management service for Plasma

powerdevil-data/stable 4:6.3.6-1 all
  data files for the KDE power management service for Plasma

powerdevil-dev/stable 4:6.3.6-1 arm64
  development files for the KDE power management service for Plasma

powerman/stable 2.4.4-4 arm64
  Centralized Power Distribution Unit (PDU) management

powersupply-gtk/stable 0.9.0-2 all
  Graphical power status tool for Linux mobile devices

powertop/stable 2.15-4 arm64
  diagnose issues with power consumption and management

pppoe/stable 4.0-1+b1 arm64
  PPP over Ethernet driver

pps-tools/stable 1.0.2-2+b1 arm64
  LinuxPPS support tools and headers

pptp-linux/stable 1.10.0-2 arm64
  Point-to-Point Tunneling Protocol (PPTP) Client

pqconnect-server/stable 1.2.2-1 all
  Post-Quantum Internet security layer (server service)

preview.app/stable 0.8.5-12+b2 arm64
  General purpose image viewer for GNUstep

price.app/stable 1.3.0-6+b3 arm64
  Image filtering and manipulation using GNUstep

printemf/stable 1.0.13-8+b1 arm64
  Enhanced Metafile library (executable)

printer-driver-c2esp/stable 27-11+b4 arm64
  printer driver for Kodak ESP AiO color inkjet Series

printer-driver-cups-pdf/stable 3.0.2-3 arm64
  printer driver for PDF writing via CUPS

printer-driver-escpr/stable 1.7.17-4+b1 arm64
  printer driver for Epson Inkjet that use ESC/P-R

printer-driver-hpcups/stable 3.22.10+dfsg0-8.1 arm64
  HP Linux Printing and Imaging - CUPS Raster driver (hpcups)

printer-driver-hpijs/stable 3.22.10+dfsg0-8.1 arm64
  HP Linux Printing and Imaging - printer driver (hpijs)

privatebin-cli/stable 2.0.2-1+deb13u1 arm64
  Powerful CLI for creating and managing PrivateBin pastes with ease

procmeter3/stable 3.6-3.1+b2 arm64
  graphical system status monitor

procps/stable,now 2:4.0.4-9 arm64 [installed]
  /proc file system utilities

procserv/stable 2.8.0-2 arm64
  Process server with telnet console and log access

profanity/stable 0.15.0-1 arm64
  console based XMPP client

profanity-light/stable 0.15.0-1 arm64
  console based XMPP client, light version

profnet-bval/stable 1.0.22-8+b1 arm64
  neural network architecture for profbval

profnet-chop/stable 1.0.22-8+b1 arm64
  neural network architecture for profchop

profnet-con/stable 1.0.22-8+b1 arm64
  neural network architecture for profcon

profnet-isis/stable 1.0.22-8+b1 arm64
  neural network architecture for profisis

profnet-md/stable 1.0.22-8+b1 arm64
  neural network architecture for metadisorder

profnet-norsnet/stable 1.0.22-8+b1 arm64
  neural network architecture for norsnet

profnet-prof/stable 1.0.22-8+b1 arm64
  neural network architecture for profacc

profnet-snapfun/stable 1.0.22-8+b1 arm64
  neural network architecture for snapfun

profphd-net/stable 1.0.22-8+b1 arm64
  neural network architecture for profphd

projecteur/stable 0.10-4+b1 arm64
  virtual laser pointer for Logitech Spotlight devices

projectl/stable 1.001.dfsg2-1+b2 arm64
  sword action shooting

prometheus/stable 2.53.3+ds1-2 arm64
  monitoring system and time series database

prometheus-bird-exporter/stable 1.4.2+ds-2 arm64
  Prometheus exporter for the BIRD routing daemon

prometheus-cpp-dev/stable 1.0.2-2+b3 arm64
  Prometheus Client Library for Modern C++ (development files)

prometheus-hacluster-exporter/stable 1.4.0-1+b5 arm64
  Prometheus exporter for HA cluster services

prometheus-ipmi-exporter/stable 1.10.0-2+b4 arm64
  Prometheus exporter for IPMI devices

prometheus-mongodb-exporter/stable 1.0.0+git20180522.e755a44-5+b3 arm64
  Prometheus exporter for MongoDB

prometheus-mqtt-exporter/stable 0.1.7-1+b18 arm64
  Prometheus exporter for metrics sent via MQTT topics

prometheus-pushgateway/stable 1.11.0-1+b6 arm64
  Prometheus exporter for ephemereal jobs

prometheus-snmp-exporter/stable 0.28.0-1+b5 arm64
  Prometheus exporter for SNMP-enabled devices

prosody-modules/stable 0.0~hg20250402.f315edc39f3d+dfsg-2 all
  Selection of community modules for Prosody

protection-domain-mapper/stable 1.0-7 arm64
  Qualcomm Protection Domain mapper service

protobuf-compiler-grpc/stable 1.51.1-6 arm64
  high performance general RPC framework - protobuf plugin

protobuf-compiler-grpc-java-plugin/stable 1.41.3+ds-5 arm64
  high performance general RPC framework - protobuf Java plugin

protobuild/stable 0.3.0-2+b10 arm64
  Convenience wrapper for building protobufs in Go

protoc-gen-connect-go/stable 1.14.0-1+b3 arm64
  Go implementation of Connect (protobuf plugin)

protoc-gen-go/stable 1.36.5-1 arm64
  Go plugin for protobuf compiler (APIv2)

protoc-gen-go-grpc/stable 1.64.0-7+b2 arm64
  gRPC plugin for protobuf compiler

prottest/stable 3.4.2+dfsg-8 all
  selection of best-fit models of protein evolution

prusa-slicer/stable 2.9.2+dfsg-1 arm64
  G-code generator for 3D printers

pscan-chip-data/stable 1.1-3 all
  auxiliary data for PScan-ChIP

psensor-server/stable 1.2.1-3 arm64
  Psensor server for monitoring hardware sensors remotely

psgml/stable 1.4.0-12.2 all
  Emacs major mode for editing SGML documents

pslist/stable 1.4.0-6 all
  utility that controls a process and its descendants

ptpd/stable 2.3.1-debian1-4+b2 arm64
  Precision Time Protocol daemon

pubpaste/stable 0.8.5 all
  publish files and clipboard online easily

pulseaudio-module-bluetooth/stable 17.0+dfsg1-2+b1 arm64
  Bluetooth module for PulseAudio sound server

pulseview/stable 0.4.2-3+b5 arm64
  sigrok logic analyzer, oscilloscope, and MSO GUI

pumpa/stable 0.9.3-1+b5 arm64
  simple desktop client for pump.io, the distributed social network

puppet-module-aboe-chrony/stable 3.0.0-3 all
  Puppet module for Chrony

puppet-module-adrienthebo-filemapper/stable 1.1.3-2 all
  Puppet module for mapping files to resources and back

puppet-module-antonlindstrom-powerdns/stable 0.0.5-4 all
  Puppet module for PowerDNS

puppet-module-aodh/stable 25.0.0-2 all
  Puppet module for OpenStack Aodh

puppet-module-arioch-redis/stable 11.0.0-1 all
  Puppet module for Redis

puppet-module-barbican/stable 25.0.0-5 all
  Puppet module for OpenStack Barbican

puppet-module-camptocamp-augeas/stable 1.9.0-2 all
  Puppet module for Augeas

puppet-module-camptocamp-kmod/stable 2.1.1-3 all
  Puppet module for managing kmod configuration

puppet-module-camptocamp-openssl/stable 1.5.0-3 all
  Puppet module for managing openssl configuration

puppet-module-camptocamp-postfix/stable 5.1.0-1 all
  Puppet module for Postfix

puppet-module-camptocamp-systemd/stable 2.12.0-3 all
  Puppet module for Systemd configuration

puppet-module-ceilometer/stable 25.0.0-4 all
  Puppet module for OpenStack Ceilometer

puppet-module-ceph/stable 3.1.1-3 all
  Puppet module for Ceph

puppet-module-cinder/stable 25.0.0-3 all
  Puppet module for OpenStack Cinder

puppet-module-cloudkitty/stable 14.0.0-6 all
  Puppet module for OpenStack CloudKitty

puppet-module-cristifalcas-etcd/stable 1.12.3-3 all
  Puppet resource for managing an Etcd cluster

puppet-module-debian-archvsync/stable 1.0.1-1 all
  Puppet module for maintaining a Debian FTP mirror

puppet-module-deric-zookeeper/stable 0.8.4-6 all
  Puppet module for Zookeeper

puppet-module-designate/stable 25.0.0-3 all
  Puppet module for OpenStack Designate

puppet-module-duritong-sysctl/stable 0.0.11-3 all
  Puppet module for Duriting-sysctl

puppet-module-etcddiscovery/stable 0.1.1-3 all
  Puppet module for Etcd-discovery service

puppet-module-extlib/stable 7.0.0-2 all
  Puppet module for Extlib

puppet-module-glance/stable 25.0.0-3 all
  Puppet module for OpenStack Glance

puppet-module-gnocchi/stable 25.0.0-2 all
  Puppet module for OpenStack Gnocchi

puppet-module-heat/stable 25.0.0-5 all
  Puppet module for OpenStack Heat

puppet-module-heini-wait-for/stable 2.0.1-3 all
  Puppet module for waiting for something

puppet-module-horizon/stable 25.0.0-4 all
  Puppet module for OpenStack Horizon

puppet-module-icann-quagga/stable 0.5.2-6 all
  Puppet module for Quagga

puppet-module-icann-tea/stable 0.2.15-4 all
  Puppet datatypes for use of validation

puppet-module-ironic/stable 25.0.0-2 all
  Puppet module for OpenStack Ironic

puppet-module-joshuabaird-ipaclient/stable 2.5.2-4 all
  Puppet module for Joshuabaird IPAclient

puppet-module-keystone/stable 25.0.0-4 all
  Puppet module for OpenStack Keystone

puppet-module-magnum/stable 25.0.0-2 all
  Puppet module for OpenStack Magnum

puppet-module-manila/stable 25.0.0-2 all
  Puppet module for OpenStack Manila

puppet-module-michaeltchapman-galera/stable 0.7.1-6 all
  Michaelt Chapman's Galera Puppet module

puppet-module-mistral/stable 25.0.0-2 all
  Puppet module for OpenStack Mistral

puppet-module-murano/stable 23.0.0-1 all
  Puppet module for OpenStack Murano

puppet-module-nanliu-staging/stable 1.0.4-3 all
  Puppet module for the management of staging directory

puppet-module-neutron/stable 25.0.0-6 all
  Puppet module for OpenStack Neutron

puppet-module-nova/stable 25.0.0-4 all
  Puppet module for OpenStack Nova

puppet-module-oci/stable 43.0.10 all
  automatic PXE and puppet-master installer for OpenStack - puppet module

puppet-module-octavia/stable 25.0.0-4 all
  Puppet module for OpenStack Octavia

puppet-module-openstack-extras/stable 25.0.0-1 all
  add useful utilities for composing and deploying OpenStack

puppet-module-openstacklib/stable 25.0.0-1 all
  exposes common functionality between Openstack modules as a library

puppet-module-oslo/stable 25.0.0-2 all
  Puppet module for OpenStack oslo lib using components

puppet-module-ovn/stable 25.0.0-1 all
  Puppet module for OpenStack OVN

puppet-module-panko/stable 18.4.0-3 all
  Puppet module for OpenStack Panko

puppet-module-pcfens-filebeat/stable 4.9.0-4 all
  Puppet module for Filebeat configuration

puppet-module-placement/stable 12.0.0-1 all
  Puppet module for OpenStack Placement

puppet-module-puppet/stable 18.0.0-2 all
  Puppet module for Puppet itself (client and server)

puppet-module-puppet-archive/stable 4.1.0-1 all
  Puppet module to manages download, and cleanup of archive files

puppet-module-puppet-community-mcollective/stable 0.6.2-4 all
  Puppet module for mcollective to handle and install clusters

puppet-module-puppetlabs-apache/stable 12.2.0-1 all
  Puppet module for Apache

puppet-module-puppetlabs-apt/stable 9.4.0-1 all
  Puppet module for apt

puppet-module-puppetlabs-augeas-core/stable 1.1.2-1 all
  Puppet module for Augeas Core

puppet-module-puppetlabs-concat/stable 7.3.1-2 all
  Puppet module for concat

puppet-module-puppetlabs-cron-core/stable 1.1.0+dfsg1-1 all
  Puppet module for installing and managing cron resources

puppet-module-puppetlabs-firewall/stable 8.1.7-1 all
  Puppet module for Firewall management

puppet-module-puppetlabs-haproxy/stable 8.2.0-1 all
  Puppet module for HAProxy

puppet-module-puppetlabs-host-core/stable 1.1.0-1 all
  Puppet module for managing /etc/hosts file

puppet-module-puppetlabs-inifile/stable 5.4.0-1 all
  Puppet module for ini files

puppet-module-puppetlabs-java/stable 11.1.0-4 all
  Puppet module for installing Java packages on various platforms

puppet-module-puppetlabs-java-ks/stable 5.1.1-3 all
  Puppet module for manage arbitrary Java keystore files

puppet-module-puppetlabs-mailalias-core/stable 1.0.6-3 all
  Puppet module for creating local email aliases

puppet-module-puppetlabs-mongodb/stable 0.7.0-4 all
  Puppet module for managing mongodb installation and configuration

puppet-module-puppetlabs-mount-core/stable 1.0.4+dfsg1-2 all
  Puppet module for managing mount points

puppet-module-puppetlabs-mysql/stable 15.0.0-3 all
  Puppet module for MySQL

puppet-module-puppetlabs-ntp/stable 7.2.0-1 all
  Puppet module for ntp

puppet-module-puppetlabs-postgresql/stable 10.5.0-1 all
  Puppet module for PostgreSQL database

puppet-module-puppetlabs-rabbitmq/stable 8.5.0-8+deb13u1 all
  Puppet module for rabbitmq, manage everything from vhosts to exchanges

puppet-module-puppetlabs-rsync/stable 1.2.0-1 all
  Puppet module for rsync clients, repositories, and servers

puppet-module-puppetlabs-selinux-core/stable 1.2.0-1 all
  Puppet module for SELinux

puppet-module-puppetlabs-sshkeys-core/stable 2.3.0-1 all
  Puppet module for managing SSH authorized_keys, and ssh_known_hosts files

puppet-module-puppetlabs-stdlib/stable 9.4.1-1 all
  Puppet module standard library

puppet-module-puppetlabs-tftp/stable 0.2.3-4 all
  Puppet module for managing tftp-hpa

puppet-module-puppetlabs-translate/stable 2.2.0-1 all
  Puppet module for translate

puppet-module-puppetlabs-vcsrepo/stable 1.3.2-3 all
  use Puppet to easily deploy content from your version control system (VCS)

puppet-module-puppetlabs-xinetd/stable 3.4.1-1 all
  Puppet module for xinetd

puppet-module-rally/stable 5.4.0-2 all
  Puppet module for OpenStack Rally

puppet-module-richardc-datacat/stable 0.6.2-3 all
  Puppet module for data structure rendered using a template

puppet-module-rodjek-logrotate/stable 1.1.1+ds1-7 all
  Logrotate module for Puppet

puppet-module-sahara/stable 23.0.0-1 all
  Puppet module for OpenStack Sahara

puppet-module-saz-memcached/stable 8.2.0-4 all
  Puppet module for memcached

puppet-module-saz-rsyslog/stable 2.2.1-2 all
  Puppet module for rsyslog

puppet-module-saz-ssh/stable 13.1.0-1 all
  Puppet module for Ssh configuration (client and server)

puppet-module-sbitio-monit/stable 1.0.0-5 all
  Puppet module for Monit

puppet-module-swift/stable 25.0.0-1 all
  Puppet module for OpenStack Swift

puppet-module-tempest/stable 25.0.0-1+deb13u1 all
  Puppet module for OpenStack Tempest

puppet-module-theforeman-dns/stable 5.4.0-7 all
  Puppet module for ISC bind

puppet-module-voxpupuli-alternatives/stable 3.0.0-5 all
  Puppet resource for managing Debian alternatives

puppet-module-voxpupuli-archive/stable 7.1.0-3 all
  Puppet module for managing compressed archive file download and extraction

puppet-module-voxpupuli-collectd/stable 11.0.0-4 all
  Puppet module for collectd

puppet-module-voxpupuli-corosync/stable 6.0.1-6 all
  Puppet module for corosync / pacemaker

puppet-module-voxpupuli-elastic-stack/stable 9.0.0-4 all
  Puppet module for configuring APT repository of Elastic components

puppet-module-voxpupuli-elasticsearch/stable 9.0.0-3 all
  Puppet module for managing and configuring Elasticsearch nodes

puppet-module-voxpupuli-kmod/stable 3.2.0-2 all
  Puppet module for manipulating modprobe and kernel modules

puppet-module-voxpupuli-posix-acl/stable 1.0.1-3 all
  Puppet resource for managing posix-acl

puppet-module-voxpupuli-ssh-keygen/stable 2.0.1-4 all
  generate ssh keys for any user using ssh-keygen

puppet-module-vswitch/stable 21.0.0-1 all
  provides puppet things for vSwitches

purifyeps/stable 1.1-3 all
  creates EPS files usable in TeX and pdfTeX

purple-discord/stable 0.9.2025.03.09.git.465575d-1 arm64
  Discord messaging service plugin for libpurple

purple-xmpp-carbons/stable 0.2.3-1.1 arm64
  XMPP XEP-0280: Message Carbons plugin for libpurple

puzzle-jigsaw/stable 1.0.2+git20201007.527c529+dfsg-5 arm64
  tile puzzle game

pwdsphinx/stable 2.0.3-1 all
  SPHINX password storage protocol - reference server implementation

pwdsphinx-tools/stable 2.0.3-1 all
  SPHINX password storage protocol - tools to integrate into an X11 desktop

pybind11-dev/stable 2.13.6-2 all
  seamless operability between C++11 and Python

pybind11-doc/stable 2.13.6-2 all
  documentation for pybind11

pychess/stable 1.0.5-0.1 all
  Fully featured, nice looking, easy to use Chess Client

pycoqc/stable 2.5.2+dfsg-4 all
  computes metrics and generates Interactive QC plots

pyliblo-utils/stable 0.16.3-1 all
  Command line utilities for sending and receiving OSC messages

pymacs/stable 0.25-6 all
  interface between Emacs Lisp and Python

pymoctool/stable 0.5.2-2 all
  Python Multi-Order Coverage maps tool for Virtual Observatory

pyotherside-doc/stable 1.6.2-1 all
  asynchronous Python 3 Bindings for Qt (documentation)

pyotherside-tests/stable 1.6.2-1 arm64
  Asynchronous Python 3 Bindings for Qt (QT5 tests)

pyro5-doc/stable 5.15-1 all
  distributed object middleware for Python (RPC)

pyro5-examples/stable 5.15-1 all
  distributed object middleware for Python (RPC)

pyspread/stable 2.4-2 all
  cross-platform Python spreadsheet application

python-agate-doc/stable 1.9.1-1 all
  documentation for agate

python-aodhclient-doc/stable 3.7.1-2 all
  OpenStack Alarming as a Service - client doc

python-attr-doc/stable 25.3.0-1 all
  documentation for the attrs Python library

python-azure-doc/stable 20250603+git-1 all
  Microsoft Azure SDK for Python - Documentation

python-bitmath-doc/stable 1.3.3.1-4 all
  handle file sizes with different prefix notations (Documentation)

python-bitstring-doc/stable 4.2.3-1 all
  Python module for manipulation of binary data (documentation)

python-bleak-doc/stable 0.22.3-1 all
  Bluetooth Low Energy platform agnostic client (Documentation)

python-can-doc/stable 4.5.0-1 all
  Controller Area Network (CAN) interface module - API documentation

python-cloudkittyclient-doc/stable 5.3.1-3 all
  API client for Rating as a Service project - doc

python-cotyledon-doc/stable 1.7.3-3 all
  framework for defining long-running services - doc

python-cvxopt-doc/stable 1.3.0+dfsg-1 all
  Python package for convex optimization (documentation)

python-designateclient-doc/stable 6.2.0-2 all
  client library for the OpenStack Designate API - doc

python-django-analytical-doc/stable 3.1.0-2 all
  Integrate analytics services into a Django (Documentation)

python-django-auth-ldap-doc/stable 5.1.0-1 all
  Django LDAP authentication backend (documentation)

python-django-casclient-doc/stable 1.5.3-3 all
  CAS client library for Django (documentation)

python-django-crispy-forms-doc/stable 2.4-1 all
  app for Django providing elegant form rendering (Documentation)

python-django-crispy-forms-foundation-doc/stable 1.0.2+ds-1 all
  Django-crispy-forms layout objects for Foundation for sites (Documentation)

python-django-haystack-doc/stable 3.3.0-2 all
  modular search for Django (Documentation)

python-django-parler-doc/stable 2.3-4 all
  Django model translations (Documentation)

python-django-sekizai-doc/stable 4.1.0-1 all
  template blocks for Django projects (Documentation)

python-django-storages-doc/stable 1.14.5-1 all
  storage backends in Django (Documentation)

python-djangorestframework-api-key-doc/stable 3.1.0-1 all
  API key permissions for Django REST Framework (documentation)

python-elastic-transport-doc/stable 8.17.1-2 all
  Transport utilities shared by the Elastic client libraries (Documentation)

python-elasticsearch-curator-doc/stable 8.0.21-1 all
  Python library for managing Elasticsearch time-series indices (documentation)

python-evdev-doc/stable 1.9.1-1 arm64
  Python bindings for the Linux input subsystem (docs)

python-fedora-doc/stable 1.1.1-5 all
  Python modules for interacting with Fedora Services (common documentation)

python-flask-gravatar-doc/stable 0.5.0-2 all
  Documentation for python3-flask-gravatar

python-flask-restful-doc/stable 0.3.10-5 all
  REST API framework for Flask applications (Documentation)

python-fpylll-doc/stable 0.6.3-2 all
  Python wrapper for LLL-reduction of Euclidean lattices -- doc

python-freezerclient-doc/stable 6.0.0-3 all
  OpenStack backup restore and disaster recovery service - doc files

python-glance-store-doc/stable 4.9.1-2 all
  OpenStack Image Service store library - doc

python-glanceclient-doc/stable 1:4.8.0-2 all
  Client library for Openstack glance server - doc

python-gnocchiclient-doc/stable 7.1.0-3 all
  bindings to the OpenStack Gnocchi API - doc

python-guizero-doc/stable 1.6.0+ds-1 all
  module to allow quick and easy GUI creation (documentation)

python-humanfriendly-doc/stable 10.0-6 all
  Python3 library to make user friendly text interfaces - Documentation

python-ironicclient-doc/stable 5.10.0-5 all
  Client for OpenStack bare metal Service - doc

python-itango-doc/stable 0.2.1-1 all
  Interactive Tango client - documentation

python-jupyter-server-doc/stable 2.15.0-1 all
  Jupyter protocol server backend (Documentation)

python-keystoneclient-doc/stable 1:5.6.0-2 all
  client library for the OpenStack Keystone API - doc

python-keystonemiddleware-doc/stable 10.9.0-2+deb13u1 all
  Middleware for OpenStack Identity (Keystone) - doc

python-kivy-examples/stable 2.3.1-1 all
  Kivy - Multimedia / Multitouch framework in Python (examples)

python-leather-doc/stable 0.4.0-1 all
  documentation for leather

python-libevdev-doc/stable 0.11-2 all
  Python wrapper for libevdev (common documentation)

python-libnmap-doc/stable 0.7.3-1 all
  Python NMAP Library (common documentation)

python-lmfit-doc/stable 1.3.3-4 all
  Least-Squares Minimization with Constraints (Documentation)

python-ly-doc/stable 0.9.9-3 all
  Tool and library for manipulating LilyPond files (documentation)

python-magnumclient-doc/stable 4.8.1-2 all
  client library for Magnum API - doc

python-manilaclient-doc/stable 5.4.0-2 all
  OpenStack shared file system as a service - client doc

python-mbed-host-tests-doc/stable 1.4.4-11 all
  module and utilities to flash, reset and test Mbed Enabled devices (docs)

python-mbed-ls-doc/stable 1.6.2+dfsg-12 all
  mbed-ls library documentation

python-microversion-parse-doc/stable 1.0.1-3 all
  OpenStack microversion header parsing library - doc

python-musicbrainzngs-doc/stable 0.7.1-6 all
  Documentation for the Python Musicbrainz NGS interface modules

python-ncclient-doc/stable 0.6.17-1 all
  Documentation for python-ncclient (Python library for NETCONF clients)

python-network-runner-doc/stable 0.3.6-3 all
  abstraction of Ansible for interaction with networking devices (docs)

python-neutron-lib-doc/stable 3.18.2-3 all
  Neutron shared routines and utilities - doc

python-nose2-doc/stable 0.15.1-1 all
  Next generation of nicer testing for Python2/3 (documentation)

python-octaviaclient-doc/stable 3.10.0-2 all
  Octavia client for OpenStack Load Balancing - doc

python-openstacksdk-doc/stable 4.4.0-5 all
  SDK for building applications to work with OpenStack - doc

python-os-api-ref-common/stable 2.3.0+ds1-4 all
  Sphinx Extensions to support API reference sites in OpenStack - common

python-os-client-config-doc/stable 2.1.0-3 all
  OpenStack client configuration library - doc

python-os-service-types-doc/stable 1.7.0-5 all
  lib for consuming OpenStack sevice-types-authority data - doc

python-os-traits-doc/stable 3.4.0-1 all
  standardized trait strings - doc

python-osc-placement-doc/stable 4.6.0-2 all
  OpenStackClient plugin for the Placement service - doc

python-oslo.limit-doc/stable 2.6.1-3 all
  OpenStack limit enforcement library to assist with quota calculation - doc

python-oslo.service-doc/stable 4.1.1-2 all
  library for running OpenStack services - doc

python-oslo.versionedobjects-doc/stable 3.6.0-3 all
  deals with DB schema versions and code expectations - doc

python-osprofiler-doc/stable 4.2.0-6 all
  OpenStack Profiler Library - doc

python-phx-class-registry-doc/stable 4.1.0-2 all
  Module to define global factories and service registries - Documentation

python-proliantutils-doc/stable 2.16.3-1 all
  client lib interfacing various devices in HP Proliant Servers - doc

python-proton-core-doc/stable 0.4.0-3 all
  Proton Technologies API wrapper (common documentation)

python-proton-vpn-api-core-doc/stable 0.39.0-1 all
  Proton AG VPN Core API (common documentation)

python-pskc-doc/stable 1.3-2 all
  Python module for handling PSKC files (Documentation)

python-public-doc/stable 4.1.0-2 all
  @public decorator for adding names to _all_(common documentation)

python-pyeapi-doc/stable 1.0.2-2 all
  Python API to interact with EOS network devices - docs

python-pyopencl-doc/stable 2025.1-1 all
  module to access OpenCL parallel computation API (documentation)

python-pysaml2-doc/stable 7.5.0-4 all
  SAML Version 2 to be used in a WSGI environment - doc

python-pystac-doc/stable 1.13.0-1 all
  Python library for working with the SpatioTemporal Asset Catalog (documentation)

python-pytest-djangoapp-doc/stable 1.2.0-1 all
  Django pluggable application testing (Documentation)

python-pytest-mock-doc/stable 3.14.0-2 all
  Documentation of the Pytest Mock plugin (HTML)

python-pytest-shell-utilities-doc/stable 1.9.7-2 all
  fixtures and code to help with running shell commands on tests (Documentation)

python-pyxs-doc/stable 0.4.2~git20190115.97f14313-6 all
  Pure Python XenStore client implementation (documentation)

python-rapidfuzz-doc/stable 3.12.2+ds-1 all
  Rapid fuzzy string matching library (Python module documentation)

python-secretstorage-doc/stable 3.3.3-3 all
  Python module for storing secrets - documentation

python-shodan-doc/stable 1.31.0-1 all
  Official Python library for Shodan (common documentation)

python-sortedcollections-doc/stable 2.1.0-2 all
  Python documentation for Sorted Collections

python-sphinx-feature-classification-doc/stable 2.0.0-2 all
  generate a matrix of pluggable drivers and their support to an API - doc

python-stac-check-doc/stable 1.6.0+ds-1 all
  Linting and validation tool for STAC assets (documentation)

python-swiftclient-doc/stable 1:4.7.0-2 all
  Client library for Openstack Swift API - doc

python-tackerclient-doc/stable 2.3.0-2 all
  CLI and Client Library for OpenStack Tacker - doc

python-tango-doc/stable 10.0.2-1 all
  API for the TANGO control system

python-tooz-doc/stable 6.3.0-4 all
  Coordination library for distributed systems. - doc

python-trie-doc/stable 0.4.0+ds-1 all
  Pure Python implementation of the trie data structure (doc)

python-ulmo-doc/stable 0.8.8+dfsg1-8 all
  Simple & fast Python access to public hydrology & climatology data - docs

python-usgs-doc/stable 0.3.5-3 all
  Access the USGS inventory service (documentation)

python-uvicorn-doc/stable 0.32.0-3 all
  ASGI server implementation, using uvloop and httptools (Documentation)

python-vcr-doc/stable 7.0.0-2 all
  record and replay HTML interactions (Documentation)

python-vitrageclient-doc/stable 5.2.0-2 all
  OpenStack root cause analysis as a Service doc.

python-w3lib-doc/stable 2.3.1-1 all
  Collection of web-related functions (documentation package)

python-watcherclient-doc/stable 4.8.0-2 all
  OpenStack Cloud Optimization as a Service - client doc

python-werkzeug-doc/stable 3.1.3-2 all
  Documentation for the werkzeug Python library (docs)

python-xlwt-doc/stable 1.3.0-6 all
  module for writing Microsoft Excel spreadsheet files - doc

python-zunclient-doc/stable 5.2.1-2 all
  OpenStack container management service API client - doc

python3-access2base/stable 4:25.2.3-2+deb13u6 all
  interface between Python and the LibreOffice Access2Base library

python3-acoustid/stable 1.3.0-2 all
  Acoustid interface implementation and Chromaprint bindings (Python 3)

python3-ad9361/stable 0.3-2+b2 arm64
  Module specific to the Analog Devices AD9361 (Python)

python3-afsapi/stable 0.2.7-2 all
  asynchronous implementation of the Frontier Silicon API

python3-agate/stable 1.9.1-1 all
  data analysis library optimized for human readability

python3-aio-geojson-nsw-rfs-incidents/stable 0.7-2 all
  async GeoJSON client library for NSW Rural Fire Service Incidents

python3-aioairq/stable 0.4.2-3 all
  asynchronous library to retrieve data from air-Q devices

python3-aioairzone/stable 1.0.0-1 all
  Asynchronous Python library for managing Airzone HVAC systems

python3-aioairzone-cloud/stable 0.6.1-3 all
  library to control Airzone Cloud devices

python3-aioapns/stable 3.3.1-1 all
  APNs Client Library for asyncio (Python3 version)

python3-aiobafi6/stable 0.9.0-2 all
  Asynchronous Python library for controlling Big Ass Fans via the i6 protocol

python3-aiocomelit/stable 1.0.0-1 all
  Python library for asynchronous control of Comelit Simplehome systems

python3-aiodukeenergy/stable 0.3.0-1 all
  Asyncio-based library for interacting with Duke Energy's services

python3-aioeagle/stable 1.1.0-2 all
  Asynchronous Python library for interfacing with Rainforest EAGLE-200 energy meters

python3-aioeapi/stable 0.6.3-6 all
  Arista EOS API asyncio Client

python3-aioecowitt/stable 2025.3.1-1 all
  Python library for interfacing with the EcoWitt Protocol

python3-aioelectricitymaps/stable 1.1.0-2 all
  Async Python client for interfacing with Electricity Maps API

python3-aioesphomeapi/stable 25.1.0-2 all
  Python API for interacting with ESPHome devices

python3-aiohttp-asyncmdnsresolver/stable 0.1.1-2 all
  Async resolver for aiohttp supporting mDNS queries

python3-aioice/stable 0.10.1-1 all
  implementation of ICE

python3-aioimaplib/stable 2.0.1-1 all
  Asynchronous IMAP4rev1 client library using Python asyncio

python3-aiolifx/stable 1.0.6-3 all
  API for local communication with LIFX devices over a LAN with asyncio

python3-aiomealie/stable 0.9.6-1 all
  Asynchronous client for interacting with Mealie instances

python3-aiomusiccast/stable 0.14.8-2 all
  companion library for musiccast devices

python3-aiopegelonline/stable 0.1.1-1 all
  library for accessing PEGELONLINE water data

python3-aiopvpc/stable 4.3.1-3 all
  retrieval of Spanish Electricity hourly prices (PVPC)

python3-aioqsw/stable 0.4.1-2 all
  library to control QNAP QSW devices

python3-aioruckus/stable 0.40-2 all
  API to interact with Ruckus Unleashed and ZoneDirector devices

python3-aiorussound/stable 4.6.0-1 all
  Asyncio client for Russound RIO devices

python3-aioruuvigateway/stable 0.1.0-2 all
  asyncio-native library for Ruuvi Gateway data requests

python3-aioserial/stable 1.3.1-2 all
  Asynchronous serial port library

python3-aioshelly/stable 11.2.0-3 all
  asynchronous library to control Shelly devices

python3-aiosolaredge/stable 0.2.0-2 all
  Asyncio SolarEdge devices readings

python3-aiosomecomfort/stable 0.0.25-2 all
  client for Honeywell's US-based cloud devices

python3-aiostreammagic/stable 2.11.0-2 all
  Async package for interfacing with Cambridge Audio streamers

python3-aioswitcher/stable 4.0.2-1.1 all
  Switcher Python Integration

python3-aiotankerkoenig/stable 0.5.0-1 all
  Fetch data from tankerkoenig.de asynchronously

python3-aiovodafone/stable 0.9.0-1.1 all
  library to control Vodafone Station

python3-aiozipkin/stable 1.1.1a1-1 all
  Distributed tracing instrumentation for asyncio application with zipkin

python3-airgradient/stable 0.9.2-1 all
  Asynchronous client for AirGradient devices

python3-airthings-ble/stable 1.1.0-1 all
  Control Airthings devices via BLE for Python environments

python3-airthings-cloud/stable 0.2.0-2 all
  Python library for interfacing with Airthings devices

python3-alarmdecoder/stable 1.13.11-2 all
  interface for the AlarmDecoder (AD2) family of alarm devices

python3-alsaaudio/stable 0.10.0-0.1+b5 arm64
  Alsa bindings for Python 3

python3-amberelectric/stable 2.0.0-2 all
  Amber Electric Public API

python3-androidtvremote2/stable 0.1.1-2 all
  interacting with Android TV using the Android TV Remote protocol v2

python3-anta/stable 1.3.0-2 all
  Arista Network Test Automation (ANTA) Framework

python3-aodhclient/stable 3.7.1-2 all
  OpenStack Alarming as a Service - Python 3.x client

python3-applicationinsights/stable 0.11.10-2 all
  Azure Application Insights API for Python 3.x

python3-apriltag/stable 3.4.2-1+b2 arm64
  AprilTags Visual Fiducial System

python3-apsystems-ez1/stable 2.3.0-2 all
  interface for interacting with the local API of APsystems EZ1 Microinverters

python3-aqipy/stable 0.4.1-2 all
  Library for live Air Quality Indices (AQI)

python3-aresponses/stable 3.0.0-2 all
  Asyncio testing server for mocking external services

python3-arsenic/stable 21.8-2 all
  Asynchronous WebDriver client

python3-asf-search/stable 8.1.2-1 all
  Python wrapper for ASF's SearchAPI

python3-assertpy/stable 1.1-1.1 all
  Simple assertion library for unit testing with a fluent API

python3-astropy-coordinated/stable 2.1 all
  Collection of all astropy coordinated packages

python3-astropy-healpix/stable 1.1.2-1 arm64
  HEALPix representation of spherical data - Python 3

python3-async-upnp-client/stable 0.44.0-1 all
  Asynchronous UPnP client library for Python

python3-asyncarve/stable 0.1.1-1.1 all
  Simple Arve device client library

python3-asyncio-dgram/stable 2.2.0-3 all
  Enhanced Datagram protocol support for Asyncio

python3-attr/stable 25.3.0-1 all
  Attributes without boilerplate (Python 3)

python3-automat/stable 25.4.16-1 all
  Self-service finite-state machines for the programmer on the go

python3-avahi/stable 0.8-16 arm64
  Python utility package for Avahi

python3-aws-xray-sdk/stable 0.95-4 all
  AWS X-Ray SDK for Python 3

python3-awscrt/stable 0.24.0+dfsg-1 arm64
  Python 3 bindings for the AWS Common Runtime

python3-azure/stable 20250603+git-1 all
  Microsoft Azure SDK for Python 3.x

python3-azure-storage/stable 20250603+git-1 all
  Microsoft Azure Storage Library for Python 3.x

python3-b2sdk/stable 2.8.0-1 all
  Python library to access B2 cloud storage

python3-barbican/stable 1:20.0.0-3 all
  OpenStack Key Management Service - Python files

python3-bdsf/stable 1.13.0-1 arm64
  Python Blob Detection and Source Finder

python3-beancount/stable 3.1.0-3 arm64
  Double-entry accounting from text files - Python module

python3-beangrow/stable 1.0.0+git20250207-3 arm64
  Calculating portfolio returns for Beancount (Python 3)

python3-beanprice/stable 2.0.0-2 arm64
  Price quotes fetcher for Beancount (Python 3)

python3-berrynet/stable 3.10.2-2 all
  deep learning gateway - python3 modules

python3-binoculars/stable 0.0.19-1 all
  Surface X-ray diffraction 2D detector data reduction - Python3

python3-bioblend/stable 1.2.0-2 all
  CloudMan and Galaxy API library (Python 3)

python3-biomaj3/stable 3.1.24-2 all
  BioMAJ workflow management library

python3-biomaj3-cli/stable 3.1.11-5 all
  BioMAJ client

python3-biomaj3-daemon/stable 3.0.24-3 all
  BioMAJ daemon library

python3-biomaj3-download/stable 3.2.12-2 all
  BioMAJ download management library

python3-biomaj3-process/stable 3.0.19-3 all
  BioMAJ process management library

python3-biomaj3-user/stable 3.0.12-2 all
  BioMAJ user management library

python3-biomaj3-zipkin/stable 0.2.2-3 all
  BioMAJ zipkin log tracing library

python3-biopython/stable 1.85+dfsg-4 arm64
  Python3 library for bioinformatics

python3-bip32utils/stable 0.0~git20170118.dd9c541-2 all
  Python implementation of Bitcoin hierarchical deterministic wallet

python3-bitbucket-api/stable 0.5.0-5 all
  library to interact with bitbucket API (Python 3)

python3-bitmath/stable 1.3.3.1-4 all
  handle file sizes with different prefix notations (Python3 version)

python3-bitstring/stable 4.2.3-1 all
  Python module for manipulation of binary data (Python 3)

python3-bladerf/stable 0.2024.05-1 arm64
  Nuand bladeRF software-defined radio device (Python)

python3-blazar/stable 15.0.0-3 all
  resource reservation service for OpenStack - Python files

python3-blazar-dashboard/stable 13.0.0-2 all
  Horizon plugin for the Blazar Reservation Service for OpenStack

python3-blazarclient/stable 4.3.0-2 all
  client for OpenStack Reservation Service

python3-blazarnova/stable 7.0.0-2 all
  Nova scheduler filter used for the host reservation feature

python3-bleak/stable 0.22.3-1 all
  Bluetooth Low Energy platform agnostic client

python3-bleak-esphome/stable 1.0.0-2 all
  Bleak backend of ESPHome

python3-bleak-retry-connector/stable 3.10.0-3 all
  Connector for Bleak Clients that handles transient connection failures

python3-blebox-uniapi/stable 2.5.0-3 all
  Library for accessing BleBox smart home devices

python3-bluemaestro-ble/stable 0.4.1-1 all
  Library for interfacing with BlueMaestro BLE devices

python3-bluetooth-adapters/stable 0.21.4-1 all
  Enumerate and find Bluetooth Adapters in Python

python3-bluetooth-data-tools/stable 1.28.2-1 arm64
  Python tools for converting bluetooth data and packets

python3-blurhash/stable 1.1.4-4 arm64
  Python implementation of the blurhash algorithm

python3-boltons/stable 25.0.0-1 all
  set of pure-Python utilities (Python 3)

python3-borgstore/stable 0.3.0-2 all
  Simple key/value store implementation in Python

python3-bornagain/stable 22~git20250325170646.93042f5+ds3-3 arm64
  Simulate and fit X-ray and neutron GISAS -- Python3

python3-boto3/stable 1.37.9-1 all
  Python interface to Amazon's Web Services - Python 3.x

python3-botocore/stable 1.37.9+repack-1 all
  Low-level, data-driven core of boto 3 (Python 3)

python3-broadlink/stable 0.19.0-1 all
  Python API for controlling Broadlink devices

python3-bsblan/stable 2.2.5-1 all
  Asynchronous client for monitoring and controlling BSBLan devices

python3-bthome-ble/stable 3.13.1-1 all
  BLE parser for sensors supporting BTHome format

python3-btrfs/stable 15-1 all
  Python module to inspect an online btrfs filesystem

python3-btsocket/stable 0.3.0-1 all
  Python interface for BlueZ Bluetooth Management API

python3-calmjs.types/stable 1.0.1-6 all
  types for the calmjs framework

python3-can/stable 4.5.0-1 all
  Controller Area Network (CAN) interface module

python3-canary/stable 0.5.4-2 all
  Library to interact with Canary security cameras

python3-capirca/stable 2.0.9-0.1 all
  Multi-platform ACL generation system

python3-carquinyol/stable 0.121-2+b3 arm64
  Sugar Learning Platform - datastore

python3-casttube/stable 0.2.1-2 all
  Interact with the YouTube Chromecast API

python3-cdo/stable 1.6.0-4 arm64
  Python3 module for Climate Data Operators

python3-censys/stable 2.2.17-1 all
  easy-to-use and lightweight API wrapper for Censys APIs (censys.io)

python3-cgecore/stable 1.5.6+ds-2 all
  Python3 module for the Center for Genomic Epidemiology

python3-characteristic/stable 14.3.0-8 all
  helper for implementing attribute-related object protocols (Python 3)

python3-cinder/stable 2:26.0.0-2 all
  OpenStack block storage system - Python libraries

python3-cinderclient/stable 1:9.7.0-2 all
  Python bindings to the OpenStack Volume API - Python 3.x

python3-cirpy/stable 1.0.2-3 all
  Python wrapper for the NCI Chemical Identifier Resolver (CIR)

python3-cloud-sptheme/stable 1.10.1.post20200504175005-7 all
  Cloud Sphinx theme and related extensions (python3 version)

python3-cloudkitty/stable 22.0.0-2 all
  OpenStack Rating as a Service - Python library

python3-cloudkitty-dashboard/stable 20.0.0-1 all
  OpenStack data processing cluster as a service - dashboard plugin

python3-cloudkittyclient/stable 5.3.1-3 all
  API client for Rating as a Service project - Python 3.x

python3-coards/stable 1.0.5-5 all
  COARDS-compliant time parser (Python 3)

python3-codicefiscale/stable 0.9+ds0-3 all
  Generate and validate Italian "codice fiscale" (Python 3.x)

python3-colormath/stable 3.0.0-4 all
  Abstracts common color math operations (Python 3 version)

python3-compyle/stable 0.8.1-11 all
  Execute a subset of Python on HPC platforms

python3-configshell-fb/stable 1:2.0.0-2 all
  Python library for building configuration shells - Python 3

python3-connio/stable 0.2.0-3 all
  Concurrency agnostic communication Python library

python3-consul/stable 1.5.5-1 all
  Python client for Consul.io

python3-controku/stable 1.1.0-3 all
  Python library to control Roku devices on your local network

python3-cooler/stable 0.10.3-1 arm64
  library for a sparse, compressed, binary persistent storage

python3-cooler-examples/stable 0.10.3-1 all
  library for a sparse, compressed, binary persistent storage (examples)

python3-coriolisclient/stable 1.0.9-2 all
  client bindings and cli to the Coriolis migration API

python3-cotyledon/stable 1.7.3-3 all
  framework for defining long-running services - Python 3.x

python3-cpuinfo/stable 9.0.0+git20221119-3 all
  Python module for getting CPU info (Python 3)

python3-crc32c/stable 2.7.1-1 arm64
  python implementation in hardware and software of crc32c

python3-csb/stable 1.2.5+dfsg-10 all
  Python framework for structural bioinformatics (Python3 version)

python3-customidenticon/stable 0.1.5-2 all
  Python library for generate a variety of identicons

python3-cvc5/stable 1.1.2-2+b3 arm64
  automated theorem prover for SMT problems (Python bindings)

python3-cvelib/stable 1.7.1-1 all
  library and a command line interface for the CVE Services API

python3-cvxopt/stable 1.3.0+dfsg-1+b9 arm64
  Python3 package for convex optimization

python3-cyarray/stable 1.1-9+b3 arm64
  Fast, typed, resizable, Cython array

python3-cyborg/stable 14.0.0-3+deb13u1 all
  OpenStack Acceleration as a Service - Python library

python3-cymruwhois/stable 1.6-4.1 all
  Python library for interfacing with the whois.cymru.com service (Python 3)

python3-dacite/stable 1.9.2-2 all
  Simple creation of data classes from dictionaries

python3-dar/stable 2.7.17-1+b16 arm64
  Disk ARchive: Python bindings

python3-dartpy/stable 6.13.2+ds-3+b1 arm64
  Kinematics Dynamics and Optimization Library - DART Python bindings

python3-dataproperty/stable 1.1.0-1 all
  Python library for extracting detailed properties from data

python3-datrie/stable 0.8.2-5+b2 arm64
  Super-fast, efficiently stored Trie for Python 3

python3-dbus-fast/stable 2.44.1-1 arm64
  Faster version of dbus-next

python3-dbusmock/stable 0.34.3-1 all
  mock D-Bus objects for tests

python3-dcos/stable 0.2.0-10 all
  DCOS Common Modules - Python 3.x

python3-deepdish/stable 0.3.7-4 all
  Flexible HDF5 saving/loading and other data science tools

python3-dendropy/stable 4.6.1-2 all
  DendroPy Phylogenetic Computing Library (Python 3)

python3-designate/stable 1:20.0.0-2 all
  OpenStack DNS as a Service - Python libs

python3-designate-dashboard/stable 20.0.0-1 all
  OpenStack DNS as a Service - dashboard plugin

python3-designateclient/stable 6.2.0-2 all
  client library for the OpenStack Designate API - Python 3.x

python3-devialet/stable 1.5.7-1 all
  Interface for controlling Devialet wireless speakers

python3-devolo-home-control-api/stable 0.19.0-1 all
  Library for interacting with devolo Home Control devices

python3-devolo-plc-api/stable 1.5.1-1 all
  Library to interact with devolo PLC devices

python3-dialog/stable 3.5.3-1 all
  Python module for making simple terminal-based user interfaces

python3-dictobj/stable 0.4-7 all
  Python3 dictionary where keys can be accessed as instance attributes

python3-didl-lite/stable 1.4.1-1 all
  Python tools for handling DIDL-Lite XML data

python3-dijitso/stable 2019.2.0~git20190418.c92dcb0-4 all
  distributed just-in-time building of shared libraries (Python 3)

python3-dio-chacon-wifi-api/stable 1.2.2-1 all
  Library implementing Wi-Fi protocol for DIO Chacon devices

python3-dipy/stable 1.11.0-2 all
  Python library for the analysis of diffusion MRI datasets

python3-directv/stable 0.4.0-3 all
  Library to control and monitor DirecTV receivers

python3-disptrans/stable 0.0.1-6 all
  Dispersion-Compensated Algorithm

python3-dist-meta/stable 0.9.0+dfsg-2 all
  Parse and create Python distribution metadata

python3-django-analytical/stable 3.1.0-2 all
  Integrate analytics services into a Django (Python3 version)

python3-django-anymail/stable 13.0-1 all
  Django email backend for multiple ESPs (Python 3)

python3-django-auth-ldap/stable 5.1.0-1 all
  Django LDAP authentication backend (Python3 version)

python3-django-cas-server/stable 2.1.0-3 all
  CAS server library for Django

python3-django-cas-server-doc/stable 2.1.0-3 all
  CAS server library for Django (documentation)

python3-django-casclient/stable 1.5.3-3 all
  CAS client library for Django, K-State's version (Python 3)

python3-django-choices-field/stable 2.3.0-3 all
  Set/Get Django's TextChoices/IntegerChoices enum

python3-django-countries/stable 7.6.1-1 all
  provides a country field for Django models (Python3 version)

python3-django-crispy-forms/stable 2.4-1 all
  app for Django providing elegant form rendering (Python3 version)

python3-django-crispy-forms-foundation/stable 1.0.2+ds-1 all
  Django-crispy-forms layout objects for Foundation for sites (Python3 version)

python3-django-dynamic-preferences/stable 1.17.0-1 all
  Dynamic global and instance settings for your django project

python3-django-favicon-plus-reloaded/stable 1.2-1 all
  Django app for uploading and managing favicons and more

python3-django-haystack/stable 3.3.0-2 all
  modular search for Django (Python version)

python3-django-horizon/stable 3:25.3.0-3+deb13u1 all
  Django module providing web interaction with OpenStack

python3-django-otp-yubikey/stable 1.0.0.post1-1.1 all
  Django-otp plugin that verifies YubiKey OTP tokens

python3-django-pagination/stable 1.0.7-6 all
  utilities for creating pagination tools for Django

python3-django-parler/stable 2.3-4 all
  Django model translations (Python3 version)

python3-django-prometheus/stable 2.3.1-2 all
  Django middlewares to enable monitoring with Prometheus (Python 3)

python3-django-push-notifications/stable 1.6.0-3 all
  Send push notifications through GCM or APNS in Django (Python3 version)

python3-django-rich/stable 2.0.0-1 all
  Extensions for using Rich with Django (Python3 version)

python3-django-saml2/stable 1.10.1-1 all
  Django application that integrates PySAML2 (Python3 version)

python3-django-sass/stable 1.1.0-1 all
  simplest way to use Sass with Django

python3-django-sekizai/stable 4.1.0-1 all
  template blocks for Django projects (Python3 version)

python3-django-storages/stable 1.14.5-1 all
  storage backends in Django (Python3 version)

python3-django-storages-dropbox/stable 1.14.5-1 all
  storage backends in Django (Dropbox)

python3-django-storages-ftp/stable 1.14.5-1 all
  storage backends in Django (FTP)

python3-django-storages-libcloud/stable 1.14.5-1 all
  storage backends in Django (Libcloud)

python3-django-storages-s3/stable 1.14.5-1 all
  storage backends in Django (S3)

python3-django-storages-sftp/stable 1.14.5-1 all
  storage backends in Django (SFTP)

python3-django-tastypie/stable 0.13.3-1.1 all
  webservice API framework for Django (Python 3)

python3-djangorestframework-api-key/stable 3.1.0-1 all
  API key permissions for Django REST Framework

python3-dlt/stable 2.18.10.0-2.1 all
  Python wrapper for libdlt to read and process DLT logs from devices

python3-doorbirdpy/stable 3.0.8-2 all
  Library for interfacing with DoorBird devices over LAN

python3-dotty-dict/stable 1.3.1-2 all
  Dictionary wrapper for quick access to deeply nested keys

python3-doxypypy/stable 0.8.8.7-3 all
  More Pythonic version of doxypy, a Doxygen filter for Python

python3-dput/stable 1.43 all
  next generation Debian package upload tool (Python 3 library)

python3-drafthorse/stable 2025.1.0-1 all
  Basic ZUGFeRD implementation in Python

python3-dropmqttapi/stable 1.0.3-2 all
  Library for connecting DROP water management products

python3-easyansi/stable 0.3-4 all
  terminal framework for colors, cursor movements, and drawing

python3-ecmwf-api-client/stable 1.6.5-1 all
  Python client for ECMWF web services API

python3-elastic-transport/stable 8.17.1-2 all
  Transport utilities shared by the Elastic client libraries

python3-elasticsearch-curator/stable 8.0.21-1 all
  Python 3 library for managing Elasticsearch time-series indices

python3-elgato/stable 5.1.2-2 all
  Library for controlling and monitoring Elgato Light devices

python3-elmax-api/stable 0.0.5-2 all
  Asynchronous library for interacting with Elmax Cloud services

python3-emulated-roku/stable 0.3.0-2 all
  Library emulating Roku API for remote control connectivity

python3-energyzero/stable 2.1.1-2 all
  Fetches dynamic energy and gas prices from EnergyZero

python3-enocean/stable 0.60.1-2 all
  Library for interacting with EnOcean wireless modules

python3-envoy-utils/stable 0.0.1-2 all
  Utilities for interfacing with Enphase Envoy devices

python3-envparse/stable 0.2.0-3 all
  environment variable parsing (Python 3)

python3-eternalegypt/stable 0.0.16-2 all
  Library offering a simple async API for Netgear LTE modems

python3-eumdac/stable 3.0.0-1.1 all
  EUMETSAT Data Access Client (Python 3 library and CLI)

python3-evdev/stable 1.9.1-1 arm64
  Python 3 bindings for the Linux input subsystem

python3-evemu/stable 2.7.0-4+b1 arm64
  Linux Input Event Device Emulation Library - Python3 bindings

python3-exabgp/stable 4.2.25-1 all
  BGP swiss army knife of networking - Python 3 module

python3-exchangelib/stable 5.5.1-1 all
  Client for Microsoft Exchange Web Services (Python3 version)

python3-fake-factory/stable 33.3.1-1 all
  Faker is a Python library that generates fake data (Python 3)

python3-fake-useragent/stable 2.2.0-1 all
  Library to simulate browser user-agent strings

python3-fastcluster/stable 1.3.0-1 arm64
  Fast hierarchical clustering routines for Python 3

python3-fedora/stable 1.1.1-5 all
  Python modules for interacting with Fedora Services (Python 3)

python3-fido2/stable 1.2.0-2 all
  Python library for implementing FIDO 2.0

python3-filelock/stable 3.18.0-1+deb13u1 all
  platform independent file locking module

python3-fips203/stable 0.4.3-2 arm64
  FIPS 203 (ML-KEM) - Python module

python3-firewall/stable 2.3.1-1+deb13u1 all
  Python3 bindings for firewalld

python3-first/stable 2.0.2-4 all
  simple function that returns the first true value from an iterable

python3-fjaraskupan/stable 2.3.2-1 all
  Library for controlling Fjäråskupan kitchen fans over Bluetooth

python3-flake8-blind-except/stable 0.2.1-1 all
  flake8 extension that checks for blind, catch-all except

python3-flask-gravatar/stable 0.5.0-2 all
  Extension for Flask to make usage of Gravatar service

python3-flask-principal/stable 0.4.0-4 all
  identity management for Flask

python3-flask-restful/stable 0.3.10-5 all
  REST API framework for Flask applications (Python3 Module)

python3-flexit-bacnet/stable 2.2.3-1 all
  Library for interacting with Flexit air handling units

python3-flickrapi/stable 2.4-1 all
  Flickr API wrapper for Python 3

python3-fluent-logger/stable 0.11.1-1 all
  Structured logger for Fluentd - Python

python3-flux-led/stable 1.0.4-2 all
  Utility to control Zengge-manufactured LED devices

python3-forecast-solar/stable 4.1.0-1 all
  Library to request solar panel production forecasts

python3-fpylll/stable 0.6.3-2+b1 arm64
  Python wrapper for LLL-reduction of Euclidean lattices -- Python 3

python3-freenub/stable 0.1.0-2 all
  Open-source fork of PubNub with an MIT license for real-time messaging

python3-freezerclient/stable 6.0.0-3 all
  OpenStack backup restore and disaster recovery service - client files

python3-fritzconnection/stable 1.14.0-3 all
  Communicate with the AVM FRITZ!Box router using TR-064 and HTTP protocols

python3-fscacher/stable 0.4.3-0.3 all
  caching results of operations on heavy file trees

python3-ftdi/stable 0.56.0-1 arm64
  user-space driver for popular FTDI devices

python3-ftdi-doc/stable 0.56.0-1 all
  user-space driver for popular FTDI devices. Documentation

python3-fuzzywuzzy/stable 0.18.0-4 all
  Python 3 module for fuzzy string matching

python3-fyta-cli/stable 0.7.2-2 all
  Library to access the FYTA API

python3-gardena-bluetooth/stable 1.4.3-1.1 all
  controlling gardena bluetooth enabled watering

python3-gattlib/stable 0~20210616-1.1+b1 arm64
  Bluetooth LE GATT library for Python 3

python3-gau2grid/stable 2.0.7-3 arm64
  Computing gaussians on a grid (Python 3 module)

python3-gdl/stable 1.1.1-1 arm64
  Python interface for the GNU Data Language

python3-gencpp/stable 0.7.0-2 all
  C++ Robot OS message and service generators - Python 3 version

python3-genlisp/stable 0.4.18-3 all
  Common-Lisp Robot OS message and service generators - Python 3 version

python3-genmsg/stable 0.6.0-3 all
  Python 3 library for generating Robot OS message and service data

python3-genpy/stable 0.6.16-3 all
  Python 3 Robot OS message and service generators

python3-geoip2/stable 2.9.0+dfsg1-5 all
  Python geoip2 API for web services and databases

python3-geomet/stable 1.1.0-3 all
  convert GeoJSON to/from WKT/WKB (Python)

python3-ges-1.0/stable 1.26.2-1 all
  Python bindings for the GES library

python3-gimmik/stable 3.2.1-1 all
  generator of matrix multiplication kernels (Python 3)

python3-ginga/stable 5.3.0-1 all
  Astronomical image toolkit for Python

python3-glad/stable 2.0.2-0.1 all
  GL/GLES/EGL/GLX/WGL Loader-Generator (Python 3)

python3-glance/stable 2:30.0.0-3+deb13u2 all
  OpenStack Image Registry and Delivery Service - Python library

python3-glance-store/stable 4.9.1-2 all
  OpenStack Image Service store library - Python 3.x

python3-glanceclient/stable 1:4.8.0-2 all
  Client library for Openstack glance server - Python 3.x

python3-gnocchi/stable 4.6.5-1 all
  Metric as a Service - Python 3.x

python3-gnocchiclient/stable 7.1.0-3 all
  bindings to the OpenStack Gnocchi API - Python 3.x

python3-goalzero/stable 0.2.2-2 all
  Library for interacting with Goal Zero Yeti devices via REST API

python3-googlemaps/stable 4.10.0-2 all
  client library for Google Maps Platform

python3-goslide-api/stable 0.7.4-2 all
  Interface to the GoSlide Local and Open Cloud APIs for managing slide devices

python3-govee-ble/stable 0.44.0-1 all
  Manage Govee BLE devices

python3-govee-local-api/stable 2.1.0-1 all
  Library to communicate with Govee devices via local API

python3-gps/stable 3.25-5+deb13u1 arm64
  Global Positioning System - Python 3 libraries

python3-gpsoauth/stable 0.4.1-4 all
  Client library for Google Play Services OAuth

python3-gridnet/stable 5.0.1-2 all
  Asynchronous client for NET2GRID devices

python3-growattserver/stable 1.7.0-1 all
  Retrieve PV information from the Growatt server

python3-grpc-tools/stable 1.14.1-8+deb13u1 arm64
  Protobuf code generator for gRPC (Python 3)

python3-gsw/stable 3.6.19-1+b3 arm64
  Python 3 implementation of the Thermodynamic Equation of Seawater

python3-gtsam/stable 4.2.0+dfsg-1+b4 arm64
  Factor graphs for sensor fusion in robotics

python3-guizero/stable 1.6.0+ds-1 all
  module to allow quick and easy GUI creation (Python 3)

python3-habluetooth/stable 3.48.2-1 arm64
  High availability Bluetooth

python3-harmony/stable 0.7.2-1 all
  program and library for creating and managing Discord accounts

python3-hass-nabucasa/stable 0.103.0-1 all
  Home Assistant cloud integration for secure access to cloud services

python3-hassil/stable 3.0.1-1 all
  Home Assistant Intent Language parser

python3-hatasmota/stable 0.10.0-1 all
  Library for interacting with Tasmota devices via MQTT

python3-hcloud/stable 2.3.0-1 all
  official client library for Hetzner Cloud (Python 3)

python3-hdmedians/stable 0.14.2-6+b1 arm64
  high-dimensional medians in Python3

python3-heat/stable 1:24.0.0-2 all
  OpenStack orchestration service - Python files

python3-heat-dashboard/stable 13.0.0-1 all
  OpenStack orchestration service - dashboard plugin

python3-heatclient/stable 4.1.0-3 all
  client library and CLI for OpenStack Heat - Python 3.x

python3-hglib/stable 2.6.2-3 all
  Python3 library for interfacing with Mercurial's command server

python3-hid/stable 0.14.0.post4-1 arm64
  cython3 interface to hidapi

python3-hidapi/stable 0.2.2-1.1+b2 arm64
  Python bindings for the HID API

python3-hjson/stable 3.1.0-4 all
  Hjson, a user interface for JSON

python3-hl7/stable 0.4.5-3 all
  Python3 library for parsing HL7 messages

python3-hlk-sw16/stable 0.0.9-2 all
  Python client for the HLK-SW16 network relay

python3-home-assistant-bluetooth/stable 1.13.1-3 arm64
  Home Assistant Bluetooth Models and Helpers

python3-homewizard-energy/stable 9.2.0-1 all
  Library to communicate with HomeWizard Energy devices

python3-http-parser/stable 0.9.0+ds-1+b4 arm64
  http request/response parser (Python 3)

python3-httpbin/stable 0.10.2+dfsg-2 all
  HTTP request and response service (Python 3 package)

python3-humanfriendly/stable 10.0-6 all
  Python3 library to make user friendly text interfaces

python3-huum/stable 0.8.0-1 all
  Library for controlling Huum saunas

python3-iaqualink/stable 0.5.3-1 all
  Library for interacting with Jandy iAqualink systems

python3-ibeacon-ble/stable 1.2.0-2 all
  parser for iBeacon devices

python3-ibm-cloud-sdk-core/stable 3.19.2-1 all
  Client library for the IBM Cloud services (Python3 version)

python3-ibm-watson/stable 9.0.0-1 all
  Python client library to use the IBM Watson Services (Python 3)

python3-icecream/stable 2.1.3-1.1 all
  Debugging tool for Python scripts

python3-igloohome-api/stable 0.1.0-2 all
  Library for interacting with igloohome's REST API

python3-imath/stable 3.1.12-1+b3 arm64
  Utility libraries from ASF used by OpenEXR - Python bindings

python3-imobiledevice/stable 1.3.0+git20250228-2 arm64
  Python 3 bindings for communicating with iPhone and other Apple device

python3-infoblox-client/stable 0.6.2-1 all
  client for Infoblox NIOS over WAPI

python3-injector/stable 0.21.0-1 all
  Python dependency injection framework

python3-inkbird-ble/stable 1.0.0-1 all
  Parser for INKBIRD BLE devices

python3-inputremapper/stable 2.1.1-1+deb13u1 all
  Input device button mapping tool (Python module)

python3-intelhex/stable 2.3.0-3 all
  Python support for Intel HEX (Python3)

python3-iotawattpy/stable 0.1.2-2 all
  Library for interfacing with IoTaWatt energy devices

python3-iottycloud/stable 0.3.0-2 all
  Library to interact with iotty CloudApi

python3-ironic-inspector/stable 12.4.0-2 all
  discovering hardware properties for OpenStack Ironic

python3-ironic-inspector-client/stable 5.3.0-4 all
  client for Ironic Inspector - Python 3.x

python3-ironic-neutron-agent/stable 6.5.0-2 all
  OpenStack virtual network service - Ironic agent Python 3.x library

python3-ironicclient/stable 5.10.0-5 all
  Client for OpenStack bare metal Service - Python 3.x

python3-israel-rail-api/stable 0.1.2-2 all
  Unofficial API wrapper for the Israeli Rail network

python3-itango/stable 0.2.1-1 all
  Interactive Tango client - Python 3

python3-jarabe/stable 0.121-1 all
  Sugar Learning Platform - graphical shell

python3-joypy/stable 0.2.6-1 all
  ridgeline-/joyplots plotting routine

python3-jsonrpclib-pelix/stable 0.4.2-2 all
  Implementation of the JSON-RPC v2.0 specification (Python 3)

python3-junos-eznc/stable 2.7.3-1 all
  Junos 'EZ' automation for non-programmers (Python 3)

python3-jupyter-server/stable 2.15.0-1 all
  Jupyter protocol server backend (Python 3)

python3-jupyterlab-server/stable 2.25.2-1 all
  base component to create JupyterLab applications

python3-justbackoff/stable 0.6.0-2 all
  Simple backoff algorithm

python3-kanboard/stable 1.1.5-1 all
  minimalist kanboard Python client (Python 3)

python3-kegtron-ble/stable 0.4.0-3 all
  Kegtron BLE support for measuring beer keg levels

python3-keras-applications/stable 1.0.8+ds-2 all
  popular models and pre-trained weights for the Keras deep learning framework

python3-keras-preprocessing/stable 1.1.2-1 all
  data preprocessing module for the Keras deep learning framework

python3-keyring/stable 25.6.0-2 all
  store and access your passwords safely

python3-keyrings.alt/stable 5.0.2-1 all
  alternate backend implementations for python3-keyring

python3-keystone/stable 2:27.0.0-3+deb13u4 all
  OpenStack identity service - library

python3-keystoneclient/stable 1:5.6.0-2 all
  client library for the OpenStack Keystone API - Python 3.x

python3-keystonemiddleware/stable 10.9.0-2+deb13u1 all
  Middleware for OpenStack Identity (Keystone) - Python 3.x

python3-kivy/stable 2.3.1-1+b1 arm64
  Kivy - Multimedia / Multitouch framework in Python (Python 3)

python3-klein/stable 24.8.0-1 all
  micro-framework for developing web services with Python

python3-lacrosse-view/stable 1.1.1-1 all
  Library for retrieving data from LaCrosse View-connected sensors

python3-languagecodes/stable 1.1.1-3 all
  Normalise language codes in Python

python3-lasso/stable 2.8.2-9+deb13u1 arm64
  Library for Liberty Alliance and SAML protocols - Python bindings

python3-launchpadlib/stable 2.1.0-1 all
  Launchpad web services client library (Python 3)

python3-launchpadlib-desktop/stable 2.1.0-1 all
  Launchpad web services client library with credential storage (Python 3)

python3-laundrify-aio/stable 1.2.2-3 all
  Library to communicate with the laundrify API

python3-lazr.restfulclient/stable 0.14.6-3 all
  client for lazr.restful-based web services (Python 3)

python3-lazy/stable 1.5.1-1.1 all
  Lazy attributes for Python objects (Python 3)

python3-ld2410-ble/stable 0.2.0-2 all
  Interface with LD2410B modules from HiLink

python3-ldap3/stable 2.9.1-2 all
  Pure Python LDAP client library

python3-leaone-ble/stable 0.3.0-1 all
  Bluetooth parser for LeaOne devices

python3-leather/stable 0.4.0-1 all
  charting library for Python

python3-led-ble/stable 1.1.7-1 all
  Control a wide range of LED BLE devices from Python

python3-leidenalg/stable 0.10.2-3 arm64
  Python3 implementation of the Leiden algorithm in C++

python3-libcamera/stable 0.4.0-7 arm64
  complex camera support library (Python bindings)

python3-libcloud/stable 3.8.0+repack-4 all
  unified Python interface into the cloud (Python3 version)

python3-libconcord/stable 1.5-3.1 all
  Harmony remote configuration tool - Python 3 bindings

python3-libevdev/stable 0.11-2 all
  Python 3 wrapper for libevdev

python3-libfdt/stable 1.7.2-2+b1 arm64
  Flat Device Trees manipulation library - Python bindings

python3-libgpiod/stable 2.2.1-2+deb13u1 arm64
  Python bindings for libgpiod (Python 3)

python3-libiio/stable 0.26-2 all
  Python bindings for libiio

python3-liblo/stable 0.16.3-1+b1 arm64
  Python 3 bindings for liblo, the lightweight OSC library

python3-libnbd/stable 1.22.2-1+b1 arm64
  Network Block Device client library -- Python 3 bindings

python3-libnmap/stable 0.7.3-1 all
  Python 3 NMAP library

python3-libnvme/stable 1.13-2 arm64
  NVMe management library (Python)

python3-librouteros/stable 3.4.1-1 all
  Python implementation of RouterOS API

python3-libsmdev/stable 20190315-3 arm64
  storage media device access library -- Python 3 bindings

python3-license-expression/stable 30.4.1-1 all
  small library to handle license expressions

python3-linear-garage-door/stable 0.2.10-2 all
  Control Linear Garage Doors

python3-lmfit/stable 1.3.3-4 all
  Least-Squares Minimization with Constraints (Python 3)

python3-locust/stable 2.24.0-1 all
  Developer friendly load testing framework

python3-logi-circle/stable 0.2.3-2 all
  Library for interacting with Logi Circle cameras

python3-luma.core/stable 2.4.2-1 arm64
  component library providing a Pillow-compatible drawing canvas

python3-luma.emulator/stable 1.4.0-3 arm64
  library provides a series of pseudo-display devices for luma.core

python3-luma.lcd/stable 2.10.0-1 arm64
  library interfacing small LCD displays

python3-luma.led-matrix/stable 1.7.0-1 arm64
  library interfacing LED matrix displays

python3-lupupy/stable 0.3.2-2 all
  Library to communicate with Lupus Electronics alarm systems

python3-ly/stable 0.9.9-3 all
  Tool and library for manipulating LilyPond files (Python 3)

python3-macaroonbakery/stable 1.3.4-3 all
  Higher-level macaroon operations for Python 3

python3-magnum/stable 20.0.0-2 all
  OpenStack containers as a service - Python library

python3-magnum-ui/stable 16.0.0-1 all
  OpenStack Magnum - dashboard plugin

python3-magnumclient/stable 4.8.1-2 all
  client library for Magnum API - Python 3.x

python3-makefun/stable 1.15.4-2 all
  Small library to dynamically create Python functions

python3-manila/stable 1:20.0.0-3 all
  OpenStack shared file system as a service - Python libs

python3-manila-ui/stable 13.0.0-1 all
  OpenStack shared file system as a service - Dashboard plugin

python3-manilaclient/stable 5.4.0-2 all
  OpenStack shared file system as a service - Python 3.x client

python3-mapproxy/stable 4.0.2+dfsg-2 all
  open source proxy for geospatial data - Python 3 module

python3-mappy/stable 2.27+dfsg-1+b4 arm64
  Python3 interface minimap2

python3-mapscript/stable 8.4.0-4+deb13u2 arm64
  Python library for MapServer

python3-masakari/stable 19.0.0-3 all
  OpenStack Virtual Machine High Availability (VMHA) - Python files

python3-masakari-dashboard/stable 12.0.0-1 all
  OpenStack Virtual Machine High Availability (VMHA) - dashboard plugin

python3-masakari-monitors/stable 19.0.0-1 all
  OpenStack Virtual Machine High Availability (VMHA) - Python files

python3-masakariclient/stable 8.6.0-2 all
  OpenStack Virtual Machine High Availability (VMHA) client

python3-mautrix/stable 0.20.7-1 all
  Matrix client framework for Python using asyncio

python3-mbed-host-tests/stable 1.4.4-11 all
  module and utilities to flash, reset and test Mbed Enabled devices

python3-mbed-ls/stable 1.6.2+dfsg-12 all
  module listing mbed-enabled devices connected to host (Python 3)

python3-meater-python/stable 0.0.8-2 all
  Library for interacting with the Meater cooking probe

python3-medcom-ble/stable 0.1.1-2 all
  Library to communicate with Medcom BLE radiation monitors

python3-meep/stable 1.29.0-2 arm64
  software package for FDTD simulation with Python

python3-meep-mpi-default/stable 1.29.0-2 arm64
  software package for FDTD simulation with Python

python3-meshtastic/stable 2.6.0-1 all
  client shell for talking to Meshtastic devices

python3-mesonpy/stable 0.17.1-1 all
  Meson PEP 517 Python build backend

python3-microversion-parse/stable 1.0.1-3 all
  OpenStack microversion header parsing library - Python 3.x

python3-miio/stable 0.5.12-3 all
  Python module for interfacing with Xiaomi appliances

python3-mill-local/stable 0.4.0-1 all
  Library for local communication with Gen 3 Mill heaters

python3-minieigen/stable 0.50.3+dfsg1-13+b11 arm64
  Wrapper of parts of the Eigen library (Python 3)

python3-miniupnpc/stable 2.2.8-2+b2 arm64
  UPnP IGD client lightweight library Python 3 bindings

python3-mirtop/stable 0.4.30-1 all
  annotate miRNAs with a standard mirna/isomir naming (Python 3)

python3-mistral/stable 20.0.0-2+deb13u1 all
  OpenStack Workflow Service - Python libraries

python3-mistral-dashboard/stable 20.0.0-1 all
  OpenStack Workflow Service - dashboard plugin

python3-mistralclient/stable 1:5.4.0-2 all
  OpenStack Workflow as a Service client - Python 3.x

python3-ml-collections/stable 1.1.0-1 all
  collections designed for ML usecases

python3-moat-ble/stable 0.1.1-2 all
  Manager for Moat Bluetooth Low Energy (BLE) devices

python3-monasca-statsd/stable 2.7.0-4 all
  monasca statsd client - Python 3.x

python3-monascaclient/stable 2.8.0-4 all
  client bindings for the Monasca API - Python 3.x

python3-monzopy/stable 1.5.1-1 all
  Async Python wrapper for Monzo API interactions

python3-moto/stable 5.1.1-4 all
  Moto - Mock AWS Service - Python 3.x

python3-ms-cv/stable 0.1.1-4 all
  correlation vector implementation

python3-msoffcrypto-tool/stable 5.4.2-1 all
  Python tool and library for decrypting MS Office files

python3-msrest/stable 0.6.21-5 all
  AutoRest swagger generator Python 3.x client runtime

python3-msrestazure/stable 0.6.4-4 all
  Runtime library for AutoRest generated Python 3.x clients

python3-musicbrainzngs/stable 0.7.1-6 all
  Python 3 bindings for the Musicbrainz NGS webservice interface

python3-mutesync/stable 0.0.2-1.1 all
  Asynchronous library to control mutesync devices.

python3-mwoauth/stable 0.4.0-1 all
  Generic MediaWiki OAuth handshake helper.

python3-mygpoclient/stable 1.10-1 all
  Client library for the gpodder.net web service

python3-nanobind/stable 2.5.0-1 all
  Tiny and efficient C++/Python bindings (Python 3 module)

python3-ncclient/stable 0.6.17-1 all
  Python library for NETCONF clients (Python 3)

python3-ndms2-client/stable 0.1.3-3 all
  Client library for Keenetic NDMS routers

python3-netaddr/stable 1.3.0-1 all
  manipulation of various common network address notations (Python 3)

python3-netdisco/stable 2.9.0-2 all
  Library to discover local devices and services (Python 3)

python3-netmiko/stable 4.5.0-1 all
  multi-vendor library for SSH connections to network devices - Python 3.X

python3-netplan/stable 1.1.2-7 arm64
  Declarative network configuration Python bindings

python3-network-runner/stable 0.3.6-3 all
  abstraction of Ansible for interaction with networking devices (Python 3.x)

python3-networking-bagpipe/stable 22.0.0-1 all
  OpenStack virtual network service - BGP-based VPN - Python 3.x

python3-networking-bgpvpn/stable 22.0.0-1 all
  OpenStack virtual network service - BGP-MPLS VPN Extension - Python 3.x

python3-networking-generic-switch/stable 7.5.0-2 all
  OpenStack virtual network service - networking-generic-switch

python3-networking-l2gw/stable 1:21.0.0-1 all
  OpenStack virtual network service - L2 gateway extension

python3-networking-sfc/stable 20.0.0-1 all
  OpenStack virtual network service - SFC extension

python3-networkx/stable 3.2.1-5 all
  tool to create, manipulate and study complex networks (Python3)

python3-neutron/stable 2:26.0.3-0+deb13u2 all
  OpenStack virtual network service - Python library

python3-neutron-dynamic-routing/stable 2:26.0.0-3 all
  OpenStack Neutron Dynamic Routing - Python library

python3-neutron-lib/stable 3.18.2-3 all
  Neutron shared routines and utilities - Python 3.x

python3-neutron-taas/stable 15.0.0-1 all
  OpenStack virtual network service - Tap-as-a-Service extension

python3-neutron-vpnaas/stable 2:26.0.0-1 all
  OpenStack virtual network service - Python library

python3-neutron-vpnaas-dashboard/stable 12.0.0-1 all
  OpenStack VPN as a Service - dashboard plugin

python3-neutronclient/stable 1:11.4.0-2 all
  client API library for Neutron - Python 3.x

python3-nipy/stable 0.6.1-1 all
  Analysis of structural and functional neuroimaging data

python3-nodelet/stable 1.11.1-1 all
  Robot OS nodelet library - service files - Python 3

python3-nodelet-topic-tools/stable 1.11.1-1 all
  Robot OS nodelet_topic_tools library - Python 3 service files

python3-nose2/stable 0.15.1-1 all
  Next generation of nicer testing for Python3

python3-noseofyeti/stable 2.4.9-1 all
  Module to create Python codec for tests using RSpec inspired DSL

python3-notifications-android-tv/stable 1.2.2-2 all
  Python API to send notifications to Android TV and Fire TV devices

python3-nsw-fuel-api-client/stable 1.1.3-2 all
  API client for accessing NSW fuel price data

python3-ntc-templates/stable 3.5.0-2 all
  TextFSM Templates for Network Devices, and wrapper for TextFSM's CliTable

python3-ntlm-auth/stable 1.5.0-1 all
  NTLM low-level Python library

python3-nubia/stable 0.2.5-1 all
  framework for building beautiful shells for python3

python3-octavia/stable 16.0.0-2 all
  OpenStack Load Balancer as a Service - Python libraries

python3-octavia-dashboard/stable 15.0.0-1 all
  OpenStack Load Balance as a service - dashboard plugin

python3-octaviaclient/stable 3.10.0-2 all
  Octavia client for OpenStack Load Balancing - Python 3.x

python3-ofxhome/stable 0.3.3-4 all
  ofxhome.com financial institution lookup REST client (Python 3)

python3-olefile/stable,now 0.47-1 all [installed,automatic]
  Python module to read/write MS OLE2 files

python3-ollama/stable 0.5.1-1 all
  Library for interacting with the Ollama server and its AI models

python3-ondilo/stable 0.5.0-1.1 all
  Client to access Ondilo ICO APIs

python3-open-garage/stable 0.2.0-2 all
  Python library for OpenGarage automation

python3-openerz-api/stable 0.3.0-2 all
  Library for accessing Zurich's waste disposal schedule

python3-openflow/stable 2021.1-1 all
  low level library to parse OpenFlow messages

python3-openid-cla/stable 1.2-4 all
  OpenID CLA extension for python-openid (Python 3)

python3-openimageio/stable 2.5.18.0+dfsg-1+b1 arm64
  Library for reading and writing images - Python bindings

python3-openrazer/stable 3.10.2+dfsg-1 all
  OpenRazer peripheral drivers (Python 3)

python3-openstacksdk/stable 4.4.0-5 all
  SDK for building applications to work with OpenStack - Python 3.x

python3-openwebifpy/stable 4.3.1-1 all
  Python interface for interacting with OpenWebIf devices

python3-opuslib/stable 3.0.1-2 all
  Bindings to the libopus low-delay audio codec

python3-oralb-ble/stable 0.18.0-3 all
  Bluetooth library for Oral-B devices

python3-orange3/stable 3.38.1-5 arm64
  component-based data mining framework

python3-orjson/stable 3.10.7-2+b1 arm64
  JSON parsing Python library

python3-os-api-ref/stable 2.3.0+ds1-4 all
  Sphinx Extensions to support API reference sites in OpenStack - Python 3.x

python3-os-apply-config/stable 13.1.0-3 all
  Creates config files out of cloud metadata

python3-os-client-config/stable 2.1.0-3 all
  OpenStack client configuration library - Python 3.x

python3-os-service-types/stable 1.7.0-5 all
  lib for consuming OpenStack sevice-types-authority data - Python 3.x

python3-os-traits/stable 3.4.0-1 all
  standardized trait strings - Python 3.x

python3-osc-placement/stable 4.6.0-2 all
  OpenStackClient plugin for the Placement service - Python 3.x

python3-oslo.limit/stable 2.6.1-3 all
  OpenStack limit enforcement library to assist with quota calculation

python3-oslo.rootwrap/stable 7.5.1-3 all
  allows fine filtering of shell commands to run as root - Python 3.x

python3-oslo.service/stable 4.1.1-2 all
  library for running OpenStack services - Python 3.x

python3-oslo.versionedobjects/stable 3.6.0-3 all
  deals with DB schema versions and code expectations - Python 3.x

python3-osprofiler/stable 4.2.0-6 all
  OpenStack Profiler Library - Python 3.x

python3-osrf-pycommon/stable 2.1.6-1 all
  Commonly needed Python modules for software developers

python3-ovn-bgp-agent/stable 4.0.0-1 all
  OpenStack virtual network service - OVN BGP agent library

python3-owslib/stable 0.33.0-1 all
  Client library for Open Geospatial (OGC) web services (Python 3)

python3-p1monitor/stable 3.1.0-1 all
  Asynchronous client for the P1 Monitor API

python3-pacemaker/stable 3.0.0-2 all
  Pacemaker API for Python3

python3-pam/stable 0.4.2-19+b2 arm64
  Python interface to the PAM library

python3-paramiko/stable 3.5.1-3 all
  Make ssh v2 connections (Python 3)

python3-patch-ng/stable 1.17.4-3 all
  Patch NG (New Generation)

python3-patiencediff/stable 0.2.13-1+b5 arm64
  diff implementation with balanced performance, output and implementation

python3-patsy/stable 1.0.1-1 all
  statistical models in Python using symbolic formulas

python3-pfzy/stable 0.3.4-2 all
  Python port of the fzy fuzzy string matching algorithm

python3-phx-class-registry/stable 4.1.0-2 all
  Module to define global factories and service registries

python3-picnic-api/stable 1.1.0-1.1 all
  Library to interact with Picnic's ordering and delivery system

python3-picopore/stable 1.2.0-3 all
  lossless compression of Nanopore files (Python3 module)

python3-pkcs11/stable 0.7.0-1+b5 arm64
  high level PKCS#11 interface for Python

python3-placement/stable 13.0.0-1 all
  OpenStack resource inventory Placement - Python library

python3-plist/stable 2.6.0-2+b1 arm64
  Library for handling Apple binary and XML property lists - Python3 bindings

python3-plugwise/stable 1.7.4-1 all
  Library for interacting with Plugwise Smile and Stretch devices

python3-polyline/stable 2.0.0-2 all
  Python library to encode/decode polylines

python3-powerfox/stable 1.2.1-2 all
  Asynchronous client for interfacing with Powerfox poweropti devices

python3-ppadb/stable 0.3.0-4 all
  pure Python implementation of the adb client

python3-prctl/stable 1.8.1-1+b7 arm64
  Python interface to the prctl() syscall (Python 3)

python3-pretty-yaml/stable 25.1.0-1 all
  module to produce pretty and readable YAML-serialized data (Python 3)

python3-proliantutils/stable 2.16.3-1 all
  client lib interfacing various devices in HP Proliant Servers - Python 3.x

python3-proselint/stable 0.14.0-2 all
  Library and command-line prose linter utility (Python 3)

python3-proton-core/stable 0.4.0-3 all
  Proton Technologies API wrapper

python3-proton-keyring-linux/stable 0.2.0-2 all
  Proton Technologies keyring plugins for Linux

python3-proton-vpn-api-core/stable 0.39.0-1 all
  Proton AG VPN Core API

python3-pskc/stable 1.3-2 all
  Python module for handling PSKC files (Python 3)

python3-public/stable 4.1.0-2 all
  @public decorator for adding names to __all__

python3-pudb/stable 2024.1.3-1 all
  full-screen, console-based Python3 debugger

python3-py-aosmith/stable 1.0.12-1 all
  API Client for A O Smith iCOMM-enabled water heaters

python3-py-dormakaba-dkey/stable 1.0.5-2 all
  Library to interact with Dormakaba dKey locks via Bluetooth

python3-py-improv-ble-client/stable 1.0.4-2 all
  API to provision devices implementing Improv via BLE

python3-pyaarlo/stable 0.8.0.15-1 all
  Module for Python 3 that provides asynchronous access to Netgear Arlo cameras

python3-pyactiveresource/stable 2.2.2-3 all
  ActiveResource for Python

python3-pyaehw4a1/stable 0.3.9-2 all
  Interface for controlling Hisense AEH-W4A1 Wi-Fi module

python3-pyairnow/stable 1.3.1-1 all
  Library for EPA AirNow Air Quality API

python3-pyasuswrt/stable 0.1.21-2 all
  API wrapper for communication with ASUSWRT-powered routers

python3-pyatag/stable 0.3.7.1-2 all
  Asynchronous Python library for controlling Atag One thermostats

python3-pyatmo/stable 9.2.1-1 all
  Library to access and control Netatmo devices

python3-pyatspi/stable 2.46.1-1 all
  Assistive Technology Service Provider Interface - Python3 bindings

python3-pybalboa/stable 1.1.3-1 all
  Library to interface with Balboa spa systems

python3-pybind11/stable 2.13.6-2 all
  pybind11 helper module for Python 3

python3-pycec/stable 0.6.0-1 all
  Library for HDMI-CEC communication

python3-pychromecast/stable 9.4.0-2 all
  Library to communicate with Google Chromecast (Python 3)

python3-pycm/stable 4.3-1 all
  Multi-class confusion matrix library

python3-pycognito/stable 2024.5.1-2 all
  Library for interacting with AWS Cognito services

python3-pycontrol4/stable 1.2.1-1 all
  Asynchronous library for Control4 system interaction

python3-pycoolmasternet-async/stable 0.2.2-1 all
  Library to control CoolMasterNet HVAC bridges via asyncio

python3-pycsspeechtts/stable 1.0.8-2 all
  Library for interfacing with Microsoft Cognitive Services Text-to-Speech API

python3-pydantic-compat/stable 0.1.2-3 all
  Compatibility layer for pydantic v1/v2

python3-pydataverse/stable 0.3.4-1 all
  Python module for interacting with Dataverse APIs

python3-pydeconz/stable 120-1 all
  Python library for communicating with deCONZ REST-API

python3-pydroid-ipcam/stable 3.0.0-1 all
  Library for interacting with Android's IP Webcam application

python3-pyduotecno/stable 2024.10.1-1 all
  Library for accessing and controlling Duotecno nodes

python3-pyeapi/stable 1.0.2-2 all
  Python API to interact with EOS network devices - Python 3.x

python3-pyecoforest/stable 0.4.0-2 all
  Library for interacting with Ecoforest local devices

python3-pyeconet/stable 0.1.28-1 all
  Interface to the unofficial EcoNet API

python3-pyecotrend-ista/stable 3.3.3-1 all
  Library for accessing ecotrend-ista API

python3-pyegps/stable 0.2.5-2 all
  Library for controlling Energenie Power Strips

python3-pyelectra/stable 1.2.4-1 all
  Library to control Electra Smart Air Conditioner devices

python3-pyevilgenius/stable 2.0.0-2 all
  Library to control devices from Evil Genius Labs

python3-pyfibaro/stable 0.8.3-1 all
  API to access Fibaro Home Center from Python

python3-pyflic/stable 2.0.4-1 all
  Library to connect and interact with Flic buttons

python3-pyflume/stable 0.8.7-2 all
  Python package to integrate with Flume Sensor

python3-pyfritzhome/stable 0.6.17-1 all
  Python library for managing AVM Fritz!Box Smart Home devices

python3-pygml/stable 0.2.2-2 all
  Pure Python parser and encoder for OGC GML Geometries

python3-pygrace/stable 0.7-1 all
  Python3 bindings for grace

python3-pyhomematic/stable 0.1.78-2 all
  Provides communication with Homematic devices

python3-pyhomeworks/stable 1.1.2-2 all
  Lutron Homeworks Series 4 and 8 interface over Ethernet

python3-pyicloud/stable 1.0.0-3 all
  wrapper to access iPhone and Calendar data in the iCloud

python3-pyipp/stable 0.17.2-1 all
  Asynchronous client for monitoring printers via IPP

python3-pyiqvia/stable 2023.12.0-2 all
  Library for accessing allergy, asthma, and disease data from IQVIA

python3-pyisomd5sum/stable 1:1.2.3-5+b9 arm64
  ISO9660 checksum Python 3 module

python3-pyisy/stable 3.4.0-1 all
  Library for interacting with Universal Devices ISY controllers

python3-pykira/stable 0.1.3-1.1 all
  Communicates with Keene Electronics IR-IP modules over UDP

python3-pykube-ng/stable 22.9.0-2 all
  client library for Kubernetes

python3-pylast/stable 5.3.0-1 all
  Python 3 interface to Last.fm and other compatible services

python3-pylibrespot-java/stable 0.1.1-1.1 all
  Library to interface with a librespot-java server

python3-pylint-gitlab/stable 2.0.1-2 all
  Pylint plugin for integration with GitLab CI

python3-pylutron-caseta/stable 0.24.0-1 all
  API to control Lutron Caséta devices

python3-pymacaroons/stable 0.13.0-7 all
  Macaroon library for Python 3

python3-pymicrobot/stable 0.0.22-2 all
  Library for controlling MicroBot Push devices

python3-pymoc/stable 0.5.2-2 all
  Python Multi-Order Coverage maps for Virtual Observatory

python3-pymonoprice/stable 0.5-1 all
  Python API for controlling Monoprice 6-zone amplifier

python3-pynina/stable 0.3.4-2 all
  Python API wrapper to retrieve warnings from the German NINA app

python3-pyninjotiff/stable 0.4.0-4 all
  Python library for writing NinJo-compatible TIFF files

python3-pynormaliz/stable 2.21+ds-1+b2 arm64
  Python bindings for LibNormaliz

python3-pynput/stable 1.8.1-1 all
  control and monitor input devices (Python 3)

python3-pynput-doc/stable 1.8.1-1 all
  control and monitor input devices (common documentation)

python3-pynuki/stable 1.6.3-2 all
  Library for interacting with Nuki locks and openers

python3-pynx584/stable 0.8.2-2 all
  Interface library and server for NX584 alarm panels

python3-pyocd/stable 0.36.0-2.1 all
  ARM Cortex-M programming tools (Python3)

python3-pyopencl/stable 2025.1-1 arm64
  Python 3 module to access OpenCL parallel computation API

python3-pyopencolorio/stable 2.1.3+dfsg-1.2 arm64
  complete color management solution - Python bindings

python3-pyorick/stable 1.5-1 all
  Python 3 module to execute Yorick code

python3-pyotgw/stable 2.2.2-1 all
  Library for interfacing with the OpenTherm Gateway

python3-pypartpicker/stable 1.9.5-1 all
  Fetch product and part list information from PCPartPicker

python3-pypck/stable 0.8.8-1 all
  Library for interacting with LCN systems over the PCK protocol

python3-pypeg2/stable 2.15.2-2.2 all
  Intrinsic PEG Parser-Interpreter for Python

python3-pyplaato/stable 0.0.19-1 all
  Asynchronous client for fetching Plaato Airlock and Keg sensor data

python3-pypoint/stable 3.0.1-1 all
  API for Minut Point

python3-pyproject-parser/stable 0.13.0-2 all
  parser for 'pyproject.toml' file

python3-pyprosegur/stable 0.0.14-1 all
  Library to interact with Prosegur alarm systems

python3-pyqt6.qtbluetooth/stable 6.9.0-2 arm64
  Python bindings for Qt 6 Bluetooth module

python3-pyqt6.qtnfc/stable 6.9.0-2 arm64
  Python bindings for Qt 6 NFC module

python3-pyqt6.qtsvg/stable 6.9.0-2 arm64
  Python bindings for Qt 6 SVG module

python3-pyrfxtrx/stable 0.32.0-1 all
  Library for communication with RFXtrx devices

python3-pyric/stable 0.1.6.4+git20170421.0562b17-1 all
  Python library for Linux wireless device control

python3-pyrituals/stable 0.0.6-2 all
  Async library for interacting with Rituals Perfume Genie devices

python3-pyro5/stable 5.15-1 all
  distributed object middleware for Python (RPC)

python3-pyrympro/stable 0.0.9-1 all
  Library to communicate with Read Your Meter Pro platform

python3-pysaml2/stable 7.5.0-4 all
  SAML Version 2 to be used in a WSGI environment - Python 3.x

python3-pyschlage/stable 2025.4.0-1 all
  Library for controlling Schlage Wi-Fi locks via cloud API

python3-pysensibo/stable 1.1.0-1 all
  Library for interfacing with Sensibo air conditioning controllers

python3-pysma/stable 0.7.5-1.1 all
  Library to interface with an SMA Solar WebConnect module

python3-pysmappee/stable 0.2.29-2 all
  Library offering access to Smappee energy monitoring devices

python3-pysmartapp/stable 0.3.5-2 all
  Library for creating SmartThings SmartApps with asyncio

python3-pyspike/stable 0.8.0+dfsg-3.1+b2 arm64
  Python 3 library for the numerical analysis of spike train similarity

python3-pystac/stable 1.13.0-1 all
  Python library for working with the SpatioTemporal Asset Catalog

python3-pystemd/stable 0.13.2-2+b4 arm64
  systemd binding for Python

python3-pyswitchbee/stable 1.8.3-2 all
  Control SwitchBee smart home devices via a local network

python3-pyswitchbot/stable 0.65.0-1 all
  Library to control SwitchBot IoT devices over Bluetooth and Wi-Fi

python3-pytest-djangoapp/stable 1.2.0-1 all
  Django pluggable application testing (Python3 version)

python3-pytest-httpx/stable 0.35.0-1 all
  Intercept and mock HTTPX requests in pytest

python3-pytest-mock/stable 3.14.0-2 all
  Thin wrapper around mock for easier use with pytest (Python 3 module)

python3-pytest-shell-utilities/stable 1.9.7-2 all
  fixtures and code to help with running shell commands on tests (Python3 version)

python3-python-awair/stable 0.2.4-2 all
  Asyncio client for the Awair GraphQL and Local APIs

python3-python-fullykiosk/stable 0.0.14-2 all
  Python library for Fully Kiosk Browser's REST API

python3-python-homeassistant-analytics/stable 0.9.0-1 all
  Asynchronous client for Home Assistant Analytics

python3-python-mystrom/stable 2.2.0-3 all
  Asynchronous Python client for myStrom devices

python3-python-otbr-api/stable 2.7.0-1 all
  Interact with an OpenThread Border Router (OTBR) via the REST API

python3-pytile/stable 2024.12.0-1 all
  Library for retrieving data from Tile Bluetooth trackers

python3-pytrellis/stable 1.4-2+b5 arm64
  Library for interacting with Lattice ECP5 FPGA bitstreams

python3-pytrydan/stable 0.8.1-2 all
  Library to interface with V2C Trydan EVSE

python3-pyu2f/stable 0.1.5-4 all
  pure Python 3 U2F host library

python3-pyvesync/stable 2.1.18-1 all
  Library to manage VeSync compatible smart home devices

python3-pyvicare/stable 2.44.0-1 all
  Library for accessing Viessmann heating devices via the ViCare API

python3-pyvisa-sim/stable 0.6.0-3 all
  Simulated backend for PyVISA implementing TCPIP, GPIB, RS232, and USB resources

python3-pyvlx/stable 0.2.26-1 all
  Wrapper for the Velux KLF 200 API for controlling windows and devices

python3-pyvo/stable 1.6.2-1 all
  Python 3 library for data services of the Virtual observatory (VO)

python3-pywps/stable 4.6.0-1 all
  Implementation of OGC's Web Processing Service - Python module

python3-pyws66i/stable 1.1-4 all
  Python interface for controlling the Soundavo WS66i 6-zone amplifier

python3-pywws/stable 24.8.0-2 all
  software for wireless weather stations

python3-pyxiaomigateway/stable 0.14.3-2 all
  Library to communicate with Xiaomi Gateway

python3-pyxid/stable 1.0-6 all
  interface for Cedrus XID and StimTracker devices

python3-pyxs/stable 0.4.2~git20190115.97f14313-6 all
  Pure Python XenStore client implementation

python3-pyyardian/stable 1.2.0-2 all
  Python module for controlling Yardian irrigation systems

python3-qingping-ble/stable 0.10.0-3 all
  Library for interacting with Qingping BLE devices

python3-qnapstats/stable 0.6.0-1 all
  Python API for accessing QNAP NAS system statistics

python3-qrcodegen/stable 1.8.0-1.2 all
  QR Code generator library in multiple languages - Python3 version

python3-rabbitair/stable 0.0.8-3 all
  Library for local control of Rabbit Air purifiers

python3-radiotherm/stable 2.1.0-3 all
  Client library for Wi-Fi thermostats sold by Radio Thermostat

python3-rally/stable 4.1.0-4 all
  benchmark System for OpenStack - Python code

python3-rally-openstack/stable 3.0.0-7 all
  OpenStack plugin for the Rally benchmark system - Python code

python3-rapidfuzz/stable 3.12.2+ds-1 arm64
  Rapid fuzzy string matching library (Python library)

python3-raritan-json-rpc/stable 4.3.0+ds-1 all
  Python 3 library for the Raritan Xerus™ JSON-RPC interface

python3-rbd/stable 18.2.7+ds-1+deb13u1 arm64
  Python 3 libraries for the Ceph librbd library

python3-rdata/stable 0.11.2-1 all
  parses R dataset (.rda) files

python3-reentry/stable 1.3.2-1 all
  plugin manager based on setuptools entry points (Python 3)

python3-repoze.who/stable 3.0.0-4 all
  ident and auth framework for Python WSGI applications - Python 3.x

python3-retrying/stable 1.3.3-4 all
  simplifies the task of adding retry behavior - Python 3.x

python3-rfc3161ng/stable 2.1.3-1 all
  Implementation of trusted timestamping client

python3-rich-click/stable 1.6.0-2 all
  creating beautiful command line interfaces for Python3

python3-ring-doorbell/stable 0.9.13-2 all
  Expose Ring.com devices as Python objects

python3-rl-renderpm/stable 4.0.3+repack-9 arm64
  contains the ReportLab accelerator module

python3-roborock/stable 2.16.1-1 all
  Library for controlling Roborock vacuums over Wi-Fi

python3-rokuecp/stable 0.19.5-1 all
  Library for communicating with Roku devices using the External Control Protocol

python3-romy/stable 0.0.10-2 all
  Library to control Wi-Fi enabled ROMY vacuum cleaners

python3-roonapi/stable 0.1.6-3 all
  Library to interface with the Roon API

python3-roscpp-msg/stable 1.17.0+ds-2 all
  Header for roscpp messages, Python 3

python3-rosmsg/stable 1.17.0+ds-2 all
  Command-line tools for displaying information about Robot OS - Python 3

python3-rospy/stable 1.17.0+ds-2+b5 arm64
  Python 3 client library for Robot OS

python3-rosservice/stable 1.17.0+ds-2 all
  Command-line tool for listing and querying Robot OS services - Python 3

python3-rova/stable 0.4.1-2 all
  Python API wrapper for accessing the ROVA waste management calendar

python3-rpcq/stable 3.11.0-3 all
  RPC framework and message specification for Rigetti QCS

python3-rsyncmanager/stable 0.1.4-1 all
  Python binding for rsync

python3-ruuvitag-ble/stable 0.1.2-2 all
  Handle RuuviTag BLE devices

python3-sane/stable 2.9.1-3+b7 arm64
  Python Imaging Library - SANE interface (Python3)

python3-sanix/stable 1.0.6-1.1 all
  wrapper for getting measurements data from Sanix devices

python3-schema/stable 0.7.7-1 all
  simple data validation library (Python 3)

python3-scifem/stable 0.6.0-2 arm64
  Scientific Computing Tools for Finite Element Methods (Python 3)

python3-scpi/stable 2.4.0-2 all
  Basic idea here is to make transport-independent command sender/parser and a device baseclass that implements the common SCPI commands

python3-scrapli/stable 2023.7.30-3 all
  sync/async screen scraping client specifically for network devices

python3-scriptforge/stable 4:25.2.3-2+deb13u6 all
  interface between Python and the LibreOffice ScriptForge library

python3-scrypt/stable 0.8.27-2+b1 arm64
  bindings for the scrypt key derivation function library - Python 3.x

python3-sdnotify/stable 0.3.2-2 all
  Python3 implementation of systemd's service notification protocol

python3-secretstorage/stable 3.3.3-3 all
  Python module for storing secrets - Python 3.x version

python3-senlin-dashboard/stable 8.0.0-3 all
  clustering service for OpenStack clouds - dashboard plugin

python3-sensorpro-ble/stable 0.7.1-2 all
  Library for interacting with SensorPro BLE devices

python3-sensorpush-ble/stable 1.9.0-1 all
  Parser for SensorPush Bluetooth Low Energy (BLE) devices

python3-sentinels/stable 1.0.0-8 all
  Python module for sentinel objects (Python 3 version)

python3-service-identity/stable 24.2.0-1 all
  Service identity verification for pyOpenSSL (Python 3 module)

python3-sharkiq/stable 1.1.0-1 all
  Python API for controlling Shark IQ robot vacuums

python3-sherlock/stable 0.4.1-2 all
  distributed inter-process locks with a choice of backend

python3-shodan/stable 1.31.0-1 all
  Official Python library for Shodan (Python 3)

python3-simplehound/stable 0.6-2 all
  Library to interface with the Sighthound Cloud API

python3-simplenote/stable 2.1.4-1.1 all
  Python API wrapper for the Simplenote web service

python3-siobrultech-protocols/stable 0.14.0-2 all
  Library for decoding Brultech device protocols

python3-slow5/stable 0.7.0+dfsg-3+b6 arm64
  Python3 modul for reading & writing SLOW5 files

python3-smbus/stable 4.4-2 arm64
  Python 3 bindings for Linux SMBus access through i2c-dev

python3-smhi/stable 1.0.19-1 all
  Fetches weather forecast data from the Swedish weather institute

python3-snapcast/stable 2.3.7-1 all
  Library to control and manage Snapcast clients on a network

python3-snitun/stable 0.42.0-1 all
  End-to-End encryption with SNI proxy on top of a TCP multiplexer

python3-social-auth-core/stable 4.6.1-1 all
  Core component of the python-social-auth ecosystem (Python3)

python3-softlayer/stable 6.2.5-1 all
  Python client for SoftLayer API (Python 3)

python3-somfy-mylink-synergy/stable 1.0.6-2 all
  Library to interact with Somfy MyLink hub using Synergy API

python3-songpal/stable 0.16.2-2 all
  Control Sony devices using the Songpal protocol

python3-sonos-websocket/stable 0.1.3-2 all
  Async library to communicate with Sonos devices over websockets

python3-sortedcollections/stable 2.1.0-2 all
  Python 3 Sorted Collections

python3-sparqlwrapper/stable 2.0.0-2 all
  SPARQL endpoint interface to Python3

python3-sparse/stable 0.16.0a9-1 all
  multidimensional sparse arrays for Python

python3-speechd/stable 0.12.0-5 all
  Python interface to Speech Dispatcher

python3-spexpy/stable 1:7.10.1+dfsg-1 all
  Python interface for SPEX

python3-sphinx/stable 8.1.3-5 all
  documentation generator for Python projects

python3-sphinx-favicon/stable 1.0.1-4 all
  Sphinx Extension adding support for custom favicons

python3-sphinx-feature-classification/stable 2.0.0-2 all
  generate a matrix of pluggable drivers and their support to an API

python3-sphinx-issues/stable 5.0.1-1 all
  Sphinx extension for linking to project's issue tracker

python3-sphinx-notfound-page/stable 1.0.4-2 all
  Create a custom 404 page with absolute URLs hardcoded

python3-sphinxcontrib-mermaid/stable 1.0.0-1 all
  Sphinx extension to embed Mermaid graphs in documents

python3-sphinxcontrib-pecanwsme/stable 0.11.0-1 all
  documenting APIs built with Pecan and WSME - Python 3.x

python3-sphinxcontrib.googleanalytics/stable 0.4-2 all
  Google Analytics extension for Sphinx

python3-sphinxcontrib.plantuml/stable 0.5-9 all
  PlantUML extension for Sphinx - Python 3.x

python3-spidev/stable 3.6-1+b6 arm64
  Python bindings for Linux SPI access through spidev

python3-spotipy/stable 2.25.1-1 all
  Lightweight library for accessing the Spotify Web API

python3-spyne/stable 2.14.0-7 all
  Python library for writing and calling soap web service

python3-ssdpy/stable 0.4.1-2 all
  Lightweight, compatible SSDP library for Python

python3-sss/stable 2.10.1-2+b1 arm64
  Python3 module for the System Security Services Daemon

python3-stac-check/stable 1.6.0+ds-1 all
  Linting and validation tool for STAC assets

python3-starlette/stable 0.46.1-3+deb13u2 all
  ASGI library ideal for building high performance asyncio services

python3-std-srvs/stable 1.11.3-4 all
  Robot OS Common service definitions, Python 3 bindings

python3-stdnum/stable 1.20-3 all
  Python module to handle standardized numbers and codes (Python3 version)

python3-stone/stable 3.3.8-1 all
  interface description language (IDL) for APIs (Python3 version)

python3-stookwijzer/stable 1.6.1-1 all
  Library for querying Stookwijzer and Luchtmeetnet APIs

python3-streamlink/stable 7.3.0-2 all
  Python module for extracting video streams from various websites

python3-streamlink-doc/stable 7.3.0-2 all
  CLI for extracting video streams from various websites (documentation)

python3-subliminal/stable 2.2.0-1 all
  Python library to search and download subtitles (python3 version)

python3-suds/stable 1.2.0-2 all
  Lightweight SOAP client for Python - Python 3.x

python3-sugar3/stable 0.121-1 all
  Sugar Learning Platform - toolkit Python3 bindings

python3-surepy/stable 0.9.0-2 all
  Library to interact with Sure Petcare API

python3-swift/stable 2.35.1-0+deb13u2 all
  distributed virtual object store - Python 3 libraries

python3-swiftclient/stable 1:4.7.0-2 all
  Client library for Openstack Swift API - Python 3.x

python3-switchbot-api/stable 2.5.0-1 all
  Asynchronous Python library for interacting with Switchbot API

python3-synologydsm-api/stable 2.7.1-1 all
  Asynchronous Python API for Synology DSM

python3-systembridgemodels/stable 4.2.4-2 all
  Library to model system information for local applications

python3-tabnet/stable 4.1.0+ds-2 all
  Attentive Interpretable Tabular Learning

python3-tackerclient/stable 2.3.0-2 all
  CLI and Client Library for OpenStack Tacker - Python 3.x

python3-tado/stable 0.19.2-1 all
  Library enabling interactions with Tado web API for appliance control

python3-tailscale/stable 0.6.2-1 all
  Asynchronous client for the Tailscale API

python3-tango/stable 10.0.2-1 arm64
  API for the TANGO control system (Python 3)

python3-temperusb/stable 1.6.1-2 all
  Readings from USB-connected TEMPer devices

python3-termbox/stable 1.1.2+dfsg-7 arm64
  Library for writing text-based user interfaces (Python)

python3-tesla-powerwall/stable 0.5.2-2 all
  Library for interacting with Tesla Powerwall energy storage systems

python3-tesla-wall-connector/stable 1.0.2-2 all
  API library for communicating with a Tesla Wall Connector

python3-text-unidecode/stable 1.3-1 all
  most basic Python port of the Text::Unidecode Perl library (Python3 version)

python3-textfsm/stable 2.1.0-1 all
  template based state machine for parsing semi-formatted text

python3-texttable/stable 1.7.0-1 all
  Module for creating simple ASCII tables — python3

python3-tf-conversions/stable 1.13.2-11 arm64
  Robot OS conversion library between Eigen, KDL and tf - Python 3 interface

python3-thefuzz/stable 0.22.1-1 all
  Fuzzy string matching in Python

python3-thermobeacon-ble/stable 0.10.0-2 all
  Parser for Thermobeacon devices

python3-thermopro-ble/stable 0.13.1-1 all
  Library for interacting with ThermoPro BLE sensors

python3-thrift/stable 0.19.0-4+b1 arm64
  Python 3 library for Thrift

python3-tilt-ble/stable 0.2.4-2 all
  Parser library for Tilt BLE devices

python3-timeline/stable 0.0.7-5 all
  Timeline module for modelling a series of actions (Python 3)

python3-todoist-api-python/stable 2.1.7-2 all
  Python client for Todoist REST API

python3-tooz/stable 6.3.0-4 all
  coordination library for distributed systems - Python 3.x

python3-toposort/stable 1.10-2 all
  topological sort algorithm - Python 3 module

python3-tplink-omada-client/stable 1.4.4-1 all
  Client for TP-Link Omada SDN Controller API

python3-tpm2-pkcs11-tools/stable 1.9.1-0.1 all
  pkcs11 library for tpm2 - Python library

python3-transforms3d/stable 0.4.2+ds-1 all
  code to convert between various geometric transformations

python3-translate/stable 3.15.1-1 all
  Toolkit assisting in the localization of software (Python 3)

python3-translationstring/stable 1.4-2 all
  Utility library for i18n relied on by various Repoze packages - Python 3.x

python3-trie/stable 0.4.0+ds-1 all
  Pure Python implementation of the trie data structure (Python 3)

python3-trove/stable 1:23.0.0-2 all
  Database as a Service for OpenStack - Python lib

python3-trove-dashboard/stable 24.0.0-1 all
  Database as a Service for OpenStack - dashboard plugin

python3-troveclient/stable 1:8.8.0-2 all
  Client for OpenStack Database as a Service - Python 3.x

python3-ttls/stable 1.9.0-1 all
  Asynchronous requests to Twinkly LED devices

python3-twentemilieu/stable 2.2.1-1 all
  Asynchronous client for Twente Milieu waste collection API

python3-twitchapi/stable 4.4.0-1 all
  Python library for interacting with various Twitch APIs

python3-ua-parser/stable 0.18.0-1 all
  Python module for parsing HTTP User-Agent strings

python3-uart-devices/stable 0.1.1-1 all
  Python library for managing UART devices on Linux

python3-uhd/stable 4.8.0.0+ds1-2 arm64
  universal hardware driver for Ettus Research products - Python3

python3-uinput/stable 1.0.1-3+b1 arm64
  Pythonic API to Linux uinput kernel module (Python3)

python3-ulmo/stable 0.8.8+dfsg1-8 all
  Simple & fast Python 3 access to public hydrology & climatology data

python3-ultraheat-api/stable 0.5.7-2 all
  Reading usage data from the Landys & Gyr Ultraheat heat meter unit

python3-umodbus/stable 1.0.4-2 all
  Implementation of the Modbus protocol in pure Python

python3-undetected-chromedriver/stable 3.5.5-2 all
  Custom selenium chromedriver

python3-uno/stable 4:25.2.3-2+deb13u6 arm64
  Python-UNO bridge

python3-usb/stable 1.2.1-2 all
  USB interface for Python (Python3)

python3-usb-devices/stable 0.4.5-2 all
  Tools for mapping, describing, and resetting USB devices

python3-usbmonitor/stable 1.23-2 all
  Library to simplify USB device monitoring

python3-usbrelay/stable 1.0-2.2+b3 arm64
  Python bindings for USB HID relay driver

python3-user-agents/stable 2.2.0-4 all
  Pure Python implementation for detecting which user agent is used

python3-usgs/stable 0.3.5-3 all
  Access the USGS inventory service

python3-utidylib/stable 0.10-3 all
  Python wrapper for TidyLib

python3-utm/stable 0.8.1-1 all
  Bidirectional UTM-WGS84 converter for Python

python3-uvicorn/stable 0.32.0-3 all
  ASGI server implementation, using uvloop and httptools (Python3 version)

python3-vacuum-map-parser-base/stable 0.1.3-2 all
  Common codebase for creating vacuum map parsers

python3-vacuum-map-parser-roborock/stable 0.1.2-3 all
  Library to parse map data generated by Roborock vacuums

python3-vcr/stable 7.0.0-2 all
  record and replay HTML interactions

python3-vehicle/stable 2.2.2-2 all
  Asynchronous client for retrieving RDW vehicle information

python3-vitrage/stable 14.0.0-4+deb13u1 all
  OpenStack RCA as a Service - Python libs

python3-vitrage-dashboard/stable 8.0.0-1 all
  OpenStack Vitrage - dashboard plugin

python3-vitrageclient/stable 5.2.0-2 all
  OpenStack root cause analysis as a Service client.

python3-voip-utils/stable 0.3.3-1 all
  Utilities for managing Voice over IP communication

python3-vsts-cd-manager/stable 1.0.2-6 all
  Visual Studio Team Services Continuous Delivery Manager

python3-vsure/stable 2.6.7-2 all
  read and change status of verisure devices through mypages

python3-w3lib/stable 2.3.1-1 all
  Collection of web-related functions (Python 3)

python3-watcher/stable 14.0.0-1+deb13u1 all
  OpenStack Cloud Optimization as a Service - Python libraries

python3-watcher-dashboard/stable 13.0.0-1 all
  OpenStack Optimization as a service - dashboard plugin

python3-watcherclient/stable 4.8.0-2 all
  OpenStack Cloud Optimization as a Service client - Python 3.x

python3-webdav/stable 0.11.0-2 all
  WebDAV server implementation in Python (Python3)

python3-webrtc-models/stable 0.3.0-2 all
  Data classes for WebRTC specification integration

python3-werkzeug/stable 3.1.3-2 all
  Collection of utilities for WSGI applications (Python 3.x)

python3-whitenoise/stable 6.8.2-1 all
  static file serving for WSGI applications (Python 3)

python3-wiffi/stable 1.1.2-2 all
  Library to interface with STALL WIFFI devices

python3-wither/stable 1.1-3 all
  XML/HTML Generation DSL (Python 3)

python3-wolf-comm/stable 0.0.47-1 all
  Library to communicate with Wolf SmartSet Cloud

python3-wsme/stable 0.12.1-6 all
  Web Services Made Easy: implement multi-protocol webservices - Python 3.x

python3-wtforms-alchemy/stable 0.19.0-1 all
  Tools for creating WTForms forms from SQLAlchemy models (library)

python3-wyoming/stable 1.6.2-1 all
  Peer-to-peer protocol for voice assistants

python3-xiaomi-ble/stable 0.36.0-1.1 all
  Parser for Xiaomi BLE devices

python3-xknx/stable 3.6.0-1 all
  library for the KNX protocol

python3-xlwt/stable 1.3.0-6 all
  module for writing Microsoft Excel spreadsheet files - Python 3.x

python3-xstatic-angular-uuid/stable 0.0.4.0-4 all
  Angular UUID XStatic support

python3-xstatic-term.js/stable 0.0.7.0-7 all
  term.js XStatic support - Python 3.x

python3-xvfbwrapper/stable 0.2.9-8 all
  headless display inside Xvfb - Python 3.x

python3-xyzservices/stable 2025.4.0-1 all
  Source of XYZ tiles providers

python3-yalexs/stable 8.11.0-1 all
  Library for Yale Access (formerly August) Smart Lock and Doorbell integration

python3-yolink-api/stable 0.5.2-1 all
  Library to authenticate with YoLink devices

python3-yubihsm/stable 3.1.1-1 all
  Python interface to the YubiHSM 2

python3-yubiotp/stable 1.0.0.post1-2 all
  Low-level implementation of the YubiKey OTP algorithm in Python

python3-zake/stable 0.2.2-8 all
  provides a set of testing utilities for the kazoo library - Python 3.x

python3-zaqar/stable 20.0.0-2 all
  OpenStack Queueing as a Service - Python libraries

python3-zaqar-ui/stable 18.0.0-1 all
  OpenStack Queueing as a Service - Dashboard plugin

python3-zaqarclient/stable 3.0.0-3 all
  OpenStack Zaqar Queueing API, client and library - Python 3.x

python3-zeep/stable 4.3.1-2 all
  Modern SOAP client library (Python 3)

python3-zeitgeist/stable 1.0.4-5 all
  event logging framework - Python 3 bindings

python3-zeroc-ice/stable 3.7.10-3.1 arm64
  Python 3 extension for Ice

python3-zeroconf/stable 0.147.0-1 all
  Pure Python implementation of multicast DNS service discovery (Python3)

python3-zigpy/stable 0.80.1-2 all
  Python Zigbee stack

python3-zigpy-deconz/stable 0.25.0-1 all
  Communication library for deCONZ-based Zigbee devices

python3-zigpy-xbee/stable 0.21.0-1 all
  Python library to interface with XBee radios using the zigpy library

python3-zigpy-zigate/stable 0.13.2-3 all
  Zigbee communication library for ZiGate-based devices

python3-zigpy-znp/stable 0.13.1+dfsg-2 all
  Library for interacting with TI ZNP radios in Zigbee networks

python3-zookeeper/stable 3.9.3-1+deb13u1 arm64
  Python bindings for zookeeper

python3-zope.configuration/stable 6.0-1 all
  Zope Configuration Markup Language (ZCML)

python3-zunclient/stable 5.2.1-2 all
  OpenStack container management service API client - Python 3.x

python3-zwave-js-server-python/stable 0.64.0-1 all
  Library for communicating with zwave-js-server

python3-zwave-me-ws/stable 0.4.3-2 all
  WebSocket connection library for Z-Wave.Me Z-Way controllers

python3-zzzeeksphinx/stable 1.5.1-1 all
  Zzzeek's Sphinx layout and utilities

pytrainer/stable 2.2.1-6 all
  desktop application for logging sport activities

pywps/stable 4.6.0-1 all
  Implementation of OGC's Web Processing Service

pywps-doc/stable 4.6.0-1 all
  Implementation of OGC's Web Processing Service - Documentation

pywps-wsgi/stable 4.6.0-1 all
  Implementation of OGC's Web Processing Service - WSGI example

qbootctl/stable 0.2.2-1 arm64
  utility to control Qualcomm A/B boot slots

qcom-phone-utils/stable 0.4.2 arm64
  Utilities for Qualcomm-based phones running Linux

qconf/stable 2.5-1+b2 arm64
  nice configure script for qmake-based projects

qdbus-qt6/stable 6.8.2-5 arm64
  Qt 6 D-Bus application

qemu-block-extra/stable 1:10.0.11+ds-0+deb13u1 arm64
  extra block backend modules for qemu-system and qemu-utils

qemu-system-modules-spice/stable 1:10.0.11+ds-0+deb13u1 arm64
  QEMU full system emulation binaries (spice display modules)

qemu-user-static/stable 1:10.0.11+ds-0+deb13u1 arm64
  QEMU user mode emulation (compat/transitional package)

qemu-utils/stable 1:10.0.11+ds-0+deb13u1 arm64
  QEMU utilities

qemu-web-desktop/stable 25.04.05+ds1-1 arm64
  Remote desktop service with virtual machines in a browser (DARTS).

qgis-server/stable 3.40.6+dfsg-1 arm64
  QGIS server providing various OGC services

qgis-server-bin/stable 3.40.6+dfsg-1 arm64
  QGIS server providing various OGC services (executables)

qgis-server-common/stable 3.40.6+dfsg-1 all
  QGIS server providing various OGC services (data)

qgis-server-landingpage/stable 3.40.6+dfsg-1 arm64
  QGIS server providing various OGC services (landing page)

qgis-server-wcs/stable 3.40.6+dfsg-1 arm64
  QGIS server providing various OGC services (WCS)

qgis-server-wfs/stable 3.40.6+dfsg-1 arm64
  QGIS server providing various OGC services (WFS)

qgis-server-wfs3/stable 3.40.6+dfsg-1 arm64
  QGIS server providing various OGC services (WFS 3)

qgis-server-wms/stable 3.40.6+dfsg-1 arm64
  QGIS server providing various OGC services (WMS)

qgis-server-wmts/stable 3.40.6+dfsg-1 arm64
  QGIS server providing various OGC services (WMTS)

qhimdtransfer/stable 0.9.16-3+b2 arm64
  Transfer software for HiMD Walkman

qhull-bin/stable 2020.2-6+b2 arm64
  calculate convex hulls and related structures (utilities)

qla-tools/stable 20140529-4 all
  QLogic Linux tools for work with QLogic HBAs

qml-module-biometryd/stable 0.3.1-6 arm64
  biometryd mediates/multiplexes to biometric devices - QML bindings

qml-module-hfd/stable 0.2.3-1 arm64
  QML bindings for HFD Service

qml-module-io-thp-pyotherside/stable 1.6.2-1 arm64
  asynchronous Python 3 Bindings for Qt 5 (QML plugin)

qml-module-lomiri-content/stable 2.1.0-4 arm64
  QML binding for Lomiri's liblomiri-content-hub (Qt5)

qml-module-lomiri-content-doc/stable 2.1.0-4 all
  Documentation files for QML module Lomiri Content

qml-module-lomiri-history/stable 0.6-2 arm64
  History service to store messages and calls - QML plugin

qml-module-lomiri-pushnotifications/stable 0.3-2 arm64
  Lomiri Push Notifications QML plugin

qml-module-lomiri-telephony/stable 0.6.1-1 arm64
  Telephony service components for Lomiri - Telephony QML plugin

qml-module-lomiri-telephony-phonenumber/stable 0.6.1-1 arm64
  Telephony service components for Lomiri - PhoneNumber QML plugin

qml-module-mediascanner/stable 0.118-1 arm64
  QML plugin for the Media Scanner

qml-module-org-kde-kirigami2/stable 5.116.0-1 arm64
  set of QtQuick components targeted for mobile use

qml-module-org-kde-prison/stable 5.116.0-1 arm64
  barcode API for Qt

qml-module-org-kde-purpose/stable 5.116.0-1 arm64
  abstraction to provide and leverage actions of a specific kind, qml bindings

qml-module-org-kde-solid/stable 5.116.0-1 arm64
  Qt library to query and control hardware plugin

qml-module-qtserviceframework/stable 5.0~git20230712.81e08ee+dfsg-3+b2 arm64
  Qt 5 Service Framework QML module

qml-module-usermetrics/stable 1.3.3-2 arm64
  QML bindings for libusermetrics

qml6-module-io-thp-pyotherside/stable 1.6.2-1 arm64
  asynchronous Python 3 Bindings for Qt 6 (QML plugin)

qml6-module-lomiri-content/stable 2.1.0-4 arm64
  QML binding for Lomiri's liblomiri-content-hub (Qt6)

qml6-module-org-kde-kdeconnect/stable 25.04.2-1+deb13u1 arm64
  QML module wrapping KDE Connect functionality

qml6-module-org-kde-kirigami/stable 6.13.0-2 arm64
  set of QtQuick components targeted for mobile use (QML module)

qml6-module-org-kde-prison/stable 6.13.0-1 arm64
  barcode API for Qt

qml6-module-org-kde-purpose/stable 6.13.0-1 arm64
  abstraction to provide and leverage actions of a specific kind, qml bindings

qmlkonsole/stable 25.04.0-1 arm64
  Terminal app for Plasma Mobile

qmmp/stable 2.2.4-1 arm64
  feature-rich audio player with support of many formats

qrazercfg/stable 0.43-4 all
  Graphical Razer device configuration tool

qrazercfg-applet/stable 0.43-4 all
  Graphical Razer device configuration tool - applet

qrisk2/stable 0.1.20150729-7 arm64
  cardiovascular disease risk calculator

qrtr-tools/stable 1.1-2+b1 arm64
  Userspace reference for QRTR -- tools and services

qshutdown/stable 1.7.4-1+b3 arm64
  Qt program to shutdown/reboot/suspend/hibernate the system

qt6-networkauth-dev/stable 6.8.2-4 arm64
  Qt 6 NetworkAuth - development files

qtdbustest-runner/stable 0.3.3-1 arm64
  Library for testing DBus interactions using Qt (test runner executable)

qtel/stable 24.02-5 arm64
  Graphical client for the EchoLink® protocol

qtel-icons/stable 24.02-5 all
  Icons for graphical client for the EchoLink® protocol

qtgamepad5-doc/stable 5.15.15-2 all
  Qt 5 Gamepad QCH documentation

qtgamepad5-doc-html/stable 5.15.15-2 all
  Qt 5 Gamepad HTML documentation

qtnetworkauth5-doc/stable 5.15.15-3 all
  online account access for Qt apps - documentation

qtnetworkauth5-doc-html/stable 5.15.15-3 all
  online account access for Qt apps - HTML Documentation

qtnetworkauth5-examples/stable 5.15.15-3 arm64
  online account access for Qt apps - Examples

qtscrob/stable 0.11+git-5+b4 arm64
  audioscrobbler submitter for portable media players - Qt frontend

qtsystems5-tools/stable 5.0~git20230712.81e08ee+dfsg-3+b2 arm64
  Qt 5 Systems tools

qutemol/stable 0.4.1~cvs20081111-15+b5 arm64
  interactive visualization of macromolecules

qv4l2/stable 1.30.1-1 arm64
  Test bench application for video4linux devices

qvidcap/stable 1.30.1-1 arm64
  Capture test utility for video4linux devices

qxgedit/stable 1.0.1-1 arm64
  MIDI System Exclusive files editor

r-bioc-alabaster.matrix/stable 1.6.1+ds-2 arm64
  Load and Save matrices, arrays, and similar objects from files

r-bioc-aroma.light/stable 3.36.0-2 all
  BioConductor methods normalization and visualization of microarray data

r-bioc-assorthead/stable 1.0.1+ds-2 all
  Assorted Header-Only C++ Libraries

r-bioc-beachmat/stable 2.22.0+ds-3~deb13u1 arm64
  I/O for several formats storing matrix data

r-bioc-dropletutils/stable 1.26.0+ds-2 arm64
  BioConductor utilities for handling single-cell droplet data

r-bioc-limma/stable 3.62.2+dfsg-1 arm64
  linear models for microarray data

r-bioc-megadepth/stable 1.16.0+ds-2 all
  BioCOnductor BigWig and BAM related utilities

r-bioc-multtest/stable 2.62.0-2 arm64
  Bioconductor resampling-based multiple hypothesis testing

r-bioc-sparsematrixstats/stable 1.18.0+dfsg-2 arm64
  BioConductor summary statistics for rows and columns of sparse matrices

r-bioc-tfbstools/stable 1.44.0+dfsg-2 arm64
  GNU R Transcription Factor Binding Site (TFBS) Analysis

r-bioc-tximport/stable 1.34.0+dfsg-2 all
  transcript-level estimates for biological sequencing

r-cran-abind/stable 1.4-8-1 all
  GNU R abind multi-dimensional array combination function

r-cran-adegraphics/stable 1.0-21-1 all
  GNU R lattice-based package for the representation of multivariate data

r-cran-ape/stable 5.8-1-1 arm64
  GNU R package for Analyses of Phylogenetics and Evolution

r-cran-bayesm/stable 3.1-6+dfsg-1+b1 arm64
  GNU R package for Bayesian inference

r-cran-bayestestr/stable 0.15.2-1 all
  GNU R understand and describe Bayesian models and posterior distributions

r-cran-bdsmatrix/stable 1.3-7-1+b1 arm64
  GNU R routines for block diagonal symmetric matrices

r-cran-bigmemory/stable 4.6.4-2 arm64
  Manage Massive Matrices with Shared Memory and Memory-Mapped Files

r-cran-bit64/stable 4.6.0-1-4 arm64
  A S3 Class for Vectors of 64bit Integers

r-cran-blockmodeling/stable 1.1.5-1+b1 arm64
  Generalized and classical blockmodeling of valued networks

r-cran-bms/stable 0.3.5-1 all
  GNU R package for Bayesian model averaging for linear models

r-cran-bold/stable 1.3.0-1 all
  GNU R interface to Bold Systems for genetic barcode data

r-cran-bookdown/stable 0.42+dfsg-1 all
  authoring books and technical documents with GNU R markdown

r-cran-cairo/stable 1.6-2-1+b1 arm64
  GNU R graphics device using cairo graphics library

r-cran-clustergeneration/stable 1.3.8-1 all
  GNU R random cluster generation (with specified degree of separation)

r-cran-collapse/stable 2.1.0-1 arm64
  GNU R advanced and fast data transformation

r-cran-covr/stable 3.6.4+dfsg-1+b1 arm64
  test coverage for GNU R packages

r-cran-credentials/stable 2.0.2-1 all
  GNU R tools for managing SSH and Git credentials

r-cran-ctmcd/stable 1.4.4+dfsg-1+b1 arm64
  GNU R estimating the parameters of a continuous-time Markov chain from

r-cran-dicedesign/stable 1.10-1+b1 arm64
  GNU R designs of computer experiments

r-cran-dslabs/stable 0.8.0-1 all
  GNU R Data Science Labs

r-cran-epi/stable 2.59-1 arm64
  GNU R epidemiological analysis

r-cran-epitools/stable 1:0.5-10.1-2 all
  GNU R Epidemiology Tools for Data and Graphics

r-cran-erm/stable 1.0-6-1+b1 arm64
  GNU R package for 'extended Rasch modelling'

r-cran-farver/stable 2.1.2-1+b1 arm64
  GNU R high performance colour space manipulation

r-cran-ff/stable 4.5.2+ds-1 arm64
  Memory-Efficient Fast-Access Storage of Large Data

r-cran-flextable/stable 0.9.7-1 all
  GNU R functions for tabular reporting

r-cran-fontbitstreamvera/stable 0.1.1+dfsg-5 all
  GNU R fonts with 'Bitstream Vera Fonts' license

r-cran-fontliberation/stable 0.1.0+dfsg-6 all
  Liberation Fonts for GNU R

r-cran-fontquiver/stable 0.2.1-4 all
  set of installed fonts for GNU R

r-cran-fportfolio/stable 4023.84-2 all
  GNU R package for financial engineering -- fPortfolio

r-cran-gclus/stable 1.3.2-2 all
  GNU R clustering graphics

r-cran-gdtools/stable 0.4.1-1 arm64
  GNU R utilities for graphical rendering

r-cran-genieclust/stable 1.1.6-1 arm64
  GNU R Genie++ Hierarchical Clustering Algorithm with Noise Points Detection

r-cran-ggdendro/stable 0.2.0+dfsg-1 all
  GNU R create dendrograms and tree diagrams using 'ggplot2'

r-cran-ggplot2/stable 3.5.1+dfsg-1 all
  implementation of the Grammar of Graphics

r-cran-gunifrac/stable 1.8+dfsg-1+b1 arm64
  Generalized UniFrac Distances

r-cran-htmltable/stable 2.4.3-1 all
  GNU R package for advanced html tables

r-cran-httptest2/stable 1.1.0+ds-2 all
  Test Helpers for 'httr2'

r-cran-ica/stable 1.0-3-1 all
  Independent Component Analysis

r-cran-igraph/stable 2.1.4-1 arm64
  GNU R network analysis and visualization

r-cran-interp/stable 1.1-6-1+b1 arm64
  GNU R interpolation methods

r-cran-irlba/stable 2.3.5.1-4+b2 arm64
  GNU R fast truncated SVD, PCA and symmetric eigendecomposition

r-cran-janeaustenr/stable 1.0.0-1 all
  Jane Austen's complete novels for GNU R

r-cran-jomo/stable 2.7-6-1+b1 arm64
  GNU R multilevel joint modelling multiple imputation

r-cran-jsonld/stable 2.2.1+dfsg-1 all
  GNU R JSON for linking data

r-cran-keyring/stable 1.3.2-1+b1 arm64
  access the system credential store from GNU R

r-cran-latte/stable 0.2.1-2 all
  R interface to 'LattE' and '4ti2'

r-cran-lattice/stable 0.22-7-1 arm64
  GNU R package for 'Trellis' graphics

r-cran-latticeextra/stable 0.6-30-1 all
  GNU R package of additional graphical displays based on lattice

r-cran-magick/stable 2.8.5+dfsg-1+b1 arm64
  advanced graphics and image-processing in GNU R

r-cran-markdown/stable 1.13-1 all
  GNU R package providing R bindings to the Sundown Markdown rendering library

r-cran-matchit/stable 4.7.1-1 arm64
  GNU R package of nonparametric matching methods

r-cran-matrix/stable 1.7-3-1 arm64
  GNU R package of classes for dense and sparse matrices

r-cran-matrixmodels/stable 0.5-4-1 all
  GNU R package for sparse and dense matrix models

r-cran-matrixstats/stable 1.5.0-1 arm64
  GNU R methods that apply to rows and columns of a matrix

r-cran-medadherence/stable 1.03-6+b1 arm64
  GNU R Medication Adherence: Commonly Used Definitions

r-cran-mice/stable 3.17.0-1 arm64
  GNU R multivariate imputation by chained equations

r-cran-misc3d/stable 0.9-1-1 all
  GNU R collection of 3d plot functions and rgl-based isosurfaces

r-cran-misctools/stable 0.6-28-1 all
  GNU R miscellaneous tools and utilities

r-cran-mlbench/stable 2.1-6-1 arm64
  GNU R Machine Learning Benchmark Problems

r-cran-mnp/stable 3.1-5-1 arm64
  GNU R package for fitting multinomial probit (MNP) models

r-cran-multilevel/stable 2.7-1 all
  GNU R multilevel functions for applied psychology

r-cran-munsell/stable 0.5.1-1 all
  Utilities for using Munsell colors

r-cran-nfactors/stable 2.4.1.1-2 all
  GNU R analysis and solutions to the Cattell Scree test

r-cran-nleqslv/stable 3.3.5-1+b1 arm64
  GNU R package for solving systems of nonlinear equations

r-cran-officer/stable 0.6.7+dfsg-1 all
  GNU R manipulation of Microsoft Word and PowerPoint documents

r-cran-openmx/stable 2.21.13+dfsg-1 arm64
  GNU R extended structural equation modelling

r-cran-ordinal/stable 2023.12-4.1-1 arm64
  GNU R regression models for ordinal data

r-cran-parameters/stable 0.24.2-2 all
  GNU R processing of model parameters

r-cran-plm/stable 2.6-5-1 all
  GNU R estimators and tests for panel data econometrics

r-cran-plot3d/stable 1.4.1-1 all
  GNU R plotting multi-dimensional data

r-cran-pscl/stable 1.5.9-1+b1 arm64
  GNU R package for discrete data models

r-cran-psyphy/stable 0.3-1 all
  functions for analyzing psychophysical data in GNU R

r-cran-pwt/stable 7.1.1-7 all
  GNU R package for the Penn World Tables (version 5.6 to 7.1)

r-cran-pwt8/stable 8.1.1-5 all
  GNU R package for the Penn World Tables (version 8.x)

r-cran-pwt9/stable 9.1-0-2 all
  GNU R package for the Penn World Tables (version 9.x)

r-cran-qlcmatrix/stable 0.9.8-1 all
  GNU R utility sparse matrix functions for quantitative language

r-cran-r.devices/stable 2.17.2+ds-1 all
  unified handling of graphics devices in R

r-cran-ragg/stable 1.3.3-1 arm64
  GNU R graphic devices based on AGG

r-cran-raschsampler/stable 0.8-10-1+b1 arm64
  GNU R package for sampling binary matrices with fixed margins

r-cran-rcolorbrewer/stable 1.1-3-1 all
  GNU R package providing suitable color palettes

r-cran-rcpparmadillo/stable 14.4.2-1-1 arm64
  GNU R package for Armadillo C++ linear algebra library

r-cran-rcppdist/stable 0.1.1-2+b1 arm64
  'Rcpp' Integration of Additional Probability Distributions

r-cran-rcppeigen/stable 0.3.4.0.2-1 arm64
  GNU R package for Eigen templated linear algebra

r-cran-rcpphnsw/stable 0.6.0+ds-1 arm64
  R bindings for a Library for Approximate Nearest Neighbors

r-cran-rcppml/stable 0.3.7-2+b1 arm64
  GNU R Rcpp Machine Learning Library

r-cran-recipes/stable 1.1.0+dfsg-1 all
  GNU R preprocessing tools to create design matrices

r-cran-rematch/stable 2.0.0-1 all
  GNU R package to match regular expression with a nicer api

r-cran-reshape/stable 0.8.9-1 all
  Flexibly reshape data

r-cran-reshape2/stable 1.4.4-2+b1 arm64
  Flexibly reshape data: a reboot of the reshape package

r-cran-restfulr/stable 0.0.15-1+b1 arm64
  GNU R interface to RESTful web wervices

r-cran-rgl/stable 1.3.18-1 arm64
  GNU R package for three-dimensional visualisation using OpenGL

r-cran-ritis/stable 1.0.0-1 all
  GNU R Integrated Taxonomic Information System client

r-cran-rmarkdown/stable 2.29+dfsg-1 all
  convert R markdown documents into a variety of formats

r-cran-rmpfr/stable 1.0-0-2 arm64
  R MPFR - Multiple Precision Floating-Point Reliable

r-cran-rockchalk/stable 1.8.157+dfsg-2 all
  GNU R regression estimation and presentation

r-cran-rsdmx/stable 1:0.6-5+dfsg-1 all
  GNU R package for the Statistical Data and Metadata Exchange (SDMX) framework

r-cran-seriation/stable 1.5.7-1 arm64
  GNU R infrastructure for ordering objects using seriation

r-cran-shapes/stable 1.2.7-1 all
  Statistical Shape Analysis

r-cran-shazam/stable 1.2.0-1 all
  Immunoglobulin Somatic Hypermutation Analysis

r-cran-sjlabelled/stable 1.2.0-1 all
  GNU R labelled data utility functions

r-cran-skimr/stable 2.1.5+dfsg-1 all
  GNU R compact and flexible summaries of data

r-cran-slam/stable 0.1-55-1 arm64
  GNU R sparse lighweight arrays and matrices package

r-cran-sna/stable 2.8-1 arm64
  Tools for Social Network Analysis

r-cran-spacetime/stable 1.3-3-1 all
  GNU R classes and methods for spatio-temporal data

r-cran-sparsem/stable 1.84-2-1+b1 arm64
  GNU R package for basic linear algebra for sparse matrices

r-cran-sparsesvd/stable 0.2-2-1+b1 arm64
  GNU R sparse truncated singular value decomposition

r-cran-sparsevctrs/stable 0.2.0-2 arm64
  Sparse Vectors for Use in Data Frames

r-cran-spatialreg/stable 1.3-6+dfsg-1 arm64
  GNU R spatial regression analysis

r-cran-spatstat.explore/stable 3.3-4-1 arm64
  GNU R exploratory data analysis for the 'spatstat' family

r-cran-spatstat.linnet/stable 3.2-5-1 arm64
  linear networks functionality of the 'spatstat' family of GNU R

r-cran-spatstat.model/stable 3.3-4-1 arm64
  GNU R parametric statistical modelling for the 'spatstat' family

r-cran-spc/stable 1:0.7.1-1 arm64
  GNU R Statistical Process Control

r-cran-svglite/stable 2.1.3-2 arm64
  GNU R 'SVG' graphics device

r-cran-systemfonts/stable 1.2.1-1 arm64
  system native font finding for GNU R

r-cran-tensora/stable 0.36.2.1-1+b1 arm64
  GNU R advanced tensor arithmetic with named indices

r-cran-textshaping/stable 0.3.7-2+b1 arm64
  GNU R bindings to the 'HarfBuzz' and 'Fribidi' libraries for text shaping

r-cran-tfmpvalue/stable 0.0.9-1+b1 arm64
  GNU R P-Value Computation for Position Weight Matrices

r-cran-tgp/stable 2.4-23-1 arm64
  GNU R Bayesian treed Gaussian process models

r-cran-thematic/stable 0.1.6-1 all
  unified and automatic theming for GNU R

r-cran-timechange/stable 0.3.0-2 arm64
  Efficient Manipulation of Date-Times

r-cran-tkrplot/stable 0.0.29-1 arm64
  GNU R embedded Tk plotting device package

r-cran-units/stable 0.8-7+dfsg-2 arm64
  Measurement Units for R Vectors

r-cran-usethis/stable 3.1.0-1 all
  Automate Package and Project Setup

r-cran-webfakes/stable 1.3.2-1 arm64
  fake Web Apps for HTTP testing of GNU R packages

r-cran-whatif/stable 1.5-10-1 all
  GNU R evaluate counterfactuals

r-cran-wikidataqueryservicer/stable 1.0.0-2 all
  GNU R API client library for 'Wikidata Query Service'

r-other-chbutils/stable 0.1+git20171026.a226cee-2 arm64
  GNU R utilities from Harvard School of Public Health Bioinformatics

r-other-kcha-psiplot/stable 2.3.0-2+b1 arm64
  plots relative abundance alterantively spliced transcripts

r-other-mott-happy.hbrem/stable 2.4-5+b1 arm64
  GNU R package for fine-mapping complex diseases

r-recommended/stable 4.5.0-3 all
  GNU R collection of recommended packages [metapackage]

racket/stable 8.16+dfsg1-3 arm64
  extensible programming language in the Scheme family

radlib-dev/stable 2.12.0-7+b1 arm64
  development file for librad0

radosgw/stable 18.2.7+ds-1+deb13u1 arm64
  REST gateway for RADOS distributed object store

radosgw-dbg/stable 18.2.7+ds-1+deb13u1 arm64
  debugging symbols for radosgw

railcontrol/stable 24+dfsg1-1 arm64
  A software for model railway control

railway-gtk/stable 2.7.3-3 arm64
  Look up travel information for different rail providers

raku-license-spdx/stable 3.18.0-5 all
  Raku module containing a SPDX license list

rally/stable 4.1.0-4 all
  benchmark System for OpenStack - command line and configuration

rancid/stable 3.14-1 arm64
  Really Awesome New Cisco confIg Differ

randomplay/stable 0.60+pristine-3 all
  command-line based shuffle music player that remembers songs between sessions

ranger/stable 1.9.4-2 all
  Console File Manager with VI Key Bindings

rapid-photo-downloader/stable 0.9.36-1.1 all
  Photo downloader (importer) from cameras, memory cards, other devices

rarpd/stable 0.981107-9.1 arm64
  Reverse Address Resolution Protocol daemon

rasdaemon/stable 0.8.3-1 arm64
  utility to receive RAS error tracings

ratbagd/stable 0.18-1 arm64
  D-Bus daemon handling mouse configuration

rauc-service/stable 1.13-3+deb13u1 all
  Robust Auto-Update Controller - service

raven/stable 1.1.0-1 all
  Python tool that extends the capabilities of the http.server Python module

razercfg/stable 0.43-4 arm64
  Razer device configuration tool

rbd-nbd/stable 18.2.7+ds-1+deb13u1 arm64
  NBD-based rbd client for the Ceph distributed file system

rbd-nbd-dbg/stable 18.2.7+ds-1+deb13u1 arm64
  debugging symbols for rbd-nbd

rblcheck/stable 20231210-1+b2 arm64
  Tool to query DNSBL servers

rdate/stable 1:1.11-3+b1 arm64
  sets the system's date from a remote host with network time protocol

rdma-core/stable 56.1-1 arm64
  RDMA core userspace infrastructure and documentation

rdmacm-utils/stable 56.1-1 arm64
  Examples for the librdmacm library

read-edid/stable 3.0.2-1.1+b1 arm64
  hardware information-gathering tool for VESA PnP monitors

readsb/stable 3.14.1630+git20240609.adc080d-1 arm64
  Mode-S/ADSB/TIS decoder for RTLSDR, BladeRF, Modes-Beast and GNS5894 devices

readstat/stable 1.1.9-4 arm64
  read/write data sets from SAS, Stata, and SPSS

realmd/stable 0.17.1-3+b3 arm64
  DBus service for configuring kerberos and other online identities

recoll/stable 1.43.0-1 all
  Personal full text search package

recoverdm/stable 0.20-9 arm64
  recover files on disks with damaged sectors

recoverjpeg/stable 2.6.3-5+b1 arm64
  recover JFIF (JPEG) pictures and MOV movies

redfishtool/stable 1.1.5-3 all
  redfish command-line client

remmina/stable 1.4.39+dfsg-1+deb13u1 arm64
  GTK+ Remote Desktop Client

remmina-common/stable 1.4.39+dfsg-1+deb13u1 all
  Common files for Remmina

remmina-dev/stable 1.4.39+dfsg-1+deb13u1 arm64
  Headers for Remmina

remmina-plugin-exec/stable 1.4.39+dfsg-1+deb13u1 arm64
  EXEC plugin for Remmina

remmina-plugin-kiosk/stable 1.4.39+dfsg-1+deb13u1 arm64
  Kiosk plugin for Remmina

remmina-plugin-kwallet/stable 1.4.39+dfsg-1+deb13u1 arm64
  KWallet plugin for Remmina

remmina-plugin-python/stable 1.4.39+dfsg-1+deb13u1 arm64
  Python support for Remmina

remmina-plugin-rdp/stable 1.4.39+dfsg-1+deb13u1 arm64
  RDP plugin for Remmina

remmina-plugin-secret/stable 1.4.39+dfsg-1+deb13u1 arm64
  Secret plugin for Remmina

remmina-plugin-spice/stable 1.4.39+dfsg-1+deb13u1 arm64
  Spice plugin for Remmina

remmina-plugin-vnc/stable 1.4.39+dfsg-1+deb13u1 arm64
  VNC plugin for Remmina

remmina-plugin-www/stable 1.4.39+dfsg-1+deb13u1 arm64
  WWW plugin for Remmina

remmina-plugin-x2go/stable 1.4.39+dfsg-1+deb13u1 arm64
  X2Go plugin for Remmina

remote-logon-config-agent/stable 0.10-1 all
  Retrieve host and session information from remote broker servers

remote-logon-service/stable 1.0.2.90-4+b2 arm64
  DBus service for tracking available remote logon servers

remotetrx/stable 24.02-5 arm64
  Remote controller for radio transceivers

renameutils/stable 0.12.0-12 arm64
  Programs to make file renaming easier

reniced/stable 1.23-1 all
  renice running processes based on regular expressions

repowerd/stable 2023.07-4+b1 arm64
  Power daemon to monitor and control system power state (daemon)

repowerd-data/stable 2023.07-4 all
  Power daemon to monitor and control system power state (daemon data)

repowerd-tools/stable 2023.07-4+b1 arm64
  Power daemon to monitor and control system power state (tools)

reprepro/stable 5.4.6+really5.3.2-1+deb13u1 arm64
  Debian package repository producer

reprotest/stable 0.7.30 all
  Build software and check it for reproducibility

resource-agents/stable 1:4.16.0-3+deb13u2 arm64
  Cluster Resource Agents

retroarch-assets/stable 1.20.0+dfsg-1 all
  RetroArch assets for Ozone, GLUI, RGUI and XMB

reuse/stable 5.0.2-1 all
  tool for REUSE copyright and license recommendations

rfkill/stable 2.41-5 arm64
  tool for enabling and disabling wireless devices

rhsrvany/stable 1.1-3 all
  Turn any Windows program or script into a Windows service

rhythmbox-plugin-alternative-toolbar/stable 0.20.4-1 all
  Enhanced play controls and interface for Rhythmbox

rinetd/stable 0.73-2+b1 arm64
  Internet TCP/UDP redirection server

ripper/stable 0.0~git20150415.0.bd1a682-4 arm64
  scrape licenses out of files

riseup-vpn/stable 0.24.10+ds1-1+deb13u2 arm64
  Easy, fast, and secure VPN service from riseup.net

rkdeveloptool/stable 1.32+pine64git20240226.17823e9-1+b1 arm64
  tools for working with Rockchip processors

rkflashtool/stable 0~20160324-2 arm64
  Tools for flashing Rockchip devices

rkward/stable 0.8.0-4.1~deb13u1 arm64
  KDE frontend to the R statistics language

rkward-data/stable 0.8.0-4.1~deb13u1 all
  KDE frontend to the R statistics language - data files

rlinetd/stable 0.9.3-3 arm64
  gruesomely over-featured inetd replacement

rlpr/stable 2.06-2+b1 arm64
  utility for lpd printing without using /etc/printcap

rmlint/stable 2.10.2-0.2 arm64
  Extremely fast tool to remove filesystem lint

rmlint-doc/stable 2.10.2-0.2 all
  HTML documentation for rmlint

rmlint-gui/stable 2.10.2-0.2 all
  GTK+ frontend to rmlint

rmtfs/stable 1.1-4 arm64
  Qualcomm Remote Filesystem Service implementation

rna-star/stable 2.7.11b+dfsg-2+b2 arm64
  ultrafast universal RNA-seq aligner

rng-tools-debian/stable 2.6 arm64
  daemon to use a Hardware RNG (classic version)

rng-tools5/stable 5-4.1+b2 arm64
  Daemon to use a Hardware TRNG

rocksdb-tools/stable 9.10.0-1 arm64
  persistent Key-Value Store for Flash and RAM Storage (tools)

rockusb/stable 0.2.0-2+b2 arm64
  Rockchip USB utility

rocm-device-libs-17/stable 6.0+git20231212.5a852ed-2 arm64
  AMD specific device-side language runtime libraries

rolldice/stable 1.16-1+b5 arm64
  virtual dice roller

ros-roscpp-msg/stable 1.17.0+ds-2 all
  Robot OS definitions of roscpp messages

ros-std-srvs/stable 1.11.3-4 all
  Robot OS Common service definitions, definitions

ros-topic-tools-srvs/stable 1.17.0+ds-2 all
  service templates files for libtopic-tools (Robot OS)

rrdtool/stable 1.7.2-4.2+b5 arm64
  time-series data storage and display system (programs)

rshim/stable 2.2.2+debian-1+b1 arm64
  Userspace (fuse) host driver for Mellanox BlueField devices

rsplib-all/stable 3.4.4-1.1+b2 arm64
  RSerPool implementation RSPLIB

rsplib-doc/stable 3.4.4-1.1 all
  documentation of the RSerPool implementation RSPLIB

rsplib-fgp-cfgfiles/stable 3.4.4-1.1 all
  RSerPool Fractal Generator Service example input files

rsplib-registrar/stable 3.4.4-1.1+b2 arm64
  RSerPool Registrar service

rsplib-services/stable 3.4.4-1.1+b2 arm64
  RSerPool example services

rsplib-tools/stable 3.4.4-1.1+b2 arm64
  RSerPool test tools

rss-bridge/stable 2022-01-20+dfsg1-1 all
  web service generating ATOM feeds for websites that don't have them

rss2email/stable 1:3.14-1 all
  receive RSS feeds by email

rssguard/stable 4.0.4+dfsg-1.1+b1 arm64
  simple, light and easy-to-use RSS/ATOM feed aggregator

rtirq-init/stable 20150216-3 all
  startup script for realtime-preempt enabled kernels

rtkit/stable 0.13-5.1+b1 arm64
  Realtime Policy and Watchdog Daemon

rtl-433/stable 25.02-1+deb13u1 arm64
  Decode 433.9 Mhz data

rtsp-server-perl/stable 0.06-4 all
  Lightweight RTSP/RTP streaming media server (service)

ruby-actioncable/stable 2:7.2.2.2+dfsg-2~deb13u1 all
  WebSocket framework for Rails (part of Rails)

ruby-activestorage/stable 2:7.2.2.2+dfsg-2~deb13u1 all
  local and cloud file storage framework (part of Rails)

ruby-akismet/stable 3.0.0-1 all
  Ruby client for the Akismet API

ruby-aliyun-sdk/stable 0.8.0-3+b4 arm64
  Aliyun OSS SDK for Ruby

ruby-amazon-ec2/stable 0.9.17-5 all
  Ruby library for accessing Amazon EC2

ruby-ast/stable 2.4.3-1 all
  Ruby library for working with abstract syntax trees

ruby-atk/stable 4.2.2-2 all
  ATK bindings for the Ruby language

ruby-aws/stable 2.10.2-5 all
  AWS Ruby Library for interfacing with Amazon Web Services

ruby-aws-eventstream/stable 1.3.0-1 all
  AWS Event Stream Library

ruby-aws-partitions/stable 1.1005.0-1 all
  provider of information about AWS partitions, regions, and services

ruby-aws-sdk/stable 1.67.0-3 all
  Amazon Web Services SDK for Ruby

ruby-aws-sdk-kms/stable 1.24.0-3 all
  AWS SDK for Ruby - KMS

ruby-aws-sdk-s3/stable 1.170.1-1 all
  AWS SDK for Ruby - Amazon S3

ruby-aws-sigv4/stable 1.10.1-1 all
  AWS Signature Version 4 library

ruby-azure-storage-blob/stable 2.0.0-3 all
  access and manage Microsoft Azure Storage Blob Services

ruby-azure-storage-common/stable 2.0.1-8 all
  ruby package that supports service client libraries for azure storage

ruby-backports/stable 3.21.0-2 all
  backports of new features for older versions of Ruby

ruby-blade-sauce-labs-plugin/stable 0.7.3+dfsg-1.1 all
  Blade Runner plugin for Sauce Labs (saucelabs.com)

ruby-bullet/stable 7.2.0-1 all
  ActiveRecord helper for detecting performance  issues

ruby-celluloid/stable 0.18.0-2 all
  actor-based concurrent object framework for ruby

ruby-circuitbox/stable 2.0.0-2 all
  Robust circuit breaker that manages failing external services

ruby-client-side-validations/stable 3.2.6+gh-1.1 all
  client side validations made easy for your Rails v3.1+ apps

ruby-clockwork/stable 3.0.1-2 all
  scheduler process to replace cron

ruby-cocoon/stable 1.2.15-1 all
  tool to handle nested forms using jQuery

ruby-coveralls/stable 0.8.23-4 all
  Ruby implementation of the Coveralls API

ruby-creole/stable 0.5.0-4 all
  Creole common wiki markup language to HTML converter

ruby-cssbundling-rails/stable 1.4.1-1 all
  Bundle and process CSS in Rails via Node.js

ruby-dbus/stable 0.16.0-1 all
  Ruby module for interaction with D-Bus

ruby-dependor/stable 1.0.1-2.1 all
  classes and modules that simplifing dependency injection in Ruby

ruby-device-detector/stable 1.0.1-2 all
  Precise and fast user agent parser and device detector

ruby-dnsruby/stable 1.61.5-3 all
  Ruby DNS and DNSSEC client library

ruby-errbase/stable 0.0.3-1.1 all
  Common exception reporting for a variety of services

ruby-fog-aliyun/stable 0.4.0-2 all
  Fog provider for Aliyun Web Services

ruby-fog-aws/stable 3.18.0-2 all
  module for the 'fog' gem to support Amazon Web Services

ruby-fog-core/stable 2.3.0-2 all
  shared classes and tests for fog providers and services

ruby-fog-google/stable 1.19.0-3 all
  module for the 'fog' library to support Google cloud services

ruby-fog-local/stable 0.8.0-2 all
  Module for the 'fog' gem to support local filesystem storage

ruby-fog-profitbricks/stable 0.0.1-2.1 all
  library to use ProfitBricks cloud in applications

ruby-fog-terremark/stable 0.0.3-2.1 all
  library for using Terremark vCloud in applications

ruby-fog-xml/stable 0.1.1-5.1 all
  XML parsing for fog providers

ruby-foreman/stable 0.88.1-1 all
  Process manager for applications with multiple components

ruby-github-linguist/stable 7.27.0-1+b5 arm64
  detection and highlight of the programming language of source code

ruby-gitlab-sdk/stable 0.3.1-2 all
  Client side Ruby SDK for GitLab Application services

ruby-google-api-client/stable 0.53.0-2 all
  Client for accessing Google APIs

ruby-google-apis-androidpublisher-v3/stable 0.34.0-2 all
  Simple REST client for Google Play Android Developer API V3

ruby-google-apis-cloudbilling-v1/stable 0.21.0-2 all
  Simple REST client for Cloud Billing API V1

ruby-google-apis-cloudresourcemanager-v1/stable 0.31.0-2 all
  Simple REST client for Cloud Resource Manager API V1

ruby-google-apis-compute-v1/stable 0.57.0-2 all
  Simple REST client for Compute Engine API V1

ruby-google-apis-container-v1/stable 0.43.0-2 all
  Simple REST client for Kubernetes Engine API V1

ruby-google-apis-container-v1beta1/stable 0.43.0-2 all
  Simple REST client for Kubernetes Engine API V1beta1

ruby-google-apis-dns-v1/stable 0.12.0-2 all
  Simple REST client for Cloud DNS API V1

ruby-google-apis-iam-v1/stable 0.36.0-2 all
  Simple REST client for Identity and Access Management (IAM) API V1

ruby-google-apis-iamcredentials-v1/stable 0.16.0-2 all
  Simple REST client for IAM Service Account Credentials API V1

ruby-google-apis-monitoring-v3/stable 0.12.0-2 all
  Simple REST client for Cloud Monitoring API V3

ruby-google-apis-pubsub-v1/stable 0.7.0-2 all
  Simple REST client for Cloud Pub/Sub API V1

ruby-google-apis-serviceusage-v1/stable 0.28.0-2 all
  Simple REST client for Service Usage API V1

ruby-google-apis-sqladmin-v1beta4/stable 0.41.0-2 all
  Simple REST client for Cloud SQL Admin API V1beta4

ruby-google-apis-storage-v1/stable 0.21.0-2 all
  Simple REST client for Google Cloud Storage JSON API V1

ruby-googleapis-common-protos-types/stable 1.14.0-1 all
  Common protobuf types used in Google APIs

ruby-graffiti/stable 2.3.2-1 all
  Relational RDF store for Ruby

ruby-grit/stable 2.8.3-1 all
  Ruby Git bindings

ruby-grpc/stable 1.51.1-6 arm64
  GRPC system in Ruby

ruby-html-proofer/stable 3.19.4-2 all
  Test your rendered HTML files to make sure they're accurate

ruby-httparty/stable 0.21.0-1 all
  quick web service consumption from any Ruby class

ruby-i18n-inflector/stable 2.6.7-2 all
  enhance i18n backend with inflections

ruby-ice-nine/stable 0.11.2-2 all
  Ruby module to deep freeze objects

ruby-jekyll-seo-tag/stable 2.8.0-2 all
  Jekyll plugin to add metadata tags

ruby-kubeclient/stable 4.12.0-1 all
  client for Kubernetes REST API

ruby-libxml/stable 5.0.3-1+b3 arm64
  Ruby Bindings for LibXML2

ruby-license-finder/stable 7.0.1-2 all
  audit the OSS licenses of your application's dependencies

ruby-loofah/stable 2.24.0-1 all
  manipulation and transformation of HTML/XML documents and fragments

ruby-maven-tools/stable 1.2.2-1 all
  helpers for maven related tasks

ruby-messagebus-api/stable 3.0.7+git.20130130.97b34ece.REALLY.1.0.3-4 all
  Send email through the Message Bus service

ruby-minitest-shared-description/stable 1.0.0-2.1 all
  Support for shared specs and shared spec subclasses for Minitest

ruby-minitest-utils/stable 0.2.4+debian-1.1 all
  utilities for minitest

ruby-morpher/stable 0.2.6-2 all
  Data transformation algebra with optional tracked evaluation.

ruby-msfrpc-client/stable 1.1.2-2 all
  Rapid7 Metasploit API client library written in Ruby

ruby-net-irc/stable 0.0.9-3.1 all
  Ruby IRC library (Client, Server and many IRC gateways to webservice)

ruby-oedipus-lex/stable 2.6.0-2 all
  Lexer generator in the same family as Rexical and Rex

ruby-ole/stable 1.2.12.2-2 all
  Ruby library for read/write access for OLE compound documents

ruby-omniauth-gitlab/stable 4.1.0-1 all
  OAuth2 strategy for authenticating to GitLab service

ruby-openid/stable 2.9.2debian-4 all
  Ruby library for verifying and serving OpenID identities

ruby-optimist/stable 3.1.0-2 all
  Commandline parser for Ruby that just gets out of your way

ruby-packable/stable 1.3.14-2 all
  extensive packing and unpacking capabilities for Ruby

ruby-pg-ldap-sync/stable 0.5.1-1 all
  Synchronize users and groups from LDAP/AD into PostgreSQL

ruby-pgplot/stable 0.2.0-5 arm64
  Ruby interface to the PGPLOT graphics library

ruby-png-quantizator/stable 0.2.1-2 all
  Small wrapper around pngquant

ruby-prawn-svg/stable 0.32.0-1 all
  SVG renderer for Prawn PDF library

ruby-puppet-syntax/stable 4.1.1-1 all
  Syntax checks for Puppet manifests, templates, and Hiera YAML

ruby-puppetlabs-spec-helper/stable 8.0.0-1 all
  rake tasks and spec helper for spec tests on puppet modules

ruby-rack-mobile-detect/stable 0.4.0-4.1 all
  rack middleware for ruby webapps to detect mobile devices

ruby-rack-parser/stable 0.7.0-3 all
  Rack Middleware for parsing post body data

ruby-rb-inotify/stable 0.10.1-2 all
  Ruby wrapper for Linux's inotify, using FFI

ruby-retriable/stable 3.1.2-1 all
  Retriable is an simple DSL to retry failed code blocks

ruby-retryable/stable 3.0.5-1 all
  module that allows one to retry a code block

ruby-romkan/stable 0.4.0-2.1 all
  Romaji <-> Kana conversion library for Ruby

ruby-roo/stable 2.10.0-2.1 all
  can access the contents of various spreadsheet files

ruby-rspec-junit-formatter/stable 0.4.1-2 all
  RSpec JUnit XML formatter

ruby-rspec-puppet/stable 4.0.2+ds-1 all
  RSpec tests for your Puppet manifests

ruby-rushover/stable 0.3.0-2 all
  Simple ruby Pushover client

ruby-safely-block/stable 0.4.1-1 all
  Rescue and report exceptions in non-critical code

ruby-safety-net-attestation/stable 0.4.0-2 all
  SafetyNet attestation response verification

ruby-sd-notify/stable 0.1.1-2 all
  Pure Ruby implementation of systemd's sd_notify

ruby-sdl/stable 2.2.0-2+b7 arm64
  Ruby/SDL interface for Ruby

ruby-simplecov-html/stable 0.12.3-2 all
  default HTML formatter for SimpleCov code coverage tool

ruby-simpleidn/stable 0.2.1-1 all
  Punycode ACE to unicode UTF-8 (and vice-versa) string conversion.

ruby-slack-messenger/stable 2.3.5-1 all
  Slim ruby wrapper for posting to slack webhooks

ruby-spdx-licenses/stable 1.2.0-2 all
  SPDX license and identifier lookup

ruby-statsd/stable 1.4.0-1.1 all
  StatsD client for Ruby

ruby-symboltable/stable 1.0.2-2 all
  symbols-only hash for Ruby

ruby-table-print/stable 1.5.6-1.1 all
  Ruby library to turn objects into formatted columns

ruby-text-format/stable 1.0.0-5 all
  Ruby library for text formatting

ruby-train-core/stable 3.12.6-1 all
  transport interface to talk to a selected set of backends (core)

ruby-tty-spinner/stable 0.9.3-2 all
  Library for showing a spinner icon for terminal tasks

ruby-u2f/stable 0.2.1-2.1 all
  U2F server side library

ruby-unleash/stable 3.2.5-2 all
  Unleash feature toggle client

ruby-valid/stable 1.0.0-2.1 all
  standalone, generic object validator for ruby

ruby-wisper/stable 2.0.1-2 all
  micro library providing objects with Publish-Subscribe capabilities

ruby-zoom/stable 0.5.0-2+b9 arm64
  Ruby/ZOOM provides a Ruby binding to the Z40.50 Object-Orientation Model

runit/stable 2.2.0-3 arm64
  system-wide service supervision

runit-init/stable 2.2.0-3 arm64
  system-wide service supervision (as init system)

runit-run/stable 2.2.0-3 all
  service supervision (systemd and sysv integration)

runit-services/stable 0.9.1+deb13u1 all
  UNIX init scheme with service supervision (services)

rush/stable 2.4-1 arm64
  restricted user shell

rygel/stable 0.44.2-1 arm64
  GNOME UPnP/DLNA services

rygel-2.8-dev/stable 0.44.2-1 arm64
  GNOME UPnP/DLNA services - plugin development files

rygel-gst-launch/stable 0.44.2-1 arm64
  GNOME UPnP/DLNA services - gst-launch plugin

rygel-playbin/stable 0.44.2-1 arm64
  GNOME UPnP/DLNA services - GStreamer Media Renderer plugin

rygel-preferences/stable 0.44.2-1 arm64
  GNOME UPnP/DLNA services - preferences tool

rygel-ruih/stable 0.44.2-1 arm64
  GNOME UPnP/DLNA services - Ruih plugin

rygel-tracker/stable 0.44.2-1 arm64
  GNOME UPnP/DLNA services - TinySPAQRL plugin

s3backer/stable 1.5.4-2+b3 arm64
  Amazon AWS S3-backed virtual hard disk device

s3cmd/stable 2.4.0-3 all
  command-line Amazon S3 client

s3ql/stable 5.2.3+dfsg-2 arm64
  Full-featured file system for online data storage

s3ql-dbg/stable 5.2.3+dfsg-2 arm64
  Full-featured file system for online data storage (debugging symbols)

s4cmd/stable 2.1.0+ds-3 all
  Super Amazon S3 command line tool

s6/stable 2.13.1.0-1 arm64
  small and secure supervision software suite

s6-doc/stable 2.13.1.0-1 all
  small and secure supervision software suite (documentation)

sachesi/stable 2.0.4+ds-8+b1 arm64
  BlackBerry 10 device utility

safecopy/stable 1.7-7+b1 arm64
  data recovery tool for problematic or damaged media

salliere/stable 0.10-3.1 all
  Bridge duplicate scorer

salmon/stable 1.10.2+ds1-1+b5 arm64
  wicked-fast transcript quantification from RNA-seq data

samba-dsdb-modules/stable 2:4.22.10+dfsg-0+deb13u1 arm64
  Samba Directory Services Database

sambamba/stable 1.0.1+dfsg-2+b1 arm64
  tools for working with SAM/BAM data

sane-airscan/stable 0.99.35-1 arm64
  SANE backend for AirScan (eSCL) and WSD document scanner

sane-utils/stable 1.3.1-3+b1 arm64
  API library for scanners -- utilities

sasa/stable 0.3-1 arm64
  standalone systemd-style socket activation implementation

saytime/stable 1.0-36 arm64
  speaks the current time through your sound card

sbd/stable 1.5.2-5 arm64
  STONITH Block Device daemon

sblim-wbemcli/stable 1.6.3-3+b2 arm64
  WBEM Command Line Interface for CIMOM access

scalpel/stable 1.60+git20240110.6960eb2-1+b2 arm64
  fast filesystem-independent file recovery

scanbd/stable 1.5.1-7+b2 arm64
  Scanner button daemon

scantool/stable 2.1-2.1+b2 arm64
  OBD-II vehicle diagnostic scanner

scaphandre/stable 1.0.2-4+b1 arm64
  energy consumption monitoring agent - command-line tool

scaphandre-docs/stable 1.0.2-4 all
  energy consumption monitoring agent - documentation

sch-rnd/stable 1.0.8-3 arm64
  Standard installation of sch-rnd

sch-rnd-sim/stable 1.0.8-3 arm64
  High level circuit simulation

schedtool/stable 1.3.0-5+b1 arm64
  Queries/alters process' scheduling policy and CPU affinity

schroot/stable 1.6.13-7 arm64
  Execute commands in a chroot environment

scid/stable 1:4.7.4+dfsg1-2.1 arm64
  chess database with play and training functionality

scid-data/stable 1:4.7.4+dfsg1-2.1 all
  data files for scid, the chess database application

scotch/stable 7.0.7-1 arm64
  programs and libraries for graph, mesh and hypergraph partitioning

scrappie/stable 1.4.2-8+b8 arm64
  basecaller for Nanopore sequencer

scrobbler/stable 0.11+git-5+b4 arm64
  audioscrobbler submitter for portable media players - console client

scrub/stable 2.6.1+git20240819.9b4267e-1 arm64
  writes patterns on magnetic media to thwart data recovery

scsitools/stable 0.12-6 arm64
  Collection of tools for SCSI hardware management

scute/stable 1:1.7.0+git20240826+8331f37-1 arm64
  OpenPGP smartcard plugin for Mozilla Network Security Services

sd-multispeech/stable 4.6.2-2 arm64
  Multilingual Speech Dispatcher backend

sd-mux-ctrl/stable 0.0.3-3+b2 arm64
  Tool for controlling multiple sd-mux devices

sd2epub/stable 0.9.6-3+b1 arm64
  StarOffice to OpenDocument converter

sd2odf/stable 0.9.6-3+b1 arm64
  StarOffice to OpenDocument converter

sdcc/stable 4.5.0+dfsg-1 arm64
  Small Device C Compiler

sdcc-doc/stable 4.5.0+dfsg-1 all
  Small Device C Compiler (documentation)

sdcc-libraries/stable 4.5.0+dfsg-1 all
  Small Device C Compiler (libraries)

sdparm/stable 1.12-2+b1 arm64
  Output and modify SCSI device parameters

seccure/stable 0.5-2+b1 arm64
  tools for using algorithms based on elliptic curve cryptography (ECC)

secsipidx/stable 1.3.2-2.1+b8 arm64
  Secure SIP Identity Extensions - IETF STIR and SHAKEN

sent/stable 1-4+b1 arm64
  simple plaintext presentation tool

ser2net/stable 4.6.4-1 arm64
  Serial port to network proxy

serf/stable 0.10.1-1+b14 arm64
  Service orchestration and management tool

service-wrapper/stable 3.5.51-2 arm64
  Jar daemon wrapper

setbfree/stable 0.8.13+ds-1+b1 arm64
  DSP tonewheel organ

setcd/stable 1.5-6.2+b1 arm64
  Control the behaviour of your cdrom device

setserial/stable 2.17-58 arm64
  controls configuration of serial ports

sg3-utils/stable 1.48-2 arm64
  utilities for devices using the SCSI command set

sg3-utils-udev/stable 1.48-2 all
  utilities for devices using the SCSI command set (udev rules)

shaarli/stable 0.14.0+dfsg-2+deb13u1 all
  Personal, minimalist, super-fast and no-database bookmarking service

shadowsocks-libev/stable 3.3.5+ds-16 arm64
  lightweight and secure socks5 proxy

shairport-sync/stable 4.3.7-1 arm64
  AirPlay audio player

sharutils/stable 1:4.15.2-12 arm64
  shar, unshar, uuencode, uudecode

shepherd/stable 1.0.3-1 arm64
  GNU Daemon Shepherd is a system service manager

shorewall-init/stable 5.2.8-6 all
  Shorewall initialization

shoutidjc/stable 2.4.6-r1-1+b1 arm64
  broadcast streaming library with IDJC extensions (source client)

sibsim4/stable 0.20-5+b1 arm64
  align expressed RNA sequences on a DNA template

sidedoor/stable 0.2.1-1.3 all
  SSH connection daemon

signal-estimator/stable 0.1.0-1+b1 arm64
  measure characteristics of a looped back signal

signal-estimator-gui/stable 0.1.0-1+b1 arm64
  measure characteristics of a looped back signal (GUI)

signon-kwallet-extension/stable 4:25.04.0-1 arm64
  KWallet extension for signond

signon-ui-qt/stable 0.17+git20231016.eef943f-3 arm64
  single Sign-on UI based on Qt

signon-ui-service/stable 0.17+git20231016.eef943f-3 all
  D-Bus service file for signon-ui

signond/stable 8.61+git20231015.c8ad982-7 arm64
  Single Sign On framework

signtos/stable 1:10.0.0+r36-1.1 all
  Android signing tool for signing Trusty images

sigrok-firmware-fx2lafw/stable 0.1.7-3 all
  Firmware for Cypress FX2(LP) based logic analyzers

sim4/stable 0.0.20121010-8+b1 arm64
  tool for aligning cDNA and genomic DNA

sim4db/stable 0~20150903+r2013-9+b1 arm64
  batch spliced alignment of cDNA sequences to a target genome

simhash/stable 0.0.20161225-2+b1 arm64
  generate similarity hashes to find nearly duplicate files

simple-revision-control/stable 1.41-1 all
  single-file and single-user revision control system

simplemonitor/stable 1.14.0a-3 all
  Monitors host status and network connectivity

singularity/stable 1.0.0+git20241231-3 all
  game where one becomes the singularity

sip-tester/stable 1:3.7.3-2 arm64
  Performance testing tool for the SIP protocol

sipsak/stable 0.9.8.1-1+b3 arm64
  SIP Swiss army knife

sispmctl/stable 4.12-1+b1 arm64
  Control Gembird SIS-PM programmable power outlet strips

sisu/stable 7.3.0-1 all
  documents - structuring, publishing in multiple formats and search

skanpage/stable 25.04.2-1+deb13u1 arm64
  Multi-page scanning and saving of documents and images

slapd/stable 2.6.10+dfsg-1 arm64
  OpenLDAP server (slapd)

slashem/stable 0.0.7E7F3-12 arm64
  variant of Nethack

slashem-sdl/stable 0.0.7E7F3-12 arm64
  variant of Nethack (SDL window port)

slashem-x11/stable 0.0.7E7F3-12 arm64
  variant of Nethack (X11 window port)

sleuthkit/stable 4.12.1+dfsg-3 arm64
  tools for forensics analysis on volume and filesystem data

slice/stable 2.32.0~ds1-1 all
  Extract out pre-defined slices of an ASCII file

slick-greeter/stable 2.0.9-1 arm64
  Slick-looking LightDM greeter

slirp4netns/stable 1.2.1-1.1 arm64
  User-mode networking for unprivileged network namespaces

slm/stable 1.32-3 all
  school library management

slowhttptest/stable 1.9.0-1+b2 arm64
  application layer Denial of Service attacks simulation tool

slowloris/stable 0.2.6+git20230430.890f72d-2 all
  Security testing tool for web servers

sluice/stable 0.03.01-1 arm64
  rate limiting data piping tool

smartleia/stable 1.0.1-2 all
  PC/SC VPCD backend connector for LEIA board

smb-nat/stable 1:1.0-7 arm64
  Netbios Auditing Tool

smb4k/stable 4.0.0-1+deb13u1 arm64
  Samba (SMB) share advanced browser

smenu/stable 1.2.0-1+b1 arm64
  curse-based CLI selection box

smf-utils/stable 1.3-4.1+b2 arm64
  Utilities to support the smf library

smifb2-dkms/stable 2.4.1-1 all
  SiliconMotion SM750/SM768 Graphics PCI-E DRM Driver

sms4you/stable 0.0.7-4 all
  Personal gateway connecting SMS to XMPP or email

sms4you-doc/stable 0.0.7-4 all
  Personal gateway connecting SMS to XMPP or email - documentation

sms4you-email/stable 0.0.7-4 all
  Personal gateway connecting SMS to email

sms4you-xmpp/stable 0.0.7-4 all
  Personal gateway connecting SMS to XMPP

smuxi-engine/stable 1.2.1-2 all
  Engine libraries for Smuxi (IRC, Twitter, XMPP, Campfire, JabbR)

snac2/stable 2.75-2 arm64
  simple, minimalistic ActivityPub instance

snake4/stable 1.0.14-1.3 arm64
  Snake game

snid/stable 0.3.0-2 arm64
  Oblivious TLS-SNI proxy with zero config IPv4/v6 translation

snmpsim/stable 0.4.5-1.1 all
  SNMP agent simulator

snooze/stable 0.5-1+b1 arm64
  run a command at a particular time

snowdrop/stable 0.02b-15+b1 arm64
  plain text watermarking and watermark recovery

snpeff/stable 5.2.f+dfsg-1 all
  genetic variant annotation and effect prediction toolbox - tool

soapyosmo-common0.8/stable 0.2.5-8+b5 arm64
  Use gr-osmosdr drivers with SoapySDR (common files)

soapyremote-server/stable 0.5.2-4+b2 arm64
  Use SoapySDR devices over network (server)

soapysdr-module-airspy/stable 0.2.0-4+b2 arm64
  Airspy device support for SoapySDR (default version)

soapysdr-module-all/stable 0.8.1-5+b2 arm64
  All device support for default version of SoapySDR (metapackage)

soapysdr-module-audio/stable 0.1.1-6+b1 arm64
  Audio device support for SoapySDR (default version)

soapysdr-module-bladerf/stable 0.4.2-1 arm64
  bladeRF device support for SoapySDR (default version)

soapysdr-module-hackrf/stable 0.3.4-2 arm64
  HackRF device support for SoapySDR (default version)

soapysdr-module-lms7/stable 23.11.0+dfsg-3+b2 arm64
  Lime Microsystems LMS7 device support for SoapySDR (default version)

soapysdr-module-mirisdr/stable 0.2.5-8+b5 arm64
  Mirics SDR device support for SoapySDR (default version)

soapysdr-module-osmosdr/stable 0.2.5-8+b5 arm64
  OsmoSDR device support for SoapySDR (default version)

soapysdr-module-redpitaya/stable 0.1.1-5+b2 arm64
  RedPitaya device support for SoapySDR (default version)

soapysdr-module-remote/stable 0.5.2-4+b2 arm64
  Use SoapySDR devices over network (default client module)

soapysdr-module-rfspace/stable 0.2.5-8+b5 arm64
  RFSpace device support for SoapySDR (default version)

soapysdr-module-rtlsdr/stable 0.3.3-1+b4 arm64
  RTL-SDR device support for SoapySDR (default version)

soapysdr-module-uhd/stable 0.4.1-5 arm64
  UHD device support for SoapySDR (default version)

soapysdr-module-xtrx/stable 0.0.1+git20191219.98458ce-3+b2 arm64
  XTRX device support for SoapySDR (default version)

soapysdr0.8-module-airspy/stable 0.2.0-4+b2 arm64
  Airspy device support for SoapySDR

soapysdr0.8-module-all/stable 0.8.1-5+b2 arm64
  All device support for SoapySDR (metapackage)

soapysdr0.8-module-audio/stable 0.1.1-6+b1 arm64
  Audio device support for SoapySDR

soapysdr0.8-module-bladerf/stable 0.4.2-1 arm64
  bladeRF device support for SoapySDR

soapysdr0.8-module-hackrf/stable 0.3.4-2 arm64
  HackRF device support for SoapySDR

soapysdr0.8-module-lms7/stable 23.11.0+dfsg-3+b2 arm64
  Lime Microsystems LMS7 device support for SoapySDR

soapysdr0.8-module-mirisdr/stable 0.2.5-8+b5 arm64
  Mirics SDR device support for SoapySDR

soapysdr0.8-module-osmosdr/stable 0.2.5-8+b5 arm64
  OsmoSDR device support for SoapySDR

soapysdr0.8-module-redpitaya/stable 0.1.1-5+b2 arm64
  RedPitaya device support for SoapySDR

soapysdr0.8-module-remote/stable 0.5.2-4+b2 arm64
  Use SoapySDR devices over network (client module)

soapysdr0.8-module-rfspace/stable 0.2.5-8+b5 arm64
  RFSpace device support for SoapySDR

soapysdr0.8-module-rtlsdr/stable 0.3.3-1+b4 arm64
  RTL-SDR device support for SoapySDR

soapysdr0.8-module-uhd/stable 0.4.1-5 arm64
  UHD device support for SoapySDR

soapysdr0.8-module-xtrx/stable 0.0.1+git20191219.98458ce-3+b2 arm64
  XTRX device support for SoapySDR

socat/stable 1.8.0.3-1 arm64
  multipurpose relay for bidirectional data transfer

socklog/stable 2.1.0+repack-6 arm64
  system and kernel logging services - binaries

socklog-run/stable 2.1.0+repack-6 arm64
  system and kernel logging services - runit services

socnetv/stable 2.8-1+b2 arm64
  Social Networks Analysis and Visualization software

sofia-sip-bin/stable 1.12.11+20110422.1+1e14eea~dfsg-6.1+b2 arm64
  Sofia-SIP library utilities

sofia-sip-doc/stable 1.12.11+20110422.1+1e14eea~dfsg-6.1 all
  Sofia-SIP library documentation

softhsm2/stable 2.6.1-3 arm64
  cryptographic store accessible through a PKCS #11

softhsm2-common/stable 2.6.1-3 arm64
  cryptographic store accessible through a PKCS #11

solaar/stable 1.1.14-4 all
  Logitech Unifying Receiver peripherals manager for Linux

solfege/stable 3.23.4-13 all
  Ear training software

solfege-doc/stable 3.23.4-13 all
  Ear training software - documentation

solfege-oss/stable 3.23.4-13 arm64
  Ear training software - OSS support module

solid-pop3d/stable 0.15-31+b2 arm64
  POP3 server supporting Maildir, PAM, vhosting

solo1-cli/stable 0.1.1-6 all
  command line interface for SoloKeys Solo 1

sonivoxrender/stable 3.6.15-2 arm64
  Sonivox Embedded Audio Synthesis Library - Render Tool

sound-juicer/stable 3.40.0-3 arm64
  GNOME CD Ripper

spacefm/stable 1.0.6-9 arm64
  Multi-panel tabbed file manager

spacenavd/stable 1.3.1-1 arm64
  daemon for using 3D input devices from 3Dconnexion

spaln/stable 3.0.2+dfsg-2+b1 arm64
  splicing-aware transcript-alignment to genomic DNA

spaln-data/stable 3.0.2+dfsg-2 all
  splicing-aware transcript-alignment to genomic DNA (data)

speakersafetyd/stable 1.1.2-4 arm64
  software Smart Amp implementation

speakup-doc/stable 3.1.6.dfsg.1-7 all
  Documentation for speakup kernel modules

spectools/stable 201601r1-6 arm64
  Utilities for using the Wi-Spy USB spectrum analyzer hardware

speech-dispatcher/stable 0.12.0-5 arm64
  Common interface to speech synthesizers

speech-dispatcher-audio-plugins/stable 0.12.0-5 arm64
  Speech Dispatcher: Audio output plugins

speech-dispatcher-cicero/stable 0.12.0-5 arm64
  Speech Dispatcher: Cicero output module

speech-dispatcher-doc-cs/stable 0.12.0-5 all
  Speech Dispatcher documentation in Czech

speech-dispatcher-espeak/stable 0.12.0-5 arm64
  Speech Dispatcher: Espeak output module

speech-dispatcher-espeak-ng/stable 0.12.0-5 arm64
  Speech Dispatcher: Espeak-ng output module

speech-dispatcher-festival/stable 0.12.0-5 arm64
  Festival support for Speech Dispatcher

speech-dispatcher-flite/stable 0.12.0-5 arm64
  Speech Dispatcher: Flite output module

speech-dispatcher-openjtalk/stable 0.12.0-5 arm64
  Speech Dispatcher: Espeak-ng output module

speedtest-cli/stable 2.1.3-3 all
  Command line interface for testing internet bandwidth using speedtest.net

speex/stable 1.2.1-3 arm64
  Command-line tools for Speex codec

speex-doc/stable 1.2.1-3 all
  Documentation for speex

spew/stable 1.0.8-1.2 arm64
  I/O performance measurement and load generation tool

spf-tools-perl/stable 3.20250505-1 all
  SPF tools (spfquery, spfd) based on the Mail::SPF Perl module

sphinx-intl/stable 2.3.0-1 arm64
  translation support utility for Sphinx

spi-tools/stable 0.8.4-1+b1 arm64
  Simple command line tools to help using Linux spidev devices

spice-client-glib-usb-acl-helper/stable 0.42-3 arm64
  Helper tool to validate usb ACLs

spice-client-gtk/stable 0.42-3 arm64
  Simple clients for interacting with SPICE servers

spice-html5/stable 0.3.0-2 all
  Spice Web client which runs entirely within a modern browser

spice-vdagent/stable 0.22.1-4.1 arm64
  Spice agent for Linux

spice-webdavd/stable 3.0-9+b2 arm64
  daemon to proxy WebDAV request to the Spice virtio channel

split-select/stable 1:14~beta1-3 arm64
  APK split and selection tool

spnavcfg/stable 1.2-1 arm64
  configurator of 6-axes mice from 3Dconnexion

sql-ledger/stable 3.2.6-1 all
  Web based double-entry accounting program

sqlcipher/stable 4.6.1-2 arm64
  Command line interface for SQLCipher

squashfs-tools/stable 1:4.6.1-1+b1 arm64
  Tool to create and append to squashfs filesystems

squeekboard/stable 1.43.1-1 arm64
  On-screen keyboard for Wayland

squeezelite/stable 2.0.0-1517+git20241227.262994a-1+b1 arm64
  lightweight headless Squeezebox emulator - ALSA version

squeezelite-pa/stable 2.0.0-1517+git20241227.262994a-1+b1 arm64
  lightweight headless Squeezebox emulator - PortAudio version

squeezelite-pulseaudio/stable 2.0.0-1517+git20241227.262994a-1+b1 arm64
  lightweight headless Squeezebox emulator - PulseAudio version

sqwebmail/stable 6.2.9+1.4.1-3+deb13u2 arm64
  Courier mail server - webmail server

srptools/stable 56.1-1 arm64
  Tools for Infiniband attached storage (SRP)

sscg/stable 3.0.2-2+b1 arm64
  simple SSL certificate generator

ssg-applications/stable 0.1.76-1 all
  SCAP Guides and benchmarks targeting userspace applications

ssg-base/stable 0.1.76-1 all
  SCAP Security guide base content and documentation

ssg-debderived/stable 0.1.76-1 all
  SCAP Guides and benchmarks targeting Debian-based OS

ssg-debian/stable 0.1.76-1 all
  SCAP Guides and benchmarks targeting Debian releases

ssg-nondebian/stable 0.1.76-1 all
  SCAP Guides and benchmarks targeting other GNU/Linux OS

ssh-askpass-gnome/stable 1:10.0p1-7+deb13u4 arm64
  interactive X program to prompt users for a passphrase for ssh-add

ssh-audit/stable 3.3.0-2 all
  tool for ssh server & client auditing

ssh-contact/stable 0.7-1.1 all
  establish SSH connections to your IM contacts using Telepathy (metapackage)

ssh-contact-client/stable 0.7-1.1+b1 arm64
  establish SSH connections to your IM contacts using Telepathy (client)

ssh-contact-service/stable 0.7-1.1+b1 arm64
  establish SSH connections to your IM contacts using Telepathy (server)

sslscan/stable 2.1.5-1 arm64
  Tests SSL/TLS enabled services to discover supported cipher suites

sssd/stable 2.10.1-2+b1 arm64
  System Security Services Daemon -- metapackage

sssd-ad/stable 2.10.1-2+b1 arm64
  System Security Services Daemon -- Active Directory back end

sssd-ad-common/stable 2.10.1-2+b1 arm64
  System Security Services Daemon -- PAC responder

sssd-common/stable 2.10.1-2+b1 arm64
  System Security Services Daemon -- common files

sssd-dbus/stable 2.10.1-2+b1 arm64
  System Security Services Daemon -- D-Bus responder

sssd-idp/stable 2.10.1-2+b1 arm64
  System Security Services Daemon -- Kerberos plugins for external id providers

sssd-ipa/stable 2.10.1-2+b1 arm64
  System Security Services Daemon -- IPA back end

sssd-kcm/stable 2.10.1-2+b1 arm64
  System Security Services Daemon -- Kerberos KCM server implementation

sssd-krb5/stable 2.10.1-2+b1 arm64
  System Security Services Daemon -- Kerberos back end

sssd-krb5-common/stable 2.10.1-2+b1 arm64
  System Security Services Daemon -- Kerberos helpers

sssd-ldap/stable 2.10.1-2+b1 arm64
  System Security Services Daemon -- LDAP back end

sssd-passkey/stable 2.10.1-2+b1 arm64
  System Security Services Daemon -- passkey helpers and plugins

sssd-proxy/stable 2.10.1-2+b1 arm64
  System Security Services Daemon -- proxy back end

sssd-tools/stable 2.10.1-2+b1 arm64
  System Security Services Daemon -- tools

stac-check/stable 1.6.0+ds-1 all
  Linting and validation tool for STAC assets (CLI programs)

starlink-connect-java/stable 0.1+2024.08.01-1 all
  Abstract classes for persistent connections to remote services

starlink-connect-java-doc/stable 0.1+2024.08.01-1 all
  Abstract classes for persistent connections (javadoc)

starlink-registry-java/stable 1.2+2024.08.05-1 all
  Starlink IVOA registry access

starlink-registry-java-doc/stable 1.2+2024.08.05-1 all
  Starlink IVOA registry access (API docs)

starlink-vo-java/stable 0.2+2025.03.05-1 all
  Virtual Observatory access classes

starlink-vo-java-doc/stable 0.2+2025.03.05-1 all
  Virtual Observatory access classes (javadoc)

steam-devices/stable 1:1.0.0.83~ds-3 all
  Device support for Steam-related hardware

stegsnow/stable 20130616-8+b1 arm64
  steganography using ASCII files

stella/stable 7.0+dfsg-2 arm64
  Atari 2600 Emulator for SDL & the X Window System

stk/stable 5.0.1+dfsg-1+b1 arm64
  Sound Synthesis Toolkit (example applications)

stk-doc/stable 5.0.1+dfsg-1 all
  Sound Synthesis Toolkit (documentation)

stm32flash/stable 0.7-1+b1 arm64
  STM32 chip flashing utility using a serial bootloader

stopmotion/stable 0.8.7-1 arm64
  create stop-motion animations

stops/stable 0.4.0-1 all
  Stop and instrument definitions for Aeolus

storebackup/stable 3.2.1-2 all
  fancy compressing managing checksumming deduplicating hard-linking cp -ua

strawberry/stable 1.2.10-2 arm64
  audio player and music collection organizer

streamdeck-ui/stable 2.0.15-1 all
  Linux compatible UI for the Elgato Stream Deck

streamer/stable 3.107-4 arm64
  television capture tool (images/movies)

streamlink/stable 7.3.0-2 all
  CLI for extracting video streams from various websites to a video player

stressapptest/stable 1.0.11-2+b2 arm64
  stress test application for simulating high load situations

stringtie/stable 2.2.1+ds-3+b2 arm64
  assemble short RNAseq reads to transcripts

stymulator/stable 0.21a~dfsg-4 arm64
  Curses based player and converter for the YM chiptune format

subliminal/stable 2.2.0-1 all
  Command-line tool to search and download subtitles

subtitleeditor/stable 0.54.0-6+b3 arm64
  Graphical subtitle editor with sound waves representation

subversion-tools/stable 1.14.5-3 arm64
  Assorted tools related to Apache Subversion

sucrose/stable 0.121-1 all
  Sugar Learning Platform - Sucrose

sugar-browse-activity/stable 208-1 all
  Sugar Learning Platform - web browsing activity

sugar-calculate-activity/stable 47-1 all
  Sugar Learning Platform - calculation activity

sugar-chat-activity/stable 86-3 all
  Sugar Learning Platform - text chatting activity

sugar-icon-theme/stable 0.121-1 all
  Sugar Learning Platform - icon theme

sugar-imageviewer-activity/stable 65-2 all
  Sugar Learning Platform - image viewing activity

sugar-jukebox-activity/stable 36-2 all
  Sugar Learning Platform - music jukebox activity

sugar-log-activity/stable 42-2 all
  Sugar Learning Platform - log viewing and reporting activity

sugar-memorize-activity/stable 59-1 all
  Sugar Learning Platform - matching game creation/playing activity

sugar-pippy-activity/stable 76-1 all
  Sugar Learning Platform - Python programming activity

sugar-read-activity/stable 124-1 all
  Sugar Learning Platform - document viewer activity

sugar-session/stable 0.121-1 all
  Sugar Learning Platform - window manager

sugar-terminal-activity/stable 47-2 all
  Sugar Learning Platform - terminal emulation activity

sugar-themes/stable 0.121-1 all
  Sugar Learning Platform - artwork

sugar-write-activity/stable 101-2 all
  Sugar Learning Platform - writing activity

suitesparse-mongoose/stable 1:7.10.1+dfsg-1 arm64
  graph partitioning tool that can quickly compute edge cuts (executable)

sunxi-tools/stable 1.4.2+git20240825.4390ca-1 arm64
  tools for working with Allwinner (sunxi) ARM processors

sup/stable 20100519-7 arm64
  Software Upgrade Protocol implementation

sup-mail/stable 1.3-1 arm64
  thread-centric mailer with tagging and fast search

surf-alggeo/stable 1.0.6+ds-7+b1 arm64
  visualization of real algebraic geometry

surf-alggeo-doc/stable 1.0.6+ds-7 all
  visualization of real algebraic geometry -- manual

surf-alggeo-nox/stable 1.0.6+ds-7+b1 arm64
  visualization of real algebraic geometry -- no X support

surgescript/stable 0.5.4.4-1.1+b2 arm64
  Scripting language for games

suru-icon-theme/stable 2025.05.0-1 all
  Suru icon theme for Lomiri Operating Environment

svdrpservice-dev/stable 1.0.0-11 all
  VDR svdrpservice plugin development files

svtools/stable 0.6-6 all
  utilities for daemontools and multilog

svtplay-dl/stable 4.97.1-0.1 all
  program to download videos from video sites

svxlink-calibration-tools/stable 24.02-5 arm64
  Calibration tools for SvxLink amateur radio suite

svxlink-gpio/stable 24.02-5 all
  GPIO control scripts SvxLink amateur radio server

svxlink-server/stable 24.02-5 arm64
  Voice-over-IP server for ham radio operators

svxreflector/stable 24.02-5 arm64
  Conference server for SvxLink amateur radio servers

swh-lv2/stable 1.0.16+git20160519~repack0-4+b1 arm64
  Steve Harris's SWH plugins ported to LV2

swift/stable 2.35.1-0+deb13u2 all
  distributed virtual object store - common files

swift-account/stable 2.35.1-0+deb13u2 all
  distributed virtual object store - account server

swift-container/stable 2.35.1-0+deb13u2 all
  distributed virtual object store - container server

swift-doc/stable 2.35.1-0+deb13u2 all
  distributed virtual object store - documentation

swift-drive-audit/stable 2.35.1-0+deb13u2 all
  distributed virtual object store - drive audit

swift-object/stable 2.35.1-0+deb13u2 all
  distributed virtual object store - object server

swift-object-expirer/stable 2.35.1-0+deb13u2 all
  distributed virtual object store - object-expirer

swift-proxy/stable 2.35.1-0+deb13u2 all
  distributed virtual object store - proxy server

swiftlang/stable 6.0.3-2 arm64
  general-purpose compiled programming language

swiftlang-dev/stable 6.0.3-2 all
  general-purpose compiled programming language - Development Headers

swiftlang-doc/stable 6.0.3-2 all
  general-purpose compiled programming language - Documentation

swirc/stable 3.5.4-1 arm64
  Curses ICB and IRC client

swish++/stable 6.1.5-6+b2 arm64
  Simple Document Indexing System for Humans: C++ version

swish-e/stable 2.4.7-6.3 arm64
  Simple Web Indexing System for Humans - Enhanced

switcheroo-control/stable 2.6-3+b1 arm64
  D-Bus service to check the availability of dual-GPU

swtpm/stable 0.7.1-1.5 arm64
  Libtpms-based TPM emulator

swupdate/stable 2024.12.1+dfsg-3+deb13u2 arm64
  Software update framework for embedded systems

swupdate-doc/stable 2024.12.1+dfsg-3+deb13u2 all
  Documentation for swupdate framework

swupdate-www/stable 2024.12.1+dfsg-3+deb13u2 all
  Web Application for swupdate

sxiv/stable 26-1+b2 arm64
  simple X image viewer

sxmo-utils/stable 1.12.0-7+b3 arm64
  scripts and C programs to support Sxmo

sympa/stable 6.2.76~dfsg-1 arm64
  Modern mailing list manager

syncthing/stable 1.29.5~ds1-2 arm64
  decentralized file synchronization

syncthing-discosrv/stable 1.29.5~ds1-2 arm64
  decentralized file synchronization - discovery server

syncthing-relaysrv/stable 1.29.5~ds1-2 arm64
  decentralized file synchronization - relay server

syncthingtray/stable 1.7.5-1 arm64
  desktop integration for Syncthing

syncthingtray-kde-plasma/stable 1.7.5-1 arm64
  KDE Plasma Desktop and Dolphin integration for Syncthing

sysfsutils/stable 2.1.1-7 arm64
  sysfs query tool and boot-time setup

systemctl/stable 1.4.4181-1.1 all
  daemonless "systemctl" command to manage services without systemd

systemd/stable,now 257.13-1~deb13u1 arm64 [installed,automatic]
  system and service manager

systemd-boot/stable 257.13-1~deb13u1 arm64
  simple UEFI boot manager - integration and services

systemd-boot-efi-arm64-signed/stable 257.13-1~deb13u1 arm64
  Tools to manage UEFI firmware updates (signed)

systemd-boot-efi-arm64-signed-template/stable 257.13-1~deb13u1 arm64
  Template for signed systemd-boot-efi package (arm64)

systemd-cron/stable 2.5.1-2 arm64
  systemd generator that provides cron daemon & anacron functionality

systemd-homed/stable 257.13-1~deb13u1 arm64
  home area manager

systemd-oomd/stable 257.13-1~deb13u1 arm64
  userspace out-of-memory (OOM) killer

systemd-sysv/stable,now 257.13-1~deb13u1 arm64 [installed,automatic]
  system and service manager - SysV compatibility symlinks

systemd-timesyncd/stable,now 257.13-1~deb13u1 arm64 [installed]
  minimalistic service to synchronize local time with NTP servers

systemd-userdbd/stable 257.13-1~deb13u1 arm64
  dynamic user/group manager

systemd-zram-generator/stable 1.2.1-2 arm64
  Systemd unit generator for zram devices

systraq/stable 20201231-5 all
  monitor your system and warn when system files change

sysv-rc-conf/stable 0.99-10 all
  SysV init runlevel configuration tool for the terminal

t1utils/stable 1.41-4+b1 arm64
  Collection of simple Type 1 font manipulation programs

tableau-parm/stable 0.2.0-6+b3 arm64
  tableau write-blocking bridge query/command utility

taisei/stable 1.4.1+dfsg-2 arm64
  vertical scrolling shooting game

taisei-data/stable 1.4.1+dfsg-2 all
  vertical scrolling shooting game (data files)

tali/stable 1:40.9-4 arm64
  sort of poker with dice and less money

tang/stable 15-2 all
  network-based cryptographic binding server

tang-common/stable 15-2+b2 arm64
  network-based cryptographic binding server - common files

tang-nagios/stable 7-3+b1 arm64
  monitoring plugin to check the tang server

tang-xinetd/stable 15-2 all
  network-based cryptographic binding server - xinet version

tango-accesscontrol/stable 10.0.2+dfsg1-2+deb13u1 arm64
  TANGO distributed control system - accesscontrol server

tango-db/stable 10.0.2+dfsg1-2+deb13u1 arm64
  TANGO distributed control system - database server

tango-starter/stable 10.0.2+dfsg1-2+deb13u1 arm64
  TANGO distributed control system - starter server

tango-test/stable 10.0.2+dfsg1-2+deb13u1 arm64
  TANGO distributed control system - test device

tanidvr/stable 1.4.1-2+b1 arm64
  tool for DVRs and IP cameras based on DVR-IP protocol used by Dahua

task-icelandic/stable 3.81 all
  Icelandic environment

task-icelandic-desktop/stable 3.81 all
  Icelandic desktop

task-icelandic-kde-desktop/stable 3.81 all
  Icelandic KDE Plasma desktop

tayga/stable 0.9.2-10+deb13u1 arm64
  userspace stateless NAT64

tcl-combat/stable 0.8.1-1.1 all
  CORBA scripting with Tcl

tcl-syslog/stable 1.2.6-1 arm64
  Tcl interface to the standard syslog service

tcl-xpa/stable 2.1.20-3 arm64
  Seamless communication between Unix programs (Tcl interface)

tcllib/stable 2.0+dfsg-4 all
  Standard Tcl Library

tclspice/stable 44.2+ds-1 arm64
  NGSpice library for Tcl

tclws/stable 3.5.0-1 all
  Tcl Web Services

tcmu-runner/stable 1.5.4-9+b1 arm64
  Daemon that handles the userspace side of the LIO TCM-User backstore

tcpd/stable 7.6.q-36 arm64
  Wietse Venema's TCP wrapper utilities

tcplay/stable 3.3-1+b1 arm64
  TrueCrypt and VeraCrypt implementation based on dm-crypt

tcpslice/stable 1.8-1 arm64
  extract pieces of and/or glue together tcpdump files

tcputils/stable 0.6.2+git20120127.c28952d-0.1 arm64
  Utilities for TCP programming in shell-scripts

te923con/stable 0.6.1-6+b1 arm64
  reading data from weather stations based on Hideki ones

teem-apps/stable 1.12.0~20160122-6 arm64
  Tools to process and visualize scientific data and images - command line tools

telepathy-logger/stable 0.8.2-4.2 arm64
  Telepathy logger service - Daemon

telepathy-mission-control-5/stable 1:5.16.5-2.2+b1 arm64
  management daemon for Telepathy real-time communication framework

telepathy-specification/stable 0.27.4-1 all
  Telepathy D-Bus specification

tempest-for-eliza/stable 1.0.5-3 arm64
  demonstrate electromagnetic emissions from computer systems

terminal.app/stable 0.9.9-5+b2 arm64
  Terminal Emulator for GNUstep

tesseract-ocr-isl/stable 1:4.1.0-2 all
  tesseract-ocr language files for Icelandic

testdisk/stable 7.2-0.1 arm64
  Partition scanner and disk recovery tool, and PhotoRec file recovery tool

testssl.sh/stable 3.2.1+dfsg-1 all
  Command line tool to check TLS/SSL ciphers, protocols and cryptographic flaws

tetrinet-client/stable 0.11+CVS20070911-2.1 arm64
  textmode client for tetrinet, a multiplayer tetris-like game

texinfo/stable 7.1.1-1 all
  Documentation system for on-line information and printed output

texinfo-lib/stable 7.1.1-1+b1 arm64
  Libraries needed by the texinfo package

texlive/stable 2024.20250309-1 all
  TeX Live: A decent selection of the TeX Live packages

texlive-bibtex-extra/stable 2024.20250309-2 all
  TeX Live: BibTeX additional styles

texlive-fonts-extra/stable 2024.20250309-2 all
  TeX Live: Additional fonts

texlive-games/stable 2024.20250309-2 all
  TeX Live: Games typesetting

texlive-lang-european/stable 2024.20250309-1 all
  TeX Live: Other European languages

texlive-lang-french/stable 2024.20250309-1 all
  TeX Live: French

texlive-lang-german/stable 2024.20250309-1 all
  TeX Live: German

texlive-lang-italian/stable 2024.20250309-1 all
  TeX Live: Italian

texlive-latex-base/stable 2024.20250309-1 all
  TeX Live: LaTeX fundamental packages

texlive-latex-extra/stable 2024.20250309-2 all
  TeX Live: LaTeX additional packages

texlive-metapost/stable 2024.20250309-1 all
  TeX Live: MetaPost and Metafont packages

texlive-music/stable 2024.20250309-2 all
  TeX Live: Music packages

texlive-pictures/stable 2024.20250309-1 all
  TeX Live: Graphics, pictures, diagrams

texlive-plain-generic/stable 2024.20250309-2 all
  TeX Live: Plain (La)TeX packages

texlive-publishers/stable 2024.20250309-2 all
  TeX Live: Publisher styles, theses, etc.

texlive-science/stable 2024.20250309-2 all
  TeX Live: Mathematics, natural sciences, computer science packages

texmaker/stable 5.1.3+dfsg-3 arm64
  cross-platform LaTeX editor

textdraw/stable 0.2+ds-1 arm64
  Tool to draw/modify/move geometric figures & text for ASCII art

textedit.app/stable 5.0-5+b1 arm64
  Text editor for GNUstep

tgt/stable 1:1.0.85-1.3 arm64
  Linux SCSI target user-space daemon and tools

tgt-glusterfs/stable 1:1.0.85-1.3 arm64
  Linux SCSI target user-space daemon and tools - GlusterFS support

tgt-rbd/stable 1:1.0.85-1.3 arm64
  Linux SCSI target user-space daemon and tools - RBD support

thc-ipv6/stable 3.8-1+b3 arm64
  The Hacker Choice's IPv6 Attack Toolkit

thin-provisioning-tools/stable 1.1.0-4+b1 arm64
  Tools for handling thinly provisioned device-mapper meta-data

thrift-compiler/stable 0.19.0-4+b1 arm64
  code generator/compiler for Thrift definitions

thunderbird-l10n-is/stable 1:140.12.0esr-1~deb13u1 all
  Icelandic language package for Thunderbird

tillitis-tkey-device-signer/stable 1.0.2-2 all
  Tillitis TKey Signer device application

tillitis-tkey-libs/stable 0.1.2-2 all
  Tillitis TKey device application helper library

tilp2/stable 1.19~git20231112.5a2ea63-1+b3 arm64
  Texas Instruments hand-helds <-> PC communication program for X

timelord/stable 4.2.3~ds-1+deb13u2 arm64
  AppleTalk Network Suite (Timelord Time Server)

timg/stable 1.6.0-1+b1 arm64
  terminal image and video viewer

timidity/stable 2.14.0-8.3+b1 arm64
  Software sound renderer (MIDI sequencer, MOD player)

tiny-dnn/stable 1.0.0a3+ds-5 all
  header only deep learning framework in C++

tiny-dnn-doc/stable 1.0.0a3+ds-5 all
  header only deep learning framework in C++ -- documentation

tinyproxy/stable 1.11.2-1 all
  Lightweight, non-caching, optionally anonymizing HTTP proxy

tinyusb-source/stable 0.18.0+dfsg-1 all
  USB stack for embedded systems

tio/stable 3.9-1 arm64
  simple TTY terminal I/O application

tipp10/stable 3.3.3-1 arm64
  free open source touch typing software

tk-table/stable 2.10.8-2 arm64
  Table extension for Tcl/Tk

tkdesk/stable 2.0-12 arm64
  Tk/tcl based X11 Desktop/File manager

tkgate/stable 2.1+repack-7+b1 arm64
  Tcl/Tk based digital circuit editor and simulator

tlf/stable 1.4.1-351-ge9217b2-1 arm64
  console based ham radio contest logger

tlp/stable 1.8.0-1 all
  Optimize laptop battery life

tlp-rdw/stable 1.8.0-1 all
  Radio device wizard

tmate/stable 2.4.0-3+b1 arm64
  terminal multiplexer with instant terminal sharing

tmate-ssh-server/stable 2.3.0-68-gd7334ee4-2+b1 arm64
  terminal multiplexer with instant terminal sharing -- server

tmux/stable 3.5a-3 arm64
  terminal multiplexer

todotxt-cli/stable 2.11.0-2 all
  simple and extensible shell script for managing todo.txt file

tomcat10/stable 10.1.55-1~deb13u1 all
  Apache Tomcat 10 - Servlet and JSP engine

tomcat11/stable 11.0.22-1~deb13u1 all
  Apache Tomcat 11 - Servlet and JSP engine

topline/stable 0.6-1 arm64
  per-core/NUMA CPU and disk utilization plain-text grapher

tor/stable 0.4.9.11-0+deb13u1 arm64
  anonymizing overlay network for TCP

torrus-common/stable 3.00-2 all
  Universal front-end for Round-Robin Databases (common files)

totalopenstation/stable 0.5.3-1 all
  download and process data from total station devices

totem/stable 43.2-3 arm64
  Simple media player for the GNOME desktop based on GStreamer

tox/stable 4.25.0-1 all
  virtualenv-based automation of test activities

tox-current-env/stable 0.0.16-1 all
  tox plugin to run tests in current Python environment

toybox/stable 0.8.9+dfsg-1.1 arm64
  BSD-licensed Linux command line utilities

tpm2daemon/stable 2.4.7-21+deb13u1+b4 arm64
  GNU privacy guard - TPM2 support

trace2dbest/stable 3.0.1-2 all
  bulk submission of chromatogram data to dbEST

translate/stable 1.1.3 all
  translates words from English into German or viceversa

translate-toolkit/stable 3.15.1-1 all
  Toolkit assisting in the localization of software

translate-toolkit-doc/stable 3.15.1-1 all
  Toolkit assisting in the localization of software (documentation)

treeview/stable 1.2.0+dfsg-2 all
  Java re-implementation of Michael Eisen's TreeView

trezor/stable 0.13.10-2 all
  utilities for communicating with TREZOR Bitcoin HW wallet

trf/stable 4.09.1-6+b1 arm64
  locate and display tandem repeats in DNA sequences

trf-examples/stable 4.09.1-6 all
  locate and display tandem repeats in DNA sequences (examples)

triggerhappy/stable 0.5.0-1.1+b4 arm64
  global hotkey daemon for Linux

trippy/stable 0.12.2+dfsg-1 arm64
  TUI network diagnostic tool

trojan/stable 1.16.0-1.1+b1 arm64
  fast and lightweight proxy that helps you bypass firewalls

trove-api/stable 1:23.0.0-2 all
  Database as a Service for OpenStack - API server

trove-common/stable 1:23.0.0-2 all
  Database as a Service for OpenStack - common files

trove-conductor/stable 1:23.0.0-2 all
  Database as a Service for OpenStack - conductor

trove-doc/stable 1:23.0.0-2 all
  Database as a Service for OpenStack - doc

trove-guestagent/stable 1:23.0.0-2 all
  Database as a Service for OpenStack - guest agent

trove-taskmanager/stable 1:23.0.0-2 all
  Database as a Service for OpenStack - taskmanager

tryton-modules-account-cash-rounding/stable 7.0.1-3 all
  Tryton application platform - account cash rounding module

tryton-modules-account-es-sii/stable 7.0.4-1 all
  Tryton application platform - acounts spanish sii module

tryton-modules-account-fr-chorus/stable 7.0.0-3 all
  Tryton application platform - account french chorus module

tryton-modules-account-invoice/stable 7.0.12-1 all
  Tryton application platform - account invoice module

tryton-modules-account-invoice-correction/stable 7.0.0-3 all
  Tryton application platform - account invoice correction module

tryton-modules-account-invoice-defer/stable 7.0.1-1 all
  Tryton application platform - account invoice defer module

tryton-modules-account-invoice-history/stable 7.0.0-3 all
  Tryton application platform - account invoice history module

tryton-modules-account-invoice-line-standalone/stable 7.0.0-3 all
  Tryton application platform - account invoice line standalone module

tryton-modules-account-invoice-secondary-unit/stable 7.0.0-3 all
  Tryton application platform - account invoice secondary unit module

tryton-modules-account-invoice-stock/stable 7.0.2-1 all
  Tryton application platform - account invoice stock module

tryton-modules-account-invoice-watermark/stable 7.0.0-2 all
  Tryton application platform - account invoice watermark module

tryton-modules-account-payment-clearing/stable 7.0.5-1 all
  Tryton application platform - account payment clearing module

tryton-modules-account-stock-shipment-cost/stable 7.0.1-2 all
  Tryton application platform - account stock shipment cost module

tryton-modules-account-tax-cash/stable 7.0.2-3 all
  Tryton application platform - account tax cash module

tryton-modules-analytic-invoice/stable 1:7.0.0-3 all
  Tryton application platform - analytic invoice module

tryton-modules-carrier-percentage/stable 7.0.0-3 all
  Tryton application platform - carrier percentage module

tryton-modules-commission-waiting/stable 7.0.0-3 all
  Tryton application platform - commission waiting

tryton-modules-document-incoming-invoice/stable 7.0.0-3 all
  Tryton application platform - document incoming invoice module

tryton-modules-document-incoming-ocr/stable 7.0.3-2 all
  Tryton application platform - document incoming ocr module

tryton-modules-document-incoming-ocr-typless/stable 7.0.0-2 all
  Tryton application platform - document incoming ocr typless module

tryton-modules-edocument-uncefact/stable 7.0.1-3 all
  Tryton application platform - edocument un/cefact module

tryton-modules-product-cost-warehouse/stable 7.0.1-1 all
  Tryton application platform - product cost warehouse module

tryton-modules-product-price-list/stable 7.0.0-3 all
  Tryton application platform - product price list module

tryton-modules-product-price-list-cache/stable 7.0.0-2 all
  Tryton application platform - product price list cache module

tryton-modules-product-price-list-dates/stable 7.0.0-3 all
  Tryton application platform - product price list dates module

tryton-modules-product-price-list-parent/stable 7.0.0-3 all
  Tryton application platform - product price list parent module

tryton-modules-production-outsourcing/stable 7.0.1-3 all
  Tryton application platform - production outsourcing module

tryton-modules-project-invoice/stable 7.0.3-3 all
  Tryton application platform - project invoice module

tryton-modules-project-revenue/stable 7.0.2-1 all
  Tryton application platform - project revenue module

tryton-modules-purchase/stable 7.0.12-1 all
  Tryton application platform - purchase module

tryton-modules-purchase-amendment/stable 7.0.2-1 all
  Tryton application platform - purchase amendment module

tryton-modules-purchase-invoice-line-standalone/stable 7.0.0-3 all
  Tryton application platform - purchase invoice line standalone module

tryton-modules-purchase-price-list/stable 7.0.0-3 all
  Tryton application platform - purchase price list module

tryton-modules-purchase-request-quotation/stable 7.0.2-3 all
  Tryton application platform - purchase request for quotation module

tryton-modules-purchase-requisition/stable 7.0.4-1 all
  Tryton application platform - purchase requisition module

tryton-modules-purchase-secondary-unit/stable 7.0.2-1 all
  Tryton application platform - purchase secondary unit module

tryton-modules-sale/stable 7.0.13-1 all
  Tryton application platform - sale module

tryton-modules-sale-amendment/stable 7.0.2-1 all
  Tryton application platform - sale amendment module

tryton-modules-sale-complaint/stable 7.0.0-3 all
  Tryton application platform - sale complaint module

tryton-modules-sale-discount/stable 7.0.1-3 all
  Tryton application platform - sale discount module

tryton-modules-sale-extra/stable 7.0.2-3 all
  Tryton application platform - sale extra

tryton-modules-sale-invoice-date/stable 7.0.1-2 all
  Tryton application platform - sale invoice date module

tryton-modules-sale-invoice-grouping/stable 7.0.0-3 all
  Tryton application platform - sale invoice grouping module

tryton-modules-sale-payment/stable 7.0.1-3 all
  Tryton application platform - sale payment module

tryton-modules-sale-price-list/stable 7.0.0-3 all
  Tryton application platform - sale price list module

tryton-modules-sale-secondary-unit/stable 7.0.2-1 all
  Tryton application platform - sale secondary unit module

tryton-modules-sale-subscription/stable 7.0.3-1 all
  Tryton application platform - sale subscription module

tryton-modules-sale-subscription-asset/stable 7.0.1-1 all
  Tryton application platform - sale subscription asset module

tryton-modules-sale-supply-production/stable 7.0.0-3 all
  Tryton application platform - sale supply production module

tryton-modules-stock-consignment/stable 7.0.2-1 all
  Tryton application platform - stock consignment module

tryton-modules-stock-package-shipping/stable 7.0.1-3 all
  Tryton application platform - stock package shipping module

tryton-modules-stock-package-shipping-dpd/stable 7.0.2-1 all
  Tryton application platform - stock package shipping dpd module

tryton-modules-stock-package-shipping-mygls/stable 7.0.0-2 all
  Tryton application platform - stock package shipping mygls module

tryton-modules-stock-package-shipping-ups/stable 7.0.5-1 all
  Tryton application platform - stock package shipping ups module

ttf-bitstream-vera/stable 1.10-8.2 all
  Bitstream Vera family of free TrueType fonts

ttv/stable 3.107-4 arm64
  television viewer - console application

ttylog/stable 0.31-1+b1 arm64
  serial port logger

ttysnoop/stable 0.12d-6+b3 arm64
  allows you to spy on telnet+serial connections

tuba/stable 0.9.2-1+b1 arm64
  Mastodon and Fediverse client based on GTK4

tucnak/stable 4.67-1 arm64
  VHF/UHF/SHF Hamradio contest logging program

tumbler/stable 4.20.0-1 arm64
  D-Bus thumbnailing service

tumbler-common/stable 4.20.0-1 all
  D-Bus thumbnailing service (common files)

tumbler-plugins-extra/stable 4.20.0-1 arm64
  D-Bus thumbnailing service (additional plugins)

tuned/stable 2.25.1-1 all
  daemon for monitoring and adaptive tuning of system devices

tuned-gtk/stable 2.25.1-1 all
  GTK+ GUI for tuned

tuned-utils/stable 2.25.1-1 all
  various tuned utilities

tuned-utils-systemtap/stable 2.25.1-1 all
  disk and net statistic monitoring systemtap scripts

tuxguitar-alsa/stable 1.6.6+dfsg1-3 arm64
  tuxguitar plugin for sound playback using ALSA

tuxguitar-jack/stable 1.6.6+dfsg1-3 arm64
  tuxguitar plugin for sound playback using JACKD

twinkle/stable 1:1.10.3+dfsg-1 arm64
  Voice over Internet Protocol (VoIP) SIP Phone (GUI)

twinkle-common/stable 1:1.10.3+dfsg-1 all
  Voice over Internet Protocol (VoIP) SIP Phone (common files)

twinkle-console/stable 1:1.10.3+dfsg-1 arm64
  Voice over Internet Protocol (VoIP) SIP Phone (console)

twinvoicerecalc/stable 0.0.20170711-1.1 all
  Taiwan invoice reverse calculator

twms/stable 0.07z+git20201202+bb7c3f8-2.1 all
  tiny web map service

txt2html/stable 1:3.0-1 all
  Text to HTML converter

txtpbfmt/stable 0.0~git20241112.20d2c9e-2+b4 arm64
  modify text proto files preserveing comments (program)

u-boot-efi-dtb/stable 3 all
  copy DTBs to the EFI System Partition from the linux-image-* packages

u-boot-menu/stable 4.2.4 all
  u-boot menu update

u2f-host/stable 1.1.10-3.2+b1 arm64
  Command line tool to do Universal 2nd Factor (U2F) operations

u2f-server/stable 1.1.0-4+b3 arm64
  Command line tool to do Universal 2nd Factor (U2F) operations

u3-tool/stable 0.3-4+b2 arm64
  tool for controlling the special features of a U3 USB flash disk

ucspi-tcp/stable 1:0.88-13 arm64
  command-line tools for building TCP client-server applications

ucspi-tcp-ipv6/stable 1:0.88-13 arm64
  command-line tools for building TCP client-server applications (IPv6)

ucspi-unix/stable 1.0-5 arm64
  UNIX-domain socket client-server command-line tools

udev/stable,now 257.13-1~deb13u1 arm64 [installed]
  /dev/ and hotplug management daemon

udevil/stable 0.4.4-4 arm64
  Alternative storage media interface

udftools/stable 2.3-2+b1 arm64
  tools for UDF filesystems and DVD/CD-R(W) drives

udiskie/stable 2.5.7-2 all
  automounter for removable media for Python

udisks2/stable 2.10.1-12.1+deb13u1 arm64
  D-Bus service to access and manipulate storage devices

udisks2-btrfs/stable 2.10.1-12.1+deb13u1 arm64
  BTRFS support for udisks2

udisks2-doc/stable 2.10.1-12.1+deb13u1 all
  udisks2 documentation

udisks2-lvm2/stable 2.10.1-12.1+deb13u1 arm64
  LVM2 support for udisks2

ufo-filters/stable 0.17.0.76.g691aa0e+dfsg1-2 arm64
  Set of plugins for ufo-core - runtime

ufoai-tools/stable 2.5-8 arm64
  UFO: Alien Invasion -- developer tools

uhd-host/stable 4.8.0.0+ds1-2 arm64
  universal hardware driver for Ettus Research products - host apps

uhd-soapysdr/stable 0.4.1-5 arm64
  SoapySDR device support for libuhd

ukopp/stable 4.9-3+b2 arm64
  Full and incremental backup to disk or disk-like device

ukui-backgroundserver/stable 1.0.1-2+b4 arm64
  background settings service process

ukui-biometric-manager/stable 1.0.3.1-1+b4 arm64
  Manager for biometric authentication

ukui-desktopserver/stable 1.0.1-2+b4 arm64
  desktop settings service process

ukui-fontserver/stable 1.0.1-2+b4 arm64
  font settings service process

ukui-greeter/stable 3.0.3.2-1 arm64
  Lightdm greeter for UKUI

ukui-interfaceserver/stable 1.0.1-2+b4 arm64
  interface settings service process

ukui-keyboardserver/stable 1.0.1-2+b4 arm64
  keyboard settings service process

ukui-marcogeneralserver/stable 1.0.1-2+b4 arm64
  marcogeneral settings service process

ukui-mouseserver/stable 1.0.1-2+b4 arm64
  mouse settings service process

ukui-polkit/stable 1.2.2.2-1.1+b2 arm64
  UKUI authentication agent for PolicyKit-1

ukui-powerserver/stable 1.0.1-2+b4 arm64
  power settings service process

ukui-screensaverserver/stable 1.0.1-2+b4 arm64
  screensaver settings service process

ukui-sessionserver/stable 1.0.1-2+b4 arm64
  session settings service process

ukui-touchpadserver/stable 1.0.1-2+b4 arm64
  touchpad settings service process

ukui-xkbgeneralserver/stable 1.0.1-2+b4 arm64
  xkbgeneral settings service process

umockdev/stable 0.19.1-3 arm64
  record/mock hardware devices for bug reports and regression tests

umps3/stable 3.0.5-1+b3 arm64
  Virtual machine simulator based around the MIPS R2/3000 microprocessor

ums2net/stable 0.1.3-3+b2 arm64
  USB Mass Storage to Network Proxy

umtp-responder/stable 1.3.10-1+b3 arm64
  Lightweight USB Media Transfer Protocol (MTP) responder daemon

unbound/stable 1.22.0-2+deb13u3 arm64
  validating, recursive, caching DNS resolver

uni2ascii/stable 4.20-1 arm64
  UTF-8 to 7-bit ASCII and vice versa converter

unl0kr/stable 2.0.3+dfsg-2 arm64
  Lightweight framebuffer On-Screen-Keyboard based on LVGL

uno-libs-private/stable 4:25.2.3-2+deb13u6 arm64
  LibreOffice UNO runtime environment -- private libraries used by public ones

unscd/stable 0.54-1+b12 arm64
  Micro Name Service Caching Daemon

unshield/stable 1.5.1-1+b2 arm64
  extracts CAB files from InstallShield installers

unworkable/stable 0.53-7+b1 arm64
  efficient, simple and secure bittorrent client

upower/stable 1.90.9-1 arm64
  abstraction for power management

upower-doc/stable 1.90.9-1 all
  abstraction for power management - documentation

upower-tests/stable 1.90.9-1 arm64
  abstraction for power management - test infrastructure

upx-ucl/stable 4.2.4-1.1 arm64
  efficient live-compressor for executables

ure/stable 4:25.2.3-2+deb13u6 arm64
  LibreOffice UNO runtime environment

ure-java/stable 4:25.2.3-2+deb13u6 arm64
  LibreOffice UNO runtime environment -- Java support

urfkill/stable 0.5.0-7.3 arm64
  wireless killswitch management daemon for laptops

urlwatch/stable 2.29-1 all
  monitors webpages for you

uronode/stable 2.15-5 arm64
  Node front end for AX.25, NET/ROM, Rose and TCP

uruk/stable 20240930-1 all
  Very small firewall script, for configuring iptables

usb-modeswitch/stable 2.6.1-4+b2 arm64
  mode switching tool for controlling "flip flop" USB devices

usb-modeswitch-data/stable 20191128-7 all
  mode switching data for usb-modeswitch

usb.ids/stable 2025.07.26-1 all
  USB ID Repository

usbauth-notifier/stable 1.0.4-2.1+b2 arm64
  Notifier for USB Firewall to use with desktop environments

usbguard/stable 1.1.3+ds-3 arm64
  USB device authorization policy framework

usbguard-notifier/stable 0.1.0-3+b2 arm64
  user-friendly notifications for usbguard

usbip/stable 2.0+6.12.94-1 arm64
  USB device sharing system over IP network

usbmuxd/stable 1.1.1-6+deb13u1 arm64
  USB multiplexor daemon for iPhone and iPod Touch devices

usbredirect/stable 0.15.0-1 arm64
  Simple USB host TCP client

usbrelay/stable 1.0-2.2+b3 arm64
  USB HID relay driver

usbrelayd/stable 1.0-2.2 all
  MQTT client for USB HID relay driver

usbrip/stable 2.2.2+git20221003.5093c84-3 all
  USB device artifacts tracker

usbsdmux/stable 24.11.1-1 all
  control software for USB-SD-Mux devices

usbtop/stable 1.0+dfsg-1+b2 arm64
  utility to show bandwidth on USB buses and devices

usbutils/stable,now 1:018-2 arm64 [installed]
  Linux USB utilities

usbutils-py/stable 1:018-2 all
  Linux USB utilities - lsusb.py command

usbview/stable 3.1-2 arm64
  USB device viewer

usermetricsservice/stable 1.3.3-2 arm64
  service exporting anonymous metrics about users

userv/stable 1.2.1 arm64
  `user services' - program call across trust boundaries

userv-dyndns/stable 0.6.1-2 all
  dynamic DNS for shell account users

userv-git-daemon/stable 0.6.1-2 all
  per-user git daemon service

userv-utils/stable 0.6.1-2+b1 arm64
  privsep utilities collection

usgs/stable 0.3.5-3 all
  Access the USGS inventory service -- CLI

ussp-push/stable 0.11-4+b3 arm64
  Client for OBEX PUSH

ussp-push-dbg/stable 0.11-4+b3 arm64
  Client for OBEX PUSH (debugging information)

ustreamer/stable 5.4-1+b2 arm64
  Lightweight and fast MJPG-HTTP streamer

util-linux/stable,now 2.41-5 arm64 [installed]
  miscellaneous system utilities

uvcdynctrl/stable 0.2.5-5 arm64
  Command line tool to control v4l2 devices

uvcdynctrl-data/stable 0.2.5-5 all
  Command line tool to control v4l2 devices - data files

uvicorn/stable 0.32.0-3 all
  ASGI server implementation, using uvloop and httptools

uwsc/stable 2.7.15-2.2+b2 arm64
  Ulfius WebSocket Client

v4l-conf/stable 3.107-4 arm64
  tool to configure video4linux drivers

v4l-utils/stable 1.30.1-1 arm64
  Collection of command line video4linux utilities

v4l2loopback-dkms/stable 0.15.0-2 all
  Source for the v4l2loopback driver (DKMS)

v4l2loopback-source/stable 0.15.0-2 all
  Source for the v4l2loopback driver

v4l2loopback-utils/stable 0.15.0-2 arm64
  Commandline utilities for the for the v4l2-loopback module

vagalume/stable 0.8.6-3+b3 arm64
  GTK+-based client for Last.fm-compatible radio services

variety/stable 0.8.13-1 all
  Wallpaper changer, downloader and manager

varna/stable 3-93+ds-7 all
  Visualization Applet for RNA

vblade/stable 25-2+b1 arm64
  virtual AoE blade emulator

vboot-kernel-utils/stable 0~R106-15054.B+dfsg-0.1 arm64
  Chrome OS verified boot utils required to sign kernels

vde2/stable 2.3.2+r586-11 arm64
  Virtual Distributed Ethernet

vdo/stable 8.3.1.1-1 arm64
  Management tools for Virtual Data Optimizer

vdr-plugin-dvbhddevice/stable 2.2.0-16 arm64
  Plugin that adds support for full featured HD-DVB cards to VDR

vdr-plugin-dvbsddevice/stable 2.2.0-16 arm64
  Plugin that adds support for full featured SD-DVB cards to VDR

vdr-plugin-satip/stable 2.4.1-3 arm64
  SAT>IP plugin for VDR

vdr-plugin-svdrpservice/stable 1.0.0-11 arm64
  VDR plugin that provides a SVDRP service for other plugins

vdr-plugin-vnsiserver/stable 1:1.8.3-1 arm64
  VDR plugin to provide PVR backend services for Kodi

vdr-plugin-xineliboutput/stable 2.3.0-2 arm64
  VDR plugin for Xine based sofdevice frontends

veyon-master/stable 4.9.5+repack1-2 arm64
  Computer Monitoring and Classroom Management Software - master

veyon-service/stable 4.9.5+repack1-2 arm64
  Computer Monitoring and Classroom Management Software - client service

vfu/stable 5.09-3 all
  Versatile text-based file-manager (common files)

vfu-ncurses/stable 5.09-3 arm64
  Versatile text-based file-manager (ncurses)

vfu-yascreen/stable 5.09-3 arm64
  Versatile text-based file-manager (yascreen)

vgrabbj/stable 0.9.9-4 arm64
  grabs an image from a camera and puts it in jpg/png format

videogen/stable 0.33-8+b1 arm64
  Create arbitrary-res modelines using hardware parameters

vigor/stable 0.016-34 arm64
  nvi with the evil paperclip

viking/stable 1.10-4+b1 arm64
  GPS data editor, analyzer and viewer

vim-ocaml-merlin/stable 5.4.1-503+ds-1+b1 arm64
  editor service to develop in OCaml (vim files)

vim-scripts/stable 20210124.4 all
  plugins for vim, adding bells and whistles

vim-tabular/stable 1.0-8 all
  Vim script for text filtering and alignment

vim-vimerl/stable 1.4.1+git20120509.89111c7-2.1 all
  Erlang plugin for Vim

vim-vimerl-syntax/stable 1.4.1+git20120509.89111c7-2.1 all
  Erlang syntax for Vim

vip-manager/stable 1.0.2-9+b9 arm64
  Patroni virtual IP manager

vip-manager2/stable 3.0.0-2+b7 arm64
  Patroni virtual IP manager

virt-manager/stable 1:5.0.0-5+deb13u1 all
  desktop application for managing virtual machines

virt-viewer/stable 11.0-3+b2 arm64
  Displaying the graphical console of a virtual machine

virtiofsd/stable 1.13.2-1+deb13u1 arm64
  Virtio-fs vhost-user device daemon

virulencefinder/stable 2.0.5-2 all
  identify virulence genes in total or partial sequenced isolates of bacteria

virulencefinder-examples/stable 2.0.5-2 all
  example data for virulencefinder

visual-regexp/stable 3.1-7 all
  graphical front-end to write/debug regular expressions in Perl

vitables/stable 3.1.0-2 all
  graphical tool to browse and edit PyTables and HDF5 files

vitrage-api/stable 14.0.0-4+deb13u1 all
  OpenStack RCA as a Service - API server

vitrage-collector/stable 14.0.0-4+deb13u1 all
  OpenStack RCA as a Service - Collector service

vitrage-common/stable 14.0.0-4+deb13u1 all
  OpenStack RCA as a Service - metapackage

vitrage-doc/stable 14.0.0-4+deb13u1 all
  OpenStack RCA as a Service - documentation

vitrage-graph/stable 14.0.0-4+deb13u1 all
  OpenStack RCA as a Service - Graph service

vitrage-ml/stable 14.0.0-4+deb13u1 all
  OpenStack RCA as a Service - Machine Learning Service

vitrage-notifier/stable 14.0.0-4+deb13u1 all
  OpenStack RCA as a Service - Notifier Service

vitrage-persistor/stable 14.0.0-4+deb13u1 all
  OpenStack RCA as a Service - Persistor Service

vitrage-snmp-parsing/stable 14.0.0-4+deb13u1 all
  OpenStack RCA as a Service - SNMP Parsing Service

vlan/stable 2.0.5+nmu3 all
  ifupdown legacy integration for vlan configuration

vncdotool/stable 1.2.0-2 all
  Automate interactions with virtual machines or hardware

voacapl/stable 0.7.6-3 arm64
  HF propagation prediction tool

voacapl-data/stable 0.7.6-3 all
  HF propagation prediction tool (data files)

voms-clients/stable 2.1.2-1 arm64
  Virtual Organization Membership Service Clients

voms-clients-java/stable 3.3.5-1 all
  Virtual Organization Membership Service Java clients

voms-dev/stable 2.1.2-1 arm64
  Virtual Organization Membership Service C++ API Development Files

voms-doc/stable 2.1.2-1 all
  Virtual Organization Membership Service Documentation Files

voms-mysql-plugin/stable 3.1.7-3+b2 arm64
  VOMS server plugin for MySQL

voms-server/stable 2.1.2-1 arm64
  Virtual Organization Membership Service Server

voronota/stable 1.29.4307+ds-2 arm64
  Voronoi diagram-based tool to find atom contacts

vorta/stable 0.10.3-1 all
  Desktop Client for Borg Backup

vpnc-scripts/stable 0.1~git20220510-1 all
  Network configuration scripts for VPNC and OpenConnect

vpoll-dkms/stable 0.1.1-1 all
  vpoll device: generate events for poll/select/ppoll/pselect/epoll

vspline-dev/stable 1.1.7-1 all
  header-only C++ template library for b-spline processing

vvmd/stable 1.1-1 arm64
  Visual Voicemail Daemon

vvmplayer/stable 2.6-1+b1 arm64
  Visual Voicemail Player

w3c-linkchecker/stable 5.0.0-2 all
  tool to verify the links in a web page are still valid

waagent/stable 2.12.0.2-3 all
  Virtual machine interaction with the Microsoft Azure cloud service

wait-for-it/stable 0.0~git20180723-1 all
  script that will wait on the availability of a host and TCP port

wasistlos/stable 1.7.0-2 arm64
  Unofficial WhatsApp desktop application

wasmedge/stable 0.14.1+dfsg-3.1 arm64
  standalone runtime for WebAssembly

watchdog/stable 5.16-1.1 arm64
  system health checker and software/hardware watchdog handler

watcher-api/stable 14.0.0-1+deb13u1 all
  OpenStack Cloud Optimization as a Service - API server

watcher-applier/stable 14.0.0-1+deb13u1 all
  OpenStack Cloud Optimization as a Service - Applier

watcher-common/stable 14.0.0-1+deb13u1 all
  OpenStack Cloud Optimization as a Service - common files

watcher-decision-engine/stable 14.0.0-1+deb13u1 all
  OpenStack Cloud Optimization as a Service - Decision Engine

watcher-doc/stable 14.0.0-1+deb13u1 all
  OpenStack Cloud Optimization as a Service - doc

wavemon/stable 0.9.1-1+b1 arm64
  Wireless Device Monitoring Application

wavesurfer/stable 1.8.8p5-4 all
  Sound Manipulation Program

wayfire-plugin-winshadows/stable 0.0~git20240830.11c8ab6-2 arm64
  Window Shadows Plugin for Wayfire

wayland-scanner++/stable 1.0.0-6+b2 arm64
  wayland compositor infrastructure - C++ protocol code generator

waylandpp-dev/stable 1.0.0-6+b2 arm64
  wayland compositor infrastructure - C++ development files

waylandpp-doc/stable 1.0.0-6 all
  wayland compositor documentation

wayout/stable 0.1.4-1+b1 arm64
  Wayland desktop widgets from standard input text

wayvnc/stable 0.9.1-1 arm64
  VNC server for wlroots-based Wayland compositors

wdm/stable 1.28-27+b2 arm64
  WINGs Display Manager - an xdm replacement with a WindowMaker look

wdq/stable 0.4.4-3 all
  command line access to Wikidata Query Service

weasyprint/stable 62.3-1 all
  Document factory for creating PDF files from HTML

weather-util/stable 2.5.0-1 all
  command-line tool to obtain weather conditions and forecasts

weather-util-data/stable 2.5.0-1 all
  optional correlation data for weather-util search feature

webcam/stable 3.107-4 arm64
  image grabber and uploader

webcamd/stable 0.7.6+repack0-2 all
  Capture images from video devices

webcamoid/stable 9.2.3-1 arm64
  full featured webcam capture application

webcamoid-data/stable 9.2.3-1 all
  icons and locale files for webcamoid

webcamoid-plugins/stable 9.2.3-1 arm64
  full featured webcam capture application - plugins

webext-indie-wiki-buddy-chromium/stable 3.10.1-1 all
  browser extension that redirects you to independent wikis (Chromium)

webext-indie-wiki-buddy-firefox/stable 3.10.1-1 all
  browser extension that redirects you to independent wikis (Firefox)

webext-plasma-browser-integration/stable 6.3.4-2 all
  Chromium, Firefox integration for Plasma (web extension component)

webext-tb-goodies/stable 1.0.1 all
  Useful Add-Ons for Thunderbird

webext-tbsync/stable 4.16-1~deb13u2 all
  Thunderbird/Lightning Add-On to support MS Exchange Calendar etc.

webkitgtk-webdriver/stable 2.52.3-2~deb13u1 arm64
  WebKitGTK WebDriver support

websocketd/stable 0.4.1-1+b23 arm64
  Turn any program that uses STDIN/STDOUT into a WebSocket server

wego/stable 2.3-2+b6 arm64
  weather client for the terminal

weplab/stable 0.1.5-7+b1 arm64
  tool designed to break WEP keys

wesnoth-1.18-ei/stable 1:1.18.5-1 all
  "The Eastern Invasion" official campaign for Wesnoth (branch 1.18)

wesnoth-1.18-httt/stable 1:1.18.5-1 all
  "Heir to the Throne" official campaign for Wesnoth (branch 1.18)

wesnoth-1.18-music/stable 1:1.18.5-1 all
  music files for Wesnoth (branch 1.18)

wesnoth-1.18-nr/stable 1:1.18.5-1 all
  "Northern Rebirth" official campaign for Wesnoth (branch 1.18)

wesnoth-1.18-tsg/stable 1:1.18.5-1 all
  "The South Guard" official campaign for Wesnoth (branch 1.18)

wesnoth-1.18-ttb/stable 1:1.18.5-1 all
  "A Tale of Two Brothers" official campaign for Wesnoth (branch 1.18)

whatmaps/stable 0.0.14-2 all
  tool to find processes mapping shared objects

whatweb/stable 0.5.5-1 all
  Next generation web scanner

whysynth/stable 20170701-3+b1 arm64
  DSSI Soft Synth Interface

wims-lti/stable 0.4.4.1-17 all
  gateway server that links LMSs to WIMS servers, using LTI

winbind/stable 2:4.22.10+dfsg-0+deb13u1 arm64
  service to resolve user and group information from Windows NT servers

winff/stable 1.6.4+dfsg-3 all
  graphical video and audio batch converter using ffmpeg or avconv

winff-qt/stable 1.6.4+dfsg-3 arm64
  Qt variant of winff

winpr3-utils/stable 3.15.0+dfsg-2.1+deb13u3 arm64
  Windows Portable Runtime library command line utilities

wm-icons/stable 0.4.0-11.2 all
  Themed icon set that is Window Manager agnostic

wmail/stable 2.3-2+b2 arm64
  WindowMaker docklet watching your inbox

wmctrl/stable 1.07+git20240228.1105759-1 arm64
  control an EWMH/NetWM compatible X Window Manager

wmdiskmon/stable 0.0.2-4+b1 arm64
  dockapp to display disk usage

wmfsm/stable 0.36-2+b1 arm64
  WindowMaker dock app for monitoring filesystem usage

wmhdplop/stable 0.9.12-2 arm64
  hard drive activity monitor dockapp

wmload/stable 0.9.7-2+b1 arm64
  system load monitor designed for Window Maker

wmmemload/stable 0.1.8-3+b1 arm64
  WindowMaker dockapp to monitor memory and swap usage

wmmon/stable 1.4-2+b2 arm64
  Window Maker dockapp for monitoring system information

wmnut/stable 0.70-2 arm64
  WindowMaker dock app that displays UPS statistics from NUT's upsd

wmppp.app/stable 1.3.2-2+b1 arm64
  PPP dial control and network load monitor w/ NeXTStep look

wmtime/stable 1.4-4 arm64
  Window Maker dockapp that displays the time and date

wmweather/stable 2.4.8-3 arm64
  WindowMaker dockapp that shows your current weather

wodim/stable 9:1.1.11-4 arm64
  command line CD/DVD writing tool

wordpress-shibboleth/stable 1.8-1.1 all
  Shibboleth plugin for WordPress

wpan-tools/stable 0.9-1+b1 arm64
  Configure and test 802.15.4 devices

wpewebkit-webdriver/stable 2.48.3-1 arm64
  WPE WebKit WebDriver support

wrapsrv/stable 1.0.0-2 arm64
  DNS SRV record command line wrapper

writeboost/stable 1.20170616-1.3 all
  utility to manage mappings of dm-writeboost devices

writer2latex/stable 1.4-11 all
  OpenOffice.org Writer/Calc to LaTeX/XHTML converter

writer2latex-manual/stable 1.4-11 all
  OpenOffice.org Writer/Calc to LaTeX/XHTML converter -- manual

wsdd2/stable 1.8.7+dfsg-1.2+b1 arm64
  Web Services on Devices (WSD) daemon

wsl/stable 0.2.1-6 all
  Wsman Shell Command Line "whistle"

wvdial/stable 1.61-8+b1 arm64
  intelligent Point-to-Point Protocol dialer

wys/stable 0.1.12-1+b2 arm64
  daemon to start/stop PulseAudio loopbacks for phone call audio

x11-utils/stable,now 7.7+7 arm64 [installed,automatic]
  X11 utilities

x11-xserver-utils/stable,now 7.7+11 arm64 [installed,automatic]
  X server utilities

x11vnc/stable 0.9.17-1 arm64
  VNC server to allow remote access to an existing X session

x264/stable 2:0.164.3108+git31e19f9-2+b1 arm64
  video encoder for the H.264/MPEG-4 AVC standard

x265/stable 4.1-2 arm64
  H.265/HEVC video stream encoder

x2gothinclient-smartcardrules/stable 1.5.0.1-10.2 all
  UDEV rules for smartcard readers

x2gothinclient-usbmount/stable 1.5.0.1-10.2 all
  clientside usb mass-storage device mounting

xapp-sn-watcher/stable 2.8.8-1 arm64
  D-Bus session bus service to support the XApp library

xawtv/stable 3.107-4 arm64
  television viewer - X11 application

xbase-clients/stable 1:7.7+24+deb13u1 all
  miscellaneous X clients - metapackage

xbubble/stable 0.5.11.2-4 arm64
  nice Puzzle Bubble clone

xbubble-data/stable 0.5.11.2-4 all
  Data files for XBubble, a nice Puzzle Bubble clone

xc3sprog/stable 0+svn795+dfsg-4 arm64
  JTAG flashing tool for FPGAs, CPLDs and EEPROMs

xchpst/stable 0.6.2-1 arm64
  eXtended CHange Process STate

xcwcp/stable 3.6.1-2+b1 arm64
  Morse code tutor - graphical user interface

xd/stable 5.00.02-1 arm64
  smart directory change utility

xdg-desktop-portal/stable,now 1.20.3+ds-1 arm64 [installed,automatic]
  desktop integration portal for Flatpak and Snap

xdg-desktop-portal-dev/stable 1.20.3+ds-1 all
  desktop integration portal - development files

xdg-desktop-portal-gnome/stable 48.0-2 arm64
  GNOME portal backend for xdg-desktop-portal

xdg-desktop-portal-gtk/stable,now 1.15.3-1 arm64 [installed]
  GTK+/GNOME portal backend for xdg-desktop-portal

xdg-desktop-portal-kde/stable 6.3.5-1 arm64
  backend implementation for xdg-desktop-portal using Qt

xdg-desktop-portal-phosh/stable 0.46.0-2 arm64
  Phosh portal backend for xdg-desktop-portal

xdg-desktop-portal-tests/stable 1.20.3+ds-1 arm64
  desktop integration portal - automated tests

xdg-desktop-portal-xapp/stable 1.1.0-1 arm64
  Xapp's Cinnamon, MATE and Xfce backends for xdg-desktop-portal

xdm/stable 1:1.1.11-6.1 arm64
  X display manager

xfce4-dict/stable 0.8.8-1 arm64
  Dictionary plugin for Xfce4 panel

xfce4-eyes-plugin/stable 4.6.2-1 arm64
  eyes that follow your mouse for the Xfce4 panel

xfce4-mount-plugin/stable 1.1.6-1+b3 arm64
  mount plugin for the Xfce4 panel

xfce4-netload-plugin/stable 1.4.1-1+b3 arm64
  network load monitor plugin for the Xfce4 panel

xfce4-terminal/stable 1.1.4-1 arm64
  Xfce terminal emulator

xfce4-wavelan-plugin/stable 0.6.3-1+b3 arm64
  wavelan status plugin for the Xfce4 panel

xfe/stable 2.0.1-2 arm64
  lightweight file manager for X11

xfig-libs/stable 1:3.2.9a-3 all
  XFig image libraries and examples

xfonts-scalable/stable 1:1.0.3-1.3 all
  scalable fonts for X

xfonts-terminus-dos/stable 4.48-3.1 all
  Fixed-width fonts for DOS encodings

xgammon/stable 0.99.1128-10 arm64
  Implementation of backgammon under X

xilinx-bootgen/stable 2022.2-2+b2 arm64
  boot image converter for Xilinx ARM SoCs

xindy/stable 2.5.1.20160104-12 arm64
  index generator for structured documents like LaTeX or SGML

xinetd/stable 1:2.3.15.4-5 arm64
  replacement for inetd with many enhancements

xinput/stable 1.6.4-1+b2 arm64
  Runtime configuration and test of XInput devices

xjed/stable 1:0.99.20~pre.189+dfsg-1 arm64
  editor for programmers (x11 version)

xkeycaps/stable 2.47-9 arm64
  manipulate X11 keymaps (for xmodmap) graphically

xmake/stable 2.9.9+ds-1 arm64
  cross-platform build utility based on Lua

xmake-data/stable 2.9.9+ds-1 all
  Data for xmake

xmaxima/stable 5.47.0-7 arm64
  Computer algebra system -- x interface

xml-security-c-utils/stable 3.0.0-2 arm64
  C++ library for XML Digital Signatures (utilities)

xmlstarlet/stable 1.6.1-4+b1 arm64
  command line XML toolkit

xmms2-plugin-ices/stable 0.8+dfsg-28+b1 arm64
  XMMS2 - Ogg streaming output

xmms2-plugin-karaoke/stable 0.8+dfsg-28+b1 arm64
  XMMS2 - karaoke plug-in

xmppc/stable 0.1.0-2+b3 arm64
  XMPP Command Line Client

xnest/stable 2:21.1.16-1.3+deb13u3 arm64
  Nested X server

xorgxrdp/stable 1:0.10.2-1 arm64
  Remote Desktop Protocol (RDP) modules for X.org

xorriso/stable 1.5.6-1.2+b1 arm64
  command line ISO-9660 and Rock Ridge manipulation tool

xorriso-dd-target/stable 1.5.6-1.2 all
  Device evaluator and disk image copier for GNU/Linux

xournalpp/stable 1.2.6-1 arm64
  Xournal++ - Open source hand note-taking program

xpa-tools/stable 2.1.20-3 arm64
  Tools for seamless communication between Unix programs

xpore/stable 2.1-2 all
  Nanopore analysis of differential RNA modifications

xr-hardware/stable 1.1.1-1 all
  udev rules files for normal user access to XR input devices

xsane/stable 0.999-12.2 arm64
  featureful graphical frontend for SANE (Scanner Access Now Easy)

xschem/stable 3.4.4-1+b1 arm64
  schematic capture program

xserver-xorg-input-evdev/stable 1:2.11.0-1 arm64
  X.Org X server -- evdev input driver

xserver-xorg-input-kbd/stable 1:1.9.0-1+b4 arm64
  X.Org X server -- keyboard input driver

xserver-xorg-input-libinput/stable 1.5.0-1 arm64
  X.Org X server -- libinput input driver

xserver-xorg-input-mouse/stable 1:1.9.3-1+b2 arm64
  X.Org X server -- mouse input driver

xserver-xorg-input-wacom/stable 1.2.3-1 arm64
  X.Org X server -- Wacom input driver

xserver-xorg-video-amdgpu/stable 23.0.0-1+b2 arm64
  X.Org X server -- AMDGPU display driver

xserver-xorg-video-fbdev/stable 1:0.5.0-2+b2 arm64
  X.Org X server -- fbdev display driver

xserver-xorg-video-qxl/stable 0.1.6-1.1 arm64
  X.Org X server -- QXL display driver

xserver-xorg-video-sisusb/stable 1:0.9.7-3+b2 arm64
  X.Org X server -- SiS USB display driver

xshisen/stable 1:1.51-11 arm64
  Shisen-sho puzzle game for X11

xssproxy/stable 1.0.0-1+deb13u1 arm64
  Forward freedesktop.org Idle Inhibition Service calls to Xss

xsystem35/stable 2.14.3-1 arm64
  System 3.5 games engine for X Window System

xtail/stable 2.1-11 arm64
  like "tail -f", but works on truncated files, directories, more

xteddy/stable 2.2-6 arm64
  cuddly teddy bear (or other image) for your X desktop

xtrkcad/stable 1:5.3.0GA-1.1 arm64
  CAD program for designing model railroad layouts

xtrkcad-common/stable 1:5.3.0GA-1.1 all
  CAD program for designing model railroad layouts (common files)

xva-img/stable 1.5-1+b2 arm64
  Citrix XenServer .xva disk extraction tool

xvfb/stable 2:21.1.16-1.3+deb13u3 arm64
  Virtual Framebuffer 'fake' X server

xvkbd/stable 4.1-3+b1 arm64
  software virtual keyboard for X11

xwayland/stable 2:24.1.6-1 arm64
  X server for running X clients under Wayland

xwiimote/stable 2-4.3 arm64
  Nintendo Wii Remote Linux Device Driver Tools

xymon/stable 4.3.30-4 arm64
  monitoring system for systems, networks and applications

xymonq/stable 0.8-1 all
  query cli for Xymon

yanosim/stable 0.1-6 arm64
  read simulator nanopore DRS datasets

yasat/stable 848-1.2 all
  simple stupid audit tool

yatex/stable 1.82-4 all
  Yet Another TeX mode for Emacs

yavta/stable 0.0+git20250410.3e445c7-1 arm64
  Yet Another V4L2 Test Application

yaz/stable 5.34.4-1+b1 arm64
  Z39.50/SRW/SRU toolkit (utilities)

ykcs11/stable 2.7.1-1 arm64
  PKCS#11 module for the YubiKey PIV applet

ykush-control/stable 1.3.0+ds-1+b1 arm64
  control application for Yepkit YKUSH Switchable USB Hub board

yorick-soy/stable 1.4.0-4 arm64
  sparse matrix operations for the Yorick language

ypbind-mt/stable 2.7.2-3+b2 arm64
  Client daemon for working with Network Information System (NIS)

ypserv/stable 4.2-2+b2 arm64
  Server daemon for working with Network Information System (NIS)

yt-dlp/stable 2025.04.30-1 all
  downloader of videos from YouTube and other sites

yubico-piv-tool/stable 2.7.1-1 arm64
  Command line tool for the YubiKey PIV applet

yubihsm-auth/stable 2.6.0-5 arm64
  store YubiHSM 2 authentication keys on a YubiKey

yubihsm-connector/stable 3.0.5-2 arm64
  USB to HTTP bridge for the YubiHSM 2

yubihsm-pkcs11/stable 2.6.0-5 arm64
  PKCS#11 module for communication with the YubiHSM 2

yubihsm-shell/stable 2.6.0-5 arm64
  command-line and interactive tool for the YubiHSM 2

yubihsm-wrap/stable 2.6.0-5 arm64
  produce offline wrapped objects for the YubiHSM 2

yubikey-manager/stable 5.6.1+repack1-1 all
  Python library and command line tool for configuring a YubiKey

z80asm/stable 1.8-2+b1 arm64
  assembler for the Zilog Z80 microprocessor

z80dasm/stable 1.1.6-1+b1 arm64
  disassembler for the Zilog Z80 microprocessor

zabbix-agent/stable 1:7.0.22+dfsg-1~deb13u1 arm64
  network monitoring solution - agent

zabbix-agent2/stable 1:7.0.22+dfsg-1~deb13u1 arm64
  Zabbix network monitoring solution - agent2

zabbix-frontend-php/stable 1:7.0.22+dfsg-1~deb13u1 all
  network monitoring solution - PHP front-end

zabbix-java-gateway/stable 1:7.0.22+dfsg-1~deb13u1 all
  network monitoring solution - Java gateway

zabbix-proxy-mysql/stable 1:7.0.22+dfsg-1~deb13u1 arm64
  network monitoring solution - proxy (using MySQL)

zabbix-proxy-pgsql/stable 1:7.0.22+dfsg-1~deb13u1 arm64
  network monitoring solution - proxy (using PostgreSQL)

zabbix-proxy-sqlite3/stable 1:7.0.22+dfsg-1~deb13u1 arm64
  network monitoring solution - proxy (using SQLite3)

zabbix-sender/stable 1:7.0.22+dfsg-1~deb13u1 arm64
  Zabbix network monitoring solution - sender

zabbix-server-mysql/stable 1:7.0.22+dfsg-1~deb13u1 arm64
  network monitoring solution - server (using MySQL)

zabbix-server-pgsql/stable 1:7.0.22+dfsg-1~deb13u1 arm64
  network monitoring solution - server (using PostgreSQL)

zabbix-web-service/stable 1:7.0.22+dfsg-1~deb13u1 arm64
  Zabbix network monitoring solution - web-service

zam-plugins/stable 4.2+ds-1+b1 arm64
  Collection of LV2, CLAP, VST3, LADSPA, LINUX-VST and JACK plugins

zaqar-common/stable 20.0.0-2 all
  OpenStack Queueing as a Service - common files

zaqar-server/stable 20.0.0-2 all
  OpenStack Queueing as a Service - API server

zbar-tools/stable 0.23.93-8 arm64
  QR code / bar code scanner and decoder (utilities)

zbd-utils/stable 2.0.4-1.1+b3 arm64
  Utilities to manipulate zoned block devices

zeitgeist/stable 1.0.4-5 all
  event logging framework

zeitgeist-core/stable 1.0.4-5+b3 arm64
  event logging framework - engine

zeitgeist-datahub/stable 1.0.4-5+b3 arm64
  event logging framework - passive logging daemon

zephyr-clients/stable 3.1.2-1.1+b2 arm64
  Project Athena's notification service - client programs

zephyr-server/stable 3.1.2-1.1+b2 arm64
  Project Athena's notification service - non-Kerberos server

zeroc-glacier2/stable 3.7.10-3.1 arm64
  Glacier2 router

zeroc-ice-all-dev/stable 3.7.10-3.1 all
  Ice development packages (metapackage)

zeroc-ice-all-runtime/stable 3.7.10-3.1 all
  Ice run-time packages (metapackage)

zeroc-ice-compilers/stable 3.7.10-3.1 arm64
  Slice compilers for developing Ice applications

zeroc-ice-slice/stable 3.7.10-3.1 all
  Slice files for Ice

zeroc-ice-utils/stable 3.7.10-3.1 arm64
  Ice utilities and admin tools

zeroc-icebox/stable 3.7.10-3.1 arm64
  IceBox server, a framework for Ice application services

zeroc-icebridge/stable 3.7.10-3.1 arm64
  Bridge service

zeroc-icegrid/stable 3.7.10-3.1 arm64
  Locate, deploy, and manage Ice servers

zeroc-icegridgui/stable 3.7.10-3.1 all
  IceGrid Admin graphical client

zeroc-icepatch2/stable 3.7.10-3.1 arm64
  File distribution and patching

zerofree/stable 1.1.1-1+b2 arm64
  zero free blocks from ext2, ext3 and ext4 file-systems

zhcon/stable 1:0.2.6-20+b2 arm64
  Fast console CJK system using FrameBuffer (main program)

zhcon-data/stable 1:0.2.6-20 all
  Fast console CJK system using FrameBuffer (data files)

zipper.app/stable 1.5-4+b2 arm64
  Archive manager for GNUstep

zita-ajbridge/stable 0.8.4-1+b2 arm64
  alsa to jack bridge

zita-at1/stable 0.8.2-1+b1 arm64
  JACK autotuner

zita-dpl1/stable 0.3.3-1+b2 arm64
  digital peak level limiter

zita-rev1/stable 0.2.2-2+b2 arm64
  pro-audio reverb effect

zmap/stable 2.1.1-2.1+b2 arm64
  network scanner for researchers

znc-push/stable 1.0.0+git20190521.78d0385+1.9.1-2+b3 arm64
  znc plugin to send push notification to various services

zonefs-tools/stable 1.6.0-2+b1 arm64
  Command line utility to use zonefs file system

zookeeper/stable 3.9.3-1+deb13u1 all
  High-performance coordination service for distributed applications

zookeeper-bin/stable 3.9.3-1+deb13u1 arm64
  Command line utilities for zookeeper

zookeeperd/stable 3.9.3-1+deb13u1 all
  Init control scripts for zookeeper

zram-tools/stable 0.3.7-1 all
  utilities for working with zram

zurl/stable 1.12.0-3 arm64
  HTTP client worker with ZeroMQ interface

zutty/stable 0.16.2.20241020+dfsg1-1 arm64
  Efficient full-featured X11 terminal emulator

zvbi/stable 0.2.44-1 arm64
  Vertical Blanking Interval (VBI) utilities

zx/stable 7.1.1+~cs6.7.23-3 all
  tool to launch modern Javascript scripts

