
WARNING: apt does not have a stable CLI interface. Use with caution in scripts.

Sorting...
Full Text Search...
0ad/stable 0.27.0-2+b1 arm64
  Real-time strategy game of ancient warfare

0ad-data/stable 0.27.0-1 all
  Real-time strategy game of ancient warfare (data files)

0ad-data-common/stable 0.27.0-1 all
  Real-time strategy game of ancient warfare (common data files)

0xffff/stable 0.9-1+b2 arm64
  Open Free Fiasco Firmware Flasher

3dchess/stable 0.8.1-23 arm64
  Play chess across 3 boards!

4pane/stable 8.0-1+b6 arm64
  four-pane detailed-list file manager

a2jmidid/stable 9-3.1 arm64
  Daemon for exposing legacy ALSA MIDI in JACK MIDI systems

abacas/stable 1.3.1-9 all
  close gaps in genomic alignments from short reads

abacas-examples/stable 1.3.1-9 all
  sample data for abacas to close gaps in genomic alignments

abs-guide/stable 10-4 all
  The Advanced Bash-Scripting Guide

ace-of-penguins/stable 1.5~rc2-6+b1 arm64
  penguin-themed solitaire games

acl2-books/stable 8.6+dfsg-2 arm64
  Computational Logic for Applicative Common Lisp: compiled libraries

acl2-books-certs/stable 8.6+dfsg-2 all
  Computational Logic for Applicative Common Lisp: library certificates

acl2-books-source/stable 8.6+dfsg-2 all
  Computational Logic for Applicative Common Lisp: library sources

acpica-tools/stable 20250404-1 arm64
  ACPICA tools for the development and debug of ACPI tables

activemq/stable 5.17.6+dfsg-2 all
  Java message broker - server

adequate/stable 0.17.5+b5 arm64
  Debian package quality testing tool

adns-tools/stable 1.6.1-1+b1 arm64
  Asynchronous-capable DNS client utilities

aegisub/stable 3.2.2+dfsg-7.3 arm64
  advanced subtitle editor

aegisub-l10n/stable 3.2.2+dfsg-7.3 all
  aegisub language packages

aeolus/stable 0.10.4-1+b4 arm64
  Synthesised pipe organ emulator

afew/stable 3.0.1-8 all
  Tagging script for notmuch mail

afflib-tools/stable 3.7.21-1 arm64
  Advanced Forensics Format Library (utilities)

aglfn/stable 1.7+git20191031.4036a9c-2 all
  Adobe Glyph List For New Fonts

airstrike-common/stable 0.99+1.0pre6a-11 all
  2d dogfight game - data files

akregator/stable 4:24.12.3-1 arm64
  RSS/Atom feed aggregator

alien/stable 8.95.8 all
  convert and install rpm and other packages

alot-doc/stable 0.11-2 all
  Text mode MUA using notmuch mail - documentation

alpine-chroot-install/stable 0.14.0-1 all
  bootstrap Alpine Linux into a chroot

alsa-ucm-conf-asahi/stable 8-2+deb13u1 all
  ALSA Use Case Manager configuration (and topologies) for Apple silicon devices

alsaplayer-common/stable 0.99.82-2+b1 arm64
  audio player (common files)

altos/stable 1.9.21-1 arm64
  Altus Metrum firmware and utilities

alure-doc/stable 1.2-10 all
  AL Utilities REtooled (documentation)

alure-utils/stable 1.2-10+b1 arm64
  AL Utilities REtooled (utilities)

amanda-client/stable 1:3.5.4-2 arm64
  Advanced Maryland Automatic Network Disk Archiver (Client)

amanda-server/stable 1:3.5.4-2 arm64
  Advanced Maryland Automatic Network Disk Archiver (Server)

amarok-common/stable 3.2.2-1 all
  architecture independent files for Amarok

amarok-utils/stable 3.2.2-1 arm64
  utilities for Amarok media player

ambdec/stable 0.7.1-1+b2 arm64
  Ambisonic decoder for first and second order

amoebax/stable 0.2.1+dfsg-6+b1 arm64
  Puyo Puyo-style puzzle game for up to two players

ams/stable 2.2.1-2 arm64
  Realtime modular synthesizer for ALSA

amule-daemon/stable 1:2.3.3-3.2 arm64
  non-graphic version of aMule, a client for the eD2k and Kad networks

anacrolix-dms/stable 1.5.0-2+b16 arm64
  Go UPnP DLNA Digital Media Server with basic video transcoding

anacron/stable 2.3-43 arm64
  cron-like program that doesn't go by time

and/stable 1.2.2-4.3+b2 arm64
  Auto Nice Daemon

android-platform-tools-base/stable 2.2.2-6 all
  base tools for developing applications for the Android system

angelscript-dev/stable 2.35.1+ds-3.1+b2 arm64
  game-oriented interpreted compiled scripting language (development files)

angelscript-doc/stable 2.35.1+ds-3.1 all
  game-oriented interpreted compiled scripting language (documentation)

ann-tools/stable 1.1.2+doc-9+b2 arm64
  Approximate Nearest Neighbor Searching library (tools)

ansible/stable 12.0.0+dfsg-0+deb13u1 all
  Configuration management, deployment, and task execution system

ansible-core/stable 2.19.4-0+deb13u1 all
  Configuration management, deployment, and task execution system

ansible-mitogen/stable 0.3.25~a2-1 all
  Fast connection strategy for Ansible

ansifilter/stable 2.21-1 arm64
  parse common (terminal) ANSI codes and remove or convert them

ansifilter-gui/stable 2.21-1 arm64
  parse common (terminal) ANSI codes and remove or convert them (GUI)

any2fasta/stable 0.4.2-2 all
  convert various sequence formats to FASTA

any2fasta-examples/stable 0.4.2-2 all
  convert various sequence formats to FASTA (example data)

anyremote/stable 6.7.3-5+b2 arm64
  Remote control daemon for applications using Bluetooth, IrDA or Wi-Fi

anyremote-data/stable 6.7.3-5 all
  architecture independent files for anyremote

anyremote-doc/stable 6.7.3-5 all
  Documentation for anyremote

apache2-suexec-pristine/stable 2.4.68-1~deb13u1 arm64
  Apache HTTP Server standard suexec program for mod_suexec

apachetop/stable 0.23.2-3 arm64
  Realtime Apache monitoring tool

apcupsd/stable 3.14.14-5 arm64
  APC UPS Power Management (daemon)

apel/stable 10.8+0.20220720-1 all
  portable library for emacsen

apparmor-utils/stable 4.1.0-1 all
  utilities for controlling AppArmor

appstream/stable,now 1.0.5-1 arm64 [installed,automatic]
  Software component metadata management

appstream-compose/stable 1.0.5-1 arm64
  Compose metadata catalogs from directory trees

appstream-doc/stable 1.0.5-1 all
  Developer documentation for AppStream

apsfilter/stable 7.2.6-5 all
  Magic print filter with automatic file type recognition

apt/stable,now 3.0.3 arm64 [installed]
  commandline package manager

apt-cudf/stable 7.0.0-6+b1 arm64
  CUDF solver integration for APT

apt-dater-host/stable 1.0.1-6 all
  host helper application for apt-dater

apt-forktracer/stable 0.11 all
  utility for tracking non-official package versions

apt-listchanges/stable 4.8 all
  package change history notification tool

apt-move/stable 4.2.27-7+b2 arm64
  maintain Debian packages in a package pool

apt-show-source/stable 0.11+nmu1 all
  Shows source-package information

apt-show-versions/stable 0.22.15+nmu1 all
  lists available package versions with distribution

aptly/stable 1.6.1+ds1-3 arm64
  Swiss army knife for Debian repository management - main package

aptly-api/stable 1.6.1+ds1-3 arm64
  Swiss army knife for Debian repository management - API

archmage/stable 1:0.4.2.1-3 all
  CHM (Compiled HTML) Decompressor

ardour/stable 1:8.12.0+ds-1 arm64
  the digital audio workstation

arduino/stable 2:1.8.19+dfsg1-3 arm64
  AVR development board IDE from Arduino CC

arduino-builder/stable 1.3.25-5+b2 arm64
  Command line tool for compiling Arduino sketches

ariba/stable 2.14.7+ds-7+b1 arm64
  Antibiotic Resistance Identification By Assembly

armagetronad/stable 0.2.9.1.1-1+b3 arm64
  3D Tron-like high speed game

armagetronad-dedicated/stable 0.2.9.1.1-1+b3 arm64
  dedicated game server for Armagetron Advanced

armnn-latest-all/stable 23.08-5 arm64
  Arm NN Core and all backends

armv8crc-support/stable 27 arm64
  CPU feature checking - require ARMv8CRC

arno-iptables-firewall/stable 2.1.2a-3 all
  single- and multi-homed firewall script with DSL/ADSL support

arpon/stable 3.0-ng+dfsg1-5+b2 arm64
  Versatile ARP defense daemon

ascii/stable 3.18-5+b1 arm64
  interactive ASCII name and synonym chart

asciiart/stable 0.3.0-3 all
  command line tool to turn images into ASCII art

aseqjoy/stable 0.0.2-1+b3 arm64
  Joystick to ALSA MIDI Sequencer Converter

asl-doc/stable 0.1.7-4.1 all
  documentation for ASL

asl-tools/stable 0.1.7-4.1+b5 arm64
  command-line tools for ASL

astap/stable 2024.05.01-1 arm64
  astrometric (plate) solver, stacking of images, photometry and FITS viewer

astro-development/stable 5.0 all
  C/C++ development packages for astronomy

astro-tasks/stable 5.0 all
  Debian Astronomy Pure Blend (tasksel tasks)

at/stable 3.2.5-2.2 arm64
  Delayed job execution and batch processing

atalkd/stable 4.2.3~ds-1+deb13u2 arm64
  AppleTalk Network Suite

augeas-lenses/stable 1.14.1-1.1~deb13u1 all
  Set of lenses needed by libaugeas0 to parse config files

authprogs/stable 0.7.5-2 all
  SSH Command Authenticator

auto-apt-proxy/stable 16.8+deb13u1 all
  automatic detector of common APT proxy settings

autoclass/stable 3.3.6.dfsg.2-2 arm64
  automatic classification or clustering

autodir/stable 0.99.9-18 arm64
  Automatically creates home and group directories for LDAP/NIS/SQL/local accounts

autoflake/stable 2.3.1-2 all
  Removes unused imports and unused variables in Python code

automake/stable 1:1.17-4 all
  Tool for generating GNU Standards-compliant Makefiles

autopkgtest/stable 5.49 all
  automatic as-installed testing for Debian packages

avr-evtd/stable 1.7.7-5+b1 arm64
  AVR watchdog daemon for Linkstation/Kuroboxes

awesome/stable 4.3-7+b3 arm64
  highly configurable X window manager

awesome-doc/stable 4.3-7 all
  highly configurable X window manager - documentation

awl-doc/stable 0.64-1.1 all
  Andrew's Web Libraries - API documentation

awstats/stable 7.9-1+deb13u2 all
  powerful and featureful web server log analyzer

axiom/stable 20210105dp1-1 arm64
  General purpose computer algebra system: main binary and modules

axiom-source/stable 20210105dp1-1 all
  General purpose computer algebra system: source files

ayatana-indicator-application/stable 22.2.0-2+b1 arm64
  Ayatana Applications Indicator (SNI provider)

backuppc/stable 4.4.0-11 arm64
  high-performance, enterprise-grade system for backing up PCs

backuppc-rsync/stable 3.1.3.0-4+b1 arm64
  patched rsync for BackupPC version 4

bacula-fd/stable 15.0.3-3 arm64
  network backup service - file daemon

balsa/stable 2.6.4-4 arm64
  e-mail client for GNOME

bamtools/stable 2.5.2+dfsg-6+b1 arm64
  toolkit for manipulating BAM (genome alignment) files

bandage/stable 0.9.0-2+b2 arm64
  Bioinformatics Application for Navigating De novo Assembly Graphs Easily

bandage-examples/stable 0.9.0-2 all
  Bioinformatics Application for Navigating De novo Assembly Graphs Easily (data)

bashtop/stable 0.9.25-1 all
  Resource monitor that shows usage and stats

basic256/stable 2.0.99.10-2 arm64
  educational BASIC programming environment for children

batmand/stable 0.3.2+74+g2f62b17-2 arm64
  better approach to mobile adhoc networking

battery-stats/stable 0.5.6-2.1 arm64
  collects statistics about charge of laptop batteries

bcron/stable 0.11-23 arm64
  Bruce cron system

beancount/stable 3.1.0-3 all
  Double-entry accounting from text files

beef/stable 1.2.0-2+b2 arm64
  flexible Brainfuck interpreter

beep/stable 1.4.9-1.1+b1 arm64
  advanced PC-speaker beeper

beets-doc/stable 2.2.0-3+deb13u1 all
  music tagger and library organizer - documentation

belcard-data/stable 5.3.105-3 all
  VCard standard format manipulation library

bergman/stable 1.001+dfsg-2 all
  Gröbner bases in commutative and non-commutative algebras

berkeley-express/stable 1.5.3+dfsg-3+b4 arm64
  Streaming quantification for high-throughput sequencing

berkeley-express-doc/stable 1.5.3+dfsg-3 all
  Documentation for RNA-Seq tool eXpress

berusky/stable 1.7.2-4 arm64
  Logic game based on Sokoban

berusky-data/stable 1.7-6 all
  Data files for Berusky

bibledit/stable 5.1.023-1+b1 arm64
  Bible editor

bibledit-cloud/stable 5.1.023-1+b2 arm64
  Bible editor server

bibledit-cloud-data/stable 5.1.023-1 all
  Data for bibledit-cloud

bibledit-data/stable 5.1.023-1 all
  Data for bibledit

bibtool/stable 2.68+ds-3 arm64
  tool to manipulate BibTeX files

bifcl/stable 1.6.2-1+b1 arm64
  Bro Built-In-Function Compiler

biff/stable 1:0.17.pre20000412-5.1+b1 arm64
  a mail notification tool

bifrost/stable 1.3.1-1+b1 arm64
  parallel construction, indexing and querying of de Bruijn graphs

biglybt/stable 3.8.0.2-1 all
  BitTorrent client

biglybtd/stable 3.8.0.2-1 all
  BiglyBT system service

bilibop/stable 0.6.5 all
  run Debian GNU/Linux from external media - metapackage

bilibop-common/stable 0.6.5 all
  shell functions for bilibop scripts

bilibop-lockfs/stable 0.6.5 all
  lock filesystems and write changes into RAM

bilibop-rules/stable 0.6.5 all
  device management rules for OS running from external media

bilibop-udev/stable 0.6.5 all
  minimal udev rule for Debian GNU/Linux running from external media

bind9-host/stable 1:9.20.23-1~deb13u1 arm64
  DNS Lookup Utility

binstats/stable 1.08-10 all
  Statistics tool for installed programs

bioperl/stable 1.7.8-1 all
  Perl tools for computational molecular biology

biosyntax-gedit/stable 1.0.0b-6 all
  Syntax Highlighting for Computational Biology (gedit)

biosyntax-less/stable 1.0.0b-6 all
  Syntax Highlighting for Computational Biology (less)

biosyntax-vim/stable 1.0.0b-6 all
  Syntax Highlighting for Computational Biology (vim)

blends-tasks/stable 0.7.10 all
  Debian Pure Blends tasks for new installations

blktrace/stable 1.3.0-0.2 arm64
  utilities for block layer IO tracing

bloboats/stable 1.0.2+dfsg-5 arm64
  Boat racing game

blueprint-compiler/stable 0.16.0-3 all
  Markup language for GTK user interface files

bnfc/stable 2.9.5-1 arm64
  Compiler front-end generator based on Labelled BNF

bobdude/stable 1.5.0+svn75-1 arm64
  Software for programming B·O·B·3 robots

bogl-bterm/stable 0.1.18-22+b1 arm64
  Ben's Own Graphics Library - graphical terminal

boinc-manager/stable 8.0.4+dfsg-1 arm64
  GUI to control and monitor the BOINC core client

bolt/stable 0.9.8-1+b1 arm64
  system daemon to manage thunderbolt 3 devices

bolt-tests/stable 0.9.8-1+b1 arm64
  system daemon to manage thunderbolt 3 devices - installed tests

bootcd/stable 6.8.2 all
  bootcd tools can copy a running or mounted Debian system.

bootterm/stable 0.5-1+b1 arm64
  simple terminal to ease connections with SBCs

bornagain/stable 22~git20250325170646.93042f5+ds3-3 arm64
  Simulate and fit X-ray and neutron GISAS -- binary

bornagain-doc/stable 22~git20250325170646.93042f5+ds3-3 all
  Simulate and fit X-ray and neutron GISAS -- doc

botch/stable 0.24-6+b1 arm64
  tools to create and analyse dependency graphs

bottlerocket/stable 0.05b3-22 arm64
  Utility to control X10 Firecracker devices for home automation

bpytop/stable 1.0.68-2 all
  Resource monitor that shows usage and stats

brasero/stable 3.12.3-4 arm64
  CD/DVD burning application for GNOME

brig/stable 0.95+dfsg-3 arm64
  BLAST Ring Image Generator

brother-ql/stable 0.9.4-2 all
  Utility to interface with Brother QL label printers

bruteforce-salted-openssl/stable 1.4.2-4+b2 arm64
  try to find the passphrase for files encrypted with OpenSSL

bs2b-ladspa/stable 0.9.1-4 arm64
  Bauer stereophonic-to-binaural DSP LADSPA plugin

btop/stable 1.3.2-0.1 arm64
  Modern and colorful command line resource monitor that shows usage and stats

btrfsd/stable 0.2.2-1+b1 arm64
  Tiny Btrfs maintenance daemon

btrfsmaintenance/stable 0.5.2-1 all
  automate btrfs maintenance tasks on mountpoints or directories

btscanner/stable 2.1-9+b1 arm64
  ncurses-based scanner for Bluetooth devices

bubblewrap/stable,now 0.11.0-2+deb13u1 arm64 [installed,automatic]
  utility for unprivileged chroot and namespace manipulation

bucklespring/stable 1.4.0-3 arm64
  Nostalgia bucklespring keyboard sound

bucklespring-data/stable 1.4.0-3 all
  Nostalgia bucklespring keyboard sound - sound files

budgie-desktop-environment/stable 0.1.1-3 all
  Budgie Desktop environment customization for Debian

budgie-window-shuffler/stable 1.9.0-1 arm64
  Keyboard and GUI friendly window-tiling capability

build-essential/stable 12.12 arm64
  Informational list of build-essential packages

buildstream/stable 1.6.9-2 all
  toolset for the Buildstream project

bumblebee/stable 3.2.1-32 arm64
  NVIDIA Optimus support for Linux

bumps-private-libs/stable 1.0.0b2-2 arm64
  data fitting and Bayesian uncertainty modeling for inverse problems (libraries)

buteo-syncfw/stable 0.11.10-1 arm64
  Buteo Synchronization Framework

buzztrax/stable 0.10.2-9+b2 arm64
  Modular music composer

bwidget/stable 1.10.1-3 all
  Extension widgets for Tcl/Tk

byacc-j/stable 1.15-1.4 arm64
  Berkeley YACC parser generator extended to generate Java code

c++-annotations/stable 13.02.01-1 all
  Extensive tutorial and documentation about C++

c++-annotations-dvi/stable 13.02.01-1 all
  Extensive tutorial and documentation about C++ - DVI output

c++-annotations-html/stable 13.02.01-1 all
  Extensive tutorial and documentation about C++ - html output

c++-annotations-latex/stable 13.02.01-1 all
  Extensive tutorial and documentation about C++ - LaTeX output

c++-annotations-pdf/stable 13.02.01-1 all
  Extensive tutorial and documentation about C++ - PDF output

c++-annotations-ps/stable 13.02.01-1 all
  Extensive tutorial and documentation about C++ - Postscript output

c++-annotations-txt/stable 13.02.01-1 all
  Extensive tutorial and documentation about C++ - text output

ca-certificates-mono/stable 6.12.0.199+dfsg-6 all
  Common CA certificates (Mono keystore)

cabal-debian/stable 5.2.4-1 arm64
  Create a debianization for a cabal package

cacti-spine/stable 1.2.30-1 arm64
  Multi-Threading poller for cacti

cadubi/stable 1.3.4-7 all
  Creative ASCII Drawing Utility By Ian

calamares/stable 3.3.14-1 arm64
  distribution-independent installer framework

calibre-bin/stable 8.5.0+ds-1+deb13u3 arm64
  powerful and easy to use e-book manager (binary plugins)

camlp5-buildscripts/stable 0.06-1+b2 arm64
  Camlp5 build scripts

camv-rnd-core/stable 1.1.5-1 arm64
  camv-rnd executable with the core functionality and boxsym-rnd

capsule-nextflow/stable 1.1.1+dfsg-1 all
  packaging and deployment tool for Java applications

cargo-auditable/stable 0.6.6-1+b1 arm64
  Make production Rust binaries auditable

cassbeam/stable 1.1-4+b2 arm64
  Cassegrain antenna modelling

cat-bat/stable 5.3-2 arm64
  taxonomic classification of contigs and metagenome-assembled genomes (MAGs)

catdvi/stable 0.14-16 arm64
  DVI to plain text translator

cconv/stable 0.6.2-1.3 arm64
  Simplified/Traditional Chinese conversion tool

cct/stable 1:1.0.3-1 all
  visually comparing bacterial, plasmid, chloroplast, or mitochondrial sequences

cct-examples/stable 1:1.0.3-1 all
  example data for testing the package cct

cdebconf/stable 0.280 arm64
  Debian Configuration Management System (C-implementation)

cdebconf-gtk/stable 0.280 arm64
  Gtk+ frontend for Debian Configuration Management System

celery/stable 5.5.2-2 all
  async task/job queue based on message passing (common files)

ceph-mgr-dashboard/stable 18.2.7+ds-1+deb13u1 all
  dashboard plugin for ceph-mgr

ceph-mgr-modules-core/stable 18.2.7+ds-1+deb13u1 all
  ceph manager modules which are always enabled

ceph-tools/stable 0.0.40 all
  utilities to manage a Ceph cluster

cflow/stable 1:1.7-5+b1 arm64
  control flow analyzer for C source files

cflow-doc/stable 1:1.7-5 all
  control flow analyzer for C source files (documentation)

cflow-l10n/stable 1:1.7-5 all
  control flow analyzer for C source files (localization files)

cfortran/stable 20210827-1.1 all
  Header file permitting Fortran routines to be called in C/C++

cgdb/stable 0.8.0-3+b1 arm64
  curses-based interface to the GNU Debugger (GDB)

check-dfsg-status/stable 1.34 all
  check DFSG compliance of installed packages

chemtool/stable 1.6.14-6+b3 arm64
  chemical structures drawing program

chiark-really/stable 8.0.1 arm64
  really - a tool for gaining privilege (simple, realistic sudo)

chiark-scripts/stable 8.0.1 all
  chiark system administration scripts

chip-seq/stable 1.5.5-3+b2 arm64
  tools performing common ChIP-Seq data analysis tasks

chip-seq-data/stable 1.5.5-3 all
  tools performing common ChIP-Seq data analysis tasks (data)

chise-db/stable 0.3.0-2.5 all
  CHISE db, the character information database

choosewm/stable 0.1.6-3.1+b2 arm64
  fake x-session-manager allowing the user to choose a wm

chr/stable 0.1.80-1 arm64
  terminal-based text editor

chr-tiny/stable 0.1.80-1 arm64
  terminal-based text editor - without syntax highlighting

chroma-data/stable 1.19-2 all
  Abstract puzzle game - data files

chromono/stable 1.1.1-1.1+b2 arm64
  A circular color puzzle game

chuffed-flatzinc/stable 0.13.1-1+b1 arm64
  lazy clause generation FlatZinc implememntation

cinnamon-desktop-environment/stable 6.4.1 arm64
  Cinnamon desktop environment - full desktop with extra components

cl-bordeaux-threads/stable 0.9.4-1 all
  Portable threads library for Common Lisp

cl-csv/stable 20240126.git2d64d41-2 all
  Common Lisp library providing easy CSV reading and writing

cl-irc-logger/stable 0.9.4-3.3 all
  Internet Relay Channel Logger

cl-launch/stable 4.1.4-1.1 all
  uniform frontend to running Common Lisp code from the shell

cl-log/stable 1.0.1-1.2 all
  general purpose Common Lisp logging utility

cl-pipes/stable 1.2.1-5.2 all
  Common Lisp library for pipes or streams

cl-polled-camera/stable 1.12.0-14 all
  Robot OS polled_camera package - LISP

cl-quicklisp/stable 20150128-2 all
  library manager for Common Lisp

cl-trivial-utf-8/stable 20111001-1.1 all
  small Common Lisp library for doing UTF-8-based in- and output

cl-unicode/stable 20231118.git07e7ff5-1 all
  portable Unicode library for Common Lisp

clamav/stable 1.4.3+dfsg-1 arm64
  anti-virus utility for Unix - command-line interface

clamsmtp/stable 1.10-18+b1 arm64
  virus-scanning SMTP proxy

claws-mail/stable 4.3.1-1 arm64
  Fast, lightweight and user-friendly GTK based email client

claws-mail-acpi-notifier/stable 4.3.1-1 arm64
  Laptop's Mail LED control for Claws Mail

claws-mail-fancy-plugin/stable 4.3.1-1 arm64
  HTML mail viewer using GTK WebKit

claws-mail-managesieve/stable 4.3.1-1 arm64
  manage Sieve filters with Claws Mail

claws-mail-smime-plugin/stable 4.3.1-1 arm64
  S/MIME signature/encryption handling for Claws Mail

clawsker/stable 1.4.1-1 all
  Configuration tweaker for Claws Mail

cli-common/stable 0.10+nmu2 all
  common files between all CLI packages

cli-common-dev/stable 0.10+nmu2 all
  common files for building CLI packages

clisp/stable 1:2.49.20241228.gitc3ec11b-2 arm64
  GNU CLISP, a Common Lisp implementation

clisp-module-clx/stable 1:2.49.20241228.gitc3ec11b-2 arm64
  GNU CLISP module that adds X11 bindings

clojure/stable 1.12.0-1 all
  Lisp dialect for the JVM

cloud-initramfs-growroot/stable 0.18.debian14 all
  automatically resize the root partition on first boot

cloud-initramfs-rescuevol/stable 0.18.debian14 all
  boot off a rescue volume rather than root filesystem

cloudsql-proxy/stable 1.33.14-1+b11 arm64
  connect securely to a 2nd generation Cloud SQL DB

clutter-1.0-tests/stable 1.26.4+git2779b932+dfsg-7+b2 arm64
  Open GL based interactive canvas library (installed test programs)

cmake-data/stable 3.31.6-2 all
  CMake data files (modules, templates and documentation)

cme/stable 1.041-1 all
  Check or edit configuration data with Config::Model

cmus/stable 2.12.0-1 arm64
  lightweight ncurses audio player

cmus-plugin-ffmpeg/stable 2.12.0-1 arm64
  lightweight ncurses audio player (FFmpeg plugin)

cntlm/stable 0.92.3-1.3 arm64
  Fast NTLM authentication proxy with tunneling

cockpit-bridge/stable 337-1+deb13u1 all
  Cockpit bridge server-side component

codespell/stable 2.4.1-1 all
  Find and fix common misspellings in text files

coffeescript/stable 2.7.0+dfsg1-2 all
  interpreter and compiler for the CoffeeScript language

coffeescript-doc/stable 2.7.0+dfsg1-2 all
  documentation for the CoffeeScript language

cohomcalg/stable 0.32+ds-6+b2 arm64
  sheaf cohomology of line bundles on toric varieties

cohomcalg-common/stable 0.32+ds-6 all
  sheaf cohomology of line bundles on toric varieties (common files)

coinor-ipopt/stable 3.14.17-3 arm64
  Interior-Point Optimizer for large-scale nonlinear optimization

coinor-libdylp-dev/stable 1.10.4-3+b2 arm64
  Linear programming solver using of the dynamic simplex algorithm

coinor-libdylp-doc/stable 1.10.4-3 all
  Linear programming solver using of the dynamic simplex algorithm

coinor-libdylp1/stable 1.10.4-3+b2 arm64
  Linear programming solver using the dynamic simplex algorithm

coinor-libipopt-dev/stable 3.14.17-3 arm64
  Interior-Point Optimizer - header files & examples

coinor-libipopt-doc/stable 3.14.17-3 all
  Interior-Point Optimizer - documentation

coinor-libipopt3/stable 3.14.17-3 arm64
  Interior-Point Optimizer - shared libraries

coinst/stable 1.9.3-6+b4 arm64
  computes the co-installability kernel of a deb or RPM repository

collectd-core/stable 5.12.0-26 arm64
  statistics collection and monitoring daemon (core system)

collectl/stable 4.3.1-1 all
  Utility to collect Linux performance data

colplot/stable 5.2.0-1.3 all
  Utility to plot performance data from collectl

command-not-found/stable 23.04.0-2 all
  Suggest installation of packages in interactive bash sessions

compass-normalize-plugin/stable 7.0.1-3 all
  Sass version of Normalize.css

compiz-bcop/stable 2:0.8.18-3 all
  Compiz Reloaded option code generator

compiz-plugins-experimental/stable 2:0.8.18-4+b1 arm64
  Compiz Reloaded plugins - "unsupported" collection

compiz-plugins-extra/stable 2:0.8.18-4+b1 arm64
  Compiz Reloaded plugins - extra collection

compiz-plugins-main/stable 2:0.8.18-8 arm64
  Compiz Reloaded plugins - main collection

compizconfig-settings-manager/stable 2:0.8.18-5 arm64
  Compizconfig graphical Settings Manager

configure-debian/stable 1.0.3+nmu3 all
  central configuration program for packages using debconf

conky-all/stable 1.22.1-1 arm64
  highly configurable system monitor (all features enabled)

connectagram/stable 1.3.8-1 arm64
  word unscrambling game

connectagram-data/stable 1.3.8-1 all
  word unscrambling game - data files

conspy/stable 1.16-1+b1 arm64
  Remote control of Linux virtual consoles

coop-computing-tools/stable 1:7.14.5-1+b2 arm64
  cooperative computing tools

coq/stable 8.20.1+dfsg-1+b1 arm64
  proof assistant for higher-order logic (toplevel and compiler)

corekeeper/stable 1.7 arm64
  enable core files and report crashes to the sysadmin

corosync/stable 3.1.9-2+deb13u1 arm64
  cluster engine daemon and utilities

corosync-doc/stable 3.1.9-2+deb13u1 all
  cluster engine HTML documentation

corosync-notifyd/stable 3.1.9-2+deb13u1 arm64
  cluster engine notification daemon

corosync-qnetd/stable 3.0.3-2+b1 arm64
  cluster engine quorum device network daemon

corosync-vqsim/stable 3.1.9-2+deb13u1 arm64
  cluster engine votequorum simulator

cortado/stable 0.6.0-5 all
  streaming applet for Ogg formats

courier-filter-perl/stable 0.200+ds-6 all
  purely Perl-based mail filter framework for the Courier MTA

courier-imap/stable 5.2.11+1.4.1-3+deb13u2 arm64
  Courier mail server - IMAP server

courier-mta/stable 1.4.1-3+deb13u2 arm64
  Courier mail server - ESMTP daemon

courier-pop/stable 1.4.1-3+deb13u2 arm64
  Courier mail server - POP3 server

courier-webadmin/stable 1.4.1-3+deb13u2 arm64
  Courier mail server - web-based administration frontend

cpan-listchanges/stable 0.08-2 all
  package change history notification tool

cpm/stable 0.32-1.6 arm64
  Curses based password manager using PGP-encryption

cppzmq-dev/stable 4.10.0-1+b2 arm64
  C++ bindings for libzmq (headers)

cpu-checker/stable 0.7-1.4 arm64
  tools to help evaluate certain CPU (or BIOS) features

cpuset/stable 1.6.2-2 all
  Allows manipluation of cpusets and provides higher level fun

crip/stable 3.9-4 all
  terminal-based ripper/encoder/tagger tool

critcl/stable 3.3.1+dfsg-1 arm64
  compiled runtime in Tcl

cron/stable 3.0pl1-197 arm64
  process scheduling daemon

cron-daemon-common/stable 3.0pl1-197 all
  process scheduling daemon's configuration files

cronie/stable 1.7.2-4 arm64
  Process Scheduling Daemon

cronometer/stable 0.9.9+dfsg1-2 all
  CRON-o-Meter - Exercise and nutrient intake tracker

crossbuild-essential-amd64/stable 12.12 all
  Informational list of cross-build-essential packages

crossbuild-essential-arm64/stable 12.12 all
  Informational list of cross-build-essential packages

crossbuild-essential-armel/stable 12.12 all
  Informational list of cross-build-essential packages

crossbuild-essential-armhf/stable 12.12 all
  Informational list of cross-build-essential packages

crossbuild-essential-i386/stable 12.12 all
  Informational list of cross-build-essential packages

crossbuild-essential-mips/stable 12.9 all
  Informational list of cross-build-essential packages

crossbuild-essential-mips64/stable 12.9 all
  Informational list of cross-build-essential packages

crossbuild-essential-mips64el/stable 12.9 all
  Informational list of cross-build-essential packages

crossbuild-essential-mips64r6/stable 12.9 all
  Informational list of cross-build-essential packages

crossbuild-essential-mips64r6el/stable 12.9 all
  Informational list of cross-build-essential packages

crossbuild-essential-mipsel/stable 12.9 all
  Informational list of cross-build-essential packages

crossbuild-essential-mipsr6/stable 12.9 all
  Informational list of cross-build-essential packages

crossbuild-essential-mipsr6el/stable 12.9 all
  Informational list of cross-build-essential packages

crossbuild-essential-powerpc/stable 12.12 all
  Informational list of cross-build-essential packages

crossbuild-essential-ppc64el/stable 12.12 all
  Informational list of cross-build-essential packages

crossbuild-essential-riscv64/stable 12.12 all
  Informational list of cross-build-essential packages

crossbuild-essential-s390x/stable 12.12 all
  Informational list of cross-build-essential packages

crossfire-maps/stable 1.75.0+dfsg1-1 all
  Standard set of maps for crossfire

crossgrader/stable 0.0.3+nmu4 all
  Debian crossgrading tool

cruft-ng/stable 0.9.71 arm64
  programs that helps analyse volatile "cruft" files on your system

crust-firmware/stable 0.6-1 all
  SCP firmware for Allwinner sunxi boards

cscope/stable 15.9-2+b2 arm64
  interactively examine a C program source

cube2-data/stable 1.3-1 all
  demo game and content for the Cube2 engine

cucumber/stable 2.4.0-5 all
  acceptance testing framework

cudf-tools/stable 0.10-6+b1 arm64
  command line tools for package upgrade problem descriptions

culmus/stable 0.140-3 all
  transitional dummy package for fonts-culmus

culmus-fancy/stable 0.0.20240129.1 all
  transitional dummy package for fonts-culmus-fancy

cvs-fast-export/stable 1.59-1+b2 arm64
  Export an RCS or CVS history as a fast-import stream

cvsd/stable 1.0.25 arm64
  chroot wrapper to run 'cvs pserver' more securely

cxref/stable 1.6e-9+b1 arm64
  Generates LaTeX and HTML documentation for C programs

cxxbridge-cmd/stable 1.0.141-1+b1 arm64
  C++ code generator for cxx

cxxtest/stable 4.4+git171022-2 all
  lightweight xUnit-like framework for C/C++ applications

cyrus-clients/stable 3.10.2-1 arm64
  Cyrus mail system - test clients

czkawka-cli/stable 8.0.0-2 arm64
  Multi functional app to find duplicates, empty folders, similar images etc (CLI)

czkawka-gui/stable 8.0.0-2 arm64
  Multi functional app to find duplicates, empty folders, similar images etc (GUI)

daemonlogger/stable 1.2.2-1 arm64
  simple network packet logger and soft tap daemon

daps/stable 3.3.2+cleaned1-6.1 all
  DocBook Authoring and Publishing Suite (DAPS)

daptup/stable 0.12.7+really0.12.7-0.1 all
  reporter of changes in list of available packages from repositories

dart-doc/stable 6.13.2+ds-3 all
  Kinematics Dynamics and Optimization Library - Documentation

datapacker/stable 1.0.3+nmu1 arm64
  Tool to pack files into minimum number of CDs/DVDs/etc

davical-doc/stable 1.1.12-2.1 all
  PHP CalDAV and CardDAV Server - technical documentation

dbskkd-cdb/stable 1:3.00-5+b1 arm64
  SKK dictionary server using cdb for faster access

dbus-tests/stable 1.16.2-2 arm64
  simple interprocess messaging system (test infrastructure)

dbus-x11/stable 1.16.2-2 arm64
  simple interprocess messaging system (X11 deps)

dcmtk/stable 3.6.9-5+deb13u2 arm64
  OFFIS DICOM toolkit command line utilities

ddrescueview/stable 0.4.5-2 arm64
  graphical viewer for GNU ddrescue map files

deb-gview/stable 0.3.8 arm64
  GNOME viewer for .deb package files and contents

debbugs/stable 2.6.4 all
  bug tracking system based on the active Debian BTS

debbugs-local/stable 2.6.4 all
  Run and maintains a local mirror of the Debian BTS

debbugs-web/stable 2.6.4 all
  web scripts for the active Debian BTS

debconf/stable,now 1.5.91 all [installed]
  Debian configuration management system

debconf-kde-data/stable 1.1.0-1 all
  Debconf KDE data files

debconf-kde-helper/stable 1.1.0-1+b3 arm64
  Debconf KDE GUI frontend tool

debdelta/stable 0.70+nmu1 arm64
  diff and patch utilities which work with Debian packages

debfoster/stable 2.8-1 arm64
  Install only wanted Debian packages

debian-cd/stable 3.2.2 all
  Tools for building (Official) Debian CD set

debian-edu-router-config/stable 2.13.5 all
  Debian Edu Router Configuration

debian-faq/stable 12.2 all
  Debian Frequently Asked Questions

debian-faq-de/stable 12.2 all
  Debian Frequently Asked Questions, in German

debian-faq-fr/stable 12.2 all
  Debian Frequently Asked Questions, in French

debian-faq-it/stable 12.2 all
  Debian Frequently Asked Questions, in Italian

debian-faq-ja/stable 12.2 all
  Debian Frequently Asked Questions, in Japanese

debian-faq-ko/stable 12.2 all
  Debian Frequently Asked Questions, in Korean

debian-faq-nl/stable 12.2 all
  Debian Frequently Asked Questions, in Dutch

debian-faq-pt/stable 12.2 all
  Debian Frequently Asked Questions, in Portuguese

debian-faq-ru/stable 12.2 all
  Debian Frequently Asked Questions, in Russian

debian-faq-zh-cn/stable 12.2 all
  Debian Frequently Asked Questions, in Simplified Chinese

debian-goodies/stable 0.88.2 all
  Small toolbox-style utilities for Debian systems

debian-policy/stable 4.7.2.0 all
  Debian Policy Manual and related documents

debian-refcard/stable 13.1 all
  printable reference card for the Debian system

debian-reference/stable 2.127 all
  metapackage to install (all) translations of Debian Reference

debian-repro-status/stable 0.3.1-2 arm64
  Check the reproducibility status of your installed Debian packages

debian-security-support/stable 1:13+2026.01.04 all
  Debian security support coverage checker

deblur/stable 1.1.1-4 all
  deconvolution for Illumina amplicon sequencing

debputy-lsp/stable 0.2.2 all
  Editor support for Debian packaging files via LSP specification

debsums/stable 3.0.2.3 all
  tool for verification of installed package files against MD5 checksums

debtree/stable 1.1.2 all
  package dependency graphs on steroids

debug-me/stable 1.20221231-2.1 arm64
  secure remote debugging

deepin-deb-installer/stable 6.5.5-1 arm64
  Deepin Package Manager

deets/stable 0.3.2-1+b13 arm64
  decentralized model-based administration tool

depqbf/stable 5.01-3+b1 arm64
  solver for quantified boolean formulae

derby-tools/stable 10.14.2.0-3 all
  Apache Derby Tools

devscripts/stable 2.25.15+deb13u1 all
  scripts to make the life of a Debian Package maintainer easier

dh-cargo/stable 32 all
  debhelper buildsystem for Rust crates using Cargo

dh-consoledata/stable 0.7.91 all
  debhelper-based script to help packaging console data files

dh-golang/stable 1.63 all
  debhelper add-on for packaging software written in Go (golang)

dh-lisp/stable 0.7.2 all
  Debhelper to support Common Lisp related packages

dh-nss/stable 1.7 all
  debhelper addon to inject NSS services into /etc/nsswitch.conf

dh-octave/stable 1.8.0 all
  Debhelper-based infrastructure for building Octave add-on packages

dh-raku/stable 0.19 all
  debhelper add-on to simplify Perl 6 package building

dh-rust/stable 0.0.11 all
  debhelper buildsystem for Rust code

dh-user-session-migration/stable 0.4.3+nmu1 all
  debhelper extension for user-session-migration support

dhcpcd/stable 1:10.1.0-11+deb13u3 all
  DHCPv4 and DHCPv6 dual-stack client (init.d script & systemd unit)

dhelp/stable 0.6.31 all
  online help system

di-netboot-assistant/stable 0.79 all
  Debian-Installer netboot assistant

diaspora-common/stable 0.9.0.0+debian2+nmu1 all
  distributed social networking service - common files

dict-freedict-kha-eng/stable 2022.04.21-1 all
  Khasi-English dictionary for the dict server/client

dictd/stable 1.13.1+dfsg-1+b1 arm64
  dictionary server

didder/stable 1.3.0-1 arm64
  Extensive, fast, and accurate command-line image dithering tool

dietlibc-dev/stable 0.34~cvs20160606-18 arm64
  diet libc - a libc optimized for small size

digikam/stable 4:8.6.0-1 arm64
  digital photo management application for KDE

digikam-private-libs/stable 4:8.6.0-1 arm64
  private libraries for digiKam plugins

dillo/stable 3.0.5-7.1 arm64
  Small and fast web browser

diploma/stable 1.2.16 all
  Write scientific papers with Debian

direnv/stable 2.32.1-2+b16 arm64
  Utility to set directory specific environment variables

dirmngr/stable,now 2.4.7-21+deb13u1+b4 arm64 [installed,automatic]
  GNU privacy guard - network certificate management service

discover/stable 2.1.2-10.1+b1 arm64
  hardware identification system

displaycal/stable 3.9.16-1 all
  Graphical user interface for the Argyll CMS.

distcc/stable 3.4+really3.4-12 arm64
  simple distributed compiler client and server

distcc-pump/stable 3.4+really3.4-12 arm64
  pump mode for distcc a distributed compiler client and server

distccmon-gnome/stable 3.4+really3.4-12 arm64
  GTK+ monitor for distcc a distributed client and server

disulfinder/stable 1.2.11-12+b1 arm64
  cysteines disulfide bonding state and connectivity predictor

djvuserve/stable 3.5.28-2.2 arm64
  CGI program for unbundling DjVu files on the fly

dkms-noautoinstall-test-dkms/stable 3.2.2-1~deb13u1 all
  trivial dkms noautoinstall test kernel module

dkms-replace-test-dkms/stable 3.2.2-1~deb13u1 all
  trivial dkms replace test kernel module

dkms-test-dkms/stable 3.2.2-1~deb13u1 all
  trivial dkms test kernel module

dkopp/stable 8.2-1 arm64
  Full and incremental backup to DVD

dlint/stable 1.4.0-8.2 all
  Checks dns zone information using nameserver lookups

dmarc-srg/stable 2.3-1 all
  PHP parser, viewer and summary report generator for incoming DMARC reports

dmeventd/stable 2:1.02.205-2 arm64
  Linux Kernel Device Mapper event daemon

dmsetup/stable 2:1.02.205-2 arm64
  Linux Kernel Device Mapper userspace library

dns-flood-detector/stable 1.20-7+b3 arm64
  detect abusive usage levels on high traffic nameservers

dnsdbq/stable 2.6.8-1 arm64
  DNSDB API Client

dnsmasq-base-lua/stable 2.91-1+deb13u1 arm64
  Small caching DNS proxy and DHCP/TFTP server - executable, Lua-enabled

doc-base/stable 0.11.2 all
  utilities to manage online documentation

doc-central/stable 1.9.1 all
  web-based documentation browser

docbook-xsl-ns/stable 1.79.2+dfsg-7 all
  stylesheets for processing DocBook 5 XML to various output formats

dochelp/stable 0.1.8+b8 arm64
  Utility to browse system documentation

docknot/stable 8.0.1-1 all
  Static web site and documentation generator

doctest/stable 0.22.6-1+b2 arm64
  test interactive Haskell examples; executable

dose-extra/stable 7.0.0-6+b1 arm64
  Extra QA tools from the Dose3-library

dotter/stable 4.44.1+dfsg-7.1+b3 arm64
  detailed comparison of two genomic sequences

doublecmd-common/stable 1.1.22-1 all
  twin-panel (commander-style) file manager

doublecmd-gtk/stable 1.1.22-1 arm64
  twin-panel (commander-style) file manager (GTK2)

doublecmd-plugins/stable 1.1.22-1 arm64
  twin-panel (commander-style) file manager (plugins)

doublecmd-qt/stable 1.1.22-1 arm64
  twin-panel (commander-style) file manager (Qt5)

dphys-config/stable 20130301~current-6 all
  Tool to distribute config files by fetching them

dpkg-awk/stable 1.2+nmu3 all
  Gawk script to parse /var/lib/dpkg/{status,available} and Packages

dpkg-repack/stable 1.54 all
  Debian package archiving tool

dpkg-www/stable 2.65 all
  Debian package management web interface

dpuser/stable 4.3+dfsg-1 arm64
  Interactive language for handling numbers, strings, and matrices

dragonplayer/stable 4:25.04.0-3 arm64
  simple video player

drawxtl/stable 5.5-6.1+b2 arm64
  crystal structure viewer

dsniff/stable 2.4b1+debian-34 arm64
  Various tools to sniff network traffic for cleartext insecurities

duktape/stable 2.7.0-2+b2 arm64
  embeddable Javascript engine

dustmite/stable 0.0.430-2.1+b1 arm64
  Tool for minimizing D source code

dvbackup/stable 1:0.0.4-11 arm64
  backup tool using MiniDV camcorders

dwm/stable 6.5-1+b1 arm64
  dynamic window manager

dwww/stable 1.16+b1 arm64
  Read all on-line documentation with a WWW browser

dynare/stable 6.3-1 arm64
  platform for handling a wide class of economic models

dynare-doc/stable 6.3-1 all
  documentation for Dynare

ea-utils/stable 1.1.2+dfsg-9+b3 arm64
  command-line tools for processing biological sequencing data

eatmydata/stable 131-2 all
  Library and utilities designed to disable fsync and friends

ebook2cw/stable 0.8.5-1+b1 arm64
  convert ebooks to Morse MP3s/OGGs

ebook2cwgui/stable 0.1.2-7+b5 arm64
  GUI for ebook2cw

ecasound/stable 2.9.3-4+b5 arm64
  multitrack-capable audio recorder and effect processor

ecasound-doc/stable 2.9.3-4 all
  documentation files for Ecasound

ecasound-el/stable 2.9.3-4 all
  multitrack-capable audio recorder and effect processor (emacs)

ecatools/stable 2.9.3-4+b5 arm64
  multitrack-capable audio recorder and effect processor (tools)

ecflow-client/stable 5.13.8-1 arm64
  Client tools for Meteorological workflow

ecflow-server/stable 5.13.8-1 arm64
  Meteorological workflow controller - server

ed25519/stable 0~20241004-2 arm64
  microlibrary X25519/Ed25519 - Ed25519 command line tools

edu-sync/stable 0.3.0-1+b1 arm64
  Moodle synchronization utility

eekboek/stable 2.04-1 all
  Bookkeeping software for small and medium-size businesses

efi-shell-aa64/stable 2025.02-8+deb13u1 all
  UEFI Shell for 64-bit ARM architecture

efi-shell-arm/stable 2025.02-8+deb13u1 all
  UEFI Shell for 32-bit ARM architecture

efi-shell-ia32/stable 2025.02-8+deb13u1 all
  UEFI Shell for 32-bit x86 architecture

efi-shell-loongarch64/stable 2025.02-8+deb13u1 all
  UEFI Shell for 64-bit LoongArch architecture

efi-shell-riscv64/stable 2025.02-8+deb13u1 all
  UEFI Shell for 64-bit RISC-V architecture

efi-shell-x64/stable 2025.02-8+deb13u1 all
  UEFI Shell for 64-bit x86 architecture

eggdrop/stable 1.8.4+repack1-0.1+b1 arm64
  Advanced IRC Robot

eggdrop-data/stable 1.8.4+repack1-0.1 all
  Architecture independent files for eggdrop

eiskaltdcpp-daemon/stable 2.4.2-1.3 arm64
  EiskaltDC++ daemon

ejabberd-mod-cron/stable 0.2025.01.11~dfsg0-2+deb13u2 arm64
  ejabberd module to execute scheduled commands

ejabberd-mod-deny-omemo/stable 0.2025.01.11~dfsg0-2+deb13u2 arm64
  ejabberd module to prevent OMEMO sessions from being established

ejabberd-mod-isolation/stable 0.2025.01.11~dfsg0-2+deb13u2 arm64
  ejabberd module to block communication of users between different virtual hosts

ejabberd-mod-logsession/stable 0.2025.01.11~dfsg0-2+deb13u2 arm64
  ejabberd module to log session connections to a text file

electronics-tasks/stable 0.3 all
  Debian Electronics tasks for tasksel

elixir/stable 1.18.3.dfsg-1 arm64
  functional meta-programming aware language

elixir-nimble-parsec/stable 1.4.2-1 arm64
  simple and fast library for text-based parser combinators

elki/stable 0.7.1-10.1 all
  Data mining algorithm development framework

elpa-ace-popup-menu/stable 0.2.1-5 all
  replace GUI popup menu with something more efficient

elpa-ace-window/stable 0.10.0-3 all
  selecting a window to switch to

elpa-activities/stable 0.7.2-1 all
  Save/restore sets of windows, tabs/frames, and their buffers in Emacs

elpa-browse-kill-ring/stable 2.0.0-5 all
  interactively insert items from kill-ring

elpa-buttercup/stable 1.37-1 all
  behaviour-driven testing for Emacs Lisp packages

elpa-csv-mode/stable 1.27-1 all
  Emacs major mode for editing comma/char separated values

elpa-dired-quick-sort/stable 0.3-1 all
  persistent quick sorting of dired buffers in various ways

elpa-elpher/stable 3.6.3~git20240930.c00f2a8-1 all
  friendly gopher and gemini client

elpa-erc/stable 5.5+dfsg-3 all
  Powerful, modular, and extensible IRC client for Emacs

elpa-ert-async/stable 0.1.2-6 all
  asynchronous tests for the Emacs ERT testing framework

elpa-ert-expectations/stable 0.2-5 all
  very simple unit test framework for Emacs Lisp

elpa-esup/stable 0.7.1+git20220203.4b49c8d-2 all
  Emacs StartUp Profiler

elpa-exwm-mff/stable 1.2.1-3 all
  mouse-follows-focus for EXWM

elpa-eyebrowse/stable 0.7.8-3 all
  simple-minded way of managing window configs in Emacs

elpa-format-all/stable 0.6.0-2 all
  Auto-format C, C++, JS, Python, Ruby and 50 other languages

elpa-fountain-mode/stable 3.7.1-3 all
  Emacs major mode for screenwriting in Fountain markup

elpa-fsm/stable 0.2.1-5 all
  state machine library

elpa-git-messenger/stable 0.18-6 all
  pop up last commit information of current line

elpa-hydra/stable 0.15.0-4 all
  make Emacs bindings that stick around

elpa-imenu-list/stable 0.9-2 all
  show the current Emacs buffer's imenu entries in a separate window

elpa-inform-mode/stable 1.6.2-4 all
  Emacs major mode for editing Inform 6 source

elpa-ledger/stable 4.0.0-2 all
  command-line double-entry accounting program (emacs interface)

elpa-marginalia/stable 2.0-1 all
  Marginalia in the Emacs minibuffer

elpa-memoize/stable 1.1-3 all
  memoization functions

elpa-muttrc-mode/stable 1.2.1-5 all
  Emacs major mode for editing muttrc

elpa-nginx-mode/stable 1.1.10-1 all
  major mode for editing nginx config files

elpa-orderless/stable 1.4-1 all
  Emacs completion style that matches multiple regexps in any order

elpa-paredit-everywhere/stable 0.4git10-3 all
  cut-down version of paredit for non-lisp buffers

elpa-pkg-info/stable 0.6-8 all
  provide information about Emacs packages

elpa-poke/stable 4.3+dfsg-1 all
  Extensible editor for structured binary data (Emacs mode)

elpa-popon/stable 0.13-3 all
  Pop floating text on an Emacs window

elpa-protobuf-mode/stable 3.21.12-11+deb13u1 all
  Emacs addon for editing protocol buffers

elpa-queue/stable 0.2-5 all
  queue data structure for Emacs Lisp

elpa-system-packages/stable 1.0.13-2 all
  functions to manage system packages

elpa-systemd/stable 1.6-3 all
  major mode for editing systemd units

elpa-transient/stable 0.8.8-1 all
  Emacs key and popup interface for complex keybindings

elpa-transient-doc/stable 0.8.8-1 all
  Emacs key and popup interface for complex keybindings - Docs

elpa-transmission/stable 0.12.2-2 all
  Emacs interface to a Transmission session

elpa-undercover/stable 0.8.1-2 all
  test coverage library for Emacs Lisp

elpa-verbiste/stable 0.1.49-1 all
  French and Italian conjugator - emacs extension

elpa-vimish-fold/stable 0.2.3-6 all
  fold text in GNU Emacs like in Vim

elpa-vterm/stable 0.0.2+git20250113.056ad74-3~deb13u1 arm64
  fully-fledged terminal emulator inside GNU Emacs based on libvterm - elisp

elpa-yasnippet/stable 0.14.3-1 all
  template system for Emacs

emacs-goodies-el/stable 42.5 all
  Miscellaneous add-ons for Emacs

emacs-libvterm/stable 0.0.2+git20250113.056ad74-3~deb13u1 arm64
  fully-fledged terminal emulator inside GNU Emacs based on libvterm - module

emacs-nox/stable 1:30.1+1-6 arm64
  GNU Emacs editor (without GUI support)

emacsen-common/stable 3.0.8 all
  Common facilities for all emacsen

emacspeak-ss/stable 1.12.1-9+b1 arm64
  Emacspeak speech servers for several synthesizers

emscripten/stable 3.1.69+dfsg-3 all
  LLVM-to-JavaScript Compiler

emscripten-doc/stable 3.1.69+dfsg-3 all
  LLVM-to-JavaScript Compiler (documentation)

enlex-data/stable 1.0m-2 all
  English pronunciation dictionary

entangle/stable 3.0-4+b2 arm64
  Tethered Camera Control & Capture

eog-plugins/stable 44.1-3 arm64
  set of plugins for GNOME Image Viewer

eperl/stable 2.2.15-1+deb13u1 arm64
  Embedded Perl 5 Language

epubcheck/stable 4.2.6-2 all
  Validation Tool for EPUB

eqonomize/stable 1.5.9-1 arm64
  personal accounting software for the small household economy

equivs/stable 2.3.2 all
  Circumvent Debian package dependencies

erlang-common-test/stable 1:27.3.4.1+dfsg-1+deb13u2 arm64
  Erlang/OTP application for automated testing

erlang-goldrush/stable 0.2.0-9+b1 arm64
  small Erlang app that provides fast event stream processing

erlang-p1-oauth2/stable 0.6.14-2 arm64
  Erlang library for server side implementation of OAuth2

erlang-p1-pkix/stable 1.0.10-2 arm64
  PKIX certificates management library for Erlang

erlang-syntax-tools/stable 1:27.3.4.1+dfsg-1+deb13u2 arm64
  Erlang/OTP modules for handling abstract Erlang syntax trees

erlang-tools/stable 1:27.3.4.1+dfsg-1+deb13u2 arm64
  Erlang/OTP various tools

esh/stable 0.3.2-2 all
  templating engine for evaluating shell commands embedded in arbitrary templates

esorex/stable 3.13.7+ds-1+b1 arm64
  Execution Tool for European Southern Observatory pipelines

etherape/stable 0.9.20-2+b3 arm64
  graphical network monitor

etherape-data/stable 0.9.20-2 all
  graphical network monitor (data files)

etherpuppet/stable 0.3-5+b1 arm64
  create a virtual interface from a remote Ethernet interface

etherwake/stable 1.09-5 arm64
  tool to send magic Wake-on-LAN packets

ettercap-common/stable 1:0.8.3.1-14 arm64
  Multipurpose sniffer/interceptor/logger for switched LAN

ettercap-graphical/stable 1:0.8.3.1-14 arm64
  Ettercap GUI-enabled executable

etw/stable 3.6+svn162-6+b1 arm64
  arcade-style soccer game

eurephia/stable 1.1.1-3+b1 arm64
  flexible OpenVPN authentication module

evolution-data-server/stable 3.56.2-0+deb13u1 arm64
  evolution database backend server

evolution-data-server-common/stable 3.56.2-0+deb13u1 all
  architecture independent files for Evolution Data Server

evolution-data-server-doc/stable 3.56.2-0+deb13u1 all
  Documentation files for the Evolution Data Server libraries

evolution-data-server-tests/stable 3.56.2-0+deb13u1 arm64
  Installed tests for the evolution database backend server

execline/stable 2.9.6.1-1 arm64
  small and non-interactive scripting language

exifprobe/stable 2.0.1+git20201230.eee65ff-2 arm64
  read metadata from digital pictures

exim4-daemon-light/stable 4.98.2-1+deb13u3 arm64
  lightweight Exim MTA (v4) daemon

extra-xdg-menus/stable 1.0-7 all
  Extra menu categories for applications under GNOME and KDE

extremetuxracer/stable 0.8.4-1 arm64
  3D racing game featuring Tux, the Linux penguin

extremetuxracer-data/stable 0.8.4-1 all
  data files for the game Extreme Tux Racer

extrepo/stable 0.14 all
  External repository manager

extrepo-offline-data/stable 1.0.6~deb13u1 all
  External repository manager

f2c/stable 20240504-1+b2 arm64
  FORTRAN 77 to C/C++ translator

faba-icon-theme/stable 4.3-1 all
  Tango influenced icon theme called Faba

fai-client/stable 6.4.3 all
  Fully Automatic Installation client package

fai-server/stable 6.4.3 all
  Fully Automatic Installation server package

fake-hwclock/stable 0.14 all
  Save/restore system clock on machines without working RTC hardware

fastlink/stable 4.1P-fix100+dfsg-5+b1 arm64
  faster version of pedigree programs of Linkage

fastlink-doc/stable 4.1P-fix100+dfsg-5 all
  Some papers about fastlink

fatattr/stable 1.0.1-15+b2 arm64
  Utility to control attributes on a FAT filesystem

faust/stable 2.79.3+ds-2 arm64
  functional programming language for realtime audio applications

fbterm/stable 1.7-5+b1 arm64
  fast framebuffer based terminal emulator for Linux

fcitx-table-cangjie/stable 1:4.2.9.9-2 all
  Flexible Input Method Framework - Cangjie table (DO NOT USE)

fcitx5-frontend-gtk2/stable 5.1.3-3 arm64
  GTK2 IM Module for fcitx5

fcitx5-frontend-gtk3/stable 5.1.3-3 arm64
  GTK3 IM Module for fcitx5

fcitx5-frontend-gtk4/stable 5.1.3-3 arm64
  GTK4 IM Module for fcitx5

fcode-utils/stable 1.0.3-2 arm64
  OpenBIOS FCode utilities

fdpowermon/stable 1.20 all
  simple battery power monitor for laptops with ACPI

fdpowermon-icons/stable 1.20 all
  icons for fdpowermon

fence-agents/stable 4.16.0-3 all
  Fence Agents for Red Hat Cluster - transitional package

fence-agents-ack-manual/stable 4.16.0-3 all
  Fence Agents for Red Hat Cluster - manual ack agent

fence-agents-aliyun/stable 4.16.0-3 all
  Fence Agents for Red Hat Cluster - Aliyun agent

fence-agents-all/stable 4.16.0-3 all
  Fence Agents for Red Hat Cluster - all agents

fence-agents-alom/stable 4.16.0-3 all
  Fence Agents for Red Hat Cluster - Sun ALOM agent

fence-agents-amt/stable 4.16.0-3 all
  Fence Agents for Red Hat Cluster - Intel AMT agent

fence-agents-apc/stable 4.16.0-3 all
  Fence Agents for Red Hat Cluster - APC over telnet/ssh agent

fence-agents-apc-snmp/stable 4.16.0-3 all
  Fence Agents for Red Hat Cluster - APC over SNMP agent

fence-agents-aws/stable 4.16.0-3 all
  Fence Agents for Red Hat Cluster - AWS agent

fence-agents-azure-arm/stable 4.16.0-3 all
  Fence Agents for Red Hat Cluster - Azure ARM agent

fence-agents-bladecenter/stable 4.16.0-3 all
  Fence Agents for Red Hat Cluster - IBM BladeCenter telnet agent

fence-agents-brocade/stable 4.16.0-3 all
  Fence Agents for Red Hat Cluster - HP Brocade agent

fence-agents-cdu/stable 4.16.0-3 all
  Fence Agents for Red Hat Cluster - Sentry Switch CDU agent

fence-agents-cisco-mds/stable 4.16.0-3 all
  Fence Agents for Red Hat Cluster - Cisco MDS agent

fence-agents-cisco-ucs/stable 4.16.0-3 all
  Fence Agents for Red Hat Cluster - Cisco UCS agent

fence-agents-common/stable 4.16.0-3 all
  Fence Agents for Red Hat Cluster - common files

fence-agents-compute/stable 4.16.0-3 all
  Fence Agents for Red Hat Cluster - OpenStack Compute agent

fence-agents-crosslink/stable 4.16.0-3 all
  Fence Agents for Red Hat Cluster - crosslink cable agent

fence-agents-cyberpower-ssh/stable 4.16.0-3 all
  Fence Agents for Red Hat Cluster - CyberPower agent

fence-agents-docker/stable 4.16.0-3 all
  Fence Agents for Red Hat Cluster - Docker agent

fence-agents-drac/stable 4.16.0-3 all
  Fence Agents for Red Hat Cluster - Dell DRAC 4 agent

fence-agents-drac5/stable 4.16.0-3 all
  Fence Agents for Red Hat Cluster - Dell DRAC 5 agent

fence-agents-dummy/stable 4.16.0-3 all
  Fence Agents for Red Hat Cluster - dummy agent

fence-agents-eaton-snmp/stable 4.16.0-3 all
  Fence Agents for Red Hat Cluster - Eaton SNMP agent

fence-agents-eaton-ssh/stable 4.16.0-3 all
  Fence Agents for Red Hat Cluster - Eaton SSH agent

fence-agents-ecloud/stable 4.16.0-3 all
  Fence Agents for Red Hat Cluster - ANS eCloud agent

fence-agents-emerson/stable 4.16.0-3 all
  Fence Agents for Red Hat Cluster - Emerson SNMP agent

fence-agents-eps/stable 4.16.0-3 all
  Fence Agents for Red Hat Cluster - ePowerSwitch agent

fence-agents-gce/stable 4.16.0-3 all
  Fence Agents for Red Hat Cluster - Google Compute Engine agent

fence-agents-hds-cb/stable 4.16.0-3 all
  Fence Agents for Red Hat Cluster - Hitachi Compute Blade agent

fence-agents-heuristics-ping/stable 4.16.0-3 all
  Fence Agents for Red Hat Cluster - heuristics ping agent

fence-agents-hpblade/stable 4.16.0-3 all
  Fence Agents for Red Hat Cluster - HPE BladeSystem agent

fence-agents-ibm-powervs/stable 4.16.0-3 all
  Fence Agents for Red Hat Cluster - IBM PowerVS agent

fence-agents-ibm-vpc/stable 4.16.0-3 all
  Fence Agents for Red Hat Cluster - IBM Cloud VPC agent

fence-agents-ibmblade/stable 4.16.0-3 all
  Fence Agents for Red Hat Cluster - IBM BladeCenter SNMP agent

fence-agents-ibmz/stable 4.16.0-3 all
  Fence Agents for Red Hat Cluster - IBM zSystems agent

fence-agents-ifmib/stable 4.16.0-3 all
  Fence Agents for Red Hat Cluster - IF-MIB SNMP agent

fence-agents-ilo-moonshot/stable 4.16.0-3 all
  Fence Agents for Red Hat Cluster - HP Moonshot iLO agent

fence-agents-ilo-mp/stable 4.16.0-3 all
  Fence Agents for Red Hat Cluster - HP iLO MP agent

fence-agents-ilo-ssh/stable 4.16.0-3 all
  Fence Agents for Red Hat Cluster - HP iLO over SSH agent

fence-agents-ilo2/stable 4.16.0-3 all
  Fence Agents for Red Hat Cluster - HP iLO2 agent

fence-agents-intelmodular/stable 4.16.0-3 all
  Fence Agents for Red Hat Cluster - Intel Modular agent

fence-agents-ipdu/stable 4.16.0-3 all
  Fence Agents for Red Hat Cluster - IBM iPDU agent

fence-agents-ipmilan/stable 4.16.0-3 all
  Fence Agents for Red Hat Cluster - IPMI agent

fence-agents-ironic/stable 4.16.0-3 all
  Fence Agents for Red Hat Cluster - OpenStack Ironic agent

fence-agents-kdump/stable 4.16.0-3 arm64
  Fence Agents for Red Hat Cluster - kdump agent

fence-agents-kubevirt/stable 4.16.0-3 all
  Fence Agents for Red Hat Cluster - KubeVirt agent

fence-agents-ldom/stable 4.16.0-3 all
  Fence Agents for Red Hat Cluster - Sun LDom agent

fence-agents-lindy-pdu/stable 4.16.0-3 all
  Fence Agents for Red Hat Cluster - Lindy PDU agent

fence-agents-lpar/stable 4.16.0-3 all
  Fence Agents for Red Hat Cluster - IBM LPAR agent

fence-agents-mpath/stable 4.16.0-3 all
  Fence Agents for Red Hat Cluster - multipath reservation agent

fence-agents-netio/stable 4.16.0-3 all
  Fence Agents for Red Hat Cluster - Koukaam NETIO-230B agent

fence-agents-nutanix-ahv/stable 4.16.0-3 all
  Fence Agents for Red Hat Cluster - Nutanix AHV agent

fence-agents-openstack/stable 4.16.0-3 all
  Fence Agents for Red Hat Cluster - OpenStack Nova agent

fence-agents-ovh/stable 4.16.0-3 all
  Fence Agents for Red Hat Cluster - OVH agent

fence-agents-ovm/stable 4.16.0-3 all
  Fence Agents for Red Hat Cluster - Oracle VM agent

fence-agents-powerman/stable 4.16.0-3 all
  Fence Agents for Red Hat Cluster - Powerman agent

fence-agents-pve/stable 4.16.0-3 all
  Fence Agents for Red Hat Cluster - Proxmox VE agent

fence-agents-raritan/stable 4.16.0-3 all
  Fence Agents for Red Hat Cluster - Raritan Dominion PX agent

fence-agents-raritan-px3/stable 4.16.0-3 all
  Fence Agents for Red Hat Cluster - Raritan Dominion PX2/PX3 agent

fence-agents-rcd-serial/stable 4.16.0-3 all
  Fence Agents for Red Hat Cluster - RCD serial agent

fence-agents-redfish/stable 4.16.0-3 all
  Fence Agents for Red Hat Cluster - Redfish agent

fence-agents-rhevm/stable 4.16.0-3 all
  Fence Agents for Red Hat Cluster - RHEV-M REST API agent

fence-agents-rsa/stable 4.16.0-3 all
  Fence Agents for Red Hat Cluster - IBM RSA agent

fence-agents-rsb/stable 4.16.0-3 all
  Fence Agents for Red Hat Cluster - Fujitsu-Siemens RSB agent

fence-agents-sanbox2/stable 4.16.0-3 all
  Fence Agents for Red Hat Cluster - QLogic SANBox2 FC switch agent

fence-agents-sbd/stable 4.16.0-3 all
  Fence Agents for Red Hat Cluster - STONITH Block Device agent

fence-agents-scsi/stable 4.16.0-3 all
  Fence Agents for Red Hat Cluster - SCSI-3 reservation agent

fence-agents-skalar/stable 4.16.0-3 all
  Fence Agents for Red Hat Cluster - Skala-R agent

fence-agents-vbox/stable 4.16.0-3 all
  Fence Agents for Red Hat Cluster - VirtualBox agent

fence-agents-virsh/stable 4.16.0-3 all
  Fence Agents for Red Hat Cluster - virsh agent

fence-agents-vmware/stable 4.16.0-3 all
  Fence Agents for Red Hat Cluster - VMware agent

fence-agents-vmware-rest/stable 4.16.0-3 all
  Fence Agents for Red Hat Cluster - VMware REST API agent

fence-agents-vmware-soap/stable 4.16.0-3 all
  Fence Agents for Red Hat Cluster - VMware SOAP API agent

fence-agents-vmware-vcloud/stable 4.16.0-3 all
  Fence Agents for Red Hat Cluster - VMware vCloud Director API agent

fence-agents-wti/stable 4.16.0-3 all
  Fence Agents for Red Hat Cluster - WTI Network Power Switch agent

fence-agents-xenapi/stable 4.16.0-3 all
  Fence Agents for Red Hat Cluster - Citrix XenServer agent

fence-agents-zvm/stable 4.16.0-3 all
  Fence Agents for Red Hat Cluster - IBM z/VM agent

fence-virt/stable 4.16.0-3 arm64
  Fence Agents for Red Hat Cluster - virt agent

fence-virtd/stable 4.16.0-3 arm64
  Fence Agents for Red Hat Cluster - virt daemon

fenicsx-performance-tests/stable 0.9.0-2+b2 arm64
  Performance test codes for FEniCS/DOLFIN-X (binaries)

fennel/stable 1.5.3+dfsg-2 all
  Lisp-based programming language for the Lua runtime

fetchmail/stable 6.4.39-1+b2 arm64
  SSL enabled POP3, APOP, IMAP mail gatherer/forwarder

fhist/stable 1.21.D001-2 arm64
  File history, comparison and merge utilities

fiat-utils/stable 1.4.1-1+b1 arm64
  Fortran IFS and Arpege Toolkit - utilities

fig2ps/stable 1.5-7 all
  Converts xfig files into ps, eps or pdf files using LaTeX for processing text

file-kanji/stable 1.1-22 arm64
  kanji code checker

finalcif/stable 137+dfsg-4 all
  editor for Crystallographic Information Format

findbugs/stable 3.1.0~preview2-4 all
  Static java code analyzer to find bugs

findent/stable 4.3.5-1 arm64
  indents/converts Fortran sources

firebird3.0-server/stable 3.0.12.ds7-13+deb13u1 arm64
  Firebird Server - an RDBMS based on InterBase 6.0 code

firebird4.0-server/stable 4.0.5.3140.ds6-17+deb13u1 arm64
  Firebird Server - an RDBMS based on InterBase 6.0 code

firewalld-tests/stable 2.3.1-1+deb13u1 all
  installed tests for firewalld

fitsh/stable 0.9.4-1+b1 arm64
  Software package for astronomical image processing

flamp/stable 2.2.14-1 arm64
  ham radio Amateur Multicast Protocol application

flatpak-xdg-utils/stable 1.0.6-1 arm64
  xdg-open and xdg-email reimplementation for containerized apps

flatpak-xdg-utils-tests/stable 1.0.6-1 arm64
  as-installed tests for flatpak-xdg-utils

flex/stable 2.6.4-8.2+b4 arm64
  fast lexical analyzer generator

flex-doc/stable 2.6.4-8.2 all
  Documentation for flex (a fast lexical analyzer generator)

flight-of-the-amazon-queen/stable 1.0.0-11 all
  classic 2D point and click fantasy adventure game

flip/stable 1.20-5+b1 arm64
  convert text file line endings between Unix and DOS formats

fltk1.4-games/stable 1.4.3-1 arm64
  Fast Light Toolkit - example games: checkers, sudoku

fluidr3mono-gm-soundfont/stable 2.315-7 all
  Fluid (R3) Mono GM SoundFont from MuseScore 2.1 (lossy)

flwm/stable 1.02+git2015.10.03+7dbb30-7+b2 arm64
  Fast Light Window Manager

fntsample/stable 5.4-3+b4 arm64
  program for making font samples

foliate/stable 4.~really3.3.0-1 all
  simple and modern ebook viewer

fondu/stable 0.0.20060102-7+b1 arm64
  convert between Mac and UNIX font formats

fontconfig/stable,now 2.15.0-2.3 arm64 [installed,automatic]
  generic font configuration library - support binaries

fontforge-nox/stable 1:20230101~dfsg-4+b1 arm64
  font editor - non-X version

fontmanager.app/stable 0.1-4+b3 arm64
  Font manager for GNUstep

fonts-aenigma/stable 0.0.20080511+dfsg-5 all
  465 free TrueType fonts by Brian Kent

fonts-aksharyogini2/stable 1.0-3 all
  aksharyogini2 devanagari normal style font

fonts-anonymous-pro/stable 1.003-6 all
  fixed width font designed for coders

fonts-bajaderka/stable 1.0-5 all
  Warsaw's sign painters styled font

fonts-bebas-neue/stable 3.0-2 all
  Flat, rounded style font designed by Ryoichi Tsunekawa

fonts-comic-neue/stable 2.51-4 all
  less horrible remake of Comic Sans

fonts-compagnon/stable 0.2-4 all
  typeface family composed of five distinctive styles

fonts-firacode/stable 6.2-2 all
  Monospaced font with programming ligatures

fonts-gfs-didot-classic/stable 1.1-6 all
  greek font family (Classic Didot revival)

fonts-gr-framework/stable 0.73.14+dfsg-1 all
  Bundled Font of Graphical Kernel System (GKS) and OpenGL

fonts-indic/stable 2:1.4 all
  Meta package to install all Indian language fonts

fonts-isabella/stable 1.202-4 all
  Isabella free TrueType font

fonts-joscelyn/stable 1.012+ds-4 all
  authentic secretary hand font

fonts-lobster/stable 2.0-2.1 all
  bold condensed script with many ligatures and alternates

fonts-montserrat/stable 7.222-3 all
  Font inspired by old urban posters and signs

fonts-powerline/stable 2.8.4-1 all
  prompt and statusline utility (symbols font)

fonts-roboto-fontface/stable 0.5.0-3 all
  largely geometric, friendly and open curves font

fonts-sil-akatab/stable 3.000-1 all
  Akatab is a Tifinagh font

fonts-sil-annapurna/stable 2.000-2 all
  smart font for languages using Devanagari script

fonts-sil-charis-compact/stable 6.200-1 all
  smart Unicode fonts for Latin and Cyrillic scripts (tight spacing version)

fonts-sil-doulos-compact/stable 5.000-3 all
  smart Unicode font for Latin and Cyrillic scripts (tight spacing version)

fonts-sil-padauk/stable 5.001-1 all
  Burmese Unicode TrueType font with OpenType and Graphite support

fonts-sora/stable 0+git20201221+ds-3 all
  Sora typeface

fonts-taml/stable 2:1.4 all
  Meta package to install all Tamil fonts

fonts-terminus/stable 1.2.0+ds2-4 all
  Terminus monospace font

fonts-ukij-uyghur/stable 20110217-4 all
  fonts for Uyghur language

fonts-woowa-bm/stable 20241002-1 all
  Baedal-Minjok decorative Korean fonts

fonts-wqy-zenhei/stable 0.9.45-8 all
  "WenQuanYi Zen Hei" A Hei-Ti Style (sans-serif) Chinese font

fonttools/stable 4.57.0-1+deb13u1 all
  Converts OpenType and TrueType fonts to and from XML (Executables)

foobillardplus/stable 3.43~svn170+dfsg-7+b2 arm64
  3D OpenGL Billiard Game

foomatic-filters/stable 4.0.17-16+b2 arm64
  OpenPrinting printer support - filters

forensic-artifacts/stable 20230928-1 all
  knowledge base of forensic artifacts (data files)

forensics-samples-multiple/stable 1.1.4-5 all
  Set of files to help learn/test forensics tools and techniques (multiple FS)

fp-units-gfx/stable 3.2.2+dfsg-46 arm64
  Free Pascal - graphics-library units dependency package

fp-units-gfx-3.2.2/stable 3.2.2+dfsg-46 arm64
  Free Pascal - graphics-library units

fpart/stable 1.7.0-1 arm64
  sort file trees and pack them into bags

fpzip-utils/stable 1.3.0-5 arm64
  FP array compression library - tools

freecad/stable 1.0.0+dfsg-8+deb13u2 all
  Extensible Open Source CAx program

freedict-tools/stable 0.7.0-2 all
  Development files for the FreeDict dictionary packages

freedink/stable 109.6-7 all
  humorous top-down adventure and role-playing game

freedink-data/stable 1.08.20190120-3 all
  adventure and role-playing game (assets)

freedink-dfarc/stable 3.14-8 arm64
  frontend and .dmod installer for GNU FreeDink

freedink-engine/stable 109.6-7 arm64
  humorous top-down adventure and role-playing game (engine)

freedom-maker/stable 0.34 all
  FreedomBox image builder

freedoom/stable 0.13.0-2 all
  two single player campaigns for Doom-compatible engines

freefem++/stable 4.15+dfsg-1 arm64
  Provides the binaries of the FreeFem++ FE suite

freefem++-doc/stable 4.15+dfsg-1 all
  Provides the documentation of the FreeFem++ FE suite

freegish/stable 1.53+git20170110+dfsg-2+b2 arm64
  physics based arcade game

freegish-data/stable 1.53+git20170110+dfsg-2 all
  data for the FreeGish arcade game

freeipa-client-samba/stable 4.12.4-1 arm64
  FreeIPA centralized identity framework -- Samba client

freenect/stable 1:0.5.3-3.2+b1 arm64
  library for accessing Kinect device -- metapackage

frei0r-plugins/stable 2.3.3-1+b1 arm64
  minimalistic plugin API for video effects, plugins collection

frei0r-plugins-dev/stable 2.3.3-1 all
  minimalistic plugin API for video effects, header files

frei0r-plugins-doc/stable 2.3.3-1 all
  minimalistic plugin API for video effects, API documentation

fricas/stable 1.3.11-3 arm64
  General purpose computer algebra system: main binary and modules

fricas-source/stable 1.3.11-3 all
  General purpose computer algebra system: source files

frotz/stable 2.55+dfsg-2 arm64
  interpreter of Z-code story-files

frr-pythontools/stable 10.3-3+deb13u1 all
  FRRouting Internet routing protocol suite (reload support)

fscrypt/stable 0.3.5-1+b5 arm64
  Tool for managing Linux filesystem encryption

fsmark/stable 3.3-5 arm64
  benchmark for simulating synchronous write workloads

ftools-pow/stable 5.5.3+dfsg-1+b1 arm64
  Curve plotting and image display interface tool

ftp-upload/stable 1.6-4 all
  put files with FTP from a script

ftpmirror/stable 1.96+dfsg-16.1+b2 arm64
  Mirroring directory hierarchy using FTP protocol

ftpwatch/stable 1.24+nmu2 all
  Notifies you of changes on remote ftp servers

fusioninventory-agent-task-esx/stable 1:2.6-4 all
  ESX and ESXi inventory for FusionInventory Agent

futhark/stable 0.25.27-1+b2 arm64
  optimising compiler for Futhark programming language

futhark-doc/stable 0.25.27-1 all
  Futhark User's Guide

fuzzylite/stable 6.0+dfsg-8+b1 arm64
  fuzzy logic control binary

fwknop-apparmor-profile/stable 2.6.11-2 all
  FireWall KNock OPerator - Apparmor profile

fwknop-client/stable 2.6.11-2+b1 arm64
  FireWall KNock OPerator client side - C version

fwknop-server/stable 2.6.11-2+b1 arm64
  FireWall KNock OPerator server side - C version

fwupd-arm64-signed/stable 1:1.7+1 arm64
  Tools to manage UEFI firmware updates (signed)

fwupd-tests/stable 2.0.20-1~deb13u1 arm64
  Test suite for firmware update daemon

g810-led/stable 0.4.3-3 arm64
  LED configuration tool for Logitech Gx10 keyboards

gambas3-gb-sdl2/stable 3.20.2-1+deb13u1 arm64
  Gambas SDL2 component

gamemode/stable 1.8.2-2 arm64
  Optimise Linux system performance on demand

gamemode-daemon/stable 1.8.2-2 arm64
  Optimise Linux system performance on demand (daemon)

gamemode-dev/stable 1.8.2-2 arm64
  Optimise Linux system performance on demand (dev files)

ganeti-os-noop/stable 0.2-5 all
  Dummy no-op OS provider for Ganeti

ganeti-testsuite/stable 3.1.0~rc2-3 all
  cluster virtualization manager - test suite

gap-aclib/stable 1.3.2-4 all
  GAP AClib - Almost Crystallographic Groups - A Library and Algorithms

gap-crystcat/stable 1.1.10-2 all
  GAP CrystCat - The crystallographic groups catalog

gap-openmath/stable 11.5.3+ds-2 all
  OpenMath phrasebook for GAP

gargoyle-free/stable 2023.1+dfsg-4+b3 arm64
  graphical player for Interactive Fiction games

gbrowse/stable 2.56+dfsg-12 all
  GMOD Generic Genome Browser

gcal-common/stable 4.1-3.1 all
  gcal architecture independent files

gccgo-go/stable 2:1.24~2 arm64
  Go programming language -- gccgo

gcin/stable 2.9.4+dfsg1-3 arm64
  GTK+ based input method for Chinese users

gdb-avr/stable 15.1-1+b3 arm64
  GNU Debugger for avr

gdb-bpf/stable 16.3-1+2+b1 arm64
  Cross-debugger for the bpf target

gdbserver/stable 16.3-1 arm64
  GNU Debugger (remote server)

gdk-pixbuf-tests/stable 2.42.12+dfsg-4+deb13u1 arm64
  installed tests for the GDK Pixbuf library

geany-plugin-doc/stable 2.0-6+b1 arm64
  documentation plugin for Geany

geany-plugin-geniuspaste/stable 2.0-6+b1 arm64
  GeniusPaste plugin for Geany

gearhead/stable 1.310-3+b1 arm64
  roguelike mecha role playing game, console version

gearhead-data/stable 1.310-3 all
  data files for gearhead

gearhead-sdl/stable 1.310-3+b1 arm64
  roguelike mecha role playing game, SDL version

gearhead2/stable 0.701-2 arm64
  roguelike mecha role playing game in space

gearhead2-data/stable 0.701-2 all
  data files for gearhead2

gearhead2-sdl/stable 0.701-2 arm64
  roguelike mecha role playing game in space

gedit-plugins/stable 48.1-2 all
  set of plugins for gedit

gelemental/stable 2.0.2-1.1+b2 arm64
  Periodic Table viewer

gem-plugin-jpeg/stable 1:0.94-8+b5 arm64
  Graphics Environment for Multimedia - JPEG support

gem-plugin-sgi/stable 1:0.94-8+b5 arm64
  Graphics Environment for Multimedia - SGI support

gem-plugin-tiff/stable 1:0.94-8+b5 arm64
  Graphics Environment for Multimedia - TIFF support

gentoo/stable 0.20.7-3+b3 arm64
  fully GUI-configurable, two-pane X file manager

geocode-glib-tests/stable 3.26.4-1 arm64
  installed tests for the geocode-glib library

geotiff-bin/stable 1.7.4-1 arm64
  GeoTIFF (geografic enabled TIFF) library -- tools

gesftpserver/stable 2~ds-1+b1 arm64
  sftp server submodule for OpenSSH

getdata/stable 0.2-4 all
  management of external databases

getdp-sparskit/stable 3.5.0+dfsg1-4 arm64
  general environment for the treatment of discrete problems

gfal2/stable 2.23.2-1 all
  Grid file access library 2.0

gff2aplot/stable 2.0-15+b2 arm64
  pair-wise alignment-plots for genomic sequences in PostScript

gfxboot-themes/stable 4.5.73-2 all
  tool to test and create graphical boot logos (themes)

gh/stable 2.46.0-3 arm64
  GitHub CLI, GitHub’s official command line tool

ghdl/stable 5.0.1+dfsg-1+b1 arm64
  VHDL compiler/simulator

ghextris/stable 0.9.0-5 all
  Tetris-like game on a hexagonal grid

gifshuffle/stable 2.0-1+b2 arm64
  Steganography program to gif images

gimagereader/stable 3.4.2-7 arm64
  Graphical GTK+ front-end to tesseract-ocr

gimagereader-common/stable 3.4.2-7 all
  gImageReader common files

gimagereader-qt/stable 3.4.2-7 arm64
  Graphical Qt front-end to tesseract-ocr

gir1.2-appstream-1.0/stable 1.0.5-1 arm64
  Library to access AppStream services (introspection data)

gir1.2-appstreamcompose-1.0/stable 1.0.5-1 arm64
  Building blocks to compose AppStream metadata (introspection data)

gir1.2-ebackend-1.2/stable 3.56.2-0+deb13u1 arm64
  GObject introspection for the EBackend library

gir1.2-ebook-1.2/stable 3.56.2-0+deb13u1 arm64
  GObject introspection for the EBook library

gir1.2-ebookcontacts-1.2/stable 3.56.2-0+deb13u1 arm64
  GObject introspection for the EBook Contacts library

gir1.2-ecal-2.0/stable 3.56.2-0+deb13u1 arm64
  GObject introspection for the ECal library

gir1.2-edatabook-1.2/stable 3.56.2-0+deb13u1 arm64
  GObject introspection for the EBook library

gir1.2-edatacal-2.0/stable 3.56.2-0+deb13u1 arm64
  GObject introspection for the EDataCal library

gir1.2-edataserver-1.2/stable 3.56.2-0+deb13u1 arm64
  GObject introspection for the EDataServer library

gir1.2-edataserverui-1.2/stable 3.56.2-0+deb13u1 arm64
  GObject introspection for the EDataServerUI library

gir1.2-edataserverui4-1.0/stable 3.56.2-0+deb13u1 arm64
  GObject introspection for the EDataServerUI4 library

gir1.2-entangle-0.1/stable 3.0-4+b2 arm64
  GObject introspection data for entangle

gir1.2-gtkspell3-3.0/stable 3.0.10-2 arm64
  GObject introspection data for the GtkSpell library

gir1.2-playerctl-2.0/stable 2.4.1-3 arm64
  utility to control media players via MPRIS (gir bindings)

gis-web/stable 0.0.22 all
  Present geographic information via web map server

git/stable,now 1:2.47.3-0+deb13u1 arm64 [installed,automatic]
  fast, scalable, distributed revision control system

git-all/stable,now 1:2.47.3-0+deb13u1 all [installed]
  fast, scalable, distributed revision control system (all subpackages)

git-cvs/stable,now 1:2.47.3-0+deb13u1 all [installed,automatic]
  fast, scalable, distributed revision control system (cvs interoperability)

git-delta/stable 0.18.2-4+b1 arm64
  syntax-highlighting pager for git, diff, and grep output

git-doc/stable,now 1:2.47.3-0+deb13u1 all [installed,automatic]
  fast, scalable, distributed revision control system (documentation)

git-email/stable,now 1:2.47.3-0+deb13u1 all [installed,automatic]
  fast, scalable, distributed revision control system (email add-on)

git-evtag/stable 2022.1-2+b2 arm64
  extended verification for git tags

git-evtag-tests/stable 2022.1-2 all
  extended verification for git tags - as-installed tests

git-gui/stable,now 1:2.47.3-0+deb13u1 all [installed,automatic]
  fast, scalable, distributed revision control system (GUI)

git-man/stable,now 1:2.47.3-0+deb13u1 all [installed,automatic]
  fast, scalable, distributed revision control system (manual pages)

git-mediawiki/stable,now 1:2.47.3-0+deb13u1 all [installed,automatic]
  fast, scalable, distributed revision control system (MediaWiki remote helper)

git-publish/stable 1.8.1-1 all
  git command to prepare and store patch revisions as git tags

git-restore-mtime/stable 2022.12-1 all
  set timestamps to the date of a file's last commit

git-subrepo/stable 0.4.9-2 arm64
  Alternative to git-submodule(1) and git-subtree(1)

git-svn/stable,now 1:2.47.3-0+deb13u1 all [installed,automatic]
  fast, scalable, distributed revision control system (svn interoperability)

gitk/stable,now 1:2.47.3-0+deb13u1 all [installed,automatic]
  fast, scalable, distributed revision control system (revision tree visualizer)

gitweb/stable,now 1:2.47.3-0+deb13u1 all [installed,automatic]
  fast, scalable, distributed revision control system (web interface)

givaro-user-doc/stable 4.2.1-1 all
  User Documentation for Givaro (obsolete)

gkrellm-leds/stable 0.8.0-2+b2 arm64
  keyboard LED monitor for GKrellM

gkrellm-reminder/stable 2.0.0-4 arm64
  useful reminder plugin for gkrellm

glam2/stable 1064-10 arm64
  gapped protein motifs from unaligned sequences

gle-graphics-library/stable 4.3.6-1 all
  Library of routines and example scripts written in GLE

gle-graphics-manual/stable 4.3.6-1 all
  Graphics Layout Engine manual

glhack/stable 1.2-8 arm64
  Fullscreen SDL/OpenGL version of NetHack

glib-networking-tests/stable 2.80.1-1 arm64
  network-related giomodules for GLib - installed tests

glimpse/stable 4.18.7-10 arm64
  search quickly through entire file systems

glusterfs-cli/stable 11.1-6 arm64
  clustered file-system (cli package)

glusterfs-client/stable 11.1-6 arm64
  clustered file-system (client package)

glusterfs-common/stable 11.1-6 arm64
  GlusterFS common libraries and translator modules

glusterfs-server/stable 11.1-6 arm64
  clustered file-system (server package)

gmemusage/stable 0.2-12 arm64
  Displays a graph detailing memory usage of each process

gmpc-plugins/stable 11.8.16-8 arm64
  Plugins for the GNOME Music Player Client

gmtsar/stable 6.5+ds-3 all
  InSAR processing system based on Generic Mapping Tools - metapackage

gmtsar-core/stable 6.5+ds-3 arm64
  InSAR processing system based on Generic Mapping Tools - core

gmtsar-data/stable 6.5+ds-3 all
  InSAR processing system based on Generic Mapping Tools - data

gmtsar-scripts/stable 6.5+ds-3 all
  InSAR processing system based on Generic Mapping Tools - scripts

gnome-desktop-3-tests/stable 44.3-3 arm64
  Installed test files for GNOME desktop

gnome-desktop-testing/stable 2021.1-4 arm64
  runner for GNOME installed tests

gnome-flashback/stable 3.56.0-1 arm64
  helper application for the GNOME Flashback session

gnome-games/stable 1:48+2 all
  games for the GNOME desktop

gnome-keysign/stable 1.3.0-5.1 all
  easy signing of OpenPGP keys over the local network

gnome-photos-tests/stable 44.0-3 arm64
  app to access, organize and share your photos - installed tests

gnome-remote-desktop/stable 48.1-4 arm64
  Remote desktop daemon for GNOME using PipeWire

gnome-shell-extension-caffeine/stable 56-2 all
  GNOME Shell extension to keep your computer awake

gnome-shell-extension-gamemode/stable 8-6 all
  gnome-shell extension that monitors the current status of gamemode

gnome-shell-extension-gpaste/stable 45.3-1 all
  GPaste extension for GNOME Shell

gnome-shell-extension-hard-disk-led/stable 38-5 all
  Shows harddisk activity (IO speed read/write and LED) in GNOME Shell

gnome-shell-extension-manager/stable 0.6.3-2 arm64
  Utility for managing GNOME Shell Extensions

gnome-shell-extension-tiling-assistant/stable 51-2 all
  extension which adds a Windows-like snap assist to GNOME Shell

gnome-software/stable 48.3-2 arm64
  Software Center for GNOME

gnome-software-common/stable 48.3-2 all
  Software Center for GNOME (common files)

gnome-software-plugin-deb/stable 48.3-2 arm64
  .deb support for GNOME Software

gnome-software-plugin-flatpak/stable 48.3-2 arm64
  Flatpak support for GNOME Software

gnome-software-plugin-fwupd/stable 48.3-2 arm64
  Firmware updater support for GNOME Software

gnome-software-plugin-snap/stable 48.3-2 arm64
  Snap support for GNOME Software

gnubg/stable 1.08.003-3 arm64
  graphical or console backgammon program with analysis

gnubg-data/stable 1.08.003-3 all
  data files for GNU Backgammon

gnucash/stable 1:5.10-0.1+b1 arm64
  personal and small-business financial-accounting software

gnucash-common/stable 1:5.10-0.1 all
  common files for the financial-accounting software Gnucash

gnucash-docs/stable 5.10-0.1 all
  Documentation for gnucash, a personal finance tracking program

gnujump/stable 1.0.8-5 arm64
  platform game where you have to jump up to survive

gnujump-data/stable 1.0.8-5 all
  platform game where you have to jump up to survive - data files

gnunet-dev/stable 0.20.0-7 all
  GNU's framework for secure peer-to-peer networking (transitional package)

gnunet-gtk-dev/stable 0.20.0-5 all
  GNU's framework for secure peer-to-peer networking (transitional package)

gnuradio-dev/stable 3.10.12.0-1 arm64
  GNU Software Defined Radio toolkit development

gnustep-dl2/stable 0.12.0+git20250112-2 arm64
  Objective-C Classes needed for Database Access

go-internal/stable 1.12.0-3 arm64
  Selected Go-internal packages factored out from the standard library (binaries)

golang/stable 2:1.24~2 arm64
  Go programming language compiler - metapackage

golang-1.24/stable 1.24.4-1 all
  Go programming language compiler - metapackage

golang-1.24-doc/stable 1.24.4-1 all
  Go programming language - documentation

golang-1.24-go/stable 1.24.4-1 arm64
  Go programming language compiler, linker, compiled stdlib

golang-1.24-src/stable 1.24.4-1 all
  Go programming language - source files

golang-any/stable 2:1.24~2 arm64
  Go programming language -- gccgo on "non-Go" platforms

golang-bazil-fuse-dev/stable 0.0~git20160811.0.371fbbd-4 all
  FUSE library for Go

golang-chroma/stable 0.10.0-5 arm64
  general purpose syntax highlighter in pure Go (binaries)

golang-chroma-v2/stable 2.14.0-1 arm64
  general purpose syntax highlighter in pure Go (binaries)

golang-coreos-log-dev/stable 0.0~git20140508-5 all
  simple logging library for Go

golang-debian-mdosch-xmppsrv-dev/stable 0.3.3-1 all
  Look up XMPP SRV records (library)

golang-doc/stable 2:1.24~2 all
  Go programming language - documentation

golang-github-aalpar-deheap-dev/stable 1.0-3 all
  Doubly ended heap implementation (library)

golang-github-adrianmo-go-nmea-dev/stable 1.10.0-1 all
  Go library for the NMEA 0183 protocol

golang-github-anacrolix-dms-dev/stable 1.5.0-2 all
  Go source for UPnP DLNA Digital Media Server

golang-github-atotto-clipboard-dev/stable 0.1.4-1 all
  Clipboard for Go

golang-github-axgle-mahonia-dev/stable 0.0~git20180208.3358181-4 all
  Character-set conversion library implemented in Go. (library)

golang-github-bep-lazycache-dev/stable 0.4.0-1 all
  Thread-safe in-memory LRU cache with non-blocking cache priming on cache misses

golang-github-bep-logg-dev/stable 0.4.0-1 all
  fast and structured logging package for Go

golang-github-bmatsuo-lmdb-go-dev/stable 1.8.0+git20170215.a14b5a3-4 all
  Bindings for the LMDB C library

golang-github-bradleyjkemp-cupaloy-dev/stable 2.7.0-1 all
  simple Go snapshot testing

golang-github-buger-jsonparser-dev/stable 1.1.1-2 all
  fast schemaless JSON parser for Go

golang-github-bugsnag-bugsnag-go-dev/stable 2.5.1-1 all
  automatic panic monitoring for Go applications

golang-github-bwesterb-go-ristretto-dev/stable 1.2.3-2 all
  Go implementation of the Ristretto prime-order group over Edwards25519

golang-github-cavaliergopher-rpm-dev/stable 1.2.0-2 all
  Go implementation of the RPM file format (library)

golang-github-ccoveille-go-safecast-dev/stable 1.6.0-1 all
  Safe number conversion in Go

golang-github-charmbracelet-bubbles-dev/stable 0.18.0-1 all
  TUI components for Bubble Tea 🍡 (Go library)

golang-github-charmbracelet-log-dev/stable 0.4.0-2 all
  Minimal, colorful Go logging library 🪵 (library)

golang-github-cli-go-gh-dev/stable 1.2.1-2 all
  Go module for interacting with gh and the GitHub API from the command line

golang-github-cli-go-gh-v2-dev/stable 2.6.0-2 all
  Go module for interacting with gh and the GitHub API from the command line

golang-github-cloudflare-backoff-dev/stable 0.0~git20161212.647f3cd-2 all
  Go implementation of "Exponential Backoff And Jitter" (library)

golang-github-codahale-hdrhistogram-dev/stable 0.0~git20161010.3a0bb77-3 all
  implementation of Gil Tene's HDR Histogram

golang-github-containerd-nri-dev/stable 0.6.1-2 all
  Node Resource Interface (library)

golang-github-containerd-nydus-snapshotter-dev/stable 0.13.4-2.1 all
  A containerd snapshotter with data deduplication and lazy loading (library)

golang-github-containerd-typeurl-dev/stable 2.1.1-3 all
  Go package for managing marshaled types to protobuf.Any

golang-github-containers-libtrust-dev/stable 0.0~git20230121.c1716e8-2 all
  Primitives for identity and authorization (library)

golang-github-coreos-go-json-dev/stable 0.0~git20200220.5ae6071-2 all
  Go's encoding/json library plus Node struct support (library)

golang-github-cretz-bine-dev/stable 0.2.0+ds-2 all
  Go library for accessing and embedding Tor clients and servers

golang-github-crossdock-crossdock-go-dev/stable 0.0~git20160816.049aabb-3 all
  Go client for Crossdock

golang-github-denisbrodbeck-machineid-dev/stable 1.0.1-2 all
  Get the unique machine id of any host (Go library)

golang-github-dgraph-io-ristretto-dev/stable 0.0.3-2 all
  high performance memory-bound Go cache

golang-github-docker-libkv-dev/stable 0.2.1-4 all
  Key/Value store abstraction library

golang-github-docker-libtrust-dev/stable 0.0~git20160708.aabc10e-1 all
  Primitives for identity and authorization

golang-github-dsnet-golib-dev/stable 0.0~git20171103.1ea1667-1.1 all
  Collection of mostly unrelated helper Go packages

golang-github-etherlabsio-go-m3u8-dev/stable 1.0.0-2 all
  parse and generate m3u8 playlists for HLS (library)

golang-github-evilsocket-ftrace-dev/stable 1.2.0-2.1 all
  trace Linux syscalls using the FTRACE kernel framework

golang-github-fluffle-goirc-dev/stable 1.1.1+ds-2 all
  Event-based stateful IRC client framework for Go.

golang-github-fsouza-go-dockerclient-dev/stable 1.12.1-1 all
  Docker client library in Go

golang-github-fvbommel-sortorder-dev/stable 1.0.2-3 all
  sort orders and comparison functions

golang-github-go-enry-go-license-detector-dev/stable 4.3.0+git20221007.a3a1cc6-3 all
  Reliable project licenses detector (library)

golang-github-go-kit-log-dev/stable 0.2.1-1 all
  minimal and extensible structured logger (Go library)

golang-github-go-logr-zapr-dev/stable 1.3.0-2 all
  Adapter for go-logr to use zap as a backend (library)

golang-github-go-macaron-session-dev/stable 0.0~git20151014.0.66031fc-2 all
  session management middleware for Macaron

golang-github-gocql-gocql-dev/stable 1.7.0-1 all
  fast and robust Cassandra client for Go

golang-github-gologme-log-dev/stable 1.3.0-2 all
  A fork of the golang built in log package to add support for levels (library)

golang-github-google-go-configfs-tsm-dev/stable 0.3.2-2 all
  Trusted Security Module attestation reporting (library)

golang-github-google-pprof-dev/stable 0.0~git20211008.947d60d-1 all
  pprof is a tool for visualization and analysis of profiling data

golang-github-google-trillian-dev/stable 1.6.1-1 all
  transparent scalable and cryptographically verifiable data store (library)

golang-github-hairyhenderson-go-codeowners-dev/stable 0.5.0-1 all
  Go package that finds and parses GitHub CODEOWNERS files

golang-github-hashicorp-go-checkpoint-dev/stable 0.5.0-3 all
  Go Checkpoint Client

golang-github-hashicorp-go-cleanhttp-dev/stable 0.5.2-1 all
  Functions for accessing "clean" Go http.Client values

golang-github-hashicorp-go-sockaddr-dev/stable 1.0.2-3 all
  IP address/UNIX socket convenience functions for Go

golang-github-hashicorp-net-rpc-msgpackrpc-dev/stable 0.0~git20151116.0.a14192a-1.1 all
  Library for creating Go RPC client/server

golang-github-hashicorp-terraform-svchost-dev/stable 0.0.1-1 all
  handling of friendly hostnames for terraform

golang-github-hdrhistogram-hdrhistogram-go-dev/stable 1.1.2-3 all
  pure Go implementation of Gil Tene's HDR Histogram

golang-github-heroku-rollrus-dev/stable 0.0~git20190402.fde2a6b-2 all
  Logrus Rollbar Hook

golang-github-hydrogen18-stalecucumber-dev/stable 0.0~git20180226.6de214d-1 all
  Reader and writer for Python's pickle format in Golang

golang-github-iguanesolutions-go-systemd-dev/stable 5.1.0-2 all
  Golang bindings for systemd (library)

golang-github-inconshreveable-log15-dev/stable 2.15-2 all
  structured, composable logging for Go

golang-github-invopop-jsonschema-dev/stable 0.13.0-2 all
  Generate JSON Schemas from Go types (library)

golang-github-jarcoal-httpmock-dev/stable 1.3.1-1 all
  HTTP mocking for Golang

golang-github-josharian-intern-dev/stable 1.0.0-3 all
  Intern string golang library

golang-github-jsimonetti-rtnetlink-dev/stable 2.0.2-1 all
  low-level access to the Linux rtnetlink API (library)

golang-github-json-iterator-go-dev/stable 1.1.12-2 all
  High-performance drop-in replacement of "encoding/json"

golang-github-juju-qthttptest-dev/stable 0.1.3-1 all
  Check that JSON HTTP endpoints respond appropriately (library)

golang-github-julienschmidt-httprouter-dev/stable 1.3.0-2 all
  High performance HTTP request router for Go that scales well

golang-github-kardianos-service-dev/stable 1.2.2-1 all
  run Go programs as a service on major platforms

golang-github-letsencrypt-challtestsrv-dev/stable 1.3.2+ds-1 all
  ACME challenge mock server

golang-github-liggitt-tabwriter-dev/stable 0.0~git20181228.89fcab3-2 all
  Drop in replacement for golang text/tabwriter (library)

golang-github-meowgorithm-babylogger-dev/stable 1.2.0-2 all
  Go HTTP logger middleware

golang-github-michaeltjones-walk-dev/stable 0.0~git20161122.4748e29-3 all
  Fast parallel version of golang filepath.Walk()

golang-github-micromdm-scep-dev/stable 2.3.0-1 all
  Simple Certificate Enrollment Protocol library

golang-github-mikesmitty-edkey-dev/stable 0.0~git20170222.3356ea4-2 all
  generates ED25519 private keys in the OpenSSH private key format (Go library)

golang-github-moby-locker-dev/stable 1.0.1-3 all
  Go library for creating finer-grained locking

golang-github-muesli-cancelreader-dev/stable 0.2.2-2 all
  Cancelable reader for Go (library)

golang-github-muesli-crunchy-dev/stable 0.4.0-2 all
  finds common flaws in passwords

golang-github-muhammadmuzzammil1998-jsonc-dev/stable 0.0~git20201229.615b091-2 all
  JSON with comments for Go!

golang-github-nebulouslabs-fastrand-dev/stable 0.0~git20170512.60b6156-1 all
  10x faster than crypto/rand

golang-github-nebulouslabs-go-upnp-dev/stable 0.0~git20171003.0.1be4557-1.1 all
  Opinionated interface to Internet Gateway Devices

golang-github-nebulouslabs-threadgroup-dev/stable 0.0~git20170509.d137120-2 all
  Simplification of thread management and shutdown routines (library)

golang-github-neelance-sourcemap-dev/stable 0.0~git20151028.0.8c68805-6 all
  Javascript source map reader and writer for Go

golang-github-nfnt-resize-dev/stable 0.0~git20180221.83c6a99-3 all
  Pure golang image resizing

golang-github-opentracing-basictracer-go-dev/stable 1.1.0-3 all
  basic implementation of the OpenTracing API for Go

golang-github-ozeidan-fuzzy-patricia-dev/stable 3.0.0-4 all
  Generic patricia trie implemented in Go

golang-github-pion-dtls.v2-dev/stable 2.2.6-1 all
  DTLS 1.2 Server/Client implementation for Go

golang-github-pion-turn.v2-dev/stable 2.1.0-1 all
  Pion TURN, an API for building TURN clients and servers (library)

golang-github-powerman-check-dev/stable 1.8.0-2 all
  Helpers to complement Go testing package

golang-github-powerman-deepequal-dev/stable 0.1.0-4 all
  Go library with improved reflect.DeepEqual

golang-github-ryanuber-go-glob-dev/stable 1.0.0-2 all
  Basic string globs in golang

golang-github-saracen-fastzip-dev/stable 0.1.11-2 all
  opinionated Zip archiver with a focus on speed (Go library)

golang-github-schollz-closestmatch-dev/stable 2.1.0-3 all
  Golang library for fuzzy matching within a set of strings

golang-github-schollz-logger-dev/stable 1.2.0-2 all
  Simplistic, opinionated logging for Golang (library)

golang-github-segmentio-ksuid-dev/stable 1.0.4-2 all
  K-Sortable Globally Unique IDs (Go library)

golang-github-sigstore-rekor-dev/stable 1.3.9-1 all
  Software Supply Chain Transparency Log (library)

golang-github-smallstep-assert-dev/stable 0.0~git20200723.82e2b9b-4 all
  simple assertion framework written in go

golang-github-smira-go-xz-dev/stable 0.0~git20150414.0c531f0-2.1 all
  simple .xz decompression using external program (xz --decompress)

golang-github-subosito-gotenv-dev/stable 1.3.0-1 all
  Load environment variables from `.env` or `io.Reader` in Go.

golang-github-tchap-go-patricia-dev/stable 2.3.2-1 all
  generic patricia trie (also called radix tree)

golang-github-tideland-golib-dev/stable 4.24.2-2 all
  collection of misc Go packages

golang-github-twmb-murmur3-dev/stable 1.1.6-1 all
  fast, fully fledged murmur3 in Go

golang-github-uber-go-tally-dev/stable 4.1.16-1 all
  Go metrics interface with fast metrics reporters (library)

golang-github-unrolled-render-dev/stable 1.4.0-2 all
  Easily render JSON, XML, binary, or HTML templates responses (library)

golang-github-unrolled-secure-dev/stable 1.0.9-2 all
  HTTP middlewares for Go that facilitates security checks (library)

golang-github-valyala-quicktemplate-dev/stable 1.8.0+ds1-2 all
  fast, powerful, yet easy to use template engine for Go (library)

golang-github-vbatts-tar-split-dev/stable 0.11.6-1 all
  tar archive assembly/disassembly (source)

golang-github-victoriametrics-easyproto-dev/stable 0.1.4-2 all
  simple building blocks for protobuf marshaling and unmarshaling (library)

golang-github-vishvananda-netlink-dev/stable 1.3.0-2 all
  netlink library for go

golang-github-weaveworks-mesh-dev/stable 0.1+git20180323.0c91e69-1 all
  go library to build distributed systems

golang-github-xtaci-smux-dev/stable 1.5.16+ds-1 all
  Simple Multiplexing for golang

golang-github-yudai-golcs-dev/stable 0.0~git20170316.ecda9a5-3 all
  Go Longest Common Subsequence

golang-glog-dev/stable 1.2.4-1 all
  Leveled execution logs for Go

golang-go/stable 2:1.24~2 arm64
  Go programming language compiler, linker, compiled stdlib

golang-go.cypherpunks-recfile-dev/stable 2.0.0-1 all
  Pure Go implementation of GNU recutils/recfile databases

golang-go.uber-zap-dev/stable 1.26.0-1 all
  Blazing fast, structured, leveled logging in Go

golang-google-grpc-dev/stable 1.64.0-7 all
  implementation of gRPC in Go

golang-gopkg-pg.v5-dev/stable 5.3.3-3.1 all
  PostgreSQL client and ORM for Golang

golang-gvisor-gvisor-dev/stable 0.0~20240729.0-4 all
  Application Kernel for Containers (library)

golang-k8s-klog-dev/stable 2.130.1-1 all
  leveled execution logs for Go (library)

golang-sourcehut-rjarry-go-opt-dev/stable 2.0.1-1 all
  Parse command line arguments based on tag annotations on struct fields (library)

golang-sourcehut-rockorager-vaxis-dev/stable 0.13.0-1 all
  Terminal User Interface (TUI) library for go

golang-src/stable 2:1.24~2 all
  Go programming language - source files

golang-tags.cncf-container-device-interface-dev/stable 0.8.0-5 all
  container device interface

google-mock/stable 1.16.0-1 arm64
  Google's framework for writing and using C++ mock classes

google-perftools/stable 2.16-1 all
  command line utilities to analyze the performance of C++ programs

gpart/stable 1:0.3-10+b1 arm64
  Guess PC disk partition table, find lost partitions

gperiodic/stable 3.0.3-2 arm64
  periodic table application

gpg-from-sq/stable 0.13.1-3 all
  use gpg-sq for /usr/bin/gpg

gpgconf/stable,now 2.4.7-21+deb13u1+b4 arm64 [installed,automatic]
  GNU privacy guard - core configuration utilities

gpgv-from-sq/stable 0.13.1-3 all
  use gpgv-sq for /usr/bin/gpgv

gpodder/stable 3.11.3-2 all
  podcast client and feed aggregator

gprconfig-kb/stable 25.0.0-2 all
  compiler list for the gprbuild build tool

gpredict/stable 2.3-115-g0f3beb6-4+b1 arm64
  Satellite tracking program

gpredict-doc/stable 2.3-115-g0f3beb6-4 all
  Satellite tracking program - documentation

gpsbabel-doc/stable 1.10.0+ds-1 all
  GPS file conversion plus transfer to/from GPS units - documentation

gpsim-dev/stable 0.32.1-2+b2 arm64
  Libraries needed only for building gpsim components

gr-funcube/stable 3.10.0~rc3-4+b9 arm64
  Funcube Dongle controller for GNU Radio

graphene-tests/stable 1.10.8-5 arm64
  library of graphic data types (installed tests)

graphicsmagick/stable 1.4+really1.3.45+hg17696-1 arm64
  collection of image processing tools

graphicsmagick-imagemagick-compat/stable 1.4+really1.3.45+hg17696-1 all
  image processing tools providing ImageMagick interface

graphite-web/stable 1.1.10-8 all
  Enterprise Scalable Realtime Graphing

graphviz/stable,now 2.42.4-3 arm64 [installed,automatic]
  rich set of graph drawing tools

gravit/stable 0.5.1+dfsg-6+b2 arm64
  visually stunning gravity simulator

greylistd/stable 0.9.0.4 all
  Greylisting daemon for use with Exim 4

gri-html-doc/stable 2.12.27-1.2 all
  HTML manual for gri, a language for scientific graphics

gridengine-client/stable 8.1.9+dfsg-13.1 arm64
  Utilities for Grid Engine queue management

gridengine-common/stable 8.1.9+dfsg-13.1 all
  Distributed resource management - common files

gridengine-dev/stable 8.1.9+dfsg-13.1 all
  Distributed resource management - development files

gridengine-exec/stable 8.1.9+dfsg-13.1 arm64
  Distributed resource management - Execution Server

gridengine-master/stable 8.1.9+dfsg-13.1 arm64
  Distributed resource management - Master Server

gridengine-qmon/stable 8.1.9+dfsg-13.1 arm64
  Graphical utilities for Grid Engine queue management

grml-debootstrap/stable 0.121 all
  installer for pure Debian

groff/stable 1.23.0-9 arm64
  GNU troff text-formatting system

grub-customizer/stable 5.2.5-1+b1 arm64
  GUI to configure GRUB2 and BURG

grub-efi-arm64-bin/stable 2.12-9+deb13u2 arm64
  GRand Unified Bootloader, version 2 (ARM64 UEFI modules)

grub-efi-arm64-unsigned/stable 2.12-9+deb13u2 arm64
  GRand Unified Bootloader, version 2 (ARM64 UEFI images)

grub2-common/stable 2.12-9+deb13u2 arm64
  GRand Unified Bootloader (common files for version 2)

gsocket/stable 1.4.43-4+b1 arm64
  Allows two machines on different networks to communicate with each other

gspell-1-tests/stable 1.14.0-2+b1 arm64
  spell-checking library for GTK+ applications - installed tests

gtk-3-examples/stable 3.24.49-3 arm64
  example files for GTK 3

gtk-4-tests/stable 4.18.6+ds-2 arm64
  "as-installed" tests for GTK 4

gtk-chtheme/stable 0.3.1-6.2+b1 arm64
  GTK+ 2.0 theme changer and previewer utility

gtk2-engines-qtcurve/stable 1.9-7.1 arm64
  QtCurve widget style for applications based on GTK+ 2.x

gtk3-nocsd/stable 3-2 all
  Disable Gtk+ 3 client side decorations (CSD)

gtkmorph-example/stable 1:20150712-5.1 all
  digital image warp and morph, examples

gucharmap/stable 1:15.1.5-1+b1 arm64
  Unicode character picker and font browser

guess-concurrency/stable 0+20250305 all
  utility for estimating a suitable level of build parallelism

gummi/stable 0.8.3+really0.8.3-5 arm64
  simple LaTeX editor with live preview

gunroar/stable 0.15.dfsg1-10+b2 arm64
  360-degree gunboat shooter

gunroar-data/stable 0.15.dfsg1-10 all
  360-degree gunboat shooter - game data

gwakeonlan/stable 0.8.6-1 all
  wakes up your machines using Wake on LAN

gweled/stable 1.0~beta1-1+b1 arm64
  "Diamond Mine"-style puzzle game

hackrf-firmware/stable 2024.02.1-3 all
  Firmware for HackRF devices

hadori/stable 1.1-1+b2 arm64
  Hardlinks identical files

hamradio-maintguide/stable 0.7 all
  Debian Hamradio Maintainers Guide

haskell-clash-ghc-utils/stable 1.8.1-4 arm64
  Clash: functional hardware descr. language - GHC frontend

haskell-clash-lib-utils/stable 1.8.1-2+b4 arm64
  Functional hardware description language - library

haskell-devscripts/stable 0.16.34 all
  Debian tools to build Haskell packages (with hscolour)

haskell-devscripts-minimal/stable 0.16.34 all
  Tools to help Debian developers build Haskell packages

haskell-groom-utils/stable 0.1.2.1-2 arm64
  Pretty printing for well-behaved Show instances

hatop/stable 0.8.2-2 all
  interactive ncurses client for haproxy

hcxkeys/stable 6.2.1-2+b2 arm64
  Tools to generate plainmasterkeys (rainbowtables)

hearse/stable 1.5+debian1-2 all
  exchange Nethack bones files with other players

heimdal-multidev/stable 7.8.git20221117.28daf24+dfsg-9+deb13u1 arm64
  Heimdal Kerberos - Multi-implementation Development

helpman/stable 2.4-1 all
  quick & easy access to 4000+ manuals / guides / tutorials

herbstluftwm/stable 0.9.5-3+b2 arm64
  manual tiling window manager for X11

hexbox/stable 1.5.0-5.1 all
  Hex Edit Control for .NET developers - apps

hey/stable 0.1.4+ds-1+b8 arm64
  Sends some load to a web application

hfd-service/stable 0.2.3-1 arm64
  system D-Bus service for accessing human feedback devices

hfd-service-tools/stable 0.2.3-1 arm64
  Tools to detect and configure devices

hidl-gen/stable 10.0.0+r36-3.1+b1 arm64
  Compiler for the HIDL

hiera-eyaml/stable 4.2.0-1.1 all
  OpenSSL Encryption backend for Hiera

highlight.js-doc/stable 9.18.5+dfsg1-2 all
  JavaScript library for syntax highlighting - documentation

hime/stable 0.9.11+dfsg-4+b4 arm64
  GTK+ based input method for Chinese users

hisat2/stable 2.2.1-5+b3 arm64
  graph-based alignment of short nucleotide reads to many genomes

hitori/stable 44.0-3 arm64
  logic puzzle game similar to sudoku

hledger/stable 1.32.3-1+b1 arm64
  command-line double-entry accounting program

hledger-interest/stable 1.6.6-2 arm64
  interest computing for (h)ledger

hledger-ui/stable 1.32.3-1 arm64
  curses-style user interface for the hledger accounting tool

hmmer/stable 3.4+dfsg-2+b2 arm64
  profile hidden Markov models for protein sequence analysis

hmmer-doc/stable 3.4+dfsg-2 all
  profile hidden Markov models for protein sequence analysis (docs)

hmmer-examples/stable 3.4+dfsg-2+b2 arm64
  profile hidden Markov models for protein sequence analysis (examples)

hmmer2/stable 2.3.2+dfsg-12+b2 arm64
  profile hidden Markov models for protein sequence analysis

hmmer2-doc/stable 2.3.2+dfsg-12 all
  profile hidden Markov models for protein sequence analysis (docs)

hobbit-plugins/stable 20230301 all
  plugins for the Xymon network monitor

hostfiles/stable 0.09-3 all
  simple script to manage multiple sets of hostfiles

how-can-i-help/stable 20 all
  show opportunities for contributing to Debian

ht/stable 2.1.0+repack1-5+b1 arm64
  Viewer/editor/analyser (mostly) for executables

httptunnel/stable 3.3+dfsg-5+b2 arm64
  Tunnels a data stream in HTTP requests

hwdata/stable 0.394-1 all
  hardware identification / configuration data

hwinfo/stable 21.82-1.1+b2 arm64
  Hardware identification system

hwloc/stable 2.12.0-4 arm64
  Hierarchical view of the machine - utilities

hwloc-nox/stable 2.12.0-4 arm64
  Hierarchical view of the machine - non-X version of utilities

hydrogen-drumkits/stable 2017.09.19~dfsg-2 all
  drumkits for Hydrogen

hydrogen-drumkits-effects/stable 2017.09.19~dfsg-2 all
  effect drumkits for Hydrogen

hyfetch/stable 1.99.0-1.1 all
  Command-line Tool that Presents System Info

hylafax-client/stable 3:6.0.7-11.1 arm64
  Flexible client/server fax software - client utilities

hylafax-client-dbg/stable 3:6.0.7-11.1 arm64
  Flexible client/server fax software - client utilities

hylafax-server/stable 3:6.0.7-11.1 arm64
  Flexible client/server fax software - server daemons

hylafax-server-dbg/stable 3:6.0.7-11.1 arm64
  Debug symbols for the hylafax server

hyphy-common/stable 2.5.69+dfsg-1 all
  Hypothesis testing using Phylogenies (common files)

hyphy-mpi/stable 2.5.69+dfsg-1 arm64
  Hypothesis testing using Phylogenies (MPI version)

hyphy-pt/stable 2.5.69+dfsg-1 arm64
  Hypothesis testing using Phylogenies (pthreads version)

i18nspector/stable 0.27.1-2 all
  checking tool for gettext POT, PO and MO files

i3lock-fancy/stable 0.0~git20160228.0.0fcb933-3 arm64
  i3lock custom wrapper script

iagno/stable 1:3.38.1-4 arm64
  popular Othello game for GNOME

iamerican-huge/stable 3.4.06-1 all
  American English dictionary for ispell (huge)

iamerican-insane/stable 3.4.06-1 all
  American English dictionary for ispell (insane version)

iamerican-large/stable 3.4.06-1 all
  American English dictionary for ispell (large)

iamerican-small/stable 3.4.06-1 all
  American English dictionary for ispell (small)

iannix/stable 0.9.20~dfsg1-1+b3 arm64
  graphical OSC sequencer for digital arts

ibritish-huge/stable 3.4.06-1 all
  British English dictionary for ispell (huge)

ibritish-insane/stable 3.4.06-1 all
  British English dictionary for ispell (insane version)

ibritish-large/stable 3.4.06-1 all
  British English dictionary for ispell (large)

ibritish-small/stable 3.4.06-1 all
  British English dictionary for ispell (small)

ibus-table/stable 1.17.11-1 all
  table engine for IBus

ibus-tests/stable 1.5.32-2 arm64
  Intelligent Input Bus - installed tests

icc-profiles-free/stable 2.0.1+dfsg-1.1 all
  ICC color profiles for use with color profile aware software

icewm-experimental/stable 3.7.4-1 arm64
  wonderful Win95-OS/2-Motif-like window manager

icingadb/stable 1.3.0-1+b2 arm64
  database connector for Icinga 2

icingaweb2-module-eventdb/stable 1.3.0-7 all
  simple and responsive web interface for Icinga - eventdb module

icmptx/stable 0.2-2 arm64
  Tunnel IP over ICMP

iconx/stable 9.5.24b-1 arm64
  Executor for Icon, a high-level programming language

ideviceinstaller/stable 1.1.1+git20240518-1+b2 arm64
  Utility to manage installed applications on an iDevice

idn2/stable 2.3.8-2 arm64
  Internationalized domain names (IDNA2008/TR46) command line tool

ienglish-common/stable 3.4.06-1 all
  Common files for British and American ispell dictionaries

ifile/stable 1.3.9-9+b1 arm64
  spam filter capable of learning

ifrench/stable 1.4-30 all
  French dictionary for ispell (Hydro-Quebec version)

ikiwiki-hosting-dns/stable 0.20220717-2 all
  ikiwiki hosting: dns server

ikvswitch/stable 1.0.4+deb13u1 all
  virtual switch infrastructure designed for complex network deployment testing

imagemagick-7.q16/stable 8:7.1.1.43+dfsg1-1+deb13u10 arm64
  image manipulation programs -- quantum depth Q16

imagemagick-7.q16hdri/stable 8:7.1.1.43+dfsg1-1+deb13u10 arm64
  image manipulation programs -- quantum depth Q16HDRI

imv/stable 4.5.0-1+b5 arm64
  X11/Wayland image viewer intended for use with tiling window managers

imview/stable 1.1.9h-4+b3 arm64
  Image viewing and analysis application

incron/stable 0.5.12-4+b2 arm64
  cron-like daemon which handles filesystem events

incus-agent/stable 6.0.4-2+deb13u8 arm64
  Incus guest agent

indelible/stable 1.03-6+b1 arm64
  powerful and flexible simulator of biological evolution

inetsim/stable 1.3.2+dfsg.1-1 all
  Software suite for simulating common internet services

infernal/stable 1.1.5-3 arm64
  inference of RNA secondary structural alignments

infernal-doc/stable 1.1.5-3 all
  inference of RNA secondary structural alignments – documentation

init/stable,now 1.69~deb13u1 arm64 [installed]
  metapackage ensuring an init system is installed

inkscape/stable 1.4-6 arm64
  vector-based drawing program

inkscape-survex-export/stable 2.0-1 all
  Inkscape plugin to digitise printed surveys

inputplug/stable 0.4.0-4 arm64
  XInput monitor

insighttoolkit5-examples/stable 5.4.3-5 all
  Image processing toolkit for registration and segmentation - examples

insserv/stable 1.26.0-1 arm64
  boot sequence organizer using LSB init.d script dependency information

install-info/stable 7.1.1-1+b1 arm64
  Manage installed documentation in info format

install-mimic/stable 0.4.2-1 arm64
  overwrite files and preserve their ownership

intel2gas/stable 1.3.3-20 arm64
  converter from NASM assembly language to GAS

interimap/stable 0.5.8-1 all
  Fast bidirectional synchronization for QRESYNC-capable IMAP servers

invesalius-bin/stable 3.1.99998-7 arm64
  Implementation of MIDA and contour based visualizations

iodine/stable 0.7.0-11 arm64
  tool for tunneling IPv4 data through a DNS server

ipgrab/stable 0.9.10-5+b1 arm64
  tcpdump-like utility that prints detailed header information

iptables-netflow-dkms/stable 2.6-7.1 arm64
  iptables target which generates netflows

iptstate/stable 2.2.7-1 arm64
  top-like interface to your netfilter connection-tracking table

iputils-clockdiff/stable 3:20240905-3 arm64
  Measure the time difference between networked computers

iraf/stable 2.18.1-2 arm64
  Image Reduction and Analysis Facility

ircd-ircu/stable 2.10.12.19+dfsg-1 arm64
  Undernet IRC Server daemon

isa-support/stable 27 arm64
  CPU feature checking - common back-end

isc-dhcp-client/stable 4.4.3-P1-8 arm64
  DHCP client for automatically obtaining an IP address (deprecated)

isc-dhcp-client-ddns/stable 4.4.3-P1-8 arm64
  Dynamic DNS (DDNS) enabled DHCP client (deprecated)

iselect/stable 1.4.2-1 arm64
  ncurses-based interactive line selection tool

isympy3/stable 1.13.3-5 all
  Python3 shell for SymPy

itcl3/stable 3.4.4-3 arm64
  [incr Tcl] OOP extension for Tcl - run-time files

itk3/stable 3.4.2-5 arm64
  [incr Tk] OOP extension for Tk - run-time files

iwd/stable 3.8-2 arm64
  wireless daemon for Linux

jack-example-tools/stable 4-4 arm64
  JACK Audio Connection Kit (example clients)

jam/stable 2.6.1-2.1 arm64
  Software-build tool, replacement for make

japi-compliance-checker/stable 2.4-3 all
  tool to compare compatibility of Java library API

jarwrapper/stable 0.80 all
  Run executable Java .jar files

java-propose-classpath/stable 0.80 all
  Helper script to suggest a classpath for jar files

javacc/stable 7.0.13-1 all
  Parser generator for use with Java

javacc-doc/stable 7.0.13-1 all
  Documentation for the JavaCC Parser Generator

javacc4/stable 4.0-3 all
  Parser generator for use with Java

javacc4-doc/stable 4.0-3 all
  Documentation for the JavaCC Parser Generator

javacc5/stable 5.0-11 all
  Parser generator for use with Java

javacc5-doc/stable 5.0-11 all
  Documentation for the JavaCC Parser Generator

javahelper/stable 0.80 all
  Helper scripts for packaging Java programs

jconvolver-config-files/stable 1.1.0-2 all
  Demo config files for jconvolver

jdns/stable 2.0.3-3.1+b2 arm64
  command-line tool to test functionality

jedit/stable 5.5.0+dfsg-2 all
  Plugin-based editor for programmers

jel-java/stable 2.1.2-2 all
  Library for evaluating algebraic expressions in Java

jel-java-doc/stable 2.1.2-2 all
  Java Expressions Library (documentation)

jest/stable 29.6.2~ds1+~cs73.45.28-5 all
  Delightful JavaScript Testing

jfsutils/stable 1.1.15-6+b1 arm64
  utilities for managing the JFS filesystem

jlex/stable 1.2.6-12 all
  Lex-style lexical analyser generator for Java

jlha-utils/stable 0.1.6-5 all
  command-line lzh archiver written in Java

jpegoptim/stable 1.4.7-1+b1 arm64
  utility to optimize jpeg files

jtb/stable 1.4.12-3 all
  syntax tree builder and visitors generator for JavaCC

juce-modules-source-data/stable 8.0.6+ds-2 all
  Jules' Utility Class Extensions (platform independent module sources)

junior-typing/stable 1.32 all
  Debian Jr. typing

jupp/stable 3.1.41-1+b1 arm64
  user friendly full screen text editor

jupyter/stable 5.7.2-5 all
  Interactive computing environment (metapackage)

just/stable 1.40.0-1+b1 arm64
  Save and run project-specific commands

jython-doc/stable 2.7.3+repack1-1 all
  Jython documentation including API docs

kalkun-plugin-blacklist-number/stable 0.8.3.2-1 all
  Kalkun blacklist number plugin

kalkun-plugin-external-script/stable 0.8.3.2-1 all
  Kalkun external script plugin

kalkun-plugin-jsonrpc/stable 0.8.3.2-1 all
  Kalkun JSON-RPC plugin

kalkun-plugin-phonebook-ldap/stable 0.8.3.2-1 all
  Kalkun phonebook LDAP plugin

kalkun-plugin-phonebook-lookup/stable 0.8.3.2-1 all
  Kalkun phonebook lookup plugin

kalkun-plugin-rest-api/stable 0.8.3.2-1 all
  Kalkun REST API plugin

kalkun-plugin-server-alert/stable 0.8.3.2-1 all
  Kalkun server alert plugin

kalkun-plugin-simple-autoreply/stable 0.8.3.2-1 all
  Kalkun simple autoreply plugin

kalkun-plugin-sms-credit/stable 0.8.3.2-1 all
  Kalkun SMS credit plugin

kalkun-plugin-sms-member/stable 0.8.3.2-1 all
  Kalkun sms-member plugin

kalkun-plugin-sms-to-email/stable 0.8.3.2-1 all
  Kalkun SMS to e-mail plugin

kalkun-plugin-sms-to-twitter/stable 0.8.3.2-1 all
  Kalkun SMS to Twitter plugin

kalkun-plugin-sms-to-wordpress/stable 0.8.3.2-1 all
  Kalkun SMS to WordPress plugin

kalkun-plugin-sms-to-xmpp/stable 0.8.3.2-1 all
  Kalkun SMS to XMPP plugin

kalkun-plugin-soap/stable 0.8.3.2-1 all
  Kalkun SOAP plugin

kalkun-plugin-stop-manager/stable 0.8.3.2-1 all
  Kalkun STOP manager plugin

kalkun-plugin-welcome/stable 0.8.3.2-1 all
  Kalkun welcome plugin

kalkun-plugin-whitelist-number/stable 0.8.3.2-1 all
  Kalkun whitelist number plugin

kalkun-plugin-xmlrpc/stable 0.8.3.2-1 all
  Kalkun XMLRPC plugin

kamailio-mqtt-modules/stable 6.0.1-1+deb13u1 arm64
  MQTT modules for the Kamailio SIP Server

kanagram/stable 4:25.04.0-1 arm64
  jumble word puzzle

kanatest/stable 0.4.10~git20200611.860e790-1+b2 arm64
  beginner's drill game to learn Japanese kana characters

kannel/stable 1.4.5-20 arm64
  WAP and SMS gateway

kanshi/stable 1.5.1-2+b1 arm64
  Define output profiles that are automatically enabled and disabled on hotplug

kawari8/stable 8.2.8-12 arm64
  Pseudo AI Shiori module used to create ghosts for Ukagaka

kcachegrind/stable 4:25.04.0-1 arm64
  visualisation tool for the Valgrind profiler

kcachegrind-converters/stable 4:25.04.0-1 all
  format converters for KCachegrind profiler visualisation tool

kchmviewer/stable 8.0-2+b3 arm64
  CHM viewer for KDE

kde-config-flatpak/stable 6.3.4-1 arm64
  Flatpak permissions management KCM

kdesvn-kio-plugins/stable 2.1.0-3+b3 arm64
  Subversion I/O slaves for KDE

kdiamond/stable 4:25.04.0-1 arm64
  three-in-a-row game

kel-agent/stable 0.4.6-2.1+b2 arm64
  Web interface for amateur radio installed programs (program)

kelbt/stable 0.16-4+b1 arm64
  backtracking LR parser generator

kerneltop/stable 0.91-2+b3 arm64
  shows Linux kernel function usage in a style like top

kgeography/stable 4:25.04.0-1 arm64
  geography learning aid for KDE

kget/stable 4:25.04.0-1 arm64
  download manager

kget-doc/stable 4:25.04.0-1 all
  download manager - documentation

khangman/stable 4:25.04.0-1 arm64
  Hangman word puzzle

kicad-doc-de/stable 9.0.2+dfsg-1 all
  Kicad help files (German)

kicad-doc-en/stable 9.0.2+dfsg-1 all
  Kicad help files (English)

kicad-doc-es/stable 9.0.2+dfsg-1 all
  Kicad help files (Spanish)

kicad-doc-fr/stable 9.0.2+dfsg-1 all
  Kicad help files (French)

kicad-doc-it/stable 9.0.2+dfsg-1 all
  Kicad help files (Italian)

kicad-doc-ja/stable 9.0.2+dfsg-1 all
  Kicad help files (Japanese)

kicad-doc-pl/stable 9.0.2+dfsg-1 all
  Kicad help files (Polish)

kicad-doc-ru/stable 9.0.2+dfsg-1 all
  Kicad help files (Russian)

kicad-doc-zh/stable 9.0.2+dfsg-1 all
  Kicad help files (Chinese)

kildclient/stable 3.2.3-1 arm64
  powerful MUD client with a built-in Perl interpreter

kildclient-doc/stable 3.2.3-1 all
  powerful MUD client with a built-in Perl interpreter - manual

killer/stable 0.90-14 all
  Background job killer

kitty-shell-integration/stable 0.41.1-2+deb13u1 all
  fast, featureful, GPU based terminal emulator (shell integration files)

kitty-terminfo/stable 0.41.1-2+deb13u1 all
  fast, featureful, GPU based terminal emulator (terminfo file)

kmousetool/stable 4:25.04.0-1 arm64
  mouse manipulation tool for the disabled

kmymoney-common/stable 5.1.3-2 all
  KMyMoney architecture independent files

knot-host/stable 3.4.6-2 arm64
  Version of 'host' bundled with Knot DNS

kodi/stable 2:21.2+dfsg-4 arm64
  Open Source Home Theatre (executable binaries)

kodi-addons-dev-common/stable 2:21.2+dfsg-4 all
  Open Source Home Theatre (architecture-independent addon development package)

kodi-audiodecoder-fluidsynth/stable 20.2.1+ds1-5 arm64
  Fluidsynth audio decoder for Kodi

kodi-audiodecoder-sidplay/stable 21.0.2+ds-1 arm64
  SidPlay audio decoder for Kodi

kodi-audioencoder-flac/stable 21.0.2+ds-1+b1 arm64
  FLAC audio encoder add-on for Kodi

kodi-audioencoder-lame/stable 21.0.2+ds-1 arm64
  LAME (mp3) audio encoder add-on for Kodi

kodi-audioencoder-vorbis/stable 21.0.2+ds-1 arm64
  Vorbis audio encoder add-on for Kodi

kodi-audioencoder-wav/stable 21.0.2-1 arm64
  WAV audio encoder add-on for Kodi

kodi-bin/stable 2:21.2+dfsg-4 arm64
  Open Source Home Theatre (architecture-dependent files)

kodi-data/stable 2:21.2+dfsg-4 all
  Open Source Home Theatre (arch-independent data package)

kodi-eventclients-common/stable 2:21.2+dfsg-4 all
  Open Source Home Theatre (Event Client Common package)

kodi-eventclients-dev/stable 2:21.2+dfsg-4 arm64
  Open Source Home Theatre (Event Client virtual dev package)

kodi-eventclients-dev-common/stable 2:21.2+dfsg-4 all
  Open Source Home Theatre (Event Client common dev package)

kodi-eventclients-kodi-send/stable 2:21.2+dfsg-4 arm64
  Open Source Home Theatre (Event Client Kodi-SEND package)

kodi-eventclients-ps3/stable 2:21.2+dfsg-4 arm64
  Open Source Home Theatre (Event Client PS3 package)

kodi-eventclients-python/stable 2:21.2+dfsg-4 arm64
  Open Source Home Theatre (Event Client Python package)

kodi-eventclients-wiiremote/stable 2:21.2+dfsg-4 arm64
  Open Source Home Theatre (Event Client WII Remote support package)

kodi-eventclients-zeroconf/stable 2:21.2+dfsg-4 arm64
  Open Source Home Theatre (Event Client ZeroConf script package)

kodi-game-libretro-bsnes-mercury-accuracy/stable 094+git20220807-8+b2 arm64
  Kodi integration for bsnes-mercury accuracy core

kodi-game-libretro-bsnes-mercury-balanced/stable 094+git20220807-8+b2 arm64
  Kodi integration for bsnes-mercury balanced core

kodi-game-libretro-bsnes-mercury-performance/stable 094+git20220807-8+b2 arm64
  Kodi integration for bsnes-mercury performance core

kodi-imagedecoder-heif/stable 21.0.2+ds-1+b1 arm64
  HEIF image decoder for Kodi

kodi-imagedecoder-raw/stable 21.0.2+ds-1 arm64
  RAW image decoder for Kodi

kodi-peripheral-xarcade/stable 21.0.2-2 arm64
  X-Arcade Tankstick driver for Kodi

kodi-pvr-dvblink/stable 21.1.3+ds-1+b1 arm64
  DVBLink PVR Client for Kodi

kodi-pvr-dvbviewer/stable 21.1.3+ds-1 arm64
  DVBViewer Kodi PVR Addon

kodi-pvr-octonet/stable 21.0.1+ds-3 arm64
  Digital Devices Octopus NET PVR for Kodi

kodi-pvr-sledovanitv-cz/stable 21.3.0+ds-4 arm64
  sledovanitv.cz PVR for Kodi

kodi-pvr-stalker/stable 21.1.3+ds-1 arm64
  Stalker Middleware PVR client addon for Kodi

kodi-pvr-teleboy/stable 21.0.0+ds1-3 arm64
  Teleboy PVR for Kodi

kodi-pvr-vbox/stable 21.1.5-1+b1 arm64
  VBox Home TV Gateway addon for Kodi

kodi-pvr-waipu/stable 21.10.1+ds-1 arm64
  waipu PVR for Kodi

kodi-pvr-zattoo/stable 21.0.4+ds-3 arm64
  Zattoo PVR for Kodi

kodi-repository-kodi/stable 2:21.2+dfsg-4 all
  Open Source Home Theatre (official addons repository feed)

kodi-screensaver-asteroids/stable 21.0.2+ds-1 arm64
  Asteroids screensaver for Kodi

kodi-screensaver-biogenesis/stable 21.0.2-1 arm64
  BioGenesis screensaver for Kodi

kodi-screensaver-greynetic/stable 21.0.2+ds-1 arm64
  Greynetic screensaver for Kodi

kodi-screensaver-pingpong/stable 21.0.2+ds-1 arm64
  Pingpong screensaver for Kodi

kodi-screensaver-pyro/stable 21.0.2-1 arm64
  Pyro screensaver for Kodi

kodi-screensaver-shadertoy/stable 21.0.2+ds-1 arm64
  Shadertoy screensaver for Kodi

kodi-tools-texturepacker/stable 2:21.2+dfsg-4 arm64
  Open Source Home Theatre (TexturePacker skin development tool)

kodi-visualization-fishbmc/stable 21.0.2+ds-1 arm64
  Fishbmc audio visualization addon for Kodi

kodi-visualization-pictureit/stable 21.0.2+ds-1 arm64
  pictureit visualizer for Kodi

kodi-visualization-shadertoy/stable 21.0.2+ds-1 arm64
  Shadertoy audio visualization for Kodi

kodi-visualization-shadertoy-data/stable 21.0.2+ds-1 all
  Shadertoy audio visualization for Kodi (common data)

kodi-visualization-spectrum/stable 21.0.2+ds-1 arm64
  Spectrum visualizer addon for Kodi

kodi-visualization-waveform/stable 21.0.2+ds-1 arm64
  Waveform audio visualization addon for Kodi

kollision/stable 4:25.04.0-1 arm64
  simple ball dodging game

konq-plugins/stable 4:25.04.0-1 arm64
  plugins for Konqueror, the KDE file/web/document browser

konversation-data/stable 25.04.0-2 all
  data files for Konversation

koules/stable 1.4-28 arm64
  abstract space action game

kpartloader/stable 4:25.04.0-1 arm64
  test tool for KParts

kquickcharts-dev/stable 5.116.0-1 arm64
  Quick Charts - development files

krb5-admin-server/stable 1.21.3-5+deb13u1 arm64
  MIT Kerberos master server (kadmind)

krb5-config/stable 2.7 all
  Configuration files for Kerberos Version 5

krb5-doc/stable 1.21.3-5+deb13u1 all
  documentation for MIT Kerberos

krb5-gss-samples/stable 1.21.3-5+deb13u1 arm64
  MIT Kerberos GSS Sample applications

krb5-k5tls/stable 1.21.3-5+deb13u1 arm64
  TLS plugin for MIT Kerberos

krb5-kdc/stable 1.21.3-5+deb13u1 arm64
  MIT Kerberos key server (KDC)

krb5-kdc-ldap/stable 1.21.3-5+deb13u1 arm64
  MIT Kerberos key server (KDC) LDAP plugin

krb5-kpropd/stable 1.21.3-5+deb13u1 arm64
  MIT Kerberos key server (Slave KDC Support)

krb5-locales/stable 1.21.3-5+deb13u1 all
  internationalization support for MIT Kerberos

krb5-multidev/stable 1.21.3-5+deb13u1 arm64
  development files for MIT Kerberos without Heimdal conflict

krb5-otp/stable 1.21.3-5+deb13u1 arm64
  OTP plugin for MIT Kerberos

krb5-pkinit/stable 1.21.3-5+deb13u1 arm64
  PKINIT plugin for MIT Kerberos

krb5-sync-tools/stable 3.1-3+b3 arm64
  Kerberos Active Directory synchronization tools

krb5-user/stable 1.21.3-5+deb13u1 arm64
  basic programs to authenticate using MIT Kerberos

krfb/stable 4:25.04.2-1 arm64
  Desktop Sharing utility

kristall/stable 0.4+dfsg-4+b2 arm64
  high-quality visual cross-platform gemini browser

ksirk/stable 4:25.04.0-1 arm64
  Risk strategy game

kstars/stable 5:3.6.2-2+b5 arm64
  desktop planetarium, observation planning and telescope control

ksuid/stable 1.0.4-2+b17 arm64
  K-Sortable Globally Unique IDs (program)

ksystemlog/stable 4:25.04.0-1 arm64
  system log viewer

ktexteditor-data/stable 5.116.0-1 all
  provide advanced plain text editing services

ktexteditor-katepart/stable 5.116.0-1 arm64
  provide advanced plain text editing services

kthresher/stable 1.4.1-3 all
  Purge Unused Kernels

ktorrent/stable 25.04.0-1 arm64
  BitTorrent client based on the KDE platform

ktorrent-data/stable 25.04.0-1 all
  KTorrent data and other architecture independent files

kuttypy-gui/stable 2.3-2 all
  Graphic user interface to interact with KuttyPy

kwartz-client/stable 3.0-17 all
  Configuration of a Kwartz client

kylin-burner/stable 3.0.11-2 arm64
  CD/DVD burning application for UKUI

l2tpns/stable 2.4.1-3 arm64
  layer 2 tunnelling protocol network server (LNS)

l3afpad/stable 0.8.18.1.11-4+b2 arm64
  Simple text editor forked from Leafpad

lacheck/stable 1.26-17.1+b1 arm64
  Simple syntax checker for LaTeX

lacme/stable 0.8.3-1 all
  ACME client written with process isolation and minimal privileges in mind

lacme-accountd/stable 0.8.3-1 all
  lacme account key manager

ladspalist/stable 3.13.0~repack-1+b2 arm64
  List LADSPA plugins for use by LADSPA UGen

latex-cjk-all/stable 4.8.5-1 all
  installs all LaTeX CJK packages

latex-cjk-chinese/stable 4.8.5-1+b2 arm64
  Chinese module of LaTeX CJK

latex-cjk-japanese/stable 4.8.5-1+b2 arm64
  Japanese module of LaTeX CJK

latex-cjk-japanese-wadalab/stable 0.20050817-20 all
  type1 and tfm DNP Japanese fonts for latex-cjk

latex-cjk-thai/stable 4.8.5-1 all
  Thai module of LaTeX CJK

latex2rtf/stable 2.3.18a-5+b1 arm64
  Converts documents from LaTeX to RTF format

lazarus/stable 4.0+dfsg-3 all
  IDE for Free Pascal - SDK dependency package

lazarus-4.0/stable 4.0+dfsg-3 all
  IDE for Free Pascal - suite

lazarus-doc/stable 4.0+dfsg-3 all
  IDE for Free Pascal - documentation dependency package

lazarus-doc-4.0/stable 4.0+dfsg-3 all
  IDE for Free Pascal - documentation

lazarus-ide/stable 4.0+dfsg-3 all
  IDE for Free Pascal - dependency package

lazarus-ide-4.0/stable 4.0+dfsg-3+b1 arm64
  IDE for Free Pascal - common IDE files

lazarus-ide-gtk2/stable 4.0+dfsg-3 all
  IDE for Free Pascal - Last GTK+ version dependency package

lazarus-ide-gtk2-4.0/stable 4.0+dfsg-3+b1 arm64
  IDE for Free Pascal - GTK+ version

lazarus-ide-qt5/stable 4.0+dfsg-3 all
  IDE for Free Pascal - Last Qt version dependency package

lazarus-ide-qt5-4.0/stable 4.0+dfsg-3+b1 arm64
  IDE for Free Pascal - Qt version

lazarus-src/stable 4.0+dfsg-3 all
  IDE for Free Pascal - LCL source code dependency package

lazarus-src-4.0/stable 4.0+dfsg-3 all
  IDE for Free Pascal - LCL source code

lcl/stable 4.0+dfsg-3+b1 arm64
  Lazarus Components Library - LCL dependency package

lcl-4.0/stable 4.0+dfsg-3+b1 arm64
  Lazarus Components Library - LCL suite

lcl-gtk2/stable 4.0+dfsg-3+b1 arm64
  Lazarus Components Library - GTK+ backend dependency package

lcl-gtk2-4.0/stable 4.0+dfsg-3+b1 arm64
  Lazarus Components Library - GTK+ backend

lcl-nogui/stable 4.0+dfsg-3+b1 arm64
  Lazarus Components Library - no GUI backend dependency package

lcl-nogui-4.0/stable 4.0+dfsg-3+b1 arm64
  Lazarus Components Library - no GUI backend

lcl-qt5/stable 4.0+dfsg-3+b1 arm64
  Lazarus Components Library - Qt backend dependency package

lcl-qt5-4.0/stable 4.0+dfsg-3+b1 arm64
  Lazarus Components Library - Qt backend

lcl-units/stable 4.0+dfsg-3+b1 arm64
  Lazarus Components Library - backend independent components dependency package

lcl-units-4.0/stable 4.0+dfsg-3+b1 arm64
  Lazarus Components Library - backend independent components

lcl-utils/stable 4.0+dfsg-3 all
  Lazarus Components Library - command line build tools dependency package

lcl-utils-4.0/stable 4.0+dfsg-3+b1 arm64
  Lazarus Components Library - command line build tools

ldap-account-manager-lamdaemon/stable 9.0-1 all
  Quota and home directory management for LDAP Account Manager

ldap2dns/stable 0.3.1-6+b2 arm64
  LDAP based DNS management system

ldb-tools/stable 2:2.11.0+samba4.22.10+dfsg-0+deb13u1 arm64
  LDAP-like embedded database - tools

ldraw-mklist/stable 2502+dfsg-2 arm64
  LDraw mklist program

ledger/stable 3.3.2-1+b5 arm64
  command-line double-entry accounting program

ledger-autosync/stable 1.2.0-1 all
  automated synchronization between OFX providers and ledger files

ledger-wallets-udev/stable 0.3+nmu1 all
  udev rules for Ledger wallets

ledger2beancount/stable 2.7-1 all
  Convert Ledger-based textual ledgers to Beancount ones

ledgerhelpers/stable 0.3.10-3 all
  collection of helper programs and a helper library for ledger

ledit/stable 2.04-8+b12 arm64
  line editor for interactive programs

ledmon/stable 0.97-1.2+b1 arm64
  Enclosure LED Utilities

leds-alix-dkms/stable 0.0.1-5 all
  Source for the LEDs driver of PCEngines ALIX 2/3 boards (dkms)

leds-alix-source/stable 0.0.1-5 all
  Source for the LEDs driver of PCEngines ALIX 2/3 boards

leela-zero/stable 0.17-1+b5 arm64
  Go engine with no human-provided knowledge, modeled after the AlphaGo Zero paper

leocad/stable 23.03-3 arm64
  virtual brick CAD software

lf/stable 34+ds-2+b1 arm64
  terminal file manager written in Go

lib1305-1/stable 0~20250415-1 arm64
  Poly1305 one-time authenticator microlibrary - shared library

lib25519-1/stable 0~20241004-2 arm64
  microlibrary X25519/Ed25519 - shared library

lib25519-dev/stable 0~20241004-2 arm64
  microlibrary X25519/Ed25519 - development files

lib32ubsan1-amd64-cross/stable 14.2.0-19cross1 all
  UBSan -- undefined behaviour sanitizer (32bit)

lib32ubsan1-ppc64-cross/stable 14.2.0-19cross1 all
  UBSan -- undefined behaviour sanitizer (32bit)

lib32ubsan1-s390x-cross/stable 14.2.0-19cross1 all
  UBSan -- undefined behaviour sanitizer (32bit)

lib32ubsan1-sparc64-cross/stable 14.2.0-19cross1 all
  UBSan -- undefined behaviour sanitizer (32bit)

lib32ubsan1-x32-cross/stable 14.2.0-19cross1 all
  UBSan -- undefined behaviour sanitizer (32bit)

lib4ti2-0t64/stable 1.6.10+ds-1.1+b2 arm64
  mathematical tool suite for problems on linear spaces -- libs

lib64ubsan1-i386-cross/stable 14.2.0-19cross1 all
  UBSan -- undefined behaviour sanitizer (64bit)

lib64ubsan1-powerpc-cross/stable 14.2.0-19cross1 all
  UBSan -- undefined behaviour sanitizer (64bit)

lib64ubsan1-x32-cross/stable 14.2.0-19cross1 all
  UBSan -- undefined behaviour sanitizer (64bit)

libace-inet-ssl-8.0.2/stable 8.0.2+dfsg-2 arm64
  ACE SSL-enabled Inet protocol library

libace-inet-ssl-dev/stable 8.0.2+dfsg-2 arm64
  ACE SSL-enabled Inet protocol library - development files

libacme-eyedrops-perl/stable 1.62-3 all
  funny way for visual programming in Perl

libactivemq-activeio-java/stable 3.1.4-4 all
  ActiveMQ ActiveIO protocol implementation framework

libactivemq-java/stable 5.17.6+dfsg-2 all
  Java message broker core libraries

libactivemq-protobuf-java/stable 1.1-8 all
  ActiveMQ Protocol Buffers Maven plugin

libadns1-dbg/stable 1.6.1-1+b1 arm64
  Asynchronous-capable DNS client library (debugging symbols)

libadns1-dev/stable 1.6.1-1+b1 arm64
  Asynchronous-capable DNS client library (development)

libadns1t64/stable 1.6.1-1+b1 arm64
  Asynchronous-capable DNS client library

libags-gui7t64/stable 7.7.5-1 arm64
  Advanced Gtk+ Sequencer widget library

libahven-dev/stable 2.8-11 arm64
  Unit test library for Ada (development)

libahven-doc/stable 2.8-11 all
  Unit test library for Ada (documentation)

libahven31/stable 2.8-11 arm64
  Unit test library for Ada

libai-decisiontree-perl/stable 0.11-2+b4 arm64
  module to create decision trees from training data

libalgorithm-svm-perl/stable 0.13-4+b3 arm64
  bindings for the libsvm Support Vector Machine library

libalien-gnuplot-perl/stable 1.043-1+b1 arm64
  module to find and validate the gnuplot executable

libalien-sdl-dev-perl/stable 1.446-4 all
  helper  to build  Perl program using SDL libraries

libalien-sdl-perl/stable 1.446-4 all
  helper to get, build and use SDL libraries

libalien-wxwidgets-perl/stable 0.69+dfsg-8+b2 arm64
  Perl module for locating wxWidgets binaries

libalure-dev/stable 1.2-10+b1 arm64
  AL Utilities REtooled (development files)

libalure1/stable 1.2-10+b1 arm64
  AL Utilities REtooled (shared library)

libament-index-cpp-dev/stable 1.10.1-1 arm64
  Fast resource indexing for ROS 2 packages (C++ headers)

libament-index-cpp0d/stable 1.10.1-1 arm64
  Fast resource indexing for ROS 2 packages (C++ library)

libangelscript-addon2.35.1t64/stable 2.35.1+ds-3.1+b2 arm64
  game-oriented interpreted compiled scripting language (addon)

libangelscript2.35.1t64/stable 2.35.1+ds-3.1+b2 arm64
  game-oriented interpreted compiled scripting language

libanimal-sniffer-java/stable 1.16-2 all
  JDK/API verification tools

libann-cctbx-dev/stable 1.1.2+doc-9+b2 arm64
  Approximate Nearest Neighbor Searching library (cctbx development files)

libann-cctbx0/stable 1.1.2+doc-9+b2 arm64
  Approximate Nearest Neighbor Searching library (cctbx variant)

libann-dev/stable 1.1.2+doc-9+b2 arm64
  Approximate Nearest Neighbor Searching library (development files)

libann0/stable,now 1.1.2+doc-9+b2 arm64 [installed,automatic]
  Approximate Nearest Neighbor Searching library

libantlr3c-3.4-0/stable 3.4+dfsg-4+b2 arm64
  ANTLR v3 parser generator C runtime

libantlr3c-antlrdbg-3.4-0/stable 3.4+dfsg-4+b2 arm64
  ANTLR v3 parser generator C runtime with ANTLR debugger

libany-uri-escape-perl/stable 0.01-4 all
  module to load URI::Escape::XS preferentially over URI::Escape

libanyevent-aio-perl/stable 1.1-2 all
  Perl module to seamlessly integrate IO::AIO into AnyEvent

libanyevent-callback-perl/stable 0.06-1.1 all
  callback aggregator for AnyEvent watchers

libapache-asp-perl/stable 2.63-2 all
  perl Apache::ASP - Active Server Pages for Apache with mod_perl

libapache2-mod-auth-mellon/stable 0.19.1-1+b1 arm64
  SAML 2.0 authentication module for Apache

libapache2-mod-netcgi-apache/stable 4.1.9-6+b3 arm64
  OCaml application-level Internet libraries - netcgi2 Apache2 connector

libapache2-mod-parser3/stable 3.5.1-2 arm64
  Parser 3, HTML-embedded scripting language (Apache2 module)

libapache2-mod-perl2/stable 2.0.13-2+b2 arm64
  Integration of perl with the Apache2 web server

libapache2-mod-perl2-dev/stable 2.0.13-2 all
  Integration of perl with the Apache2 web server - development files

libapache2-mod-perl2-doc/stable 2.0.13-2 all
  Integration of perl with the Apache2 web server - documentation

libapache2-mod-php8.4/stable 8.4.23-1~deb13u1 arm64
  server-side, HTML-embedded scripting language (Apache 2 module)

libapophenia2t64/stable 1.0+ds-10 arm64
  Apophenia Statistical C Library -- library package

libapp-info-perl/stable 0.57-4 all
  module to provide metadata about software packages installed

libapp-rad-perl/stable 1.05-4 all
  Perl module for rapid and easy creation of command line applications

libappstream-compose-dev/stable 1.0.5-1 arm64
  Building blocks to compose AppStream metadata (development files)

libappstream-compose0/stable 1.0.5-1 arm64
  Building blocks to compose AppStream metadata

libappstream-dev/stable 1.0.5-1 arm64
  Library to access AppStream services (development files)

libappstream5/stable,now 1.0.5-1 arm64 [installed,automatic]
  Library to access AppStream services

libappstreamqt-dev/stable 1.0.5-1 arm64
  Qt6 library to access AppStream services (development files)

libappstreamqt3/stable 1.0.5-1 arm64
  Qt6 library to access AppStream services

libappstreamqt5-3/stable 1.0.5-1 arm64
  Qt5 library to access AppStream services

libappstreamqt5-dev/stable 1.0.5-1 arm64
  Qt5 library to access AppStream services (development files)

libarray-base-perl/stable 0.006-5 arm64
  array index offseting

libasl-dev/stable 0.1.7-4.1+b5 arm64
  development files for ASL

libasl0t64/stable 0.1.7-4.1+b5 arm64
  multiphysics simulation software

libasmjit-dev/stable 0.0~git20231115.1da9e4d-1+b1 arm64
  Complete x86/x64 JIT and AOT Assembler for C++ (development files)

libassuan-dev/stable 3.0.2-2 arm64
  IPC library for the GnuPG components -- header files

libassuan-mingw-w64-dev/stable 3.0.2-2 all
  IPC library for the GnuPG components -- Windows port

libassuan9/stable,now 3.0.2-2 arm64 [installed,automatic]
  IPC library for the GnuPG components

libaudio-ecasound-perl/stable 1.01-5+b4 arm64
  Perl binding to the ecasound sampler, recorder, fx-processor

libaudio-scrobbler-perl/stable 0.01-3 all
  perl interface to audioscrobbler.com/last.fm

libaugeas0/stable 1.14.1-1.1~deb13u1 arm64
  Augeas configuration editing library and API

libauthen-oath-perl/stable 2.0.1-2 all
  Perl module for OATH One Time Passwords

libautobox-list-util-perl/stable 20090629-4 all
  Perl module providing List::Util functions as methods on arrays

libayatana-appindicator3-1/stable 0.5.94-1 arm64
  Ayatana Application Indicators (GTK-3+ version)

libb-hooks-op-check-entersubforcv-perl/stable 0.10-3+b2 arm64
  Invoke callbacks on construction of entersub OPs for certain CVs

libbamtools-dev/stable 2.5.2+dfsg-6+b1 arm64
  C++ API for manipulating BAM (genome alignment) files

libbamtools-doc/stable 2.5.2+dfsg-6 all
  docs for dynamic library for manipulating BAM (genome alignment) files

libbamtools2.5.2/stable 2.5.2+dfsg-6+b1 arm64
  dynamic library for manipulating BAM (genome alignment) files

libbarcode-code128-perl/stable 2.21-3 all
  Perl library to generate CODE 128 bar codes

libbatik-java/stable 1.18+dfsg-2 all
  xml.apache.org SVG Library

libbctoolbox-dev/stable 5.3.105-1 arm64
  Helper code for software by Belledonne Communications (development headers)

libbctoolbox2/stable 5.3.105-1 arm64
  Helper library for software by Belledonne Communications (shared library)

libbearssl-dev/stable 0.6+dfsg.1-4 arm64
  BearSSL - development files

libbearssl0/stable 0.6+dfsg.1-4 arm64
  BearSSL - shared libraries

libbelcard-dev/stable 5.3.105-3 arm64
  VCard standard format manipulation library (development headers)

libbelcard1/stable 5.3.105-3 arm64
  VCard standard format manipulation library

libbellesip-dev/stable 5.3.105+dfsg-4 arm64
  SIP stack from the Linphone team (development files)

libbellesip3/stable 5.3.105+dfsg-4 arm64
  SIP stack from the Linphone team

libbelr-dev/stable 5.3.105-2 arm64
  language recognition library by Belledonne Communications (development headers)

libbelr1/stable 5.3.105-2 arm64
  language recognition library by Belledonne Communications

libbenchmark-apps-perl/stable 0.05-3 all
  simple module to benchmark applications

libbest-perl/stable 0.17-1 all
  fallbackable module loader

libbfb0-dev/stable 0.24-10+b3 arm64
  bfb protocol library - development files

libbfb0t64/stable 0.24-10+b3 arm64
  bfb protocol library

libbg-dev/stable 2.04+dfsg-8+b8 arm64
  This package contains a collection of libraries (development)

libbg2/stable 2.04+dfsg-8+b8 arm64
  This package contains a collection of libraries (libraries)

libbg2-doc/stable 2.04+dfsg-8 all
  This package contains a collection of libraries (documentation)

libbiblio-counter-perl/stable 0.11-2 all
  modules for handling COUNTER reports

libbiblio-endnotestyle-perl/stable 0.06-3 all
  Perl module to format bibliographic references using Endnote-like templates

libbiblio-isis-perl/stable 0.24-2 all
  module to read CDS/ISIS, WinISIS and IsisMarc databases

libbiblio-thesaurus-modrewrite-perl/stable 0.03-2 all
  module to manipulate ontologies

libbidi-clojure/stable 2.1.6-2 all
  bidirectional URI routing for Clojure

libbifrost-dev/stable 1.3.1-1+b1 arm64
  static library and header files for libbifrost

libbifrost0/stable 1.3.1-1+b1 arm64
  library for parallel construction, indexing and querying of de Bruijn graphs

libbind-config-parser-perl/stable 0.01-1.1 all
  parser for BIND Config files

libbiniou-ocaml/stable 1.2.2-4+b3 arm64
  flexible binary data format in OCaml - plugins

libbiniou-ocaml-dev/stable 1.2.2-4+b3 arm64
  flexible binary data format in OCaml - development files

libbio-procedural-perl/stable 1.7.4-5 all
  Simple low-dependency procedural interfaces to BioPerl

libblas-test/stable 3.12.1-6 arm64
  Basic Linear Algebra Subroutines 3, testing programs

libblas64-3/stable 3.12.1-6 arm64
  Basic Linear Algebra Reference implementations, shared library (64bit-index)

libblas64-dev/stable 3.12.1-6 arm64
  Basic Linear Algebra Subroutines 3, static library (64bit-index)

libblas64-test/stable 3.12.1-6 arm64
  Basic Linear Algebra Subroutines 3, testing programs (64bit-index)

libboost-fiber-dev/stable 1.83.0.2+b2 arm64
  cooperatively-scheduled micro-/userland-threads (default version)

libboost-fiber1.83-dev/stable 1.83.0-4.2 arm64
  cooperatively-scheduled micro-/userland-threads

libboost-fiber1.83.0/stable 1.83.0-4.2 arm64
  cooperatively-scheduled micro-/userland-threads

libboost-fiber1.88-dev/stable 1.88.0-1 arm64
  cooperatively-scheduled micro-/userland-threads

libboost-fiber1.88.0/stable 1.88.0-1 arm64
  cooperatively-scheduled micro-/userland-threads

libboost-json-dev/stable 1.83.0.2+b2 arm64
  C++ containers and algorithms that implement JSON (default version)

libboost-json1.83-dev/stable 1.83.0-4.2 arm64
  C++ containers and algorithms that implement JSON

libboost-json1.83.0/stable 1.83.0-4.2 arm64
  C++ containers and algorithms that implement JSON

libboost-json1.88-dev/stable 1.88.0-1 arm64
  C++ containers and algorithms that implement JSON

libboost-json1.88.0/stable 1.88.0-1 arm64
  C++ containers and algorithms that implement JSON

libbot-training-perl/stable 0.07-4 all
  text training material for bots

libbread-board-perl/stable 0.37-2 all
  solderless way to wire up your application components

libbs2b-bin/stable 3.1.0+dfsg-8+b1 arm64
  Bauer stereophonic-to-binaural DSP library (binary tools)

libbs2b-dev/stable 3.1.0+dfsg-8+b1 arm64
  Bauer stereophonic-to-binaural DSP library development files

libbs2b0/stable 3.1.0+dfsg-8+b1 arm64
  Bauer stereophonic-to-binaural DSP library

libbsd0/stable,now 0.12.2-2 arm64 [installed,automatic]
  utility functions from BSD systems - shared library

libbudgie-appindexer0/stable 10.9.2-8 arm64
  Menu library for budgie-desktop

libbusiness-onlinepayment-perl/stable 3.05-2 all
  Perl extension for online payment processing

libbuteosyncfw5-0/stable 0.11.10-1 arm64
  Buteo Synchronization Framework (plugin API library)

libbuteosyncfw5-dev/stable 0.11.10-1 arm64
  Buteo Synchronization Framework (client library header files)

libbuteosyncfw5-doc/stable 0.11.10-1 all
  Buteo Synchronization Framework (API documentation)

libc-bin/stable,now 2.41-12+deb13u3 arm64 [installed]
  GNU C Library: Binaries

libcache-fastmmap-perl/stable 1.58-1 arm64
  Perl module providing a mmap'ed cache

libcairo2-ocaml/stable 0.6.5-2+b2 arm64
  OCaml binding for Cairo (runtime library)

libcall-context-perl/stable 0.05-1 all
  module to sanity-check calling context

libcanary-stability-perl/stable 2013-1 all
  canary to check perl compatibility for schmorp's modules

libcapstone5/stable 5.0.7-1~deb13u1 arm64
  lightweight multi-architecture disassembly framework - library

libcarp-fix-1-25-perl/stable 1.000001-4 all
  Perl module to smooth over incompatible changes in Carp 1.25

libcatalyst-log-log4perl-perl/stable 1.06-5 all
  logging module for Catalyst (deprecated)

libcatalyst-model-dbi-perl/stable 0.32-3 all
  Database model class for Catalyst

libcatalyst-plugin-stacktrace-perl/stable 0.12-4 all
  Catalyst plugin for displaying a stack trace on the debug screen

libcatch2-dev/stable 3.7.1-0.5 arm64
  C++ Automated Test Cases in Headers

libcatmandu-store-mongodb-perl/stable 0.0806-1 all
  searchable store backed by MongoDB

libccd-dev/stable 2.1-2+b2 arm64
  Library for collision detection between convex shapes - dev files

libccd2/stable 2.1-2+b2 arm64
  Library for collision detection between convex shapes - shared library

libcctbx-dev/stable 2024.10+ds2+~3.22.1+ds1-5 arm64
  Computational Crystallography Toolbox - headers

libcctbx0/stable 2024.10+ds2+~3.22.1+ds1-5 arm64
  Computational Crystallography Toolbox - runtime libraries

libcddb2/stable 1.3.2-7.1 arm64
  library to access CDDB data - runtime files

libcddb2-dev/stable 1.3.2-7.1 arm64
  library to access CDDB data - development files

libcds-savot-java/stable 4.0.0-2 all
  Simple Access to VOTable (SAVOT) library for Virtual Observatory

libcds-savot-java-doc/stable 4.0.0-2 all
  Simple Access to VOTable (SAVOT) library for Virtual Observatory documentation

libcereal-dev/stable 1.3.2+dfsg-5 arm64
  C++11 library for serialization

libcereal-doc/stable 1.3.2+dfsg-5 all
  C++11 library for serialization HTML documentation

libcfg-dev/stable 3.1.9-2+deb13u1 arm64
  cluster engine CFG library development

libcfg7/stable 3.1.9-2+deb13u1 arm64
  cluster engine CFG library

libcgi-application-extra-plugin-bundle-perl/stable 0.7 all
  bundle of extra CGI::Application plugins

libcgi-application-perl/stable 4.61+~1.21+~1.00+~1.01-1 all
  framework for building reusable web-applications

libcgi-application-plugin-authentication-perl/stable 0.25+~cs0.5-1 all
  authentication framework for CGI::Application

libcgi-application-plugin-captcha-perl/stable 0.04-4 all
  module providing CAPTCHA support in CGI::Application

libcgi-application-plugin-dbh-perl/stable 4.04-4 all
  plugin adding database support to CGI::Application

libcgi-application-plugin-fillinform-perl/stable 1.15-3 all
  plugin for CGI::Application to fill in forms

libcgi-application-plugin-logdispatch-perl/stable 1.02-3 all
  plugin that adds Log::Dispatch support to CGI::Application

libcgi-formbuilder-source-perl-perl/stable 0.01-3 all
  module to initialize FormBuilder applications from Perl files

libcgi-ssi-perl/stable 0.92-6 all
  Perl module to use SSI from CGI scripts

libcgi-struct-xs-perl/stable 1.04-3+b4 arm64
  Perl module to build structures from CGI data, XS version

libcgi-tiny-perl/stable 1.003-1 all
  module providing a modern interface to write CGI scripts

libcglm-dev/stable 0.9.6-1 arm64
  Development files for the cglm library

libchado-perl/stable 1.31-6 all
  database schema and tools for genomic data

libcharon-extra-plugins/stable 6.0.1-6+deb13u6 arm64
  strongSwan charon library (extra plugins)

libchi-memoize-perl/stable 0.07-2 all
  memoization implementation backed by CHI

libchise-dev/stable 0.3.0-2.5 arm64
  C language binding of CHISE, the character information database

libchise1t64/stable 0.3.0-2.5 arm64
  C language binding of CHISE, the character information database

libciftools-java/stable 6.0.0-1 all
  Java library to read and write CIF files

libclass-accessor-chained-perl/stable 0.01.1~debian-5 all
  Perl module providing chained accessors

libclass-accessor-named-perl/stable 0.009-2 all
  module to better profiling output for Class::Accessor

libclass-autouse-perl/stable 2.01-1.1 all
  module for deferring loading ('use'ing) of a class until run time

libclass-c3-xs-perl/stable,now 0.15-1+b6 arm64 [installed,automatic]
  Perl module to accelerate Class::C3

libclass-dbi-fromcgi-perl/stable 1.00-5.1 all
  Perl module to update Class::DBI data using CGI::Untaint

libclass-makemethods-perl/stable 1.01-7 all
  Perl module for generating common types of methods

libclass-ooorno-perl/stable 0.011-3 all
  Give your module classic AND OO interfaces

libclass-tiny-chained-perl/stable 0.004-2 all
  minimalist class construction module with chained attributes

libclass-trigger-perl/stable 0.15-2 all
  Mix-in to add/call inheritable triggers

libclass-whitehole-perl/stable 0.04-9 all
  base class to treat unhandled method calls as errors

libclassycle-java/stable 1.4.2-2 all
  Analysing tool for Java dependencies

libclassycle-java-doc/stable 1.4.2-2 all
  Analysing tool for Java dependencies - documentation

libclojure-java/stable 1.12.0-1 all
  Lisp dialect for the JVM (library)

libcmap-dev/stable 3.1.9-2+deb13u1 arm64
  cluster engine CMAP library development

libcmap4/stable 3.1.9-2+deb13u1 arm64
  cluster engine CMAP library

libcobra-java/stable 0.98.4-7 all
  Java HTML Renderer & Parser

libcode-tidyall-perl/stable 0.84~ds-2 all
  your all-in-one code tidier and validator

libcolor-scheme-perl/stable 1.08-1 all
  Perl module to generate pleasant color schemes

libcomedi0t64/stable 0.11.0+5-1.3+b1 arm64
  Library for Comedi

libcommons-csv-java/stable 1.9.0-1 all
  Library for reading and writing CSV files

libcommons-exec-java/stable 1.3-3 all
  Java library to reliably execute external processes from within the JVM

libcommons-jci-eclipse-java/stable 1.1-9 all
  common Java interface for various compilers - Eclipse JDT

libcommons-jci-groovy-java/stable 1.1-9 all
  common Java interface for various compilers - Groovy

libcommons-jci-janino-java/stable 1.1-9 all
  common Java interface for various compilers - Janino

libcommons-jci-java/stable 1.1-9 all
  common Java interface for various compilers - Core and FAM

libcommons-jci-rhino-java/stable 1.1-9 all
  common Java interface for various compilers - Javascript

libcompel-dev/stable 4.1.1-1 arm64
  execute arbitrary code in the context of a foreign process (development headers)

libcompel1/stable 4.1.1-1 arm64
  execute arbitrary code in the context of a foreign process (library)

libcompizconfig0/stable 2:0.8.18-3+b3 arm64
  Configuration settings library for compiz

libcompizconfig0-dev/stable 2:0.8.18-3+b3 arm64
  Configuration settings library for compiz - development files

libconcurrentqueue-dev/stable 1.0.4+ds-2 arm64
  industrial-strength lock-free queue for C++

libconfig-model-approx-perl/stable 1.012-2 all
  Approx proxy server configuration editor

libconfig-model-dpkg-perl/stable 3.014 all
  editor for Dpkg source files with validation

libconfig-model-lcdproc-perl/stable 2.055-2 all
  module to edit and validate LcdProc configuration file

libconfig-model-perl/stable 2.155-1 all
  module for describing and editing configuration data

libconfig-scoped-perl/stable 0.22-5 all
  Feature rich configuration file parser

libcontext-preserve-perl/stable 0.03-3 all
  Perl module to preserve calling context

libcontextual-return-perl/stable 0.004014-4 all
  module for creating context-sensitive return values

libcoq-mathcomp/stable 2.3.0-1+b7 arm64
  Mathematical Components library for Coq (all)

libcoq-mathcomp-algebra/stable 2.3.0-1+b7 arm64
  Mathematical Components library for Coq (algebra)

libcoq-mathcomp-character/stable 2.3.0-1+b7 arm64
  Mathematical Components library for Coq (character)

libcoq-mathcomp-field/stable 2.3.0-1+b7 arm64
  Mathematical Components library for Coq (field)

libcoq-mathcomp-fingroup/stable 2.3.0-1+b7 arm64
  Mathematical Components library for Coq (finite groups)

libcoq-mathcomp-solvable/stable 2.3.0-1+b7 arm64
  Mathematical Components library for Coq (finite groups II)

libcoq-mathcomp-ssreflect/stable 2.3.0-1+b7 arm64
  Mathematical Components library for Coq (small scale reflection)

libcore-cache-clojure/stable 1.0.225-2 all
  cache abstraction library for Clojure

libcoro-perl/stable 6.570-4 arm64
  Perl framework implementing coroutines

libcorosync-common-dev/stable 3.1.9-2+deb13u1 arm64
  cluster engine common development

libcorosync-common4/stable 3.1.9-2+deb13u1 arm64
  cluster engine common library

libcortado-java/stable 0.6.0-5 all
  streaming applet for Ogg formats -- shared components

libcothreads-ocaml-dev/stable 0.10-7+b2 arm64
  concurrent programming library for OCaml

libcpan-reporter-perl/stable 1.2020-1 all
  module which adds CPAN Testers reporting to CPAN.pm

libcpan-uploader-perl/stable 0.103018-1 all
  module to upload packages to the CPAN

libcpg-dev/stable 3.1.9-2+deb13u1 arm64
  cluster engine CPG library development

libcpg4/stable 3.1.9-2+deb13u1 arm64
  cluster engine CPG library

libcpprspserver-dev/stable 3.4.4-1.1+b2 arm64
  headers of the C++ RSerPool client/server API library

libcpprspserver3t64/stable 3.4.4-1.1+b2 arm64
  C++ RSerPool client/server API library

libcriterion-dev/stable 2.4.1-2+b3 arm64
  cross-platform C and C++ unit testing framework (development files)

libcriterion3/stable 2.4.1-2+b3 arm64
  cross-platform C and C++ unit testing framework

libcritnib-dev/stable 1.1-2+b2 arm64
  ordered map data structure with lock-free reads

libcritnib1/stable 1.1-2+b2 arm64
  ordered map data structure with lock-free reads

libcrypt-cast5-perl/stable 0.05-3+b4 arm64
  CAST5 block cipher

libcrypt-ecb-perl/stable 2.23-1 all
  Perl library to encrypt data using ECB mode

libcrypt-smbhash-perl/stable 0.12-4.1 all
  generate LM/NT hash of a password for samba

libcryptacular-java/stable 1.2.7-1 all
  high level, general purpose Java cryptographic library

libcryptacular-java-doc/stable 1.2.7-1 all
  high level, general purpose Java cryptographic library - documentation

libcrypto++8t64/stable 8.9.0-2 arm64
  General purpose cryptographic library - shared library

libcss-parser-pp0v5/stable 0.87-4+b2 arm64
  simple CSS1 parser library for C++

libcss-parser0/stable 0.87-4+b2 arm64
  simple CSS1 parser library for C

libcsv-java/stable 2.1-2 all
  CSV IO library for Java

libcsv-java-doc/stable 2.1-2 all
  CSV IO library for Java (documentation)

libcudf-dev/stable 0.10-6+b1 arm64
  C library to access descriptions of package upgrade problems

libcudf-ocaml-dev/stable 0.10-6+b1 arm64
  OCaml library to access descriptions of package upgrade problems

libcue-dev/stable 2.2.1-4.1+b2 arm64
  CUE Sheet Parser Library - development files

libcue2/stable 2.2.1-4.1+b2 arm64
  CUE Sheet Parser Library

libcupt4-2t64/stable 2.10.4+nmu2+b2 arm64
  flexible package manager -- runtime library

libcvd-dev/stable 0.0~git20221020150751.30e8cfc+ds1-1+b4 arm64
  C++ library for computer vision, image, and video processing - devel files

libcvd-tools/stable 0.0~git20221020150751.30e8cfc+ds1-1+b4 arm64
  C++ library for computer vision, image, and video processing - tools

libcvd2/stable 0.0~git20221020150751.30e8cfc+ds1-1+b4 arm64
  C++ library for computer vision, image, and video processing - shared library

libcwd-guard-perl/stable 0.05-4 all
  module for temporarily changing working directory (chdir)

libcwidget-dev/stable 0.5.18-6+b2 arm64
  high-level terminal interface library for C++ (development files)

libcwidget-doc/stable 0.5.18-6 all
  high-level terminal interface library for C++ (documentation)

libcwidget4/stable 0.5.18-6+b2 arm64
  high-level terminal interface library for C++ (runtime files)

libdancer-perl/stable 1.3521+dfsg-1 all
  effortless web application framework

libdancer-plugin-email-perl/stable 1.0400-2 all
  Simple email sending plugin for Dancer applications

libdancer-plugin-flashmessage-perl/stable 0.314-4 all
  Dancer plugin to display temporary, so called "flash messages"

libdart-all-dev/stable 6.13.2+ds-3+b1 arm64
  Kinematics Dynamics and Optimization Library - All Development Files

libdart-collision-bullet-dev/stable 6.13.2+ds-3+b1 arm64
  Kinematics Dynamics and Optimization Library - Bullet Collision Dev

libdart-collision-bullet6.13/stable 6.13.2+ds-3+b1 arm64
  Kinematics Dynamics and Optimization Library - Bullet Collision Library

libdart-collision-ode-dev/stable 6.13.2+ds-3+b1 arm64
  Kinematics Dynamics and Optimization Library - ODE Collision Dev

libdart-collision-ode6.13/stable 6.13.2+ds-3+b1 arm64
  Kinematics Dynamics and Optimization Library - ODE Collision Library

libdart-dev/stable 6.13.2+ds-3+b1 arm64
  Kinematics Dynamics and Optimization Library - development files

libdart-external-convhull-3d-dev/stable 6.13.2+ds-3+b1 arm64
  Kinematics Dynamics and Optimization Library - convhull-3d dev

libdart-external-ikfast-dev/stable 6.13.2+ds-3+b1 arm64
  Kinematics Dynamics and Optimization Library - ikfast dev

libdart-external-imgui-dev/stable 6.13.2+ds-3+b1 arm64
  Kinematics Dynamics and Optimization Library - imgui dev

libdart-external-imgui6.13/stable 6.13.2+ds-3+b1 arm64
  Kinematics Dynamics and Optimization Library - imgui lib

libdart-external-lodepng-dev/stable 6.13.2+ds-3+b1 arm64
  Kinematics Dynamics and Optimization Library - lodepng dev

libdart-external-lodepng6.13/stable 6.13.2+ds-3+b1 arm64
  Kinematics Dynamics and Optimization Library - lodepng lib

libdart-external-odelcpsolver-dev/stable 6.13.2+ds-3+b1 arm64
  Kinematics Dynamics and Optimization Library - odelcpsolver dev

libdart-external-odelcpsolver6.13/stable 6.13.2+ds-3+b1 arm64
  Kinematics Dynamics and Optimization Library - odelcpsolver lib

libdart-gui-dev/stable 6.13.2+ds-3+b1 arm64
  Kinematics Dynamics and Optimization Library - gui dev files

libdart-gui-osg-dev/stable 6.13.2+ds-3+b1 arm64
  Kinematics Dynamics and Optimization Library - gui-osg dev files

libdart-gui-osg6.13/stable 6.13.2+ds-3+b1 arm64
  Kinematics Dynamics and Optimization Library - gui-osg library

libdart-gui6.13/stable 6.13.2+ds-3+b1 arm64
  Kinematics Dynamics and Optimization Library - gui library

libdart-optimizer-ipopt-dev/stable 6.13.2+ds-3+b1 arm64
  Kinematics Dynamics and Optimization Library - ipopt optimizer dev

libdart-optimizer-ipopt6.13/stable 6.13.2+ds-3+b1 arm64
  Kinematics Dynamics and Optimization Library - ipopt optimizer lib

libdart-optimizer-nlopt-dev/stable 6.13.2+ds-3+b1 arm64
  Kinematics Dynamics and Optimization Library - nlopt optimizer dev

libdart-optimizer-nlopt6.13/stable 6.13.2+ds-3+b1 arm64
  Kinematics Dynamics and Optimization Library - nlopt optimizer lib

libdart-utils-dev/stable 6.13.2+ds-3+b1 arm64
  Kinematics Dynamics and Optimization Library - utils dev files

libdart-utils-urdf-dev/stable 6.13.2+ds-3+b1 arm64
  Kinematics Dynamics and Optimization Library - URDF Component Development Files

libdart-utils-urdf6.13/stable 6.13.2+ds-3+b1 arm64
  Kinematics Dynamics and Optimization Library - Utils URDF Library

libdart-utils6.13/stable 6.13.2+ds-3+b1 arm64
  Kinematics Dynamics and Optimization Library - utils library

libdart6.13/stable 6.13.2+ds-3+b1 arm64
  Kinematics Dynamics and Optimization Library - main library

libdata-compare-perl/stable 1.29-1 all
  perl module to compare perl data structures recursively

libdata-dump-perl/stable,now 1.25-1 all [installed,automatic]
  Perl module to help dump data structures

libdata-dumpxml-perl/stable 1.06-3 all
  module to dump arbitrary Perl data structures as XML

libdata-flow-perl/stable 1.02-4 all
  Perl extension for simple-minded recipe-controlled build of data

libdata-integer-perl/stable 0.007-1 all
  Perl modules handling details of the native integer data type

libdata-show-perl/stable 0.004001-1 all
  Perl module to dump data structures with name and point-of-origin

libdata-walk-perl/stable 2.01-2 all
  module to traverse Perl data structures

libdatabase-dumptruck-perl/stable 1.2-4 all
  document-oriented interface to a SQLite database

libdate-iso8601-perl/stable 0.005-4 all
  Perl handling of the three ISO 8601 numerical calendars

libdatetime-perl/stable,now 2:1.65-1+b2 arm64 [installed,automatic]
  module for manipulating dates, times and timestamps

libdatrie1/stable,now 0.2.13-3+b1 arm64 [installed,automatic]
  Double-array trie library

libdazzle-1.0-0/stable 3.44.0-3 arm64
  feature-filled library for GTK+ and GObject

libdazzle-1.0-dev/stable 3.44.0-3 arm64
  feature-filled library for GTK+ and GObject - development files

libdazzle-common/stable 3.44.0-3 all
  feature-filled library for GTK+ and GObject (common files)

libdbd-sqlite3-perl/stable,now 1.76-1 arm64 [installed,automatic]
  Perl DBI driver with a self-contained RDBMS

libdbix-class-htmlwidget-perl/stable 0.16-7 all
  DBIx::Class::HTMLWidget perl module

libdbix-profile-perl/stable 1.0-7 all
  DBI query profiler

libdbix-safe-perl/stable 1.2.5-4 all
  safe wrapper to DBI interface

libdbix-sequence-perl/stable 1.5-4 all
  simple SQL92 ID generator

libdcmtk-dev/stable 3.6.9-5+deb13u2 arm64
  OFFIS DICOM toolkit development libraries and headers

libdcmtk19/stable 3.6.9-5+deb13u2 arm64
  OFFIS DICOM toolkit runtime libraries

libdcontainers-dev/stable 0.9.0-2 arm64
  Containers backed by Phobos' experimental allocators

libdebbugs-perl/stable 2.6.4 all
  modules used by the active Debian BTS

libdebconf-kde-dev/stable 1.1.0-1+b3 arm64
  Development headers for the Debconf KDE library

libdebconf-kde1/stable 1.1.0-1+b3 arm64
  Debconf KDE GUI library

libdebconfclient0/stable,now 0.280 arm64 [installed]
  Debian Configuration Management System (C-implementation library)

libdebconfclient0-dev/stable 0.280 arm64
  Development files for cdebconf

libdevel-backtrace-perl/stable 0.12-3 all
  Object-oriented backtrace

libdevel-callsite-perl/stable 1.0.1-2+b4 arm64
  Perl module to get caller return OP address and Perl interpreter context

libdevel-cover-report-clover-perl/stable 1.01-3 all
  backend for Clover reporting of coverage statistics

libdevel-declare-perl/stable 0.006022-1+b6 arm64
  module to add new syntax to Perl

libdevel-dprof-perl/stable 20110802.00-5+b4 arm64
  deprecated Perl code profiler

libdevel-dumpvar-perl/stable 1.06-1.1 all
  Perl module to dump Perl variables

libdevel-hide-perl/stable 0.0015-2 all
  module for forcing the unavailability of specified Perl modules (for testing)

libdevel-leak-perl/stable 0.03-4+b4 arm64
  utility for looking for perl objects that are not reclaimed

libdevel-nytprof-perl/stable 6.14+dfsg-1+b3 arm64
  Perl statement and subroutine code profiler

libdevel-profile-perl/stable 1.05-5 all
  Perl code profiler

libdevel-strictmode-perl/stable 0.003-4 all
  determine whether strict (but slow) tests should be enabled

libdevmapper-dev/stable 2:1.02.205-2 arm64
  Linux Kernel Device Mapper header files

libdevmapper-event1.02.1/stable 2:1.02.205-2 arm64
  Linux Kernel Device Mapper event support library

libdevmapper1.02.1/stable 2:1.02.205-2 arm64
  Linux Kernel Device Mapper userspace library

libdisplay-info-bin/stable 0.2.0-2 arm64
  EDID and DisplayID library (utils)

libdisplay-info-dev/stable 0.2.0-2 arm64
  EDID and DisplayID library (development files)

libdisplay-info2/stable 0.2.0-2 arm64
  EDID and DisplayID library (shared library)

libdist-inkt-perl/stable 0.026-2 all
  yet another distribution builder

libdist-inkt-role-test-perl/stable 0.002-3 all
  run various tests on a distribution at build time

libdist-zilla-app-command-authordebs-perl/stable 1.01 all
  List or install Dist::Zilla authors dependencies as Debian packages

libdist-zilla-perl/stable 6.032-1 all
  Perl distribution builder

libdist-zilla-plugin-checkbin-perl/stable 0.008-2 all
  Dist::Zilla plugin for checking presence of command at build time

libdist-zilla-plugin-checkextratests-perl/stable 0.029-3 all
  dzil command to check xt tests before release

libdist-zilla-plugin-ourpkgversion-perl/stable 1:0.21-2 all
  alternative to DZP::PkgVersion with "our" and no line insertion

libdist-zilla-plugin-test-reportprereqs-perl/stable 0.029-1 all
  module to report on prerequisite versions during automated testing

libdjconsole-data/stable 0.1.3-3.2 all
  Hercules DJ Console access library - data files

libdjconsole-dev/stable 0.1.3-3.2+b1 arm64
  Hercules DJ Console access library - development headers

libdjconsole0/stable 0.1.3-3.2+b1 arm64
  Hercules DJ Console access library

libdolphinvcs-dev/stable 4:25.04.3-1+deb13u1 arm64
  library to show version control in Dolphin - development files

libdolphinvcs6/stable 4:25.04.3-1+deb13u1 arm64
  library to show version control in Dolphin

libdpkg-perl/stable 1.22.22 all
  Dpkg perl modules

libdsdcc1t64/stable 1.9.3-2.1+b1 arm64
  Digital Speech Decoder (DSD)

libdsk-utils/stable 1.5.9+dfsg-1+b2 arm64
  library for accessing discs and disc image file (utilities)

libdsk4/stable 1.5.9+dfsg-1+b2 arm64
  library for accessing discs and disc image file

libdsk4-dev/stable 1.5.9+dfsg-1+b2 arm64
  library for accessing discs and disc image file (development headers)

libdssialsacompat-dev/stable 1.0.8a-2.1 arm64
  DSSI ALSA compatibility library (development files)

libdssialsacompat0t64/stable 1.0.8a-2.1 arm64
  DSSI ALSA compatibility library for non-Linux platforms

libdvdread8t64/stable 6.1.3-2 arm64
  library for reading DVDs

libe-book-0.1-1/stable 0.1.3-2+b4 arm64
  library for reading and converting various  e-book formats

libe-book-dev/stable 0.1.3-2+b4 arm64
  library for reading and converting various  e-book formats

libeantic3/stable 2.0.2+ds-2+b1 arm64
  real Embedded Algebraic Number Theory In C/C++ - libs

libeasy-format-ocaml/stable 1.3.4-3+b4 arm64
  easy(ier) pretty printing for OCaml - plugins

libeasy-format-ocaml-dev/stable 1.3.4-3+b4 arm64
  easy(ier) pretty printing for OCaml - development files

libecap3/stable 1.0.1-4 arm64
  eCAP library

libecap3-dev/stable 1.0.1-4 arm64
  eCAP development libraries

libecasoundc-dev/stable 2.9.3-4+b5 arm64
  multitrack-capable audio recorder and effect processor (C dev library)

libecasoundc1v5/stable 2.9.3-4+b5 arm64
  multitrack-capable audio recorder and effect processor (C library)

libeclipse-core-commands-java/stable 3.11.100+eclipse4.29-1 all
  Eclipse Commands

libeclipse-core-databinding-beans-java/stable 1.10.100+eclipse4.29-1 all
  Eclipse JFace Data Binding for JavaBeans

libeclipse-core-databinding-java/stable 1.13.100+eclipse4.29-1 all
  Eclipse JFace Data Binding

libeclipse-core-databinding-observable-java/stable 1.13.100+eclipse4.29-1 all
  Eclipse JFace Data Binding Observables

libeclipse-core-databinding-property-java/stable 1.10.100+eclipse4.29-1 all
  Eclipse JFace Data Binding Properties

libeclipse-e4-core-commands-java/stable 1.1.100+eclipse4.29-1 all
  Eclipse e4 core commands

libeclipse-e4-emf-xpath-java/stable 0.4.100+eclipse4.29-1 all
  Eclipse EMF XPath

libeclipse-e4-ui-bindings-java/stable 0.14.100+eclipse4.29-1 all
  Eclipse Bindings Support

libeclipse-e4-ui-css-core-java/stable 0.14.100+eclipse4.29-1 all
  Eclipse CSS Core Support

libeclipse-e4-ui-css-swt-java/stable 0.15.100+eclipse4.29-1 all
  Eclipse CSS SWT Support

libeclipse-e4-ui-css-swt-theme-java/stable 0.14.100+eclipse4.29-1 all
  Eclipse CSS SWT Theme Support

libeclipse-e4-ui-di-java/stable 1.5.100+eclipse4.29-1 all
  Eclipse UI Dependency Injection

libeclipse-e4-ui-dialogs-java/stable 1.4.100+eclipse4.29-1 all
  Eclipse e4 dialogs

libeclipse-e4-ui-ide-java/stable 3.17.100+eclipse4.29-1 all
  Eclipse e4 IDE UI

libeclipse-e4-ui-model-workbench-java/stable 2.4.100+eclipse4.29-1 all
  Eclipse Workbench Model

libeclipse-e4-ui-progress-java/stable 0.4.100+eclipse4.29-1 all
  Eclipse e4 Progress View

libeclipse-e4-ui-services-java/stable 1.6.100+eclipse4.29-1 all
  Eclipse UI Application Services

libeclipse-e4-ui-swt-gtk-java/stable 1.2.0+eclipse4.29-1 all
  Eclipse UI GTK Enhancements

libeclipse-e4-ui-widgets-java/stable 1.4.0+eclipse4.29-1 all
  Eclipse UI Custom widgets

libeclipse-e4-ui-workbench-addons-swt-java/stable 1.5.100+eclipse4.29-1 all
  Eclipse e4 Workbench Add-ons

libeclipse-e4-ui-workbench-java/stable 1.15.100+eclipse4.29-1 all
  Eclipse e4 Workbench

libeclipse-e4-ui-workbench-renderers-swt-java/stable 0.16.100+eclipse4.29-1 all
  Eclipse e4 Workbench SWT Renderer

libeclipse-e4-ui-workbench-swt-java/stable 0.17.100+eclipse4.29-1 all
  Eclipse e4 Workbench SWT

libeclipse-e4-ui-workbench3-java/stable 0.17.100+eclipse4.29-1 all
  Bundle for Workbench APIs available in e4

libeclipse-jface-databinding-java/stable 1.15.100+eclipse4.29-1 all
  Eclipse JFace Data Binding for SWT and JFace

libeclipse-jface-java/stable 3.31.0+eclipse4.29-1 all
  Eclipse JFace

libeclipse-jface-notifications-java/stable 0.6.100+eclipse4.29-1 all
  Eclipse JFace Notification API

libeclipse-ui-browser-java/stable 3.8.100+eclipse4.29-1 all
  Eclipse Browser Support

libeclipse-ui-forms-java/stable 3.13.0+eclipse4.29-1 all
  Eclipse UI forms

libeclipse-ui-ide-application-java/stable 1.5.100+eclipse4.29-1 all
  Eclipse IDE UI Application

libeclipse-ui-ide-java/stable 3.21.100+eclipse4.29-1 all
  Eclipse IDE UI

libeclipse-ui-java/stable 3.204.0+eclipse4.29-1 all
  Eclipse UI

libeclipse-ui-monitoring-java/stable 1.3.100+eclipse4.29-1 all
  Eclipse UI Responsiveness Monitoring

libeclipse-ui-navigator-java/stable 3.12.100+eclipse4.29-1 all
  Eclipse Common Navigator View

libeclipse-ui-navigator-resources-java/stable 3.9.100+eclipse4.29-1 all
  Eclipse Navigator Workbench Components

libeclipse-ui-themes-java/stable 1.2.2300+eclipse4.29-1 all
  Eclipse SDK Themes

libeclipse-ui-views-java/stable 3.12.100+eclipse4.29-1 all
  Eclipse Views

libeclipse-ui-views-properties-tabbed-java/stable 3.10.100+eclipse4.29-1 all
  Eclipse Tabbed Properties View

libeclipse-ui-workbench-java/stable 3.130.0+eclipse4.29-1 all
  Eclipse Workbench

libeclipse-urischeme-java/stable 1.3.100+eclipse4.29-1 all
  Eclipse URI Scheme Handling

libedataserver-1.2-27t64/stable 3.56.2-0+deb13u1 arm64
  Utility library for evolution data servers

libedataserver1.2-dev/stable 3.56.2-0+deb13u1 arm64
  Utility library for evolution data servers (development files)

libedataserverui-1.2-4t64/stable 3.56.2-0+deb13u1 arm64
  Utility library for evolution data servers

libedataserverui1.2-dev/stable 3.56.2-0+deb13u1 arm64
  Utility library for evolution data servers (development files)

libedataserverui4-1.0-0t64/stable 3.56.2-0+deb13u1 arm64
  GTK4 utility library for evolution data servers

libedataserverui4-dev/stable 3.56.2-0+deb13u1 arm64
  GTK4 Utility library for evolution data server (development files)

libei-tests/stable 1.3.901-1 arm64
  Emulated Input client library - installed tests

libejml-java/stable 0.41+ds-2 all
  Efficient Java Matrix Library

libelemental-dev/stable 2.0.2-1.1+b2 arm64
  Periodic Table viewer (development files)

libelemental-doc/stable 2.0.2-1.1 all
  Periodic Table viewer (API documentation)

libelemental0t64/stable 2.0.2-1.1+b2 arm64
  Periodic Table viewer (data and shared library)

libemail-outlook-message-perl/stable 0.921-1 all
  module for reading Outlook .msg files

libembryo-bin/stable 1.28.1-1 arm64
  EFL SMALL-based abstract machine (AMX) compiler

libembryo1/stable 1.28.1-1 arm64
  EFL SMALL-based abstract machine (AMX) bytecode interpreter

libenca0/stable 1.19-3 arm64
  Extremely Naive Charset Analyser - shared library files

libencode-locale-perl/stable,now 1.05-3 all [installed,automatic]
  utility to determine the locale encoding

libencoding-fixlatin-xs-perl/stable 1.02-2 arm64
  XS implementation layer for Encoding::FixLatin

libepoxy-dev/stable 1.5.10-2 arm64
  OpenGL function pointer management library- development

libepoxy0/stable,now 1.5.10-2 arm64 [installed,automatic]
  OpenGL function pointer management library

libequinox-app-java/stable 1.6.300+eclipse4.29-2 all
  Eclipse Equinox Application Container

libequinox-bidi-java/stable 1.4.300+eclipse4.29-2 all
  Eclipse Equinox Bidirectional Text Support

libequinox-cm-java/stable 1.5.200+eclipse4.29-2 all
  Eclipse Equinox Configuration Admin

libequinox-common-java/stable 3.18.100+eclipse4.29-2 all
  Eclipse Equinox Common Utility Bundle

libequinox-concurrent-java/stable 1.2.100+eclipse4.29-2 all
  Eclipse Equinox Concurrent API

libequinox-console-java/stable 1.4.500+eclipse4.29-2 all
  Eclipse Equinox Console plug-in

libequinox-coordinator-java/stable 1.5.200+eclipse4.29-2 all
  Eclipse Equinox Coordinator

libequinox-device-java/stable 1.1.400+eclipse4.29-2 all
  Eclipse Equinox Device Access Service

libequinox-event-java/stable 1.6.200+eclipse4.29-2 all
  Eclipse Equinox Event Admin

libequinox-http-jetty-java/stable 3.8.300+eclipse4.29-2 all
  Eclipse Equinox Jetty HTTP Service

libequinox-http-registry-java/stable 1.3.300+eclipse4.29-2 all
  Eclipse Equinox HTTP Registry

libequinox-http-servlet-java/stable 1.7.400+eclipse4.29-2 all
  Eclipse Equinox HTTP Services Servlet

libequinox-http-servletbridge-java/stable 1.2.200+eclipse4.29-2 all
  Eclipse Equinox Servletbridge HTTP Service

libequinox-jsp-jasper-java/stable 1.1.700+eclipse4.29-2 all
  Eclipse Equinox Jasper Jsp Support Bundle

libequinox-jsp-jasper-registry-java/stable 1.2.100+eclipse4.29-2 all
  Eclipse Equinox Jasper Jsp Registry Support Plug-in

libequinox-metatype-java/stable 1.6.300+eclipse4.29-2 all
  Eclipse Equinox Meta Type

libequinox-preferences-java/stable 3.10.300+eclipse4.29-2 all
  Eclipse Preferences Mechanism

libequinox-region-java/stable 1.5.300+eclipse4.29-2 all
  Eclipse Equinox Region

libequinox-registry-java/stable 3.11.300+eclipse4.29-2 all
  Eclipse Extension Registry Support

libequinox-security-java/stable 1.4.0+eclipse4.29-2 all
  Eclipse Equinox Java Authentication and Authorization Service (JAAS)

libequinox-security-ui-java/stable 1.4.0+eclipse4.29-2 all
  Equinox Security Default UI

libequinox-servletbridge-java/stable 1.6.300+eclipse4.29-2 all
  Eclipse Equinox Servletbridge

libequinox-transforms-hook-java/stable 1.3.300+eclipse4.29-2 all
  Eclipse Equinox Transformer Hook Framework Extension

libequinox-transforms-xslt-java/stable 1.2.300+eclipse4.29-2 all
  Eclipse Equinox Transforms XSLT

libequinox-useradmin-java/stable 1.2.400+eclipse4.29-2 all
  Eclipse Equinox User Admin Service

libequinox-weaving-caching-java/stable 1.2.300+eclipse4.29-2 all
  Eclipse Equinox Weaving Caching

libequinox-weaving-hook-java/stable 1.3.200+eclipse4.29-2 all
  Eclipse Equinox Weaving Hook

libev-dev/stable 1:4.33-2.1+b1 arm64
  static library, header files, and docs for libev

libev-libevent-dev/stable 1:4.33-2.1 all
  libevent event loop compatibility wrapper for libev

libev-perl/stable 4.34-1+b4 arm64
  Perl interface to libev, the high performance event loop

libev4t64/stable,now 1:4.33-2.1+b1 arm64 [installed,automatic]
  high-performance event loop library modelled after libevent

libeval-closure-perl/stable,now 0.14-3 all [installed,automatic]
  Perl module to safely and cleanly create closures via string eval

libevas1/stable 1.28.1-1 arm64
  EFL advanced canvas library

libevas1-engines-drm/stable 1.28.1-1 arm64
  Evas module providing the DRM engine

libevas1-engines-fb/stable 1.28.1-1 arm64
  Evas module providing the Framebuffer engine

libevas1-engines-wayland/stable 1.28.1-1 arm64
  Evas module providing the Wayland engine

libevas1-engines-x/stable 1.28.1-1 arm64
  Evas module providing the X11 engines

libevent-rpc-perl/stable 1.10-2 all
  Event based transparent Client/Server RPC framework

libevhtp-dev/stable 1.2.18-2.1+b2 arm64
  Libevent based HTTP API - development files

libevhtp-doc/stable 1.2.18-2.1 all
  Libevent based HTTP API - documentation

libevhtp0t64/stable 1.2.18-2.1+b2 arm64
  Libevent based HTTP API

libexcalibur-logger-java/stable 2.1-8 all
  Excalibur project's log management system

libexpat1-dev/stable 2.7.1-2 arm64
  XML parsing C library - development kit

libexpected-dev/stable 1.1.0-2 all
  C++11/14/17 std::expected with functional-style extensions

libexporter-easy-perl/stable 0.18-3 all
  perl module to take the drudgery out of Exporting symbols

libexporter-lite-perl/stable 0.09-2 all
  lightweight subset of Exporter

libextunix-ocaml-dev/stable 0.4.3-1+b2 arm64
  Extended functions for OCaml Unix module (development package)

libextutils-installpaths-perl/stable 0.014-1 all
  module to make Build.PL install path logic easy

libextutils-modulemaker-perl/stable 0.63-3 all
  Perl extension to build module from scratch

libextutils-pkgconfig-perl/stable 1.16-3 all
  Perl interface to the pkg-config utility

libfax-hylafax-client-perl/stable 1.02-3 all
  simple Perl client for HylaFAX fax server

libfccp-dev/stable 0.0+git20160525~9bf299c-2 all
  Fast C++ CSV Parser

libfeature-compat-try-perl/stable 0.05-1 all
  make try/catch syntax available

libfennec-perl/stable 2.018-2 all
  Perl module providing RSPEC, Workflows, Parallelization, and Encapsulation

libfest-reflect-java/stable 1.4.1-4 all
  Java library for fluent reflection

libfest-reflect-java-doc/stable 1.4.1-4 all
  Documentation for libfest-reflect-java

libfetk-dev/stable 3.4.1-6+b3 arm64
  FETK libraries for APBS (development headers)

libfetk1.9t64/stable 3.4.1-6+b3 arm64
  FETK libraries for APBS (shared libraries)

libffcall-dev/stable 2.5-2 arm64
  foreign function call libraries - development files

libffi-checklib-perl/stable 0.31-1 all
  module to check availability of a library for FFI

libffi-platypus-perl/stable 2.10-1 arm64
  module to create Perl bindings to non-Perl libraries with FFI

libfiat-0/stable 1.4.1-1+b1 arm64
  Fortran IFS and Arpege Toolkit - libray

libfiat-dev/stable 1.4.1-1+b1 arm64
  Fortran IFS and Arpege Toolkit - development files

libfile-copy-recursive-reduced-perl/stable 0.008-1 all
  module for recursive copying of files and directories

libfile-listing-perl/stable,now 6.16-1 all [installed,automatic]
  module to parse directory listings

libfile-sharedir-projectdistdir-perl/stable 1.000009-2 all
  simple set-and-forget use of a share directory in the project root

libfile-type-webimages-perl/stable 1.01-4 all
  tool for determining web image file types using magic

libfilter-eof-perl/stable 0.04-5 all
  module to run a callback after a file has been compiled

libfinal0/stable 0.9.1-1 arm64
  Shared library for the final cut widget toolkit

libfinance-quote-perl/stable 1.65-1+deb13u1 all
  Perl module for retrieving stock quotes from a variety of sources

libfind-lib-perl/stable 1.04-1.1 all
  Perl module to intelligently find libraries

libfindbugs-annotations-java/stable 3.1.0~preview2-4 all
  Static java code analyzer to find bugs (Annotations)

libfindbugs-ant-java/stable 3.1.0~preview2-4 all
  Static java code analyzer to find bugs (Ant tasks)

libfindbugs-java/stable 3.1.0~preview2-4 all
  Static java code analyzer to find bugs (Library)

libfko-doc/stable 2.6.11-2 all
  FireWall KNock OPerator - documentation

libfko-perl/stable 2.6.11-2+b1 arm64
  FireWall KNock OPerator - Perl module

libfko3-dev/stable 2.6.11-2+b1 arm64
  FireWall KNock OPerator - development library

libfko3t64/stable 2.6.11-2+b1 arm64
  FireWall KNock OPerator - shared library

libfl-dev/stable 2.6.4-8.2+b4 arm64
  static library for flex (a fast lexical analyzer generator)

libfl2/stable 2.6.4-8.2+b4 arm64
  SHARED library for flex (a fast lexical analyzer generator)

libflute-java/stable 1:1.1.6-5 all
  Java CSS parser using SAC (JFree version)

libfontawesomefx-java/stable 9.1.2-3 all
  Font Awesome perfectly integrated into JavaFX

libfontconfig1-dev/stable 2.15.0-2.3 arm64
  generic font configuration library - dummy package

libformvalidator-simple-perl/stable 0.29-3 all
  module for validating forms with simple chains of constraints

libfortune-perl/stable 0.2+ds-4 all
  Perl module to read fortune (strfile) databases

libfpzip-dev/stable 1.3.0-5 arm64
  Development files for the FP array compression library

libfpzip1/stable 1.3.0-5 arm64
  FP array compression library

libfreefem++/stable 4.15+dfsg-1 arm64
  Provides the shared libraries of the FreeFem++ FE suite

libfreefem++-dev/stable 4.15+dfsg-1 arm64
  Provides the development files of the FreeFem++ FE suite

libfreenect-bin/stable 1:0.5.3-3.2+b1 arm64
  library for accessing Kinect device -- utilities and samples

libfreenect-demos/stable 1:0.5.3-3.2+b1 arm64
  library for accessing Kinect device -- dummy package

libfreenect-dev/stable 1:0.5.3-3.2+b1 arm64
  library for accessing Kinect device -- development files

libfreenect-doc/stable 1:0.5.3-3.2 all
  library for accessing Kinect device -- documentation

libfreenect0.5t64/stable 1:0.5.3-3.2+b1 arm64
  library for accessing Kinect device

libfrei0r-ocaml/stable 0.1.2-3+b4 arm64
  OCaml interface to the frei0r API -- runtime files

libfrei0r-ocaml-dev/stable 0.1.2-3+b4 arm64
  OCaml interface to the frei0r API -- developpement files

libfst26-plugins-base/stable 1.8.4-3 arm64
  weighted finite-state transducers library (base plugins)

libftdi1-dbg/stable 0.20-4+b2 arm64
  Debugging symbols for libftdi1

libfuture-perl/stable 0.51-1 all
  module for operations awaiting completion

libfuzzylite-dev/stable 6.0+dfsg-8+b1 arm64
  fuzzy logic control development headers

libfuzzylite6.0/stable 6.0+dfsg-8+b1 arm64
  fuzzy logic control shared library

libg810-led-dev/stable 0.4.3-3 arm64
  Logitech keyboard LED configuration library (development)

libg810-led0/stable 0.4.3-3 arm64
  Logitech keyboard LED configuration library (runtime)

libgamemode0/stable 1.8.2-2 arm64
  Optimise Linux system performance on demand (host library)

libgamemodeauto0/stable 1.8.2-2 arm64
  Optimise Linux system performance on demand (client library)

libgav1-bin/stable 0.19.0-3+b1 arm64
  Av1 decoder developed by Google -- example application

libgavl2/stable 2.0.0~svn6298-1+b3 arm64
  low level audio and video library - runtime files

libgcab-tests/stable 1.6-1+b3 arm64
  Microsoft Cabinet file manipulation library - as-installed tests

libgd-perl/stable 2.78-1+deb13u1 arm64
  Perl module wrapper for libgd

libgd-securityimage-perl/stable 1.75-3 all
  security image (captcha) generator

libgd-svg-perl/stable 0.33-3 all
  module to enable SVG output from scripts written using GD

libgdata-tests/stable 0.18.1-9 arm64
  Library for accessing GData webservices - tests

libgdome2-0/stable 0.8.1+debian-10 arm64
  DOM level2 library for accessing XML files

libgdome2-dev/stable 0.8.1+debian-10 arm64
  Development files for libgdome2

libgeoip2-perl/stable 2.006002-2 all
  Perl API for MaxMind's GeoIP2 web services and databases

libgeotiff-dev/stable 1.7.4-1 arm64
  GeoTIFF (geografic enabled TIFF) library -- development files

libgeotiff5/stable 1.7.4-1 arm64
  GeoTIFF (geografic enabled TIFF) library -- run-time files

libgetargs-long-perl/stable 1.1012-6 all
  Perl module to parse long function arguments

libgfapi0/stable 11.1-6 arm64
  GlusterFS gfapi shared library

libgfchangelog0/stable 11.1-6 arm64
  GlusterFS gfchangelog shared library

libgfrpc0/stable 11.1-6 arm64
  GlusterFS libgfrpc shared library

libgfxdr0/stable 11.1-6 arm64
  GlusterFS libgfxdr shared library

libghc-abstract-deque-prof/stable 0.3-13+b1 arm64
  abstract, parameterized interface to mutable Deques; profiling libraries

libghc-abstract-par-prof/stable 0.3.3-13+b1 arm64
  abstract parallelization interface; profiling libraries

libghc-acid-state-dev/stable 0.16.1.3-2+b1 arm64
  Haskell database library with ACID guarantees - GHC libraries

libghc-acid-state-doc/stable 0.16.1.3-2 all
  Haskell database library with ACID guarantees - documentation; documentation

libghc-acid-state-prof/stable 0.16.1.3-2+b1 arm64
  Haskell database library with ACID guarantees - GHC profiling libraries; profiling libraries

libghc-active-prof/stable 0.2.1-1+b3 arm64
  Abstractions for animation; profiling libraries

libghc-adjunctions-dev/stable 4.4.2-3+b1 arm64
  adjunctions and representable functors for Haskell

libghc-adjunctions-doc/stable 4.4.2-3 all
  adjunctions and representable functors for Haskell; documentation

libghc-adjunctions-prof/stable 4.4.2-3+b1 arm64
  adjunctions and representable functors for Haskell; profiling libraries

libghc-aeson-casing-prof/stable 0.2.0.0-2 arm64
  Tools to change the formatting of field names in Aeson instances.; profiling libraries

libghc-aeson-diff-prof/stable 1.1.0.13-3+b1 arm64
  extract and apply patches to JSON documents; profiling libraries

libghc-aeson-extra-prof/stable 0.5.1.3-1+b1 arm64
  Extra goodies for aeson; profiling libraries

libghc-aeson-pretty-prof/stable 0.8.10-1+b1 arm64
  JSON pretty-printing library; profiling libraries

libghc-aeson-prof/stable 2.1.2.1-6+b1 arm64
  Fast JSON parsing and encoding library; profiling libraries

libghc-aeson-qq-prof/stable 0.8.4-3+b1 arm64
  JSON quasiquoter for Haskell; profiling libraries

libghc-aeson-warning-parser-prof/stable 0.1.1-1 arm64
  JSON parser that warns about unexpected fields in objects; profiling libraries

libghc-alsa-core-prof/stable 0.5.0.1-9+b1 arm64
  binding to the ALSA Library API (Exceptions); profiling libraries

libghc-alsa-mixer-prof/stable 0.3.0.1-1+b1 arm64
  bindings to the ALSA simple mixer API; profiling libraries

libghc-annotated-wl-pprint-prof/stable 0.7.0-7+b1 arm64
  Wadler/Leijen Pretty Printer, with annotation support; profiling libraries

libghc-ansi-terminal-prof/stable 1.0.2-1+b1 arm64
  Simple ANSI terminal support, with Windows compatibility; profiling libraries

libghc-ansi-terminal-types-prof/stable 0.11.5-3+b1 arm64
  types and functions used to represent SGR aspects; profiling libraries

libghc-ansi-wl-pprint-prof/stable 1.0.2-1+b1 arm64
  Wadler/Leijen Pretty Printer for colored ANSI terminal output; profiling lib

libghc-ap-normalize-prof/stable 0.1.0.1-4+b1 arm64
  Self-normalizing applicative expressions; profiling libraries

libghc-appar-prof/stable 0.1.8-5+b1 arm64
  A simple applicative parser in Parsec style; profiling libraries

libghc-arithmoi-prof/stable 0.13.0.0-1+b2 arm64
  efficient basic number-theoretic functions; profiling libraries

libghc-arrows-prof/stable 0.4.4.2-6+b1 arm64
  Haskell arrow classes and transformers for GHC; profiling libraries

libghc-asn1-encoding-prof/stable 0.9.6-4+b1 arm64
  ASN1 data reader/writer in RAW, BER, and DER forms; profiling libraries

libghc-asn1-parse-prof/stable 0.9.5-5+b1 arm64
  simple monadic parser for ASN1 stream types; profiling libraries

libghc-asn1-types-prof/stable 0.3.4-4+b1 arm64
  ASN.1 types; profiling libraries

libghc-assert-failure-dev/stable 0.1.3.0-2+b1 arm64
  syntactic sugar improving 'assert' and 'error'

libghc-assert-failure-doc/stable 0.1.3.0-2 all
  syntactic sugar improving 'assert' and 'error'; documentation

libghc-assert-failure-prof/stable 0.1.3.0-2+b1 arm64
  syntactic sugar improving 'assert' and 'error'; profiling libraries

libghc-assoc-prof/stable 1.1.1-1+b1 arm64
  swap and assoc: Symmetric and Semigroupy Bifunctors; profiling libraries

libghc-async-prof/stable 2.2.5-1+b1 arm64
  run IO operations asynchronously and wait for their results; profiling libs

libghc-atomic-write-prof/stable 0.2.1.0-1+b1 arm64
  Atomically write to a file; profiling libraries

libghc-attoparsec-aeson-prof/stable 2.1.0.0-3+b1 arm64
  Parsing of aeson's Value with attoparsec; profiling libraries

libghc-attoparsec-iso8601-prof/stable 1.1.1.0-1+b1 arm64
  parsing of ISO 8601 dates; profiling libraries

libghc-attoparsec-prof/stable 0.14.4-4+b1 arm64
  Fast combinator parsing for bytestrings; profiling libraries

libghc-authenticate-oauth-prof/stable 1.7-3+b1 arm64
  authenticate with OAuth for Haskell web applications; profiling libraries

libghc-authenticate-prof/stable 1.3.5.2-2+b1 arm64
  authentication methods for Haskell web applications; profiling libraries

libghc-auto-update-dev/stable 0.1.6-4+b1 arm64
  efficiently run periodic, on-demand actions

libghc-auto-update-doc/stable 0.1.6-4 all
  efficiently run periodic, on-demand actions; documentation

libghc-auto-update-prof/stable 0.1.6-4+b1 arm64
  efficiently run periodic, on-demand actions; profiling libraries

libghc-aws-prof/stable 0.24.1-2+b1 arm64
  Amazon Web Services for Haskell; profiling libraries

libghc-barbies-prof/stable 2.0.5.0-1+b1 arm64
  Classes for working with types that can change clothes; profiling libraries

libghc-base-compat-batteries-prof/stable 0.13.1-1+b1 arm64
  base-compat with extra batteries; profiling libraries

libghc-base-compat-prof/stable 0.13.1-1+b1 arm64
  compatibility layer for base; profiling libraries

libghc-base-orphans-prof/stable 0.9.2-1+b1 arm64
  Backwards-compatible orphan instances for base; profiling libraries

libghc-base-prelude-prof/stable 1.6.1.1-2+b1 arm64
  most complete prelude formed solely from the "base" package; profiling libraries

libghc-base-unicode-symbols-prof/stable 0.2.4.2-4+b1 arm64
  Unicode alternatives for common functions and operators; profiling libraries

libghc-base16-bytestring-prof/stable 1.0.2.0-3+b1 arm64
  Fast base16 (hex) encoding and decoding for ByteStrings; profiling libraries

libghc-base64-bytestring-prof/stable 1.2.1.0-3+b1 arm64
  fast base64 encoding/deconding for ByteStrings; profiling libraries

libghc-basement-prof/stable 0.0.16-3+b1 arm64
  Foundation scrap box of array & string; profiling libraries

libghc-basic-prelude-prof/stable 0.7.0-7+b1 arm64
  enhanced core prelude; profiling libraries

libghc-bencode-prof/stable 0.6.1.1-4+b1 arm64
  Parser and printer for bencoded data; profiling libraries

libghc-bifunctors-prof/stable 5.6.2-1+b1 arm64
  Haskell 98 bifunctors; profiling libraries

libghc-bimap-prof/stable 0.5.0-3+b1 arm64
  bidirectional mapping between two key types; profiling libraries

libghc-binary-conduit-prof/stable 1.3.1-5+b1 arm64
  data serialization/deserialization conduit library; profiling libraries

libghc-binary-instances-prof/stable 1.0.4-2+b2 arm64
  orphan instances for binary; profiling libraries

libghc-binary-orphans-prof/stable 1.0.5-1+b1 arm64
  orphan instances for binary; profiling libraries

libghc-binary-search-prof/stable 2.0.0-2 arm64
  Binary and exponential searches; profiling libraries

libghc-bindings-dsl-prof/stable 1.0.25-6+b1 arm64
  FFI domain specific language, on top of hsc2hs; profiling libraries

libghc-bitvec-prof/stable 1.1.5.0-4+b1 arm64
  space-efficient bit vectors; profiling libraries

libghc-bitwise-prof/stable 1.0.0.1-4+b1 arm64
  fast multi-dimensional unboxed bit packed Bool arrays; profiling libraries

libghc-blaze-builder-prof/stable 0.4.2.3-2+b1 arm64
  abstraction of buffered output of byte streams; profiling libraries

libghc-blaze-html-prof/stable 0.9.2.0-1+b1 arm64
  HTML combinator library for Haskell; profiling libraries

libghc-blaze-markup-prof/stable 0.8.3.0-2+b1 arm64
  blazingly-fast markup combinator library; profiling libraries

libghc-blaze-svg-prof/stable 0.3.7-2+b1 arm64
  SVG combinator library; profiling libraries

libghc-blaze-textual-prof/stable 0.2.3.1-2+b1 arm64
  Fast rendering of common datatypes; profiling libraries

libghc-bloomfilter-prof/stable 2.0.1.2-3+b1 arm64
  Haskell bloom filter library; profiling libraries

libghc-bmp-prof/stable 1.2.6.4-1+b1 arm64
  Read and write BMP image files; profiling libraries

libghc-boolean-prof/stable 0.2.4-7+b1 arm64
  generalized booleans; profiling libraries

libghc-boomerang-prof/stable 1.4.9.3-1+b1 arm64
  invertible parsing and printing; profiling libraries

libghc-boring-prof/stable 0.2.2-1+b1 arm64
  Boring and Absurd types for Haskell; profiling libraries

libghc-boundedchan-prof/stable 1.0.3.0-13+b1 arm64
  bounded (maximum-limited) channels; profiling libraries

libghc-boxes-prof/stable 0.1.5-6+b1 arm64
  2D text pretty-printing library; profiling libraries

libghc-brainfuck-prof/stable 0.1.0.4-1+b1 arm64
  Brainfuck interpreter library; profiling libraries

libghc-brick-prof/stable 2.1.1-2+b1 arm64
  declarative terminal user interface library; profiling libraries

libghc-broadcast-chan-prof/stable 0.2.1.2-3+b1 arm64
  closable, fair, leak-avoidant, single-wakeup channel; profiling libraries

libghc-bsb-http-chunked-prof/stable 0.0.0.4-6+b1 arm64
  chunked HTTP transfer encoding for bytestring builders; profiling libraries

libghc-bv-sized-prof/stable 1.0.5-2+b2 arm64
  bitvector datatype parameterized by the vector width; profiling libraries

libghc-byte-order-prof/stable 0.1.3.1-1+b1 arm64
  portable big-endian and little-endian conversions; profiling libraries

libghc-byteable-prof/stable 0.1.1-13+b1 arm64
  typeclass for byte sequences; profiling libraries

libghc-bytedump-prof/stable 1.0-13+b1 arm64
  flexible byte dump helpers for human readers; profiling libraries

libghc-byteorder-prof/stable 1.0.4-13+b1 arm64
  exposes the native endianness of the system; profiling libraries

libghc-bytes-prof/stable 0.17.3-2+b2 arm64
  Sharing code for serialization between binary and cereal; profiling libraries

libghc-bytestring-conversion-prof/stable 0.3.2-3+b1 arm64
  Type-classes to convert values to and from ByteString.; profiling libraries

libghc-bytestring-lexing-prof/stable 0.5.0.14-1+b1 arm64
  parsing and printing numbers to bytestrings.; profiling libraries

libghc-bytestring-progress-prof/stable 1.4-5+b1 arm64
  A library for tracking the consumption of a lazy ByteString; profiling libraries

libghc-bytestring-to-vector-prof/stable 0.3.0.1-6+b1 arm64
  convert ByteString<->Vector.Storable without copying; profiling libraries

libghc-bz2-prof/stable 1.0.1.2-1+b1 arm64
  bindings to libbz2; profiling libraries

libghc-bzlib-conduit-prof/stable 0.3.0.3-2 arm64
  Streaming compression/decompression via conduits; profiling libraries

libghc-bzlib-prof/stable 0.5.2.0-1+b1 arm64
  Haskell bindings to the bzip2 library; profiling libraries

libghc-cabal-doctest-prof/stable 1.0.10-1+b1 arm64
  Setup.hs helper for doctests running; profiling libraries

libghc-cabal-install-solver-prof/stable 3.10.3.0-1+b1 arm64
  the solver component for cabal-install; profiling libraries

libghc-cairo-prof/stable 0.13.11.0-1+b1 arm64
  Binding to the Cairo library; profiling libraries

libghc-call-stack-prof/stable 0.4.0-3+b1 arm64
  use GHC call-stacks in a backward compatible way; profiling libraries

libghc-casa-client-prof/stable 0.0.2-2+b1 arm64
  client for Casa; profiling libraries

libghc-casa-types-prof/stable 0.0.2-3+b1 arm64
  types for Casa; profiling libraries

libghc-case-insensitive-prof/stable 1.2.1.0-5+b1 arm64
  case-insensitive string comparison; profiling libraries

libghc-cassava-megaparsec-prof/stable 2.0.4-4+b1 arm64
  Megaparsec parser of CSV files that plays nicely with Cassava; profiling libraries

libghc-cassava-prof/stable 0.5.3.2-1+b1 arm64
  CSV parsing and encoding library; profiling libraries

libghc-categories-prof/stable 1.0.7-12+b1 arm64
  categories from category-extras; profiling libraries

libghc-cborg-json-prof/stable 0.2.6.0-1+b1 arm64
  encoding JSON as CBOR; profiling libraries

libghc-cborg-prof/stable 0.2.10.0-1+b1 arm64
  Concise Binary Object Representation; profiling libraries

libghc-cereal-conduit-prof/stable 0.8.0-7+b1 arm64
  turn Data.Serialize Gets and Puts into Sources and Sinks; profiling libraries

libghc-cereal-prof/stable 0.5.8.3-3+b1 arm64
  binary serialization library; profiling libraries

libghc-cereal-vector-prof/stable 0.2.0.1-7+b1 arm64
  Serialize instances for Data.Vector types; profiling libraries

libghc-cgi-prof/stable 3001.5.0.1-2+b1 arm64
  Haskell CGI library for GHC; profiling libraries

libghc-charset-prof/stable 0.3.10-2+b1 arm64
  fast Unicode character sets; profiling libraries

libghc-charsetdetect-ae-prof/stable 1.1.0.4-7.1 arm64
  charset detection using Mozilla's Universal Character Set Detector; profiling libraries

libghc-chart-cairo-prof/stable 1.9.4.1-1+b2 arm64
  Cairo backend for Charts; profiling libraries

libghc-chart-prof/stable 1.9.5-1+b2 arm64
  library for generating 2D Charts and Plots; profiling libraries

libghc-chasingbottoms-prof/stable 1.3.1.15-1+b1 arm64
  Library for testing partial and infinite values; profiling libraries

libghc-chimera-prof/stable 0.3.4.0-1+b1 arm64
  lazy infinite compact streams with cache-friendly O(1) indexing; profiling libraries

libghc-chunked-data-prof/stable 0.3.1-7+b1 arm64
  typeclasses for dealing with various chunked data representations; profiling libraries

libghc-cipher-camellia-prof/stable 0.0.2-13+b1 arm64
  Camellia cipher; profiling libraries

libghc-citeproc-prof/stable 0.8.1.1-1+b1 arm64
  Generates citations and bibliography from CSL styles; profiling libraries

libghc-clash-ghc-dev/stable 1.8.1-4 arm64
  Clash: functional hardware descr. language - GHC frontend

libghc-clash-ghc-doc/stable 1.8.1-4 all
  Clash: functional hardware descr. language - GHC frontend; documentation

libghc-clash-ghc-prof/stable 1.8.1-4 arm64
  Clash: functional hardware descr. language - GHC frontend; profiling libraries

libghc-clash-lib-dev/stable 1.8.1-2+b4 arm64
  Functional hardware description language - library

libghc-clash-lib-doc/stable 1.8.1-2 all
  Functional hardware description language - library; documentation

libghc-clash-lib-prof/stable 1.8.1-2+b4 arm64
  Functional hardware description language - library; profiling libraries

libghc-clash-prelude-dev/stable 1.8.1-2+b2 arm64
  Functional hardware description language - Prelude library

libghc-clash-prelude-doc/stable 1.8.1-2 all
  Functional hardware description language - Prelude library; documentation

libghc-clash-prelude-prof/stable 1.8.1-2+b2 arm64
  Functional hardware description language - Prelude library; profiling libraries

libghc-classy-prelude-conduit-prof/stable 1.5.0-5+b1 arm64
  conduit instances for classy-prelude; profiling libraries

libghc-classy-prelude-prof/stable 1.5.0.3-2+b1 arm64
  typeclass-based prelude; profiling libraries

libghc-clientsession-prof/stable 0.9.2.0-2+b1 arm64
  library for web session data in cookies; profiling libraries

libghc-clock-prof/stable 0.8.4-2+b1 arm64
  High-resolution clock and timer; profiling libraries

libghc-cmark-gfm-prof/stable 0.2.6+ds1-1 arm64
  fast, accurate GitHub Flavored Markdown parser and renderer; profiling libraries

libghc-cmark-prof/stable 0.6.1+ds1-2+b1 arm64
  fast, accurate CommonMark (Markdown) parser and renderer; profiling libraries

libghc-cmdargs-prof/stable 0.10.22-2+b1 arm64
  command-line argument processing; profiling libraries

libghc-code-page-prof/stable 0.2.1-3+b1 arm64
  Windows code page library for Haskell; profiling libraries

libghc-colour-prof/stable 2.3.6-3+b1 arm64
  A model for human colour/color perception; profiling libraries

libghc-commonmark-extensions-prof/stable 0.2.5.5-2+b1 arm64
  Pure Haskell commonmark parser extensions; profiling libraries

libghc-commonmark-pandoc-prof/stable 0.2.2.2-1+b1 arm64
  Bridge between commonmark and pandoc AST; profiling libraries

libghc-commonmark-prof/stable 0.2.6.1-1 arm64
  Pure Haskell commonmark parser; profiling libraries

libghc-commutative-semigroups-prof/stable 0.1.1.0-1+b1 arm64
  commutative semigroups; profiling libraries

libghc-comonad-prof/stable 5.0.8-3+b1 arm64
  Haskell 98 comonads; profiling libraries

libghc-companion-prof/stable 0.1.0-2 arm64
  library to provide companion threads; profiling libraries

libghc-concurrent-extra-dev/stable 0.7.0.12-4+b1 arm64
  Extra concurrency primitives

libghc-concurrent-extra-doc/stable 0.7.0.12-4 all
  Extra concurrency primitives; documentation

libghc-concurrent-extra-prof/stable 0.7.0.12-4+b1 arm64
  Extra concurrency primitives; profiling libraries

libghc-concurrent-output-prof/stable 1.10.21-1+b1 arm64
  ungarble output from several threads; profiling libraries

libghc-concurrent-supply-prof/stable 0.1.8-9+b1 arm64
  A fast concurrent unique identifier supply with a pure API; profiling libraries

libghc-cond-prof/stable 0.5.1-1+b1 arm64
  conditional and boolean operators with monadic variants (prof)

libghc-conduit-extra-prof/stable 1.3.6-3+b1 arm64
  batteries-included conduit: adapters for common libraries; profiling libraries

libghc-conduit-prof/stable 1.3.6-1+b1 arm64
  streaming data processing library; profiling libraries

libghc-conduit-zstd-prof/stable 0.0.2.0-2+b1 arm64
  Conduit-based ZStd Compression; profiling libraries

libghc-config-ini-prof/stable 0.2.7.0-1+b1 arm64
  simple INI-based configuration files; profiling libraries

libghc-config-schema-prof/stable 1.3.0.0-3+b1 arm64
  schema definitions for the config-value package; profiling libraries

libghc-config-value-prof/stable 0.8.3-4+b1 arm64
  simple, layout-based value language similar to YAML/JSON; profiling libraries

libghc-configurator-prof/stable 0.3.0.0-12+b1 arm64
  dynamic config file reloading; profiling libraries

libghc-constraints-extras-prof/stable 0.4.0.1-1+b1 arm64
  utility package for constraints; profiling libraries

libghc-constraints-prof/stable 0.14.2-1+b1 arm64
  Constraint manipulation; profiling libraries

libghc-contravariant-extras-prof/stable 0.3.5.4-1+b1 arm64
  extras for the "contravariant" package; profiling libraries

libghc-contravariant-prof/stable 1.5.5-3+b1 arm64
  Contravariant functors; profiling libraries

libghc-control-monad-free-prof/stable 0.6.2-6+b1 arm64
  free monads; profiling libraries

libghc-control-monad-loop-prof/stable 0.1-14+b1 arm64
  simple monad transformer for imperative-style loops; profiling libraries

libghc-cookie-prof/stable 0.4.6-2+b1 arm64
  HTTP cookie-parsing and rendering library; profiling libraries

libghc-copilot-c99-prof/stable 4.3-1 arm64
  Compiler for Copilot targeting C99; profiling libraries

libghc-copilot-core-prof/stable 4.3-1 arm64
  Intermediate representation for Copilot.; profiling libraries

libghc-copilot-interpreter-prof/stable 4.3-1 arm64
  Interpreter for Copilot.; profiling libraries

libghc-copilot-language-prof/stable 4.3-1 arm64
  DSL for monitoring hard real-time distributed systems.; profiling libraries

libghc-copilot-libraries-prof/stable 4.3-1 arm64
  Libraries for the Copilot language.; profiling libraries

libghc-copilot-prettyprinter-prof/stable 4.3-1 arm64
  Prettyprinter of Copilot Specifications; profiling libraries

libghc-copilot-prof/stable 4.3-1 arm64
  Stream DSL for writing embedded C programs.; profiling libraries

libghc-copilot-theorem-prof/stable 4.3-1 arm64
  k-induction for Copilot.; profiling libraries

libghc-cpu-prof/stable 0.1.2-13+b1 arm64
  low-level routines to get basic properties of the platform; profiling libraries

libghc-criterion-measurement-prof/stable 0.2.2.0-1+b1 arm64
  Criterion measurement functionality and associated types; profiling libraries

libghc-criterion-prof/stable 1.6.3.0-1+b3 arm64
  Robust, reliable performance measurement and analysis; profiling libraries

libghc-crypto-api-prof/stable 0.13.3-6+b1 arm64
  generic interface for cryptographic operations; profiling libraries

libghc-crypto-cipher-tests-prof/stable 0.0.11-14+b1 arm64
  Generic cryptography cipher tests; profiling libraries

libghc-crypto-cipher-types-prof/stable 0.0.9-13+b1 arm64
  generic cryptographic cipher types; profiling libraries

libghc-crypto-pubkey-types-prof/stable 0.4.3-13+b1 arm64
  generic public-key algorithm types; profiling libraries

libghc-cryptohash-md5-prof/stable 0.11.101.0-3+b1 arm64
  fast, pure and practical MD5 implementation; profiling libraries

libghc-cryptohash-prof/stable 0.11.9-11+b1 arm64
  collection of crypto hashes, fast, pure and practical; profiling libraries

libghc-cryptohash-sha1-prof/stable 0.11.101.0-3+b1 arm64
  fast, pure and practical SHA-1 implementation; profiling libraries

libghc-cryptohash-sha256-prof/stable 0.11.102.1-3+b1 arm64
  fast, pure and practical SHA-256 implementation; profiling libraries

libghc-crypton-conduit-prof/stable 0.2.3-2+b1 arm64
  crypton conduit; profiling libraries

libghc-crypton-connection-prof/stable 0.3.2-2+b1 arm64
  simple and easy network connections API; profiling libraries

libghc-crypton-prof/stable 0.34-1+b1 arm64
  cryptography primitives for Haskell; profiling libraries

libghc-crypton-x509-prof/stable 1.7.7-1+b1 arm64
  X509 reader and writer; profiling libraries

libghc-crypton-x509-store-prof/stable 1.6.9-3+b1 arm64
  X.509 collection access and storage methods; profiling libraries

libghc-crypton-x509-system-prof/stable 1.6.7-3+b1 arm64
  Handle per-operating-system X.509 accessors and storage; profiling libraries

libghc-crypton-x509-validation-prof/stable 1.6.12-3+b1 arm64
  X.509 certificate and CRL validation; profiling libraries

libghc-cryptonite-conduit-prof/stable 0.2.2-8+b1 arm64
  cryptonite conduit; profiling libraries

libghc-cryptonite-prof/stable 0.30-3+b1 arm64
  cryptographic primitives; profiling libraries

libghc-cryptostore-prof/stable 0.3.1.0-1+b1 arm64
  Serialization of cryptographic data types; profiling libraries

libghc-css-text-prof/stable 0.1.3.0-7+b1 arm64
  CSS parser and renderer; profiling libraries

libghc-csv-prof/stable 0.1.2-18+b1 arm64
  CSV loader and dumper; profiling libraries

libghc-curl-prof/stable 1.3.8-15+b1 arm64
  Profiling libraries for the libcurl Haskell bindings; profiling libraries

libghc-curve25519-prof/stable 0.2.8-1+b1 arm64
  Curve25519 elliptic curve primitives; profiling libraries

libghc-data-accessor-mtl-prof/stable 0.2.0.5-2+b1 arm64
  use Data.Accessor inside the State monad; profiling libraries

libghc-data-accessor-prof/stable 0.2.3.1-2+b1 arm64
  Utilities for accessing and manipulating fields of records; profiling libraries

libghc-data-binary-ieee754-prof/stable 0.4.4-13+b1 arm64
  parser/serialiser for IEEE-754 floating-point values; profiling libraries

libghc-data-clist-prof/stable 0.2-3+b1 arm64
  Simple functional ring type; profiling libraries

libghc-data-default-class-prof/stable 0.1.2.2-1 arm64
  type class for default values; profiling libraries

libghc-data-default-instances-base-prof/stable 0.1.0.3-1+b1 arm64
  default instances for types in base; profiling libraries

libghc-data-default-instances-containers-prof/stable 0.0.1-14+b1 arm64
  default instances for types in containers; profiling libraries

libghc-data-default-instances-dlist-prof/stable 0.0.1.2-1+b1 arm64
  default instances for types in dlist; profiling libraries

libghc-data-default-instances-old-locale-prof/stable 0.0.1.2-1+b1 arm64
  default instances for types in old-locale; profiling libraries

libghc-data-default-prof/stable 0.7.1.2-1+b1 arm64
  class for types with a default value; profiling libraries

libghc-data-fix-prof/stable 0.3.4-1+b1 arm64
  fixpoint data types; profiling libraries

libghc-data-functor-logistic-prof/stable 0.0-3+b1 arm64
  Updatable analogue of Distributive functors; profiling libraries

libghc-data-hash-prof/stable 0.2.0.1-10+b1 arm64
  combinators for building fast hashing functions.; profiling libraries

libghc-data-inttrie-prof/stable 0.1.4-6+b1 arm64
  Lazy, infinite trie of integers library; profiling libraries

libghc-data-memocombinators-prof/stable 0.5.1-12+b1 arm64
  Combinators for building memo tables library; profiling libraries

libghc-data-ordlist-prof/stable 0.4.7.0-11+b1 arm64
  Set and bag operations on ordered lists; profiling libraries

libghc-data-reify-prof/stable 0.6.3-6+b1 arm64
  Reify a recursive data structure into an explicit graph.; profiling libraries

libghc-dav-prof/stable 1.3.4-4+b2 arm64
  RFC 4918 WebDAV support; profiling libraries

libghc-dbus-hslogger-prof/stable 0.1.0.1-5+b2 arm64
  expose a dbus server to control hslogger; profiling libraries

libghc-dbus-prof/stable 1.3.3-1+b2 arm64
  Haskell implementation of D-Bus; profiling libraries

libghc-debian-prof/stable 4.0.5-2+b3 arm64
  Profiling library for working with the Debian package system; profiling libraries

libghc-dec-prof/stable 0.0.6-1+b1 arm64
  decidable propositions; profiling libraries

libghc-decimal-prof/stable 0.5.2-3+b1 arm64
  decimal numbers with variable precision; profiling libraries

libghc-deepseq-generics-prof/stable 0.2.0.0-9+b1 arm64
  GHC.Generics-based Control.DeepSeq.rnf implementation; profiling libraries

libghc-deferred-folds-prof/stable 0.9.18.6-1+b1 arm64
  abstractions over deferred folds; profiling libraries

libghc-dense-linear-algebra-prof/stable 0.1.0.0-6+b2 arm64
  pure Haskell implementation of linear algebra; profiling libraries

libghc-dependent-map-prof/stable 0.4.0.0-4+b1 arm64
  dependent finite maps; profiling libraries

libghc-dependent-sum-prof/stable 0.7.2.0-2+b1 arm64
  Dependent sum type; profiling libraries

libghc-dependent-sum-template-prof/stable 0.2.0.0-2+b1 arm64
  Automatically generate instances of classes in dependent-sum package; profiling libraries

libghc-deque-prof/stable 0.4.4.1-1+b1 arm64
  double-ended queues; profiling libraries

libghc-deriving-aeson-prof/stable 0.2.9-2+b1 arm64
  type-driven generic aeson instance customisation; profiling libraries

libghc-deriving-compat-prof/stable 0.6.6-1+b1 arm64
  backports of GHC deriving extensions; profiling libraries

libghc-dhall-prof/stable 1.42.1-1+b1 arm64
  configuration language guaranteed to terminate; profiling libraries

libghc-diagrams-cairo-prof/stable 1.4.2.1-2+b5 arm64
  Cairo backend for the diagrams drawing EDSL; profiling libraries

libghc-diagrams-core-prof/stable 1.5.1.1-1+b2 arm64
  Core libraries for diagrams EDSL; profiling libraries

libghc-diagrams-lib-prof/stable 1.4.6.2-1+b3 arm64
  Embedded domain-specific language for declarative graphics; profiling libraries

libghc-diagrams-solve-prof/stable 0.1.3-3+b1 arm64
  pure Haskell solver routines used by diagrams; profiling libraries

libghc-diagrams-svg-prof/stable 1.4.3.2-1+b3 arm64
  SVG backend for diagrams drawing EDSL; profiling libraries

libghc-dice-entropy-conduit-prof/stable 1.0.0.3-4+b1 arm64
  secure n-sided dice rolls and random sampling; profiling libraries

libghc-dice-prof/stable 0.1.1-3+b1 arm64
  simplistic D&D style dice-rolling system; profiling libraries

libghc-diff-prof/stable 0.4.1-3 arm64
  O(ND) diff algorithm library; profiling libraries

libghc-digest-prof/stable 0.0.2.1-1 arm64
  efficient cryptographic hash implementations bytestrings; profiling libraries

libghc-dimensional-prof/stable 1.5-2 arm64
  statically checked physical dimensions; profiling libraries

libghc-directory-tree-prof/stable 0.12.1-9 arm64
  simple directory-like tree datatype, with IO functions; profiling libraries

libghc-disk-free-space-prof/stable 0.1.0.1-9 arm64
  retrieve information about disk space usage; profiling libraries

libghc-distributive-prof/stable 0.6.2.1-3 arm64
  distributive functors; profiling libraries

libghc-dlist-instances-prof/stable 0.1.1.1-9 arm64
  difference lists instances; profiling libraries

libghc-dlist-prof/stable 1.0-4 arm64
  Haskell library for Differences lists; profiling libraries

libghc-dns-prof/stable 4.2.0-1 arm64
  pure Haskell DNS library; profiling libraries

libghc-doclayout-prof/stable 0.4.0.1-2 arm64
  Prettyprinting library for laying out text documents; profiling libraries

libghc-doctemplates-prof/stable 0.11.0.1-1 arm64
  Pandoc-style document templates; profiling libraries

libghc-doctest-dev/stable 0.22.6-1+b2 arm64
  test interactive Haskell examples

libghc-doctest-doc/stable 0.22.6-1 all
  test interactive Haskell examples; documentation

libghc-doctest-parallel-dev/stable 0.3.1.1-1+b2 arm64
  Test interactive Haskell examples

libghc-doctest-parallel-doc/stable 0.3.1.1-1 all
  Test interactive Haskell examples; documentation

libghc-doctest-parallel-prof/stable 0.3.1.1-1+b2 arm64
  Test interactive Haskell examples; profiling libraries

libghc-doctest-prof/stable 0.22.6-1+b2 arm64
  test interactive Haskell examples; profiling libraries

libghc-dotgen-prof/stable 0.4.3-4+b1 arm64
  simple interface for building .dot graph files; profiling libraries

libghc-double-conversion-prof/stable 2.0.5.0+ds1-1+b1 arm64
  fast conversion between double precision floating point and text; profiling libraries

libghc-dual-tree-prof/stable 0.2.3.1-3+b1 arm64
  Rose trees with cached and accumulating monoidal annotations; profiling libraries

libghc-dynamic-state-prof/stable 0.3.1-6+b1 arm64
  optionally serializable dynamic state keyed by type; profiling libraries

libghc-dyre-prof/stable 0.9.2-2+b1 arm64
  dynamic reconfiguration library; profiling libraries

libghc-easy-file-prof/stable 0.2.5-2+b1 arm64
  Cross-platform file handling; profiling libraries

libghc-echo-prof/stable 0.1.4-3+b1 arm64
  Cross-platform library for handling echoing terminal input; profiling libraries

libghc-ed25519-prof/stable 0.0.5.0-18+b1 arm64
  Ed25519 cryptographic signatures; profiling libraries

libghc-edit-distance-prof/stable 0.2.2.1-14+b1 arm64
  Haskell fuzzy matching; profiling libraries

libghc-edit-distance-vector-prof/stable 1.0.0.4-5+b1 arm64
  Calculate edit distances and edit scripts between vectors.; profiling libraries

libghc-either-prof/stable 5.0.2-3+b1 arm64
  Either monad transformer; profiling libraries

libghc-elm-bridge-prof/stable 0.8.4-1 arm64
  Bridge between Haskell and Elm; profiling libraries

libghc-email-validate-prof/stable 2.3.2.21-1 arm64
  validate an email address string against RFC 5322; profiling libraries

libghc-emojis-prof/stable 0.1.4.1-1+b1 arm64
  Conversion between emoji characters and their names; profiling libraries

libghc-enclosed-exceptions-prof/stable 1.0.3-6+b1 arm64
  catching all exceptions from within an enclosed computation; profiling libraries

libghc-entropy-prof/stable 0.4.1.10-3+b1 arm64
  cryptographically-strong entropy; profiling libraries

libghc-enummapset-prof/stable 0.7.3.0-1+b1 arm64
  IntMap and IntSet with Enum keys/elements; profiling libraries

libghc-equivalence-prof/stable 0.4.1-3+b1 arm64
  maintaining an equivalence relation; profiling libraries

libghc-erf-prof/stable 2.0.0.0-19+b1 arm64
  The error function, erf, and related functions; profiling libraries

libghc-errors-prof/stable 2.3.0-6+b1 arm64
  simplified error handling; profiling libraries

libghc-esqueleto-prof/stable 3.5.11.2-1+b1 arm64
  type-safe EDSL for SQL on persistent backends; profiling libraries

libghc-exact-pi-prof/stable 0.5.0.2-3+b1 arm64
  Exact rational multiples of pi (and integer powers of pi); profiling libraries

libghc-exception-mtl-prof/stable 0.4.0.2-2+b1 arm64
  exception monad transformer instances for mtl classes; profiling libraries

libghc-exception-transformers-prof/stable 0.4.0.12-2+b1 arm64
  type classes and monads for unchecked extensible exceptions; profiling libs

libghc-executable-path-prof/stable 0.0.3.1-7+b1 arm64
  determine full path of executable; profiling libraries

libghc-expiring-cache-map-prof/stable 0.0.6.1-9+b1 arm64
  general-purpose simple caching; profiling libraries

libghc-extensible-exceptions-prof/stable 0.1.1.4-14+b1 arm64
  Compatibility layer for exceptions; profiling libraries

libghc-extra-prof/stable 1.7.16-1+b1 arm64
  extra functions for base library; profiling libraries

libghc-fast-logger-prof/stable 3.2.4-1+b1 arm64
  a fast logging system; profiling libraries

libghc-fb-prof/stable 2.1.1.1-3+b1 arm64
  bindings to Facebook API; profiling libraries

libghc-fdo-notify-prof/stable 0.3.1-14+b2 arm64
  Haskell desktop notifications; profiling libraries

libghc-feed-prof/stable 1.3.2.1-3+b1 arm64
  Haskell interface to RSS and Atom feeds; profiling libraries

libghc-fgl-arbitrary-prof/stable 0.2.0.6-4+b1 arm64
  QuickCheck support for fgl; profiling libraries

libghc-fgl-prof/stable 5.8.3.0-1 arm64
  Haskell graph library for GHC; profiling libraries

libghc-fgl-visualize-prof/stable 0.1.0.1-2+b1 arm64
  convert FGL graphs to dot (graphviz) files; profiling libraries

libghc-file-embed-prof/stable 0.0.16.0-1+b1 arm64
  direct file embedding library; profiling libraries

libghc-filelock-prof/stable 0.1.1.7-2+b1 arm64
  portable interface to file locking (flock / LockFileEx); profiling libraries

libghc-filemanip-prof/stable 0.3.6.3-13+b1 arm64
  expressive file and directory manipulation for Haskell; profiling libraries

libghc-filepath-bytestring-prof/stable 1.4.100.3.2-1+b1 arm64
  library for manipulating RawFilePaths; profiling libraries

libghc-filepattern-prof/stable 0.1.3-3+b1 arm64
  file path glob-like matching; profiling libraries

libghc-filestore-prof/stable 0.6.5-4+b1 arm64
  Haskell interface for versioning file stores; profiling libraries

libghc-filtrable-prof/stable 0.1.6.0-4+b1 arm64
  class of filtrable containers for Haskell; profiling libraries

libghc-fingertree-prof/stable 0.1.5.0-3+b1 arm64
  Generic finger-tree data structure implementation in Haskell; profiling libraries

libghc-finite-field-prof/stable 0.10.0-3+b1 arm64
  implementation of finite fields for Haskell; profiling libraries

libghc-first-class-families-prof/stable 0.8.1.0-1+b1 arm64
  first class type families for Haskell; profiling libraries

libghc-fixed-prof/stable 0.3-4+b1 arm64
  signed 15.16 precision fixed point arithmetic; profiling libraries

libghc-flexible-defaults-prof/stable 0.0.3-4+b1 arm64
  generate default function implementations for complex type classes; profiling libraries

libghc-floatinghex-prof/stable 0.5-3+b1 arm64
  read and write hexadecimal floating point numbers; profiling libraries

libghc-fmlist-prof/stable 0.9.4-3+b1 arm64
  FoldMap lists; profiling libraries

libghc-focuslist-prof/stable 0.1.1.0-3+b2 arm64
  lists with a focused element; profiling libraries

libghc-fold-debounce-prof/stable 0.2.0.12-1+b1 arm64
  fold multiple events that happen in a time period; profiling libraries

libghc-foldable1-classes-compat-prof/stable 0.1-3+b1 arm64
  Compatibility package for the Foldable1 and Bifoldable1 type classes; profiling libraries

libghc-foldl-prof/stable 1.4.17-1+b1 arm64
  composable, streaming, and efficient left folds; profiling libraries

libghc-formatting-dev/stable 7.2.0-2+b1 arm64
  combinator-based type-safe formatting

libghc-formatting-doc/stable 7.2.0-2 all
  combinator-based type-safe formatting; documentation

libghc-formatting-prof/stable 7.2.0-2+b1 arm64
  combinator-based type-safe formatting; profiling libraries

libghc-foundation-prof/stable 0.0.30-3+b1 arm64
  alternative prelude with batteries and no dependencies; profiling libraries

libghc-free-prof/stable 5.2-1+b1 arm64
  Monads for free; profiling libraries

libghc-from-sum-prof/stable 0.2.3.0-4+b1 arm64
  canonical fromMaybeM and fromEitherM functions; profiling libraries

libghc-fsnotify-prof/stable 0.4.1.0-2+b1 arm64
  file creation/modification/deletion notification; profiling libraries

libghc-futhark-data-prof/stable 1.1.1.0-1 arm64
  mplementation of the Futhark data format; profiling libraries

libghc-futhark-dev/stable 0.25.27-1+b2 arm64
  library files for for Futhark programming language

libghc-futhark-doc/stable 0.25.27-1 all
  library files for for Futhark programming language; documentation

libghc-futhark-manifest-dev/stable 1.5.0.0-1 arm64
  definition of Futhark manifests

libghc-futhark-manifest-doc/stable 1.5.0.0-1 all
  definition of Futhark manifests; documentation

libghc-futhark-manifest-prof/stable 1.5.0.0-1 arm64
  definition of Futhark manifests; profiling libraries

libghc-futhark-prof/stable 0.25.27-1+b2 arm64
  library files for for Futhark programming language; profiling libraries

libghc-futhark-server-prof/stable 1.2.3.0-1 arm64
  client implementation of the Futhark server protocol; profiling libraries

libghc-gd-prof/stable 3000.7.3-16+b1 arm64
  bindings to the GD graphics library; profiling libraries

libghc-generic-data-prof/stable 1.1.0.1-1 arm64
  deriving instances with GHC.Generics and related utils; profiling libraries

libghc-generic-deriving-prof/stable 1.14.5-2+b1 arm64
  generic programming library for generalised deriving; profiling libraries

libghc-generic-lens-core-prof/stable 2.2.1.0-3+b1 arm64
  Generically derive traversals, lenses and prisms; profiling libraries

libghc-generic-lens-prof/stable 2.2.2.0-2+b1 arm64
  generically derive traversals, lenses and prisms; profiling libraries

libghc-generic-random-prof/stable 1.5.0.1-3+b1 arm64
  generic random generators for QuickCheck; profiling libraries

libghc-generics-sop-prof/stable 0.5.1.3-2+b1 arm64
  Generic Programming using True Sums of Products; profiling libraries

libghc-genvalidity-containers-prof/stable 1.0.0.2-1 arm64
  GenValidity support for containers; profiling libraries

libghc-genvalidity-hspec-prof/stable 1.0.0.3-2+b1 arm64
  standard specs for GenValidity instances; profiling libraries

libghc-genvalidity-prof/stable 1.1.1.0-1+b1 arm64
  testing utilities for the validity library; profiling libraries

libghc-genvalidity-property-prof/stable 1.0.0.0-4+b1 arm64
  standard properties for functions on Validity types; profiling libraries

libghc-getopt-generics-prof/stable 0.13.1.0-2+b1 arm64
  create command line interfaces with ease; profiling libraries

libghc-ghc-events-prof/stable 0.19.0.1-2+b1 arm64
  Library for parsing GHC event log files; profiling libraries

libghc-ghc-exactprint-dev/stable 1.7.1.0-1+b3 arm64
  ExactPrint for GHC

libghc-ghc-exactprint-doc/stable 1.7.1.0-1 all
  ExactPrint for GHC; documentation

libghc-ghc-exactprint-prof/stable 1.7.1.0-1+b3 arm64
  ExactPrint for GHC; profiling libraries

libghc-ghc-lib-parser-dev/stable 9.6.6.20240701-1+b1 arm64
  the GHC API, decoupled from GHC versions

libghc-ghc-lib-parser-doc/stable 9.6.6.20240701-1 all
  the GHC API, decoupled from GHC versions; documentation

libghc-ghc-lib-parser-ex-prof/stable 9.6.0.2-1+b1 arm64
  algorithms on GHC parse trees; profiling libraries

libghc-ghc-lib-parser-prof/stable 9.6.6.20240701-1+b1 arm64
  the GHC API, decoupled from GHC versions; profiling libraries

libghc-ghc-paths-dev/stable 0.1.0.12-4+b1 arm64
  knowledge of GHC's installation directories

libghc-ghc-paths-doc/stable 0.1.0.12-4 all
  knowledge of GHC's installation directories; documentation

libghc-ghc-paths-prof/stable 0.1.0.12-4+b1 arm64
  knowledge of GHC's installation directories; profiling libraries

libghc-ghc-tcplugins-extra-prof/stable 0.4.6-1+b2 arm64
  Utilities for writing GHC type-checker plugins; profiling libraries

libghc-ghc-typelits-extra-prof/stable 0.4.7-1+b2 arm64
  Additional type-level operations on GHC.TypeLits.Nat; profiling libraries

libghc-ghc-typelits-knownnat-prof/stable 0.7.12-1+b2 arm64
  Derive KnownNat constraints from other KnownNat constraints; profiling libraries

libghc-ghc-typelits-natnormalise-prof/stable 0.7.10-1+b2 arm64
  GHC typechecker plugin for types of kind GHC.TypeLits.Nat; profiling libraries

libghc-gi-atk-prof/stable 2.0.28-1+b1 arm64
  ATK bindings; profiling libraries

libghc-gi-cairo-connector-prof/stable 0.1.1-3+b1 arm64
  GI friendly Binding to the Cairo library; profiling libraries

libghc-gi-cairo-prof/stable 1.0.30-1+b1 arm64
  Cairo bindings; profiling libraries

libghc-gi-cairo-render-prof/stable 0.1.2-3+b1 arm64
  GI friendly Binding to the Cairo library.; profiling libraries

libghc-gi-dbusmenu-prof/stable 0.4.14-1+b1 arm64
  DBusMenu bindings; profiling libraries

libghc-gi-dbusmenugtk3-prof/stable 0.4.15-1+b2 arm64
  DBusMenu-GTK3 bindings; profiling libraries

libghc-gi-freetype2-prof/stable 2.0.5-1+b1 arm64
  freetype2 bindings; profiling libraries

libghc-gi-gdk-prof/stable 3.0.29-1+b2 arm64
  GDK bindings; profiling libraries

libghc-gi-gdkpixbuf-prof/stable 2.0.32-1+b1 arm64
  GdkPixbuf bindings; profiling libraries

libghc-gi-gdkx11-prof/stable 3.0.16-1+b2 arm64
  GDKX11 bindings; profiling libraries

libghc-gi-gio-prof/stable 2.0.35-1+b1 arm64
  Gio bindings; profiling libraries

libghc-gi-glib-prof/stable 2.0.30-1+b1 arm64
  GLib bindings; profiling libraries

libghc-gi-gmodule-prof/stable 2.0.6-1+b1 arm64
  GModule bindings; profiling libraries

libghc-gi-gobject-prof/stable 2.0.31-1+b1 arm64
  GObject bindings; profiling libraries

libghc-gi-gtk-hs-prof/stable 0.3.16-2+b2 arm64
  idiomatic API parts on top of gi-gtk; profiling libraries

libghc-gi-gtk-prof/stable 3.0.43-1+b2 arm64
  GTK bindings; profiling libraries

libghc-gi-harfbuzz-prof/stable 0.0.10-1+b1 arm64
  HarfBuzz bindings; profiling libraries

libghc-gi-pango-prof/stable 1.0.30-1+b2 arm64
  Pango bindings; profiling libraries

libghc-gi-vte-prof/stable 2.91.33-2 arm64
  VTE bindings; profiling libraries

libghc-gi-xlib-prof/stable 2.0.14-1+b1 arm64
  Xlib bindings; profiling libraries

libghc-gio-prof/stable 0.13.11.0-1+b1 arm64
  Binding to the GIO; profiling libraries

libghc-git-lfs-prof/stable 1.2.2-1+b1 arm64
  git-lfs protocol for Haskell; profiling libraries

libghc-githash-prof/stable 0.1.7.0-2+b1 arm64
  Compile git revision info into Haskell projects; profiling libraries

libghc-gitrev-prof/stable 1.3.1-7+b1 arm64
  compile git revision info into Haskell projects; profiling libraries

libghc-glib-prof/stable 0.13.11.0-1+b1 arm64
  Binding to the GLIB library for Gtk2Hs; profiling libraries

libghc-glob-prof/stable 0.10.2-3+b1 arm64
  library matching glob patterns against file paths; profiling libraries

libghc-gloss-prof/stable 1.13.2.2-2+b1 arm64
  Painless 2D vector graphics, animations and simulations.; profiling libraries

libghc-gloss-rendering-prof/stable 1.13.1.2-2+b1 arm64
  Gloss picture data types and rendering functions.; profiling libraries

libghc-gluraw-prof/stable 2.0.0.5-3+b1 arm64
  Raw binding for the OpenGL graphics system; profiling libraries

libghc-glut-prof/stable 2.7.0.16-4+b1 arm64
  Haskell GLUT binding for GHC; profiling libraries

libghc-graphscc-prof/stable 1.0.4-9+b1 arm64
  Tarjan's algorithm for computing the SCCs of a graph; profiling libraries

libghc-graphviz-prof/stable 2999.20.2.0-1+b1 arm64
  bindings to Graphviz for graph visualization; profiling libraries

libghc-gridtables-prof/stable 0.1.0.0-2+b1 arm64
  parser for reStructuredText-style grid tables; profiling libraries

libghc-groom-dev/stable 0.1.2.1-2 arm64
  Pretty printing for well-behaved Show instances

libghc-groom-doc/stable 0.1.2.1-2 all
  Pretty printing for well-behaved Show instances; documentation

libghc-groom-prof/stable 0.1.2.1-2 arm64
  Pretty printing for well-behaved Show instances; profiling libraries

libghc-groups-prof/stable 0.5.3-3+b1 arm64
  Haskell 98 groups; profiling libraries

libghc-gtk-sni-tray-prof/stable 0.1.8.1-3+b2 arm64
  standalone StatusNotifierItem/AppIndicator tray; profiling libraries

libghc-gtk-strut-prof/stable 0.1.3.2-3+b2 arm64
  create strut windows with gi-gtk; profiling libraries

libghc-gtk-traymanager-prof/stable 1.0.1-7+b2 arm64
  bindings for eggtraymanager (GTK+); profiling libraries

libghc-gtk2hs-buildtools-prof/stable 0.13.11.0-1+b1 arm64
  gtk2hs-buildtools libraries; profiling libraries

libghc-gtk3-prof/stable 0.15.9-1+b1 arm64
  binding to the Gtk+ graphical user interface library; profiling libraries

libghc-hackage-security-prof/stable 0.6.2.4-1+b1 arm64
  Hackage security library; profiling libraries

libghc-haddock-library-prof/stable 1.11.0-2+b1 arm64
  library exposing some functionality of Haddock; profiling libraries

libghc-hakyll-prof/stable 4.16.2.2-1+b3 arm64
  static website compiler library; profiling libraries

libghc-half-prof/stable 0.3.1-3+b1 arm64
  half-precision floating-point; profiling libraries

libghc-happstack-jmacro-prof/stable 7.0.12.6-1+b1 arm64
  Support for using JMacro with Happstack; profiling libraries

libghc-happstack-server-prof/stable 7.8.0.2-3+b1 arm64
  Happstack web framework, HTTP server; profiling libraries

libghc-hashable-prof/stable 1.4.4.0-1+b1 arm64
  class for types that can be converted to a hash value; profiling libraries

libghc-hashtables-prof/stable 1.3.1-2+b1 arm64
  mutable hash tables -- profiling libraries; profiling libraries

libghc-haskell-gi-base-prof/stable 0.26.8-1 arm64
  Foundation for libraries generated by haskell-gi; profiling libraries

libghc-haskell-gi-prof/stable 0.26.12-1+b1 arm64
  generate Haskell bindings for GI-capable libraries; profiling libraries

libghc-haskell-lexer-prof/stable 1.1.1-2+b1 arm64
  Profiling libraries for a fully compliant Haskell 98 lexer; profiling libraries

libghc-haskell-src-prof/stable 1.0.4.1-1 arm64
  Haskell module to manipulate Haskell source; profiling libraries

libghc-haxml-prof/stable 1:1.25.13-2 arm64
  Profiling libraries for the haskell haxml library

libghc-haxr-dev/stable 3000.11.5.1-1+b1 arm64
  XML-RPC client and server library for Haskell

libghc-haxr-prof/stable 3000.11.5.1-1+b1 arm64
  XML-RPC client and server library for Haskell; profiling library

libghc-hclip-prof/stable 3.0.0.4-11+b1 arm64
  library to read/modify the system clipboard; profiling libraries

libghc-hdbc-dev/stable 2.4.0.4-3 arm64
  Haskell Database Connectivity, GHC package

libghc-hdbc-doc/stable 2.4.0.4-3 all
  Haskell Database Connectivity, Documentation

libghc-hdbc-postgresql-prof/stable 2.5.0.1-3 arm64
  PostgreSQL HDBC Driver for GHC; profiling libraries

libghc-hdbc-session-prof/stable 0.1.2.1-1+b1 arm64
  bracketed connection for HDBC; profiling libraries

libghc-hdf5-prof/stable 1.8.14-2 arm64
  Haskell interface to the HDF5 scientific data storage library.; profiling libraries

libghc-heaps-prof/stable 0.4-3+b1 arm64
  asymptotically optimal Brodal/Okasaki heaps.; profiling libraries

libghc-hedgehog-classes-prof/stable 0.2.5.4-2+b1 arm64
  Hedgehog will eat your typeclass bugs; profiling libraries

libghc-hedgehog-prof/stable 1.4-1+b1 arm64
  Hedgehog will eat all your bugs; profiling libraries

libghc-hedis-prof/stable 0.15.2-2+b1 arm64
  client library for the Redis datastore; profiling libraries

libghc-heist-prof/stable 1.1.1.2-1+b1 arm64
  template system supporting both HTML5 and XML; profiling libraries

libghc-here-dev/stable 1.2.14-2+b1 arm64
  Here documents and interpolated strings via quasiquotation

libghc-here-doc/stable 1.2.14-2 all
  Here documents and interpolated strings via quasiquotation; documentation

libghc-here-prof/stable 1.2.14-2+b1 arm64
  Here documents and interpolated strings via quasiquotation; profiling libraries

libghc-heredoc-prof/stable 0.2.0.0-9+b1 arm64
  multi-line string / here document using QuasiQuotes; profiling libraries

libghc-heterocephalus-dev/stable 1.0.5.7-3+b1 arm64
  type-safe template engine for popular front-end tools

libghc-heterocephalus-doc/stable 1.0.5.7-3 all
  type-safe template engine for popular front-end tools; documentation

libghc-heterocephalus-prof/stable 1.0.5.7-3+b1 arm64
  type-safe template engine for popular front-end tools; profiling libraries

libghc-hex-prof/stable 0.2.0-3+b1 arm64
  convert strings into hexadecimal and back; profiling libraries

libghc-hexml-prof/stable 0.3.5-2 arm64
  XML subset DOM parser; profiling libraries

libghc-hexpat-prof/stable 0.20.13-2 arm64
  XML parser/formatter based on expat; profiling libraries

libghc-hgmp-prof/stable 0.1.2.1-2+b1 arm64
  Haskell interface to GMP; profiling libraries

libghc-hi-file-parser-prof/stable 0.1.6.0-1+b1 arm64
  Parser for GHC's hi files; profiling libraries

libghc-hierarchical-clustering-prof/stable 0.4.7-4+b1 arm64
  fast algorithms for single, average/UPGMA and complete linkage clustering; profiling libraries

libghc-hinotify-prof/stable 0.4.1-3+b1 arm64
  Haskell inotify library; profiling libraries

libghc-hint-prof/stable 0.9.0.8-1+b2 arm64
  runtime Haskell interpreter (GHC API wrapper); profiling libraries

libghc-hjsmin-prof/stable 0.2.1-2+b1 arm64
  JavaScript minifier; profiling libraries

libghc-hledger-dev/stable 1.32.3-1+b1 arm64
  CLI libraries for hledger

libghc-hledger-doc/stable 1.32.3-1 all
  CLI libraries for hledger; documentation

libghc-hledger-lib-dev/stable 1.32.3-1+b1 arm64
  core data types, parsers and utilities for the hledger accounting tool

libghc-hledger-lib-doc/stable 1.32.3-1 all
  core data types, parsers and utilities for hledger; documentation

libghc-hledger-lib-prof/stable 1.32.3-1+b1 arm64
  core data types, parsers and utilities for hledger; profiling libraries

libghc-hledger-prof/stable 1.32.3-1+b1 arm64
  CLI libraries for hledger; profiling libraries

libghc-hlint-prof/stable 3.6.1-1+b1 arm64
  Haskell source code suggestions; profiling libraries

libghc-hmatrix-gsl-prof/stable 0.19.0.1-5+b1 arm64
  numerical computation; profiling libraries

libghc-hmatrix-prof/stable 0.20.2-4+b1 arm64
  Linear algebra in Haskell; profiling libraries

libghc-hoogle-prof/stable 5.0.18.4+dfsg1-1+b3 arm64
  Haskell API Search; profiling libraries

libghc-hookup-prof/stable 0.8-1+b1 arm64
  abstraction over network connections with SOCKS5 and TLS; profiling libraries

libghc-hopenpgp-prof/stable 2.10.1-1 arm64
  OpenPGP (RFC4880); profiling libraries

libghc-hostname-prof/stable 1.0-18+b1 arm64
  providing a cross-platform means of determining the hostname; profiling lib

libghc-hourglass-prof/stable 0.2.12-7+b1 arm64
  simple performant time-related library; profiling libraries

libghc-hpack-prof/stable 0.36.1-1+b1 arm64
  alternative format for Haskell packages; profiling libraries

libghc-hs-bibutils-prof/stable 6.10.0.0-6+b1 arm64
  Haskell bindings to bibutils library; profiling libraries

libghc-hscolour-prof/stable 1.25-1 arm64
  Profiling libraries for colourising Haskell code; profiling libraries

libghc-hsemail-prof/stable 2.2.2-1+b1 arm64
  Haskell parser for emails and SMTP conversations; profiling libraries

libghc-hsini-prof/stable 0.5.2.2-2+b1 arm64
  user configuration files (INI) parser; profiling libraries

libghc-hslogger-prof/stable 1.3.1.1+dfsg-1 arm64
  logging framework for Haskell; profiling libraries

libghc-hslua-aeson-prof/stable 2.3.1.1-1+b2 arm64
  Allow aeson data types to be used with Lua.; profiling libraries

libghc-hslua-classes-prof/stable 2.3.1-1+b2 arm64
  Type classes for HsLua; profiling libraries

libghc-hslua-cli-prof/stable 1.4.3-1+b3 arm64
  command-line interface for Lua; profiling libraries

libghc-hslua-core-prof/stable 2.3.2-1+b2 arm64
  Lua bindings for Haskell; profiling libraries

libghc-hslua-list-prof/stable 1.1.4-1+b1 arm64
  Opinionated, but extensible Lua list type.; profiling libraries

libghc-hslua-marshalling-prof/stable 2.3.1-1+b2 arm64
  Marshalling of values between Haskell and Lua; profiling libraries

libghc-hslua-module-doclayout-prof/stable 1.1.1.2-1+b2 arm64
  Lua module wrapping Text.DocLayout; profiling libraries

libghc-hslua-module-path-prof/stable 1.1.1-1+b4 arm64
  Lua module to work with file paths.; profiling libraries

libghc-hslua-module-system-prof/stable 1.1.2-1+b4 arm64
  Lua module wrapper around Haskell's System module; profiling libraries

libghc-hslua-module-text-prof/stable 1.1.1-1+b4 arm64
  Lua module for text; profiling libraries

libghc-hslua-module-version-prof/stable 1.1.1-1+b4 arm64
  Lua module to work with version specifiers.; profiling libraries

libghc-hslua-module-zip-prof/stable 1.1.3-1+b4 arm64
  Lua module to work with file zips; profiling libraries

libghc-hslua-objectorientation-prof/stable 2.3.1-1+b2 arm64
  Object orientation tools for HsLua; profiling libraries

libghc-hslua-packaging-prof/stable 2.3.1-1+b2 arm64
  Utilities to build Lua modules.; profiling libraries

libghc-hslua-prof/stable 2.3.1-1+b2 arm64
  Lua language interpreter embedding in Haskell; profiling libraries

libghc-hslua-repl-prof/stable 0.1.2-1+b3 arm64
  Isocline-based Lua REPL; profiling libraries

libghc-hslua-typing-prof/stable 0.1.1-1+b2 arm64
  type specifiers for Lua in Haskell; profiling libraries

libghc-hsopenssl-prof/stable 0.11.7.8-1+b1 arm64
  partial OpenSSL binding for Haskell; profiling libraries

libghc-hsopenssl-x509-system-prof/stable 0.1.0.4-3+b1 arm64
  use system's native CA certificate store with HsOpenSSL; profiling libraries

libghc-hspec-api-prof/stable 2.11.9-2+b1 arm64
  hspec extension API; profiling libraries

libghc-hspec-attoparsec-prof/stable 0.1.0.2-10+b1 arm64
  utility functions for testing your attoparsec parsers with hspec; profiling libraries

libghc-hspec-contrib-prof/stable 0.5.2-2+b1 arm64
  contributed functionality for Hspec; profiling libraries

libghc-hspec-core-prof/stable 2.11.9-1+b1 arm64
  testing Framework for Haskell; profiling libraries

libghc-hspec-expectations-prof/stable 0.8.4-1+b1 arm64
  catchy combinators for HUnit; profiling libraries

libghc-hspec-hedgehog-prof/stable 0.1.1.0-1+b1 arm64
  Integrate Hedgehog and Hspec!; profiling libraries

libghc-hspec-megaparsec-prof/stable 2.2.1-1+b1 arm64
  utility functions for testing Megaparsec parsers with Hspec; profiling libraries

libghc-hspec-prof/stable 2.11.9-2+b1 arm64
  behavior-driven development for Haskell; profiling libraries

libghc-hspec-smallcheck-prof/stable 0.5.3-2+b1 arm64
  SmallCheck support for the Hspec testing framework; profiling libraries

libghc-hspec-wai-prof/stable 0.11.1-3+b3 arm64
  hspec support for testing WAI applications; profiling libraries

libghc-hstringtemplate-prof/stable 0.8.8-4+b1 arm64
  Haskell port of the Java library StringTemplate; profiling libraries

libghc-hsyaml-aeson-prof/stable 0.2.0.1-3 arm64
  JSON to YAML Adapter; profiling libraries

libghc-hsyaml-dev/stable 0.2.1.4-2 arm64
  pure Haskell YAML 1.2 processor - libraries

libghc-hsyslog-prof/stable 5.0.2-5+b1 arm64
  syslog bindings for Haskell; profiling libraries

libghc-html-conduit-prof/stable 1.3.2.2-3+b1 arm64
  parse HTML documents using xml-conduit datatypes; profiling libraries

libghc-html-prof/stable 1.0.1.2-19+b1 arm64
  Haskell html library for GHC; profiling libraries

libghc-http-api-data-prof/stable 0.5.1-1+b1 arm64
  converting to/from HTTP API data; profiling libraries

libghc-http-client-prof/stable 0.7.17-2+b1 arm64
  HTTP client engine; profiling libraries

libghc-http-client-restricted-prof/stable 0.1.0-1+b1 arm64
  restrict the servers that Haskell's http-client will use; profiling libraries

libghc-http-client-tls-prof/stable 0.3.6.3-1+b1 arm64
  http-client backend using connection and tls libraries; profiling libraries

libghc-http-common-prof/stable 0.8.3.4-3+b1 arm64
  common types for HTTP clients and servers; profiling libraries

libghc-http-conduit-prof/stable 2.3.9-1+b1 arm64
  HTTP/HTTPS client package with conduit interface, profiling libraries; profiling libraries

libghc-http-date-prof/stable 0.0.11-3+b1 arm64
  HTTP Date parser/formatter; profiling libraries

libghc-http-download-prof/stable 0.2.1.0-1+b2 arm64
  Verified downloads with retries; profiling libraries

libghc-http-link-header-prof/stable 1.2.1-3+b1 arm64
  parser/writer for RFC 5988's HTTP Link header; profiling libraries

libghc-http-media-prof/stable 0.8.1.1-2+b1 arm64
  processing HTTP Content-Type and Accept headers; profiling libraries

libghc-http-prof/stable 1:4000.4.1-2+b1 arm64
  GHC libraries for the Haskell HTTP client library; profiling libraries

libghc-http-reverse-proxy-prof/stable 0.6.1.0-1+b1 arm64
  reverse-proxy HTTP requests, over raw sockets or with WAI; profiling libraries

libghc-http-streams-prof/stable 0.8.9.9-1+b1 arm64
  An HTTP client using io-streams; profiling libraries

libghc-http-types-prof/stable 0.12.4-1+b1 arm64
  Generic HTTP types (for both client and server code); profiling libraries

libghc-http2-prof/stable 5.0.1-1+b1 arm64
  HTTP/2.0 library including frames and HPACK; profiling libraries

libghc-hunit-prof/stable 1.6.2.0-3+b1 arm64
  Haskell unit testing framework for GHC; profiling libraries

libghc-hxt-charproperties-prof/stable 9.5.0.0-3+b1 arm64
  Character properties and classes for XML and Unicode; profiling libraries

libghc-hxt-curl-prof/stable 9.1.1.1-13+b1 arm64
  LibCurl interface for HXT; profiling libraries

libghc-hxt-http-prof/stable 9.1.5.2-14+b1 arm64
  Interface to native Haskell HTTP package HTTP; profiling libraries

libghc-hxt-prof/stable 9.3.1.22-3+b1 arm64
  collection of tools for processing XML with Haskell; profiling libraries

libghc-hxt-regex-xmlschema-prof/stable 9.2.0.7-3+b1 arm64
  W3C XML Schema regular expressions library; profiling libraries

libghc-hxt-relaxng-prof/stable 9.1.5.5-15+b1 arm64
  HXT RelaxNG validator; profiling libraries

libghc-hxt-tagsoup-prof/stable 9.1.4-9+b1 arm64
  TagSoup parser for HXT; profiling libraries

libghc-hxt-unicode-prof/stable 9.0.2.4-12+b1 arm64
  Unicode en-/decoding functions; profiling libraries

libghc-hxt-xpath-prof/stable 9.1.2.2-2 arm64
  XPath modules for HXT; profiling libraries

libghc-iconv-prof/stable 0.4.1.3-11+b1 arm64
  string-encoding conversion; profiling libraries

libghc-ieee754-prof/stable 0.8.0-7+b1 arm64
  Utilities for dealing with IEEE floating point numbers; profiling libraries

libghc-ifelse-prof/stable 0.85-19+b1 arm64
  anaphoric and miscellaneous useful control-flow; profiling libraries

libghc-incremental-parser-prof/stable 0.5.1-1+b1 arm64
  generic incremental parsers; profiling libraries

libghc-indexed-profunctors-prof/stable 0.1.1.1-2+b1 arm64
  Utilities for indexed profunctors; profiling libraries

libghc-indexed-traversable-instances-prof/stable 0.1.2-1+b1 arm64
  Extra instances for indexed traversables in Haskell; profiling libraries

libghc-indexed-traversable-prof/stable 0.1.4-1+b1 arm64
  Indexed Traversables for Haskell; profiling libraries

libghc-infer-license-prof/stable 0.2.0-6+b1 arm64
  infer software license from a given license file; profiling libraries

libghc-infinite-list-prof/stable 0.1.1-1+b1 arm64
  infinite lists; profiling libraries

libghc-ini-prof/stable 0.4.2-3+b1 arm64
  quick and easy configuration files in the INI format; profiling libraries

libghc-inline-c-prof/stable 0.9.1.10-2+b1 arm64
  inline C code without FFI in Haskell source; profiling libraries

libghc-input-parsers-prof/stable 0.3.0.2-1+b1 arm64
  Extension of the parsers library; profiling libraries

libghc-inspection-testing-prof/stable 0.5.0.3-1+b2 arm64
  GHC plugin to do inspection testing; profiling libraries

libghc-integer-conversion-prof/stable 0.1.0.1-2+b1 arm64
  conversion from strings to Integer; profiling libraries

libghc-integer-logarithms-prof/stable 1.0.3.1-4+b1 arm64
  integer logarithms; profiling libraries

libghc-integer-roots-prof/stable 1.0.2.0-4+b1 arm64
  integer roots and perfect powers; profiling libraries

libghc-intern-dev/stable 0.9.6-1 arm64
  hash consing for data types - libraries

libghc-interpolate-prof/stable 0.2.1-4+b1 arm64
  string interpolation done right; profiling libraries

libghc-intervals-prof/stable 0.9.2-3+b1 arm64
  Haskell data type for intervals; profiling libraries

libghc-invariant-prof/stable 0.6.3-1+b1 arm64
  Haskell98 invariant functors; profiling libraries

libghc-io-storage-prof/stable 0.3-17+b1 arm64
  key-value store in the IO monad; profiling libraries

libghc-io-streams-haproxy-prof/stable 1.0.1.0-6+b1 arm64
  HAProxy protocol 1.5 support for io-streams; profiling libraries

libghc-io-streams-prof/stable 1.5.2.2-3+b1 arm64
  simple, composable, and easy-to-use stream I/O; profiling libraries

libghc-iospec-prof/stable 0.3.1.2-2+b1 arm64
  Pure specification of the IO monad; profiling libraries

libghc-iproute-prof/stable 1.7.14-1+b1 arm64
  Haskell IP routing table; profiling libraries

libghc-ipynb-prof/stable 0.2-3+b1 arm64
  Data structure for working with Jupyter notebooks (ipynb).; profiling libraries

libghc-irc-core-prof/stable 2.12-2+b1 arm64
  IRC connection library; profiling libraries

libghc-irc-dev/stable 0.6.1.1-1+b1 arm64
  Haskell IRC library

libghc-irc-prof/stable 0.6.1.1-1+b1 arm64
  Haskell IRC library; profiling libraries

libghc-iso8601-time-prof/stable 0.1.5-6+b1 arm64
  convert to/from the ISO 8601 time format; profiling libraries

libghc-isocline-prof/stable 1.0.9-3+b1 arm64
  Portable alternative to GNU Readline; profiling libraries

libghc-isomorphism-class-prof/stable 0.1.1-1+b1 arm64
  Isomorphism typeclass solving the conversion problem; profiling libraries

libghc-ixset-typed-prof/stable 0.5.1.0-3+b1 arm64
  efficient relational queries on Haskell sets; profiling libraries

libghc-jira-wiki-markup-prof/stable 1.5.1-2+b1 arm64
  Handle Jira wiki markup; profiling libraries

libghc-jmacro-prof/stable 0.6.18-2+b1 arm64
  library for programmatic generation of JavaScript; profiling libraries

libghc-js-dgtable-prof/stable 0.5.2-5+b1 arm64
  obtain minified jquery.dgtable code; profiling libraries

libghc-js-flot-data/stable 0.8.3-12 all
  bundles the jQuery Flot code into a Haskell package; runtime files

libghc-js-flot-dev/stable 0.8.3-12+b1 arm64
  bundles the jQuery Flot code into a Haskell package

libghc-js-flot-doc/stable 0.8.3-12 all
  bundles the jQuery Flot code into a Haskell package; documentation

libghc-js-flot-prof/stable 0.8.3-12+b1 arm64
  bundles the jQuery Flot code into a Haskell package; profiling libraries

libghc-js-jquery-data/stable 3.3.1-6 all
  bundles the minified jQuery code into a Haskell package

libghc-js-jquery-dev/stable 3.3.1-6+b1 arm64
  bundles the minified jQuery code into a Haskell package

libghc-js-jquery-doc/stable 3.3.1-6 all
  bundles the minified jQuery code into a Haskell package; documentation

libghc-js-jquery-prof/stable 3.3.1-6+b1 arm64
  bundles the minified jQuery code into a Haskell package; profiling libraries

libghc-json-prof/stable 0.11-1+b1 arm64
  Haskell library for serialising data to and from JSON; profiling libraries

libghc-jsonpath-prof/stable 0.3.0.0-3 arm64
  Library to parse and execute JSONPath; profiling libraries

libghc-juicypixels-prof/stable 3.3.9-1+b1 arm64
  Haskell picture loading and serialization library; profiling libraries

libghc-jwt-prof/stable 0.11.0-3+b1 arm64
  JSON Web Token (JWT) decoding and encoding; profiling libraries

libghc-kan-extensions-prof/stable 5.2.6-1+b1 arm64
  Kan extensions, Kan lifts, etc.; profiling libraries

libghc-keys-prof/stable 3.12.3-4+b1 arm64
  Keyed functors and containers; profiling libraries

libghc-knob-prof/stable 0.2.2-2+b1 arm64
  Haskell library for memory-backed handles; profiling libraries

libghc-kvitable-prof/stable 1.0.3.0-1+b1 arm64
  Key/Value Indexed Table container and formatting library; profiling libraries

libghc-lambdabot-core-prof/stable 5.3.1.2-1+b1 arm64
  Lambdabot core functionality; profiling libraries

libghc-lambdabot-haskell-plugins-prof/stable 5.3.1.2-1+b3 arm64
  Lambdabot Haskell plugins; profiling libraries

libghc-lambdabot-irc-plugins-prof/stable 5.3.1.2-1+b1 arm64
  IRC plugins for lambdabot; profiling libraries

libghc-lambdabot-misc-plugins-prof/stable 5.3.1.2-1+b1 arm64
  Lambdabot miscellaneous plugins; profiling libraries

libghc-lambdabot-reference-plugins-prof/stable 5.3.1.2-1+b1 arm64
  Lambdabot reference plugins; profiling libraries

libghc-lambdabot-social-plugins-prof/stable 5.3.1.2-1+b1 arm64
  social plugins for Lambdabot; profiling libraries

libghc-lambdabot-trusted-prof/stable 5.3.1.2-1+b1 arm64
  Lambdabot trusted code; profiling libraries

libghc-lambdahack-prof/stable 0.11.0.1-1+b2 arm64
  tactical squad ASCII roguelike dungeon crawler game engine; profiling libraries

libghc-language-c-prof/stable 0.9.4-1 arm64
  Haskell library for the analysis and generation of C code; profiling libraries

libghc-language-c-quote-prof/stable 0.13.0.2-1+b1 arm64
  C/CUDA/OpenCL/Objective-C quasiquoting library; profiling libraries

libghc-language-c99-prof/stable 0.2.0-3+b1 arm64
  Impl. of C99 AST that strictly follows the standard; profiling libraries

libghc-language-c99-simple-prof/stable 0.3.0-2+b1 arm64
  C-like AST to simplify writing C99 programs.; profiling libraries

libghc-language-c99-util-prof/stable 0.2.0-3+b1 arm64
  Utilities for language-c99.; profiling libraries

libghc-language-glsl-prof/stable 0.3.0-4+b1 arm64
  GLSL abstract syntax tree, parser, and pretty-printer; profiling libraries

libghc-language-javascript-prof/stable 0.7.1.0-4+b1 arm64
  JavaScript parser; profiling libraries

libghc-language-python-prof/stable 0.5.8-4+b1 arm64
  parsing and pretty printing of Python code; profiling libraries

libghc-lazy-csv-prof/stable 0.5.1-7+b1 arm64
  efficient lazy parsers for CSV (comma-separated values); profiling libraries

libghc-lazysmallcheck-prof/stable 0.6-15+b1 arm64
  A library for demand-driven testing of Haskell programs; profiling libraries

libghc-lens-action-prof/stable 0.2.6-3+b2 arm64
  Monadic Getters and Folds; profiling libraries

libghc-lens-aeson-prof/stable 1.2.3-2+b2 arm64
  law-abiding lenses for aeson; profiling libraries

libghc-lens-family-core-prof/stable 2.1.3-1+b1 arm64
  Haskell 98 Lens Families; profiling libraries

libghc-lens-prof/stable 5.2.3-2+b2 arm64
  Lenses, Folds and Traversals; profiling libraries

libghc-libbf-prof/stable 0.6.8-1+b1 arm64
  Binding to the libBF library; profiling libraries

libghc-libffi-dev/stable 0.2.1-2+b1 arm64
  A binding to libffi

libghc-libffi-doc/stable 0.2.1-2 all
  A binding to libffi; documentation

libghc-libffi-prof/stable 0.2.1-2+b1 arm64
  A binding to libffi; profiling libraries

libghc-libmpd-prof/stable 0.10.0.1-1+b1 arm64
  MPD client library; profiling libraries

libghc-libyaml-prof/stable 0.1.4-1+b1 arm64
  low-level, streaming YAML interface.; profiling libraries

libghc-lift-type-prof/stable 0.1.2.0-1+b1 arm64
  Lift a type from a Typeable constraint to a Template Haskell type; profiling libraries

libghc-lifted-async-prof/stable 0.10.2.6-1 arm64
  operations from async lifted to MonadBase; profiling libraries

libghc-lifted-base-prof/stable 0.2.3.12-6+b1 arm64
  Lifted IO operations from the base library; profiling libraries

libghc-linear-prof/stable 1.22-2+b2 arm64
  Linear Algebra; profiling libraries

libghc-list-prof/stable 0.6.2-3+b1 arm64
  list monad transformer and class; profiling libraries

libghc-listlike-prof/stable 4.7.8.2-2+b1 arm64
  Generic support for list-like structures; profiling libraries

libghc-load-env-prof/stable 0.2.1.0-5+b1 arm64
  load environment variables from a file; profiling libraries

libghc-log-domain-prof/stable 0.13.2-3+b1 arm64
  log-domain arithmetic; profiling libraries

libghc-logging-facade-prof/stable 0.3.1-3+b1 arm64
  simple logging abstraction that allows multiple backends; profiling libraries

libghc-logict-prof/stable 0.8.1.0-1+b1 arm64
  Backtracking logic-programming monad; profiling libraries

libghc-lpeg-prof/stable 1.0.4-2+b2 arm64
  LPeg – Parsing Expression Grammars For Lua; profiling libraries

libghc-lrucache-prof/stable 1.2.0.1-5+b1 arm64
  simple, pure least-recent-used cache; profiling libraries

libghc-lua-arbitrary-prof/stable 1.0.1.1-2+b2 arm64
  Arbitrary instances for Lua types; profiling libraries

libghc-lua-prof/stable 2.3.3+ds1-1+b1 arm64
  Lua bindings for Haskell; profiling libraries

libghc-lucid-prof/stable 2.11.20230408-2+b1 arm64
  clear to write, read, and edit DSL for HTML; profiling libraries

libghc-lukko-prof/stable 0.1.1.3-5+b1 arm64
  file locking; profiling libraries

libghc-lumberjack-prof/stable 1.0.3.0-2+b1 arm64
  Trek through your code forest and make logs; profiling libraries

libghc-lzma-prof/stable 0.0.1.1-1+b1 arm64
  LZMA/XZ compression and decompression; profiling libraries

libghc-magic-prof/stable 1.1-12+b1 arm64
  File type determination library for Haskell; profiling libraries

libghc-mainland-pretty-prof/stable 0.7.1.1-1+b1 arm64
  pretty printing designed for printing source code; profiling libraries

libghc-managed-prof/stable 1.0.10-2+b1 arm64
  monad for managed values; profiling libraries

libghc-map-syntax-prof/stable 0.3-9+b1 arm64
  syntax sugar for defining maps; profiling libraries

libghc-markdown-prof/stable 0.1.17.5-3+b1 arm64
  convert Markdown to HTML, with XSS protection; profiling libraries

libghc-markdown-unlit-prof/stable 0.6.0-1+b1 arm64
  Literate Haskell support for Markdown; profiling libraries

libghc-math-functions-prof/stable 0.3.4.4-1+b1 arm64
  Special functions and Chebyshev polynomials; profiling libraries

libghc-megaparsec-prof/stable 9.5.0-1+b1 arm64
  monadic parser combinators; profiling libraries

libghc-memoize-prof/stable 1.1.2-3+b1 arm64
  Memoization for haskell functions; profiling libraries

libghc-memory-prof/stable 0.18.0-4+b1 arm64
  memory and related abstraction stuff; profiling libraries

libghc-memotrie-prof/stable 0.6.11-2+b1 arm64
  trie-based memo functions; profiling libraries

libghc-mersenne-random-pure64-prof/stable 0.2.2.0-7+b1 arm64
  Fast pure pseudorandom number generator; profiling libraries

libghc-microlens-aeson-prof/stable 2.5.2-1+b1 arm64
  Law-abiding lenses for Aeson, using microlens; profiling libraries

libghc-microlens-ghc-prof/stable 0.4.14.3-1+b1 arm64
  microlens + array, bytestring, containers, transformers; profiling libraries

libghc-microlens-mtl-prof/stable 0.2.0.3-2+b1 arm64
  microlens support for Reader/Writer/State from mtl; profiling libraries

libghc-microlens-platform-prof/stable 0.4.3.5-1+b1 arm64
  feature-complete microlens; profiling libraries

libghc-microlens-prof/stable 0.4.13.1-2+b1 arm64
  a tiny part of the lens library with no dependencies; profiling libraries

libghc-microlens-th-prof/stable 0.4.3.15-1+b1 arm64
  Automatic generation of record lenses for microlens; profiling libraries

libghc-microspec-prof/stable 0.2.1.3-6+b1 arm64
  tiny QuickCheck test library with minimal dependencies; profiling libraries

libghc-microstache-prof/stable 1.0.2.3-2+b1 arm64
  alternative Mustache templates; profiling libraries

libghc-mime-mail-prof/stable 0.5.1-3+b1 arm64
  Library to compose MIME email messages; profiling libraries

libghc-mime-mail-ses-prof/stable 0.4.3-3+b1 arm64
  send mime-mail messages via Amazon SES; profiling libraries

libghc-mime-types-prof/stable 0.1.2.0-1+b1 arm64
  mime-type handling types and functions; profiling libraries; profiling libraries

libghc-minimorph-prof/stable 0.3.0.1-3+b1 arm64
  English-spelling functions with an emphasis on simplicity; profiling libraries

libghc-miniutter-prof/stable 0.5.1.2-3+b1 arm64
  simple English clause creation from arbitrary words; profiling libraries

libghc-missingh-prof/stable 1.6.0.1-2+b1 arm64
  Library of utility functions for Haskell, profiling libraries

libghc-mmap-prof/stable 0.5.9-11+b1 arm64
  Memory mapped files for POSIX and Windows; profiling libraries

libghc-mmorph-prof/stable 1.2.0-3+b1 arm64
  monad morphisms; profiling libraries

libghc-mockery-prof/stable 0.3.5-7+b1 arm64
  support functions for automated testing; profiling libraries

libghc-mod-prof/stable 0.2.0.1-2+b1 arm64
  fast type-safe modular arithmetic; profiling libraries

libghc-monad-chronicle-prof/stable 1.0.2-1+b1 arm64
  These as a transformer, ChronicleT; profiling libraries

libghc-monad-control-prof/stable 1.0.3.1-3+b1 arm64
  Monad transformers to lift control operations; profiling libraries

libghc-monad-logger-prof/stable 0.3.40-2+b1 arm64
  a class of monads which can log messages; profiling libraries

libghc-monad-loops-prof/stable 0.4.3-11+b1 arm64
  monadic looping; profiling libraries

libghc-monad-memo-prof/stable 0.5.4-3+b1 arm64
  memoization monad transformer; profiling libraries

libghc-monad-par-extras-prof/stable 0.3.3-14+b1 arm64
  Combinators and extra features for Par monads; profiling libraries

libghc-monad-par-prof/stable 0.3.6-2+b1 arm64
  parallel programming based on a monad; profiling libraries

libghc-monadlib-prof/stable 3.10.1-3+b1 arm64
  collection of monad transformers; profiling libraries

libghc-monadlist-prof/stable 0.0.2-7+b1 arm64
  Monadic versions of list functions; profiling libraries

libghc-monadprompt-prof/stable 1.0.0.5-13+b1 arm64
  MonadPrompt, implementation & examples; profiling libraries

libghc-monadrandom-prof/stable 0.6-2+b1 arm64
  random-number generation monad; profiling libraries

libghc-monads-tf-prof/stable 0.3.0.1-1+b1 arm64
  monad classes, using type families; profiling libraries

libghc-mono-traversable-instances-prof/stable 0.1.1.0-4+b1 arm64
  extra typeclass instances for mono-traversable; profiling libraries

libghc-mono-traversable-prof/stable 1.0.20.0-1 arm64
  typeclasses for mapping/folding/traversing monomorphic containers; profiling libraries

libghc-monoid-extras-prof/stable 0.6.3-1+b1 arm64
  Various extra monoid-related definitions and utilities; profiling libraries

libghc-monoid-subclasses-prof/stable 1.2.5.1-1+b1 arm64
  subclasses of Monoid; profiling libraries

libghc-mountpoints-prof/stable 1.0.2-9+b1 arm64
  list mount points; profiling libraries

libghc-mueval-prof/stable 0.9.4-1+b1 arm64
  safely evaluate pure Haskell expressions; profiling libraries

libghc-multimap-prof/stable 1.2.1-6+b1 arm64
  maps with multiple values per key; profiling libraries

libghc-multipart-prof/stable 0.2.1-3+b1 arm64
  HTTP multipart support; profiling libraries

libghc-multiset-comb-prof/stable 0.2.4.2-2+b1 arm64
  combinatorial algorithms over multisets; profiling libraries

libghc-multistate-prof/stable 0.8.0.4-3+b1 arm64
  equivalent of multiple RWST in the same stack; profiling libraries

libghc-murmur-hash-prof/stable 0.1.0.10-3+b1 arm64
  MurmurHash2 implementation for Haskell.; profiling libraries

libghc-musicbrainz-prof/stable 0.4.1-5+b1 arm64
  interface to MusicBrainz XML2/JSON web services; profiling libraries

libghc-mustache-prof/stable 2.4.2-2+b1 arm64
  Haskell implementation of Mustache templates; profiling libraries

libghc-mutable-containers-prof/stable 0.3.4.1-3+b1 arm64
  abstactions and concrete implementations of mutable containers; profiling libraries

libghc-mwc-random-prof/stable 0.15.1.0-1+b1 arm64
  Fast, high quality pseudo random number generation; profiling libraries

libghc-names-th-prof/stable 0.3.0.1-4+b1 arm64
  Manipulate name strings for TH; profiling libraries

libghc-nanospec-prof/stable 0.2.2-6+b1 arm64
  lightweight implementation of a subset of Hspec's API; profiling libraries

libghc-natural-transformation-prof/stable 0.4-9+b1 arm64
  natural transformations; profiling libraries

libghc-neat-interpolation-prof/stable 0.5.1.4-2+b1 arm64
  quasiquoter for simple multiline text interpolation; profiling libraries

libghc-nettle-prof/stable 0.3.1.1-1+b1 arm64
  safe bindings to nettle crypto library; profiling libraries

libghc-netwire-prof/stable 5.0.3-6+b1 arm64
  flexible wire arrows for FRP; profiling libraries

libghc-network-bsd-prof/stable 2.8.1.0-5+b1 arm64
  POSIX network database netdb.h API; profiling libraries

libghc-network-byte-order-prof/stable 0.1.7-2+b1 arm64
  network byte-order utility functions; profiling libraries

libghc-network-conduit-tls-prof/stable 1.4.0.1-1+b1 arm64
  create TLS-aware network code with conduits; profiling libraries

libghc-network-control-prof/stable 0.0.2-3+b1 arm64
  Library to control network protocols; profiling libraries

libghc-network-info-dev/stable 0.2.1-3+b1 arm64
  listing network interfaces in Haskell

libghc-network-info-prof/stable 0.2.1-3+b1 arm64
  listing network interfaces in Haskell; profiling libraries

libghc-network-multicast-dev/stable 0.3.2-4+b1 arm64
  Haskell multicast networking

libghc-network-multicast-prof/stable 0.3.2-4+b1 arm64
  Haskell multicast networking; profiling libraries

libghc-network-prof/stable 3.1.4.0-2+b1 arm64
  Haskell low-level network library; profiling libraries

libghc-network-run-prof/stable 0.2.8-1+b1 arm64
  Simple network runner library; profiling libraries

libghc-network-uri-prof/stable 2.6.4.2-2+b1 arm64
  URI manipulation; profiling libraries

libghc-newtype-generics-prof/stable 0.6.2-3+b1 arm64
  Typeclass and set of functions for working with newtypes; profiling libraries

libghc-newtype-prof/stable 0.2.2.0-4+b1 arm64
  A typeclass for working with newtypes; profiling libraries

libghc-nonce-prof/stable 1.0.7-7+b1 arm64
  generate cryptographic nonces; profiling libraries

libghc-nothunks-prof/stable 0.1.5-1+b1 arm64
  Examine values for unexpected thunks; profiling libraries

libghc-numbers-prof/stable 3000.2.0.2-6+b1 arm64
  Various number types; profiling libraries

libghc-numeric-extras-prof/stable 0.1-9+b1 arm64
  Useful tools from the C standard library; profiling libraries

libghc-numinstances-prof/stable 1.4-12+b1 arm64
  Instances of numeric classes for functions and tuples; profiling libraries

libghc-numtype-dk-prof/stable 0.5.0.3-3+b1 arm64
  type-level integers without fundeps; profiling libraries

libghc-objectname-dev/stable 1.1.0.2-3+b1 arm64
  Explicitly handled object names

libghc-objectname-doc/stable 1.1.0.2-3 all
  Explicitly handled object names; documentation

libghc-objectname-prof/stable 1.1.0.2-3+b1 arm64
  Explicitly handled object names; profiling libraries

libghc-oeis-prof/stable 0.3.10-4+b1 arm64
  Interface to the Online Encyclopedia of Integer Sequences; profiling libraries

libghc-ofx-prof/stable 0.4.4.0-4+b1 arm64
  parser for Open Financial Exchange (OFX) financial data; profiling libraries

libghc-old-locale-prof/stable 1.0.0.7-12+b1 arm64
  locale library; profiling libraries

libghc-old-time-prof/stable 1.1.0.4-1+b1 arm64
  time library; profiling libraries

libghc-onetuple-prof/stable 0.4.2-1+b1 arm64
  singleton tuple; profiling libraries

libghc-only-prof/stable 0.1-6+b1 arm64
  1-tuple type or single-value "collection"; profiling libraries

libghc-oo-prototypes-prof/stable 0.1.0.0-11+b1 arm64
  Support for OO-like prototypes; profiling libraries

libghc-open-browser-prof/stable 0.2.1.0-10+b1 arm64
  open a web browser from Haskell; profiling libraries

libghc-opengl-prof/stable 3.0.3.0-5+b1 arm64
  Haskell OpenGL binding for GHC; profiling libraries

libghc-openglraw-prof/stable 3.3.4.1-3+b1 arm64
  Raw binding for the OpenGL graphics system; profiling libraries

libghc-openpgp-asciiarmor-prof/stable 0.1.2-5+b1 arm64
  OpenPGP (RFC4880) ASCII Armor codec; profiling libraries

libghc-openssl-streams-prof/stable 1.2.3.0-3+b1 arm64
  OpenSSL network support for io-streams; profiling libraries

libghc-operational-prof/stable 0.2.4.2-2+b1 arm64
  implementation of difficult monads made easy with operational semantics; profiling libraries

libghc-optional-args-prof/stable 1.0.2-5+b1 arm64
  optional function arguments; profiling libraries

libghc-optparse-applicative-prof/stable 0.18.1.0-1+b1 arm64
  utilities and combinators for parsing command-line options; profiling libraries

libghc-optparse-simple-prof/stable 0.1.1.4-3+b1 arm64
  simple interface to optparse-applicative; profiling libraries

libghc-ordered-containers-prof/stable 0.2.4-1+b2 arm64
  Ordered Containers for Haskell; profiling libraries

libghc-ormolu-prof/stable 0.7.2.0-1+b1 arm64
  formatter for Haskell source code; profiling libraries

libghc-os-string-prof/stable 2.0.6-2+b1 arm64
  library for manipulating Operating system strings; profiling libraries

libghc-pager-prof/stable 0.1.1.0-2+b1 arm64
  open up a pager, like 'less' or 'more'; profiling libraries

libghc-pandoc-lua-engine-prof/stable 0.2.1.2-1+b2 arm64
  Lua engine to power custom pandoc conversions; profiling libraries

libghc-pandoc-lua-marshal-prof/stable 0.2.9-1+b1 arm64
  Use pandoc types in Lua; profiling libraries

libghc-pandoc-prof/stable 3.1.11.1-3 arm64
  Conversion between markup formats; profiling libraries

libghc-pandoc-server-prof/stable 0.1.0.5-1+b3 arm64
  Pandoc document conversion as an HTTP servant-server; profiling libraries

libghc-pandoc-types-prof/stable 1.23.1-2+b1 arm64
  Haskell data types to represent structured documents; profiling libraries

libghc-pango-prof/stable 0.13.11.0-2 arm64
  Binding to the Pango text rendering engine; profiling libraries

libghc-panic-prof/stable 0.4.0.1-5+b1 arm64
  convenient way to panic; profiling libraries

libghc-pantry-prof/stable 0.9.3.2-1+b2 arm64
  Content addressable Haskell package management; profiling libraries

libghc-parallel-prof/stable 3.2.2.0-6+b1 arm64
  Haskell parallel programming library for GHC; profiling libraries

libghc-parameterized-utils-prof/stable 2.1.9.0-1 arm64
  Classes/data structures for data-kind indexed types; profiling libraries

libghc-parseargs-prof/stable 0.2.0.9-5+b1 arm64
  Command-line argument parsing library; profiling libraries

libghc-parsec-numbers-prof/stable 0.1.0-6+b1 arm64
  utilities for parsing numbers from strings; profiling libraries

libghc-parser-combinators-prof/stable 1.3.0-3+b1 arm64
  commonly useful parser combinators; profiling libraries

libghc-parsers-prof/stable 0.12.11-3+b1 arm64
  parsing combinators; profiling libraries

libghc-path-io-prof/stable 1.8.2-1+b1 arm64
  Interface to ‘directory’ package for users of ‘path’; profiling libraries

libghc-path-pieces-prof/stable 0.2.1-11+b1 arm64
  components of paths; profiling libraries

libghc-path-prof/stable 0.9.5-1+b1 arm64
  normalizing well-typed path type; profiling libraries

libghc-patience-prof/stable 0.3-4+b1 arm64
  Haskell implementation of the Patience Diff algorithm; profiling libraries

libghc-pcap-prof/stable 0.4.5.2-17+b1 arm64
  Haskell wrapper around the C libpcap library; profiling libraries

libghc-peano-prof/stable 0.1.0.2-2+b1 arm64
  lazy unary natural numbers; profiling libraries

libghc-pem-prof/stable 0.2.4-6+b1 arm64
  Privacy Enhanced Mail (PEM) format reader and writer; profiling libraries

libghc-persistent-postgresql-prof/stable 2.13.6.2-1+b1 arm64
  backend for the persistent library using PostgreSQL; profiling libraries

libghc-persistent-prof/stable 2.14.6.3-1+b1 arm64
  type-safe, non-relational, multi-backend persistence; profiling libraries

libghc-persistent-sqlite-prof/stable 2.13.3.0-1+b1 arm64
  SQLite3 backend for the persistent library; profiling libraries

libghc-persistent-template-prof/stable 2.12.0.0-3+b1 arm64
  type-safe, non-relational, multi-backend persistence; profiling libraries

libghc-pid1-dev/stable 0.1.3.1-2+b1 arm64
  signal handling and orphan reaping for Unix PID1 init processes

libghc-pid1-doc/stable 0.1.3.1-2 all
  signal handling and orphan reaping for Unix PID1 init processes; documentation

libghc-pid1-prof/stable 0.1.3.1-2+b1 arm64
  signal handling and orphan reaping for Unix PID1 init processes; profiling libraries

libghc-pipes-attoparsec-prof/stable 0.6.0-2+b1 arm64
  Attoparsec-Pipes integration; profiling libraries

libghc-pipes-bytestring-prof/stable 2.1.7-3+b1 arm64
  ByteString support for pipes; profiling libraries

libghc-pipes-group-prof/stable 1.0.12-5+b1 arm64
  group streams into substreams; profiling libraries

libghc-pipes-parse-prof/stable 3.0.9-3+b1 arm64
  parsing infrastructure for the pipes ecosystem; profiling libraries

libghc-pipes-prof/stable 4.3.16-3+b1 arm64
  compositional pipelines; profiling libraries

libghc-pipes-safe-prof/stable 2.3.5-1+b1 arm64
  safety for the pipes ecosystem; profiling libraries

libghc-pointed-prof/stable 5.0.4-3+b1 arm64
  pointed and copointed data; profiling libraries

libghc-pointedlist-prof/stable 0.6.1-12+b1 arm64
  zipper-like comonad which works as a list, tracking a position; profiling libraries

libghc-polyparse-prof/stable 1.13-4+b1 arm64
  alternative parser combinator libraries for Haskell; profiling libraries

libghc-posix-pty-prof/stable 0.2.2-4+b1 arm64
  interact with pseudoterminals using subprocesses; profiling libraries

libghc-postgresql-libpq-prof/stable 0.10.0.0-1+b1 arm64
  low-level binding to libpq; profiling libraries

libghc-postgresql-simple-prof/stable 0.7.0.0-1+b1 arm64
  mid-level PostgreSQL client library; profiling libraries

libghc-pqueue-prof/stable 1.5.0.0-1+b1 arm64
  reliable, persistent, fast priority queues.; profiling libraries

libghc-prelude-extras-prof/stable 0.4.0.3-9+b1 arm64
  higher-order versions of Prelude classes; profiling libraries

libghc-pretty-show-prof/stable 1.10-4+b1 arm64
  Profiling libraries for pretty printing Haskell data structures; profiling libraries

libghc-pretty-simple-prof/stable 4.1.2.0-3+b1 arm64
  pretty printer for data types with a 'Show' instance; profiling libraries

libghc-prettyclass-prof/stable 1.0.0.0-12+b1 arm64
  Pretty printing class similar to Show.; profiling libraries

libghc-prettyprinter-ansi-terminal-prof/stable 1.1.3-3+b1 arm64
  ANSI terminal backend for prettyprinter; profiling libraries

libghc-prettyprinter-compat-ansi-wl-pprint-prof/stable 1.0.2-2+b1 arm64
  compatibility package to migrate to prettyprinter; profiling libraries

libghc-prettyprinter-interp-prof/stable 0.2.0.0-3+b1 arm64
  Efficient interpolation for Prettyprinter; profiling libraries

libghc-prettyprinter-prof/stable 1.7.1-3+b1 arm64
  modern, easy-to-use, extensible prettyprinter; profiling libraries

libghc-prim-uniq-prof/stable 0.2-4+b1 arm64
  opaque unique identifiers in primitive state monads; profiling libraries

libghc-primes-prof/stable 0.2.1.0-16+b1 arm64
  efficient, purely functional generation of prime numbers; profiling libraries

libghc-primitive-addr-prof/stable 0.1.0.3-1+b1 arm64
  addresses to unmanaged memory; profiling libraries

libghc-primitive-prof/stable 0.8.0.0-2+b1 arm64
  Wrappers for primitive operations; profiling libraries

libghc-primitive-unaligned-prof/stable 0.1.1.2-5+b1 arm64
  unaligned access to primitive arrays; profiling libraries

libghc-process-extras-prof/stable 0.7.4-7+b1 arm64
  Extra functionality for the Process library; profiling libraries

libghc-profunctors-prof/stable 5.6.2-3+b1 arm64
  Haskell 98 Profunctors; profiling libraries

libghc-project-template-prof/stable 0.2.1.0-4+b1 arm64
  specify Haskell project templates and generate files; profiling libraries

libghc-propellor-prof/stable 5.17-2+b1 arm64
  property-based host configuration management in haskell; profiling libraries

libghc-protobuf-prof/stable 0.2.1.3-5+b1 arm64
  Google Protocol Buffers for Haskell; profiling libraries

libghc-psqueue-prof/stable 1.2.0-2+b1 arm64
  Priority Search Queue; profiling libraries

libghc-psqueues-prof/stable 0.2.8.0-1+b1 arm64
  Pure priority search queues; profiling libraries

libghc-puremd5-prof/stable 2.1.4-3+b1 arm64
  implementation of the MD5 digest (hash) algorithm; profiling libraries

libghc-pwstore-fast-prof/stable 2.4.4-13+b1 arm64
  secure password storage; profiling libraries

libghc-quickcheck-classes-base-prof/stable 0.6.2.0-5+b1 arm64
  QuickCheck common typeclasses from `base`; profiling libraries

libghc-quickcheck-classes-prof/stable 0.6.5.0-3+b1 arm64
  QuickCheck common typeclasses; profiling libraries

libghc-quickcheck-instances-prof/stable 0.3.30-2+b1 arm64
  common QuickCheck instances; profiling libraries

libghc-quickcheck-io-prof/stable 0.2.0-7+b1 arm64
  use HUnit assertions as QuickCheck properties; profiling libraries

libghc-quickcheck-safe-dev/stable 0.1.0.6-5+b1 arm64
  Safe reimplementation of QuickCheck's core

libghc-quickcheck-safe-doc/stable 0.1.0.6-5 all
  Safe reimplementation of QuickCheck's core; documentation

libghc-quickcheck-safe-prof/stable 0.1.0.6-5+b1 arm64
  Safe reimplementation of QuickCheck's core; profiling libraries

libghc-quickcheck-simple-prof/stable 0.1.1.1-4+b1 arm64
  Test properties and default-mains for QuickCheck; profiling libraries

libghc-quickcheck-text-prof/stable 0.1.2.1-8+b1 arm64
  alternative arbitrary instance for Text; profiling libraries

libghc-quickcheck-unicode-prof/stable 1.0.1.0-7+b1 arm64
  Generator and shrink functions for testing Unicode-related software.; profiling libraries

libghc-quickcheck2-prof/stable 2.14.3-2+b1 arm64
  Haskell automatic testing library for GHC; profiling libraries

libghc-quote-quot-prof/stable 0.2.1.0-2+b1 arm64
  divide without division; profiling libraries

libghc-random-fu-dev/stable 0.3.0.1-2+b1 arm64
  random number generation

libghc-random-fu-doc/stable 0.3.0.1-2 all
  random number generation; documentation

libghc-random-fu-prof/stable 0.3.0.1-2+b1 arm64
  random number generation; profiling libraries

libghc-random-prof/stable 1.2.1.2-1+b1 arm64
  random number generator for Haskell; profiling libraries

libghc-random-shuffle-prof/stable 0.0.4-14+b1 arm64
  random shuffle library; profiling libraries

libghc-rank2classes-prof/stable 1.5.3.1-1+b1 arm64
  rank-2-type standard type constructor class hierarchy; profiling libraries

libghc-rate-limit-prof/stable 1.4.3-2+b1 arm64
  rate-limiting IO actions; profiling libraries

libghc-raw-strings-qq-prof/stable 1.1-6+b1 arm64
  Raw string literals for Haskell; profiling libraries

libghc-reactive-banana-prof/stable 1.3.2.0-3+b1 arm64
  Library for functional reactive programming (FRP); profiling libraries

libghc-readable-prof/stable 0.3.1-10+b1 arm64
  reading from Text and ByteString; profiling libraries

libghc-readargs-prof/stable 1.2.3-8+b1 arm64
  simple command-line argument parsing; profiling libraries

libghc-recaptcha-prof/stable 0.1.0.4-6+b1 arm64
  Haskell interface to reCAPTCHA service; profiling libraries

libghc-recursion-schemes-prof/stable 5.2.3-1+b1 arm64
  generalized bananas, lenses and barbed wire; profiling libraries

libghc-recv-prof/stable 0.1.0-2+b1 arm64
  efficient network recv; profiling libraries

libghc-reducers-prof/stable 3.12.4-3+b1 arm64
  semigroup-based containers and reductions; profiling libraries

libghc-refact-prof/stable 0.3.0.2-9+b1 arm64
  specify refactorings to perform with apply-refact; profiling libraries

libghc-reflection-prof/stable 2.1.8-2+b1 arm64
  reifies arbitrary terms into types that can be reflected; profiling libraries

libghc-regex-applicative-prof/stable 0.3.4-3+b1 arm64
  regex-based parsing with applicative interface; profiling libraries

libghc-regex-base-prof/stable 0.94.0.2-3+b1 arm64
  GHC library providing an API for regular expressions; profiling libraries

libghc-regex-pcre2-prof/stable 1.0.0.0-2 arm64
  PCRE2 Backend for "Text.Regex" (regex-base); profiling libraries

libghc-regex-prof/stable 1.1.0.2-3 arm64
  Haskell Regex Toolkit; profiling libraries

libghc-regex-tdfa-prof/stable 1.3.2.2-2+b1 arm64
  Haskell library for a tagged DFA regex engine; profiling libraries

libghc-reinterpret-cast-prof/stable 0.1.0-5+b1 arm64
  Memory reinterpretation casts for Float/Double/Word32/Word64; profiling libraries

libghc-repline-prof/stable 0.4.2.0-3+b1 arm64
  Haskeline wrapper for GHCi-like REPL interfaces.; profiling libraries

libghc-resolv-prof/stable 0.2.0.2-2+b1 arm64
  Domain Name Service (DNS) lookup via libresolv; profiling libraries

libghc-resource-pool-prof/stable 0.4.0.0-2+b1 arm64
  high-performance striped resource-pooling implementation; profiling libraries

libghc-resourcet-prof/stable 1.3.0-1+b1 arm64
  deterministic allocation and freeing of scarce resources; profiling libraries

libghc-retry-prof/stable 0.9.3.1-2+b1 arm64
  Retry combinators for monadic actions that may fail; profiling libraries

libghc-rfc5051-prof/stable 0.2-4+b1 arm64
  simple unicode collation as per RFC5051; profiling libraries

libghc-rio-orphans-prof/stable 0.1.2.0-3+b1 arm64
  Orphan instances for the RIO type in the rio package; profiling libraries

libghc-rio-prettyprint-prof/stable 0.1.8.0-1+b1 arm64
  Pretty-printing for RIO; profiling libraries

libghc-rio-prof/stable 0.1.22.0-3+b1 arm64
  standard library for Haskell; profiling libraries

libghc-rsa-prof/stable 2.4.1-4+b1 arm64
  implementation of RSA, using padding schemes of PKCS#1; profiling libraries

libghc-rvar-dev/stable 0.3.0.2-2+b1 arm64
  random variables

libghc-rvar-doc/stable 0.3.0.2-2 all
  random variables; documentation

libghc-rvar-prof/stable 0.3.0.2-2+b1 arm64
  random variables; profiling libraries

libghc-s-cargot-prof/stable 0.1.6.0-2+b1 arm64
  flexible, extensible s-expression library; profiling libraries

libghc-safe-exceptions-prof/stable 0.1.7.4-2+b1 arm64
  safe, consistent, and easy exception handling; profiling libraries

libghc-safe-prof/stable 0.3.21-1+b1 arm64
  Profiling library for safe (pattern match free) functions; profiling libraries

libghc-safecopy-prof/stable 0.10.4.2-3+b1 arm64
  Haskell serialization library with version control - GHC profiling libraries; profiling libraries

libghc-safesemaphore-prof/stable 0.10.1-14+b1 arm64
  exception safe alternatives to QSem, QSemN, and SampleVar - GHC profiling data; profiling libraries

libghc-sandi-prof/stable 0.5-6+b1 arm64
  Haskell library of data encoders and decoders; profiling libraries

libghc-say-prof/stable 0.1.0.1-6+b1 arm64
  send textual messages to a Handle in a thread-friendly way; profiling libraries

libghc-sbv-prof/stable 10.2-2+b1 arm64
  symbolic Haskell theorem prover using SMT solving; profiling libraries

libghc-scanner-prof/stable 0.3.1-4+b1 arm64
  fast incremental combinator parsing for bytestrings; profiling libraries

libghc-scientific-prof/stable 0.3.7.0-3+b1 arm64
  scientific notation for floating-point numbers; profiling libraries

libghc-scotty-prof/stable 0.20.1+dfsg-1+b3 arm64
  Haskell web framework inspired by Ruby's Sinatra; profiling libraries

libghc-sdl2-image-prof/stable 2.1.0.0-4+b2 arm64
  Haskell bindings to SDL2_image; profiling libraries

libghc-sdl2-mixer-prof/stable 1.2.0.0-4+b3 arm64
  Haskell bindings to SDL2_mixer; profiling libraries

libghc-sdl2-prof/stable 2.5.5.0-2+b2 arm64
  high- and low-level bindings to the SDL 2 library; profiling libraries

libghc-sdl2-ttf-prof/stable 2.1.3-3+b2 arm64
  bindings to SDL2_ttf; profiling libraries

libghc-secret-sharing-prof/stable 1.0.1.2-4+b1 arm64
  (m, n)-threshold secret sharing scheme; profiling libraries

libghc-securemem-prof/stable 0.1.10-6+b1 arm64
  auto-scrubbing and const-time-eq memory chunk abstraction; profiling libraries

libghc-selective-prof/stable 0.7.0.1-1+b1 arm64
  selective applicative functors; profiling libraries

libghc-semialign-prof/stable 1.3.1-1+b1 arm64
  Align and Zip type-classes from the common Semialign ancestor; profiling libraries

libghc-semigroupoids-prof/stable 6.0.1-1+b1 arm64
  Haskell 98 semigroupoids: Category sans id; profiling libraries

libghc-semigroups-prof/stable 0.20-3+b1 arm64
  Haskell98 semigroups; profiling libraries

libghc-semirings-prof/stable 0.6-4+b1 arm64
  two monoids as one, in holy haskimony; profiling libraries

libghc-sendfile-prof/stable 0.7.11.6-1+b1 arm64
  Haskell portable sendfile library; profiling libraries

libghc-serialise-prof/stable 0.2.6.1-1+b1 arm64
  binary serialisation library for Haskell values; profiling libraries

libghc-servant-client-core-prof/stable 0.20.2-1+b1 arm64
  Core functionality and class for client function generation for servant APIs; profiling libraries

libghc-servant-client-prof/stable 0.20.2-1+b1 arm64
  library for writing clients for servant webservices; profiling libraries

libghc-servant-prof/stable 0.20.2-1+b1 arm64
  family of combinators for defining webservices APIs; profiling libraries

libghc-servant-server-prof/stable 0.20.2-1+b3 arm64
  combinators for defining webservices APIs and serving them; profiling libraries

libghc-setenv-prof/stable 0.1.1.3-12+b1 arm64
  Cross-platform library for setting environment variables; profiling libraries

libghc-setlocale-prof/stable 1.0.0.10-3+b1 arm64
  Haskell bindings to setlocale; profiling libraries

libghc-sha-prof/stable 1.6.4.4-6+b1 arm64
  Haskell SHA suite of message digest functions; profiling libraries

libghc-shake-prof/stable 0.19.8-1+b1 arm64
  Haskell library for writing build systems; profiling libraries

libghc-shakespeare-prof/stable 2.1.1-1+b1 arm64
  toolkit for making compile-time interpolated templates; profiling libraries

libghc-shell-conduit-prof/stable 5.0.0-3+b2 arm64
  write shell scripts with Conduit; profiling libraries

libghc-shelly-dev/stable 1.12.1-2+b1 arm64
  shell-like (systems) programming in Haskell

libghc-shelly-doc/stable 1.12.1-2 all
  shell-like (systems) programming in Haskell; documentation

libghc-shelly-prof/stable 1.12.1-2+b1 arm64
  shell-like (systems) programming in Haskell; profiling libraries

libghc-should-not-typecheck-prof/stable 2.1.0-9+b1 arm64
  verify that an expression does not typecheck; profiling libraries

libghc-show-combinators-prof/stable 0.2.0.0-4+b1 arm64
  combinators to write Show instances; profiling libraries

libghc-show-prof/stable 0.6-13+b1 arm64
  Show instances for lambdabot; profiling libraries

libghc-silently-prof/stable 1.2.5.3-3+b1 arm64
  prevent or capture writing to stdout and other handles; profiling libraries

libghc-simple-reflect-prof/stable 0.3.3-6+b1 arm64
  simple reflection of expressions containing variables; profiling libraries

libghc-simple-sendfile-prof/stable 0.2.32-3+b1 arm64
  Cross platform library for the sendfile system call; profiling libraries

libghc-simple-smt-prof/stable 0.9.7-3+b1 arm64
  A simple way to interact with an SMT solver process.; profiling libraries

libghc-singleton-bool-prof/stable 0.1.8-1+b1 arm64
  type-level booleans; profiling libraries

libghc-singletons-prof/stable 3.0.3-1+b1 arm64
  Haskell framework for generating singleton types; profiling libraries

libghc-skein-prof/stable 1.0.9.4-9+b1 arm64
  family of cryptographic hash functions; profiling libraries

libghc-skylighting-core-prof/stable 0.14.3-1 arm64
  syntax highlighting library; profiling libraries

libghc-skylighting-format-ansi-prof/stable 0.1-3+b1 arm64
  ANSI formatter for skylighting syntax highlighting library; profiling libraries

libghc-skylighting-format-blaze-html-prof/stable 0.1.1.2-1+b1 arm64
  HTML formatter for skylighting syntax highlighting library; profiling libraries

libghc-skylighting-format-context-prof/stable 0.1.0.2-3+b1 arm64
  ConTeXt formatter for skylighting syntax highlighting library; profiling libraries

libghc-skylighting-format-latex-prof/stable 0.1-3+b1 arm64
  LaTeX formatter for skylighting syntax highlighting library; profiling libraries

libghc-skylighting-prof/stable 0.14.3-1 arm64
  syntax highlighting library; profiling libraries

libghc-smallcheck-prof/stable 1.2.1.1-2+b1 arm64
  Another lightweight testing library; profiling libraries

libghc-smtlib-prof/stable 1.1-4+b1 arm64
  A library for working with the SMTLIB format.; profiling libraries

libghc-snap-core-dev/stable 1.0.5.1-2+b1 arm64
  Snap: A Haskell Web Framework (Core)

libghc-snap-core-doc/stable 1.0.5.1-2 all
  Snap: A Haskell Web Framework (Core); documentation

libghc-snap-core-prof/stable 1.0.5.1-2+b1 arm64
  Snap: A Haskell Web Framework (Core); profiling libraries

libghc-snap-prof/stable 1.1.3.3-1+b2 arm64
  Snap Web Framework; profiling libraries

libghc-snap-server-dev/stable 1.1.2.1-2+b1 arm64
  iteratee-based, epoll-enabled web server for the Snap Framework

libghc-snap-server-doc/stable 1.1.2.1-2 all
  iteratee-based, epoll-enabled web server for the Snap Framework; documentation

libghc-snap-server-prof/stable 1.1.2.1-2+b1 arm64
  iteratee-based, epoll-enabled web server for the Snap Framework; profiling lib

libghc-soap-prof/stable 0.2.3.6-7 arm64
  SOAP client library; profiling libraries

libghc-sockaddr-prof/stable 0.0.1-3+b1 arm64
  printing SockAddr value; profiling libraries

libghc-socks-prof/stable 0.6.1-4+b1 arm64
  SOCKS proxy library; profiling libraries

libghc-some-prof/stable 1.0.6-1+b1 arm64
  existential type: Some; profiling libraries

libghc-sop-core-prof/stable 0.5.0.2-3+b1 arm64
  true sums of products; profiling libraries

libghc-split-prof/stable 0.2.5-1+b1 arm64
  Haskell library for splitting lists; profiling libraries

libghc-splitmix-prof/stable 0.1.0.5-2+b1 arm64
  fast splittable PRNG; profiling libraries

libghc-spool-prof/stable 0.1-5+b1 arm64
  copyless conversion between ByteString and Vector.Storable; profiling libraries

libghc-sql-words-prof/stable 0.1.6.5-1+b1 arm64
  SQL keywords data constructor into OverloadedString; profiling libraries

libghc-src-exts-prof/stable 1.23.1-5+b1 arm64
  Haskell-Source with eXtensions library for GHC; profiling libraries

libghc-src-exts-simple-prof/stable 1.23.0.0-4+b1 arm64
  simplified view on the haskell-src-exts AST; profiling libraries

libghc-src-exts-util-prof/stable 0.2.5-5+b1 arm64
  helper functions for working with haskell-src-exts trees; profiling libraries

libghc-src-meta-prof/stable 0.8.14-1+b1 arm64
  parse source to Template Haskell abstract syntax; profiling libraries

libghc-srcloc-prof/stable 0.6.0.1-2+b1 arm64
  data types for managing source code locations; profiling libraries

libghc-stateref-dev/stable 0.3-12+b1 arm64
  abstraction for things that work like IORef

libghc-stateref-doc/stable 0.3-12 all
  abstraction for things that work like IORef; documentation

libghc-stateref-prof/stable 0.3-12+b1 arm64
  abstraction for things that work like IORef; profiling libraries

libghc-statestack-prof/stable 0.3.1.1-2+b1 arm64
  simple State-like monad transformer state push/pop; profiling libraries

libghc-statevar-prof/stable 1.2.2-3+b1 arm64
  state variables in Haskell; profiling libraries

libghc-static-bytes-prof/stable 0.1.0-3 arm64
  types representing bytes of data; profiling libraries

libghc-static-hash-prof/stable 0.0.2-3+b1 arm64
  pure immutable hash; profiling libraries

libghc-statistics-prof/stable 0.16.2.1-2+b2 arm64
  A library of statistical types, data, and functions; profiling libraries

libghc-status-notifier-item-prof/stable 0.3.1.0-3+b2 arm64
  StatusNotifierItem/libappindicator dbus implementation; profiling libraries

libghc-stm-chans-prof/stable 3.0.0.9-2+b1 arm64
  additional types of channels for STM; profiling libraries

libghc-stm-delay-dev/stable 0.1.1.1-5+b1 arm64
  updatable one-shot timer polled with STM

libghc-stm-delay-doc/stable 0.1.1.1-5 all
  updatable one-shot timer polled with STM; documentation

libghc-stm-delay-prof/stable 0.1.1.1-5+b1 arm64
  updatable one-shot timer polled with STM; profiling libraries

libghc-stmonadtrans-prof/stable 0.4.8-1+b1 arm64
  monad transformer version of the ST monad; profiling libraries

libghc-storable-complex-prof/stable 0.2.3.0-5+b1 arm64
  Storable instance for Complex; profiling libraries

libghc-storable-record-prof/stable 0.0.7-2+b1 arm64
  elegant definition of Storable instances for records; profiling libraries

libghc-storable-tuple-prof/stable 0.1-2+b1 arm64
  Storable instance for pairs and triples; profiling libraries

libghc-store-core-prof/stable 0.4.4.7-1+b1 arm64
  fast and lightweight binary serialization; profiling libraries

libghc-store-prof/stable 0.7.18-2+b1 arm64
  Fast binary serialization; profiling libraries

libghc-stream-prof/stable 0.4.7.2-10+b1 arm64
  Haskell stream (infinite list) library for GHC; profiling libraries

libghc-streaming-commons-prof/stable 0.2.2.6-2+b1 arm64
  common lower-level functions for various streaming data libraries; profiling libraries

libghc-strict-list-prof/stable 0.1.7.5-1+b1 arm64
  strict linked list; profiling libraries

libghc-strict-prof/stable 0.5-2+b1 arm64
  Strict variants of standard Haskell datatypes; profiling libraries

libghc-string-conversions-prof/stable 0.4.0.1-8+b1 arm64
  simplifies dealing with different types for strings; profiling libraries

libghc-string-interpolate-prof/stable 0.3.4.0-1+b1 arm64
  Haskell string/text/bytestring interpolation that just works; profiling libraries

libghc-string-qq-prof/stable 0.0.6-1+b1 arm64
  QuasiQuoter for non-interpolated strings; profiling libraries

libghc-stringbuilder-prof/stable 0.5.1-6+b1 arm64
  writer monad for multi-line string literals; profiling libraries

libghc-stringprep-prof/stable 1.0.0-14+b2 arm64
  Implements the "StringPrep" algorithm; profiling libraries

libghc-stringsearch-prof/stable 0.3.6.6-13+b1 arm64
  Fast searching, splitting and replacing of ByteStrings; profiling libraries

libghc-svg-builder-prof/stable 0.1.1-8+b1 arm64
  DSL for building SVG; profiling libraries

libghc-swish-dev/stable 0.10.10.0-1+b1 arm64
  semantic web toolkit - libraries

libghc-syb-prof/stable 0.7.2.4-2+b1 arm64
  Generic programming library for Haskell; profiling libraries

libghc-system-fileio-prof/stable 0.3.16.4-6+b1 arm64
  consistent filesystem interaction across GHC versions; profiling libraries

libghc-system-filepath-prof/stable 0.4.14-7+b1 arm64
  high-level, byte-based file and directory path manipulations; profiling libraries

libghc-system-posix-redirect-prof/stable 1.1.0.1-5+b1 arm64
  toy module to temporarily redirect a program's stdout; profiling libraries

libghc-tabular-prof/stable 0.2.2.8-3+b1 arm64
  two-dimensional data tables with rendering functions; profiling libraries

libghc-taffybar-prof/stable 4.0.2-1+b4 arm64
  desktop bar extensible in Haskell; profiling libraries

libghc-tagged-prof/stable 0.8.8-1+b1 arm64
  newtype wrappers for phantom types; profiling libraries

libghc-tagstream-conduit-prof/stable 0.5.6-4+b1 arm64
  streamlined HTML tag parser; profiling libraries

libghc-tar-conduit-prof/stable 0.4.1-1+b1 arm64
  Conduit based tar extraction mechanism; profiling libraries

libghc-tar-prof/stable 0.5.1.1-5+b1 arm64
  reading, writing and manipulating ".tar" archive files; profiling libraries

libghc-tasty-ant-xml-prof/stable 1.1.9-2+b1 arm64
  Render tasty output to XML for Jenkins; profiling libraries

libghc-tasty-checklist-prof/stable 1.0.6.0-2+b2 arm64
  Check multiple items during a tasty test; profiling libraries

libghc-tasty-discover-prof/stable 5.0.0-2+b1 arm64
  Test discovery for the tasty framework.; profiling libraries

libghc-tasty-expected-failure-prof/stable 0.12.3-3+b1 arm64
  mark tasty tests as failure-expected; profiling libraries

libghc-tasty-golden-prof/stable 2.3.5-3+b1 arm64
  Golden test support for Tasty test framework; profiling libraries

libghc-tasty-hedgehog-prof/stable 1.4.0.2-1+b1 arm64
  hedgehog-tasty integration; profiling libraries

libghc-tasty-hslua-prof/stable 1.1.1-1+b1 arm64
  Tasty helpers to test HsLua.; profiling libraries

libghc-tasty-hspec-prof/stable 1.2.0.4-1+b1 arm64
  Tasty test framework, Hspec support; profiling libraries

libghc-tasty-hunit-prof/stable 0.10.2-1+b1 arm64
  Haskell testing framework, HUnit support; profiling libraries

libghc-tasty-kat-prof/stable 0.0.3-13+b1 arm64
  Known Answer Tests (KAT) framework for tasty; profiling libraries

libghc-tasty-lua-prof/stable 1.1.1-1+b1 arm64
  Write tests in Lua, integrate into tasty; profiling libraries

libghc-tasty-prof/stable 1.4.3-3+b1 arm64
  Haskell testing framework; profiling libraries

libghc-tasty-quickcheck-prof/stable 0.10.2-3+b1 arm64
  Haskell testing framework, QuickCheck support; profiling libraries

libghc-tasty-rerun-dev/stable 1.1.19-2+b1 arm64
  Haskell testing framework, rerun support

libghc-tasty-rerun-doc/stable 1.1.19-2 all
  Haskell testing framework, rereun support; documentation

libghc-tasty-rerun-prof/stable 1.1.19-2+b1 arm64
  Haskell testing framework, rerun support; profiling libraries

libghc-tasty-smallcheck-prof/stable 0.8.2-3+b1 arm64
  SmallCheck support for the Tasty test framework; profiling libraries

libghc-tasty-th-prof/stable 0.1.7-7+b1 arm64
  TH code generation for Tasty test framework; profiling libraries

libghc-template-haskell-compat-v0208-prof/stable 0.1.9.4-1+b1 arm64
  backward-compatibility layer for TH newer than 2.8; profiling libraries

libghc-temporary-prof/stable 1.3-5+b1 arm64
  Temporary files and directories; profiling libraries

libghc-terminal-progress-bar-prof/stable 0.4.2-2+b1 arm64
  A simple progress bar in the terminal; profiling libraries

libghc-terminal-size-prof/stable 0.3.4-2+b1 arm64
  get terminal window height and width; profiling libraries

libghc-termonad-prof/stable 4.5.0.0-2+b3 arm64
  terminal emulator configurable in Haskell; profiling libraries

libghc-test-framework-dev/stable 0.8.2.0-10+b1 arm64
  Framework for running and organising tests

libghc-test-framework-doc/stable 0.8.2.0-10 all
  Framework for running and organising tests; documentation

libghc-test-framework-hunit-prof/stable 0.3.0.2-10+b1 arm64
  HUnit support for the test-framework package.; profiling libraries

libghc-test-framework-prof/stable 0.8.2.0-10+b1 arm64
  Framework for running and organising tests; profiling libraries

libghc-test-framework-quickcheck2-prof/stable 0.3.0.5-7+b1 arm64
  QuickCheck2 support for the test-framework package.; profiling libraries

libghc-texmath-prof/stable 0.12.8.7-1+b1 arm64
  Haskell library to convert LaTeX to MathML; profiling libraries

libghc-text-ansi-dev/stable 0.3.0.1-1+b1 arm64
  text styling for ANSI terminals

libghc-text-ansi-doc/stable 0.3.0.1-1 all
  text styling for ANSI terminals; documentation

libghc-text-ansi-prof/stable 0.3.0.1-1+b1 arm64
  text styling for ANSI terminals; profiling libraries

libghc-text-binary-prof/stable 0.2.1.1-10+b1 arm64
  Binary instances for text types; profiling libraries

libghc-text-builder-dev-prof/stable 0.3.5-1 arm64
  edge of developments for "text-builder"; profiling libraries

libghc-text-builder-linear-prof/stable 0.1.3-3+b1 arm64
  builder for Text and ByteString based on linear types; profiling libraries

libghc-text-builder-prof/stable 0.6.7.2-1+b1 arm64
  efficient strict text builder; profiling libraries

libghc-text-conversions-prof/stable 0.3.1.1-3+b1 arm64
  Haskell library for safe conversions between textual types; profiling libraries

libghc-text-icu-prof/stable 0.8.0.5-2 arm64
  bindings to the ICU library; profiling libraries

libghc-text-manipulate-prof/stable 0.3.1.0-3+b1 arm64
  case conversion and word boundary manipulation; profiling libraries

libghc-text-metrics-prof/stable 0.3.2-3+b1 arm64
  Calculate various string metrics efficiently; profiling libraries

libghc-text-postgresql-prof/stable 0.0.3.1-6+b1 arm64
  Parser and Printer of PostgreSQL extended types; profiling libraries

libghc-text-short-prof/stable 0.1.6-1+b1 arm64
  memory-efficient representation of Unicode text strings; profiling libraries

libghc-text-show-prof/stable 3.10.5-1+b1 arm64
  efficient conversion of values into Text; profiling libraries

libghc-text-zipper-prof/stable 0.13-2+b1 arm64
  text editor zipper library; profiling libraries

libghc-tf-random-prof/stable 0.5-13+b1 arm64
  high-quality splittable pseudorandom number generator; profiling libraries

libghc-th-abstraction-prof/stable 0.5.0.0-1+b1 arm64
  nicer interface for reified information about data types; profiling libraries

libghc-th-bang-compat-prof/stable 0.0.1.0-5+b1 arm64
  Compatibility for bang-type template; profiling libraries

libghc-th-compat-prof/stable 0.1.5-1+b1 arm64
  Backward (and forward) compatible Quote and Code types; profiling libraries

libghc-th-constraint-compat-prof/stable 0.0.1.0-5+b1 arm64
  Compatibility for type constraint template; profiling libraries

libghc-th-data-compat-prof/stable 0.1.3.1-1+b1 arm64
  compatibility for data definition template of TH; profiling libraries

libghc-th-desugar-prof/stable 1.15-1+b1 arm64
  functions to desugar Template Haskell; profiling libraries

libghc-th-env-prof/stable 0.1.1-2+b1 arm64
  TH splice that expands to an environment variable; profiling libraries

libghc-th-expand-syns-prof/stable 0.4.11.0-2+b1 arm64
  expands type synonyms in Template Haskell ASTs; profiling libraries

libghc-th-extras-prof/stable 0.0.0.8-1+b1 arm64
  grab bag of functions for use with Template Haskell; profiling libraries

libghc-th-lift-instances-prof/stable 0.1.20-3+b1 arm64
  Lift instances for template-haskell for common data types; profiling libraries

libghc-th-lift-prof/stable 0.8.4-2+b1 arm64
  derive Template Haskell's Lift class for datatypes.; profiling libraries

libghc-th-orphans-prof/stable 0.13.14-3+b1 arm64
  orphan instances for TH datatypes; profiling libraries

libghc-th-reify-compat-prof/stable 0.0.1.5-5+b1 arm64
  compatibility for the result type of TH reify; profiling libraries

libghc-th-reify-many-prof/stable 0.1.10-3+b1 arm64
  recurseively reify template haskell datatype info; profiling libraries

libghc-th-utilities-prof/stable 0.2.5.0-3+b1 arm64
  useful functions for use with Template Haskell; profiling libraries

libghc-these-prof/stable 1.2.1-1+b1 arm64
  either-or-both data type; profiling libraries

libghc-threads-prof/stable 0.5.1.8-2+b1 arm64
  Fork threads and wait for their result; profiling libraries

libghc-time-compat-prof/stable 1.9.6.1-3+b1 arm64
  Compatibility with old-time for the time package; profiling libraries

libghc-time-locale-compat-prof/stable 0.1.1.5-5+b1 arm64
  compatibility of TimeLocale between old-locale and time-1.5; profiling libraries

libghc-time-manager-prof/stable 0.0.1-2+b1 arm64
  scalable timer; profiling libraries

libghc-time-parsers-prof/stable 0.2-2+b1 arm64
  parsers for types in the time library; profiling libraries

libghc-time-units-prof/stable 1.0.0-6+b1 arm64
  basic library for defining units of time as types; profiling libraries

libghc-timeit-prof/stable 2.0-4+b1 arm64
  time a computation; profiling libraries

libghc-tls-prof/stable 1.8.0-1+b1 arm64
  native Haskell implementation of TLS/SSL protocol; profiling libraries

libghc-tls-session-manager-prof/stable 0.0.4-4+b1 arm64
  in-memory TLS session manager; profiling libraries

libghc-token-bucket-prof/stable 0.1.0.1-14+b1 arm64
  Haskell implementation of leaky bucket rate limiting; profiling libraries

libghc-toml-parser-prof/stable 1.3.2.0-4+b1 arm64
  TOML 1.0.0 parser; profiling libraries

libghc-topograph-prof/stable 1.0.1-1+b1 arm64
  directed acyclic graphs; profiling libraries

libghc-torrent-prof/stable 10000.1.3-2+b1 arm64
  BitTorrent file parser and generator; profiling libraries

libghc-transformers-base-prof/stable 0.4.6-3+b1 arm64
  lift computations from the bottom of a transformer stack; profiling libraries

libghc-transformers-compat-prof/stable 0.7.2-2+b1 arm64
  small compatibility shim for older versions of transformers.; profiling libraries

libghc-trifecta-prof/stable 2.1.4-1+b2 arm64
  modern parser combinator library with convenient diagnostics; profiling libraries

libghc-tuple-prof/stable 0.3.0.2-6+b1 arm64
  various functions on tuples; profiling libraries

libghc-twitter-conduit-prof/stable 0.6.1-3+b1 arm64
  Twitter API package with conduits and streaming; profiling libraries

libghc-twitter-types-lens-prof/stable 0.11.0-3+b2 arm64
  Twitter JSON types (lens powered); profiling libraries

libghc-twitter-types-prof/stable 0.11.0-3+b1 arm64
  Twitter JSON parser and types; profiling libraries

libghc-type-equality-prof/stable 1.0.1-1+b1 arm64
  Data.Type.Equality compat package; profiling libraries

libghc-type-errors-prof/stable 0.2.0.2-2+b1 arm64
  tools for writing better Haskell type errors; profiling libraries

libghc-type-level-numbers-prof/stable 0.1.1.2-3+b1 arm64
  library representing integers using Haskell type families; profiling libraries

libghc-typed-process-prof/stable 0.2.12.0-1+b1 arm64
  run external processes, with strong typing of streams; profiling libraries

libghc-typst-prof/stable 0.5.0.1-1+b1 arm64
  Parsing and evaluating typst syntax.; profiling libraries

libghc-typst-symbols-prof/stable 0.1.5-1+b1 arm64
  symbol and emoji lookup for typst language; profiling libraries

libghc-uglymemo-prof/stable 0.1.0.1-9+b1 arm64
  simple (but internally ugly) memoization function; profiling libraries

libghc-unbounded-delays-prof/stable 0.1.1.1-3+b1 arm64
  Unbounded thread delays and timeouts; profiling libraries

libghc-unexceptionalio-dev/stable 0.5.1-4+b1 arm64
  IO without any non-error, synchronous exceptions

libghc-unexceptionalio-doc/stable 0.5.1-4 all
  IO without any non-error, synchronous exceptions; documentation

libghc-unexceptionalio-prof/stable 0.5.1-4+b1 arm64
  IO without any non-error, synchronous exceptions; profiling libraries

libghc-unicode-collation-prof/stable 0.1.3.6-1+b1 arm64
  Haskell implementation of the Unicode Collation Algorithm; profiling libraries

libghc-unicode-data-prof/stable 0.4.0.1-2+b1 arm64
  Access Unicode character database; profiling libraries

libghc-unicode-transforms-prof/stable 0.4.0.1-3+b1 arm64
  Fast Unicode 9.0 normalization in Haskell; profiling libraries

libghc-uniplate-prof/stable 1.6.13-3+b1 arm64
  Profiling libraries for uniform type generic traversals; profiling libraries

libghc-universe-base-prof/stable 1.1.3.1-2+b1 arm64
  a class for finite and recursively enumerable type; profiling libraries

libghc-unix-compat-prof/stable 0.7.3-1 arm64
  Haskell portable POSIX-compatible layer; profiling libraries

libghc-unix-time-prof/stable 0.4.15-1+b1 arm64
  Unix time parser/formatter and utilities; profiling libraries

libghc-unixutils-prof/stable 1.54.3-1+b1 arm64
  interface between Haskell and Unix-like operating systems; profiling libraries

libghc-unlambda-prof/stable 0.1.4.2-9+b1 arm64
  Unlambda interpreter library; profiling libraries

libghc-unliftio-core-prof/stable 0.2.1.0-2+b1 arm64
  MonadUnliftIO typeclass for unlifting monads to IO; profiling libraries

libghc-unliftio-prof/stable 0.2.25.0-2+b1 arm64
  MonadUnliftIO typeclass for unlifting monads to IO; profiling libraries

libghc-unordered-containers-prof/stable 0.2.20-3 arm64
  Efficient hashing-based container types; profiling libraries

libghc-unsafe-prof/stable 0.0-5+b1 arm64
  unified interface to unsafe functions; profiling libraries

libghc-uri-bytestring-aeson-prof/stable 0.1.0.8-4+b2 arm64
  Aeson instances for URI Bytestring; profiling libraries

libghc-uri-bytestring-prof/stable 0.3.3.1-3+b1 arm64
  Haskell URI parsing as ByteStrings; profiling libraries

libghc-uri-encode-prof/stable 1.5.0.7-3+b1 arm64
  Unicode aware uri-encoding.; profiling libraries

libghc-url-prof/stable 2.1.3-12+b1 arm64
  Haskell library for working with URLs; profiling libraries

libghc-utf8-light-prof/stable 0.4.4.0-2+b1 arm64
  Lightweight UTF-8 handling library; profiling libraries

libghc-utf8-string-dev/stable 1.0.2-3+b1 arm64
  GHC libraries for the Haskell UTF-8 library

libghc-utility-ht-prof/stable 0.0.17.2-1+b1 arm64
  profiling libraries for libghc-utility-ht-dev; profiling libraries

libghc-uuagc-cabal-prof/stable 1.3.1.0-1+b1 arm64
  Cabal plugin for UUAGC; profiling libraries

libghc-uuid-prof/stable 1.3.15-3+b1 arm64
  create, compare, parse and print UUIDs; profiling libraries

libghc-uuid-types-prof/stable 1.0.5.1-2+b1 arm64
  Type definitions for Universally Unique Identifiers; profiling libraries

libghc-uulib-prof/stable 0.9.25-1+b1 arm64
  parser and pretty print combinator library for GHC; profiling libraries

libghc-validity-containers-prof/stable 0.5.0.5-1 arm64
  Validity instances for containers; profiling libraries

libghc-validity-prof/stable 0.12.1.0-1+b1 arm64
  validity typeclass; profiling libraries

libghc-vault-prof/stable 0.3.1.5-4+b1 arm64
  typed, persistent store for values of arbitrary types; profiling libraries

libghc-vector-algorithms-prof/stable 0.9.0.2-1+b1 arm64
  efficient algorithms for vector arrays; profiling libraries

libghc-vector-binary-instances-prof/stable 0.2.5.2-3+b1 arm64
  instances of Data.Binary and Data.Serialize for vector; profiling libraries

libghc-vector-builder-prof/stable 0.3.8.5-1+b1 arm64
  Vector builder; profiling libraries

libghc-vector-hashtables-prof/stable 0.1.2.0-1+b1 arm64
  efficient vector-based mutable hashtables implementation; profiling libraries

libghc-vector-instances-prof/stable 3.4.2-2+b1 arm64
  orphan instances for Data.Vector; profiling libraries

libghc-vector-prof/stable 0.13.1.0-2+b1 arm64
  Efficient Arrays for Haskell; profiling libraries

libghc-vector-space-prof/stable 0.16-4+b1 arm64
  Vector & affine spaces, linear maps, and derivatives library; profiling libraries

libghc-vector-stream-prof/stable 0.1.0.1-1+b1 arm64
  Efficient Streams; profiling libraries

libghc-vector-th-unbox-prof/stable 0.2.2-3+b1 arm64
  deriver for Data.Vector.Unboxed using Template Haskell; profiling libraries

libghc-versions-prof/stable 6.0.7-2+b1 arm64
  Types and parsers for software version numbers.; profiling libraries

libghc-void-prof/stable 0.7.3-5+b1 arm64
  Haskell 98 logically uninhabited data type; profiling libraries

libghc-vty-crossplatform-prof/stable 0.4.0.0-1 arm64
  Cross-platform support for Vty; profiling libraries

libghc-vty-prof/stable 6.1-1+b1 arm64
  Terminal interface library for ghc; profiling libraries

libghc-vty-unix-prof/stable 0.2.0.0-2+b1 arm64
  Unix backend for Vty; profiling libraries

libghc-wai-app-file-cgi-prof/stable 3.1.10-3+b3 arm64
  file/CGI app of WAI; profiling libraries

libghc-wai-app-static-prof/stable 3.1.9-1+b3 arm64
  framework for type-safe, RESTful web applications; profiling libraries

libghc-wai-conduit-prof/stable 3.0.0.4-6+b1 arm64
  conduit wrappers for WAI; profiling libraries

libghc-wai-cors-prof/stable 0.2.7-4+b1 arm64
  CORS for WAI; profiling libraries

libghc-wai-extra-prof/stable 3.1.15-1+b3 arm64
  some basic WAI handlers and middleware; profiling libraries

libghc-wai-handler-launch-prof/stable 3.0.3.1-4+b2 arm64
  WAI handler for launching in a web browser; profiling libraries

libghc-wai-http2-extra-prof/stable 0.1.3-4+b2 arm64
  WAI utilities for HTTP/2; profiling libraries

libghc-wai-logger-prof/stable 2.4.1-1+b1 arm64
  logging system for WAI; profiling libraries

libghc-wai-middleware-static-prof/stable 0.9.2-3+b1 arm64
  WAI middleware that serves requests to static files; profiling libraries

libghc-wai-prof/stable 3.2.4-1+b1 arm64
  web application interface; profiling libraries

libghc-wai-websockets-prof/stable 3.0.1.2-7+b1 arm64
  bridge between WAI and the haskell websockets library; profiling libraries

libghc-warp-prof/stable 3.3.31-2+b1 arm64
  fast, light-weight web server for WAI applications; profiling libraries

libghc-warp-tls-prof/stable 3.4.7-1+b2 arm64
  SSL/TLS support for Warp; profiling libraries

libghc-wcwidth-prof/stable 0.0.2-5+b1 arm64
  bindings for system's native wcwidth; profiling libraries

libghc-websockets-prof/stable 0.12.7.3-3+b1 arm64
  write WebSocket-capable servers; profiling libraries

libghc-weigh-prof/stable 0.0.17-1+b2 arm64
  measure allocations of a Haskell functions/values; profiling libraries

libghc-what4-prof/stable 1.5.1-4+b2 arm64
  Solver-agnostic symbolic values support for issuing queries; profiling libraries

libghc-wide-word-prof/stable 0.1.6.0-1+b1 arm64
  data types for large but fixed width signed and unsigned integers; profiling libraries

libghc-witch-prof/stable 1.2.1.1-1+b1 arm64
  convert values from one type into another; profiling libraries

libghc-with-location-prof/stable 0.1.0-9+b1 arm64
  ImplicitParams-based source locations; profiling libraries

libghc-witherable-prof/stable 0.4.2-4+b1 arm64
  filterable traversable for Haskell; profiling libraries

libghc-wizards-prof/stable 1.0.3-5+b1 arm64
  library for interrogative programs; profiling libraries

libghc-wl-pprint-annotated-prof/stable 0.1.0.1-6+b1 arm64
  Wadler/Leijen pretty printer with annotations and slightly modernized API; profiling libraries

libghc-wl-pprint-text-prof/stable 1.2.0.2-3+b1 arm64
  Wadler/Leijen Pretty Printer for Text values in Haskell; profiling libraries

libghc-word-trie-prof/stable 0.3.0-12+b1 arm64
  implementation of a finite trie over words; profiling libraries

libghc-word-wrap-prof/stable 0.5-3 arm64
  library for word-wrapping; profiling libraries

libghc-word8-prof/stable 0.1.3-7 arm64
  functions for Word8s to be used with ByteStrings; profiling libraries

libghc-wreq-prof/stable 0.5.4.3-1+b2 arm64
  easy-to-use HTTP client library; profiling libraries

libghc-x11-prof/stable 1.10.3-3+b1 arm64
  Haskell X11 binding for GHC; profiling libraries

libghc-x11-xft-prof/stable 0.3.4-4+b1 arm64
  Haskell Xft binding for GHC; profiling libraries

libghc-x509-prof/stable 1.7.7-3 arm64
  X.509 reader and writer; profiling libraries

libghc-x509-store-prof/stable 1.6.9-3 arm64
  X.509 collection access and storage methods; profiling libraries

libghc-x509-system-prof/stable 1.6.7-3 arm64
  per-operating-system X.509 accessors and storage; profiling libraries

libghc-x509-validation-prof/stable 1.6.12-3+b1 arm64
  X.509 certificate and CRL validation; profiling libraries

libghc-xcb-types-prof/stable 0.14.0-1 arm64
  parses XML files used by the XCB project; profiling libraries

libghc-xdg-basedir-prof/stable 0.2.2-14 arm64
  basic implementation of the XDG Base Directory spec; profiling libraries

libghc-xdg-desktop-entry-prof/stable 0.1.1.2-1 arm64
  parse files conforming to the XDG desktop entry spec; profiling libraries

libghc-xeno-prof/stable 0.6-4 arm64
  Fast event-based XML parser in pure Haskell; profiling libraries

libghc-xlsx-prof/stable 1.1.2.2-2+b1 arm64
  Simple and incomplete Excel file parser/writer; profiling libraries

libghc-xml-conduit-prof/stable 1.9.1.3-2+b1 arm64
  HTTP/HTTPS client package with conduit interface; profiling libraries

libghc-xml-conduit-writer-prof/stable 0.1.1.5-1 arm64
  warm and fuzzy creation of XML documents; profiling libraries

libghc-xml-hamlet-prof/stable 0.5.0.2-3+b1 arm64
  Hamlet-style quasiquoter for XML content; profiling libraries

libghc-xml-helpers-prof/stable 1.0.0-6 arm64
  helper functions for the xml library; profiling libraries

libghc-xml-html-qq-prof/stable 0.1.0.1-5+b1 arm64
  quasi-quoters for XML and HTML Documents; profiling libraries

libghc-xml-prof/stable 1.3.14-13 arm64
  A simple Haskell XML library; profiling libraries

libghc-xml-types-prof/stable 0.3.8-4 arm64
  basic types for representing XML; profiling libraries

libghc-xmlgen-prof/stable 0.6.2.2-7 arm64
  fast XML generation library; profiling libraries

libghc-xmlhtml-prof/stable 0.2.5.4-2 arm64
  XML parser and renderer with HTML 5 quirks mode; profiling libraries

libghc-xmonad-extras-prof/stable 0.17.2-1+b3 arm64
  third party extensions for xmonad with wacky dependencies; profiling libraries

libghc-xmonad-prof/stable 0.17.2-2+b1 arm64
  Lightweight X11 window manager; profiling libraries

libghc-xmonad-wallpaper-prof/stable 0.0.1.5-4+b1 arm64
  xmonad wallpaper extension; profiling libraries

libghc-xss-sanitize-prof/stable 0.3.7.2-2 arm64
  Library to sanitize HTML and prevent XSS attacks; profiling libraries

libghc-yaml-prof/stable 0.11.11.2-2+b1 arm64
  interface to LibYAML; profiling libraries

libghc-yesod-auth-hashdb-prof/stable 1.7.1.7-3+b3 arm64
  HashDB authentication plugin for Yesod web framework; profiling libraries

libghc-yesod-auth-oauth-prof/stable 1.6.1-3+b3 arm64
  OAuth Authentication for Yesod; profiling libraries

libghc-yesod-auth-prof/stable 1.6.11.3-1+b3 arm64
  authentication for Yesod; profiling libraries

libghc-yesod-core-prof/stable 1.6.26.0-1+b3 arm64
  framework for type-safe, RESTful web applications; profiling libraries

libghc-yesod-default-prof/stable 1.2.0-14+b3 arm64
  default config/main functions for your Yesod application; profiling libraries

libghc-yesod-form-prof/stable 1.7.6-2+b3 arm64
  framework for type-safe, RESTful web applications; profiling libraries

libghc-yesod-newsfeed-prof/stable 1.7.0.0-4+b3 arm64
  helper functions and data types for producing newsfeeds; profiling libraries

libghc-yesod-persistent-prof/stable 1.6.0.8-3+b3 arm64
  framework for type-safe, RESTful web applications; profiling libraries

libghc-yesod-prof/stable 1.6.2.1-3+b3 arm64
  framework for type-safe, RESTful web applications; profiling libraries

libghc-yesod-static-prof/stable 1.6.1.0-4+b3 arm64
  Static file serving subsite for Yesod Web Framework; profiling libraries

libghc-yesod-test-prof/stable 1.6.16-2+b3 arm64
  integration testing for WAI/Yesod applications; profiling libraries

libghc-yi-core-prof/stable 0.19.4-1 arm64
  Yi editor core library; profiling libraries

libghc-yi-frontend-vty-prof/stable 0.19.1-1 arm64
  Vty frontend for Yi editor; profiling libraries

libghc-yi-keymap-emacs-prof/stable 0.19.0-4 arm64
  Emacs keymap for Yi editor; profiling libraries

libghc-yi-keymap-vim-prof/stable 0.19.0-4 arm64
  Vim keymap for Yi editor; profiling libraries

libghc-yi-language-prof/stable 0.19.2-1 arm64
  collection of language-related Yi libraries.; profiling libraries

libghc-yi-misc-modes-prof/stable 0.19.1-1 arm64
  Yi editor miscellaneous modes; profiling libraries

libghc-yi-mode-haskell-prof/stable 0.19.1-1 arm64
  Yi editor haskell mode; profiling libraries

libghc-yi-mode-javascript-prof/stable 0.19.1-1 arm64
  Yi editor javascript mode; profiling libraries

libghc-yi-rope-prof/stable 0.11-6 arm64
  Rope data structure used by Yi; profiling libraries

libghc-zenc-prof/stable 0.1.2-4 arm64
  GHC style name Z-encoding and Z-decoding; profiling libraries

libghc-zeromq4-haskell-prof/stable 0.8.0-4 arm64
  bindings to ZeroMQ 4.x; profiling libraries

libghc-zip-archive-prof/stable 0.4.3.2-1 arm64
  library to create and modify zip archives; profiling libraries

libghc-zip-prof/stable 2.0.1-2+b1 arm64
  Operations on zip archives; profiling libraries

libghc-zip-stream-prof/stable 0.2.2.0-2 arm64
  ZIP archive streaming using conduits; profiling libraries

libghc-zlib-bindings-prof/stable 0.1.1.5-13 arm64
  low-level bindings to zlib; profiling libraries

libghc-zlib-prof/stable 0.6.3.0-3 arm64
  Compression and decompression in the gzip and zlib formats; profiling libraries

libghc-zstd-prof/stable 0.1.3.0-2 arm64
  Haskell bindings to the Zstandard compression algorithm; profiling libraries

libghc-zxcvbn-c-prof/stable 1.0.1-9 arm64
  Haskell bindings to password strength estimation library; profiling libraries

libgit-annex-perl/stable 0.008-2 all
  Perl interface to git-annex repositories

libgit-version-compare-perl/stable 1.005-1 all
  module to compare Git versions

libgitlab-api-v4-perl/stable 0.27-1 all
  GitLab API v4 module and command-line client

libglewmx-dev/stable 1.13.0-5+b2 arm64
  OpenGL Extension Wrangler MX - development environment

libglib-object-introspection-perl/stable 0.051-2+b1 arm64
  Perl bindings for gobject-introspection libraries

libglib2.0-dev-bin/stable 2.84.4-3~deb13u3 arm64
  Development utilities for the GLib library

libglib2.0-tests/stable 2.84.4-3~deb13u3 arm64
  GLib library of C routines - installed tests

libglusterfs-dev/stable 11.1-6 arm64
  Development files for GlusterFS libraries

libglusterfs0/stable 11.1-6 arm64
  GlusterFS shared library

libgmerlin-avdec-dev/stable 2.0.0~svn6298~dfsg0-5+b1 arm64
  general multimedia decoding library (development files)

libgmerlin-avdec-doc/stable 2.0.0~svn6298~dfsg0-5 all
  general multimedia decoding library (documentation)

libgmerlin-avdec2/stable 2.0.0~svn6298~dfsg0-5+b1 arm64
  general multimedia decoding library

libgmerlin2t64/stable 2.0.0~svn6298~dfsg0-5 arm64
  core library for gmerlin - runtime files

libgnat-12/stable 12.4.0-5 arm64
  runtime for applications compiled with GNAT (shared library)

libgnat-12-alpha-cross/stable 12.4.0-5cross1 all
  runtime for applications compiled with GNAT (shared library)

libgnat-12-amd64-cross/stable 12.4.0-5cross1 all
  runtime for applications compiled with GNAT (shared library)

libgnat-12-arm64-cross/stable 12.4.0-5cross1 all
  runtime for applications compiled with GNAT (shared library)

libgnat-12-armel-cross/stable 12.4.0-5cross1 all
  runtime for applications compiled with GNAT (shared library)

libgnat-12-armhf-cross/stable 12.4.0-5cross1 all
  runtime for applications compiled with GNAT (shared library)

libgnat-12-hppa-cross/stable 12.4.0-5cross1 all
  runtime for applications compiled with GNAT (shared library)

libgnat-12-i386-cross/stable 12.4.0-5cross1 all
  runtime for applications compiled with GNAT (shared library)

libgnat-12-m68k-cross/stable 12.4.0-5cross1 all
  runtime for applications compiled with GNAT (shared library)

libgnat-12-powerpc-cross/stable 12.4.0-5cross1 all
  runtime for applications compiled with GNAT (shared library)

libgnat-12-ppc64-cross/stable 12.4.0-5cross1 all
  runtime for applications compiled with GNAT (shared library)

libgnat-12-ppc64el-cross/stable 12.4.0-5cross1 all
  runtime for applications compiled with GNAT (shared library)

libgnat-12-riscv64-cross/stable 12.4.0-5cross1 all
  runtime for applications compiled with GNAT (shared library)

libgnat-12-s390x-cross/stable 12.4.0-5cross1 all
  runtime for applications compiled with GNAT (shared library)

libgnat-12-sh4-cross/stable 12.4.0-5cross1 all
  runtime for applications compiled with GNAT (shared library)

libgnat-12-sparc64-cross/stable 12.4.0-5cross1 all
  runtime for applications compiled with GNAT (shared library)

libgnat-12-x32-cross/stable 12.4.0-5cross1 all
  runtime for applications compiled with GNAT (shared library)

libgnat-13/stable 13.3.0-16 arm64
  runtime for applications compiled with GNAT (shared library)

libgnat-13-alpha-cross/stable 13.3.0-16cross1 all
  runtime for applications compiled with GNAT (shared library)

libgnat-13-amd64-cross/stable 13.3.0-16cross1 all
  runtime for applications compiled with GNAT (shared library)

libgnat-13-arm64-cross/stable 13.3.0-16cross1 all
  runtime for applications compiled with GNAT (shared library)

libgnat-13-armel-cross/stable 13.3.0-16cross1 all
  runtime for applications compiled with GNAT (shared library)

libgnat-13-armhf-cross/stable 13.3.0-16cross1 all
  runtime for applications compiled with GNAT (shared library)

libgnat-13-hppa-cross/stable 13.3.0-16cross1 all
  runtime for applications compiled with GNAT (shared library)

libgnat-13-i386-cross/stable 13.3.0-16cross1 all
  runtime for applications compiled with GNAT (shared library)

libgnat-13-m68k-cross/stable 13.3.0-16cross1 all
  runtime for applications compiled with GNAT (shared library)

libgnat-13-mips-cross/stable 13.3.0-12cross1 all
  runtime for applications compiled with GNAT (shared library)

libgnat-13-mips64-cross/stable 13.3.0-12cross1 all
  runtime for applications compiled with GNAT (shared library)

libgnat-13-mips64el-cross/stable 13.3.0-12cross1 all
  runtime for applications compiled with GNAT (shared library)

libgnat-13-mips64r6-cross/stable 13.3.0-12cross1 all
  runtime for applications compiled with GNAT (shared library)

libgnat-13-mips64r6el-cross/stable 13.3.0-12cross1 all
  runtime for applications compiled with GNAT (shared library)

libgnat-13-mipsel-cross/stable 13.3.0-12cross1 all
  runtime for applications compiled with GNAT (shared library)

libgnat-13-mipsr6-cross/stable 13.3.0-12cross1 all
  runtime for applications compiled with GNAT (shared library)

libgnat-13-mipsr6el-cross/stable 13.3.0-12cross1 all
  runtime for applications compiled with GNAT (shared library)

libgnat-13-powerpc-cross/stable 13.3.0-16cross1 all
  runtime for applications compiled with GNAT (shared library)

libgnat-13-ppc64-cross/stable 13.3.0-16cross1 all
  runtime for applications compiled with GNAT (shared library)

libgnat-13-ppc64el-cross/stable 13.3.0-16cross1 all
  runtime for applications compiled with GNAT (shared library)

libgnat-13-riscv64-cross/stable 13.3.0-16cross1 all
  runtime for applications compiled with GNAT (shared library)

libgnat-13-s390x-cross/stable 13.3.0-16cross1 all
  runtime for applications compiled with GNAT (shared library)

libgnat-13-sh4-cross/stable 13.3.0-16cross1 all
  runtime for applications compiled with GNAT (shared library)

libgnat-13-sparc64-cross/stable 13.3.0-16cross1 all
  runtime for applications compiled with GNAT (shared library)

libgnat-13-x32-cross/stable 13.3.0-16cross1 all
  runtime for applications compiled with GNAT (shared library)

libgnat-14/stable 14.2.0-19 arm64
  runtime for applications compiled with GNAT (shared library)

libgnat-14-alpha-cross/stable 14.2.0-19cross1 all
  runtime for applications compiled with GNAT (shared library)

libgnat-14-amd64-cross/stable 14.2.0-19cross1 all
  runtime for applications compiled with GNAT (shared library)

libgnat-14-arm64-cross/stable 14.2.0-19cross1 all
  runtime for applications compiled with GNAT (shared library)

libgnat-14-armel-cross/stable 14.2.0-19cross1 all
  runtime for applications compiled with GNAT (shared library)

libgnat-14-armhf-cross/stable 14.2.0-19cross1 all
  runtime for applications compiled with GNAT (shared library)

libgnat-14-hppa-cross/stable 14.2.0-19cross1 all
  runtime for applications compiled with GNAT (shared library)

libgnat-14-i386-cross/stable 14.2.0-19cross1 all
  runtime for applications compiled with GNAT (shared library)

libgnat-14-loong64-cross/stable 14.2.0-19cross1 all
  runtime for applications compiled with GNAT (shared library)

libgnat-14-m68k-cross/stable 14.2.0-19cross1 all
  runtime for applications compiled with GNAT (shared library)

libgnat-14-mips-cross/stable 14.2.0-13cross1 all
  runtime for applications compiled with GNAT (shared library)

libgnat-14-mips64-cross/stable 14.2.0-13cross1 all
  runtime for applications compiled with GNAT (shared library)

libgnat-14-mips64el-cross/stable 14.2.0-13cross1 all
  runtime for applications compiled with GNAT (shared library)

libgnat-14-mips64r6-cross/stable 14.2.0-13cross1 all
  runtime for applications compiled with GNAT (shared library)

libgnat-14-mips64r6el-cross/stable 14.2.0-13cross1 all
  runtime for applications compiled with GNAT (shared library)

libgnat-14-mipsel-cross/stable 14.2.0-13cross1 all
  runtime for applications compiled with GNAT (shared library)

libgnat-14-mipsr6-cross/stable 14.2.0-13cross1 all
  runtime for applications compiled with GNAT (shared library)

libgnat-14-mipsr6el-cross/stable 14.2.0-13cross1 all
  runtime for applications compiled with GNAT (shared library)

libgnat-14-powerpc-cross/stable 14.2.0-19cross1 all
  runtime for applications compiled with GNAT (shared library)

libgnat-14-ppc64-cross/stable 14.2.0-19cross1 all
  runtime for applications compiled with GNAT (shared library)

libgnat-14-ppc64el-cross/stable 14.2.0-19cross1 all
  runtime for applications compiled with GNAT (shared library)

libgnat-14-riscv64-cross/stable 14.2.0-19cross1 all
  runtime for applications compiled with GNAT (shared library)

libgnat-14-s390x-cross/stable 14.2.0-19cross1 all
  runtime for applications compiled with GNAT (shared library)

libgnat-14-sh4-cross/stable 14.2.0-19cross1 all
  runtime for applications compiled with GNAT (shared library)

libgnat-14-sparc64-cross/stable 14.2.0-19cross1 all
  runtime for applications compiled with GNAT (shared library)

libgnat-14-x32-cross/stable 14.2.0-19cross1 all
  runtime for applications compiled with GNAT (shared library)

libgnuplot-iostream-dev/stable 0~20140302.gitc8919a0+dfsg-4 all
  C++ programming interface for gnuplot. Headers

libgnuplot-iostream-doc/stable 0~20140302.gitc8919a0+dfsg-4 all
  C++ programming interface for gnuplot. Docs and examples

libgnuradio-funcube3.10.0/stable 3.10.0~rc3-4+b9 arm64
  Funcube Dongle controller for GNU Radio (runtime)

libgo-perl/stable 0.15-10 all
  perl modules for GO and other OBO ontologies

libgomp-plugin-nvptx1/stable 14.2.0-19 arm64
  GCC OpenMP v4.5 plugin for offloading to NVPTX

libgoogle-perftools-dev/stable 2.16-1 arm64
  libraries for CPU and heap analysis, plus an efficient thread-caching malloc

libgoogle-perftools4t64/stable 2.16-1 arm64
  libraries for CPU and heap analysis, plus an efficient thread-caching malloc

libgradle-android-plugin-java/stable 2.2.2-6 all
  Android Plugin for Gradle

libgradle-android-plugin-java-doc/stable 2.2.2-6 all
  Android Plugin for Gradle - Documentations

libgrammatica-java/stable 1.6+ds-4 all
  C# and Java parser generator (compiler compiler)

libgraph-perl/stable 1:0.9735-1 all
  Perl module for graph data structures and algorithms

libgraphics-colorutils-perl/stable 0.17-4 all
  Perl module to handle colors and color space conversions

libgraphics-ocaml/stable 5.1.2-3+b4 arm64
  OCaml graphics library (runtime)

libgraphics-ocaml-dev/stable 5.1.2-3+b4 arm64
  OCaml graphics library (dev)

libgridtools-dev/stable 2.3.8-1 arm64
  Framework for storage and computation on Weather and Climate Grids

libgromacs-dev/stable 2025.2-1 arm64
  GROMACS molecular dynamics sim, development kit

libgs10-common/stable,now 10.05.1~dfsg-1+deb13u1 all [installed,automatic]
  interpreter for the PostScript language and for PDF - common files

libgsl28/stable 2.8+dfsg-5 arm64
  GNU Scientific Library (GSL) -- library package

libgslcblas0/stable 2.8+dfsg-5 arm64
  GNU Scientific Library (GSL) -- blas library package

libgsm-tools/stable 1.0.22-1+b2 arm64
  User binaries for a GSM speech compressor

libgsm1/stable,now 1.0.22-1+b2 arm64 [installed,automatic]
  Shared libraries for GSM speech compressor

libgsm1-dev/stable 1.0.22-1+b2 arm64
  Development libraries for a GSM speech compressor

libgssapi-krb5-2/stable 1.21.3-5+deb13u1 arm64 [upgradable from: 1.21.3-5]
  MIT Kerberos runtime libraries - krb5 GSS-API Mechanism

libgssrpc4t64/stable 1.21.3-5+deb13u1 arm64
  MIT Kerberos runtime libraries - GSS enabled ONCRPC

libgtk3-nocsd0/stable 3-2 arm64
  Library to disable Gtk+ 3 client side decorations (CSD)

libgtkada23/stable 24.0.0-5 arm64
  Ada binding for the GTK+ GUI (dynamic library)

libgtksourceview-4-tests/stable 4.8.4-6 arm64
  installed tests for the GTK+ syntax highlighting widget

libgtksourceview-5-tests/stable 5.16.0-1 arm64
  installed tests for the GTK 4 syntax highlighting widget

libgtkspell0/stable 2.0.16-1.3+b3 arm64
  spell-checking addon for GTK's TextView widget

libgtkspell3-3-0/stable 3.0.10-2 arm64
  spell-checking addon for GTK+'s TextView widget

libgtkspellmm-3.0-0v5/stable 3.0.5+dfsg-6 arm64
  C++ wrapper library for GtkSpell (shared libraries)

libgtkspellmm-3.0-dev/stable 3.0.5+dfsg-6 arm64
  C++ wrapper library for GtkSpell (development files)

libgtkspellmm-3.0-doc/stable 3.0.5+dfsg-6 all
  C++ wrappers for GtkSpell (documentation)

libgtsam-dev/stable 4.2.0+dfsg-1+b4 arm64
  Factor graphs for sensor fusion in robotics

libgtsam-doc/stable 4.2.0+dfsg-1 all
  Factor graphs for sensor fusion in robotics

libgtsam4/stable 4.2.0+dfsg-1+b4 arm64
  Factor graphs for sensor fusion in robotics

libguard-perl/stable 1.023-2+b4 arm64
  Perl module providing safe cleanup using guard objects

libhalideaot19-0/stable 19.0.0-6 all
  fast, portable computation on images and tensors (virtual library)

libhash-merge-perl/stable 0.302-1 all
  Perl module for merging arbitrarily deep hashes into a single hash

libhawtdispatch-java/stable 1.22-3 all
  libdispatch style API for Java and Scala

libhd-dev/stable 21.82-1.1+b2 arm64
  Hardware identification system library and headers

libhd-doc/stable 21.82-1.1 all
  Hardware identification system library documentation

libhd21t64/stable 21.82-1.1+b2 arm64
  Hardware identification system library

libhdrhistogram-java/stable 2.1.11-1 all
  High Dynamic Range (HDR) Histogram

libhibernate3-java/stable 3.6.10.Final-12 all
  Relational Persistence for Idiomatic Java

libhighwayhash-dev/stable 0~git20200803.9490b14-4.1+b1 arm64
  Fast strong hash functions: SipHash/HighwayHash (development)

libhighwayhash0t64/stable 0~git20200803.9490b14-4.1+b1 arm64
  Fast strong hash functions: SipHash/HighwayHash (library)

libhiprand-dev/stable 5.7.1-6 arm64
  wrapper library to port from cuRAND applications to HIP - headers

libhiprand-doc/stable 5.7.1-6 all
  wrapper library to port from cuRAND applications to HIP - documentation

libhiprand1/stable 5.7.1-6 arm64
  wrapper library to port from cuRAND applications to HIP - library

libhiprand1-tests/stable 5.7.1-6 arm64
  wrapper library to port from cuRAND applications to HIP - tests

libhiredict-dev/stable 1.3.1-2+b1 arm64
  minimalistic C client library for Redict (development files)

libhiredict-shims-dev/stable 1.3.1-2+b1 arm64
  minimalistic C client library for Redict (hiredis compat shims)

libhiredict1.3.1/stable 1.3.1-2+b1 arm64
  minimalistic C client library for Redict

libhiredis-dev/stable 1.2.0-6+b3 arm64
  minimalistic C client library for Redis (development files)

libhiredis1.1.0/stable 1.2.0-6+b3 arm64
  minimalistic C client library for Redis

libhmmer2-dev/stable 2.3.2+dfsg-12+b2 arm64
  profile hidden Markov models for protein sequence analysis (devel)

libhook-wrapsub-perl/stable 0.08-2 all
  module to wrap subs with pre- and post-call hooks

libhpmud-dev/stable 3.22.10+dfsg0-8.1 arm64
  HP Multi-Point Transport Driver (hpmud) development libraries

libhpmud0/stable 3.22.10+dfsg0-8.1 arm64
  HP Multi-Point Transport Driver (hpmud) run-time libraries

libhtml-mason-perl/stable 1:1.60-2 all
  HTML::Mason Perl module

libhtml-mason-perl-doc/stable 1:1.60-2 all
  HTML::Mason examples

libhtml-parser-perl/stable 3.83-2~deb13u1 arm64 [upgradable from: 3.83-1+b2]
  collection of modules that parse HTML text documents

libhtml-template-compiled-perl/stable 1.003-3 all
  Perl template system compiling HTML::Template files to Perl code

libhtml-template-dumper-perl/stable 0.1-4 all
  module to output template data in a test-friendly format

libhtml-template-pro-perl/stable 0.9524-1+b5 arm64
  Perl module to use HTML Templates from CGI scripts

libhtml-tree-perl/stable,now 5.07-3 all [installed,automatic]
  Perl module to represent and create HTML syntax trees

libhtml-widgets-selectlayers-perl/stable 0.07-5 all
  Perl extension for selectable HTML layers

libhtml-wikiconverter-dokuwiki-perl/stable 0.53-3 all
  HTML to wiki markup converter - DokuWiki dialect

libhtml-wikiconverter-kwiki-perl/stable 0.51-3 all
  HTML to wiki markup converter - Kwiki dialect

libhtml-wikiconverter-markdown-perl/stable 0.06-3 all
  HTML to wiki markup converter - Markdown dialect

libhtml-wikiconverter-moinmoin-perl/stable 0.54-2 all
  HTML to wiki markup converter - MoinMoin dialect

libhtml-wikiconverter-oddmuse-perl/stable 0.52-3 all
  HTML to wiki markup converter - Oddmuse dialect

libhtml-wikiconverter-perl/stable 0.68-4 all
  HTML to wiki markup converter

libhtml-wikiconverter-phpwiki-perl/stable 0.51-3 all
  HTML to wiki markup converter - PhpWiki dialect

libhtml-wikiconverter-pmwiki-perl/stable 0.51-3 all
  HTML to wiki markup converter - PmWiki dialect

libhtml-wikiconverter-snipsnap-perl/stable 0.50-2 all
  HTML to wiki markup converter - SnipSnap dialect

libhtml-wikiconverter-tikiwiki-perl/stable 0.50-2 all
  HTML to wiki markup converter - TikiWiki dialect

libhtml-wikiconverter-usemod-perl/stable 0.50-4 all
  HTML to wiki markup converter - UseMod dialect

libhtml-wikiconverter-wakkawiki-perl/stable 0.50-2 all
  HTML to wiki markup converter - WakkaWiki dialect

libhtml-wikiconverter-wikkawiki-perl/stable 0.50-3 all
  HTML to wiki markup converter - WikkaWiki dialect

libhtmlcleaner-java/stable 2.29+dfsg-1 all
  Java HTML Parser library

libhtmlcleaner-java-doc/stable 2.29+dfsg-1 all
  Java HTML Parser library (documentation)

libhtmlcxx-dev/stable 0.87-4+b2 arm64
  simple HTML/CSS1 parser library for C++ (development)

libhtmlcxx3v5/stable 0.87-4+b2 arm64
  simple HTML parser library for C++

libhtmlparser-java/stable 1.6.20060610.dfsg0-10 all
  java library to parse html

libhttp-async-perl/stable 0.33-3 all
  module for parallel non-blocking processing of multiple HTTP requests

libhttp-cookiejar-perl/stable 0.014-2 all
  minimalist HTTP user agent cookie jar

libhttp-dav-perl/stable 0.50-1 all
  WebDAV client library for Perl, and "dave" CLI client

libhttp-message-perl/stable,now 7.00-2 all [installed,automatic]
  perl interface to HTTP style messages

libhttp-recorder-perl/stable 0.07-2.1 all
  Perl module to record interaction with websites

libhugetlbfs-bin/stable 2.24-1+b1 arm64
  Tools to ease use of hugetlbfs

libhugetlbfs-dev/stable 2.24-1+b1 arm64
  Development files to build programs using libhugetlbfs

libhugetlbfs0/stable 2.24-1+b1 arm64
  Preload library to back program memory with hugepages

libhwloc-common/stable 2.12.0-4 all
  Hierarchical view of the machine - common files

libhwloc-dev/stable 2.12.0-4 arm64
  Hierarchical view of the machine - static libs and headers

libhwloc-doc/stable 2.12.0-4 all
  Hierarchical view of the machine - documentation

libhwloc-plugins/stable 2.12.0-4 arm64
  Hierarchical view of the machine - plugins

libhwloc15/stable 2.12.0-4 arm64
  Hierarchical view of the machine - shared libs

libi18n-charset-perl/stable 1.419-1 all
  Perl module for mapping character set names to IANA names

libi2c-dev/stable 4.4-2 arm64
  userspace I2C programming library development files

libi2c0/stable 4.4-2 arm64
  userspace I2C programming library

libibverbs1/stable 56.1-1 arm64
  Library for direct userspace use of RDMA (InfiniBand/iWARP)

libidn2-0/stable,now 2.3.8-2 arm64 [installed,automatic]
  Internationalized domain names (IDNA2008/TR46) library

libidn2-dev/stable 2.3.8-2 arm64
  Internationalized domain names (IDNA2008/TR46) development files

libidn2-doc/stable 2.3.8-2 all
  Internationalized domain names (IDNA2008/TR46) documentation

libimage-exiftool-perl/stable 13.25+dfsg-1 all
  library and program to read and write meta information in multimedia files

libimage-magick-q16-perl/stable 8:7.1.1.43+dfsg1-1+deb13u10 arm64
  Perl interface to the ImageMagick graphics routines -- Q16 version

libimage-magick-q16hdri-perl/stable 8:7.1.1.43+dfsg1-1+deb13u10 arm64
  Perl interface to the ImageMagick graphics routines -- Q16HDRI version

libimage-scale-perl/stable 0.14+dfsg-3+b3 arm64
  fast, high-quality fixed-point image resizing module

libimgui-dev/stable 1.90.1+ds-1 arm64
  Bloat-free Immediate Mode Graphical User interface for C++

libimobiledevice-1.0-6/stable 1.3.0+git20250228-2 arm64
  Library for communicating with iPhone and other Apple devices

libimobiledevice-dev/stable 1.3.0+git20250228-2 arm64
  Development files for libimobiledevice

libimobiledevice-doc/stable 1.3.0+git20250228-2 all
  Library for communicating with iPhone and other Apple devices (documentation)

libimobiledevice-glue-1.0-0/stable 1.3.1-1 arm64
  Common library used by the libimobiledevice project

libimobiledevice-glue-dev/stable 1.3.1-1 arm64
  Common library used by the libimobiledevice project (dev)

libimobiledevice-utils/stable 1.3.0+git20250228-2 arm64
  Utitilies for communicating with iPhone and other Apple devices

libimport-into-perl/stable 1.002005-2 all
  module for importing packages into other packages

libindirect-perl/stable 0.39-2+b4 arm64
  module warning about using the indirect object syntax

libinline-java-perl/stable 0.67-2 arm64
  write Perl classes in Java

libinline-perl/stable 0.86-2 all
  module for producing simple Foreign Function Interfaces

libint-dev/stable 1.2.1-6+b1 arm64
  Evaluate the integrals in modern atomic and molecular theory (devel)

libint1/stable 1.2.1-6+b1 arm64
  Evaluate the integrals in modern atomic and molecular theory

libint2-2t64/stable 2.7.2-1.1+b1 arm64
  Computation Chemistry Integral Evaluation Library

libint2-dev/stable 2.7.2-1.1+b1 arm64
  Computation Chemistry Integral Evaluation Library (development files)

libio-all-perl/stable 0.87-2 all
  Perl module for unified IO operations

libio-file-withpath-perl/stable 0.09-1 all
  IO::File extension that keeps the pathname

libio-pipely-perl/stable 0.006-1 all
  portable way to create pipe() or pipe-like handles

libio-sessiondata-perl/stable 1.03-3 all
  set of modules for non-blocking I/O

libio-socket-ssl-perl/stable,now 2.089-1 all [installed,automatic]
  Perl module implementing object oriented interface to SSL sockets

libio-tee-perl/stable 0.66-2 all
  module for multiplexing output to multiple output handles

libipc-system-simple-perl/stable,now 1.30-2 all [installed,automatic]
  Perl module to run commands simply, with detailed diagnostics

libiptables-chainmgr-perl/stable 1.6-2 all
  Perl extension for manipulating iptables policies

libisoburn-dev/stable 1.5.6-1.2+b1 arm64
  development package for libisoburn

libisoburn-doc/stable 1.5.6-1.2 all
  documentation package for libisoburn

libisoburn1t64/stable 1.5.6-1.2+b1 arm64
  library to handle creation and inspection of ISO-9660 file systems

libisoparser-java/stable 1.1.22-1 all
  Generic parser and writer for ISO 14496 based files

libiterator-perl/stable 0.03+ds1-2 all
  Perl implementation of iterators

libjakarta-cdi-api-java/stable 4.0.1-2 all
  Jakarta Contexts and Dependency Injection API

libjavassist-java/stable 1:3.27.0-1 all
  library for editing bytecodes in Java

libjavassist-java-doc/stable 1:3.27.0-1 all
  library for editing bytecodes in Java -- documentation

libjbcrypt-java/stable 0.4-3 all
  Java implementation of OpenBSD's Blowfish hashing

libjboss-bridger-java/stable 1.6-1 all
  Java Bridge Method Maker

libjboss-modules-java/stable 2.1.6-1 all
  Modular Classloading System

libjcat-tests/stable 0.2.3-1 arm64
  Installed tests for libjcat1

libjettison-java/stable 1.5.4-1 all
  collection of StAX parsers and writers for JSON

libjgrapht0.6-java/stable 0.6.0-14 all
  mathematical graph theory library for Java

libjgrapht0.8-java/stable 0.8.3-7 all
  mathematical graph theory library for Java

libjgraphx-java/stable 2.1.0.7-5 all
  Java Swing Diagramming Library

libjgraphx-java-doc/stable 2.1.0.7-5 all
  Java Swing Diagramming Library - API documentation and manual

libjimfs-java/stable 1.1-6 all
  In-memory file system implementing the java.nio.file APIs

libjimfs-java-doc/stable 1.1-6 all
  Documentation for libjimfs-java

libjira-rest-perl/stable 0.024-1 all
  thin wrapper around Jira's REST APIs

libjitescript-java/stable 0.4.3-1 all
  Java API for generating JVM bytecode

libjline2-java/stable 2.14.6-6 all
  console input handling in Java

libjpf-java/stable 1.5.1+dfsg-5 all
  Java Plugin Framework: plug-in infrastructure library for Java projects

libjs-coffeescript/stable 2.7.0+dfsg1-2 all
  client-side interpreter for the CoffeeScript language

libjs-d3-format/stable 1:1.4.5+~1.4.2-2 all
  Formatting numbers for human consumption - browser library

libjs-d3-tip/stable 0.9.1-1 all
  Tooltips for d3.js visualizations

libjs-dropzone/stable 5.7.2+dfsg-2 all
  JavasScript library providing Dropzone

libjs-flatted/stable 3.2.7~ds-1+deb13u1 all
  super light and fast circular JSON parser - browser library

libjs-highlight.js/stable 9.18.5+dfsg1-2 all
  JavaScript library for syntax highlighting

libjs-jquery-colorbox/stable 1.6.4-1.1 all
  jQuery customizable lightbox

libjs-jquery-meiomask/stable 12-4 all
  jQuery mask plugin

libjs-jquery-minicolors/stable 2.3.6+dfsg-1 all
  tiny color picker built on jQuery

libjs-jquery-mousewheel/stable 1:3.1.13-5 all
  jQuery plugin that adds cross-browser mouse wheel support

libjs-of-ocaml/stable 5.9.1-1+b7 arm64
  OCaml bytecode to JavaScript compiler (runtime)

libjs-schoolkit/stable 0.2-2 all
  Tools ordinarily available in school kits for geometry

libjs-slick/stable 1.8.1-1 all
  responsive carousel jQuery plugin

libjs-textarea-caret/stable 3.0.2-2 all
  JS library to get the xy coords of a textarea or input's caret

libjs-trust-json-document/stable 0.1.4~dfsg-11 all
  JSON Document manipulation library - browser library

libjs-uglify/stable 2.8.29-8+deb13u1 all
  UglifyJS in library form

libjs-uglify-js/stable 3.17.4-2 all
  JavaScript parser, mangler/compressor and beautifier - browser library

libjson-any-perl/stable 1.40-1 all
  wrapper class for the various JSON classes

libjson-parse-perl/stable 0.62-1+b4 arm64
  module to read JSON into a Perl variable

libjson-validator-perl/stable 5.15+dfsg-1 all
  module to validate data against a JSON schema

libk5crypto3/stable 1.21.3-5+deb13u1 arm64 [upgradable from: 1.21.3-5]
  MIT Kerberos runtime libraries - Crypto Library

libkadm5clnt-mit12/stable 1.21.3-5+deb13u1 arm64
  MIT Kerberos runtime libraries - Administration Clients

libkadm5srv-mit12/stable 1.21.3-5+deb13u1 arm64
  MIT Kerberos runtime libraries - KDC and Admin Server

libkal-dev/stable 0.9.0-5 arm64
  library for converting dates between various calendar systems

libkasten4okteta2controllers0/stable 5:0.26.21-1 arm64
  kastencontrollers library for Okteta

libkasten4okteta2core0/stable 5:0.26.21-1 arm64
  kastencore library for Okteta

libkasten4okteta2gui0/stable 5:0.26.21-1 arm64
  kastengui library for Okteta

libkdb5-10t64/stable 1.21.3-5+deb13u1 arm64
  MIT Kerberos runtime libraries - Kerberos database

libkeymancore-dev/stable 18.0.235-1 arm64
  Development files for Keyman keyboard processing library

libkeymancore2/stable 18.0.235-1 arm64
  Keyman keyboard processing library

libkeyword-simple-perl/stable 0.04-2+b6 arm64
  Perl module to define new keywords in pure Perl

libkf5i18nlocaledata5/stable 5.116.0-1 arm64
  Advanced internationalization framework (locale data)

libkf5purpose5/stable 5.116.0-1 arm64
  library for abstractions to get the developer's purposes fulfilled

libkf5runner-doc/stable 5.116.0-1 all
  Used to write plugins loaded at runtime called "Runners" (documentation)

libkf5runner5/stable 5.116.0-1 arm64
  Used to write plugins loaded at runtime called "Runners".

libkf5texteditor-bin/stable 5.116.0-1 arm64
  provide advanced plain text editing services (binaries)

libkf5texteditor-dev/stable 5.116.0-1 arm64
  provide advanced plain text editing services

libkf5texteditor-doc/stable 5.116.0-1 all
  provide advanced plain text editing services (documentation)

libkf5texteditor5/stable 5.116.0-1 arm64
  provide advanced plain text editing services

libkf6i18nlocaledata6/stable 6.13.0-1 arm64
  Advanced internationalization framework (locale data)

libkf6purpose6/stable 6.13.0-1 arm64
  library for abstractions to get the developer's purposes fulfilled

libkf6purposewidgets6/stable 6.13.0-1 arm64
  library for abstractions to get the developer's purposes fulfilled

libkf6runner-doc/stable 6.13.0-1 all
  Used to write plugins loaded at runtime called "Runners" (documentation)

libkf6runner6/stable 6.13.0-1 arm64
  Used to write plugins loaded at runtime called "Runners"

libkf6texteditor-bin/stable 6.13.0-1 arm64
  provide advanced plain text editing services (binaries)

libkf6texteditor-data/stable 6.13.0-1 all
  provide advanced plain text editing services

libkf6texteditor-dev/stable 6.13.0-1 arm64
  provide advanced plain text editing services

libkf6texteditor-doc/stable 6.13.0-1 all
  provide advanced plain text editing services (documentation)

libkf6texteditor-katepart/stable 6.13.0-1 arm64
  provide advanced plain text editing services

libkf6texteditor6/stable 6.13.0-1 arm64
  provide advanced plain text editing services

libkgapi-data/stable 24.12.3-1 all
  Google API library for KDE -- data files

libkgapi-dev/stable 24.12.3-1 arm64
  Google API library for KDE -- development files

libkpim6textedit6/stable 24.12.3-1 arm64
  library that provides a textedit with PIM-specific features

libkpimgapi-data/stable 22.12.3-3 all
  Google API library for KDE -- data files

libkpimgapi-dev/stable 22.12.3-3 arm64
  Google API library for KDE -- development files

libkpimtextedit-data/stable 24.12.3-1 all
  libkpimtextedit - arch independent files

libkpimtextedit-dev/stable 24.12.3-1 arm64
  libkpimtextedit - development files

libkpmcore-dev/stable 24.12.3-2 arm64
  KDE Partition Manager Core development files

libkpmcore12/stable 24.12.3-2 arm64
  KDE Partition Manager Core

libkrad0/stable 1.21.3-5+deb13u1 arm64
  MIT Kerberos runtime libraries - RADIUS library

libkrb5-3/stable 1.21.3-5+deb13u1 arm64 [upgradable from: 1.21.3-5]
  MIT Kerberos runtime libraries

libkrb5-dbg/stable 1.21.3-5+deb13u1 arm64
  debugging files for MIT Kerberos

libkrb5-dev/stable 1.21.3-5+deb13u1 arm64
  headers and development libraries for MIT Kerberos

libkrb5support0/stable 1.21.3-5+deb13u1 arm64 [upgradable from: 1.21.3-5]
  MIT Kerberos runtime libraries - Support library

libkreport3-4/stable 3.2.0-5 arm64
  report creation and generation framework -- shared library

libksysguard-bin/stable 4:6.3.5-1 arm64
  library for system monitoring - utilities

libksysguard-data/stable 4:6.3.5-1 all
  library for system monitoring - data files

libksysguard-dev/stable 4:6.3.5-1 arm64
  library for system monitoring - development files

libksysguardformatter2/stable 4:6.3.5-1 arm64
  library for system monitoring - ksysguardformatter shared library

libksysguardsensorfaces2/stable 4:6.3.5-1 arm64
  library for system monitoring - ksysguardsensorfaces shared library

libksysguardsensors2/stable 4:6.3.5-1 arm64
  library for system monitoring - ksysguardsensors shared library

libksysguardsystemstats2/stable 4:6.3.5-1 arm64
  library for system monitoring - ksysguardsystemstats shared library

liblablgtkspell3-ocaml/stable 3.1.5-1+b3 arm64
  OCaml bindings for libgtkspell3 (runtime)

liblablgtkspell3-ocaml-dev/stable 3.1.5-1+b3 arm64
  OCaml bindings for libgtkspell3 (development files)

liblapack64-3/stable 3.12.1-6 arm64
  Library of linear algebra routines 3 - shared version (64bit-index)

liblapack64-dev/stable 3.12.1-6 arm64
  Library of linear algebra routines 3 - static version (64bit-index)

liblapack64-test/stable 3.12.1-6 arm64
  Library of linear algebra routines 3 - testing programs (64bit-index)

liblapacke64/stable 3.12.1-6 arm64
  Library of linear algebra routines 3 - C lib shared version (64bit-index)

liblapacke64-dev/stable 3.12.1-6 arm64
  Library of linear algebra routines 3 - Headers (64bit-index)

liblasi-dev/stable 1.1.3-2.1+b1 arm64
  development files and documentation for the LASi library

liblasi0t64/stable 1.1.3-2.1+b1 arm64
  creation of PostScript documents containing Unicode symbols

libldap-ocaml-dev/stable 2.5.1-1+b5 arm64
  LDAP bindings for OCaml

libledit-ocaml-dev/stable 2.04-8+b12 arm64
  OCaml line editor library

liblemonldap-ng-portal-perl/stable 2.21.2+ds-1+deb13u2 all
  Lemonldap::NG authentication portal part

libleveldb1d/stable 1.23-5+b2 arm64
  fast key-value storage library

liblib60870-2/stable 2.3.4-1 arm64
  library for IEC 60870-5 based protocols in C

liblib60870-dev/stable 2.3.4-1 arm64
  library for IEC 60870-5 based protocols in C (development files)

libliberator-clojure/stable 0.15.3-1 all
  library for building RESTful applications

libliftoff-dev/stable 0.5.0-1.1 arm64
  lightweight KMS plane library - development files

libliftoff0/stable 0.5.0-1.1 arm64
  lightweight KMS plane library

liblime-dev/stable 5.3.105+dfsg-3 arm64
  End-to-end encryption library featuring ECC and PFS

liblime-doc/stable 5.3.105+dfsg-3 all
  End-to-end encryption library featuring ECC and PFS

liblime1/stable 5.3.105+dfsg-3 arm64
  End-to-end encryption library featuring ECC and PFS

liblingua-es-numeros-perl/stable 0.09-3 all
  Perl module to convert numbers to Spanish text

liblingua-ispell-perl/stable 0.07-8 all
  Perl module encapsulating access to the ispell program

liblink-grammar-dev/stable 5.12.5~dfsg-1+b3 arm64
  Carnegie Mellon University's link grammar parser (development headers)

liblink-grammar-java/stable 5.12.5~dfsg-1+b3 arm64
  Carnegie Mellon University's link grammar parser (JNI library)

liblink-grammar5t64/stable 5.12.5~dfsg-1+b3 arm64
  Carnegie Mellon University's link grammar parser (libraries)

liblist-moreutils-perl/stable 0.430-2 all
  Perl module with additional list functions not found in List::Util

liblist-moreutils-xs-perl/stable 0.430-4+b2 arm64
  Perl module providing compiled List::MoreUtils functions

liblist-someutils-perl/stable 0.59-1 all
  module that provides the stuff missing in List::Util

liblist-someutils-xs-perl/stable 0.58-3+b3 arm64
  module providing XS implementation for List::SomeUtils

liblmdb-file-perl/stable 0.13-3 arm64
  tie to LMDB

liblocale-xgettext-perl/stable 0.7-2 all
  extract strings from arbitrary formats into PO files

liblog-any-adapter-callback-perl/stable 0.102-1 all
  module to send Log::Any logs to a subroutine

liblog-contextual-perl/stable 0.009001-1 all
  module for simple contextual logging

liblog-fast-perl/stable 2.0.1-2 all
  fast and flexible logger

liblog-loglite-perl/stable 0.82-9 all
  Perl module that facilitates lightweight logging

liblog-message-perl/stable 0.8-3 all
  powerful and flexible message logging mechanism

liblog4ada-dev/stable 1.3.1.b6dafb49-15 arm64
  Ada library for flexible logging (development)

liblog4ada-doc/stable 1.3.1.b6dafb49-15 all
  Ada library for flexible logging (documentation)

liblog4ada7/stable 1.3.1.b6dafb49-15 arm64
  Ada library for flexible logging (runtime)

liblog4c-dev/stable 1.2.4-5 arm64
  C library for flexible logging (development)

liblog4c-doc/stable 1.2.4-5 all
  C library for flexible logging (documentation)

liblog4c3t64/stable 1.2.4-5 arm64
  C library for flexible logging (runtime)

liblog4cplus-2.0.5t64/stable 2.0.8-1.1+b2 arm64
  C++ logging API modeled after the Java log4j API - shared library

liblog4cplus-dev/stable 2.0.8-1.1+b2 arm64
  C++ logging API modeled after the Java log4j API - development library

liblog4cplus-doc/stable 2.0.8-1.1 all
  C++ logging API modeled after the Java log4j API - doxygen documentation

liblog4cpp-doc/stable 1.0-4 all
  C++ library for flexible logging (documentation)

liblog4cpp5-dev/stable 1.1.4-1 arm64
  C++ library for flexible logging (development)

liblog4cpp5v5/stable 1.1.4-1 arm64
  C++ library for flexible logging (runtime)

liblog4shib-dev/stable 2.0.1-1+b2 arm64
  log4j-style configurable logging library for C++ (development)

liblog4shib-doc/stable 2.0.1-1 all
  log4j-style configurable logging library for C++ (API docs)

liblog4shib2/stable 2.0.1-1+b2 arm64
  log4j-style configurable logging library for C++ (runtime)

liblogs-ocaml/stable 0.8.0-1+b3 arm64
  logging infrastructure for OCaml (runtime)

liblogs-ocaml-dev/stable 0.8.0-1+b3 arm64
  logging infrastructure for OCaml (development)

liblomiri-url-dispatcher-dev/stable 0.1.4-1 arm64
  Development files for consumers of the Lomiri URL Dispatcher

liblomiri-url-dispatcher0/stable 0.1.4-1 arm64
  Library for sending requests to the Lomiri URL Dispatcher

libloudmouth1-dev/stable 1.5.4-2+b1 arm64
  Development files for Loudmouth Jabber library

liblowdown-dev/stable 2.0.2-2 arm64
  Simple markdown translator (development files)

liblowdown2/stable 2.0.2-2 arm64
  Simple markdown translator (shared library)

liblpsolve55-dev/stable 5.5.2.11-2 arm64
  Solve (mixed integer) linear programming problems - library

liblttng-ust-agent-java/stable 2.13.9-1 all
  LTTng 2.0 Userspace Tracer (Java agent library)

liblttng-ust-agent-java-jni/stable 2.13.9-1 arm64
  LTTng 2.0 Userspace Tracer (Java agent JNI interface)

liblttng-ust-common1t64/stable 2.13.9-1 arm64
  LTTng 2.0 Userspace Tracer (common library)

liblttng-ust-ctl5t64/stable 2.13.9-1 arm64
  LTTng 2.0 Userspace Tracer (trace control library)

liblttng-ust-dev/stable 2.13.9-1 arm64
  LTTng 2.0 Userspace Tracer (development files)

liblttng-ust-java/stable 2.13.9-1 all
  LTTng 2.0 Userspace Tracer (Java support library)

liblttng-ust-java-jni/stable 2.13.9-1 arm64
  LTTng 2.0 Userspace Tracer (JNI interface)

liblttng-ust-python-agent1t64/stable 2.13.9-1 arm64
  LTTng 2.0 Userspace Tracer (Python agent native library)

liblttng-ust1t64/stable 2.13.9-1 arm64
  LTTng 2.0 Userspace Tracer (tracing libraries)

liblucene-queryparser-perl/stable 1.04-6 all
  Turn a Lucene query into a Perl data structure

liblv-perl/stable 0.006-4 all
  lvalue subroutines for Perl

liblwp-authen-oauth2-perl/stable 0.20-1 all
  module enabling OAuth 2 requests via LWP

liblwp-protocol-https-perl/stable,now 6.14-1 all [installed,automatic]
  HTTPS driver for LWP::UserAgent

liblwt-ssl-ocaml/stable 1:1.2.0-2+b14 arm64
  OCaml OpenSSL binding with concurrent I/O (runtime)

liblwt-ssl-ocaml-dev/stable 1:1.2.0-2+b14 arm64
  OCaml OpenSSL binding with concurrent I/O (dev)

libm17n-0/stable 1.8.5-1 arm64
  multilingual text processing library - runtime

libm17n-dev/stable 1.8.5-1 arm64
  multilingual text processing library - development

libmagic-mgc/stable 1:5.46-5 arm64
  File type determination library using "magic" numbers (compiled magic file)

libmagick++-7.q16-5/stable 8:7.1.1.43+dfsg1-1+deb13u10 arm64
  C++ interface to ImageMagick -- quantum depth Q16

libmagick++-7.q16-dev/stable 8:7.1.1.43+dfsg1-1+deb13u10 arm64
  C++ interface to ImageMagick - development files (Q16)

libmagick++-7.q16hdri-5/stable 8:7.1.1.43+dfsg1-1+deb13u10 arm64
  C++ interface to ImageMagick -- quantum depth Q16HDRI

libmagick++-7.q16hdri-dev/stable 8:7.1.1.43+dfsg1-1+deb13u10 arm64
  C++ interface to ImageMagick - development files (Q16HDRI)

libmagickcore-7.q16-10/stable 8:7.1.1.43+dfsg1-1+deb13u10 arm64
  low-level image manipulation library -- quantum depth Q16

libmagickcore-7.q16-10-extra/stable 8:7.1.1.43+dfsg1-1+deb13u10 arm64
  low-level image manipulation library - extra codecs (Q16)

libmagickcore-7.q16-dev/stable 8:7.1.1.43+dfsg1-1+deb13u10 arm64
  low-level image manipulation library - development files (Q16)

libmagickcore-7.q16hdri-10/stable 8:7.1.1.43+dfsg1-1+deb13u10 arm64
  low-level image manipulation library -- quantum depth Q16HDRI

libmagickcore-7.q16hdri-10-extra/stable 8:7.1.1.43+dfsg1-1+deb13u10 arm64
  low-level image manipulation library - extra codecs (Q16HDRI)

libmagickcore-7.q16hdri-dev/stable 8:7.1.1.43+dfsg1-1+deb13u10 arm64
  low-level image manipulation library - development files (Q16HDRI)

libmagickwand-7.q16-10/stable 8:7.1.1.43+dfsg1-1+deb13u10 arm64
  image manipulation library -- quantum depth Q16

libmagickwand-7.q16-dev/stable 8:7.1.1.43+dfsg1-1+deb13u10 arm64
  image manipulation library - development files (Q16)

libmagickwand-7.q16hdri-10/stable 8:7.1.1.43+dfsg1-1+deb13u10 arm64
  image manipulation library -- quantum depth Q16HDRI

libmagickwand-7.q16hdri-dev/stable 8:7.1.1.43+dfsg1-1+deb13u10 arm64
  image manipulation library - development files (Q16HDRI)

libmail-imaptalk-perl/stable 4.04-2 all
  IMAP client interface with lots of features

libmapsforge-java/stable 0.20.0-1 all
  vector map library and writer

libmapsforge-java-doc/stable 0.20.0-1 all
  vector map library and writer (documentation)

libmarc-schema-perl/stable 0.16-1 all
  specification of the MARC21 format as Perl data structures

libmath-base85-perl/stable 0.5+dfsg-2 all
  Perl extension for base 85 numbers, as referenced by RFC 1924

libmath-clipper-perl/stable 1.29-2+b4 arm64
  Perl module for Polygon clipping in 2D

libmath-prime-util-gmp-perl/stable 0.52-2+b4 arm64
  utilities related to prime numbers, using GMP

libmath-quaternion-perl/stable 0.07-3 all
  Perl routines to handle operations on quaternions

libmath-random-tt800-perl/stable 1.01-4+b4 arm64
  Perl module implementing the TT800 algorithm

libmath-symbolic-perl/stable 0.613-1 all
  module for performing symbolic calculations

libmath-vector-real-xs-perl/stable 0.10-3+b1 arm64
  Perl module for real vector arithmetic in fast XS

libmawk1t64/stable 1.0.4-4 arm64
  embeddable mawk lib

libmccs-ocaml/stable 1.1+19-1+b2 arm64
  stripped-down MCCS CUDF solver for OCaml

libmccs-ocaml-dev/stable 1.1+19-1+b2 arm64
  stripped-down MCCS CUDF solver for OCaml -- development files

libmceliece-dev/stable 0~20241009-2 arm64
  Classic McEliece microlibrary - development files

libmceliece1/stable 0~20241009-2 arm64
  Classic McEliece microlibrary - shared library

libmcrypt-dev/stable 2.5.8-8 arm64
  De-/Encryption Library development files

libmcrypt4/stable 2.5.8-8 arm64
  De-/Encryption Library

libmd4c-dev/stable 0.5.2-2+b1 arm64
  Markdown for C - development files

libmd4c-html0/stable 0.5.2-2+b1 arm64
  Markdown for C HTML-renderer

libmd4c-html0-dev/stable 0.5.2-2+b1 arm64
  Markdown for C HTML-renderer - development files

libmd4c0/stable,now 0.5.2-2+b1 arm64 [installed,automatic]
  Markdown for C

libmessage-passing-perl/stable 0.117-1 all
  simple way of doing messaging

libmime-types-perl/stable 2.28-1 all
  Perl extension for determining MIME types and Transfer Encoding

libminiupnpc-dev/stable 2.2.8-2+b2 arm64
  UPnP IGD client lightweight library development files

libminiupnpc18/stable 2.2.8-2+b2 arm64
  UPnP IGD client lightweight library

libminlog-java/stable 1.3.1-1 all
  minimal Java logging library

libmldbm-sync-perl/stable 0.30-6 all
  Perl module for safe concurrent access to MLDBM databases

libmodule-build-cleaninstall-perl/stable 0.5-4 all
  module for removing the old module before installing the new one

libmodule-build-using-pkgconfig-perl/stable 0.03-3 all
  Module::Build extension for using platform libraries provided by pkg-config

libmodule-bundled-files-perl/stable 0.03-4 all
  perl module to access files bundled with your module

libmodule-compile-perl/stable 0.38-3 all
  Perl module providing a system to compile Perl modules

libmodule-find-perl/stable 0.17-1 all
  module to find and use installed Perl modules

libmodule-inspector-perl/stable 1.05-3 all
  integrated API for inspecting Perl distributions

libmodule-install-authorrequires-perl/stable 0.02-2 all
  declare author-only dependencies

libmodule-install-copyright-perl/stable 0.009-4 all
  package a COPYRIGHT file with a distribution

libmodule-install-doapchangesets-perl/stable 0.206-4 all
  write your distribution change log in RDF

libmodule-install-trustmetayml-perl/stable 0.003-4 all
  trust META.yml list of dependencies

libmodule-load-conditional-perl/stable 0.74-2 all
  module for looking up information about modules

libmodule-metadata-perl/stable 1.000038-1 all
  Perl module to gather package and POD information from perl module files

libmodule-optional-perl/stable 0.03-1.1 all
  Module::Optional - Breaking module dependency chains

libmodule-path-perl/stable 0.19-3 all
  module to get the full path to a locally installed Perl module

libmodule-pluggable-ordered-perl/stable 1.5-4 all
  Perl module to load plugins in a specified order

libmodule-runtime-conflicts-perl/stable 0.003-2 all
  module to provide information on conflicts for Module::Runtime

libmodule-runtime-perl/stable,now 0.018-1 all [installed,automatic]
  Perl module for runtime module handling

libmodule-starter-pbp-perl/stable 0.0.3-3 all
  Perl module to create new perl modules following best practices

libmono-2.0-1/stable 6.12.0.199+dfsg-6 arm64
  Mono JIT library (Default version)

libmono-2.0-dev/stable 6.12.0.199+dfsg-6 arm64
  Mono JIT library - Development files (Default version)

libmono-accessibility4.0-cil/stable 6.12.0.199+dfsg-6 all
  Mono Accessibility library (for CLI 4.0)

libmono-btls-interface4.0-cil/stable 6.12.0.199+dfsg-6 all
  Mono Mono.Btls.Interface library (for CLI 4.0)

libmono-cairo4.0-cil/stable 6.12.0.199+dfsg-6 all
  Mono Cairo library (for CLI 4.0)

libmono-cecil-private-cil/stable 6.12.0.199+dfsg-6 all
  Mono.Cecil library

libmono-cil-dev/stable 6.12.0.199+dfsg-6 all
  Mono Base Class Libraries (BCL) - Development files

libmono-codecontracts4.0-cil/stable 6.12.0.199+dfsg-6 all
  Mono.CodeContracts library (for CLI 4.0)

libmono-compilerservices-symbolwriter4.0-cil/stable 6.12.0.199+dfsg-6 all
  Mono.CompilerServices.SymbolWriter library (for CLI 4.0)

libmono-corlib4.5-cil/stable 6.12.0.199+dfsg-6 all
  Mono core library (for CLI 4.5)

libmono-corlib4.5-dll/stable 6.12.0.199+dfsg-6 all
  Mono core library (for CLI 4.5) - stand-alone package

libmono-cscompmgd0.0-cil/stable 6.12.0.199+dfsg-6 all
  Mono cscompmgd library (for CLI 4.0)

libmono-csharp4.0c-cil/stable 6.12.0.199+dfsg-6 all
  Mono.CSharp library (for CLI 4.0)

libmono-custommarshalers4.0-cil/stable 6.12.0.199+dfsg-6 all
  Mono CustomMarshalers library (for CLI 4.0)

libmono-data-tds4.0-cil/stable 6.12.0.199+dfsg-6 all
  Mono Data Library (for CLI 4.0)

libmono-db2-1.0-cil/stable 6.12.0.199+dfsg-6 all
  Mono DB2 library

libmono-debugger-soft4.0a-cil/stable 6.12.0.199+dfsg-6 all
  Mono Soft Debugger library (for CLI 4.0)

libmono-http4.0-cil/stable 6.12.0.199+dfsg-6 all
  Mono.Http library (for CLI 4.0)

libmono-i18n-cjk4.0-cil/stable 6.12.0.199+dfsg-6 all
  Mono I18N.CJK library (for CLI 4.0)

libmono-i18n-mideast4.0-cil/stable 6.12.0.199+dfsg-6 all
  Mono I18N.MidEast library (for CLI 4.0)

libmono-i18n-other4.0-cil/stable 6.12.0.199+dfsg-6 all
  Mono I18N.Other library (for CLI 4.0)

libmono-i18n-rare4.0-cil/stable 6.12.0.199+dfsg-6 all
  Mono I18N.Rare library (for CLI 4.0)

libmono-i18n-west4.0-cil/stable 6.12.0.199+dfsg-6 all
  Mono I18N.West library (for CLI 4.0)

libmono-i18n4.0-all/stable 6.12.0.199+dfsg-6 all
  Mono I18N libraries metapackage (for CLI 4.0)

libmono-i18n4.0-cil/stable 6.12.0.199+dfsg-6 all
  Mono I18N base library (for CLI 4.0)

libmono-ldap4.0-cil/stable 6.12.0.199+dfsg-6 all
  Mono LDAP library (for CLI 4.0)

libmono-management4.0-cil/stable 6.12.0.199+dfsg-6 all
  Mono Management library (for CLI 4.0)

libmono-messaging-rabbitmq4.0-cil/stable 6.12.0.199+dfsg-6 all
  Mono Messaging RabbitMQ library (for CLI 4.0)

libmono-messaging4.0-cil/stable 6.12.0.199+dfsg-6 all
  Mono Messaging library (for CLI 4.0)

libmono-microsoft-build-engine4.0-cil/stable 6.12.0.199+dfsg-6 all
  Mono Microsoft.Build.Engine library (for CLI 4.0)

libmono-microsoft-build-framework4.0-cil/stable 6.12.0.199+dfsg-6 all
  Mono Microsoft.Build.Framework library (for CLI 4.0)

libmono-microsoft-build-tasks-v4.0-4.0-cil/stable 6.12.0.199+dfsg-6 all
  Mono Microsoft.Build.Tasks.v4.0 library (for CLI 4.0)

libmono-microsoft-build-utilities-v4.0-4.0-cil/stable 6.12.0.199+dfsg-6 all
  Mono Microsoft.Build.Utilities.v4.0 library (for CLI 4.0)

libmono-microsoft-build4.0-cil/stable 6.12.0.199+dfsg-6 all
  Mono Microsoft.Build library (for CLI 4.0)

libmono-microsoft-csharp4.0-cil/stable 6.12.0.199+dfsg-6 all
  Mono Microsoft.CSharp library (for CLI 4.0)

libmono-microsoft-visualc10.0-cil/stable 6.12.0.199+dfsg-6 all
  Mono Microsoft.VisualC library (for CLI 4.0)

libmono-microsoft-web-infrastructure1.0-cil/stable 6.12.0.199+dfsg-6 all
  Mono Microsoft.Web.Infrastructure library (for CLI 4.0)

libmono-oracle4.0-cil/stable 6.12.0.199+dfsg-6 all
  Mono Oracle library (for CLI 4.0)

libmono-parallel4.0-cil/stable 6.12.0.199+dfsg-6 all
  Mono.Parallel library (for CLI 4.0)

libmono-peapi4.0a-cil/stable 6.12.0.199+dfsg-6 all
  Mono PEAPI library (for CLI 4.0)

libmono-posix4.0-cil/stable 6.12.0.199+dfsg-6 all
  Mono.Posix library (for CLI 4.0)

libmono-profiler/stable 6.12.0.199+dfsg-6 arm64
  Mono profiler libraries

libmono-rabbitmq4.0-cil/stable 6.12.0.199+dfsg-6 all
  Mono RabbitMQ.Client library (for CLI 4.0)

libmono-relaxng4.0-cil/stable 6.12.0.199+dfsg-6 all
  Mono Relaxng library (for CLI 4.0)

libmono-security4.0-cil/stable 6.12.0.199+dfsg-6 all
  Mono Security library (for CLI 4.0)

libmono-sharpzip4.84-cil/stable 6.12.0.199+dfsg-6 all
  Mono SharpZipLib library (for CLI 4.0)

libmono-simd4.0-cil/stable 6.12.0.199+dfsg-6 all
  Mono SIMD (for CLI 4.0)

libmono-smdiagnostics0.0-cil/stable 6.12.0.199+dfsg-6 all
  Mono SMDiagnostics Library (for CLI 4.0)

libmono-sqlite4.0-cil/stable 6.12.0.199+dfsg-6 all
  Mono Sqlite library (for CLI 4.0)

libmono-system-componentmodel-composition4.0-cil/stable 6.12.0.199+dfsg-6 all
  Mono System.ComponentModel.Composition library (for CLI 4.0)

libmono-system-componentmodel-dataannotations4.0-cil/stable 6.12.0.199+dfsg-6 all
  Mono System.ComponentModel.DataAnnotations library (for CLI 4.0)

libmono-system-configuration-install4.0-cil/stable 6.12.0.199+dfsg-6 all
  Mono System.Configuration.Install library (for CLI 4.0)

libmono-system-configuration4.0-cil/stable 6.12.0.199+dfsg-6 all
  Mono System.Configuration library (for CLI 4.0)

libmono-system-core4.0-cil/stable 6.12.0.199+dfsg-6 all
  Mono System.Core library (for CLI 4.0)

libmono-system-data-datasetextensions4.0-cil/stable 6.12.0.199+dfsg-6 all
  Mono System.Data.DataSetExtensions library (for CLI 4.0)

libmono-system-data-entity4.0-cil/stable 6.12.0.199+dfsg-6 all
  Mono System.Data.Entity library (for CLI 4.0)

libmono-system-data-linq4.0-cil/stable 6.12.0.199+dfsg-6 all
  Mono System.Data.Linq Library (for CLI 4.0)

libmono-system-data-services-client4.0-cil/stable 6.12.0.199+dfsg-6 all
  Mono System.Data.Services.Client library (for CLI 4.0)

libmono-system-data-services4.0-cil/stable 6.12.0.199+dfsg-6 all
  Mono System.Data.Services library (for CLI 4.0)

libmono-system-data4.0-cil/stable 6.12.0.199+dfsg-6 all
  Mono System.Data library (for CLI 4.0)

libmono-system-deployment4.0-cil/stable 6.12.0.199+dfsg-6 all
  Mono System.Deployment library (for CLI 4.0)

libmono-system-design4.0-cil/stable 6.12.0.199+dfsg-6 all
  Mono System.Design Library (for CLI 4.0)

libmono-system-drawing-design4.0-cil/stable 6.12.0.199+dfsg-6 all
  Mono System.Drawing.Design (for CLI 4.0)

libmono-system-drawing4.0-cil/stable 6.12.0.199+dfsg-6 all
  Mono System.Drawing library (for CLI 4.0)

libmono-system-dynamic4.0-cil/stable 6.12.0.199+dfsg-6 all
  Mono System.Dynamic library (for CLI 4.0)

libmono-system-enterpriseservices4.0-cil/stable 6.12.0.199+dfsg-6 all
  Mono System.EnterpriseServices library (for CLI 4.0)

libmono-system-identitymodel-selectors4.0-cil/stable 6.12.0.199+dfsg-6 all
  Mono System.IdentityModel.Selectors Library (for CLI 4.0)

libmono-system-identitymodel4.0-cil/stable 6.12.0.199+dfsg-6 all
  Mono System.IdentityModel Library (for CLI 4.0)

libmono-system-io-compression-filesystem4.0-cil/stable 6.12.0.199+dfsg-6 all
  Mono System.IO.Compresion.FileSystem library (for CLI 4.0)

libmono-system-io-compression4.0-cil/stable 6.12.0.199+dfsg-6 all
  Mono System.IO.Compression library (for CLI 4.0)

libmono-system-json-microsoft4.0-cil/stable 6.12.0.199+dfsg-6 all
  Mono System.Json.Microsoft library (for CLI 4.0)

libmono-system-json4.0-cil/stable 6.12.0.199+dfsg-6 all
  Mono System.Json library (for CLI 4.0)

libmono-system-ldap-protocols4.0-cil/stable 6.12.0.199+dfsg-6 all
  Mono System.DirectoryServices.Protocols library (for CLI 4.0)

libmono-system-ldap4.0-cil/stable 6.12.0.199+dfsg-6 all
  Mono System.DirectoryServices library (for CLI 4.0)

libmono-system-management4.0-cil/stable 6.12.0.199+dfsg-6 all
  Mono System.Management library (for CLI 4.0)

libmono-system-messaging4.0-cil/stable 6.12.0.199+dfsg-6 all
  Mono System.Messaging library (for CLI 4.0)

libmono-system-net-http-formatting4.0-cil/stable 6.12.0.199+dfsg-6 all
  Mono System.Net.Http.Formatting library (for CLI 4.0)

libmono-system-net-http-webrequest4.0-cil/stable 6.12.0.199+dfsg-6 all
  Mono System.Net.Http.WebRequest library (for CLI 4.0)

libmono-system-net-http4.0-cil/stable 6.12.0.199+dfsg-6 all
  Mono System.Net.Http library (for CLI 4.0)

libmono-system-net4.0-cil/stable 6.12.0.199+dfsg-6 all
  Mono System.Net library (for CLI 4.0)

libmono-system-numerics-vectors4.0-cil/stable 6.12.0.199+dfsg-6 all
  Mono System.Numerics.Vectors library (for CLI 4.0)

libmono-system-numerics4.0-cil/stable 6.12.0.199+dfsg-6 all
  Mono System.Numerics library (for CLI 4.0)

libmono-system-reactive-core2.2-cil/stable 6.12.0.199+dfsg-6 all
  Mono System.Reactive.Core Library (for CLI 4.5)

libmono-system-reactive-debugger2.2-cil/stable 6.12.0.199+dfsg-6 all
  Mono System.Reactive.Debugger Library (for CLI 4.5)

libmono-system-reactive-experimental2.2-cil/stable 6.12.0.199+dfsg-6 all
  Mono System.Reactive.Experimental Library (for CLI 4.5)

libmono-system-reactive-interfaces2.2-cil/stable 6.12.0.199+dfsg-6 all
  Mono System.Reactive.Interfaces Library (for CLI 4.5)

libmono-system-reactive-linq2.2-cil/stable 6.12.0.199+dfsg-6 all
  Mono System.Reactive.Linq Library (for CLI 4.5)

libmono-system-reactive-observable-aliases0.0-cil/stable 6.12.0.199+dfsg-6 all
  Mono System.Reactive.Linq Library (for CLI 4.5)

libmono-system-reactive-platformservices2.2-cil/stable 6.12.0.199+dfsg-6 all
  Mono System.Reactive.PlatformServices Library (for CLI 4.5)

libmono-system-reactive-providers2.2-cil/stable 6.12.0.199+dfsg-6 all
  Mono System.Reactive.Providers Library (for CLI 4.5)

libmono-system-reactive-runtime-remoting2.2-cil/stable 6.12.0.199+dfsg-6 all
  Mono System.Reactive.Runtime.Remoting Library (for CLI 4.5)

libmono-system-reactive-windows-forms2.2-cil/stable 6.12.0.199+dfsg-6 all
  Mono System.Reactive.Windows.Forms Library (for CLI 4.5)

libmono-system-reactive-windows-threading2.2-cil/stable 6.12.0.199+dfsg-6 all
  Mono System.Reactive.Windows.Threading Library (for CLI 4.5)

libmono-system-reflection-context4.0-cil/stable 6.12.0.199+dfsg-6 all
  Mono System.Reflection.Context library (for CLI 4.0)

libmono-system-runtime-caching4.0-cil/stable 6.12.0.199+dfsg-6 all
  Mono System.Runtime.Caching Library (for CLI 4.0)

libmono-system-runtime-durableinstancing4.0-cil/stable 6.12.0.199+dfsg-6 all
  Mono System.Runtime.DurableInstancing Library (for CLI 4.0)

libmono-system-runtime-serialization-formatters-soap4.0-cil/stable 6.12.0.199+dfsg-6 all
  Mono System.Runtime.Serialization.Formatters.Soap Library (for CLI 4.0)

libmono-system-runtime-serialization4.0-cil/stable 6.12.0.199+dfsg-6 all
  Mono System.Runtime.Serialization Library (for CLI 4.0)

libmono-system-runtime4.0-cil/stable 6.12.0.199+dfsg-6 all
  Mono System.Runtime library (for CLI 4.0)

libmono-system-security4.0-cil/stable 6.12.0.199+dfsg-6 all
  Mono System.Security library (for CLI 4.0)

libmono-system-servicemodel-activation4.0-cil/stable 6.12.0.199+dfsg-6 all
  Mono System.ServiceModel.Activation Library (for CLI 4.0)

libmono-system-servicemodel-discovery4.0-cil/stable 6.12.0.199+dfsg-6 all
  Mono System.ServiceModel.Discovery Library (for CLI 4.0)

libmono-system-servicemodel-internals0.0-cil/stable 6.12.0.199+dfsg-6 all
  Mono System.ServiceModel.Internals Library (for CLI 4.0)

libmono-system-servicemodel-routing4.0-cil/stable 6.12.0.199+dfsg-6 all
  Mono System.ServiceModel.Routing Library (for CLI 4.0)

libmono-system-servicemodel-web4.0-cil/stable 6.12.0.199+dfsg-6 all
  Mono System.ServiceModel.Web Library (for CLI 4.0)

libmono-system-servicemodel4.0a-cil/stable 6.12.0.199+dfsg-6 all
  Mono System.ServiceModel Library (for CLI 4.0)

libmono-system-serviceprocess4.0-cil/stable 6.12.0.199+dfsg-6 all
  Mono System.ServiceProcess library (for CLI 4.0)

libmono-system-threading-tasks-dataflow4.0-cil/stable 6.12.0.199+dfsg-6 all
  Mono System.Threading.Tasks.Dataflow library (for CLI 4.0)

libmono-system-transactions4.0-cil/stable 6.12.0.199+dfsg-6 all
  Mono System.Transactions library (for CLI 4.0)

libmono-system-web-abstractions4.0-cil/stable 6.12.0.199+dfsg-6 all
  Mono System.Web.Abstractions library (for CLI 4.0)

libmono-system-web-applicationservices4.0-cil/stable 6.12.0.199+dfsg-6 all
  Mono System.Web.ApplicationServices library (for CLI 4.0)

libmono-system-web-dynamicdata4.0-cil/stable 6.12.0.199+dfsg-6 all
  Mono System.Web.DynamicData library (for CLI 4.0)

libmono-system-web-extensions-design4.0-cil/stable 6.12.0.199+dfsg-6 all
  Mono System.Web.Extensions.Design library (for CLI 4.0)

libmono-system-web-extensions4.0-cil/stable 6.12.0.199+dfsg-6 all
  Mono System.Web.Extensions library (for CLI 4.0)

libmono-system-web-http-selfhost4.0-cil/stable 6.12.0.199+dfsg-6 all
  Mono System.Web.Http.SelfHost library (for CLI 4.0)

libmono-system-web-http-webhost4.0-cil/stable 6.12.0.199+dfsg-6 all
  Mono System.Web.Http.WebHost library (for CLI 4.0)

libmono-system-web-http4.0-cil/stable 6.12.0.199+dfsg-6 all
  Mono System.Web.Http library (for CLI 4.0)

libmono-system-web-mobile4.0-cil/stable 6.12.0.199+dfsg-6 all
  Mono System.Web.Mobile library (for CLI 4.0)

libmono-system-web-mvc3.0-cil/stable 6.12.0.199+dfsg-6 all
  Mono ASP.NET MVC 3.0 Library (for CLI 4.0)

libmono-system-web-razor2.0-cil/stable 6.12.0.199+dfsg-6 all
  Mono System.Web.Razor (for CLI 4.0)

libmono-system-web-regularexpressions4.0-cil/stable 6.12.0.199+dfsg-6 all
  Mono System.Web.RegularExpressions library (for CLI 4.0)

libmono-system-web-routing4.0-cil/stable 6.12.0.199+dfsg-6 all
  Mono System.Web.Routing (for CLI 4.0)

libmono-system-web-services4.0-cil/stable 6.12.0.199+dfsg-6 all
  Mono System.Web.Services (for CLI 4.0)

libmono-system-web-webpages-deployment2.0-cil/stable 6.12.0.199+dfsg-6 all
  Mono System.Web.WebPages.Deployment (for CLI 4.0)

libmono-system-web-webpages-razor2.0-cil/stable 6.12.0.199+dfsg-6 all
  Mono System.Web.WebPages.Razor (for CLI 4.0)

libmono-system-web-webpages2.0-cil/stable 6.12.0.199+dfsg-6 all
  Mono System.Web.WebPages (for CLI 4.0)

libmono-system-web4.0-cil/stable 6.12.0.199+dfsg-6 all
  Mono System.Web library (for CLI 4.0)

libmono-system-windows-forms-datavisualization4.0a-cil/stable 6.12.0.199+dfsg-6 all
  Mono System.Windows.Forms.DataVisualization Library (for CLI 4.0)

libmono-system-windows-forms4.0-cil/stable 6.12.0.199+dfsg-6 all
  Mono System.Windows.Forms Library (for CLI 4.0)

libmono-system-windows4.0-cil/stable 6.12.0.199+dfsg-6 all
  Mono System.Windows library (for CLI 4.0)

libmono-system-workflow-activities4.0-cil/stable 6.12.0.199+dfsg-6 all
  Mono System.Workflow.Activities library (for CLI 4.0)

libmono-system-workflow-componentmodel4.0-cil/stable 6.12.0.199+dfsg-6 all
  Mono System.Workflow.ComponentModel library (for CLI 4.0)

libmono-system-workflow-runtime4.0-cil/stable 6.12.0.199+dfsg-6 all
  Mono System.Workflow.Runtime library (for CLI 4.0)

libmono-system-xaml4.0-cil/stable 6.12.0.199+dfsg-6 all
  Mono System.Xaml Library (for CLI 4.0)

libmono-system-xml-linq4.0-cil/stable 6.12.0.199+dfsg-6 all
  Mono System.Xml.Linq library (for CLI 4.0)

libmono-system-xml-serialization4.0-cil/stable 6.12.0.199+dfsg-6 all
  Mono System.Xml.Serialization library (for CLI 4.0)

libmono-system-xml4.0-cil/stable 6.12.0.199+dfsg-6 all
  Mono System.Xml library (for CLI 4.0)

libmono-system4.0-cil/stable 6.12.0.199+dfsg-6 all
  Mono System libraries (for CLI 4.0)

libmono-tasklets4.0-cil/stable 6.12.0.199+dfsg-6 all
  Mono Tasklets library (for CLI 4.0)

libmono-webbrowser4.0-cil/stable 6.12.0.199+dfsg-6 all
  Mono Web Browser library (for CLI 4.0)

libmono-webmatrix-data4.0-cil/stable 6.12.0.199+dfsg-6 all
  Mono WebMatrix.Data Library (for CLI 4.0)

libmono-windowsbase4.0-cil/stable 6.12.0.199+dfsg-6 all
  Mono WindowsBase library (for CLI 4.0)

libmono-xbuild-tasks4.0-cil/stable 6.12.0.199+dfsg-6 all
  Mono Mono.XBuild.Tasks library (for CLI 4.0)

libmonosgen-2.0-1/stable 6.12.0.199+dfsg-6 arm64
  Mono JIT library (SGen GC)

libmonosgen-2.0-1-dbg/stable 6.12.0.199+dfsg-6 arm64
  Mono JIT library, debugging symbols (SGen GC)

libmonosgen-2.0-dev/stable 6.12.0.199+dfsg-6 arm64
  Mono JIT library - Development files (SGen GC)

libmoosex-classattribute-perl/stable 0.29-3 all
  module to declare class attributes Moose-style

libmoosex-role-strict-perl/stable 0.5-3 all
  module for using strict 'roles' with Moose

libmoosex-role-withoverloading-perl/stable 0.17-3+b4 arm64
  Moose extension for roles that support overloading

libmoosex-strictconstructor-perl/stable 0.21-2 all
  Make your object constructors blow up on unknown attributes

libmoosex-types-path-class-perl/stable 0.09-2 all
  Path::Class type library for Moose

libmoosex-types-stringlike-perl/stable 0.003-3 all
  Moose type constraints for strings or string-like objects

libmoox-strictconstructor-perl/stable 0.011-2 all
  make Moo-based object constructors blow up on unknown attributes

libmoox-thunking-perl/stable 0.08-4 all
  Allow Moo attributes to be "thunked"

libmoox-traits-perl/stable 0.005-2 all
  module to automatically apply roles at object creation time

libmorph/stable 1:20150712-5.1+b1 arm64
  digital image warping library

libmousex-strictconstructor-perl/stable 0.02-3 all
  Mouse extension for making object constructors die on unknown attributes

libmousex-types-path-class-perl/stable 0.07-1.1 all
  Path::Class type library for Mouse

libmrmpi-dev/stable 1.0~20140404-3+b4 arm64
  Implements MapReduce operation on top of standard MPI message - development

libmrmpi1/stable 1.0~20140404-3+b4 arm64
  Implements MapReduce operation on top of standard MPI message - runtime

libmstch-dev/stable 1.0.2-7 arm64
  Mustache implementation in C++11

libnamespace-clean-perl/stable,now 0.27-2 all [installed,automatic]
  module for keeping imports and functions out of the current namespace

libnamespace-sweep-perl/stable 0.006-4 all
  sweeps up imported subs in your classes

libnanomsg-dev/stable 1.1.5+dfsg-1.1+b1 arm64
  nanomsg development files

libnanomsg5/stable 1.1.5+dfsg-1.1+b1 arm64
  high-performance implementation of scalability libraries

libnanovg-dev/stable 0.0~git20230826.f93799c+dfsg1-1 arm64
  antialiased vector graphics rendering library for OpenGL

libnauty-2.8.9/stable 2.8.9+ds-1+b1 arm64
  library for graph automorphisms -- library package

libncurses6/stable,now 6.5+20250216-2 arm64 [installed,automatic]
  shared libraries for terminal handling

libncursesw6/stable,now 6.5+20250216-2 arm64 [installed,automatic]
  shared libraries for terminal handling (wide character support)

libndpi-wireshark/stable 4.2-2.1+b3 arm64
  extensible deep packet inspection library - wireshark dissector

libneon27-gnutls-dev/stable 0.34.2-1 arm64
  Header and static library files for libneon27t64 (GnuTLS enabled)

libneon27t64-gnutls/stable 0.34.2-1 arm64
  HTTP and WebDAV client library (GnuTLS enabled)

libnet-abuse-utils-perl/stable 0.27-2 all
  Routines useful for processing network abuse

libnet-async-http-perl/stable 0.50-1 all
  module to use HTTP with IO::Async

libnet-dns-async-perl/stable 1.07-4 all
  Asynchronous DNS helper for high volume perl applications

libnet-dns-fingerprint-perl/stable 20190131-1.1 all
  library to determine DNS server vendor, product and version

libnet-idn-encode-perl/stable 2.500-5+b1 arm64
  Internationalizing Domain Names in Applications (IDNA)

libnet-libdnet-perl/stable 0.990-1 arm64
  interface to libdumbnet's low-level network functions

libnet-nslookup-perl/stable 2.04-4 all
  simple DNS lookup module for perl

libnet-patricia-perl/stable 1.23-1 arm64
  Perl module for fast IP address lookups

libnet-scp-perl/stable 0.08-4 all
  Perl extension for secure copy protocol

libnet-sftp-foreign-perl/stable 1.93+dfsg-1 all
  client for the Secure File Transfer Protocol

libnet-sftp-sftpserver-perl/stable 1.1.0-7 all
  Secure File Transfer Protocol Server

libnet-smtp-server-perl/stable 1.1-7 all
  native Perl SMTP Server implementation for Perl

libnet-smtps-perl/stable 0.10-2 all
  SSL/STARTTLS support for Net::SMTP

libnet-ssh-perl/stable 0.09-5 all
  Perl extension for secure shell

libnet-whois-ip-perl/stable 1.19-3 all
  Lookup whois entries of IP addresses with Perl

libnetconf2-4/stable 3.7.1-1 arm64
  library for IETF NETCONF protocol

libnetty-reactive-streams-java/stable 2.0.8-1 all
  Netty Reactive Streams

libnewlib-arm-none-eabi/stable 4.5.0.20241231-1 all
  C library and math library compiled for bare metal using Cortex A/R/M

libnfft3-double4/stable 3.5.3-5 arm64
  library for computing non-uniform Fourier transforms (double precision)

libnfft3-long4/stable 3.5.3-5 arm64
  library for computing non-uniform Fourier transforms (long-double precision)

libnfft3-single4/stable 3.5.3-5 arm64
  library for computing non-uniform Fourier transforms (single precision)

libnginx-mod-http-geoip/stable 1.26.3-3+deb13u7 arm64
  GeoIP HTTP module for Nginx

libnginx-mod-http-geoip2/stable 1:3.4-6 arm64
  GeoIP2 HTTP module for Nginx

libnginx-mod-nchan/stable 1:1.3.7+dfsg-2 arm64
  Fast, flexible pub/sub server for Nginx

libnginx-mod-stream-geoip/stable 1.26.3-3+deb13u7 arm64
  GeoIP Stream module for Nginx

libnginx-mod-stream-geoip2/stable 1:3.4-6 arm64
  GeoIP2 Stream module for Nginx

libngspice0/stable 44.2+ds-1 arm64
  Spice circuit simulator - library

libngspice0-dev/stable 44.2+ds-1 arm64
  Spice circuit simulator - development files for libngspice

libnhgri-blastall-perl/stable 0.66-4 all
  Perl extension for running and parsing NCBI's BLAST 2.x

libnjb-dev/stable 2.2.7~dfsg0-5.1+b2 arm64
  Creative Labs Nomad Jukebox library development files

libnjb-doc/stable 2.2.7~dfsg0-5.1 all
  Creative Labs Nomad Jukebox library documentation

libnjb-tools/stable 2.2.7~dfsg0-5.1+b2 arm64
  Creative Labs Nomad Jukebox library tools

libnjb5/stable 2.2.7~dfsg0-5.1+b2 arm64
  Creative Labs Nomad Jukebox library

libnlopt-cxx0/stable 2.7.1-6+b4 arm64
  nonlinear optimization library (C++ interface)

libnlopt0/stable 2.7.1-6+b4 arm64
  nonlinear optimization library

libnode115/stable 20.19.2+dfsg-1+deb13u2 arm64
  evented I/O for V8 javascript - runtime library

libnormaliz3/stable 3.10.4+ds-1 arm64
  math computing tools for affine monoids, rational polytopes and cones - libs

libnss-libvirt/stable 11.3.0-3+deb13u2 arm64
  virtualization library - NSS plugins

libnss3/stable,now 2:3.110-1+deb13u3 arm64 [installed,automatic]
  Network Security Service libraries

libnss3-dev/stable 2:3.110-1+deb13u3 arm64
  Development files for the Network Security Service libraries

libntruprime1/stable 0~20241021-2 arm64
  microlibrary for Streamlined NTRU Prime - shared library

libnumber-compare-perl/stable 0.03-3 all
  module for performing numeric comparisons in Perl

libnxt/stable 0.5.2-1 arm64
  utility library for talking to the LEGO Mindstorms NXT brick

liboar-perl/stable 2.6.1-1 arm64
  OAR batch scheduler common library package

libobject-forkaware-perl/stable 0.005-2 all
  module to make an object aware of process forks and threads

libobject-lazy-perl/stable 0.16-2 all
  create objects late from non-owned classes

libobject-pad-fieldattr-lazyinit-perl/stable 0.07-1+b3 arm64
  lazily initialise Object::Pad fields at first read

libobject-pad-fieldattr-trigger-perl/stable 0.07-2+b3 arm64
  invoke an instance method after a :writer accessor

libobject-pad-perl/stable 0.820-1 arm64
  module providing a simple syntax for lexical field-based objects

libobject-pluggable-perl/stable 1.29-2.1 all
  base class for creating plugin enabled objects

libocaml-intrinsics-kernel-ocaml/stable 0.17.1-1+b2 arm64
  library of intrinsics for OCaml (runtime)

libocaml-intrinsics-kernel-ocaml-dev/stable 0.17.1-1+b2 arm64
  library of intrinsics for OCaml (dev)

libocamlgraph-ocaml-dev/stable 2.1.0-3+b3 arm64
  graph library for OCaml

libodfdom-java/stable 0.9.0~RC2-2 all
  OpenDocument Format (ODF) framework

libogdi-dev/stable 4.1.1+ds-5 arm64
  Open Geographic Datastore Interface Library -- development

libokteta-l10n/stable 5:0.26.21-1 all
  translations of okteta/kasten libraries

libokteta3core0/stable 5:0.26.21-1 arm64
  core Okteta library

libokteta3gui0/stable 5:0.26.21-1 arm64
  gui Okteta library

libopendbx1t64/stable 1.4.6-18 arm64
  Lightweight database access abstraction layer

libopenfec-dev/stable 1.4.2.11+dfsg-1 arm64
  Application-Level Forward Erasure Correction codes (development files)

libopenfec1/stable,now 1.4.2.11+dfsg-1 arm64 [installed,automatic]
  Application-Level Forward Erasure Correction codes (shared library)

libopenimageio-dev/stable 2.5.18.0+dfsg-1+b1 arm64
  Library for reading and writing images - development

libopenimageio-doc/stable 2.5.18.0+dfsg-1 all
  Library for reading and writing images - documentation

libopenimageio2.5/stable 2.5.18.0+dfsg-1+b1 arm64
  Library for reading and writing images - runtime

libopeniscsiusr/stable 2.1.11-1+deb13u2 arm64
  iSCSI userspace library

libopeniscsiusr-dev/stable 2.1.11-1+deb13u2 all
  iSCSI userspace library headers

libopenslide-dev/stable 3.4.1+dfsg-7+deb13u1 arm64
  Development files for the OpenSlide library

libopenslide0/stable 3.4.1+dfsg-7+deb13u1 arm64
  library for reading whole slide image files

libopentest4j-java/stable 1.2.0-4 all
  Open Test Alliance API

libopenthreads-dev/stable 3.6.5+dfsg1-9 arm64
  Object-Oriented (OO) thread interface for C++, development files

libopenthreads21/stable 3.6.5+dfsg1-9 arm64
  Object-Oriented (OO) thread interface for C++, shared libs

libopenzwave-doc/stable 1.6.1914+ds2-3 all
  documentation for the openzwave library

libopenzwave1.6-dev/stable 1.6.1914+ds2-3 arm64
  header files for the openzwave library

libopenzwave1.6t64/stable 1.6.1914+ds2-3 arm64
  API to use a Z-Wave controller

liborc-0.4-0t64/stable,now 1:0.4.41-1 arm64 [installed,automatic]
  Library of Optimized Inner Loops Runtime Compiler

liborc-0.4-dev/stable 1:0.4.41-1 arm64
  Library of Optimized Inner Loops Runtime Compiler (development headers)

liborc-0.4-dev-bin/stable 1:0.4.41-1 arm64
  Library of Optimized Inner Loops Runtime Compiler (development tools)

libosmo-mgcp-client-dev/stable 1.14.0+dfsg1-2 arm64
  Osmocom's Media Gateway Control Protocol client utilities - development files

libosmo-mgcp-client14/stable 1.14.0+dfsg1-2 arm64
  Osmocom's Media Gateway Control Protocol client utilities

libosmo-sabp-dev/stable 1.7.0+dfsg1-2 arm64
  Osmocom code for the Iuh interface (SABP), development

libosmo-sabp1t64/stable 1.7.0+dfsg1-2 arm64
  Osmocom code for the Iuh interface (SABP), library

libosmocore-dev/stable 1.11.0-2 arm64
  Development headers for Open Source MObile COMmunications CORE library

libosmocore-utils/stable 1.11.0-2 arm64
  Utilities for gsm

libowl-directsemantics-perl/stable 0.001-3 all
  representation of the direct semantics of OWL2

libp4est-2.3/stable 2.3.6-2+b1 arm64
  Algorithms for Parallel Adaptive Mesh Refinement - shared library

libp4est-dev/stable 2.3.6-2+b1 arm64
  Algorithms for Parallel Adaptive Mesh Refinement - development files

libp4est-sc-2.3/stable 2.3.6-2+b1 arm64
  Algorithms for Parallel Adaptive Mesh Refinement - support library

libpadwalker-perl/stable,now 2.5-1+b6 arm64 [installed,automatic]
  module to inspect and manipulate lexical variables

libpal-java/stable 1.5.1+dfsg-9 all
  Phylogenetic Analysis Library

libpal-java-doc/stable 1.5.1+dfsg-9 all
  Phylogenetic Analysis Library - documentation

libpam-abl/stable 0.6.0-7+b3 arm64
  blocks hosts attempting a brute force attack

libpam-chroot/stable 0.9-5.4 arm64
  Chroot Pluggable Authentication Module for PAM

libpam-gnome-keyring/stable 48.0-1 arm64
  PAM module to unlock the GNOME keyring upon login

libpam-mysql/stable 0.8.2-2.1+b2 arm64
  PAM module interfacing with MySQL databases

libpam-wrapper/stable 1.1.7-1+b1 arm64
  Tool to test PAM applications

libpam-wtmpdb/stable 0.73.0-3+deb13u1 arm64
  wtmp database PAM module

libpaperclips-java/stable 1.0.4-3 all
  Simplified Java Printing Support for SWT

libpaperclips-java-doc/stable 1.0.4-3 all
  Documentation for libpaperclips-java

libpar-perl/stable 1.020-1 all
  Perl redistributable module packaging framework

libparallel-hashmap-dev/stable 1.4.1+ds-2 all
  header-only hash map implementation

libparams-util-perl/stable,now 1.102-3+b1 arm64 [installed,automatic]
  Perl extension for simple stand-alone param checking functions

libparboiled-java/stable 1.4.1-1 all
  Parser library based on Parsing Expression Grammars (PEGs)

libparse-netstat-perl/stable 0.150-1 all
  module to parse the output of the "netstat" command

libpath-class-uri-perl/stable 0.08-2 all
  module to serialize and deserialize Path::Class objects as file:// URI

libpath-isdev-perl/stable 1.001003-3 all
  Perl module to determine if a given Path resembles a development source tree

libpath-iterator-rule-perl/stable 1.015-2 all
  iterative, recursive file finder

libpcre2-16-0/stable,now 10.46-1~deb13u1 arm64 [installed,automatic]
  New Perl Compatible Regular Expression Library - 16 bit runtime files

libpcre2-32-0/stable 10.46-1~deb13u1 arm64
  New Perl Compatible Regular Expression Library - 32 bit runtime files

libpcre2-8-0/stable,now 10.46-1~deb13u1 arm64 [installed]
  New Perl Compatible Regular Expression Library- 8 bit runtime files

libpcre2-dev/stable 10.46-1~deb13u1 arm64
  New Perl Compatible Regular Expression Library - development files

libpcre2-ocaml/stable 8.0.3-1+b1 arm64
  OCaml bindings for PCRE2 (runtime)

libpcre2-ocaml-dev/stable 8.0.3-1+b1 arm64
  OCaml bindings for PCRE2 (Perl Compatible Regular Expression)

libpcre2-posix3/stable 10.46-1~deb13u1 arm64
  New Perl Compatible Regular Expression Library - posix-compatible runtime files

libpdf-api2-xs-perl/stable 1.002-1+b5 arm64
  optional PDF::API2 add-on using XS to speed up expensive operations

libpdl-graphics-simple-perl/stable 1.016-1 all
  Simple backend-independent plotting for PDL

libpdl-io-idl-perl/stable 2.098-2 all
  Read IDL(tm) data files into PDL

libpdl-transform-color-perl/stable 1.010-1 all
  Useful color system conversions for PDL

libpegex-perl/stable 0.75-2 all
  Acmeist PEG Parser Framework

libperfmark-java/stable 0.21.0+ds-3 all
  High Performance Tracing Library for Java

libperinci-sub-util-perl/stable 0.472-1 all
  Perl module that is a helper to write functions

libperl-destruct-level-perl/stable 0.02-3+b5 arm64
  Perl module to change Perl's destruction level

libperl4-corelibs-perl/stable,now 0.005-1 all [installed,automatic]
  libraries historically supplied with Perl 4

libperl6-form-perl/stable 0.090-2 all
  Perl 5 implementation of the Perl 6 'form' built-in

libperlx-define-perl/stable 0.101-5 all
  cute syntax for defining constants

libpetsc-complex-dev/stable 3.22.5+dfsg1-2 all
  Virtual package depending on latest PETSc development package

libpetsc-complex3.22/stable 3.22.5+dfsg1-2+b1 arm64
  Shared libraries for version 3.22 of PETSc with Complex Numbers

libpetsc-complex3.22-dbg/stable 3.22.5+dfsg1-2+b1 arm64
  Debugging libraries for PETSc

libpetsc-complex3.22-dev/stable 3.22.5+dfsg1-2+b1 arm64
  Static libraries, shared links, header files for PETSc

libpetsc-real-dev/stable 3.22.5+dfsg1-2 all
  Virtual package depending on latest PETSc development package

libpetsc-real3.22/stable 3.22.5+dfsg1-2+b1 arm64
  Shared libraries for version 3.22 of PETSc

libpetsc-real3.22-dbg/stable 3.22.5+dfsg1-2+b1 arm64
  Debugging libraries for PETSc

libpetsc-real3.22-dev/stable 3.22.5+dfsg1-2+b1 arm64
  Static libraries, shared links, header files for PETSc

libpetsc3.22-dev-common/stable 3.22.5+dfsg1-2 all
  Common header and support dev files for PETSc

libpetsc3.22-dev-examples/stable 3.22.5+dfsg1-2 all
  Static libraries, shared links, header files for PETSc

libpetsc64-complex-dev/stable 3.22.5+dfsg1-2 all
  Latest 64-bit PETSc development package with complex numbers

libpetsc64-complex3.22/stable 3.22.5+dfsg1-2+b1 arm64
  Shared libraries for version 3.22 of 64-bit PETSc with Complex Numbers

libpetsc64-complex3.22-dbg/stable 3.22.5+dfsg1-2+b1 arm64
  Debugging libraries for 64-bit PETSc with Complex Numbers

libpetsc64-complex3.22-dev/stable 3.22.5+dfsg1-2+b1 arm64
  Development files for 64-bit PETSc with complex numbers

libpetsc64-real-dev/stable 3.22.5+dfsg1-2 all
  Virtual package depending on latest 64-bit PETSc development package

libpetsc64-real3.22/stable 3.22.5+dfsg1-2+b1 arm64
  Shared libraries for version 3.22 of 64-bit PETSc

libpetsc64-real3.22-dbg/stable 3.22.5+dfsg1-2+b1 arm64
  Debugging libraries for PETSc

libpetsc64-real3.22-dev/stable 3.22.5+dfsg1-2+b1 arm64
  Static libraries, shared links, header files for 64-bit PETSc

libpf4j-java/stable 3.12.0+dfsg-1 all
  framework to turn monolithic Java applications into modular ones

libpf4j-update-java/stable 2.3.0+dfsg-5 all
  update mechanism for Java modular applications

libpgobject-simple-perl/stable 3.000002-2 all
  minimalist stored procedure mapper based on LedgerSMB's DBObject

libpgobject-type-datetime-perl/stable 2.000002-3 all
  DateTime Wrappers for PGObject

libpgobject-type-json-perl/stable 2.1.1-1 all
  JSON wrappers for PGObject

libpgobject-util-dbmethod-perl/stable 1.01.000-1 all
  object mappings for the PGObject Framework

libpixelif-common/stable 0.8.4-3.2 all
  Provides localization and font data for libpixelif

libpkgconfig-perl/stable 0.26026-1 all
  Pure-Perl Core-Only replacement for pkg-config

libplack-middleware-methodoverride-perl/stable 0.20-2 all
  Plack::Middleware to override REST methods via POST

libplayerctl-dev/stable 2.4.1-3 arm64
  utility to control media players via MPRIS (development files)

libplayerctl-doc/stable 2.4.1-3 all
  utility to control media players via MPRIS (documentation)

libplayerctl2/stable 2.4.1-3 arm64
  utility to control media players via MPRIS (library)

libplexus-ant-factory-java/stable 1.0~alpha2.1-5 all
  Plexus Ant Factory

libplexus-archiver-java/stable 4.6.1-1 all
  Archiver plugin for the Plexus compiler system

libplexus-bsh-factory-java/stable 1.0~alpha7-5 all
  Plexus Beanshell Factory

libplexus-build-api-java/stable 0.0.7-4 all
  Incremental build API for Plexus components

libplexus-cipher-java/stable 2.0-1 all
  Plexus Cipher Component used by Maven

libplexus-classworlds-java/stable 2.7.0-1 all
  Class loading utilities for the Plexus framework

libplexus-classworlds2-java/stable 2.7.0-1 all
  Class loading utilities for the Plexus framework (transitional package)

libplexus-cli-java/stable 1.2-8 all
  Easily create CLIs with Plexus components

libplexus-cli-java-doc/stable 1.2-8 all
  Documentation for Plexus CLI

libplexus-compiler-java/stable 2.13.0-1 all
  Plexus compiler system

libplexus-component-metadata-java/stable 2.1.1-1 all
  Component Metadata Maven plugin for Plexus

libplexus-container-default-java/stable 2.1.1-1 all
  Plexus Inversion-of-control Container

libplexus-container-default1.5-java/stable 2.1.1-1 all
  Plexus Inversion-of-control Container (transitional package)

libplexus-digest-java/stable 1.1-7 all
  Digest utilities for the Plexus system

libplexus-interactivity-api-java/stable 1.3-1 all
  interactivity API for the Plexus framework

libplexus-interpolation-java/stable 1.27-1 all
  Plexus Interpolation API

libplexus-sec-dispatcher-java/stable 2.0-3 all
  Plexus Security Dispatcher Component used by Maven

libplexus-testing-java/stable 1.1.0-1.1 all
  Plexus Testing

libplexus-utils2-java/stable 3.4.2-1 all
  utilities for the Plexus framework

libplexus-utils2-java-doc/stable 3.4.2-1 all
  utilities for the Plexus framework - documentation

libplexus-velocity-java/stable 1.2-4 all
  Plexus component interface to velocity

libplfit0/stable 0.9.6+ds-2+b1 arm64
  fitting power-law distributions to empirical data -- library

libplib1t64/stable 1.8.5-14.1+b1 arm64
  Portability Libraries: Run-time package

libplist++-2.0-4/stable 2.6.0-2+b1 arm64
  C++ Library for handling Apple binary and XML property lists

libplist++-dev/stable 2.6.0-2+b1 arm64
  C++ library for handling Apple binary and XML property lists - dev files

libplist-2.0-4/stable 2.6.0-2+b1 arm64
  Library for handling Apple binary and XML property lists

libplist-dev/stable 2.6.0-2+b1 arm64
  Library for handling Apple binary and XML property lists - development files

libplist-doc/stable 2.6.0-2 all
  Library for handling Apple binary and XML property lists - docs

libplist-utils/stable 2.6.0-2+b1 arm64
  Apple property list converter

libpod-abstract-perl/stable 0.20-3 all
  abstract document tree for Perl POD documents

libpod-constants-perl/stable 0.19-2 all
  module for including constants from POD

libpod-pandoc-perl/stable 0.5.0-3 all
  process Plain Old Documentation format with Pandoc

libpod-pom-perl/stable 2.01-4 all
  module providing a Pod Object Model

libpod-weaver-section-support-perl/stable 1.014-1 all
  Dist::Zilla plugin to add a SUPPORT section to your POD

libpod2-base-perl/stable 0.043-3 all
  module for translations of Perl documentation

libpodofo-dev/stable 0.9.8+dfsg-3.2 arm64
  PoDoFo development files

libpoe-component-jabber-perl/stable 3.00-6 all
  pOE Component for communicating over Jabber

libpoe-component-sslify-perl/stable 1.012-2 all
  module for SSL connection handling in POE Components

libpoke-dev/stable 4.3+dfsg-1 arm64
  Extensible editor for structured binary data (development headers)

libpoke1/stable 4.3+dfsg-1 arm64
  Extensible editor for structured binary data (library)

libpolled-camera-dev/stable 1.12.0-14+b5 arm64
  Robot OS polled_camera package - development

libpolled-camera0t64/stable 1.12.0-14+b5 arm64
  Robot OS polled_camera package

libpomegranate-clojure/stable 1.2.24-5 all
  dependency resolution and repository handling library for Clojure

libportal-tests-gtk3/stable 0.9.1-1 arm64
  Flatpak portal library (test program for GTK 3)

libportal-tests-gtk4/stable 0.9.1-1 all
  Flatpak portal library (test program for GTK 4)

libportal-tests-qt5/stable 0.9.1-1 arm64
  Flatpak portal library (test program for Qt)

libposix-atfork-perl/stable 0.04-2+b5 arm64
  hook registrations at fork(2)

libposixsignalmanager0a/stable 0.3-4+b3 arm64
  posix signal handling for qt - shared library

libppi-xs-perl/stable 0.910-2+b4 arm64
  Perl module to accelerate the Perl Parsing Interface (PPI)

libppxlib-ocaml-dev/stable 0.35.0-1+b1 arm64
  meta-programming for OCaml

libproc-simple-perl/stable 1.32-3 all
  Perl interface to launch and control background processes

libproc2-0/stable,now 2:4.0.4-9 arm64 [installed,automatic]
  library for accessing process information from /proc

libprocesscore10/stable 4:6.3.5-1 arm64
  library for system monitoring - processcore shared library

libprogress-any-perl/stable 0.220-1 all
  Perl module to record progress to any output

libprotobuf-c-dev/stable 1.5.1-1 arm64
  Protocol Buffers C static library and headers (protobuf-c)

libprotobuf-c1/stable 1.5.1-1 arm64
  Protocol Buffers C shared library (protobuf-c)

libprotobuf-dev/stable 3.21.12-11+deb13u1 arm64
  protocol buffers C++ library (development files) and proto files

libprotobuf-java/stable 3.21.12-11+deb13u1 all
  Java bindings for protocol buffers

libprotobuf-lite32t64/stable 3.21.12-11+deb13u1 arm64
  protocol buffers C++ library (lite version)

libprotobuf2-java/stable 2.6.1-4 all
  Java bindings for protocol buffers

libprotobuf32t64/stable 3.21.12-11+deb13u1 arm64
  protocol buffers C++ library

libprotoc-dev/stable 3.21.12-11+deb13u1 arm64
  protocol buffers compiler library (development files)

libprotoc32t64/stable 3.21.12-11+deb13u1 arm64
  protocol buffers compiler library

libproxy1-plugin-gsettings/stable 0.5.9-1 arm64
  transitional package for libproxy GSettings plugin

libproxy1-plugin-kconfig/stable 0.5.9-1 arm64
  transitional package for libproxy KConfig plugin

libproxy1-plugin-networkmanager/stable 0.5.9-1 arm64
  transitional package for libproxy NetworkManager plugin

libproxy1-plugin-webkit/stable 0.5.9-1 arm64
  transitional package for libproxy Webkit plugin

libproxychains-dev/stable 3.1-9+b2 arm64
  proxy chains -- shared library (development)

libproxychains3/stable 3.1-9+b2 arm64
  proxy chains -- shared library (runtime)

libpsl-dev/stable 0.21.2-1.1+b1 arm64
  Library for Public Suffix List (development headers)

libpsl5t64/stable,now 0.21.2-1.1+b1 arm64 [installed,automatic]
  Library for Public Suffix List (shared libraries)

libpulse-java/stable 2.4.7-2 all
  PulseAudio sound driver for Java

libpulse-jni/stable 2.4.7-2+b1 arm64
  PulseAudio sound driver for Java (JNI libraries)

libqcheck-lin-ocaml-dev/stable 0.7-3+b2 arm64
  QCheck module testing sequential consistency

libqes0/stable 0.2.8+ds-1+b1 arm64
  DNA sequence parsing library

libqjdns-qt5-2t64/stable 2.0.3-3.1+b2 arm64
  Simple DNS queries library  - Qt5 wrapper

libqt5feedback5-hfd/stable 0.2.3-1 arm64
  Qt feedback library extension for accessing the HFD service

libqt5xdgiconloader-dev/stable 3.12.0-2 arm64
  Development files for libqtxdgiconloader

libqt5xdgiconloader3/stable 3.12.0-2 arm64
  Implementation of the XDG Iconloader for Qt (shared lib)

libqt6xdgiconloader-dev/stable 4.1.0-1+b1 arm64
  Development files for libqtxdgiconloader

libqt6xdgiconloader4/stable 4.1.0-1+b1 arm64
  Implementation of the XDG Iconloader for Qt (shared lib)

libqtermwidget-dev/stable 2.1.0-1 arm64
  Terminal emulator widget for Qt 6 (development files)

libqtermwidget6-2/stable 2.1.0-1 arm64
  Terminal emulator widget for Qt 6 (shared libraries)

libquantlib0v5/stable 1.38-1 arm64
  Quantitative Finance Library -- library package

libquantum-dev/stable 1.1.1-8+b2 arm64
  library for the simulation of a quantum computer (development files)

libquantum-entanglement-perl/stable 0.32-5 all
  Quantum Mechanic entanglement of variables in perl

libquantum8/stable 1.1.1-8+b2 arm64
  library for the simulation of a quantum computer

libquazip1-qt5-1t64/stable 1.4-1.1+b2 arm64
  Qt/C++ wrapper over minizip - Version 1 (Qt5)

libquazip1-qt5-dev/stable 1.4-1.1+b2 arm64
  Qt/C++ wrapper over minizip - Version 1 (Qt5) - development files

libquazip1-qt5-doc/stable 1.4-1.1 all
  Qt/C++ wrapper over minizip - Version 1 (Qt5) - documentation

libquazip1-qt6-1t64/stable 1.4-1.1+b2 arm64
  Qt/C++ wrapper over minizip - Version 1 (Qt6)

libquazip1-qt6-dev/stable 1.4-1.1+b2 arm64
  Qt/C++ wrapper over minizip - Version 1 (Qt6) - development files

libquazip1-qt6-doc/stable 1.4-1.1 all
  Qt/C++ wrapper over minizip - Version 1 (Qt6) - documentation

libquickcharts-dev/stable 6.13.0-1 arm64
  Quick Charts - development files

libquickcharts1/stable 6.13.0-1 arm64
  Quick Charts

libquickchartscontrols1/stable 6.13.0-1 arm64
  Quick Charts

libquorum-dev/stable 3.1.9-2+deb13u1 arm64
  cluster engine Quorum library development

libquorum5/stable 3.1.9-2+deb13u1 arm64
  cluster engine Quorum library

libranlip-dev/stable 1.0-7 arm64
  generates random variates with multivariate Lipschitz density

libranlip1c2/stable 1.0-7 arm64
  generates random variates with multivariate Lipschitz density

libraptor2-dev/stable 2.0.16-6 arm64
  Raptor 2 RDF syntax library development libraries and headers

libraven0/stable 10.9.2-8 arm64
  Raven library for budgie-desktop

librdf-acl-perl/stable 0.104-3 all
  access control lists for the semantic web

librdf0-dev/stable 1.0.17-4+b1 arm64
  Redland RDF library development libraries and headers

librdf0t64/stable 1.0.17-4+b1 arm64
  Redland Resource Description Framework (RDF) library

libre2-11/stable 20240702-3+b1 arm64
  efficient, principled regular expression library

libre2-dev/stable 20240702-3+b1 arm64
  efficient, principled regular expression library, development kit

libregexp-assemble-perl/stable 0.38-2 all
  Perl module to merge several regular expressions

libregexp-shellish-perl/stable 0.93-4 all
  module for shell-like regular expressions

libreoffice-canzeley-client/stable 0.5.1-5 all
  LibreOffice Extension to organize a German Law Office

libreoffice-nlpsolver/stable 4:0.9+LibO25.2.3-2+deb13u6 all
  "Solver for Nonlinear Programming" extension for LibreOffice

libreoffice-style-sifr/stable 4:25.2.3-2+deb13u6 all
  office productivity suite -- Sifr symbol style

libreoffice-uiconfig-base/stable 4:25.2.3-2+deb13u6 all
  UI data ("config") for LibreOffice Base

libreoffice-uiconfig-calc/stable 4:25.2.3-2+deb13u6 all
  UI data ("config") for LibreOffice Calc

libreoffice-uiconfig-common/stable 4:25.2.3-2+deb13u6 all
  UI data ("config") for LibreOffice ("common" set)

libreoffice-uiconfig-draw/stable 4:25.2.3-2+deb13u6 all
  UI data ("config") for LibreOffice Draw

libreoffice-uiconfig-impress/stable 4:25.2.3-2+deb13u6 all
  UI data ("config") for LibreOffice Impress

libreoffice-uiconfig-math/stable 4:25.2.3-2+deb13u6 all
  UI data ("config") for LibreOffice Math

libreoffice-uiconfig-report-builder/stable 4:25.2.3-2+deb13u6 all
  UI data ("config") for the LibreOffice Report Builder

libreoffice-uiconfig-writer/stable 4:25.2.3-2+deb13u6 all
  UI data ("config") for LibreOffice Writer

libretro-bsnes-mercury-accuracy/stable 094+git20220807-8+b2 arm64
  Libretro wrapper for bsnes-mercury accuracy core

libretro-bsnes-mercury-balanced/stable 094+git20220807-8+b2 arm64
  Libretro wrapper for bsnes-mercury balanced core

libretro-bsnes-mercury-performance/stable 094+git20220807-8+b2 arm64
  Libretro wrapper for bsnes-mercury performance core

libroaring-dev/stable 0.2.66+ds-2.1+b2 arm64
  Portable Roaring bitmaps in C (and C++) (headers)

libroaring0t64/stable 0.2.66+ds-2.1+b2 arm64
  Portable Roaring bitmaps in C (and C++)

librocrand-dev/stable 5.7.1-6 arm64
  generate pseudo- and quasi-random numbers - headers

librocrand-doc/stable 5.7.1-6 all
  generate pseudo- and quasi-random numbers - documentation

librocrand1/stable 5.7.1-6 arm64
  generate pseudo- and quasi-random numbers - library

librocrand1-tests/stable 5.7.1-6 arm64
  generate pseudo- and quasi-random numbers - test binaries

librole-hasmessage-perl/stable 0.007-1 all
  Moose roles to summarize the message of an object

librsplib-dev/stable 3.4.4-1.1+b2 arm64
  headers of the RSerPool client/server API library rsplib

librsplib3t64/stable 3.4.4-1.1+b2 arm64
  RSerPool client/server API library for session management

librust-ascii-canvas-dev/stable 3.0.0-1 arm64
  Simple canvas for drawing lines and styled text and emitting to the terminal - Rust source code

librust-askama-dev/stable 0.12.1-4 arm64
  Type-safe, compiled Jinja-like templates for Rust - Rust source code

librust-async-attributes-dev/stable 1.1.2-7 all
  experimental language-level polyfills for Async Rust - Rust source code

librust-async-task-dev/stable 4.7.1-4 all
  task abstraction for building executors - Rust source code

librust-curve25519-dalek-dev/stable 4.1.3+4.1.3+20240618+dfsg-9 all
  group operations on Ristretto and Curve25519 - Rust source code

librust-derive-deftly-dev/stable 1.0.1-3 arm64
  Ergonomic way to write derive() macros - Rust source code

librust-filedescriptor-dev/stable 0.8.2-1+b2 arm64
  More ergonomic wrappers around RawFd and RawHandle - Rust source code

librust-irc-proto-dev/stable 1.0.0-1+b2 arm64
  IRC protocol distilled - Rust source code

librust-lazy-regex-dev/stable 3.4.1+20241227-3 all
  lazy static regexes checked at compile time - Rust source code

librust-lazycell+serde-dev/stable 1.3.0-4 arm64
  Library providing a lazily filled Cell struct - feature "serde"

librust-lazycell-dev/stable 1.3.0-4 arm64
  Library providing a lazily filled Cell struct - Rust source code

librust-merlin-dev/stable 3.0.0-1+b2 arm64
  Composable proof transcripts for public-coin arguments of knowledge - Rust source code

librust-msvc-demangler-dev/stable 0.10.1-1+b1 arm64
  Rust library that demangles / undecorates C++ symbols mangled by MSVC - Rust source code

librust-pledge-dev/stable 0.3.1-1+b2 arm64
  Rust binding to OpenBSD's pledge(2) interface - Rust source code

librust-rinja-dev/stable 0.3.5-2 arm64
  Type-safe, compiled Jinja-like templates for Rust - Rust source code

librust-rustc-version-dev/stable 0.4.0-1+b2 arm64
  Querying the version of a installed rustc compiler - Rust source code

librust-scheduled-thread-pool-dev/stable 0.2.7-1 arm64
  Scheduled thread pool - Rust source code

librust-send-wrapper+futures-core-dev/stable 0.6.0-1+b2 arm64
  This Rust library implements a wrapper type called SendWrapper which allows you to move around non-Send types between threads, as long as you access the contained value only from within the original thread - feature "futures-core" and 1 more

librust-send-wrapper-dev/stable 0.6.0-1+b2 arm64
  This Rust library implements a wrapper type called SendWrapper which allows you to move around non-Send types between threads, as long as you access the contained value only from within the original thread - Rust source code

librust-serde-path-to-error-dev/stable 0.1.9-1+b2 arm64
  Path to the element that failed to deserialize - Rust source code

librust-tabled-derive-dev/stable 0.10.0-1 arm64
  Derive macros which is used by tabled crate - Rust source code

librust-tabled-dev/stable 0.18.0-1 arm64
  Easy to use library for pretty print tables of Rust `struct`s and `enum`s - Rust source code

librust-tree-sitter-md-dev/stable 0.2.3-3 arm64
  Markdown grammar for the tree-sitter parser - Rust source code

librust-unsafe-libyaml-dev/stable 0.2.11-1 arm64
  Libyaml transpiled to rust by c2rust - Rust source code

librust-version-check-dev/stable 0.9.5-1 arm64
  Tiny crate to check the version of the installed/running rustc - Rust source code

librust-which-dev/stable 6.0.3-2 arm64
  Rust equivalent of Unix command "which" - Rust source code

librust-zoneinfo-compiled-dev/stable 0.5.1-2+b2 arm64
  Parsing compiled zoneinfo files - Rust source code

libs3-2/stable 2.0-5 arm64
  C Library and Tools for Amazon S3 Access

libs6-2.13/stable 2.13.1.0-1 arm64
  small and secure supervision software suite (shared library)

libs6-dev/stable 2.13.1.0-1 arm64
  small and secure supervision software suite (development files)

libsafe-hole-perl/stable 0.14-1+b6 arm64
  Perl module which makes a "hole" in the Safe compartment

libsail-c++-dev/stable 0.9.8-1+deb13u1 arm64
  SAIL C++ client library (development files)

libsail-c++0t64/stable 0.9.8-1+deb13u1 arm64
  SAIL C++ client library (shared library)

libsail-common-dev/stable 0.9.8-1+deb13u1 arm64
  SAIL common client library (development files)

libsail-common0t64/stable 0.9.8-1+deb13u1 arm64
  SAIL common client library (shared library)

libsail-dev/stable 0.9.8-1+deb13u1 arm64
  SAIL client library (development files)

libsail-manip-dev/stable 0.9.8-1+deb13u1 arm64
  SAIL image manipulation library (development files)

libsail-manip0t64/stable 0.9.8-1+deb13u1 arm64
  SAIL image manipulation library (shared library)

libsail0t64/stable 0.9.8-1+deb13u1 arm64
  SAIL client library (shared library)

libsam-dev/stable 3.1.9-2+deb13u1 arm64
  cluster engine SAM library development

libsam4/stable 3.1.9-2+deb13u1 arm64
  cluster engine SAM library

libsasl2-modules-gssapi-heimdal/stable 2.1.28+dfsg1-9 arm64
  Pluggable Authentication Modules for SASL (GSSAPI)

libsasl2-modules-gssapi-mit/stable 2.1.28+dfsg1-9 arm64
  Cyrus SASL - pluggable authentication modules (GSSAPI)

libscalar-properties-perl/stable 1.100860-3 all
  perl module to add run-time properties on scalar variables

libschedule-cron-perl/stable 1.05-2 all
  simple but complete cron like scheduler

libscscp1/stable 1.0.3+ds-7+b2 arm64
  IMCCE SCSCP C Library -- library package

libscythestat-dev/stable 1.0.3-2 all
  header files for Scythe statistics library

libsdl2-compat/stable 2.32.54+ds-1 arm64
  SDL 2 binary compatibility library wrapping SDL 3

libseafile-dev/stable 9.0.13-1 arm64
  Development files for the Seafile Client

libseafile0t64/stable 9.0.13-1 arm64
  Shared library for the Seafile Client

libsearch-queryparser-perl/stable 0.95-2 all
  Perl module to parse search query strings into a data structure

libsejda-injector-java/stable 2.0.0-1 all
  lightweight dependency injection engine

libsequoia-octopus-librnp/stable 1.11.1-4+b3 arm64
  Reimplementation of librnp for Thunderbird by Sequoia

libsereal-decoder-perl/stable 5.004+ds-1+b3 arm64
  fast, compact, powerful binary deserialization module

libsereal-encoder-perl/stable 5.004+ds-1+b3 arm64
  fast, compact, powerful binary serialization module

libsgml-parser-opensp-perl/stable 0.994-7+b3 arm64
  OpenSP Parser of SGML documents

libshine3/stable,now 3.1.1-2+b2 arm64 [installed,automatic]
  Fixed-point MP3 encoding library - runtime files

libsignal-mask-perl/stable 0.008-4 all
  module for easy handling of signal masks

libsilo-dev/stable 4.11-6.1+b3 arm64
  Development files for SILO Scientific I/O library from LLNL

libsimbody-dev/stable 3.7+dfsg-4 arm64
  SimTK multibody dynamics API - development files

libsimbody3.7/stable 3.7+dfsg-4 arm64
  SimTK multibody dynamics API - shared library

libsingleapplication-dev/stable 3.3.4-2 arm64
  Replacement of QtSingleApplication for Qt5

libsisimai-perl/stable 5.3.0-1 all
  Perl module to analyze bounce mails

libslicot-pic/stable 5.9-1+b1 arm64
  numerical algorithms from systems and control theory (static PIC library)

libslow5-0t64/stable 0.7.0+dfsg-3+b6 arm64
  library for reading & writing SLOW5 files

libslow5-dev/stable 0.7.0+dfsg-3+b6 arm64
  header and static library for reading & writing SLOW5 files

libsmc-dev/stable 1.8.6-11 all
  Robot OS 'bond' State Machine Compiler interface

libsmi2-dev/stable 0.4.8+dfsg2-17+b1 arm64
  library to access SMI MIB information - development files

libsmi2t64/stable 0.4.8+dfsg2-17+b1 arm64
  library to access SMI MIB information

libsms-send-aql-perl/stable 0.04-2 all
  SMS::Send driver to send messages via AQL (www.aql.com)

libsms-send-perl/stable 1.07-1 all
  driver-based API for sending SMS messages

libsndfile1/stable,now 1.2.2-2+deb13u1 arm64 [installed,automatic]
  Library for reading/writing audio files

libsndfile1-dev/stable 1.2.2-2+deb13u1 arm64
  Development files for libsndfile; a library for reading/writing audio files

libsnmp-info-perl/stable 3.972002-1 all
  Object Oriented Perl5 Interface to Network devices and MIBs through SNMP

libsnmp-mib-compiler-perl/stable 0.06-4 all
  MIB Compiler supporting SMIv1 and SMIv2

libsocket-getaddrinfo-perl/stable 0.22-6 all
  module implementing getaddrinfo and getnameinfo

libsocket-msghdr-perl/stable 0.05-2+b4 arm64
  sendmsg, recvmsg and ancillary data operations

libsoup-2.4-1/stable 2.74.3-10.1 arm64
  HTTP library implementation in C -- Shared library

libsoup-3.0-0/stable,now 3.6.5-3 arm64 [installed,automatic]
  HTTP library implementation in C -- Shared library

libsoup-3.0-common/stable,now 3.6.5-3 all [installed,automatic]
  HTTP library implementation in C -- Common files

libsoup-3.0-dev/stable 3.6.5-3 arm64
  HTTP library implementation in C -- Development files

libsoup-3.0-doc/stable 3.6.5-3 all
  HTTP library implementation in C -- API Reference

libsoup-3.0-tests/stable 3.6.5-3 arm64
  HTTP library implementation in C -- installed tests

libsoup-gnome-2.4-1/stable 2.74.3-10.1 arm64
  HTTP library implementation in C -- GNOME support library

libsoup-gnome2.4-dev/stable 2.74.3-10.1 arm64
  HTTP library implementation in C -- GNOME support development files

libsoup2.4-common/stable 2.74.3-10.1 all
  HTTP library implementation in C -- Common files

libsoup2.4-dev/stable 2.74.3-10.1 arm64
  HTTP library implementation in C -- Development files

libsoup2.4-doc/stable 2.74.3-10.1 all
  HTTP library implementation in C -- API Reference

libsoup2.4-tests/stable 2.74.3-10.1 arm64
  HTTP library implementation in C -- installed tests

libspdlog-dev/stable 1:1.15.2+ds-2 arm64
  Very fast, header only or compiled, C++ logging library

libspdlog1.15/stable 1:1.15.2+ds-2 arm64
  Very fast C++ logging library

libspfft-dev/stable 1.1.1-3 arm64
  Sparse 3D FFT library with MPI, OpenMP, CUDA / ROCm support (development files)

libspfft1/stable 1.1.1-3 arm64
  Sparse 3D FFT library with MPI, OpenMP, CUDA / ROCm support

libspi-java/stable 0.2.7-1 all
  Simplifies usage of Java Service Provider Interface

libspnav-dev/stable 1.2-1 arm64
  Library to access 3D-input-devices

libspnav0/stable 1.2-1 arm64
  Library to access 3D-input-devices (development files)

libspng-dev/stable 0.7.4-2 arm64
  simple, modern libpng alternative - development

libspng-doc/stable 0.7.4-2 all
  simple, modern libpng alternative - documentation

libspng0/stable 0.7.4-2 arm64
  simple, modern libpng alternative

libsqlite3-mod-zipfile/stable 0.99991-2 arm64
  SQLite3 extension module for read-only access to ZIP files

libssm2/stable 1.4.0-2+b3 arm64
  macromolecular superposition library - runtime

libst-dev/stable 1.9-3.4 arm64
  State Threads Library - Development files

libst1t64/stable 1.9-3.4 arm64
  State Threads Library

libstaden-read-dev/stable 1.15.0-1.1+b2 arm64
  development files for libstaden-read

libstaden-read14t64/stable 1.15.0-1.1+b2 arm64
  Staden library for reading and writing DNA sequencing results

libstarlink-ast-grf3d9/stable 9.2.10+dfsg-2 arm64
  Handle World Coordinate Systems in Astronomy (dummy 3d routines)

libstatistics-normality-perl/stable 0.01-2 all
  module for testing normal distribution of data

libstatistics-zscore-perl/stable 0.00002-2 all
  Perl scoring module that uses statistics standard score

libstd-rust-dev/stable 1.85.0+dfsg3-1 arm64
  Rust standard libraries - development files

libstdcompat-ocaml/stable 20~git20240529-2+b2 arm64
  compatibility module for OCaml standard library (runtime)

libstdcompat-ocaml-dev/stable 20~git20240529-2+b2 arm64
  compatibility module for OCaml standard library (development)

libstemmer-dev/stable 2.2.0-4+b2 arm64
  Snowball stemming algorithms, development kit

libstemmer-tools/stable 2.2.0-4+b2 arm64
  Simple word stemming utility using Snowball

libstemmer0d/stable,now 2.2.0-4+b2 arm64 [installed,automatic]
  Snowball stemming algorithms for use in Information Retrieval

libstopt-dev/stable 5.12+dfsg-3+b1 arm64
  library for stochastic optimization problems (development package)

libstopt5t64/stable 5.12+dfsg-3+b1 arm64
  library for stochastic optimization problems (shared library)

libstorj-dev/stable 1.0.3-1.4 arm64
  C library for file transfer on Storj network (Development files)

libstorj0t64/stable 1.0.3-1.4 arm64
  Asynchronous C library for file transfer on the Storj network

libstrictures-perl/stable 2.000006-1 all
  Perl module to turn on strict and make all warnings fatal

libstring-crc-cksum-perl/stable 0.91-1.1 all
  Perl extension for calculating cksum-compatible checksums

libstring-interpolate-perl/stable 0.33-1 all
  wrapper for the builtin Perl interpolation engine

libsub-delete-perl/stable 1.00002-4 all
  Perl module to delete subroutines

libsub-exporter-perl/stable,now 0.990-1 all [installed,automatic]
  sophisticated exporter for custom-built routines

libsub-quote-perl/stable,now 2.006008-1 all [installed,automatic]
  helper modules for subroutines

libswami-dev/stable 2.2.2-2.1+b2 arm64
  MIDI instrument editor - development files

libswami1t64/stable 2.2.2-2.1+b2 arm64
  MIDI instrument editor - shared library

libswamigui1t64/stable 2.2.2-2.1+b2 arm64
  MIDI instrument editor - shared GUI library

libsweble-wikitext-java/stable 3.1.9-2 all
  parser for MediaWiki's wikitext

libswiftlang/stable 6.0.3-2 arm64
  general-purpose compiled programming language - Runtime Libraries

libswiss-perl/stable 1.80-1 all
  Perl API to the UniProt database

libswresample-dev/stable 7:7.1.5-0+deb13u1 arm64
  FFmpeg library for audio resampling, rematrixing etc. - development files

libswresample5/stable,now 7:7.1.5-0+deb13u1 arm64 [installed,automatic]
  FFmpeg library for audio resampling, rematrixing etc. - runtime files

libsymmetrica3/stable 3.1.0+ds-2 arm64
  Symmetrica Combinatoric C Library -- library package

libsyntax-keyword-match-perl/stable 0.15-1+b1 arm64
  match/case syntax plugin for perl

libsyntax-keyword-try-perl/stable 0.30-1+b1 arm64
  try/catch/finally syntax for perl

libsys-cpuaffinity-perl/stable 1.13~03-2+b4 arm64
  module to set CPU affinity for processes

libsys-mmap-perl/stable 0.20-2+b4 arm64
  module for using POSIX mmap

libsysprof-6-6/stable 48.0-2 arm64
  library for system-wide Linux profiler

libsysprof-6-dev/stable 48.0-2 arm64
  development files for system-wide Linux profiler

libsysprof-6-modules/stable 48.0-2 arm64
  LD_PRELOAD modules for system-wide Linux profiler

libsysprof-capture-4-dev/stable 48.0-2 arm64
  capture library for system-wide Linux profiler

libtachyon-mpich-0/stable 0.99~b6+dsx-14 arm64
  Parallel/Multiprocessor Ray Tracing Library - runtime - MPICH flavour

libtachyon-mt-0/stable 0.99~b6+dsx-14 arm64
  Parallel/Multiprocessor Ray Tracing Library - runtime - MT flavour

libtachyon-openmpi-0/stable 0.99~b6+dsx-14 arm64
  Parallel/Multiprocessor Ray Tracing Library - runtime - OpenMPI flavour

libtachyon-serial-0/stable 0.99~b6+dsx-14 arm64
  Parallel/Multiprocessor Ray Tracing Library - runtime - serial flavour

libtask-kensho-moduledev-perl/stable 0.41-2 all
  provides modules recommended for Task::Kensho::ModuleDev

libtcl-chiark-1/stable 1.3.7 arm64
  Tcl interfaces for adns, cdb, crypto, etc.

libtcl8.6/stable,now 8.6.16+dfsg-1 arm64 [installed,automatic]
  Tcl (the Tool Command Language) v8.6 - run-time library files

libtcl9.0/stable 9.0.1+dfsg-2 arm64
  Tcl (the Tool Command Language) v9.0 - run-time library files

libtcmalloc-minimal4t64/stable 2.16-1 arm64
  efficient thread-caching malloc

libtcmu2/stable 1.5.4-9+b1 arm64
  Library that handles the userspace side of the LIO TCM-User backstore

libtcnative-1/stable 1.3.1-1+b1 arm64
  Tomcat native library using the Apache Portable Runtime

libtd-shim/stable 1.8.38~git20241021.d321984+dfsg-4 arm64
  telegram database library (version-independent CMake shim)

libtdb-dev/stable 2:1.4.13+samba4.22.10+dfsg-0+deb13u1 arm64
  Trivial Database - development files

libtdb1/stable 2:1.4.13+samba4.22.10+dfsg-0+deb13u1 arm64
  Trivial Database - shared library

libteam-dev/stable 1.31-1+b2 arm64
  library for controlling team network device -- dev files

libteam-utils/stable 1.31-1+b2 arm64
  library for controlling team network device -- userspace utilities

libteam5/stable 1.31-1+b2 arm64
  library for communication with Netlink kernel module

libteamdctl0/stable 1.31-1+b2 arm64
  library for communication with `teamd` process

libtecla-dev/stable 1.6.3-3.1 arm64
  interactive command line editing facilities (development)

libtecla1t64/stable 1.6.3-3.1 arm64
  interactive command line editing facilities

libtemplate-autofilter-perl/stable 0.143050-3 all
  Template::Toolkit subclass with automatic filtering

libtemplate-perl/stable 2.27-1+b8 arm64
  "Template Toolkit" template processing system in Perl

libtemplate-plugin-digest-md5-perl/stable 0.05-2 all
  interface to the MD5 Algorithm for the Template Toolkit

libterm-extendedcolor-perl/stable 0.504-2 all
  module to color screen output using extended escape sequences

libterm-readkey-perl/stable,now 2.38-2+b4 arm64 [installed,automatic]
  perl module for simple terminal control

libtermpaint0a/stable 0.3.1-1 arm64
  low level terminal access - shared library

libtest-base-perl/stable 0.89-3 all
  data driven testing framework for Perl

libtest-bdd-cucumber-perl/stable 0.87-1 all
  Cucumber-style acceptance testing framework in Perl

libtest-carp-perl/stable 0.2-4 all
  module to test your code for calls to Carp functions

libtest-checkdeps-perl/stable 0.010-5 all
  check for presence of dependencies

libtest-cleannamespaces-perl/stable 0.24-1 all
  module to check for uncleaned imports

libtest-debian-perl/stable 0.06-1.1 all
  perl tests for debian

libtest-expectandcheck-perl/stable 0.07-1 all
  expect/check-style unit testing with object methods

libtest-failwarnings-perl/stable 0.8-4 all
  module for adding test failures if warnings are caught

libtest-hasversion-perl/stable 0.014-3 all
  Perl library to check that Perl modules have version numbers

libtest-mockrandom-perl/stable 1.01-3 all
  module to replace random number generation with non-random number generation

libtest-mocktime-datecalc-perl/stable 7+ds-2 all
  testing utility to fake time for Date::Calc

libtest-mojibake-perl/stable 1.3-3 all
  module to check source for encoding misbehavior

libtest-pod-no404s-perl/stable 0.02-2 all
  test utility checking POD for HTTP 404 links

libtest-subcalls-perl/stable 1.10-2 all
  Perl module to count subroutine calls

libtest-tabledriven-perl/stable 0.02-4 all
  write tests, not scripts that run them

libtest-without-module-perl/stable 0.23-1 all
  test fallback behaviour in absence of modules

libtext-csv-perl/stable 2.06-1 all
  comma-separated values manipulator (using XS or PurePerl)

libtext-formattable-perl/stable 1.03-3 all
  Perl module to format text tables

libtext-qrcode-perl/stable 0.05-2+b4 arm64
  module for generating text based QR Codes

libtext-soundex-perl/stable 3.05-2+b4 arm64
  implementation of the soundex algorithm

libtext-table-perl/stable 1.132-1+b1 arm64
  Create tables that adapt to alignment requirements

libtheschwartz-perl/stable 1.12-2 all
  reliable job queue

libthread-pool-dev/stable 4.0.0-2 arm64
  C++ header-only thread pool library (devel)

libthread-pool-simple-perl/stable 0.25-4 all
  Perl implementation of a simple thread pool

libtickit-perl/stable 0.73-1+b3 arm64
  Terminal Interface Construction KIT

libtickit-widget-scrollbox-perl/stable 0.12-1 all
  widget allowing a single child widget to be scrolled

libtie-array-iterable-perl/stable 0.03-2 all
  module allowing creation of iterators for lists and arrays

libtie-cache-lru-perl/stable 20150301-3 all
  Perl module for Least-Recently Used cache

libtiled-dev/stable 1.11.90-1 arm64
  library for general purpose tile map editor (development headers)

libtiled1/stable 1.11.90-1 arm64
  library for general purpose tile map editor

libtiles-java/stable 3.0.7-6 all
  Java templating framework for web application user interfaces

libtk-filedialog-perl/stable 1.3-6 all
  highly configurable file dialog widget for Perl/Tk

libtk-objeditor-perl/stable 2.010-1 all
  Perl/Tk widget to edit recursively a data structure

libtk-tablematrix-perl/stable 1.29-2+b4 arm64
  Table/matrix widget extension to Perl/Tk

libtk8.6/stable,now 8.6.16-1 arm64 [installed,automatic]
  Tk toolkit for Tcl and X11 v8.6 - run-time files

libtk9.0/stable 9.0.1-3 arm64
  Tk toolkit for Tcl and X11 v9.0 - run-time files

libtm1638-dev/stable 1.0-2 arm64
  interface to TM1638 based displays for Raspberry Pi (development files)

libtmglib64-3/stable 3.12.1-6 arm64
  test matrix generators of LAPACK - shared version (64bit-index)

libtmglib64-dev/stable 3.12.1-6 arm64
  test matrix generators of LAPACK - development files (64bit-index)

libtntnet-dev/stable 3.0-4 arm64
  Tntnet library development headers

libtntnet13t64/stable 3.0-4 arm64
  Tntnet libraries

libtolua++5.1-dev/stable 1.0.93-5 arm64
  extended tool to integrate C/C++ code with Lua (devel)

libtools-analyzer-clojure/stable 1.1.1-2 all
  analyzer for host agnostic Clojure code

libtorsocks/stable 2.5.0-1+deb13u1 arm64
  use SOCKS-friendly applications with Tor (library)

libtravel-routing-de-vrr-perl/stable 2.24-1 all
  unofficial interface to the efa.vrr.de German itinerary service

libtree-simple-visitorfactory-perl/stable 0.16-3 all
  collection of dispensing visitor objects for Tree::Simple

libtrilinos-anasazi-13.2/stable 13.2.0-6+b4 arm64
  large-scale eigenvalue algorithms - runtime files

libtrilinos-anasazi-dev/stable 13.2.0-6+b4 arm64
  large-scale eigenvalue algorithms - development files

libtrilinos-pike-13.2/stable 13.2.0-6+b4 arm64
  physics integration kernels - runtime files

libtrilinos-pike-dev/stable 13.2.0-6+b4 arm64
  physics integration kernels - development files

libtrilinos-teko-13.2/stable 13.2.0-6+b4 arm64
  block preconditioners - runtime files

libtrilinos-teko-dev/stable 13.2.0-6+b4 arm64
  block preconditioners - development files

libtuiwidgets-doc/stable 0.2.2-1 all
  high-level widget based toolkit for terminal applications - documentation

libtuiwidgets0a/stable 0.2.2-1 arm64
  high-level widget based toolkit for terminal applications - shared library

libubootenv-dev/stable 0.3.5-0.1+b2 arm64
  Library to access U-Boot environment - development files

libubootenv-doc/stable 0.3.5-0.1 all
  Library to access U-Boot environment - document

libubootenv-tool/stable 0.3.5-0.1+b2 arm64
  Library to access U-Boot environment - tool

libubootenv0.1/stable 0.3.5-0.1+b2 arm64
  Library to access U-Boot environment - runtime

libubsan1/stable,now 14.2.0-19 arm64 [installed,automatic]
  UBSan -- undefined behaviour sanitizer (runtime)

libubsan1-amd64-cross/stable 14.2.0-19cross1 all
  UBSan -- undefined behaviour sanitizer (runtime)

libubsan1-arm64-cross/stable 14.2.0-19cross1 all
  UBSan -- undefined behaviour sanitizer (runtime)

libubsan1-armel-cross/stable 14.2.0-19cross1 all
  UBSan -- undefined behaviour sanitizer (runtime)

libubsan1-armhf-cross/stable 14.2.0-19cross1 all
  UBSan -- undefined behaviour sanitizer (runtime)

libubsan1-i386-cross/stable 14.2.0-19cross1 all
  UBSan -- undefined behaviour sanitizer (runtime)

libubsan1-loong64-cross/stable 14.2.0-19cross1 all
  UBSan -- undefined behaviour sanitizer (runtime)

libubsan1-powerpc-cross/stable 14.2.0-19cross1 all
  UBSan -- undefined behaviour sanitizer (runtime)

libubsan1-ppc64-cross/stable 14.2.0-19cross1 all
  UBSan -- undefined behaviour sanitizer (runtime)

libubsan1-ppc64el-cross/stable 14.2.0-19cross1 all
  UBSan -- undefined behaviour sanitizer (runtime)

libubsan1-riscv64-cross/stable 14.2.0-19cross1 all
  UBSan -- undefined behaviour sanitizer (runtime)

libubsan1-s390x-cross/stable 14.2.0-19cross1 all
  UBSan -- undefined behaviour sanitizer (runtime)

libubsan1-sparc64-cross/stable 14.2.0-19cross1 all
  UBSan -- undefined behaviour sanitizer (runtime)

libubsan1-x32-cross/stable 14.2.0-19cross1 all
  UBSan -- undefined behaviour sanitizer (runtime)

libudev0/stable 200-1+b2 arm64
  compatibility wrapper for libudev version 0

libudis86-0/stable 0+20221013-1.1 arm64
  Disassembler for x86 and x86-64 class ISA (library)

libudis86-dev/stable 0+20221013-1.1 arm64
  Disassembler for x86 and x86-64 class ISA (development files)

libudis86-doc/stable 0+20221013-1.1 all
  Disassembler for x86 and x86-64 class ISA (documentation)

libuima-adapter-vinci-java/stable 2.10.4-1 all
  Library to provide Vinci web services within UIMA

libuima-addons-java/stable 2.3.1-9 all
  Apache UIMA Addons

libuima-as-java/stable 2.3.1-12 all
  Apache UIMA Asynch Scaleout framework

libuima-core-java/stable 2.10.4-1 all
  Core library for the UIMA framework

libuima-cpe-java/stable 2.10.4-1 all
  Library for the UIMA Collection Processing Engine

libuima-document-annotation-java/stable 2.10.4-1 all
  Library for the UIMA document annotation

libuima-tools-java/stable 2.10.4-1 all
  UIMA library for the UIMA tools

libuima-vinci-java/stable 2.10.4-1 all
  Library to handle Vinci web service protocol

libuniversal-isa-perl/stable 1.20171012-3 all
  safer version of UNIVERSAL::isa

libuniversal-ref-perl/stable 0.14-8 arm64
  turns ref() into a multimethod

libuno-purpenvhelpergcc3-3t64/stable 4:25.2.3-2+deb13u6 arm64
  LibreOffice UNO runtime environment -- "purpose environment" helper

libunshield-dev/stable 1.5.1-1+b2 arm64
  development files for libunshield

libunshield0/stable 1.5.1-1+b2 arm64
  library to extract CAB files from InstallShield installers

liburi-escape-xs-perl/stable 0.14-2+b4 arm64
  drop-in XS replacement for URI::Escape

liburi-ws-perl/stable 0.03-3 all
  WebSocket support for URI package

libusb-0.1-4/stable,now 2:0.1.12-35+b1 arm64 [installed,automatic]
  userspace USB programming library

libusb-1.0-0/stable,now 2:1.0.28-1 arm64 [installed,automatic]
  userspace USB programming library

libusb-1.0-0-dev/stable 2:1.0.28-1 arm64
  userspace USB programming library development files

libusb-1.0-doc/stable 2:1.0.28-1 all
  documentation for userspace USB programming

libusb-dev/stable 2:0.1.12-35+b1 arm64
  userspace USB programming library development files

libusbgx-dev/stable 0.3.0-1.1+b1 arm64
  Development files for libusbgx

libusbgx-doc/stable 0.3.0-1.1 all
  Documentation files for libusbgx

libusbgx3/stable 0.3.0-1.1+b1 arm64
  C library encapsulating the kernel USB gadget-configfs

libuser/stable 1:0.64+git20241106~dfsg-3 arm64
  user and group account administration library - utilities

libvar-pairs-perl/stable 0.004002-1 all
  Perl module implementing iterators and pair constructors for variables

libvavr0-java/stable 0.10.3-2 all
  object-functional language extension for Java

libvectorscan-dev/stable 5.4.11-2+b1 arm64
  Portable fork of Intel's Hyperscan library (development files)

libvectorscan5/stable 5.4.11-2+b1 arm64
  Portable fork of Intel's Hyperscan library

libvendorlib-perl/stable 0.12-4 all
  pragma to enforce only core and vendor libraries are used

libverbiste-0.1-0v5/stable 0.1.49-1 arm64
  French and Italian conjugator - shared library

libverbiste-dev/stable 0.1.49-1 arm64
  French and Italian conjugator - development files

libvidstab-dev/stable 1.1.0-2+b2 arm64
  video stabilization library (development files)

libvidstab1.1/stable 1.1.0-2+b2 arm64
  video stabilization library (shared library)

libvirt-clients/stable 11.3.0-3+deb13u2 arm64
  virtualization library - clients

libvirt-daemon/stable 11.3.0-3+deb13u2 arm64
  virtualization daemon

libvirt-ssh-proxy/stable 11.3.0-3+deb13u2 arm64
  virtualization library - SSH proxy

libvkfft-dev/stable 1.3.4+ds2-1 all
  Vulkan/CUDA/HIP/OpenCL Fast Fourier Transform library

libvlfeat-dev/stable 0.9.21+full-2.1+b3 arm64
  Computer vision library focussing on visual features and clustering

libvlfeat-doc/stable 0.9.21+full-2.1 all
  Computer vision library focussing on visual features and clustering

libvlfeat1t64/stable 0.9.21+full-2.1+b3 arm64
  Computer vision library focussing on visual features and clustering

libvnlog-dev/stable 1.40-1 arm64
  Toolkit to read/write/manipulate whitespace-separated ASCII logs

libvnlog-perl/stable 1.40-1 all
  Toolkit to read/write/manipulate whitespace-separated ASCII logs

libvnlog0/stable 1.40-1 arm64
  Toolkit to read/write/manipulate whitespace-separated ASCII logs

libvoikko1/stable 4.3.2-1+b2 arm64
  Library of free natural language processing tools

libvolpack1/stable 1.0b3-10 arm64
  fast volume rendering library

libvolpack1-dev/stable 1.0b3-10 arm64
  fast volume rendering library (development package)

libvotequorum-dev/stable 3.1.9-2+deb13u1 arm64
  cluster engine Votequorum library development

libvotequorum8/stable 3.1.9-2+deb13u1 arm64
  cluster engine Votequorum library

libwavpack-dev/stable 5.8.1-1 arm64
  audio codec (lossy and lossless) - development files

libwavpack1/stable,now 5.8.1-1 arm64 [installed,automatic]
  audio codec (lossy and lossless) - library

libweasel-driverrole-perl/stable 0.04-2 all
  API definition for Weasel's driver wrappers

libweasel-perl/stable 0.32-1 all
  PHP's Mink inspired multi-protocol web-testing library for Perl

libweb-id-perl/stable 1.927-3 all
  implementation of WebID (a.k.a. FOAF+SSL)

libweb-machine-perl/stable 0.17-4 all
  Perl port of Webmachine

libweb-simple-perl/stable 0.033-2 all
  simple web framework

libweb-solid-auth-perl/stable 0.91-2 all
  Solid authentication perl library

libwebservice-validator-html-w3c-perl/stable 0.28-3 all
  Perl interface to access the W3C's online HTML validator

libwebsocket-lwt-unix-ocaml/stable 2.17-1+b7 arm64
  WebSocket library (Lwt support) (runtime)

libwebsocket-lwt-unix-ocaml-dev/stable 2.17-1+b7 arm64
  WebSocket library (Lwt support) (dev)

libwebsocket-ocaml/stable 2.17-1+b7 arm64
  WebSocket library (runtime)

libwebsocket-ocaml-dev/stable 2.17-1+b7 arm64
  WebSocket library (dev)

libwmf0.2-7/stable 0.2.13-1.1+b3 arm64
  Windows metafile conversion library - transitional package

libwmf0.2-7-gtk/stable 0.2.13-1.1+b3 arm64
  Windows metafile conversion GTK pixbuf plugin - transitional package

libwww-finger-perl/stable 0.105-2 all
  get useful data from e-mail addresses

libwww-mechanize-gzip-perl/stable 0.14-2 all
  Perl module to fetch webpages with gzip-compression

libwww-mechanize-perl/stable 2.19-1 all
  module to automate interaction with websites

libwx-scintilla-perl/stable 0.39-6+b5 arm64
  source code editor component for wxWidgets

libwxgtk3.2-1t64/stable 3.2.8+dfsg-2 arm64
  wxWidgets Cross-platform C++ GUI toolkit (GTK 3 runtime)

libwxgtk3.2-dev/stable 3.2.8+dfsg-2 arm64
  wxWidgets Cross-platform C++ GUI toolkit (GTK 3 development)

libx32ubsan1-amd64-cross/stable 14.2.0-19cross1 all
  UBSan -- undefined behaviour sanitizer (x32)

libx32ubsan1-i386-cross/stable 14.2.0-19cross1 all
  UBSan -- undefined behaviour sanitizer (x32)

libx52pro-dev/stable 0.2.0-2 arm64
  MFD and LED library for Saitek X52pro joysticks - dev files

libx52pro0/stable 0.2.0-2 arm64
  MFD and LED library for Saitek x52pro joysticks

libxbae-dev/stable 4.60.4-11 arm64
  Xbae Matrix Widget development package

libxbae4m/stable 4.60.4-11 arm64
  Xbae Matrix Widget libraries

libxcomposite-dev/stable 1:0.4.6-1 arm64
  X11 Composite extension library (development headers)

libxcomposite1/stable,now 1:0.4.6-1 arm64 [installed,automatic]
  X11 Composite extension library

libxcursor1/stable,now 1:1.2.3-1 arm64 [installed,automatic]
  X cursor management library

libxdmf3t64/stable 3.0+git20190531-13.1+b8 arm64
  eXtensible Data Model and Format library

libxenmisc4.20/stable 4.20.2+37-g61ff35323e-0+deb13u1 arm64
  Xen runtime libraries - miscellaneous, versioned ABI

libxerces-c-dev/stable 3.2.4+debian-1.3+b2 arm64
  validating XML parser library for C++ (development files)

libxerces-c-samples/stable 3.2.4+debian-1.3+b2 arm64
  validating XML parser library for C++ (compiled samples)

libxkbcommon-x11-0/stable,now 1.7.0-2 arm64 [installed,automatic]
  library to create keymaps with the XKB X11 protocol

libxkbcommon-x11-dev/stable 1.7.0-2 arm64
  library to create keymaps with the XKB X11 protocol - development files

libxkbregistry-dev/stable 1.7.0-2 arm64
  library to query available RMLVO - development files

libxkbregistry0/stable 1.7.0-2 arm64
  library to query available RMLVO

libxml-atom-fromowl-perl/stable 0.102-3 all
  export RDF data to Atom

libxml-atom-owl-perl/stable 0.104-3 all
  parse an Atom file into RDF

libxml-autowriter-perl/stable 0.40-5 all
  Perl module to produce DOCTYPE-based XML output

libxml-compile-cache-perl/stable 1.06-1 all
  module that keeps the cache of compiled XML schemas

libxml-compile-dumper-perl/stable 0.14-2 all
  module to help saving and loading the compiled XML processors

libxml-encoding-perl/stable 2.11-1 all
  Perl module for parsing encoding map XML files

libxml-node-perl/stable 0.11-11 all
  Perl module for parsing XML files node based

libxml-parser-easytree-perl/stable 0.01-2 all
  easier tree style for XML::Parser

libxml-parser-perl/stable,now 2.47-2~deb13u1 arm64 [installed,automatic]
  Perl module for parsing XML files

libxml-sax-perl/stable 1.02+dfsg-4 all
  Perl module for using and building Perl SAX2 XML processors

libxml-simple-perl/stable 2.25-2 all
  Perl module for reading and writing XML

libxml-writer-string-perl/stable 0.1-3 all
  Capture output from XML::Writer

libxmlb-tests/stable 0.3.22-1 arm64
  Installed tests for libxmlb2

libxmlbeans-java/stable 4.0.0-2 all
  Java library for accessing XML by binding it to Java types

libxpa-dev/stable 2.1.20-3 arm64
  Seamless communication between Unix programs (development files)

libxpa1/stable 2.1.20-3 arm64
  Seamless communication between Unix programs (shared library)

libxstream-java/stable 1.4.21-1 all
  Java library to serialize objects to XML and back again

libxtables12/stable,now 1.8.11-2 arm64 [installed,automatic]
  netfilter xtables library

libxxx-perl/stable 0.38-1 all
  debug viewer for Perl data structure

libyaml-pp-perl/stable 0.39.0-1 all
  pure-perl YAML framework

libytnef0/stable 2.1.2-1+b2 arm64
  improved decoder for application/ms-tnef attachments

libytnef0-dev/stable 2.1.2-1+b2 arm64
  headers for application/ms-tnef attachments decoder

libz3-java/stable 4.13.3-1 arm64
  theorem prover from Microsoft Research - java bindings

libz3-jni/stable 4.13.3-1 arm64
  theorem prover from Microsoft Research - JNI library

libzimg-dev/stable 3.0.5+ds1-1+b2 arm64
  scaling, colorspace, depth conversion library (development files)

libzimg2/stable 3.0.5+ds1-1+b2 arm64
  scaling, colorspace, depth conversion library (shared library)

libzypp-bin/stable 17.36.7-1 arm64
  openSUSE/SLES package management system library (library tools)

libzypp-common/stable 17.36.7-1 all
  openSUSE/SLES package management system library (common files)

libzypp-config/stable 17.36.7-1 all
  openSUSE/SLES package management system library (configuration)

libzypp-dev/stable 17.36.7-1 arm64
  openSUSE/SLES package management system library (development files)

libzypp-doc/stable 17.36.7-1 all
  openSUSE/SLES package management system library (documentation)

libzypp1735/stable 17.36.7-1 arm64
  openSUSE/SLES package management system (library)

license-detector/stable 4.3.0+git20221007.a3a1cc6-3+b12 arm64
  Reliable project licenses detector (command line)

licenseutils/stable 0.0.9-8+b1 arm64
  Put copyright and license notices at the head of source code files

light/stable 1.2.2-2+b1 arm64
  control display backlight controllers and LEDs

lilv-utils/stable 0.24.26-1 arm64
  library for simple use of LV2 plugins (runtime files)

linaro-bcb-util/stable 0.0.2-2 all
  simple util to access the BCB partition

link-grammar/stable 5.12.5~dfsg-1+b3 arm64
  Carnegie Mellon University's link grammar parser

link-grammar-dictionaries-all/stable 5.12.5~dfsg-1 all
  Carnegie Mellon University's link grammar parser (all dictionaries)

link-grammar-dictionaries-en/stable 5.12.5~dfsg-1 all
  Carnegie Mellon University's link grammar parser (English dictionary)

links/stable 2.29-2+b3 arm64
  Web browser running in text mode

linux-doc-6.12/stable 6.12.94-1 all
  Linux kernel specific documentation for version 6.12

linux-headers-6.12.86+deb13-arm64/stable 6.12.86-1 arm64
  Header files for Linux 6.12.86+deb13-arm64

linux-headers-6.12.86+deb13-arm64-16k/stable 6.12.86-1 arm64
  Header files for Linux 6.12.86+deb13-arm64-16k

linux-headers-6.12.86+deb13-cloud-arm64/stable 6.12.86-1 arm64
  Header files for Linux 6.12.86+deb13-cloud-arm64

linux-headers-6.12.86+deb13-common/stable 6.12.86-1 all
  Common header files for Linux 6.12.86+deb13

linux-headers-6.12.86+deb13-common-rt/stable 6.12.86-1 all
  Common header files for Linux 6.12.86+deb13-rt

linux-headers-6.12.86+deb13-rt-arm64/stable 6.12.86-1 arm64
  Header files for Linux 6.12.86+deb13-rt-arm64

linux-headers-6.12.94+deb13-arm64/stable 6.12.94-1 arm64
  Header files for Linux 6.12.94+deb13-arm64

linux-headers-6.12.94+deb13-arm64-16k/stable 6.12.94-1 arm64
  Header files for Linux 6.12.94+deb13-arm64-16k

linux-headers-6.12.94+deb13-cloud-arm64/stable 6.12.94-1 arm64
  Header files for Linux 6.12.94+deb13-cloud-arm64

linux-headers-6.12.94+deb13-common/stable 6.12.94-1 all
  Common header files for Linux 6.12.94+deb13

linux-headers-6.12.94+deb13-common-rt/stable 6.12.94-1 all
  Common header files for Linux 6.12.94+deb13-rt

linux-headers-6.12.94+deb13-rt-arm64/stable 6.12.94-1 arm64
  Header files for Linux 6.12.94+deb13-rt-arm64

linux-libc-dev/stable,now 6.12.94-1 all [installed,automatic]
  Linux support headers for userspace development

linux-libc-dev-alpha-cross/stable 6.12.38-1cross1 all
  Linux Kernel Headers for development (for cross-compiling)

linux-libc-dev-amd64-cross/stable 6.12.38-1cross1 all
  Linux Kernel Headers for development (for cross-compiling)

linux-libc-dev-arc-cross/stable 6.12.38-1cross1 all
  Linux Kernel Headers for development (for cross-compiling)

linux-libc-dev-arm64-cross/stable 6.12.38-1cross1 all
  Linux Kernel Headers for development (for cross-compiling)

linux-libc-dev-armel-cross/stable 6.12.38-1cross1 all
  Linux Kernel Headers for development (for cross-compiling)

linux-libc-dev-armhf-cross/stable 6.12.38-1cross1 all
  Linux Kernel Headers for development (for cross-compiling)

linux-libc-dev-hppa-cross/stable 6.12.38-1cross1 all
  Linux Kernel Headers for development (for cross-compiling)

linux-libc-dev-i386-cross/stable 6.12.38-1cross1 all
  Linux Kernel Headers for development (for cross-compiling)

linux-libc-dev-loong64-cross/stable 6.12.38-1cross1 all
  Linux Kernel Headers for development (for cross-compiling)

linux-libc-dev-m68k-cross/stable 6.12.38-1cross1 all
  Linux Kernel Headers for development (for cross-compiling)

linux-libc-dev-mips-cross/stable 6.12.8-1cross1 all
  Linux Kernel Headers for development (for cross-compiling)

linux-libc-dev-mips64-cross/stable 6.12.8-1cross1 all
  Linux Kernel Headers for development (for cross-compiling)

linux-libc-dev-mips64el-cross/stable 6.12.8-1cross1 all
  Linux Kernel Headers for development (for cross-compiling)

linux-libc-dev-mips64r6-cross/stable 6.12.8-1cross1 all
  Linux Kernel Headers for development (for cross-compiling)

linux-libc-dev-mips64r6el-cross/stable 6.12.8-1cross1 all
  Linux Kernel Headers for development (for cross-compiling)

linux-libc-dev-mipsel-cross/stable 6.12.8-1cross1 all
  Linux Kernel Headers for development (for cross-compiling)

linux-libc-dev-mipsn32-cross/stable 6.12.8-1cross1 all
  Linux Kernel Headers for development (for cross-compiling)

linux-libc-dev-mipsn32el-cross/stable 6.12.8-1cross1 all
  Linux Kernel Headers for development (for cross-compiling)

linux-libc-dev-mipsn32r6-cross/stable 6.12.8-1cross1 all
  Linux Kernel Headers for development (for cross-compiling)

linux-libc-dev-mipsn32r6el-cross/stable 6.12.8-1cross1 all
  Linux Kernel Headers for development (for cross-compiling)

linux-libc-dev-mipsr6-cross/stable 6.12.8-1cross1 all
  Linux Kernel Headers for development (for cross-compiling)

linux-libc-dev-mipsr6el-cross/stable 6.12.8-1cross1 all
  Linux Kernel Headers for development (for cross-compiling)

linux-libc-dev-powerpc-cross/stable 6.12.38-1cross1 all
  Linux Kernel Headers for development (for cross-compiling)

linux-libc-dev-ppc64-cross/stable 6.12.38-1cross1 all
  Linux Kernel Headers for development (for cross-compiling)

linux-libc-dev-ppc64el-cross/stable 6.12.38-1cross1 all
  Linux Kernel Headers for development (for cross-compiling)

linux-libc-dev-riscv64-cross/stable 6.12.38-1cross1 all
  Linux Kernel Headers for development (for cross-compiling)

linux-libc-dev-s390x-cross/stable 6.12.38-1cross1 all
  Linux Kernel Headers for development (for cross-compiling)

linux-libc-dev-sh4-cross/stable 6.12.38-1cross1 all
  Linux Kernel Headers for development (for cross-compiling)

linux-libc-dev-sparc64-cross/stable 6.12.38-1cross1 all
  Linux Kernel Headers for development (for cross-compiling)

linux-libc-dev-x32-cross/stable 6.12.38-1cross1 all
  Linux Kernel Headers for development (for cross-compiling)

linuxcnc-uspace/stable 1:2.9.4-2+deb13u1 arm64
  motion controller for CNC machines and robots

linuxcnc-uspace-dev/stable 1:2.9.4-2+deb13u1 arm64
  PC based motion controller for real-time Linux

liquidctl/stable 1.15.0-2 arm64
  CLI and Python drivers for AIO liquid coolers and other devices

littler/stable 0.3.21-1 all
  GNU R scripting and command-line front-end -- transition package

livi/stable 0.3.1-1 arm64
  Minimalistic video player targeting mobile devices

lltdscan/stable 0+20180223-2 arm64
  Scan for LLTD-enabled hosts on your network

lltsv/stable 0.7.0-3+b8 arm64
  List specified keys of LTSV (Labeled Tab Separated Values)

local-apt-repository/stable 0.10 all
  Ready to use local apt repository

locales-all/stable 2.41-12+deb13u3 arm64
  GNU C Library: Precompiled locale data

logapp/stable 0.16-3 arm64
  supervise execution of applications producing heavy output

loggedfs/stable 0.9+ds-5 arm64
  User-controllable logging file system

login/stable,now 1:4.16.0-2+really2.41-5 arm64 [installed]
  system login tools

lomiri-url-dispatcher/stable 0.1.4-1 arm64
  Lomiri Operating Environment service for requesting URLs to be opened

lomiri-url-dispatcher-testability/stable 0.1.4-1 all
  Fake Lomiri URL Dispatcher for use in testing

lomiri-url-dispatcher-tools/stable 0.1.4-1 arm64
  Tools for working with the Lomiri URL Dispatcher

lomiri-url-dispatcher-tools-gui/stable 0.1.4-1 arm64
  GUI tools for working with the Lomiri URL Dispatcher

lorene-codes-src/stable 0.0.0~cvs20161116+dfsg-2 all
  source files of LORENE-based codes

love/stable 11.5-2+b1 arm64
  2D game development framework based on Lua and OpenGL

lowdown/stable 2.0.2-2 arm64
  Simple markdown translator

lp-solve/stable 5.5.2.11-2 arm64
  Solve (mixed integer) linear programming problems

lp-solve-doc/stable 5.5.2.11-2 all
  Solve (mixed integer) linear programming problems - documentation

lshw/stable 02.19.git.2021.06.19.996aaad9c7-2.1 arm64
  information about hardware configuration

lshw-gtk/stable 02.19.git.2021.06.19.996aaad9c7-2.1 arm64
  graphical information about hardware configuration

ltrace/stable 0.7.91~git20230705.8eabf68-4 arm64
  Tracks runtime library calls in dynamically linked programs

lua-dkjson/stable 2.8-1 all
  JSON module written in Lua

lua-lsqlite3/stable 0.9.6-1+b1 arm64
  Lua wrapper for the SQLite3 library

lua-lsqlite3-dev/stable 0.9.6-1+b1 arm64
  Lua wrapper for the SQLite3 library - development files

lua-resty-core/stable 0.1.31-1 all
  New FFI-based Lua API for NGINX Lua module

lua-rings/stable 1.3.0-4+b2 arm64
  Lua state creation and control library for the Lua language

luma.emulator-doc/stable 1.4.0-3 all
  doc for library provides a series of pseudo-display devices for luma.core

luma.led-matrix-doc/stable 1.7.0-1 all
  doc for library interfacing LED matrix displays

luma.oled-doc/stable 3.10.0-1 all
  doc for library interfacing OLED matrix displays

lure-of-the-temptress/stable 1.1+ds3-1 all
  classic 2D point and click fantasy adventure game

lxc-tests/stable 1:6.0.4-4+deb13u3+b1 arm64
  Linux Containers userspace tools (test binaries)

lxd-agent/stable 5.0.2+git20231211.1364ae4-9+deb13u7 arm64
  LXD guest agent

lxpanel/stable 0.11.1-1 arm64
  LXDE panel

lxrandr/stable 0.3.3-1 arm64
  LXDE monitor configuration tool

m17n-db/stable 1.8.10-1 all
  multilingual text processing library - database

m17n-docs/stable 1.8.4-1 all
  multilingual text processing library - documents

m17n-lib-bin/stable 1.8.5-1 arm64
  multilingual text processing library - utilities

m17n-lib-mimx/stable 1.8.5-1 arm64
  multilingual text processing library - binary modules

macaulay2-common/stable 1.24.11+ds-5 all
  Software system for algebraic geometry research (common files)

machineid/stable 1.0.1-2+b4 arm64
  Get the unique machine id of any host (program)

mactelnet-client/stable 0.6.1-1.1 arm64
  Console tools for telneting and pinging via MAC addresses

mactelnet-server/stable 0.6.1-1.1 arm64
  Telnet daemon for accepting connections via MAC addresses

magicfilter/stable 1.2-68 arm64
  automatic printer filter

magicrescue/stable 1.1.10+dfsg-2+b2 arm64
  recover files by looking for magic bytes

mahonia/stable 0.0~git20180208.3358181-4+b15 arm64
  Character-set conversion library implemented in Go. (program)

mailagent/stable 1:3.1-106-1.2 arm64
  automatic mail-processing tool and filter

mailman3/stable 3.3.10-2 all
  Mailing list management system

mailman3-doc/stable 3.3.10-2 all
  Mailing list management system documentation

maim/stable 5.8.0-1 arm64
  takes screenshots of your desktop

man2html/stable 1.6g-16+b2 arm64
  browse man pages in your web browser

mancala/stable 1.0.3-2+b1 arm64
  Implementation of the simple board game called Mancala

mangoapp/stable 0.7.2-2 arm64
  Application to render MangoHud with gamescope

mangohud/stable 0.7.2-2 arm64
  Vulkan/OpenGL overlay for monitoring FPS, temperatures, CPU/GPU load and more

manuskript/stable 0.16.1-2 all
  open-source tool for writers

mapsembler2/stable 2.2.4+dfsg1-4+b1 arm64
  bioinformatics targeted assembly software

marble-plugins/stable 4:25.04.0-1 arm64
  plugins for Marble

maria/stable 1.3.5-6 arm64
  reachability analyzer for Algebraic System Nets

mariadb-backup/stable 1:11.8.6-0+deb13u1 arm64
  Backup tool for MariaDB server

mariadb-plugin-spider/stable 1:11.8.6-0+deb13u1 arm64
  Spider storage engine for MariaDB server

marsshooter/stable 0.7.6-8 arm64
  ridiculous space shooter governed by the laws of gravity

mash/stable 2.3+dfsg-6+b2 arm64
  fast genome and metagenome distance estimation using MinHash

matanza/stable 0.13+ds2-2 arm64
  Space ascii war game

mate-desktop/stable 1.26.2-1.2 arm64
  Library with common API for various MATE modules

mate-tweak/stable 22.10.0-3 all
  MATE desktop tweak tool

mate-user-share/stable 1.26.0-1+b2 arm64
  User level public file sharing via WebDAV

mate-user-share-common/stable 1.26.0-1 all
  User level public file sharing via WebDAV (common files)

mate-utils/stable 1.26.1-1+b4 arm64
  MATE desktop utilities

mate-utils-common/stable 1.26.1-1 all
  MATE desktop utilities (common files)

matomo-component-ini/stable 3.0.1-2 all
  read and write INI configurations

maven-ant-helper/stable 8.9 all
  helper scripts for building Maven components with ant

mazeofgalious/stable 0.62.dfsg2-6 arm64
  The Maze of Galious

mcrypt/stable 2.6.8-8 arm64
  Replacement for old unix crypt(1)

mdk/stable 1.3.0+dfsg-4 arm64
  MIX Development Kit

mecab-ipadic/stable 2.7.0-20070801+main-3 all
  IPA dictionary compiled for Mecab

mecab-ipadic-utf8/stable 2.7.0-20070801+main-3 all
  IPA dictionary encoded in UTF-8 compiled for Mecab

mecab-jumandic/stable 7.0-20130310-7 all
  Juman dictionary compiled for Mecab (deprecated)

mecab-jumandic-utf8/stable 7.0-20130310-7 all
  Juman dictionary encoded in UTF-8 compiled for Mecab

med-config/stable 3.9.0 all
  Debian Med general config package

media-types/stable,now 13.0.0 all [installed,automatic]
  List of standard media types and their usual file extension

mediaconch/stable 25.04-2 arm64
  implementation and policy checker, reporter and fixer for media files

mediaconch-gui/stable 25.04-2 arm64
  implementation and policy checker, reporter and fixer for media files

mediawiki-extension-codemirror/stable 6.0.0~git20250325.399da27-2 all
  Syntax highlighting in MediaWiki's wikitext editor

megaglest/stable 3.13.0-9+b4 arm64
  3D multi-player real time strategy game

megan-ce/stable 6.21.1+dfsg-4 all
  interactive tool to explore and analyse microbiome sequencing data

memdump/stable 1.01-9+b1 arm64
  utility to dump memory contents to standard output

menu/stable 2.1.51 arm64
  generates programs menu for all menu-aware applications

menu-l10n/stable 0.20211120 all
  localized menu entries for Debian menu.

metacity-themes/stable 1.0.13 all
  Themes for the Gtk2 metacity window manager

mgdiff/stable 1.0+debian1-1+b2 arm64
  xdiff clone

microhope/stable 5.3.3+repack-2 all
  hardware & software framework to learn microcontrollers

miio-tools/stable 0.5.12-3 all
  Tools for interfacing with Xiaomi appliances

minetest-mod-lucky-block/stable 20181017-2 all
  Minetest module to add a Lucky Block to the game

minetest-mod-nether/stable 3.6.1-1 all
  Minetest mod - Nether portals and materials

minetest-mod-worldedit/stable 1.3-1 all
  Minetest mod - ingame world editor

minia/stable 3.2.6-4+b4 arm64
  short-read biological sequence assembler

miniflux/stable 2.2.6-1+b4 arm64
  minimalist and opinionated feed reader

minigalaxy/stable 1.2.6-3 all
  Simple GOG Linux client

minimap2/stable 2.27+dfsg-1+b4 arm64
  versatile pairwise aligner for genomic and spliced nucleotide sequences

minio-client/stable 0.0~20250403-3+b3 arm64
  Simple, fast tool to manage MinIO clusters

minisat+/stable 1.0-5 arm64
  solver for pseudo-Boolean constraints

miniupnpc/stable 2.2.8-2+b2 arm64
  UPnP IGD client lightweight library client

miniupnpd/stable 2.3.9-2+deb13u1 all
  Lightweight UPnP IGD & PCP/NAT-PMP daemon

miniupnpd-iptables/stable 2.3.9-2+deb13u1 arm64
  Lightweight UPnP IGD & PCP/NAT-PMP daemon - legacy iptables backend

miniupnpd-nftables/stable 2.3.9-2+deb13u1 arm64
  Lightweight UPnP IGD & PCP/NAT-PMP daemon - nftables backend

minlog/stable 4.0.99.20100221-7 all
  Proof assistant based on first order natural deduction calculus

mistral-api/stable 20.0.0-2+deb13u1 all
  OpenStack Workflow service - API

mistral-common/stable 20.0.0-2+deb13u1 all
  OpenStack Workflow service - common files

mistral-engine/stable 20.0.0-2+deb13u1 all
  OpenStack Workflow service - Engine

mistral-event-engine/stable 20.0.0-2+deb13u1 all
  OpenStack Workflow service - Event Engine

mistral-executor/stable 20.0.0-2+deb13u1 all
  OpenStack Workflow service - Executor

mixxx/stable 2.5.0+dfsg-3+b1 arm64
  Digital Disc Jockey Interface

mixxx-data/stable 2.5.0+dfsg-3 all
  Digital Disc Jockey Interface -- data files

mkchromecast/stable 0.3.9~git20200902+db2964a-2.1 all
  Cast your Linux audio or video to your Google Cast devices

mkdocs-material/stable 9.6.4-1 all
  Material Design theme for MkDocs

mma/stable 21.09-1 all
  Musical MIDI Accompaniment Generator

mnemosyne/stable 2.11+ds1-2 all
  spaced repetition flash-card program

mocassin/stable 2.02.73.2-1+b1 arm64
  MOnte CArlo SimulationS of Ionised Nebulae

moka-icon-theme/stable 5.5.0-2 all
  Tango-esque desktop icon set called Moka

molly-guard/stable 0.8.5 all
  protects machines from accidental shutdowns/reboots

monero/stable 0.18.4.0+~0+20200826-1 arm64
  cryptocoin client for Monero network - daemon and tools

monero-tests/stable 0.18.4.0+~0+20200826-1 arm64
  cryptocoin client for Monero network - testsuite

monitoring-plugins-contrib/stable 48.20250420 arm64
  Plugins for nagios compatible monitoring systems

monitoring-plugins-standard/stable 2.4.0-3+deb13u1 arm64
  Plugins for nagios compatible monitoring systems (standard)

monitorix/stable 3.16.0-1 all
  lightweight system monitoring tool

mono-4.0-gac/stable 6.12.0.199+dfsg-6 all
  Mono GAC tool (for CLI 4.0)

mono-4.0-service/stable 6.12.0.199+dfsg-6 all
  Mono service manager for CLI 4.0

mono-complete/stable 6.12.0.199+dfsg-6 arm64
  complete Mono runtime, development tools and all libraries

mono-csharp-shell/stable 6.12.0.199+dfsg-6 all
  interactive C# shell

mono-dbg/stable 6.12.0.199+dfsg-6 all
  Mono debugging symbols

mono-devel/stable 6.12.0.199+dfsg-6 all
  Mono development tools

mono-gac/stable 6.12.0.199+dfsg-6 all
  Mono GAC tool

mono-mcs/stable 6.12.0.199+dfsg-6 all
  Mono C# 2.0 / 3.0 / 4.0 / 5.0  compiler for CLI 2.0 / 4.0 / 4.5

mono-runtime/stable 6.12.0.199+dfsg-6 arm64
  Mono runtime - default version

mono-runtime-common/stable 6.12.0.199+dfsg-6 arm64
  Mono runtime - common files

mono-runtime-dbg/stable 6.12.0.199+dfsg-6 arm64
  Mono runtime, debugging symbols

mono-runtime-sgen/stable 6.12.0.199+dfsg-6 arm64
  Mono runtime - Using SGen garbage collector

mono-utils/stable 6.12.0.199+dfsg-6 arm64
  Mono utilities

mono-xbuild/stable 6.12.0.199+dfsg-6 all
  MSBuild-compatible build system for Mono

monodoc-base/stable 6.12.0.199+dfsg-6 all
  shared MonoDoc binaries

monodoc-hexbox-manual/stable 1.5.0-5.1 all
  Hex Edit Control for .NET developers - docs

monodoc-manual/stable 6.12.0.199+dfsg-6 all
  compiled XML documentation from the Mono project

monodoc-opentk-manual/stable 1.1.4c+dfsg-2.2 all
  Open Toolkit wrapper for OpenGL, OpenAL and OpenCL - Docs

monsterz/stable 0.7.1-13 arm64
  arcade puzzle game

monsterz-data/stable 0.7.1-13 all
  graphics and audio data for monsterz

morris/stable 0.3-1+b2 arm64
  Nine men's morris game

mp3cd/stable 1.27.0-5 all
  Burns normalized audio CDs from lists of MP3s/WAVs/Oggs/FLACs

mpd/stable 0.24.4-1 arm64
  Music Player Daemon

mpdris2/stable 0.9.1-3 all
  media player interface (MPRIS2) bridge for MPD

mpdscribble/stable 0.25-2+b1 arm64
  Last.fm reporting client for mpd

mptp/stable 0.2.5-1 arm64
  single-locus species delimitation

mpv-mpris/stable 0.7.1-1+b2 arm64
  MPRIS plugin for mpv

mrbayes/stable 3.2.7a-7+b2 arm64
  Bayesian Inference of Phylogeny

mrbayes-doc/stable 3.2.7a-7 all
  Bayesian Inference of Phylogeny - manual

mrbayes-mpi/stable 3.2.7a-7+b2 arm64
  Bayesian Inference of Phylogeny - mpi version

mrmpi-doc/stable 1.0~20140404-3 all
  Implements MapReduce operation on top of standard MPI message - doc

mrrescue/stable 1.02e-3 all
  Mr Rescue is an arcade 2d action game

msmtp-mta/stable 1.8.28-3 arm64
  light SMTP client with support for server profiles - the regular MTA

msort/stable 8.53-2.3+b3 arm64
  utility for sorting records in complex ways

mtr-tiny/stable 0.95-1.1+b2 arm64
  Full screen ncurses traceroute tool

mtree-netbsd/stable 20180822-9 arm64
  Validates directory tree against specification

mumble-server/stable 1.5.735-5+deb13u1 arm64
  Low latency encrypted VoIP server

murasaki-mpi/stable 1.68.6-14+b1 arm64
  homology detection tool across multiple large genomes (MPI-version)

musescore/stable 2.3.2+dfsg4-16 arm64
  cross-platform multi-lingual music composition and notation, v2

musescore-common/stable 2.3.2+dfsg4-16 all
  MuseScore Studio 2 (music composition and notation) shared files

musescore-general-soundfont/stable 0.2.1-1 all
  General SoundFont from MuseScore (HQ version, lossy)

musescore-general-soundfont-lossless/stable 0.2.1-1 all
  General SoundFont from MuseScore (uncompressed)

musescore-general-soundfont-small/stable 0.2.1-1 all
  General SoundFont from MuseScore (lossy)

musescore3/stable 3.2.3+dfsg2-19 arm64
  cross-platform multi-lingual music composition and notation, v3

musescore3-common/stable 3.2.3+dfsg2-19 all
  MuseScore Studio 3 (music composition and notation) shared files

music123/stable 16.6-7+b2 arm64
  Command-line shell for sound-file players

mutt-wizard/stable 3.3.1-4 all
  configuration tool from command line to neomutt

mwic/stable 0.7.10-3 all
  spell-checker to find misspellings and to show their contexts

myrepos/stable 1.20180726 all
  tool to manage all your version control repos

myspell-fr/stable 1.4-30 all
  French dictionary for myspell (Hydro-Quebec version)

mysql-sandbox/stable 3.2.05-1.1 all
  Install and set up one or more MySQL server instances easily

mysqmail-courier-logger/stable 0.4.9-10.4 arm64
  real-time logging system in MySQL - Courier traffic-logger

mysqmail-dovecot-logger/stable 0.4.9-10.4 arm64
  real-time logging system in MySQL - Dovecot traffic-logger

mysqmail-postfix-logger/stable 0.4.9-10.4 arm64
  real-time logging system in MySQL - Postfix traffic-logger

mysqmail-pure-ftpd-logger/stable 0.4.9-10.4 arm64
  real-time logging system in MySQL - Pure-FTPd traffic-logger

nagstamon/stable 3.16.2+ds1-3 all
  Nagios status monitor which takes place in systray or on desktop

nano-tiny/stable 8.4-1+deb13u1 arm64
  small, friendly text editor inspired by Pico - tiny build

nanoc/stable 4.13.3-3 all
  static site generator written in Ruby

nanomsg-utils/stable 1.1.5+dfsg-1.1+b1 arm64
  nanomsg utilities

naspro-bridges/stable 0.5.1-5 arm64
  collection of bridges to LV2

nauty/stable 2.8.9+ds-1+b1 arm64
  library for graph automorphisms -- interface and tools

ncbi-epcr/stable 2.3.12-1-10+b2 arm64
  Tool to test a DNA sequence for the presence of sequence tagged sites

ncftp/stable 2:3.2.7-1 arm64
  User-friendly and well-featured FTP client

ncl-ncarg/stable 6.6.2.dfsg.1-10+b2 arm64
  NCAR Command Language and NCAR graphics

ncoils/stable 2002-9+b1 arm64
  coiled coil secondary structure prediction

ncompress/stable 5.0-3 arm64
  original Lempel-Ziv compress/uncompress programs

net-tools/stable 2.10-1.3 arm64
  NET-3 networking toolkit

netatalk-tools/stable 4.2.3~ds-1+deb13u2 arm64
  Apple Filing Protocol service (administrative tools)

netconfd-module-ietf-interfaces/stable 2.14-1 arm64
  SIL module for netconfd implementing ietf-interfaces.yang

netconfd-module-ietf-system/stable 2.14-1 arm64
  SIL module for netconfd implementing ietf-system.yang

netconsd/stable 0.4.1-1+b1 arm64
  Netconsole Daemon

nethack-common/stable 3.6.7-1+b4 arm64
  dungeon crawl game - common files

nethack-console/stable 3.6.7-1+b4 arm64
  dungeon crawl game - text-based interface

nethack-qt/stable 3.6.7-1+b4 arm64
  dungeon crawl game - Qt interface

nethack-x11/stable 3.6.7-1+b4 arm64
  dungeon crawl game - X11 interface

netmaze/stable 0.81+jpg0.82-19 arm64
  3-D Multiplayer Combat Game

network-manager/stable 1.52.1-1 arm64
  network management framework (daemon and userspace tools)

neurodebian-desktop/stable 0.42.2 all
  neuroscience-oriented distribution - desktop integration

ngspice/stable 44.2+ds-1 arm64
  Spice circuit simulator

ngspice-dev/stable 44.2+ds-1 arm64
  Spice circuit simulator - development files for ngspice and tclspice

ngspice-doc/stable 44.2+ds-1 all
  Documentation for the NGspice circuit simulator

nik4/stable 1.8-2 arm64
  Mapnik to image export

nitrokey-authenticator/stable 1.2.4-2+b3 arm64
  TOTP authenticator app that's using Nitrokey Pro2 and/or LibremKey

nncp/stable 8.11.0-4+deb13u1 arm64
  Secure store-and-forward files, mail, and commands

node-ampproject-remapping/stable 2.2.0+~cs5.15.37-1 all
  Nodejs module to remap sequential sourcemaps through transformations

node-any-promise/stable 1.3.0+~cs0.12.21-1 all
  Resolve any installed ES6 compatible promise

node-asap/stable 2.0.6+~2.0.0-1 all
  High-priority task queue for Node.js and browsers

node-async-stacktrace/stable 0.0.2-6 all
  Improve Node.js stacktraces and make it easier to handle errors

node-aws-sign2/stable 0.7.1-4 all
  AWS signing in JavaScript

node-babel-helper-define-polyfill-provider/stable 0.3.3~0~20220913+ds1-1 all
  node-babel helper for polyfills

node-babel-plugin-polyfill-corejs2/stable 0.3.3~0~20220913+ds1-1 all
  node-babel plugin to inject corejs2 polyfill

node-babel-plugin-polyfill-corejs3/stable 0.6.0~0~20220913+ds1-1 all
  node-babel plugin to inject corejs3 polyfill

node-babel-plugin-polyfill-es-shims/stable 0.7.1~0~20220913+ds1-1 all
  node-babel plugin to inject es-shims-api like polyfill

node-babel-plugin-polyfill-regenerator/stable 0.4.1~0~20220913+ds1-1 all
  node-babel plugin to regenerate polyfills

node-bcrypt-pbkdf/stable 1.0.2-3 all
  Port of the OpenBSD bcrypt_pbkdf function to pure JS

node-bindings/stable 1.5.0-2 all
  resolve path to c++ addons built by node-gyp - Node.js module

node-buble/stable 0.20.0+~0.20.1-5 all
  Fast ES2015 compiler for Node.js

node-call-limit/stable 1.1.1-3 all
  Limit the number of simultaneous calls to an async function

node-callback-stream/stable 1.1.0-4 all
  pipeable stream that calls your callback

node-cbor/stable 8.1.0+dfsg+~cs5.2.1-3 all
  Node.js modules to encode and parse data in CBOR data format

node-cjson/stable 0.5.0-3 all
  commented JavaScript Object Notation

node-cli-truncate/stable 2.1.0-5 all
  Truncate a string to a specific width in the terminal

node-commoner/stable 0.15.2+~0.10.8-1 all
  JavaScript transpiler to Node-compatible CommonJS

node-crelt/stable 1.0.6~6.33.0+~cs119.71.50-2 all
  Tiny DOM-element creation utility

node-css-tree/stable 2.3.1-1 all
  toolset to work with CSS

node-cssstyle/stable 2.3.0-3 all
  CSSStyleDeclaration Object Model implementation

node-currently-unhandled/stable 0.4.1-4 all
  track the list of currently unhandled promise rejections

node-d3-dispatch/stable 1.0.6+~1.0.9-1 all
  Register named callbacks and call them with arguments

node-d3-format/stable 1:1.4.5+~1.4.2-2 all
  Formatting numbers for human consumption - NodeJS module

node-dabh-diagnostics/stable 2.0.2-5 all
  Tools for debugging your node.js modules and event loop

node-debug-fabulous/stable 1.1.0-4 all
  visionmedia debug extensions rolled into one

node-defaults/stable 1.0.4+~1.0.3-1 all
  merge single level defaults over a config object

node-degenerator/stable 5.0.1~0~2024040606-6+deb13u1 all
  Node.js module that compiles sync functions into async functions

node-ecc-jsbn/stable 0.2.0-4 all
  ECC JS code based on JSBN

node-enabled/stable 2.0.0-6 all
  Check if a certain debug flag is enabled in Node.js

node-end-of-stream/stable 1.4.4+~1.4.1-1 all
  Invoke a callback when a stream has completed or failed

node-envinfo/stable 7.11.0+~cs14.3.0-3 all
  Generate reports of the common details used by Node.js packages

node-execa/stable 8.0.1+dfsg1+~cs12.0.0-1 all
  better `child_process`

node-exit/stable 0.1.2+~0.1.31-2 all
  replacement for process.exit that ensures stdio is fully drained

node-extglob/stable 3.0.0-4 all
  Extended glob support for JavaScript

node-fancy-log/stable 1.3.3+~cs1.3.1-2 all
  Log things, prefixed with a timestamp

node-flagged-respawn/stable 1.0.1-5 all
  tool for respawning node binaries when special flags are present

node-flatted/stable 3.2.7~ds-1+deb13u1 all
  super light and fast circular JSON parser - Node library

node-flush-write-stream/stable 2.0.0-6 all
  Write stream constructor

node-genfun/stable 5.0.0-2 all
  fast, prototype-friendly multimethods

node-get-caller-file/stable 2.0.5+~cs1.1.1-4 all
  inspects the v8 stack trace

node-global-modules/stable 2.0.0-3 all
  directory used by npm for globally installed npm modules

node-googlediff/stable 0.1.0-3 all
  Compares the differences between the two texts

node-har-schema/stable 2.0.0-6 all
  JSON Schema for HTTP Archive (HAR)

node-hashish/stable 0.0.4+git34dfe43-4 all
  manipulate hash data structures in Node.js

node-highlight.js/stable 9.18.5+dfsg1-2 all
  JavaScript library for syntax highlighting - NodeJS

node-immutable-tuple/stable 0.4.10-13 all
  Immutable finite list objects

node-jquery-mousewheel/stable 1:3.1.13-5 all
  jQuery plugin to add cross-browser mouse wheel support (Node.js)

node-jquery-ujs/stable 1.2.3-2 all
  Unobtrusive scripting adapter for jQuery

node-labeled-stream-splicer/stable 2.0.2+~2.0.0-2 all
  streaming pipeline with a mutable configuration and labels

node-lib0/stable 0.2.99-1 all
  Monorepo of isomorphic utility functions

node-liftoff/stable 3.1.0-6 all
  command line tool launcher

node-loud-rejection/stable 2.2.0-3 all
  make unhandled promise rejections fail loudly

node-meow/stable 8.0.0+~cs3.21.0-5 all
  Command-line interface app helper

node-multiparty/stable 4.2.3-3 all
  Multipart/form-data parser for Node.js

node-nan/stable 2.22.2-1 all
  Native Abstractions for Node.js

node-natural-sort/stable 1.0.0-5 all
  Sorting with support for numbers, dates, unicode and more

node-npm-bundled/stable 2.0.1-2 all
  Parses info on bundled dependencies

node-npm-run-path/stable 5.1.0+~4.0.0-8 all
  Get your PATH prepended with locally installed binaries

node-npmlog/stable 7.0.1+~4.1.4-1 all
  Logger with custom levels and colored output for Node.js

node-p-cancelable/stable 2.1.1-1 all
  Create a promise that can be canceled

node-p-finally/stable 2.0.1-2 all
  Invoked when the promise is settled regardless of outcome

node-p-locate/stable 6.0.0-12 all
  async version of Array

node-parse-base64vlq-mappings/stable 0.1.4-7 all
  Parses out base64 VLQ encoded source map

node-process/stable 0.11.10-3 all
  process information for node.js and browsers

node-promise-inflight/stable 1.0.1+~1.0.0-1 all
  one promise for multiple requests in flight to avoid async duplication

node-promise-retry/stable 2.0.1-4 all
  Retries a function that returns a promise

node-pure-rand/stable 6.0.4+ds1-2 all
  Fast pseudorandom number generator for Node.js

node-quickjs-emscripten/stable 0.23.0+dfsg-5 all
  Javascript/Typescript bindings for QuickJS compiled to WebAssembly

node-regenerator-runtime/stable 0.15.2+~0.10.8-1 all
  Nodejs runtime for regenerator-compiled generator and async functions

node-resolve-cwd/stable 3.0.0-2 all
  Resolve the path of a module from current directory

node-resumer/stable 0.0.0-6 all
  through stream that starts paused and resumes on the next tick

node-retry/stable 0.13.1.+~cs2.19.16-1 all
  Retry strategies for failed operations module for Node.js

node-rollup-plugin-node-polyfills/stable 0.2.1+dfsg+~0.11.0-3 all
  node specific features for browsers

node-rollup-plugin-sourcemaps/stable 0.6.3-8 all
  Rollup plugin for grabbing source maps from sourceMappingURLs

node-serve-favicon/stable 2.5.0+~2.5.3-2 all
  favicon serving middleware with caching - Node.js module

node-signal-exit/stable 4.1.0-7 all
  Fire an event no matter how a process exits

node-slide/stable 1.1.6-4 all
  Simple chain and asyncMap flow control module for Node.js

node-solid-rest/stable 1.1.3-2 all
  client-side multi-backend API for Solid requests - nodejs lib

node-stack-utils/stable 2.0.6+~2.0.1-1 all
  Captures and cleans stack traces

node-stream-each/stable 1.2.3-2 all
  Iterate all the data in a stream

node-throttleit/stable 1.0.0+~1.0.0-1 all
  Throttle a function in Node.js

node-tinycolor/stable 0.0.1-4 all
  No-fuzz, barebone, zero muppetry color module for Node.js

node-to-absolute-glob/stable 2.0.2-3 all
  Make a glob pattern absolute

node-topojson/stable 1.6.27+~cs15.25.116-1 all
  Node.js extension of GeoJSON that encodes topology

node-transformers/stable 3.1.0+~1.0.0-2 all
  String and data transformations using templates and compilers

node-trust-json-document/stable 0.1.4~dfsg-11 all
  JSON Document manipulation library - Node.js library

node-tty-browserify/stable 0.0.1-3 all
  tty library from node core for browsers

node-ua-parser-js/stable 0.8.1+ds+~0.7.36-3 all
  Lightweight JavaScript-based user-agent string parser

node-uglify/stable 2.8.29-8+deb13u1 all
  JavaScript parser, mangler/compressor and beautifier toolkit

node-uglify-js/stable 3.17.4-2 all
  JavaScript parser, mangler/compressor and beautifier - Nodejs library

node-url-parse/stable 1.5.10+~1.4.8-3 all
  Parse URL in node using the URL module and in the browser using the DOM

node-winston/stable 3.8.2-1 all
  Logger for just about everything (for Nodejs)

node-yajsml/stable 1.1.5+ds-5 all
  Yet another (Common)JS module loader

nodejs/stable 20.19.2+dfsg-1+deb13u2 arm64
  evented I/O for V8 javascript - runtime executable

nodejs-doc/stable 20.19.2+dfsg-1+deb13u2 all
  API documentation for Node.js, the javascript platform

nordugrid-arc-arex/stable 7.0.0-3 arm64
  ARC Resource-coupled EXecution service

nordugrid-arc-arex-lrms-contrib/stable 7.0.0-3 all
  ARC Resource-coupled EXecution service - conributed LRMS backends

norsp/stable 1.0.6-7 all
  predictor of non-regular secondary structure

notedeln/stable 1.5.4-2 arm64
  Electronic Lab Notebook called NotedELN

notion/stable 4.0.3+dfsg-1 arm64
  tiling tabbed window manager designed for keyboard users

notion-dev/stable 4.0.3+dfsg-1 all
  Notion development files

npm/stable 9.2.0~ds1-3 all
  package manager for Node.js

nqp/stable 2024.09+dfsg-5 arm64
  Not Quite Perl compiler

nqp-data/stable 2024.09+dfsg-5 all
  Data files for NQP compiler

ntpsec/stable 1.2.3+dfsg1-8 arm64
  Network Time Protocol daemon and utility programs

ntpsec-ntpdate/stable 1.2.3+dfsg1-8 arm64
  client for setting system time from NTP servers

ntpsec-ntpviz/stable 1.2.3+dfsg1-8 arm64
  NTP statistics graphing utility

numberstation/stable 1.4.0-2 all
  TOTP Authenticator application

nvptx-tools/stable 0.20240810-3 arm64
  collection of tools for use with nvptx-none GCC toolchains

nwchem/stable 7.2.3-10 all
  High-performance computational chemistry software (default MPI)

nwchem-mpich/stable 7.2.3-10 arm64
  High-performance computational chemistry software (MPICH build)

nwchem-openmpi/stable 7.2.3-10 arm64
  High-performance computational chemistry software (OpenMPI build)

nxt-firmware/stable 1.29.7-6 all
  Improved firmware for LEGO Mindstorms NXT bricks

nydus-snapshotter/stable 0.13.4-2.1+b10 arm64
  A containerd snapshotter with data deduplication and lazy loading in P2P fashion (program)

oar-common/stable 2.6.1-1 arm64
  OAR batch scheduler common package

oar-doc/stable 2.6.1-1 all
  OAR batch scheduler documentation package

oar-node/stable 2.6.1-1 arm64
  OAR batch scheduler node package

oar-restful-api/stable 2.6.1-1 arm64
  OAR web services

oar-server/stable 2.6.1-1 arm64
  OAR batch scheduler server package

oar-server-mysql/stable 2.6.1-1 arm64
  OAR batch scheduler MySQL server backend package

oar-server-pgsql/stable 2.6.1-1 arm64
  OAR batch scheduler PostgreSQL server backend package

oar-user/stable 2.6.1-1 arm64
  OAR batch scheduler user package

oar-user-mysql/stable 2.6.1-1 arm64
  OAR batch scheduler MySQL user backend package

oar-user-pgsql/stable 2.6.1-1 arm64
  OAR batch scheduler PostgreSQL user backend package

oar-web-status/stable 2.6.1-1 all
  OAR batch scheduler visualization tool package

obs-ashmanix-countdown/stable 2.0.10-2 arm64
  plugin for OBS Studio to create a countdown timer

obs-cli/stable 0.4.0-1+b17 arm64
  command-line remote control for OBS Studio

obs-scene-collection-manager/stable 0.1.2-1 arm64
  plugin for OBS Studio to generate sets of scenes

ocl-icd-libopencl1/stable,now 2.3.3-1 arm64 [installed,automatic]
  Generic OpenCL ICD Loader

ocl-icd-opencl-dev/stable 2.3.3-1 arm64
  OpenCL development files

ocsinventory-agent/stable 2:2.10.0-5 arm64
  Hardware and software inventory tool (client)

octave-dev/stable 9.4.0-1 arm64
  development files for the GNU Octave language

octave-nan/stable 3.7.0-4+b2 arm64
  handles data with and without missing values in Octave

octave-psychtoolbox-3/stable 3.0.19.14.dfsg1-1 arm64
  toolbox for vision research -- Octave bindings

octave-vibes/stable 0.2.0-9+b3 arm64
  VIBes API to easily display results in Octave

octave-vlfeat/stable 0.9.21+full-2.1+b3 arm64
  Computer vision library focussing on visual features and clustering

octavia-agent/stable 16.0.0-2 all
  OpenStack Load Balancer as a Service - Agent

octavia-driver-agent/stable 16.0.0-2 all
  OpenStack Load Balancer as a Service - Driver Agent

odbc-mariadb/stable 3.1.15-5 arm64
  ODBC driver for MariaDB

odbc-postgresql/stable 1:17.00.0004-2 arm64
  ODBC driver for PostgreSQL

ofono/stable 2.16-5 arm64
  Mobile telephony stack (daemon)

ofono-dev/stable 2.16-5 all
  Mobile telephony stack (development files)

ofono-scripts/stable 2.16-5 all
  Mobile telephony stack (test and maintenance script files)

oidc-agent-cli/stable 4.2.6-1.1+b2 arm64
  Commandline tool for obtaining OpenID Connect Access tokens on the commandline

okteta/stable 5:0.26.21-1 arm64
  hexadecimal editor for binary files

okteta-dev/stable 5:0.26.21-1 arm64
  Development files for Okteta

omniorb-doc/stable 4.3.3+ds1-1 arm64
  omniORB documentation and examples

oneko/stable 1.2.sakura.6-15+b1 arm64
  cat chases the cursor (now a mouse) around the screen

oomd/stable 0.5.0-1.2+b3 arm64
  userspace Out-Of-Memory (OOM) killer for Linux systems

opam/stable 2.3.0-1+deb13u1 arm64
  package manager for OCaml

opam-doc/stable 2.3.0-1+deb13u1 all
  package manager for OCaml (documentation)

open-iscsi/stable 2.1.11-1+deb13u2 arm64
  iSCSI initiator tools

openafs-dbserver/stable 1.8.13.2-1 arm64
  AFS distributed filesystem database server

openafs-fileserver/stable 1.8.13.2-1 arm64
  AFS distributed filesystem file server

openbox-kde-session/stable 3.6.1-12 all
  command line utility to run Openbox as KDE SC session

openexr/stable 3.1.13-2 arm64
  command-line tools for the OpenEXR image format

opengnb/stable 1.6.0.a-2 arm64
  P2P de-centralized layer 3 VPN

openhpi-plugin-snmp-bc/stable 3.8.0-2.3 arm64
  OpenHPI plugin module for IBM's BladeCenter or RSA over SNMP

openimageio-tools/stable 2.5.18.0+dfsg-1+b1 arm64
  Library for reading and writing images - command line tools

openipmi/stable 2.0.37-1 arm64
  Intelligent Platform Management Interface (for servers)

openmolcas/stable 25.02-2 arm64
  Quantum chemistry software package

openmotor/stable 0.6.0-3 all
  internal ballistics simulator for rocket motor experimenters

opennds/stable 10.3.1+dfsg-1 all
  manage access to public internet access

opennds-daemon/stable 10.3.1+dfsg-1 arm64
  manage access to public internet access (service daemon)

opennds-daemon-common/stable 10.3.1+dfsg-1 all
  manage access to public internet access (service helper scripts)

openqa-worker/stable 4.6.1732034221.ae34b08ff-2 all
  automatic Operating System testing framework (worker)

openresolv/stable 3.13.2-3 all
  management framework for resolv.conf

openslide-tools/stable 3.4.1+dfsg-7+deb13u1 arm64
  Manipulation and conversion tools for OpenSlide

opensp/stable 1.5.2-15.2 arm64
  OpenJade group's SGML parsing tools

openstack-cloud-services/stable 0.39 all
  Metapackage to install all Openstack service dependencies

openstack-cluster-installer/stable 43.0.10 all
  automatic PXE and puppet-master installer for OpenStack

openstack-cluster-installer-agent/stable 43.0.10 all
  automatic PXE and puppet-master installer for OpenStack - agent

openstack-cluster-installer-cli/stable 43.0.10 all
  automatic PXE and puppet-master installer for OpenStack - API client

openstack-cluster-installer-common/stable 43.0.10 all
  automatic PXE and puppet-master installer for OpenStack - agent

openstack-cluster-installer-live-image-builder/stable 43.0.10 all
  automatic PXE and puppet-master installer for OpenStack - live images

openstack-cluster-installer-openstack-ci/stable 43.0.10 all
  automatic PXE and puppet-master installer for OpenStack - PoC

openstack-cluster-installer-poc/stable 43.0.10 all
  automatic PXE and puppet-master installer for OpenStack - PoC

openstack-cluster-installer-utils/stable 43.0.10 all
  automatic PXE and puppet-master installer for OpenStack - utils

openstack-tempest-ci/stable 0.39 all
  validate OpenStack Debian packages using tempest and openstack-deploy

openswitcher/stable 0.10.0-1 all
  Control application for Blackmagic Design ATEM video switchers

openswitcher-proxy/stable 0.10.0-1 all
  Multi-protocol proxy for Blackmagic Design hardware

opensysusers/stable 0.7.3-5 all
  processes sysusers.d directory to create system users

openttd-data/stable 14.1-1 all
  common data files for the OpenTTD game

openvpn-dco-dkms/stable 0.0+git20241121-1 all
  DCO (Data-Channel Offload) kernel module for OpenVPN)

openvswitch-switch-dpdk/stable 3.5.0-1+b1 arm64
  DPDK enabled Open vSwitch switch implementation

openxr-layer-apidump/stable 1.1.47~ds-2 arm64
  OpenXR software development kit -- API dump layer

openxr-layer-corevalidation/stable 1.1.47~ds-2 arm64
  OpenXR software development kit -- validation layer

openzwave/stable 1.6.1914+ds2-3 arm64
  Sample Program for libopenzwave

opl3-soundfont/stable 1.0-4 all
  OPL3 SoundFont that simulates the sound of an OPL3 chip

optgeo/stable 2.25-4 arm64
  simulator for geometrical optics

orca-sops/stable 1.0.2-4 all
  simple orca plugin system

orphan-sysvinit-scripts/stable 0.21+deb13u2 all
  Orphaned System-V-like init scripts

os-autoinst/stable 4.6.1731418769.97d9a7fd-4 arm64
  automated testing of Operating Systems

osm2pgrouting/stable 2.3.8-3 arm64
  Tool to import OpenStreetMap data into a pgRouting database

osmo-libasn1c-dev/stable 0.9.38-1 arm64
  asn1c runtime code as shared library - development files

osmo-libasn1c1t64/stable 0.9.38-1 arm64
  asn1c runtime code as shared library

osmo-mgw/stable 1.14.0+dfsg1-2 arm64
  Osmocom's Media Gateway for 2G and 3G circuit-switched mobile networks

ostinato/stable 1.3.0-1+b2 arm64
  Packet/Traffic Generator and Analyzer

ostree/stable 2025.2-1 arm64
  content-addressed filesystem for operating system binaries

overlayroot/stable 0.18.debian14 all
  use an overlayfs on top of a read-only root filesystem

ovn-controller-vtep/stable 25.03.0-1 arm64
  OVN vtep controller

p0f/stable 3.09b-4+b1 arm64
  Passive OS fingerprinting tool

packagesearch/stable 2.10.1 arm64
  GUI for searching packages and viewing package information

pacman-package-manager/stable 7.0.0-1+b1 arm64
  Simple library-based package manager

pacvim/stable 1.1.1-1.1+b2 arm64
  pacman game concept with vim command

pan-tasks/stable 0.4 all
  PAN Blends tasks for tasksel

pango1.0-tests/stable 1.56.3-1 arm64
  Layout and rendering of internationalized text - installed tests

panicparse/stable 2.3.1-3 arm64
  Crash your app in style (compiled Go binaries)

papd/stable 4.2.3~ds-1+deb13u2 arm64
  AppleTalk Network Suite (PAP Print Server)

parafly/stable 0.1.0-5 arm64
  parallel command processing using OpenMP

parser3/stable 3.5.1-2 all
  Parser 3, HTML-embedded scripting language (metapackage)

parser3-cgi/stable 3.5.1-2 arm64
  Parser 3, HTML-embedded scripting language (CGI binary)

parser3-common/stable 3.5.1-2 all
  Common files for packages built from the Parser 3 source

parser3-dev/stable 3.5.1-2 all
  Files for Parser 3 module development

parser3-mysql/stable 10.9-1 arm64
  MySQL driver for Parser 3

parsyncfp2/stable 2.59+git20240307.8bcd266-2 all
  Multihost parallel rsync wrapper

pasystray/stable 0.8.2-1+b2 arm64
  PulseAudio controller for the system tray

patool/stable 4.0.0-1 all
  command line archive file manager

pcaputils/stable 0.8-2 arm64
  specialized libpcap utilities

pcb-rnd-core/stable 3.1.6-1 arm64
  pcb-rnd executable with the core functionality

pcf2bdf/stable 1.07-1+b1 arm64
  convert X11 font from PCF to BDF format

pcl-tools/stable 1.15.0+dfsg-2 arm64
  Point Cloud Library - point cloud processing tools

pcmanfm/stable 1.4.0-1 arm64
  extremely fast and lightweight file manager

pcp-doc/stable 6.3.8-1 all
  Documentation and tutorial for the Performance Co-Pilot

pcp-gui/stable 6.3.8-1 arm64
  Visualisation tools for the Performance Co-Pilot toolkit

pcre2-utils/stable 10.46-1~deb13u1 arm64
  New Perl Compatible Regular Expression Library - utilities

pd-bsaylor/stable 0.1.5-3+b1 arm64
  library of FFT-based Pd objects by Ben Saylor

pd-hcs/stable 0.2.1-4+b1 arm64
  Pd library of experiments in UNIX, the Pd GUI, and more

pd-libdir/stable 1.11-9 arm64
  provides support for the libdir library format for Pd

pd-lua/stable 0.12.23+ds-1 arm64
  Lua bindings for Pure Data

pd-rtclib/stable 4.1-5 all
  Real Time Composition Library for Pure Data (Pd)

pd-sigpack/stable 0.46.0-2+b1 arm64
  signal processing effects library for Pd

pd-unauthorized/stable 0.1-9 arm64
  library of Pd objects for streaming and GUI control

pd-wiimote/stable 0.3.2-9+b1 arm64
  Pd object for accessing the wiimote controller

pd-xbee/stable 0.1~svn17672-9 arm64
  interfacing with your XBee from within Pure Data (Pd)

pd.build-cmake-module/stable 0.1.1~ds1-5 all
  Pure Data CMake Module

pdb-tools/stable 2.5.1-2 all
  tools for manipulating and editing PDB files

pdfposter/stable 0.8.1-4 all
  scale and tile PDF images/pages to print on multiple pages

pdns-server/stable 4.9.16-0+deb13u1 arm64
  extremely powerful and versatile nameserver

perforate/stable 1.2-6 arm64
  Utilities to save disk space

perl-debug/stable 5.40.1-6 arm64
  debug-enabled Perl interpreter

perl-depends/stable 2016.1029+git8f67695-3 all
  rough indicator of Perl module dependencies

perl-modules-5.40/stable,now 5.40.1-6 all [installed,automatic]
  Core Perl modules

perl-tk/stable 1:804.036+dfsg1-5 arm64
  Perl module providing the Tk graphics library

perlbrew/stable 1.01-1 all
  script to manage perl installations in your $HOME

perlindex/stable 1.606-6 all
  Perl manual pages index and query application

perltidy/stable 20250105-1 all
  Perl script indenter and reformatter

persepolis/stable 5.1.1-1 all
  Graphical download manager

petsc-dev/stable 3.22.5+dfsg1-2 all
  Virtual package depending on latest PETSc development package

petsc3.22-doc/stable 3.22.5+dfsg1-2 all
  Documentation and examples for PETSc

petsc64-dev/stable 3.22.5+dfsg1-2 all
  Virtual package depending on latest 64-bit PETSc development package

pexec/stable 1.0~rc8-7 arm64
  Executing commands in parallel

pg-activity/stable 3.6.0-1 all
  Realtime PostgreSQL database server monitoring tool

pgbackrest-doc/stable 2.55.1-1 all
  Documentation package for pgbackrest

pgbadger/stable 13.1-1 all
  Fast PostgreSQL log analysis report

pgpdump/stable 0.36-1+b1 arm64
  PGP packet visualizer

phalanx/stable 25-1.1 arm64
  Chess playing program

phcpack/stable 2.4.90+dfsg-2 arm64
  general-purpose solver for polynomial systems (command line)

phcpack-doc/stable 2.4.90+dfsg-2 all
  general-purpose solver for polynomial systems (documentation)

phonon4qt5/stable 4:4.12.0-5 arm64
  multimedia framework from KDE using Qt 5 - metapackage

phonon4qt5-backend-null/stable 4:4.12.0-5 arm64
  multimedia framework from KDE using Qt 5 - null back-end (no real back-end)

phonon4qt6/stable 4:4.12.0-5 arm64
  multimedia framework from KDE using Qt 6 - metapackage

phonon4qt6-backend-null/stable 4:4.12.0-5 arm64
  multimedia framework from KDE using Qt 6 - null back-end (no real back-end)

phosh-games/stable 46.1 all
  games for the GNOME/Phosh mobile environment

php-codecoverage/stable 11.0.9+dfsg-1 all
  collection, processing, and rendering for code coverage

php-composer-pcre/stable 3.3.2-3 all
  PCRE wrapping library that offers type-safe preg_* replacements

php-datto-json-rpc-http/stable 5.0.6-4 all
  HTTP client and server for JSON-RPC 2.0

php-db/stable 1.12.2-1 all
  Database Abstraction Layer

php-doctrine-orm/stable 3.3.3+dfsg-1 all
  tool for object-relational mapping

php-file-iterator/stable 5.1.0-4 all
  FilterIterator implementation for PHP

php-google-protobuf/stable 3.21.12-11+deb13u1 all
  PHP bindings for protocol buffers

php-invoker/stable 5.0.1-2 all
  Invoke callables with a timeout

php-kissifrot-php-ixr/stable 1.8.5-1 all
  Incutio XML-RPC library (IXR)

php-libvirt-php/stable 0.5.8-7 all
  libvirt bindings for PHP

php-libvirt-php-all-dev/stable 0.5.8-7 all
  libvirt bindings for PHP

php-mariadb-mysql-kbs/stable 1.3.0-2 all
  Knowledge base about MariaDB and MySQL server variables

php-mcrypt/stable 3:1.0.7-5 all
  PHP bindings for the libmcrypt library

php-mcrypt-all-dev/stable 3:1.0.7-5 all
  PHP bindings for the libmcrypt library

php-phpmyadmin-motranslator/stable 5.4.0-1 all
  translation API for PHP using Gettext MO files

php-ps/stable 1.4.4++-4 all
  ps module for PHP

php-ps-all-dev/stable 1.4.4++-4 all
  ps module for PHP

php-solr/stable 2.8.1-1 all
  PHP extension for communicating with Apache Solr server

php-solr-all-dev/stable 2.8.1-1 all
  PHP extension for communicating with Apache Solr server

php-symfony-phpunit-bridge/stable 6.4.41+dfsg-0+deb13u1 all
  integration for PHPUnit with Symfony Components

php-symfony-security-acl/stable 3.3.4-4 all
  Symfony Security Component - ACL (Access Control List)

php-text-figlet/stable 1.0.2-5 all
  Engine for use FIGlet fonts to rendering text

php-text-template/stable 4.0.1-4 all
  Simple template engine

php-timer/stable 7.0.1-4 all
  Utility class for timing

php-voku-portable-ascii/stable 2.0.3-1 all
  Portable ASCII library - performance optimized (ascii) string functions for

php-wmerrors/stable 2.0.0-2 arm64
  PHP extension that enhances and customizes handling of PHP errors

php-xmlrpc/stable 3:1.0.0~rc3-10 all
  XML-RPC servers and clients functions for PHP

php-xmlrpc-all-dev/stable 3:1.0.0~rc3-10 all
  XML-RPC servers and clients functions for PHP

php-zeta-base/stable 1.9.4-2 all
  Zeta Components - Base package

php-zeta-console-tools/stable 1.7.5-2 all
  Zeta Components - ConsoleTools package

php-zeta-unit-test/stable 1.2.6-1 all
  Zeta Components - UnitTest package

php8.4/stable 8.4.23-1~deb13u1 all
  server-side, HTML-embedded scripting language (metapackage)

php8.4-libvirt-php/stable 0.5.8-7 arm64
  libvirt bindings for PHP

php8.4-mcrypt/stable 3:1.0.7-5 arm64
  PHP bindings for the libmcrypt library

php8.4-ps/stable 1.4.4++-4 arm64
  ps module for PHP

php8.4-pspell/stable 3:1.0.1-3 arm64
  This package provides the pspell module(s) for PHP

php8.4-solr/stable 2.8.1-1 arm64
  PHP extension for communicating with Apache Solr server

php8.4-xmlrpc/stable 3:1.0.0~rc3-10 arm64
  XML-RPC servers and clients functions for PHP

phpunit/stable 11.5.19-1+deb13u1 all
  Unit testing suite for PHP

phpunit-cli-parser/stable 3.0.2-2 all
  Library for parsing CLI options

phpunit-code-unit/stable 3.0.3-1 all
  Collection of value objects that represent the PHP code units

phpunit-code-unit-reverse-lookup/stable 4.0.1-4 all
  look up what a line of code belongs to - PHPUnit component

phpunit-comparator/stable 6.3.1-3 all
  functionality to compare PHP values for equality - PHPUnit component

phpunit-complexity/stable 4.0.1-4 all
  Library for calculating the complexity of PHP code units

phpunit-diff/stable 6.0.2-4 all
  diff implementation - stand-alone component from PHPUnit

phpunit-environment/stable 7.2.0-4 all
  functionality to handle HHVM/PHP environments - PHPUnit component

phpunit-exporter/stable 6.3.0-5 all
  export variables for visualization - PHPUnit component

phpunit-global-state/stable 7.0.2-4 all
  snapshotting of global state - PHPUnit component

phpunit-lines-of-code/stable 3.0.1-4 all
  Library for counting the lines of code in PHP source code

phpunit-object-enumerator/stable 6.0.1-4 all
  enumerate all referenced objects - PHPUnit component

phpunit-object-reflector/stable 4.0.1-4 all
  reflection of object attributes - PHPUnit component

phpunit-recursion-context/stable 6.0.2-4 all
  recursively process PHP variables - PHPUnit component

phpunit-resource-operations/stable 3.0.4-1 all
  provide a list of PHP built-in functions that operate on resources

phpunit-type/stable 5.1.2-3 all
  Collection of value objects that represent the types of the PHP type system

phpunit-version/stable 5.0.2-2 all
  Library that helps with managing the version number of Git-hosted PHP projects

phylip/stable 1:3.697+dfsg-4+b1 arm64
  package of programs for inferring phylogenies

phylip-doc/stable 1:3.697+dfsg-4 all
  package of programs for inferring phylogenies (documentation)

phyml/stable 3:3.3.20220408-4+b1 arm64
  Phylogenetic estimation using Maximum Likelihood

phyx/stable 1.3.2+ds-1 arm64
  UNIX-style phylogenetic analyses on trees and sequences

pico-sdk-source/stable 2.1.1-1 all
  headers and libraries to write programs for RP2040-based devices

pid1/stable 0.1.3.1-2+b1 arm64
  signal handling and orphan reaping for Unix PID1 init processes

pidgin-extprefs/stable 0.7-4+b1 arm64
  extended preferences plugin for the instant messenger pidgin

pidgin-guifications/stable 2.16-3 arm64
  toaster popups for pidgin

pigx-rnaseq/stable 0.1.1-1 all
  pipeline for checkpointed and distributed RNA-seq analyses

pikopixel.app/stable 1.0-b10b-3+b2 arm64
  Pixel-art editor

pimd/stable 2.3.2-4+b2 arm64
  multicast routing daemon (PIMv2)

pinentry-doc/stable 1.3.1-2 all
  documentation for pinentry packages

pinfo/stable 0.6.13-2 arm64
  user-friendly console-based viewer for Info document files

piper/stable 0.8-1 all
  GTK application to configure gaming devices

pipx/stable 1.7.1-1 all
  execute binaries from Python packages in isolated environments

piu-piu/stable 1.0-1.1 all
  Horizontal scroller game in bash for cli.

pius/stable 3.0.0-8 all
  Tools to help before and after key-signing parties

pixelize/stable 2.0.0~git20220108.d1f9da9-1+b2 arm64
  Create an image consisting of many small images

pk4/stable 5+nmu1+b8 arm64
  make available the Debian source package producing the specified package

pkcs11-data/stable 0.7.4-2+b6 arm64
  Manage PKCS#11 data objects

pkcs11-dump/stable 0.3.4-1.1+b6 arm64
  Dump PKCS#11 token content

pkg-php-tools/stable 1.49 all
  various packaging tools and scripts for PHP packages

pkgsync/stable 1.28+nmu1 all
  automated package list synchronization

plasma-browser-integration/stable 6.3.4-2 arm64
  Chromium, Google Chrome, Firefox integration for Plasma (backend)

plasma-discover/stable 6.3.6-1 arm64
  Discover software management suite

plasma-gamemode/stable 0.0~git20240315.4d60358-1 arm64
  Plasma extension that monitors the current status of gamemode

plasmidid/stable 1.6.5+dfsg-2 arm64
  mapping-based, assembly-assisted plasmid identification tool

playerctl/stable 2.4.1-3 arm64
  utility to control media players via MPRIS

pluma-plugins/stable 1.27.0-3+b2 arm64
  set of plugins for pluma (metapackage)

pmount/stable 0.9.23-9 arm64
  mount removable devices as normal user

pmtools/stable 2.2.0-3 all
  Perl module tools

pmuninstall/stable 0.33-1 all
  script to uninstall modules installed from CPAN

pmw/stable 1:5.22-1+b1 arm64
  Philip's Music Writer

pngphoon/stable 1.3-3.1 arm64
  Creates a png file with the current phase of the moon

pngtools/stable 0.5~git20230507.177e87f-1 arm64
  series of tools for PNG (Portable Network Graphics) images

podget/stable 1.0.0-1 all
  Podcast aggregrator/downloader optimized for cron

podman-remote/stable 5.4.2+ds1-2+b2 arm64
  tool to manage containers and pods (remote CLI)

poke/stable 4.3+dfsg-1 arm64
  Extensible editor for structured binary data

polled-camera-tool/stable 1.12.0-14+b5 arm64
  Robot OS polled_camera package tool

polyphone/stable 2.2.0.20210109+dfsg1-3+b5 arm64
  cross-platform SoundFont editor

poppass-cgi/stable 3-6.2 all
  CGI script to interact with a poppassd server

popularity-contest/stable 1.78 all
  Vote for your favourite packages automatically

posterazor/stable 1.5.1-10+b2 arm64
  splits an image across multiple pages for assembly into a poster

postgresql-17-asn1oid/stable 1.6-2 arm64
  ASN.1 OID data type for PostgreSQL

postgresql-17-bgw-replstatus/stable 1.0.8-1 arm64
  report whether PostgreSQL node is master or standby

postgresql-17-pg-catcheck/stable 1.6.0-1 arm64
  Postgres system catalog checker

postgresql-17-pg-hint-plan/stable 1.7.0-1 arm64
  support for optimizer hints in PostgreSQL

postgresql-17-pg-qualstats/stable 2.1.1-1 arm64
  PostgreSQL extension to gather statistics about predicates.

postgresql-17-pg-track-settings/stable 2.1.2-4 all
  PostgreSQL extension tracking of configuration settings

postgresql-17-pg-wait-sampling/stable 1.1.8-1 arm64
  Extension providing statistics about PostgreSQL wait events

postgresql-17-pgaudit/stable 17.1-1 arm64
  PostgreSQL Audit Extension

postgresql-17-pgextwlist/stable 1.19-1 arm64
  PostgreSQL Extension Whitelisting

postgresql-17-pgfaceting/stable 0.2.0-4 all
  Faceted query acceleration for PostgreSQL using roaring bitmaps

postgresql-17-plproxy/stable 2.11.0-12 arm64
  database partitioning system for PostgreSQL 17

postgresql-17-plr/stable 1:8.4.7-3 arm64
  Procedural language interface between PostgreSQL and R

postgresql-17-pointcloud/stable 1.2.5-2 arm64
  PostgreSQL extension for storing point cloud (LIDAR) data

postgresql-17-semver/stable 0.40.0-2 arm64
  Semantic version number type for PostgreSQL

postgresql-17-slony1-2/stable 2.2.11-6 arm64
  replication system for PostgreSQL: PostgreSQL 17 server plug-in

postgresql-17-timescaledb/stable 2.19.3+dfsg-1+deb13u1 arm64
  time-series SQL database optimized for fast ingest and complex queries

postgresql-17-toastinfo/stable 1.5-2 arm64
  Show storage structure of varlena datatypes in PostgreSQL

postgresql-client-17/stable 17.10-0+deb13u1 arm64
  front-end programs for PostgreSQL 17

postgresql-client-common/stable 278 all
  manager for multiple PostgreSQL client versions

postgresql-common/stable 278 all
  PostgreSQL database-cluster manager

postgresql-filedump/stable 17.4-1 arm64
  Dump PostgreSQL files in human-readable form

postgresql-server-dev-17/stable 17.10-0+deb13u1 arm64
  development files for PostgreSQL 17 server-side programming

postsrsd/stable 1.10-2.2 arm64
  Sender Rewriting Scheme (SRS) lookup table for Postfix

powertop/stable 2.15-4 arm64
  diagnose issues with power consumption and management

pptpd/stable 1.5.0-1+b3 arm64
  PoPToP Point to Point Tunneling Server

pqiv/stable 2.13.2-1 arm64
  Powerful image viewer with minimal UI

printer-driver-hpcups/stable 3.22.10+dfsg0-8.1 arm64
  HP Linux Printing and Imaging - CUPS Raster driver (hpcups)

printer-driver-hpijs/stable 3.22.10+dfsg0-8.1 arm64
  HP Linux Printing and Imaging - printer driver (hpijs)

privacybrowser/stable 0.8-1 arm64
  web browser that respects your privacy

procinfo/stable 1:2.0.304-7+b1 arm64
  tools to display information from /proc and /sys

prodigal/stable 1:2.6.3-6+b1 arm64
  Microbial (bacterial and archaeal) gene finding program

profnet-bval/stable 1.0.22-8+b1 arm64
  neural network architecture for profbval

profnet-chop/stable 1.0.22-8+b1 arm64
  neural network architecture for profchop

profnet-con/stable 1.0.22-8+b1 arm64
  neural network architecture for profcon

profnet-isis/stable 1.0.22-8+b1 arm64
  neural network architecture for profisis

profnet-md/stable 1.0.22-8+b1 arm64
  neural network architecture for metadisorder

profnet-norsnet/stable 1.0.22-8+b1 arm64
  neural network architecture for norsnet

profnet-prof/stable 1.0.22-8+b1 arm64
  neural network architecture for profacc

profnet-snapfun/stable 1.0.22-8+b1 arm64
  neural network architecture for snapfun

profphd-net/stable 1.0.22-8+b1 arm64
  neural network architecture for profphd

prometheus-mqtt-exporter/stable 0.1.7-1+b18 arm64
  Prometheus exporter for metrics sent via MQTT topics

prometheus-snmp-exporter/stable 0.28.0-1+b5 arm64
  Prometheus exporter for SNMP-enabled devices

prosody-modules/stable 0.0~hg20250402.f315edc39f3d+dfsg-2 all
  Selection of community modules for Prosody

protobuf-c-compiler/stable 1.5.1-1 arm64
  Protocol Buffers C compiler (protobuf-c)

protobuf-compiler/stable 3.21.12-11+deb13u1 arm64
  compiler for protocol buffer definition files

provean/stable 1.1.5+ds-5 arm64
  Protein Variation Effect Analyzer

proxsmtp/stable 1.10-5+b2 arm64
  multi purpose SMTP Proxy

pscan/stable 1.3-1 arm64
  Format string security checker for C files

pscan-chip/stable 1.1-3+b3 arm64
  ChIP-based identifcation of TF binding sites

psf-unifont/stable 1:15.1.01-1 all
  PSF (console) version of GNU Unifont with APL support

psgml/stable 1.4.0-12.2 all
  Emacs major mode for editing SGML documents

psl/stable 0.21.2-1.1+b1 arm64
  Explore the Public Suffix List

pspp/stable 2.0.1-1+b1 arm64
  Statistical analysis tool

psychtoolbox-3-common/stable 3.0.19.14.dfsg1-1 all
  toolbox for vision research -- arch/interpreter independent part

psychtoolbox-3-dbg/stable 3.0.19.14.dfsg1-1 arm64
  toolbox for vision research -- debug symbols for binaries

psychtoolbox-3-lib/stable 3.0.19.14.dfsg1-1 arm64
  toolbox for vision research -- arch-specific parts

pullimap/stable 0.5.8-1 all
  Pull mails from an IMAP mailbox and deliver them via SMTP or LMTP

pulseaudio-equalizer/stable 17.0+dfsg1-2+b1 arm64
  Equalizer sink module for PulseAudio sound server

pulseaudio-module-bluetooth/stable 17.0+dfsg1-2+b1 arm64
  Bluetooth module for PulseAudio sound server

pulseaudio-module-gsettings/stable 17.0+dfsg1-2+b1 arm64
  GSettings module for PulseAudio sound server

pulseaudio-module-jack/stable 17.0+dfsg1-2+b1 arm64
  jackd modules for PulseAudio sound server

pulseaudio-module-lirc/stable 17.0+dfsg1-2+b1 arm64
  lirc module for PulseAudio sound server

pulseaudio-module-zeroconf/stable 17.0+dfsg1-2+b1 arm64
  Zeroconf module for PulseAudio sound server

puppet-module-alteholz-tdc/stable 0.0.2-3 all
  test-driven configuration for puppet

puppet-module-oci/stable 43.0.10 all
  automatic PXE and puppet-master installer for OpenStack - puppet module

pybuild-plugin-autopkgtest/stable 6.20250414 all
  pybuild autopkgtest test runner (metapackage)

pycodestyle/stable 2.12.1-2 all
  Python style guide checker (formerly called pep8)

pycoqc/stable 2.5.2+dfsg-4 all
  computes metrics and generates Interactive QC plots

pygopherd/stable 3.0.1-2 all
  Modular Multiprotocol Gopher/HTTP/WAP Server

pylama/stable 8.4.1-2 all
  code audit tool for Python in Python3

pylibtiff/stable 0.6.1-2 all
  wrapper to the libtiff library to Python using ctypes (command line utilities)

pyroman/stable 0.6.2-1.2 all
  Very fast firewall configuration tool

pytermgui/stable 7.7.3+dfsg-1 all
  Python TUI framework with multi-feature support

python-anyqt-doc/stable 0.2.0-4 all
  PyQt/PySide compatibility layer for Qt4/Qt5/Qt6.

python-async-property-doc/stable 0.2.2-2 all
  decorator for async properties (Documentation)

python-automaton-doc/stable 3.2.0-3 all
  friendly state machines - Python 3.x

python-babel-localedata/stable 2.17.0-1 all
  tools for internationalizing Python applications - locale data files

python-briefcase-doc/stable 0.3.22-2 all
  Convert Python project to native application(common documentation)

python-celery-doc/stable 5.5.2-2 all
  async task/job queue based on message passing (Documentation)

python-cloup-doc/stable 3.0.7-1 all
  Click with option groups (documentation)

python-cotyledon-doc/stable 1.7.3-3 all
  framework for defining long-running services - doc

python-cyclopts-doc/stable 3.12.0-2 all
  command line interface structure (common documentation)

python-dbutils-doc/stable 3.1.0-1 all
  documentation for the dbtools Python library

python-django-assets-doc/stable 2.0-6 all
  integrate webassets into Django applications (Documentation)

python-django-debug-toolbar-doc/stable 1:5.2.0-1 all
  Embedded debugging toolbar for Django projects (documentation)

python-django-extensions-doc/stable 4.1-1 all
  Useful extensions for Django projects (Documentation)

python-django-memoize-doc/stable 2.2.0+dfsg-6 all
  implementation of memoization technique for Django (common documentation)

python-django-phonenumber-field-doc/stable 8.1.0-1 all
  Model and form field for normalised phone numbers (Documentation)

python-django-registration-doc/stable 3.3-1 all
  User-registration application for Django (Documentation)

python-django-reversion-doc/stable 5.1.0-1 all
  Provides comprehensive version control facilities for Django (Documentation)

python-django-sitetree-doc/stable 1.18.0+dfsg-3 all
  site tree, menu and breadcrumbs navigation for Django (Documentation)

python-django-taggit-doc/stable 6.1.0-1 all
  simple tagging for Django (Documentation)

python-djangorestframework-spectacular-doc/stable 0.28.0-1 all
  OpenAPI 3 schema generation for Django REST framework (Documentation)

python-elasticsearch-doc/stable 8.17.2-2 all
  Python client for Elasticsearch (Documentation)

python-fonttools-doc/stable 4.57.0-1+deb13u1 all
  Converts OpenType and TrueType fonts to and from XML (Documentation)

python-fudge-doc/stable 1.1.1-2 all
  Python module for using fake objects for tests, documentation package

python-gabbi-doc/stable 3.0.0-3 all
  declarative HTTP testing library - doc

python-greenlet-dev/stable 3.1.0-1+b2 arm64
  Lightweight in-process concurrent programming - development files

python-greenlet-doc/stable 3.1.0-1 all
  Lightweight in-process concurrent programming - documentation

python-h5py-doc/stable 3.13.0-1 all
  documentation for h5py

python-link-grammar-examples/stable 5.12.5~dfsg-1 all
  CMU's link grammar parser (Python examples)

python-listparser-doc/stable 0.20-2 all
  Parse OPML, RDF+FOAF, and iGoogle subscription lists (documentation)

python-mbed-host-tests-doc/stable 1.4.4-11 all
  module and utilities to flash, reset and test Mbed Enabled devices (docs)

python-mbed-ls-doc/stable 1.6.2+dfsg-12 all
  mbed-ls library documentation

python-mock-doc/stable 5.2.0-1 all
  Mocking and Testing Library (Documentation)

python-moderngl-doc/stable 5.12.0-1 all
  Python 3 wrapper for OpenGL 3.3+ (documentation)

python-multipledispatch-doc/stable 1.0.0-1 all
  documentation for multipledispatch

python-natsort-doc/stable 8.0.2-2 all
  Natural sorting for Python (doc)

python-octavia-lib-doc/stable 3.8.0-2 all
  library to support Octavia provider drivers - doc

python-openslide-examples/stable 1.4.1-1 all
  Python examples for python-openslide and python3-openslide

python-oracledb-doc/stable 1.2.1-3 all
  Python driver for Oracle Database (documentation)

python-pandas-doc/stable 2.2.3+dfsg-9 all
  data structures for "relational" or "labeled" data - documentation

python-parfive-doc/stable 2.1.0-1 all
  documentation for the parfive Python library

python-paste-doc/stable 3.10.1-1 all
  tools for using a Web Server Gateway Interface stack - documentation

python-pecan-doc/stable 1.5.1-6 all
  WSGI object-dispatching web framework

python-periphery-doc/stable 2.4.1-1 all
  Peripheral I/O (Documentation)

python-petsc4py-doc/stable 3.22.4-1 all
  Python bindings for PETSc libraries: documentation and examples

python-pglast-doc/stable 7.7-1 all
  PostgreSQL Languages AST and statements prettifier (common documentation)

python-pkginfo-doc/stable 1.12.1.2-2 all
  Python module to query metadata from packages documentation

python-ppft-doc/stable 1.7.6.9+dfsg-2 all
  Distributed and parallel Python (documentation)

python-ptk-doc/stable 1.3.8+dfsg-3 all
  parser for Python with support for asynchronous input (documentation)

python-public-doc/stable 4.1.0-2 all
  @public decorator for adding names to _all_(common documentation)

python-pyfaidx-examples/stable 0.8.1.3-2 all
  example data for efficient random access to fasta subsequences for Python

python-pyfunceble-doc/stable 4.2.29.dev-1 all
  Check availability of domains, IPs or URLs (common documentation)

python-pynfft-doc/stable 1.3.2-11 all
  Python bindings for the NFFT3 library - Documentation

python-pyopencl-doc/stable 2025.1-1 all
  module to access OpenCL parallel computation API (documentation)

python-pystray-doc/stable 0.19.5-1 all
  Python library to create system tray icons (documentation)

python-pytest-dependency-doc/stable 0.5.1-5 all
  Manages dependencies of pytest test cases (common documentation)

python-releases-doc/stable 2.1.1-2 all
  Sphinx extension for changelog manipulation documentation

python-requests-mock-doc/stable 1.12.1-3 all
  mock out responses from the requests package - doc

python-sortedcollections-doc/stable 2.1.0-2 all
  Python documentation for Sorted Collections

python-sphinxcontrib.spelling-doc/stable 7.7.0-2 all
  Sphinx "spelling" extension (documentation)

python-staticconf-doc/stable 0.11.1-3 all
  Python library for loading and reading configuration (documentation)

python-stestr-doc/stable 4.1.0-3 all
  test runner similar to testrepository - doc

python-ulmo-doc/stable 0.8.8+dfsg1-8 all
  Simple & fast Python access to public hydrology & climatology data - docs

python-vcr-doc/stable 7.0.0-2 all
  record and replay HTML interactions (Documentation)

python-wheel-common/stable 0.46.1-2 all
  built-package format for Python (command-line scripts)

python-wrapt-doc/stable 1.15.0-4 all
  decorators, wrappers and monkey patching. - doc

python-xarray-doc/stable 2025.03.1-8 all
  documentation for xarray

python-xmlschema-doc/stable 3.4.5-1 all
  documentation and examples for xmlschema

python3-aafigure/stable 0.6-3 all
  aafigure - ASCII art to image converter

python3-aioairzone/stable 1.0.0-1 all
  Asynchronous Python library for managing Airzone HVAC systems

python3-aioaseko/stable 1.0.0-2 all
  Async Python package for the Aseko Pool Live API

python3-aioelectricitymaps/stable 1.1.0-2 all
  Async Python client for interfacing with Electricity Maps API

python3-aioharmony/stable 0.2.10-2 all
  asyncio library for connecting to and controlling the Logitech Harmony

python3-aiojobs/stable 1.3.0-1 all
  Job scheduler for managing background tasks (asyncio)

python3-aiolifx/stable 1.0.6-3 all
  API for local communication with LIFX devices over a LAN with asyncio

python3-aiosignal/stable 1.3.2-1 all
  manage callbacks in asyncio projects

python3-aiostream/stable 0.5.2-2 all
  Generator-based operators for asynchronous iteration

python3-aiostreammagic/stable 2.11.0-2 all
  Async package for interfacing with Cambridge Audio streamers

python3-aiotankerkoenig/stable 0.5.0-1 all
  Fetch data from tankerkoenig.de asynchronously

python3-aiotask-context/stable 0.6.1-3 all
  Store context information inside the asyncio.Task object

python3-alabaster/stable 0.7.16-0.1 all
  Configurable sidebar-enabled Sphinx theme (Python 3)

python3-ament-index/stable 1.10.1-1 all
  Fast resource indexing for ROS 2 packages (Python 3 module)

python3-androidtvremote2/stable 0.1.1-2 all
  interacting with Android TV using the Android TV Remote protocol v2

python3-anosql/stable 1.0.1-3 all
  Manage your raw SQL Queries in an elegant manner

python3-anyjson/stable 0.3.3-5 all
  Common interface for the best available JSON implementation (Python3 version)

python3-anymarkup-core/stable 0.8.1-3 all
  Core library for the anymarkup Python package

python3-anyqt/stable 0.2.0-4 all
  PyQt/PySide compatibility layer for Qt4/Qt5/Qt6.

python3-apeye/stable 1.4.1-4 all
  Handy tools for working with URLs and APIs

python3-apkinspector/stable 1.3.2-2 all
  tool designed to analyse Android APK files

python3-apsystems-ez1/stable 2.3.0-2 all
  interface for interacting with the local API of APsystems EZ1 Microinverters

python3-arcp/stable 0.2.1-7 all
  (Archive and Package) URI parser and generator

python3-artifacts/stable 20230928-1 all
  knowledge base of forensic artifacts (Python 3)

python3-asdf-astropy/stable 0.7.1-1 all
  ASDF serialization support for astropy

python3-asteval/stable 1.0.6-2 all
  minimalistic evaluator of Python 3 expression using ast module

python3-astroid/stable 3.3.8-2 all
  rebuild a new abstract syntax tree from Python's AST (Python3)

python3-async-property/stable 0.2.2-2 all
  decorator for async properties (Python3 version)

python3-async-upnp-client/stable 0.44.0-1 all
  Asynchronous UPnP client library for Python

python3-augeas/stable 1.2.0-1 arm64
  Python3 bindings for Augeas

python3-autocommand/stable 2.2.2-3 all
  library to generate argparse parsers from function signatures

python3-automaton/stable 3.2.0-3 all
  friendly state machines - Python 3.x

python3-aws-xray-sdk/stable 0.95-4 all
  AWS X-Ray SDK for Python 3

python3-beaker/stable 1.13.0-1 all
  cache and session library for Python 3

python3-beancount/stable 3.1.0-3 arm64
  Double-entry accounting from text files - Python module

python3-beangrow/stable 1.0.0+git20250207-3 arm64
  Calculating portfolio returns for Beancount (Python 3)

python3-beangulp/stable 0.2.0-3 arm64
  Importers Framework for Beancount (Python 3)

python3-beanquery/stable 0.2.0-1 arm64
  Customizable lightweight SQL query tool (Python 3)

python3-bioregistry/stable 0.11.12-3 all
  community curated registry, meta-registry, and compact identifier resolver

python3-blazarnova/stable 7.0.0-2 all
  Nova scheduler filter used for the host reservation feature

python3-borgstore/stable 0.3.0-2 all
  Simple key/value store implementation in Python

python3-bornagain/stable 22~git20250325170646.93042f5+ds3-3 arm64
  Simulate and fit X-ray and neutron GISAS -- Python3

python3-briefcase/stable 0.3.22-2 all
  Convert Python project to native application

python3-bsblan/stable 2.2.5-1 all
  Asynchronous client for monitoring and controlling BSBLan devices

python3-bst-external/stable 0.30.0-1 all
  external plugins for BuildStream toolset

python3-bthome-ble/stable 3.13.1-1 all
  BLE parser for sensors supporting BTHome format

python3-buildstream/stable 1.6.9-2 all
  Python library for BuildStream toolset

python3-cctbx/stable 2024.10+ds2+~3.22.1+ds1-5 arm64
  Python Toolbox for crystallography

python3-celery/stable 5.5.2-2 all
  async task/job queue based on message passing (Python3 version)

python3-cherrypy3/stable 18.10.0-1 all
  Python web development framework - Python 3 module

python3-clap/stable 0.14.0-3 all
  command line arguments parser

python3-clint/stable 0.5.1-4 all
  Python Command-line Application Tools

python3-cloup/stable 3.0.7-1 all
  Click with option groups

python3-colorclass/stable 2.2.2-7 all
  ANSI color text library for Python

python3-colour/stable 0.1.5-4 all
  converts and manipulates various color representation - Python 2.X

python3-compizconfig/stable 2:0.8.18-3+b1 arm64
  Compizconfig bindings for python3

python3-compyle/stable 0.8.1-11 all
  Execute a subset of Python on HPC platforms

python3-cooler/stable 0.10.3-1 arm64
  library for a sparse, compressed, binary persistent storage

python3-cooler-examples/stable 0.10.3-1 all
  library for a sparse, compressed, binary persistent storage (examples)

python3-cotyledon/stable 1.7.3-3 all
  framework for defining long-running services - Python 3.x

python3-covdefaults/stable 2.3.0-3 all
  coverage plugin to provide sensible default settings

python3-cpl/stable 0.7.4-4+b3 arm64
  Control pipeline recipes from the ESO (Python3)

python3-cpuset/stable 1.6.2-2 all
  manipluation of cpusets and provides higher level fun - Python 3.x

python3-crccheck/stable 1.3.0-1 all
  implementation of 170+ CRC algorithms for Python 3

python3-crispy-bootstrap5/stable 2024.2-1 all
  Bootstrap5 template pack for django-crispy-forms (Python3 version)

python3-cups/stable 2.0.4-2+b2 arm64
  Python3 bindings for CUPS

python3-cyclopts/stable 3.12.0-2 all
  Command line interface structure

python3-dartpy/stable 6.13.2+ds-3+b1 arm64
  Kinematics Dynamics and Optimization Library - DART Python bindings

python3-datalad-next/stable 1.5.0-1 all
  DataLad extension for new features and improved user experience

python3-dataproperty/stable 1.1.0-1 all
  Python library for extracting detailed properties from data

python3-dbutils/stable 3.1.0-1 all
  tools for providing connections to a database (Python 3)

python3-debconf/stable 1.5.91 all
  interact with debconf from Python 3

python3-debian/stable 1.0.1 all
  Python 3 modules to work with Debian-related data formats

python3-dendropy/stable 4.6.1-2 all
  DendroPy Phylogenetic Computing Library (Python 3)

python3-depinfo/stable 2.2.0-3 arm64
  retrieve and print Python 3 package dependencies

python3-dijitso/stable 2019.2.0~git20190418.c92dcb0-4 all
  distributed just-in-time building of shared libraries (Python 3)

python3-django-assets/stable 2.0-6 all
  integrate webassets into Django applications (Python3 version)

python3-django-axes/stable 5.39.0-6 all
  Keep track of failed login attempts in Django-powered sites

python3-django-axes-doc/stable 5.39.0-6 all
  Keep track of failed login attempts in Django - documentation

python3-django-dbconn-retry/stable 0.1.8-1 all
  reconnect on a failed database (Python3 version)

python3-django-debug-toolbar/stable 1:5.2.0-1 all
  Embedded debugging toolbar for Django projects (Python 3 version)

python3-django-extensions/stable 4.1-1 all
  Useful extensions for Django projects (Python 3 version)

python3-django-health-check/stable 3.18.3-1 all
  Checks for various conditions and provides reports

python3-django-markupfield/stable 2.0.1-2 all
  custom Django field for easy use of markup in text fields (Python3 version)

python3-django-memoize/stable 2.2.0+dfsg-6 all
  implementation of memoization technique for Django (Python 3)

python3-django-phonenumber-field/stable 8.1.0-1 all
  Model and form field for normalised phone numbers (Python 3 version)

python3-django-picklefield/stable 3.3.0-1 all
  Pickled object field for Django (Python3 version)

python3-django-prometheus/stable 2.3.1-2 all
  Django middlewares to enable monitoring with Prometheus (Python 3)

python3-django-q/stable 1.7.4-2 all
  Django multiprocessing distributed task queue (Python 3 version)

python3-django-registration/stable 3.3-1 all
  User-registration application for Django (Python 3)

python3-django-rest-hooks/stable 1.6.0-5 all
  Add webhook subscriptions to Django apps (Python3 version)

python3-django-reversion/stable 5.1.0-1 all
  Provides comprehensive version control facilities for Django (Python3 version)

python3-django-sass-processor/stable 1.4.1-1 all
  compile files from markup languages such as SASS/SCSS

python3-django-sitetree/stable 1.18.0+dfsg-3 all
  site tree, menu and breadcrumbs navigation for Django (Python3 version)

python3-django-taggit/stable 6.1.0-1 all
  simple tagging for Django (Python 3)

python3-djangorestframework-spectacular/stable 0.28.0-1 all
  OpenAPI 3 schema generation for Django REST framework (Python3 version)

python3-dnspython/stable 2.7.0-1 all
  DNS toolkit for Python 3

python3-domdf-python-tools/stable 3.10.0-1 all
  Helpful functions for Python

python3-easygui/stable 0.98.1-4 all
  module for very simple, very easy GUI programming in Python3

python3-ecasound/stable 2.9.3-4 all
  multitrack-capable audio recorder and effect processor (Python bindings)

python3-ecflow/stable 5.13.8-1 arm64
  Python3 libraries for ecFlow workflow tools

python3-editables/stable 0.5-2 all
  Python library for creating "editable wheels"

python3-elasticsearch/stable 8.17.2-2 all
  Python client for Elasticsearch (Python3 version)

python3-emoji/stable 2.14.1-1 all
  Emoji for Python

python3-energyzero/stable 2.1.1-2 all
  Fetches dynamic energy and gas prices from EnergyZero

python3-erfa/stable 2.0.1.5+ds-1+b1 arm64
  Python bindings for ERFA routines

python3-exchange-calendars/stable 4.10-1 all
  Python library for security exchange calendars

python3-extension-helpers/stable 1.2.0-1 arm64
  Utilities for building and installing packages

python3-faadelays/stable 2023.9.1-2 all
  Python package to access FAA airport status data

python3-febelfin-coda/stable 0.3.0-1 all
  Python module to parse CODA files (Belgium)

python3-flask-cors/stable 6.0.1-1 all
  Flask extension for handling CORS (Python 3)

python3-flask-talisman/stable 1.1.0-2 all
  HTTP security headers for Flask

python3-flexparser/stable 0.4-1 all
  Parsing using Python typing

python3-flor/stable 1.1.3-2 all
  efficient Bloom filter library (Python3 version)

python3-flox/stable 0.10.3-2 all
  GroupBy operations for dask.array

python3-flufl.testing/stable 0.8-2 all
  small collection of Python test helpers

python3-flux-led/stable 1.0.4-2 all
  Utility to control Zengge-manufactured LED devices

python3-fonttools/stable 4.57.0-1+deb13u1 arm64
  Converts OpenType and TrueType fonts to and from XML (Python 3 Library)

python3-friendly-traceback/stable 0.7.62+git20240811.d7dbff6-1.1 all
  Friendlier tracebacks in any language

python3-frozenlist/stable 1.6.0-1 arm64
  list-like structure which implements collections.abc.MutableSequence

python3-fscacher/stable 0.4.3-0.3 all
  caching results of operations on heavy file trees

python3-fudge/stable 1.1.1-2 all
  Python 3 module for using fake objects for tests

python3-fyta-cli/stable 0.7.2-2 all
  Library to access the FYTA API

python3-gabbi/stable 3.0.0-3 all
  declarative HTTP testing library - Python 3.x

python3-gardena-bluetooth/stable 1.4.3-1.1 all
  controlling gardena bluetooth enabled watering

python3-gavo-stc/stable 2.11+dfsg-2 all
  IVOA Space-Time-Coordinate (STC) library

python3-gitlike-commands/stable 0.3.0-1 all
  Python module for easily creating `git`-style subcommand handling

python3-glad/stable 2.0.2-0.1 all
  GL/GLES/EGL/GLX/WGL Loader-Generator (Python 3)

python3-glances-api/stable 0.9.0-1 all
  Client for interacting with Glances API

python3-gnucash/stable 1:5.10-0.1+b1 arm64
  Gnucash interface for Python

python3-goalzero/stable 0.2.2-2 all
  Library for interacting with Goal Zero Yeti devices via REST API

python3-gpiozero/stable 1.6.2-1+b1 arm64
  simple interface to everyday GPIO components used with Raspberry Pi (Python 3)

python3-gps/stable 3.25-5+deb13u1 arm64
  Global Positioning System - Python 3 libraries

python3-greenlet/stable 3.1.0-1+b2 arm64
  Lightweight in-process concurrent programming (python3)

python3-gridnet/stable 5.0.1-2 all
  Asynchronous client for NET2GRID devices

python3-growattserver/stable 1.7.0-1 all
  Retrieve PV information from the Growatt server

python3-gssapi/stable 1.9.0-1+b2 arm64
  Python 3 interface to GSSAPI

python3-gtsam/stable 4.2.0+dfsg-1+b4 arm64
  Factor graphs for sensor fusion in robotics

python3-h5py/stable 3.13.0-1 all
  general-purpose Python interface to hdf5

python3-h5py-mpi/stable 3.13.0-1+b1 arm64
  general-purpose Python interface to hdf5 (Python 3 MPI)

python3-h5py-serial/stable 3.13.0-1+b1 arm64
  general-purpose Python interface to hdf5 (Python 3 serial)

python3-hamcrest/stable 2.1.0-1 all
  Hamcrest framework for matcher objects (Python 3)

python3-hatasmota/stable 0.10.0-1 all
  Library for interacting with Tasmota devices via MQTT

python3-hatch-fancy-pypi-readme/stable 24.1.0-1 all
  Hatch metadata plugin for fancy PyPI READMEs

python3-hdf5plugin/stable 5.1.0-1 all
  Python library to make HDF5 compression filters usable from h5py

python3-hdf5plugin-doc/stable 5.1.0-1 all
  Python library to make HDF5 compression filters usable from h5py (documentation)

python3-hisat2/stable 2.2.1-5 all
  Python scripts accompanying hisat2

python3-home-assistant-bluetooth/stable 1.13.1-3 arm64
  Home Assistant Bluetooth Models and Helpers

python3-idasen/stable 0.12.0-2 all
  ikea IDÅSEN desk API and CLI

python3-idasen-ha/stable 2.6.2-2 all
  Home Assistant helper lib for the IKEA Idasen Desk integration

python3-igloohome-api/stable 0.1.0-2 all
  Library for interacting with igloohome's REST API

python3-imap-tools/stable 1.10.0+dfsg-1 all
  Work with email by IMAP

python3-immutabledict/stable 2.2.5-1 all
  immutable wrapper around dictionaries (fork of frozendict)

python3-imobiledevice/stable 1.3.0+git20250228-2 arm64
  Python 3 bindings for communicating with iPhone and other Apple device

python3-importlib-metadata/stable 8.7.0-1 all
  library to access the metadata for a Python package - Python 3.x

python3-inject/stable 5.3.0-1 all
  Python dependency injection framework

python3-iottycloud/stable 0.3.0-2 all
  Library to interact with iotty CloudApi

python3-israel-rail-api/stable 0.1.2-2 all
  Unofficial API wrapper for the Israeli Rail network

python3-jinja2/stable 3.1.6-1 all
  small but fast and easy to use stand-alone template engine

python3-jsonrpc-async/stable 2.1.2-3 all
  Compact JSON-RPC client library for asyncio

python3-jupyterlab-widgets/stable 8.1.5-6 all
  Interactive widgets - Jupyterlab extension (Python 3)

python3-kaitaistruct/stable 0.10-1 all
  Kaitai Struct declarative parser generator for binary data (python3)

python3-kgb/stable 7.2-1 all
  Utilities for spying on function calls in Python unit tests

python3-kiwisolver/stable 1.4.7-3+b1 arm64
  fast implementation of the Cassowary constraint solver - Python 3.X

python3-leaone-ble/stable 0.3.0-1 all
  Bluetooth parser for LeaOne devices

python3-led-ble/stable 1.1.7-1 all
  Control a wide range of LED BLE devices from Python

python3-ledger/stable 3.3.2-1+b5 arm64
  command-line double-entry accounting program (python3 extension)

python3-lesscpy/stable 0.15.1-0.2 all
  LessCss Compiler for Python 3.x

python3-libtiff/stable 0.6.1-2+b1 arm64
  wrapper to the libtiff library to Python using ctypes (Python 3 version)

python3-link-grammar/stable 5.12.5~dfsg-1+b3 arm64
  Carnegie Mellon University's link grammar parser (Python 3)

python3-listparser/stable 0.20-2 all
  Parse OPML, RDF+FOAF, and iGoogle subscription lists

python3-lttngust/stable 2.13.9-1 all
  LTTng 2.0 Userspace Tracer (Python 3 UST agent)

python3-luma.emulator/stable 1.4.0-3 arm64
  library provides a series of pseudo-display devices for luma.core

python3-luma.led-matrix/stable 1.7.0-1 arm64
  library interfacing LED matrix displays

python3-luma.oled/stable 3.10.0-1 arm64
  library interfacing OLED matrix displays

python3-lxml-html-clean/stable 0.4.4-1~deb13u1 all
  blocklist-based HTML cleaner

python3-matrix-nio/stable 0.25.2-1 all
  Python no-IO library for the matrix chat protocol - Python3 library

python3-matrix-nio-doc/stable 0.25.2-1 all
  Python no-IO library for the matrix chat protocol - documentation

python3-mbed-host-tests/stable 1.4.4-11 all
  module and utilities to flash, reset and test Mbed Enabled devices

python3-mbed-ls/stable 1.6.2+dfsg-12 all
  module listing mbed-enabled devices connected to host (Python 3)

python3-mechanize/stable 1:0.4.10+ds-4 all
  stateful programmatic web browsing

python3-metaconfig/stable 0.1.4a1-8 all
  Python ConfigParser bootstrapping library (Python3)

python3-meteireann/stable 2024.11.0-1 all
  Library for communication with Met Éireann Weather APIs

python3-meteofrance-api/stable 1.4.0-1 all
  Python client for Météo-France API

python3-miio/stable 0.5.12-3 all
  Python module for interfacing with Xiaomi appliances

python3-mill-local/stable 0.4.0-1 all
  Library for local communication with Gen 3 Mill heaters

python3-miniupnpc/stable 2.2.8-2+b2 arm64
  UPnP IGD client lightweight library Python 3 bindings

python3-mistral/stable 20.0.0-2+deb13u1 all
  OpenStack Workflow Service - Python libraries

python3-mistral-dashboard/stable 20.0.0-1 all
  OpenStack Workflow Service - dashboard plugin

python3-mistralclient/stable 1:5.4.0-2 all
  OpenStack Workflow as a Service client - Python 3.x

python3-ml-collections/stable 1.1.0-1 all
  collections designed for ML usecases

python3-mock/stable 5.2.0-1 all
  Mocking and Testing Library (Python3 version)

python3-moderngl/stable 5.12.0-1+b2 arm64
  Python 3 wrapper for OpenGL 3.3+

python3-mpi4py-fft/stable 2.0.6-2 arm64
  a Python package for computing Fast Fourier Transforms (FFTs) with MPI

python3-mpi4py-fft-doc/stable 2.0.6-2 all
  a Python package for computing Fast Fourier Transforms (FFTs) with MPI (docs)

python3-mrcfile/stable 1.5.4-2 all
  Python implementation of the MRC2014 file format

python3-msmb-theme/stable 1.2.0-4 all
  applies slight modifications to sphinx_rtd_theme (Python 3)

python3-multipledispatch/stable 1.0.0-1 all
  multiple dispatch in Python

python3-munkres/stable 1.1.4-3 all
  munkres algorithm for the Assignment Problem - Python 3 library

python3-mwoauth/stable 0.4.0-1 all
  Generic MediaWiki OAuth handshake helper.

python3-nanoget/stable 1.19.3-1 all
  extract information from Oxford Nanopore sequencing data and alignments

python3-nanoget-examples/stable 1.19.3-1 all
  example data for python3-nanoget (dealing with Oxford Nanopore data)

python3-natsort/stable 8.0.2-2 all
  Natural sorting for Python (Python3)

python3-netcdf4/stable 1.7.2-1+b5 arm64
  Python 3 interface to the netCDF4 (network Common Data Form) library

python3-nexpy/stable 1.0.10-1 all
  Python GUI to analyze NeXus data

python3-nipy-lib/stable 0.6.1-1+b4 arm64
  Analysis of structural and functional neuroimaging data (compiled modules)

python3-noise/stable 1.2.3-4+b8 arm64
  Perlin noise for image generation

python3-nvme/stable 1.13-2 all
  NVMe management library (transitional package)

python3-ocspbuilder/stable 0.10.2-3 all
  library for generating OCSP requests and responses (Python3 version)

python3-octavia-lib/stable 3.8.0-2 all
  library to support Octavia provider drivers - Python 3.x

python3-odp-amsterdam/stable 6.1.1-1 all
  Asynchronous Python client for Amsterdam open datasets

python3-ofxparse/stable 0.21-4 all
  parser for Open Financial Exchange (.ofx) format files

python3-olefile/stable,now 0.47-1 all [installed,automatic]
  Python module to read/write MS OLE2 files

python3-openimageio/stable 2.5.18.0+dfsg-1+b1 arm64
  Library for reading and writing images - Python bindings

python3-openslide/stable 1.4.1-1 arm64
  Python 3 wrapper for reading whole slide image files

python3-oracledb/stable 1.2.1-3+b6 arm64
  Python driver for Oracle Database (Python 3)

python3-oralb-ble/stable 0.18.0-3 all
  Bluetooth library for Oral-B devices

python3-os-collect-config/stable 13.1.0-5 all
  collect and cache metadata, run hooks on changes

python3-os-refresh-config/stable 13.1.0-3 all
  refresh system configuration of an OpenStack TripleO node

python3-oslo.rootwrap/stable 7.5.1-3 all
  allows fine filtering of shell commands to run as root - Python 3.x

python3-ovoenergy/stable 2.0.1-1 all
  Retrieve energy data from OVO's API

python3-package-smoke-test/stable 1.0-3 all
  simple import test for Python packages — Python 3

python3-pandas/stable 2.2.3+dfsg-9 all
  data structures for "relational" or "labeled" data

python3-pangolearn/stable 2022-07-09+dfsg-2 all
  store of the trained model for pangolin to access

python3-parfive/stable 2.1.0-1 all
  HTTP and FTP parallel file downloader for Python

python3-parso/stable 0.8.4-1 all
  Python parser that supports error recovery - Python 3.X

python3-paste/stable 3.10.1-1 all
  tools for using a Web Server Gateway Interface stack - Python 3.x

python3-pattern/stable 2.6+git20180818-4.1 all
  web mining module for Python 3

python3-pauvre/stable 0.2.3-4 all
  QC and genome browser plotting Oxford Nanopore and PacBio long reads

python3-pdbtools/stable 2.5.1-2 all
  tools for manipulating and editing PDB files (Python 3 package)

python3-pecan/stable 1.5.1-6 all
  WSGI object-dispatching web framework - Python 3.x

python3-periphery/stable 2.4.1-1 all
  Peripheral I/O (Python3 version)

python3-petsc4py/stable 3.22.4-1 all
  Python 3 bindings for PETSc libraries

python3-petsc4py-64-complex/stable 3.22.4-1 all
  Python 3 bindings for 64-bit PETSc libraries (complex numbers)

python3-petsc4py-64-complex3.22/stable 3.22.4-1 arm64
  Python 3 bindings for 64-bit PETSc 3.22 libraries (complex numbers)

python3-petsc4py-64-real/stable 3.22.4-1 all
  Python 3 bindings for 64-bit PETSc libraries (real numbers)

python3-petsc4py-64-real3.22/stable 3.22.4-1 arm64
  Python 3 bindings for 64-bit PETSc 3.22 libraries (real numbers)

python3-petsc4py-complex/stable 3.22.4-1 all
  Python 3 bindings for PETSc libraries (complex numbers)

python3-petsc4py-complex3.22/stable 3.22.4-1 arm64
  Python 3 bindings for PETSc 3.22 libraries (complex numbers)

python3-petsc4py-real/stable 3.22.4-1 all
  Python 3 bindings for PETSc libraries (real numbers)

python3-petsc4py-real3.22/stable 3.22.4-1 arm64
  Python 3 bindings for PETSc 3.22 libraries (real numbers)

python3-pg8000/stable 1.31.2-1 all
  Pure-Python PostgreSQL Driver (Python 3)

python3-pglast/stable 7.7-1 arm64
  PostgreSQL Languages AST and statements prettifier (Python 3)

python3-phcpy/stable 2.4.90+dfsg-2 arm64
  general-purpose solver for polynomial systems (Python)

python3-pipdeptree/stable 2.2.0-3 arm64
  display dependency tree of the installed Python 3 packages

python3-pkginfo/stable 1.12.1.2-2 all
  Python 3.x module to query metadata from packages

python3-plist/stable 2.6.0-2+b1 arm64
  Library for handling Apple binary and XML property lists - Python3 bindings

python3-polled-camera/stable 1.12.0-14 all
  Robot OS polled_camera package - Python 3

python3-powerfox/stable 1.2.1-2 all
  Asynchronous client for interfacing with Powerfox poweropti devices

python3-ppft/stable 1.7.6.9+dfsg-2 all
  Distributed and parallel Python

python3-pprofile/stable 2.1.0-2 all
  Line-granularity, deterministic and statistic Python 3 profiler

python3-procrunner/stable 2.3.3-2 all
  Versatile utility function to run external processes from Python

python3-progressbar/stable 2.5-4 all
  text progress bar library for Python (Python 3)

python3-proselint/stable 0.14.0-2 all
  Library and command-line prose linter utility (Python 3)

python3-protobuf/stable 3.21.12-11+deb13u1 arm64
  Python 3 bindings for protocol buffers

python3-proxmoxer/stable 2.2.0-1 all
  Python Wrapper for the Proxmox 2.x API (HTTP and SSH) (Python 3)

python3-psygnal/stable 0.11.1-2 all
  Fast Python callback/event system modeled after Qt Signals

python3-ptk/stable 1.3.8+dfsg-3 all
  parser for Python 3 with support for asynchronous input

python3-public/stable 4.1.0-2 all
  @public decorator for adding names to __all__

python3-py-aosmith/stable 1.0.12-1 all
  API Client for A O Smith iCOMM-enabled water heaters

python3-py17track/stable 2021.12.2-2 all
  Library for tracking packages with 17track.net

python3-pyatag/stable 0.3.7.1-2 all
  Asynchronous Python library for controlling Atag One thermostats

python3-pyatem/stable 0.10.0-1+b4 arm64
  Blackmagic Design ATEM video switchers (Python 3)

python3-pybotvac/stable 0.0.28-1 all
  Library for controlling Neato Botvac Connected vacuum robots

python3-pycec/stable 0.6.0-1 all
  Library for HDMI-CEC communication

python3-pycodestyle/stable 2.12.1-2 all
  Python style guide checker (formerly called pep8) - Python 3.x

python3-pycoolmasternet-async/stable 0.2.2-1 all
  Library to control CoolMasterNet HVAC bridges via asyncio

python3-pydantic-compat/stable 0.1.2-3 all
  Compatibility layer for pydantic v1/v2

python3-pyeconet/stable 0.1.28-1 all
  Interface to the unofficial EcoNet API

python3-pyecotrend-ista/stable 3.3.3-1 all
  Library for accessing ecotrend-ista API

python3-pyee/stable 13.0.0-1 all
  Python 3 port of node.js's EventEmitter to Python

python3-pyelftools/stable 0.32-1 all
  pure-python3 library for parsing ELF and DWARF

python3-pyfaidx/stable 0.8.1.3-2 all
  efficient random access to fasta subsequences for Python 3

python3-pyfavicon/stable 0.1.1+dfsg1-5 all
  Asynchronous favicon fetcher

python3-pyfunceble/stable 4.2.29.dev-1 all
  Check availability of domains, IPs or URLs

python3-pygti/stable 0.10.0-1 all
  Access public transport information in Hamburg, Germany

python3-pyicloud/stable 1.0.0-3 all
  wrapper to access iPhone and Calendar data in the iCloud

python3-pyipmi/stable 0.5.7-1 all
  Pure Python IPMI library

python3-pyjvcprojector/stable 1.1.2-1 all
  Library for controlling a JVC Projector over a network connection

python3-pykdtree/stable 1.4.1+ds-1+b1 arm64
  Fast kd-tree implementation with OpenMP-enabled queries (Python 3 version)

python3-pykulersky/stable 0.5.8-1 all
  Library to control Brightech Kuler Sky Bluetooth LED smart lamps

python3-pylabels/stable 1.2.1+repack-3 all
  python library for creating PDFs to print sheets of labels

python3-pylama/stable 8.4.1-2 all
  code audit library for Python in Python3

python3-pylaunches/stable 2.0.0-2 all
  Provides information on upcoming space launches

python3-pylint-django/stable 2.0.13-5+deb13u1 all
  Pylint plugin for analysing code using Django (Python 3)

python3-pylint-venv/stable 3.0.4-1 all
  Pylint hook to use same pylint with different virtual envs

python3-pylsp/stable 1.12.0-3 all
  Python implementation of the Language Server Protocol

python3-pylsp-black/stable 2.0.0-5 all
  Black plugin for the Python Language Server

python3-pylsp-jsonrpc/stable 1.1.2-1 all
  Python server implementation of the JSON RPC 2.0 protocol

python3-pymonoprice/stable 0.5-1 all
  Python API for controlling Monoprice 6-zone amplifier

python3-pynest2d/stable 5.0.0-3+b5 arm64
  Python bindings for libnest2d

python3-pynfft/stable 1.3.2-11+b2 arm64
  Python bindings for the NFFT3 library - Python 3

python3-pyogrio/stable 0.10.0+ds-4+b2 arm64
  Vectorized spatial vector file format I/O using GDAL/OGR

python3-pyopencl/stable 2025.1-1 arm64
  Python 3 module to access OpenCL parallel computation API

python3-pyperform/stable 1.86-3 all
  fast and convenient way to performance test functions and compare results

python3-pyqrcode/stable 1.2.1-4 all
  Python 3 module to generate QR Codes

python3-pyqt5.qwt/stable 1.02.02-2+b10 arm64
  Python version of the Qwt6 technical widget library (Python3)

python3-pyqt6.qtbluetooth/stable 6.9.0-2 arm64
  Python bindings for Qt 6 Bluetooth module

python3-pyqt6.qtnfc/stable 6.9.0-2 arm64
  Python bindings for Qt 6 NFC module

python3-pyranges/stable 0.0.111+ds-9 all
  2D representation of genomic intervals and their annotations

python3-pysignalclirestapi/stable 0.3.24-2 all
  Library for interacting with the Signal Messenger REST API

python3-pysma/stable 0.7.5-1.1 all
  Library to interface with an SMA Solar WebConnect module

python3-pysnmp4-mibs/stable 0.1.6-2 all
  MIBs for the Python SNMP library

python3-pystray/stable 0.19.5-1 all
  Python library to create system tray icons (Python 3)

python3-pysword/stable 0.2.8-2 all
  native Python reader module for the SWORD Project (Python 3)

python3-pytermgui/stable 7.7.3+dfsg-1 all
  Python TUI framework with multi-feature support

python3-pytest-dependency/stable 0.5.1-5 all
  Manages dependencies of pytest test cases (Python 3)

python3-pytest-emoji/stable 0.2.0-2 all
  Pytest plugin that adds emojis to your test result report (Python 3)

python3-pytest-timeout/stable 2.3.1-1 all
  Pytest plugin to abort hanging tests - Python 3.X

python3-pytest-xvfb/stable 3.0.0-3 all
  pytest plugin to run Xvfb for tests

python3-pyu2f/stable 0.1.5-4 all
  pure Python 3 U2F host library

python3-pyvesync/stable 2.1.18-1 all
  Library to manage VeSync compatible smart home devices

python3-pyvisa-sim/stable 0.6.0-3 all
  Simulated backend for PyVISA implementing TCPIP, GPIB, RS232, and USB resources

python3-qdarkstyle/stable 3.2.3+ds1-3 all
  Dark stylesheet for Python-based Qt applications

python3-qpack/stable 0.0.19-1+b5 arm64
  Python3 implementation of the QPack protocol

python3-rachiopy/stable 1.1.0-3 all
  Library to interface with Rachio irrigation system

python3-radiotherm/stable 2.1.0-3 all
  Client library for Wi-Fi thermostats sold by Radio Thermostat

python3-ratelimit/stable 2.2.1-2 all
  API rate limit decorator

python3-re-assert/stable 1.1.0-3 all
  show where your regex match assertion failed

python3-re2/stable 20240702-3+b1 arm64
  efficient, principled regular expression library, Python bindings

python3-reentry/stable 1.3.2-1 all
  plugin manager based on setuptools entry points (Python 3)

python3-regex/stable 0.1.20241106-1+b1 arm64
  alternative regular expression module (Python 3)

python3-releases/stable 2.1.1-2 all
  Sphinx extension for changelog manipulation (Python 3)

python3-renson-endura-delta/stable 1.7.2-1 all
  Library to interact with Renson Endura Delta units

python3-requests-mock/stable 1.12.1-3 all
  mock out responses from the requests package - Python 3.x

python3-requestsexceptions/stable 1.4.0-5 all
  import exceptions from bundled packages in requests. - Python 3.x

python3-rich/stable 13.9.4-1 all
  render rich text, tables, progress bars, syntax highlighting, markdown and more

python3-rjsmin/stable 1.2.0+dfsg1-2+b8 arm64
  javascript minifier written in Python - Python 3.x

python3-rlpycairo/stable 0.3.0-3 all
  plugin for the ReportLab PDF Toolkit.

python3-rokuecp/stable 0.19.5-1 all
  Library for communicating with Roku devices using the External Control Protocol

python3-romy/stable 0.0.10-2 all
  Library to control Wi-Fi enabled ROMY vacuum cleaners

python3-rope/stable 1.13.0-4 all
  Python 3 refactoring library

python3-rosettasciio/stable 0.7.1-2 arm64
  Reading and writing scientific file formats

python3-rstcheck/stable 6.2.4+~1.2.1-1 all
  Validator for reStructuredText documents with code blocks (Python 3 module)

python3-ruuvitag-ble/stable 0.1.2-2 all
  Handle RuuviTag BLE devices

python3-scalene/stable 1.5.51-1 arm64
  high-performance CPU and memory profiler for Python (Python 3)

python3-schedutils/stable 0.6-4+b2 arm64
  Linux scheduler Python bindings

python3-sdjson/stable 0.5.0-4 all
  single-dispatch JSON encoder for Python

python3-seafile/stable 9.0.13-1 all
  Python 3 bindings for the Seafile Client

python3-send2trash/stable 1.8.3-1 all
  Python module for sending file to trash natively

python3-setuptools-git/stable 1.2-3 all
  plugin for setuptools that enables git integration

python3-sh/stable 2.2.1-1 all
  Python 3 subprocess interface

python3-shamir-mnemonic/stable 0.3.0-1.1 all
  Shamir’s Secret-Sharing for Mnemonic Codes, an implementation of SLIP-0039

python3-shasta/stable 0.12.0-1+b3 arm64
  nanopore whole genome assembly (dynamic library)

python3-shasta-doc/stable 0.12.0-1 all
  nanopore whole genome assembly (documentation)

python3-showinfilemanager/stable 1.1.4-2 all
  Open the system file manager and optionally select files in it

python3-simplehound/stable 0.6-2 all
  Library to interface with the Sighthound Cloud API

python3-simplematch/stable 1.3-2 all
  Minimal, super readable string pattern matching for Python

python3-slow5/stable 0.7.0+dfsg-3+b6 arm64
  Python3 modul for reading & writing SLOW5 files

python3-smhi/stable 1.0.19-1 all
  Fetches weather forecast data from the Swedish weather institute

python3-snowballstemmer/stable 2.2.0-4 all
  Pure Python Snowball stemming library

python3-socksipychain/stable 2.1.2-2 all
  Python SOCKS/HTTP/SSL chaining proxy module

python3-somfy-mylink-synergy/stable 1.0.6-2 all
  Library to interact with Somfy MyLink hub using Synergy API

python3-sop/stable 0.5.1-2 all
  Framework for implementing the Stateless OpenPGP CLI in Python

python3-sortedcollections/stable 2.1.0-2 all
  Python 3 Sorted Collections

python3-soupsieve/stable 2.7-1 all
  modern CSS selector implementation for BeautifulSoup (Python 3)

python3-spf-engine/stable 3.1.0-2 all
  Sender Policy Framework (SPF) processing module

python3-sphinx-a4doc/stable 1.6.0-3 all
  Sphinx domain and autodoc for Antlr4 grammars

python3-sphinx-ablog/stable 0.11.12-6 all
  blogging with Sphinx

python3-sphinx-autobuild/stable 2024.10.03-1 all
  Automatically rebuild Sphinx documentation

python3-sphinxcontrib-github-alt/stable 1.2-2 all
  Sphinx extension to link to GitHub issues, PRs, commits and users

python3-sphinxcontrib-pecanwsme/stable 0.11.0-1 all
  documenting APIs built with Pecan and WSME - Python 3.x

python3-sphinxcontrib.jquery/stable 4.1-5 all
  extension to include jQuery on newer Sphinx releases

python3-sphinxcontrib.spelling/stable 7.7.0-2 all
  Sphinx "spelling" extension (Python 3)

python3-sqlalchemy/stable 2.0.40+ds1-1 all
  SQL toolkit and Object Relational Mapper for Python 3

python3-sqlalchemy-utc/stable 0.14.0-4 all
  SQLAlchemy type to store timezone aware datetime values

python3-srp/stable 1.0.22-2 all
  Secure Remote Password protocol implementation (Python 3)

python3-ssdeep/stable 3.4.1-2 arm64
  Python 3.x wrapper for the ssdeep piecewise hashing tool

python3-staticconf/stable 0.11.1-3 all
  Python library for loading and reading configuration (Python 3)

python3-stdio-mgr/stable 1.0.1-2 all
  Context manager for mocking/wrapping stdin/stdout/stderr

python3-stemmer/stable 2.2.0.1-2+b5 arm64
  Python 3 bindings for libstemmer - snowball stemming algorithms

python3-stestr/stable 4.1.0-3 all
  test runner similar to testrepository - Python 3.x

python3-tabledata/stable 1.3.4-1 all
  Python library for tabular data representation and manipulation

python3-taskipy/stable 1.14.1-1 all
  tasks runner for Python projects

python3-tdb/stable 2:1.4.13+samba4.22.10+dfsg-0+deb13u1 arm64
  Python3 bindings for TDB

python3-terminaltexteffects/stable 0.12.0+ds-2 all
  terminal visual effects engine, application

python3-tesla-powerwall/stable 0.5.2-2 all
  Library for interacting with Tesla Powerwall energy storage systems

python3-textdistance/stable 4.6.3-7 all
  Library for calculating distances between sequences

python3-tktreectrl/stable 2.0.2-5 all
  Tkinter-based wrapper for Tk TreeCtrl for Python 3

python3-traits/stable 6.4.3-2+b2 arm64
  Manifest typing and reactive programming for Python (Python 3)

python3-translate/stable 3.15.1-1 all
  Toolkit assisting in the localization of software (Python 3)

python3-treetime/stable 0.11.4-1 all
  inference of time stamped phylogenies and ancestral reconstruction (Python 3)

python3-ttconv/stable 1.1.1-2 all
  library and tool for converting timed text or subtitle formats

python3-ttls/stable 1.9.0-1 all
  Asynchronous requests to Twinkly LED devices

python3-uhashring/stable 2.3-2 all
  full featured consistent hashing python library compatible with ketama

python3-ulmo/stable 0.8.8+dfsg1-8 all
  Simple & fast Python 3 access to public hydrology & climatology data

python3-ultraheat-api/stable 0.5.7-2 all
  Reading usage data from the Landys & Gyr Ultraheat heat meter unit

python3-uno/stable 4:25.2.3-2+deb13u6 arm64
  Python-UNO bridge

python3-utidylib/stable 0.10-3 all
  Python wrapper for TidyLib

python3-uvcclient/stable 0.12.2-2 all
  Library for managing Ubiquiti UniFi Video Cameras

python3-vagrant/stable 1.1.0-2 all
  Python 3 bindings for interacting with Vagrant virtual machines

python3-vcr/stable 7.0.0-2 all
  record and replay HTML interactions

python3-vcstools/stable 0.1.42-9 all
  VCS/SCM Python source control library for svn, git, hg, and bzr (Python 3)

python3-vehicle/stable 2.2.2-2 all
  Asynchronous client for retrieving RDW vehicle information

python3-venv/stable 3.13.5-1 arm64
  venv module for python3 (default python3 version)

python3-virtualenv/stable 20.31.2+ds-1+deb13u1 all
  Python virtual environment creator

python3-vnlog/stable 1.40-1 all
  Toolkit to read/write/manipulate whitespace-separated ASCII logs

python3-watchdog/stable 6.0.0-1 all
  Python API and shell utilities to monitor file system events

python3-watchfiles/stable 0.24.0-1+b2 arm64
  Simple, modern and high performance file watching in Python

python3-wcmatch/stable 10.0-1 all
  Wildcard File Name matching library (Python 3)

python3-webcolors/stable 1.13-1 all
  python3 library of color names and value formats

python3-wheel/stable 0.46.1-2 all
  built-package format for Python

python3-wheezy.template/stable 3.2.1-1+b4 arm64
  a lightweight template library (Python 3 package)

python3-widgetsnbextension/stable 8.1.5-6 all
  Interactive widgets - Jupyter notebook extension (Python 3)

python3-wolf-comm/stable 0.0.47-1 all
  Library to communicate with Wolf SmartSet Cloud

python3-wrapt/stable 1.15.0-4+b1 arm64
  decorators, wrappers and monkey patching. - Python 3.x

python3-xarray/stable 2025.03.1-8 all
  N-D labeled arrays and datasets in Python 3

python3-xknx/stable 3.6.0-1 all
  library for the KNX protocol

python3-xmlschema/stable 3.4.5-1 all
  implementation of XML Schema for Python

python3-xstatic-angular-ui-router/stable 0.3.1.2-5 all
  Angular UI router XStatic support

python3-yamlfix/stable 1.17.0-4 all
  Simple opionated yaml formatter that keeps your comments

python3-yappi/stable 1.6.10-2+b1 arm64
  Yet Another Python Profiler - Python 3.x

python3-yt/stable 4.4.0-2+b1 arm64
  Framework for analyzing and visualizing simulation data (Python 3)

python3-yubiotp/stable 1.0.0.post1-2 all
  Low-level implementation of the YubiKey OTP algorithm in Python

python3-z3/stable 4.13.3-1 arm64
  theorem prover from Microsoft Research - Python 3 bindings

python3-zombie-telnetlib/stable 1.001 all
  copy of telnetlib that was removed from Python standard library

python3-zope.deprecation/stable 5.1-1 all
  Zope Deprecation Infrastructure

python3-zope.schema/stable 7.0.1-2 all
  zope.interface extension for defining data schemas

python3-zzzeeksphinx/stable 1.5.1-1 all
  Zzzeek's Sphinx layout and utilities

pyxplot/stable 0.9.2-14+b2 arm64
  data plotting program producing publication-quality output

pyxplot-doc/stable 0.9.2-14 all
  documentation for pyxplot data plotting program

q4wine/stable 1.3.13-1+b2 arm64
  Qt GUI for WINE

qbittorrent-nox/stable 5.1.0-2 arm64
  bittorrent client based on libtorrent-rasterbar (without X support)

qcat/stable 1.1.0-7 all
  demultiplexing Oxford Nanopore reads from FASTQ files

qcat-examples/stable 1.1.0-7 all
  demultiplexing Oxford Nanopore reads from FASTQ files (examples)

qemu-user/stable 1:10.0.11+ds-0+deb13u1 arm64
  QEMU user mode emulation (static binaries)

qemu-web-desktop/stable 25.04.05+ds1-1 arm64
  Remote desktop service with virtual machines in a browser (DARTS).

qfitsview/stable 4.3+dfsg-1 arm64
  FITS file viewer based on DPUSER

qml/stable 5.15.15+dfsg-3 arm64
  Qt 5 QML viewer

qml-module-buteo-profiles/stable 0.11.10-1 arm64
  Buteo Synchronization Framework (QML module)

qml-module-buteo-syncfw/stable 0.3-2+b2 arm64
  Buteo sync framework client - QML bindings

qml-module-gsettings1.0/stable 1.0.0-4 arm64
  QML (Qt5) Bindings for GSettings (transitional package)

qml-module-hfd/stable 0.2.3-1 arm64
  QML bindings for HFD Service

qml-module-org-kde-i18n-localedata/stable 5.116.0-1 arm64
  Advanced internationalization framework (locale data QML module)

qml-module-org-kde-quickcharts/stable 5.116.0-1 arm64
  Quick Charts

qml-module-org-kde-runnermodel/stable 5.116.0-1 arm64
  Used to write plugins loaded at runtime called "Runners".

qml-module-qtquick-shapes/stable 5.15.15+dfsg-3 arm64
  Qt 5 Qt Quick Shapes QML module

qml-qt6/stable 6.8.2+dfsg-7 arm64
  Qt 6 QML viewer

qml6-module-org-kde-i18n-localedata/stable 6.13.0-1 arm64
  Advanced internationalization framework (locale data QML module)

qml6-module-org-kde-quickcharts/stable 6.13.0-1 arm64
  Quick Charts - QML module

qml6-module-qtquick-shapes/stable 6.8.2+dfsg-7 arm64
  Qt 6 Quick Shapes QML module

qml6-module-qtquick3d-materialeditor/stable 6.8.2-5 arm64
  Qt 6 Quick 3D Material Editor QML module

qnetstatview/stable 1.5.8-2+b2 arm64
  Shows detailed listings of all TCP and UDP endpoints

qtchooser/stable 66-2+b1 arm64
  Wrapper to select between Qt development binary versions

qtermwidget-data/stable 2.1.0-1 all
  Terminal emulator widget for Qt 6 (data files)

quilt-el/stable 0.68-1 all
  simple Emacs interface of quilt

qxw/stable 20200708-2+b2 arm64
  advanced crossword construction tool

r-base/stable 4.5.0-3 all
  GNU R statistical computation and graphics system

r-base-dev/stable 4.5.0-3 all
  GNU R installation of auxiliary GNU R packages

r-bioc-alabaster.schemas/stable 1.6.0+ds-2 all
  Schemas for the Alabaster Framework

r-bioc-ballgown/stable 2.38.0+dfsg-2 all
  Flexible, isoform-level differential expression analysis

r-bioc-beachmat/stable 2.22.0+ds-3~deb13u1 arm64
  I/O for several formats storing matrix data

r-bioc-biocviews/stable 1.74.0-2 all
  Categorized views of R package repositories

r-bioc-decoupler/stable 2.12.0+dfsg-2 all
  infer biological activities from omics data

r-bioc-dnacopy/stable 1.80.0-2 arm64
  R package: DNA copy number data analysis

r-bioc-ggbio/stable 1.54.0-2 all
  Visualization tools for genomic data

r-bioc-go.db/stable 3.20.0-2 all
  annotation maps describing the entire Gene Ontology

r-bioc-hgu95a.db/stable 3.13.0-2 all
  Affymetrix Affymetrix HG_U95A Array annotation data (chip

r-bioc-matrixgenerics/stable 1.18.1-1 all
  S4 Generic Summary Statistic Functions that Operate on Matrix-Like Objects

r-bioc-multtest/stable 2.62.0-2 arm64
  Bioconductor resampling-based multiple hypothesis testing

r-bioc-qvalue/stable 2.38.0-2 all
  GNU R package for Q-value estimation for FDR control

r-bioc-rhdf5filters/stable 1.18.1+dfsg-1 arm64
  GNU R HDF5 compression filters

r-bioc-scaledmatrix/stable 1.14.0+dfsg-2 all
  creating a DelayedMatrix of scaled and centered values using GNU R

r-bioc-snpstats/stable 1.56.0+dfsg-2 arm64
  BioConductor SnpMatrix and XSnpMatrix classes and methods

r-bioc-sva/stable 3.54.0-2 arm64
  GNU R Surrogate Variable Analysis

r-cran-actuar/stable 3.3-5-1 arm64
  GNU R actuarial functions and heavy tailed distributions

r-cran-bh/stable 1.84.0-1 all
  (Virtual) GNU R package to provide BH

r-cran-biasedurn/stable 2.0.12-1 arm64
  GNU R Biased Urn model distributions

r-cran-cftime/stable 1.5.1-1 all
  Using CF-Compliant Calendars with Climate Projection Data

r-cran-covr/stable 3.6.4+dfsg-1+b1 arm64
  test coverage for GNU R packages

r-cran-curl/stable 6.2.1+dfsg-1 arm64
  GNU R modern and flexible web client for R

r-cran-cvst/stable 0.2-3-1 all
  GNU R fast cross-validation via sequential testing

r-cran-dendsort/stable 0.3.4+dfsg-2 all
  GNU R Modular Leaf Ordering Methods for Dendrogram Nodes

r-cran-dharma/stable 0.4.7-2 all
  Residual Diagnostics for Hierarchical (Multi-Level / Mixed) Regression Models

r-cran-dqrng/stable 0.3.2+dfsg-1+b1 arm64
  GNU R fast pseudo random number generators

r-cran-egg/stable 0.4.5-3 all
  GNU R extensions for 'ggplot2': custom geom, custom themes, plot

r-cran-farver/stable 2.1.2-1+b1 arm64
  GNU R high performance colour space manipulation

r-cran-fassets/stable 4023.85-2 all
  GNU R package for financial engineering -- fAssets

r-cran-fbasics/stable 4041.97-1 arm64
  GNU R package for financial engineering -- fBasics

r-cran-fbonds/stable 3042.78-4 all
  GNU R package for financial engineering -- fBonds

r-cran-fcopulae/stable 4022.85-1 arm64
  GNU R package for financial engineering -- fCopulae

r-cran-fextremes/stable 4032.84-1 all
  GNU R package for financial engineering -- fExtremes

r-cran-fgarch/stable 4033.92-1+b1 arm64
  GNU R package for financial engineering -- fGarch

r-cran-fimport/stable 4041.88-1 all
  GNU R package for financial engineering -- fImport

r-cran-fingerprint/stable 3.5.7-2+b2 arm64
  GNU R functions to operate on binary fingerprint data

r-cran-fmultivar/stable 4031.84-1 all
  GNU R package for financial engineering -- fMultivar

r-cran-fnonlinear/stable 4041.82-1 arm64
  GNU R package for financial engineering -- fNonlinear

r-cran-fontquiver/stable 0.2.1-4 all
  set of installed fonts for GNU R

r-cran-fportfolio/stable 4023.84-2 all
  GNU R package for financial engineering -- fPortfolio

r-cran-fregression/stable 4021.83-1 arm64
  GNU R package for financial engineering -- fRegression

r-cran-ftrading/stable 3042.79-3 all
  GNU R package for financial engineering -- fTrading

r-cran-funitroots/stable 4040.81-1+b1 arm64
  GNU R package for financial engineering -- fUnitRoots

r-cran-geoknife/stable 1.6.11+dfsg-1 all
  GNU R web-processing of large gridded datasets

r-cran-ggforce/stable 0.4.2-1+b1 arm64
  accelerating GNU R ggplot2

r-cran-ggplot2/stable 3.5.1+dfsg-1 all
  implementation of the Grammar of Graphics

r-cran-googledrive/stable 2.1.1-3 all
  GNU R interface to Google Drive

r-cran-goplot/stable 1.0.2-2 all
  GNU R visualization of functional analysis data

r-cran-gwidgets/stable 0.0-54.2-2 all
  gWidgets API for Toolkit-Independent, Interactive GUIs

r-cran-hardhat/stable 1.4.1+dfsg-1 all
  GNUR R construct modeling packages

r-cran-hsaur3/stable 1.0-15-1 all
  Handbook of Statistical Analyses Using R (3rd Edition)

r-cran-interp/stable 1.1-6-1+b1 arm64
  GNU R interpolation methods

r-cran-labelled/stable 2.14.0-1 all
  GNU R manipulating labelled data

r-cran-lazyeval/stable 0.2.2-1+b2 arm64
  GNU R lazy (non-standard) evaluation

r-cran-leiden/stable 0.4.3.1+dfsg-1 all
  GNU R implementation of Leiden clustering algorithm

r-cran-lifecycle/stable 1.0.4+dfsg-1 all
  manage the life cycle of your GNU R package functions

r-cran-lme4/stable 1.1-37-1 arm64
  GNU R package for linear mixed effects model fitting

r-cran-magic/stable 1.6-1-1 all
  GNU R create and investigate magic squares

r-cran-mclustcomp/stable 0.3.3-2+b1 arm64
  Measures for Comparing Clusters

r-cran-minerva/stable 1.5.10-1+b1 arm64
  Maximal Information-Based Nonparametric Exploration

r-cran-mixsqp/stable 0.3-54-1+b1 arm64
  Quadratic Programming for Estimation of Mixture Proportions

r-cran-msm/stable 1.8.2-1 arm64
  GNU R Multi-state Markov and hidden Markov models in continuous time

r-cran-permute/stable 0.9-7-1 all
  R functions for generating restricted permutations of data

r-cran-powerlaw/stable 1.0.0-1 all
  GNU R analysis of heavy tailed distributions

r-cran-proto/stable 1.0.0-3 all
  Prototype object-based programming

r-cran-publish/stable 2023.01.17-1 all
  GNU R format output of various routines

r-cran-quickjsr/stable 1.6.0-1 arm64
  GNU R Interface for the 'QuickJS' Lightweight 'JavaScript' Engine

r-cran-r.cache/stable 0.16.0-1 all
  R package: Fast and Light-Weight Caching of Objects and Results

r-cran-r.devices/stable 2.17.2+ds-1 all
  unified handling of graphics devices in R

r-cran-ratelimitr/stable 0.4.1-2 all
  Rate Limiting for GNU R

r-cran-rcppdist/stable 0.1.1-2+b1 arm64
  'Rcpp' Integration of Additional Probability Distributions

r-cran-rinside/stable 0.2.19-1 arm64
  GNU R package to embed R in C++ application

r-cran-rjags/stable 1:4-16-1 arm64
  R interface to the JAGS Bayesian statistics package

r-cran-rlinsolve/stable 0.3.2-1+b1 arm64
  Iterative Solvers for (Sparse) Linear System of Equations

r-cran-rmutil/stable 1.1.10-1+b1 arm64
  GNU R utilities for nonlinear regression and repeated measurements models

r-cran-rstanarm/stable 2.32.1-2+b1 arm64
  GNU R bayesian applied regression modeling via stan

r-cran-sessioninfo/stable 1.2.3-1 all
  R Session Information

r-cran-sftime/stable 0.2-0-6 all
  GNU R support for simple feature objects that have a time column

r-cran-sjlabelled/stable 1.2.0-1 all
  GNU R labelled data utility functions

r-cran-sjmisc/stable 2.8.10-1 all
  GNU R data and variable transformation functions

r-cran-spacefillr/stable 0.4.0-1 arm64
  Space-Filling Random and Quasi-Random Sequences

r-cran-stable/stable 1.1.6-1+b1 arm64
  GNU R probability functions and generalized regression models

r-cran-stabledist/stable 0.7-2-1 all
  GNU R package for stable distribution functions

r-cran-stars/stable 0.6-8-1 all
  scalable, spatiotemporal tidy arrays for GNU R

r-cran-survey/stable 4.4-2-2 arm64
  Analysis of Complex Survey Samples

r-cran-susier/stable 0.12.35+dfsg-1 all
  GNU R sum of single effects linear regression

r-cran-systemfonts/stable 1.2.1-1 arm64
  system native font finding for GNU R

r-cran-timedate/stable 4041.110-1 arm64
  GNU R package for financial engineering -- timeDate

r-cran-timeseries/stable 4041.111-1 all
  GNU R package for financial engineering -- timeSeries

r-cran-tokenizers/stable 0.3.0-1+b1 arm64
  GNU R fast, consistent tokenization of natural language text

r-cran-uniqtag/stable 1.0.1-1 all
  Abbreviate Strings to Short, Unique Identifiers

r-cran-v8/stable 6.0.2+dfsg-1 arm64
  Embedded JavaScript and WebAssembly Engine for R

r-cran-xml2/stable 1.3.8-1 arm64
  GNU R XML parser

r-mathlib/stable 4.5.0-3 arm64
  GNU R standalone mathematics library

r-other-curvefdp/stable 2.0-6 all
  estimation of confidence levels for peptide identifications

r-other-mott-happy.hbrem/stable 2.4-5+b1 arm64
  GNU R package for fine-mapping complex diseases

racon/stable 1.5.0-3+b2 arm64
  consensus module for raw de novo DNA assembly of long uncorrected reads

radvd/stable 1:2.20-1 arm64
  Router Advertisement Daemon

ragel/stable 6.10-5 arm64
  compiles finite state machines into code in various languages

rakarrack/stable 0.6.1-9+b1 arm64
  Simple and easy guitar effects processor for GNU/Linux

rake/stable 13.2.1-1 all
  ruby make-like utility

raku-getopt-long/stable 0.4.2-3 arm64
  Getopt implementation for Raku

rapiddisk/stable 9.2.0-1 arm64
  Linux RAM Drive and Caching kernel modules

rapiddisk-dkms/stable 9.2.0-1 all
  Linux RAM Drive and Caching kernel modules (DKMS)

raritan-json-rpc-doc/stable 4.3.0+ds-1 all
  Documentation for Raritan Xerus™ JSON-RPC SDK

ratfor/stable 1.07-1 arm64
  Rational Fortran preprocessor for Fortran 77

ratpoison/stable 1.4.9-1+b1 arm64
  keyboard-only window manager

rcs/stable 5.10.1-2 arm64
  The GNU Revision Control System

rdiff/stable 2.3.4-1.1+b1 arm64
  Binary diff tool for signature-based differences

reaver/stable 1.6.6-2+b2 arm64
  brute force attack tool against Wi-Fi Protected Setup PIN number

recoverdm/stable 0.20-9 arm64
  recover files on disks with damaged sectors

redeclipse/stable 1.6.0-2 arm64
  free, casual arena shooter

redfishtool/stable 1.1.5-3 all
  redfish command-line client

redmine-mysql/stable 6.0.5+ds-1 all
  metapackage providing MySQL dependencies for Redmine

redmine-pgsql/stable 6.0.5+ds-1 all
  metapackage providing PostgreSQL dependencies for Redmine

redmine-sqlite/stable 6.0.5+ds-1 all
  metapackage providing sqlite dependencies for Redmine

rekor/stable 1.3.9-1+b5 arm64
  Software Supply Chain Transparency Log (program)

reportbug/stable 13.2.0 all
  reports bugs in the Debian distribution

reportbug-gtk/stable 13.2.0 all
  reports bugs in the Debian distribution (GTK+ UI)

repro-env/stable 0.4.3-2+b2 arm64
  Dependency lockfiles for reproducible build environments

request-tracker5/stable 5.0.7+dfsg-4+deb13u3 all
  extensible trouble-ticket tracking system

resfinder/stable 4.4.2-2 all
  identify acquired antimicrobial resistance genes

resfinder-db/stable 0.0+git20220524.fa32d9a-1 all
  ResFinder database is a curated database of acquired resistance genes

resfinder-example/stable 4.4.2-2 all
  identify acquired antimicrobial resistance genes (example data)

resolvconf/stable 1.94 all
  name server information handler

resource-agents/stable 1:4.16.0-3+deb13u2 arm64
  Cluster Resource Agents

restic-rest-server/stable 0.13.0-2 arm64
  High performance HTTP server for Restic's REST backend API

restricted-ssh-commands/stable 0.4-1.1 all
  Restrict SSH users to a predefined set of commands

retroarch-assets/stable 1.20.0+dfsg-1 all
  RetroArch assets for Ozone, GLUI, RGUI and XMB

rexima/stable 1.4-9+b1 arm64
  simple ncurses/command-line mixer

riece/stable 9.0.0-11 all
  IRC client for Emacs

rig/stable 1.11-1.2 arm64
  Random identity generator

rlfe/stable 8.2-6 arm64
  Front-end using readline to "cook" input lines for other programs

rofi/stable 1.7.5-0.1+b2 arm64
  window switcher, run dialog and dmenu replacement

rootlesskit/stable 2.0.2-2+b9 arm64
  Linux-native "fake root" for rootless containers

roundcube-plugin-fail2ban/stable 1.3-1 all
  fail2ban plugin for Roundcube Webmail

roundcube-plugin-keyboard-shortcuts/stable 3.1-1 all
  keyboard_shortcuts plugin for Roundcube Webmail

roundcube-plugins/stable 1.6.16+dfsg-0+deb13u1 all
  skinnable AJAX based webmail solution for IMAP servers - plugins

route-rnd/stable 0.9.3-1 arm64
  external autorouter for pcb-rnd

rpmlint/stable 2.7.0-3 all
  RPM package checker

rsplib-all/stable 3.4.4-1.1+b2 arm64
  RSerPool implementation RSPLIB

rsplib-doc/stable 3.4.4-1.1 all
  documentation of the RSerPool implementation RSPLIB

rsplib-fgp-cfgfiles/stable 3.4.4-1.1 all
  RSerPool Fractal Generator Service example input files

rsplib-registrar/stable 3.4.4-1.1+b2 arm64
  RSerPool Registrar service

rsplib-services/stable 3.4.4-1.1+b2 arm64
  RSerPool example services

rsplib-tools/stable 3.4.4-1.1+b2 arm64
  RSerPool test tools

rstcheck/stable 6.2.4+~1.2.1-1 all
  Validator for reStructuredText documents with code blocks (CLI tool)

rsyslog-doc/stable 8.2504.0+dfsg-1+deb13u1 all
  documentation for rsyslog

rt5-apache2/stable 5.0.7+dfsg-4+deb13u3 all
  Apache 2 specific files for request-tracker5

rt5-clients/stable 5.0.7+dfsg-4+deb13u3 all
  mail gateway and command-line interface to request-tracker5

rt5-db-mysql/stable 5.0.7+dfsg-4+deb13u3 all
  MySQL database backend for request-tracker5

rt5-db-postgresql/stable 5.0.7+dfsg-4+deb13u3 all
  PostgreSQL database backend for request-tracker5

rt5-db-sqlite/stable 5.0.7+dfsg-4+deb13u3 all
  SQLite database backend for request-tracker5

rt5-doc-html/stable 5.0.7+dfsg-4+deb13u3 all
  HTML documentation for request-tracker5

rt5-fcgi/stable 5.0.7+dfsg-4+deb13u3 all
  External FastCGI support for request-tracker5

rt5-standalone/stable 5.0.7+dfsg-4+deb13u3 all
  Standalone web server support for request-tracker5

rtirq-init/stable 20150216-3 all
  startup script for realtime-preempt enabled kernels

rtorrent/stable 0.9.8-1.1+b1 arm64
  ncurses BitTorrent client based on LibTorrent from rakshasa

ruby-activejob/stable 2:7.2.2.2+dfsg-2~deb13u1 all
  job framework with pluggable queues (part of Rails)

ruby-acts-as-tree/stable 2.9.1-2 all
  simple tree behaviour to active_record models

ruby-amqp/stable 1.8.0-1 all
  feature-rich, asynchronous AMQP client

ruby-ascii85/stable 1.1.0-1 all
  Ruby library to encode/decode the Ascii85 format

ruby-aws/stable 2.10.2-5 all
  AWS Ruby Library for interfacing with Amazon Web Services

ruby-base64/stable 0.2.0-2 all
  support for encoding and decoding binary data using a Base64 representation

ruby-cssbundling-rails/stable 1.4.1-1 all
  Bundle and process CSS in Rails via Node.js

ruby-cucumber-core/stable 1.5.0-3 all
  core library for the Cucumber application

ruby-cutest/stable 1.2.1-2.1 all
  Run ruby tests independantly

ruby-daemons/stable 1.4.1-2 all
  Ruby daemons library

ruby-dbus/stable 0.16.0-1 all
  Ruby module for interaction with D-Bus

ruby-did-you-mean/stable 1.6.3-2 all
  smart error messages for Ruby > 2.3

ruby-diva/stable 2.0.1-1 all
  Implementation of expression for handling things for mikutter

ruby-ecasound/stable 2.9.3-4 all
  multitrack-capable audio recorder and effect processor (ruby bindings)

ruby-exception-notification/stable 4.0.1-1.1 all
  exception notification support for Rails and Rack apps

ruby-fog-core/stable 2.3.0-2 all
  shared classes and tests for fog providers and services

ruby-foreman/stable 0.88.1-1 all
  Process manager for applications with multiple components

ruby-gaffe/stable 1.2.0-2 all
  Gaffe handles Rails error pages in a clean, simple way

ruby-gettext/stable 3.4.9-1 all
  gettext for Ruby

ruby-github-linguist/stable 7.27.0-1+b5 arm64
  detection and highlight of the programming language of source code

ruby-growl/stable 4.1+dfsg-2 all
  Pure-Ruby Growl Notifier

ruby-gssapi/stable 1.2.0-1.1 all
  FFI wrapper around the system GSSAPI library

ruby-guard/stable 2.18.1-3 all
  Commandline to easily handle events on file system modifications

ruby-heapy/stable 0.2.0-2 all
  inspection tool for Ruby heap dumps

ruby-html2haml/stable 2.3.0-3 all
  Converts HTML into Haml

ruby-http-form-data/stable 2.3.0-1 all
  utility-belt to build form data request bodies

ruby-jekyll-include-cache/stable 0.2.1-1 all
  Jekyll plugin to cache the rendering of Liquid includes

ruby-jekyll-last-modified-at/stable 1.3.0-3 all
  indicate the last time a file was modified

ruby-jsonpath/stable 1.1.5-2 all
  Ruby implementation of JsonPath

ruby-kramdown-parser-gfm/stable 1.1.0-3 all
  kramdown parser for the GFM dialect of Markdown

ruby-levenshtein/stable 0.2.2-3+b6 arm64
  calculates the Levenshtein distance between two sequences

ruby-maxitest/stable 5.8.0-2 all
  Minitest + all the features you always wanted

ruby-memoizable/stable 0.4.2-3 all
  memoize method return values

ruby-metaclass/stable 0.0.4-1.1 all
  Ruby library adding a metaclass method to all Ruby objects

ruby-mysql2/stable 0.5.5-3+b4 arm64
  simple, fast MySQL library for Ruby

ruby-ncurses/stable 1.4.11-1+b2 arm64
  ruby extension for the ncurses C library

ruby-nio4r/stable 2.7.3-1+b2 arm64
  Ruby library providing a selector API for monitoring IO objects

ruby-octokit/stable 8.1.0-4 all
  Ruby toolkit for working with the GitHub API

ruby-ogginfo/stable 0.7.2-2.1 all
  Ruby library for accessing low-level information on ogg files

ruby-omniauth-alicloud/stable 3.0.0-2.1 all
  Omniauth strategy for AliCloud

ruby-paranoia/stable 3.0.0-1 all
  re-implementation of acts_as_paranoid for Rails 3

ruby-parse-cron/stable 0.1.4-1.1 all
  parse cron expressions and calculate next job occurrence

ruby-peek-pg/stable 1.3.0-3 all
  Take a peek into the Postgres queries made during your application's requests

ruby-peek-redis/stable 1.2.0-1.1 all
  Take a peek into the Redis calls made within your Rails application

ruby-prawn-svg/stable 0.32.0-1 all
  SVG renderer for Prawn PDF library

ruby-prof/stable 1.7.0-1+b2 arm64
  Fast Ruby profiler

ruby-puma-worker-killer/stable 0.3.1-4 all
  kill memory leaking puma workers

ruby-rack/stable 3.1.20-0+deb13u1 all
  modular Ruby webserver interface

ruby-rack-mobile-detect/stable 0.4.0-4.1 all
  rack middleware for ruby webapps to detect mobile devices

ruby-rails-propshaft/stable 1.1.0-3 all
  asset pipeline library for Rails

ruby-rbpdf/stable 1.21.3+dfsg-1 all
  Ruby library for PDF generation

ruby-rbpdf-font/stable 1.21.3+dfsg-1 all
  Ruby library for PDF generation (font definitions)

ruby-re2/stable 2.7.0-3 arm64
  Ruby bindings to re2

ruby-retriable/stable 3.1.2-1 all
  Retriable is an simple DSL to retry failed code blocks

ruby-roadie-rails/stable 3.3.0-2 all
  library for composing HTML email in Rails applications

ruby-rubygems/stable 3.6.7-2 all
  Package management framework for Ruby

ruby-sanitize/stable 7.0.0-1 all
  whitelist-based HTML sanitizer

ruby-scanf/stable 1.0.0-2 all
  Implementation of the C function scanf

ruby-scientist/stable 1.6.3-1 all
  Carefully test, measure, and track refactored code

ruby-settingslogic/stable 2.0.9-4 all
  simple settings solution for Ruby

ruby-settingslogic-doc/stable 2.0.9-4 all
  simple settings solution for Ruby (documentation)

ruby-sinatra-contrib/stable 4.1.1-5 all
  collection of useful extensions to the Sinatra web framework

ruby-socksify/stable 1.7.1+gh-1 all
  Redirect all TCPSockets through a SOCKS5 proxy

ruby-solve/stable 4.0.4-1 all
  Ruby version constraint solver implementing semantic versioning

ruby-standalone/stable 3.0~2 arm64
  Ruby interpreter that won't integrate with Debian packages

ruby-text-format/stable 1.0.0-5 all
  Ruby library for text formatting

ruby-webkit2-gtk/stable 4.2.2-2 all
  WebKitGTK+ bindings for the Ruby language

ruby-websocket-extensions/stable 0.1.5-2 all
  Generic extension manager for WebSocket connections

ruby-zentest/stable 4.11.0-2.1 all
  ZenTest provides 4 different tools: zentest, unit_diff, autotest, and multiruby

ruby-zip/stable 2.3.2-1 all
  Ruby module for reading and writing zip files

rulex-data/stable 3.8.6-1 all
  Russian pronunciation dictionary

runit-helper/stable,now 2.16.4 all [installed,automatic]
  dh-runit implementation detail

runit-services/stable 0.9.1+deb13u1 all
  UNIX init scheme with service supervision (services)

runsc/stable 0.0~20240729.0-4+b7 arm64
  gVisor container sandbox runtime

rustfilt/stable 0.2.1-2+b7 arm64
  Demangle Rust symbol names using rustc-demangle

rxvt-unicode/stable 9.31-3+b2 arm64
  RXVT-like terminal emulator with Unicode and 256-color support

rygel-playbin/stable 0.44.2-1 arm64
  GNOME UPnP/DLNA services - GStreamer Media Renderer plugin

s6/stable 2.13.1.0-1 arm64
  small and secure supervision software suite

s6-doc/stable 2.13.1.0-1 all
  small and secure supervision software suite (documentation)

sacad/stable 2.8.0-2 all
  Search and download music album covers

safecopy/stable 1.7-7+b1 arm64
  data recovery tool for problematic or damaged media

sail-codecs/stable 0.9.8-1+deb13u1 arm64
  SAIL common image codecs

sakura/stable 3.8.9-1 arm64
  simple but powerful libvte-based terminal emulator

sash/stable 3.8-7+b12 arm64
  Stand-alone statically linked shell

sasmodels-private-libs/stable 1.0.9-1 arm64
  Theoretical models for small angle scattering (compiled models)

sass-stylesheets-purecss/stable 3.0.0-1 all
  set of small, responsive Sass and CSS modules

savvy-util/stable 2.1.0-3 arm64
  conversion tool for SAV file format

sawfish/stable 1:1.11.90-1.2+b2 arm64
  window manager for X11

sawfish-data/stable 1:1.11.90-1.2 all
  sawfish architecture independent data

sbuild/stable 0.89.3+deb13u4 all
  Tool for building Debian binary packages from Debian sources

sbws/stable 1.9.0-2 all
  Simple Bandwidth Scanner for the Tor network

sc3-plugins-server/stable 3.13.0~repack-1+b2 arm64
  Compiled scsynth UGen plugins for SuperCollider

scanbd/stable 1.5.1-7+b2 arm64
  Scanner button daemon

sch-rnd-core/stable 1.0.8-3 arm64
  sch-rnd executable with the core functionality and boxsym-rnd

scid/stable 1:4.7.4+dfsg1-2.1 arm64
  chess database with play and training functionality

scid-data/stable 1:4.7.4+dfsg1-2.1 all
  data files for scid, the chess database application

science-config/stable 1.15 all
  Debian Science Project config package

science-highenergy-physics/stable 1.15 all
  Debian Science High Energy Physics packages

science-highenergy-physics-dev/stable 1.15 all
  Debian Science High Energy Physics development packages

science-machine-learning/stable 1.15 all
  Debian Science Machine Learning packages

science-tasks/stable 1.15 all
  Debian Science tasks for tasksel

scilab/stable 2024.1.0+dfsg-6+deb13u1 all
  Scientific software package for numerical computations

scilab-data/stable 2024.1.0+dfsg-6+deb13u1 all
  Scientific software package for numerical computations (data files)

scilab-doc/stable 2024.1.0+dfsg-6+deb13u1 all
  Scientific software package (English documentations)

scilab-doc-fr/stable 2024.1.0+dfsg-6+deb13u1 all
  Scientific software package (French documentation)

scilab-doc-ja/stable 2024.1.0+dfsg-6+deb13u1 all
  Scientific software package (Japanese documentation)

scilab-doc-pt-br/stable 2024.1.0+dfsg-6+deb13u1 all
  Scientific software package (Brazilian Portuguese documentation)

scilab-full-bin/stable 2024.1.0+dfsg-6+deb13u1 arm64
  Scientific software package for numerical computations (all binary files)

scilab-include/stable 2024.1.0+dfsg-6+deb13u1 arm64
  Scientific software package for numerical computations (include files)

scilab-minimal-bin/stable 2024.1.0+dfsg-6+deb13u1 arm64
  Scientific software package for numerical computations (minimal binary files)

scilab-test/stable 2024.1.0+dfsg-6+deb13u1 all
  Scientific software package for numerical computations (test files)

scmail/stable 1.3-4.1 all
  a mail filter written in Scheme

scotch/stable 7.0.7-1 arm64
  programs and libraries for graph, mesh and hypergraph partitioning

scriptisto/stable 2.2.0-2+b2 arm64
  Shebang interpreter for writing scripts in compiled languages.

scriv/stable 1.7.0-1 all
  Command-line changelog management tool

scrm/stable 1.7.4-2 arm64
  simulator of evolution of genetic sequences

scsitools/stable 0.12-6 arm64
  Collection of tools for SCSI hardware management

sdlfrotz/stable 2.55+dfsg-2 arm64
  interpreter of Z-code story-files (SDL version)

sdml/stable 0.3.2+20250310-1+b1 arm64
  CLI tool for Simple Domain Modeling Language (SDML)

seafile-cli/stable 9.0.13-1 all
  Client CLI for the Seafile Client

seafile-daemon/stable 9.0.13-1 arm64
  Client daemon for the Seafile Client

seafile-gui/stable 9.0.13+ds1-1 arm64
  Seafile Desktop Client

secrecy/stable 0.0.5+ds-4+b1 arm64
  tool to handle libsecrecy keys and encrypted files

segemehl/stable 0.3.4-5+b2 arm64
  short read mapping with gaps

selint/stable 1.5.1-4 arm64
  Static code analysis of refpolicy style SELinux policies

sen/stable 0.8.0-1 all
  Terminal user interface for docker engine

sendmail/stable 8.18.1-6 all
  powerful, efficient, and scalable Mail Transport Agent (metapackage)

sendmail-bin/stable 8.18.1-6+b1 arm64
  powerful, efficient, and scalable Mail Transport Agent

sensible-mda/stable 8.18.1-6+b1 arm64
  Mail Delivery Agent wrapper

sent/stable 1-4+b1 arm64
  simple plaintext presentation tool

seqan-needle/stable 1.0.3+ds-1 arm64
  pre-filter for the counting of very large collections of nucleotide sequences

seqan-needle-doc/stable 1.0.3+ds-1 all
  HTML documentation for seqan-needle and its APIs

seqprep/stable 1.3.2-9+b1 arm64
  stripping adaptors and/or merging paired reads of DNA sequences with overlap

seqprep-data/stable 1.3.2-9 all
  example data set for seqprep - only used for testing

setbfree/stable 0.8.13+ds-1+b1 arm64
  DSP tonewheel organ

settle/stable 0.40.1-8+b1 arm64
  CLI tool for managing a digital Zettelkasten

sf3convert/stable 20201011-1+b2 arm64
  MuseScore SoundFont converter

sgrep/stable 1.94a-7+b1 arm64
  tool to search a file for structured pattern

shake/stable 1.0.2-5 all
  Testing engine for the Lua language version 5.1

shamir/stable 0.3.0-1.1 all
  Executable for Shamir’s Secret-Sharing for Mnemonic Codes

sharutils/stable 1:4.15.2-12 arm64
  shar, unshar, uuencode, uudecode

shasta/stable 0.12.0-1+b3 arm64
  nanopore whole genome assembly (binaries and scripts)

shellinabox/stable 2.21+b3 arm64
  publish command line shell through AJAX interface

shntool/stable 3.0.10+git20130108.4ca41f4-1 arm64
  multi-purpose tool for manipulating and analyzing WAV files

shorewall-core/stable 5.2.8-6 all
  Shorewall core components

shorewall-init/stable 5.2.8-6 all
  Shorewall initialization

shtool/stable 2.0.8-10 all
  portable shell tool from the GNU project

shutdown-at-night/stable 0.24 all
  System to shut down clients at night, and wake them in the morning

sibsim4/stable 0.20-5+b1 arm64
  align expressed RNA sequences on a DNA template

sickle/stable 1.33+git20150314.f3d6ae3-2+b1 arm64
  windowed adaptive trimming tool for FASTQ files using quality

sideretro/stable 1.1.6-2 arm64
  pipeline for detecting Somatic Insertion of DE novo RETROcopies

simbody-doc/stable 3.7+dfsg-4 all
  SimTK multibody dynamics API - Documentation

singularity/stable 1.0.0+git20241231-3 all
  game where one becomes the singularity

skesa/stable 2.4.0-6+b3 arm64
  strategic Kmer extension for scrupulous assemblies

skksearch/stable 0.0-26+b2 arm64
  SKK dictionary server handling multiple dictionaries

skrooge/stable 25.4.0-1 arm64
  personal finance manager for KDE

skrooge-common/stable 25.4.0-1 all
  Skrooge architecture independent files

slony1-2-bin/stable 2.2.11-6 arm64
  replication system for PostgreSQL: daemon and administration tools

slowloris/stable 0.2.6+git20230430.890f72d-2 all
  Security testing tool for web servers

slurm/stable 0.4.4-1+b1 arm64
  Realtime network interface monitor

smalt/stable 0.7.6-13+b1 arm64
  Sequence Mapping and Alignment Tool

smalt-examples/stable 0.7.6-13 all
  Sequence Mapping and Alignment Tool (examples)

smpeg-plaympeg/stable 0.4.5+cvs20030824-9.1+b1 arm64
  SMPEG command line MPEG audio/video player

snac2/stable 2.75-2 arm64
  simple, minimalistic ActivityPub instance

snapd/stable 2.68.3-3+deb13u1+b6 arm64
  Daemon and tooling that enable snap packages

snapd-glib-tests/stable 1.67-2 arm64
  GLib snapd library (installed tests)

snapraid/stable 12.4-1 arm64
  backup program for disk arrays

snd-nox/stable 25.3-1 arm64
  Sound file editor (cmdline)

sng/stable 1.1.1-1 arm64
  specialized markup language for representing PNG contents

snid/stable 0.3.0-2 arm64
  Oblivious TLS-SNI proxy with zero config IPv4/v6 translation

snowball-data/stable 0+20210120-1 all
  test data for Snowball stemming algorithms

socklog-run/stable 2.1.0+repack-6 arm64
  system and kernel logging services - runit services

sockstat/stable 0.4.1-1+b1 arm64
  view detailed information about open connections

solfege/stable 3.23.4-13 all
  Ear training software

solid-auth/stable 0.91-2 all
  Solid authentication tool

songwrite/stable 3-0.2-1 all
  guitar tablature editor and player

sonic-pi-server-doc/stable 3.2.2~repack-12 all
  Documentation for Sonic Pi

sonnet-plugins/stable 5.116.0-1 arm64
  spell checking library for Qt, plugins

sonnet6-plugins/stable 6.13.0-1 arm64
  spell checking library for Qt, plugins

sound-icons/stable 0.1-8 all
  Sounds for speech enabled applications

soundcraft-utils/stable 0.4.0-4 all
  Linux Utilities for Soundcraft Mixers

soundscaperenderer/stable 0.6.1+dfsg-2+b1 arm64
  tool for real-time spatial audio reproduction

soundscaperenderer-nox/stable 0.6.1+dfsg-2+b1 arm64
  tool for real-time spatial audio reproduction (without X support)

sourmash/stable 4.8.14-3+b1 arm64
  tools for comparing DNA sequences with MinHash sketches

spamassassin/stable 4.0.1-5 all
  Perl-based spam filter using text analysis

spamassassin-heatu/stable 3.02+20101108-5 all
  Heuristic Email Address Tracker Utility for Spamassassin

spamc/stable 4.0.1-5 arm64
  Client for SpamAssassin spam filtering daemon

sparse/stable 0.6.4-5 arm64
  semantic parser of source files

sparse-test-inspect/stable 0.6.4-5 arm64
  semantic parser of source files

spell/stable 1.1-2+b1 arm64
  GNU Spell, a clone of Unix `spell'

spice-client-glib-usb-acl-helper/stable 0.42-3 arm64
  Helper tool to validate usb ACLs

spice-vdagent/stable 0.22.1-4.1 arm64
  Spice agent for Linux

sploitscan/stable 0.10.5-1 all
  Search for CVE information

sprai/stable 0.9.9.23+dfsg1-3 arm64
  single-pass sequencing read accuracy improver

sql-ledger/stable 3.2.6-1 all
  Web based double-entry accounting program

sreview-encoder/stable 0.11.1-1 all
  SReview encoder code

srg/stable 1.3.6-2.1+b1 arm64
  Fast, Flexible and Detailed log analysis for the Squid Proxy

ssake-examples/stable 4.0.1-2 all
  example data for SSAKE, a genomic assembler of short reads

ssft/stable 0.9.17+nmu1 all
  Shell Scripts Frontend Tool

ssh-askpass/stable 1:1.2.4.1-16+b2 arm64
  under X, asks user for a passphrase for ssh-add

ssh-audit/stable 3.3.0-2 all
  tool for ssh server & client auditing

ssh-cron/stable 1.05.00-1 arm64
  cron daemon allowing ssh keys with passphrases to be used

sshpass/stable 1.10-0.1+b1 arm64
  Non-interactive ssh password authentication

sshuttle/stable 1.3.1-1 all
  Transparent proxy server for VPN over SSH

sslscan/stable 2.1.5-1 arm64
  Tests SSL/TLS enabled services to discover supported cipher suites

ssmping/stable 0.9.1-4 arm64
  check your multicast connectivity

sspace/stable 2.1.1+dfsg-7 all
  scaffolding pre-assembled contigs after extension

sssd-dbus/stable 2.10.1-2+b1 arm64
  System Security Services Daemon -- D-Bus responder

staden-io-lib-examples/stable 1.15.0-1.1 all
  programs for manipulating DNA sequencing files (usage examples)

staden-io-lib-utils/stable 1.15.0-1.1+b2 arm64
  programs for manipulating DNA sequencing files

stardata-common/stable 0.8+nmu1 arm64
  Common framework to manage astronomy packages

stardict-czech/stable 20171101-2 all
  Stardict package for Czech dictionary of foreign words

stardict-gtk/stable 3.0.7+git20220909+dfsg-8~deb13u1 arm64
  International dictionary lookup program - gtk

starlink-connect-java/stable 0.1+2024.08.01-1 all
  Abstract classes for persistent connections to remote services

starlink-connect-java-doc/stable 0.1+2024.08.01-1 all
  Abstract classes for persistent connections (javadoc)

stealth/stable 4.04.00-2 arm64
  stealthy File Integrity Checker

stealth-doc/stable 4.04.00-2 all
  stealthy File Integrity Checker documentation

steam-devices/stable 1:1.0.0.83~ds-3 all
  Device support for Steam-related hardware

stiff/stable 2.4.0-7+b2 arm64
  convert scientific FITS images to the TIFF format

stm32flash/stable 0.7-1+b1 arm64
  STM32 chip flashing utility using a serial bootloader

stops/stable 0.4.0-1 all
  Stop and instrument definitions for Aeolus

storm-lang-doc/stable 0.6.28-3 all
  Documentation for Storm

strace/stable 6.13+ds-1 arm64
  System call tracer

stringtie/stable 2.2.1+ds-3+b2 arm64
  assemble short RNAseq reads to transcripts

strongswan-libcharon/stable 6.0.1-6+deb13u6 arm64
  strongSwan charon library

stterm/stable 0.9.2-1 arm64
  simple terminal emulator for X

subuser/stable 0.6.2-3 all
  Run programs on Linux with selectively restricted permissions

sugar-browse-activity/stable 208-1 all
  Sugar Learning Platform - web browsing activity

sugar-calculate-activity/stable 47-1 all
  Sugar Learning Platform - calculation activity

sugar-chat-activity/stable 86-3 all
  Sugar Learning Platform - text chatting activity

sugar-imageviewer-activity/stable 65-2 all
  Sugar Learning Platform - image viewing activity

sugar-jukebox-activity/stable 36-2 all
  Sugar Learning Platform - music jukebox activity

sugar-log-activity/stable 42-2 all
  Sugar Learning Platform - log viewing and reporting activity

sugar-memorize-activity/stable 59-1 all
  Sugar Learning Platform - matching game creation/playing activity

sugar-pippy-activity/stable 76-1 all
  Sugar Learning Platform - Python programming activity

sugar-read-activity/stable 124-1 all
  Sugar Learning Platform - document viewer activity

sugar-terminal-activity/stable 47-2 all
  Sugar Learning Platform - terminal emulation activity

sugar-write-activity/stable 101-2 all
  Sugar Learning Platform - writing activity

sugarjar/stable 2.0.1-3 all
  Git/GitHub helper script

supercollider-supernova/stable 1:3.13.0+repack-3 arm64
  real time audio synthesis server (multiprocessor version)

suricata/stable 1:7.0.10-1+deb13u4 arm64
  Next Generation Intrusion Detection and Prevention Tool

svn-buildpackage/stable 0.8.10 all
  helper programs to maintain Debian packages with Subversion

svn-load/stable 1.6-1.1 all
  Enhanced import facility for Subversion

swami/stable 2.2.2-2.1+b2 arm64
  MIDI instrument editor application

swi-prolog-test/stable 9.2.9+dfsg-1 all
  tests and checks for SWI-Prolog

swiftlang/stable 6.0.3-2 arm64
  general-purpose compiled programming language

swiftlang-dev/stable 6.0.3-2 all
  general-purpose compiled programming language - Development Headers

swiftlang-doc/stable 6.0.3-2 all
  general-purpose compiled programming language - Documentation

switchconf/stable 0.0.17-1.2 all
  switch between system configuration sets

sympa/stable 6.2.76~dfsg-1 arm64
  Modern mailing list manager

syncthingtray/stable 1.7.5-1 arm64
  desktop integration for Syncthing

syncthingtray-kde-plasma/stable 1.7.5-1 arm64
  KDE Plasma Desktop and Dolphin integration for Syncthing

syslog-ng/stable 4.8.1-5+deb13u1 all
  Enhanced system logging daemon (metapackage)

sysprof/stable 48.0-2 arm64
  system-wide Linux profiler

systemctl/stable 1.4.4181-1.1 all
  daemonless "systemctl" command to manage services without systemd

systemd-bootchart/stable 235-2+b1 arm64
  boot performance graphing tool

systemd-container/stable 257.13-1~deb13u1 arm64
  systemd container/nspawn tools

systemd-cron/stable 2.5.1-2 arm64
  systemd generator that provides cron daemon & anacron functionality

systemd-tests/stable 257.13-1~deb13u1 arm64
  tests for systemd

systemtap-runtime/stable 5.1-5 arm64
  instrumentation system for Linux (runtime component)

systemtap-server/stable 5.1-5 arm64
  instrumentation system for Linux (compile server)

t-coffee/stable 13.45.0.4846264+really13.41.0.28bdc39+dfsg-1+b1 arm64
  Multiple Sequence Alignment

t1utils/stable 1.41-4+b1 arm64
  Collection of simple Type 1 font manipulation programs

taffybar/stable 4.0.2-1+b4 arm64
  desktop bar extensible in Haskell

tar-split/stable 0.11.6-1+b5 arm64
  tar archive assembly/disassembly

tardiff/stable 0.1-7 all
  Tarball file list comparison tool

task-spooler/stable 1.0.3+dfsg1-1 arm64
  personal job scheduler

tasksh/stable 1.2.0-1+b3 arm64
  shell command that wraps Taskwarrior commands

tcl-itcl4/stable 4.3.2-3 arm64
  [incr Tcl] OOP extension for Tcl - run-time files

tcl-tclex/stable 1.2a1-20+b1 arm64
  Lexical analyzer generator for Tcl

tcl-tclreadline/stable 2.4.1-2 arm64
  GNU Readline Extension for Tcl/Tk

tcl-xpa/stable 2.1.20-3 arm64
  Seamless communication between Unix programs (Tcl interface)

tclspice/stable 44.2+ds-1 arm64
  NGSpice library for Tcl

tcmu-runner/stable 1.5.4-9+b1 arm64
  Daemon that handles the userspace side of the LIO TCM-User backstore

td2planet/stable 0.3.0-5 all
  Ruby-based server-side blog aggregator

tdb-tools/stable 2:1.4.13+samba4.22.10+dfsg-0+deb13u1 arm64
  Trivial Database - bundled binaries

tdiary-core/stable 5.3.0-2 all
  Communication-friendly weblog system

telegram-send/stable 0.37-3 all
  Send messages and files over Telegram from the command-line

telepathy-mission-control-5/stable 1:5.16.5-2.2+b1 arm64
  management daemon for Telepathy real-time communication framework

tellico-scripts/stable 4.1.1-1 all
  transitional package for tellico-data

terminatorx/stable 4.2.0-3+b1 arm64
  realtime audio synthesizer

terminology/stable 1.14.0-1 arm64
  Enlightenment efl based terminal emulator

terminology-data/stable 1.14.0-1 all
  Enlightenment efl based terminal emulator data

terraform-config-inspect/stable 0.0~git20230614.f32df32-2+b8 arm64
  helper CLI tool for shallow inspection of Terraform configurations

terraform-switcher/stable 0.13.1308+ds-1+b12 arm64
  switch between different versions of terraform (CLI tool)

terraintool/stable 1.19-2 all
  Generates survex/therion terrain models from SRTM/NASADEM data.

testdisk/stable 7.2-0.1 arm64
  Partition scanner and disk recovery tool, and PhotoRec file recovery tool

testssl.sh/stable 3.2.1+dfsg-1 all
  Command line tool to check TLS/SSL ciphers, protocols and cryptographic flaws

tetex-brev/stable 5.00-1 all
  Norwegian A4 letter style for LaTeX

tetrinet-client/stable 0.11+CVS20070911-2.1 arm64
  textmode client for tetrinet, a multiplayer tetris-like game

tetrinet-server/stable 0.11+CVS20070911-2.1 arm64
  server for tetrinet, a multiplayer tetris-like game

texlive-extra-utils/stable 2024.20250309-2 all
  TeX Live: TeX auxiliary programs

texlive-fonts-extra/stable 2024.20250309-2 all
  TeX Live: Additional fonts

texlive-games/stable 2024.20250309-2 all
  TeX Live: Games typesetting

texlive-humanities/stable 2024.20250309-2 all
  TeX Live: Humanities packages

texlive-lang-cyrillic/stable 2024.20250309-1 all
  TeX Live: Cyrillic

texlive-lang-portuguese/stable 2024.20250309-1 all
  TeX Live: Portuguese

texlive-latex-extra/stable 2024.20250309-2 all
  TeX Live: LaTeX additional packages

texlive-publishers/stable 2024.20250309-2 all
  TeX Live: Publisher styles, theses, etc.

texlive-science/stable 2024.20250309-2 all
  TeX Live: Mathematics, natural sciences, computer science packages

texlive-xetex/stable 2024.20250309-1 all
  TeX Live: XeTeX and packages

tgif/stable 1:4.2.5-2 arm64
  2D vector graphic drawing tool using Xlib

thefuck/stable 3.32-0.3 all
  spelling corrector of console commands

theme-d-translator/stable 6.1.0-1 arm64
  Programming language extending Scheme with static typing

therion/stable 6.3.4-2 arm64
  Cave surveying - 2D and 3D drawing software

thin/stable 1.8.2+git20250216.de6b618-1 arm64
  fast and very simple Ruby web server

thunk-gen/stable 1.4-1 arm64
  64-bit thunk generator for 16- and 32-bit code

ticgit/stable 1.0.2.17-2.1 all
  ticketing system built on Git

tiger/stable 1:3.2.4~rc1-3.4 arm64
  security auditing and intrusion detection tools for Linux

tiled/stable 1.11.90-1 arm64
  general purpose tile map editor

tilemaker/stable 3.0.0-1+b1 arm64
  Generates vector tiles from OpenStreetMap data

timg/stable 1.6.0-1+b1 arm64
  terminal image and video viewer

timgm6mb-soundfont/stable 1.3-5 all
  TimGM6mb SoundFont from MuseScore 1.3

tiny-initramfs-core/stable 0.1-6.1 arm64
  Minimalistic initramfs implementation (core tools)

tinyusb-source/stable 0.18.0+dfsg-1 all
  USB stack for embedded systems

tix/stable 8.4.3-14 arm64
  library for Tk -- runtime package

tk-itk4/stable 4.2.5~20240521-1 arm64
  [incr Tk] OOP extension version 4 for Tk - run-time files

tk-table/stable 2.10.8-2 arm64
  Table extension for Tcl/Tk

tk8.6-blt2.5/stable 2.5.3+dfsg-8 arm64
  graphics extension library for Tcl/Tk - library

tkabber-plugins/stable 1.1.2+20250424-1 all
  standard plugins for Tkabber, an XMPP (Jabber) client

tkgate/stable 2.1+repack-7+b1 arm64
  Tcl/Tk based digital circuit editor and simulator

tmux/stable 3.5a-3 arm64
  terminal multiplexer

tntnet/stable 3.0-4 arm64
  modular, multithreaded web application server for C++

tntnet-demos/stable 3.0-4 arm64
  demo web applications for Tntnet

tntnet-doc/stable 3.0-4 all
  documentation for Tntnet

tntnet-runtime/stable 3.0-4 arm64
  Tntnet runtime system

todotxt-cli/stable 2.11.0-2 all
  simple and extensible shell script for managing todo.txt file

toga2/stable 3.0.0.1SE1-4 arm64
  computer chess engine, calculates chess moves

torcs/stable 1.3.7+dfsg-5+b4 arm64
  3D racing cars simulator game using OpenGL

torrus-common/stable 3.00-2 all
  Universal front-end for Round-Robin Databases (common files)

torsocks/stable 2.5.0-1+deb13u1 all
  use SOCKS-friendly applications with Tor

tpm-udev/stable,now 0.6+nmu1 all [installed,automatic]
  udev rules for TPM modules

trace2dbest/stable 3.0.1-2 all
  bulk submission of chromatogram data to dbEST

tracetuner/stable 3.0.6~beta+dfsg-3+b1 arm64
  interpretation of DNA Sanger sequencing data

trackballs/stable 1.3.4-2 arm64
  OpenGL-based game of steering a marble through a labyrinth

tran/stable 5-3 all
  transcribe between character scripts (alphabets)

translate-toolkit/stable 3.15.1-1 all
  Toolkit assisting in the localization of software

triehash/stable 0.3-3 all
  Generates perfect hash functions as native machine code

trippy/stable 0.12.2+dfsg-1 arm64
  TUI network diagnostic tool

tryton-modules-account/stable 7.0.19-1 all
  Tryton application platform - account module

tryton-modules-account-payment-braintree/stable 7.0.0-3 all
  Tryton application platform - account payment braintree module

tryton-modules-account-tax-cash/stable 7.0.2-3 all
  Tryton application platform - account tax cash module

tryton-modules-purchase-request-quotation/stable 7.0.2-3 all
  Tryton application platform - purchase request for quotation module

tryton-modules-purchase-requisition/stable 7.0.4-1 all
  Tryton application platform - purchase requisition module

tryton-modules-quality/stable 7.0.1-1 all
  Tryton application platform - quality module

tryton-modules-sale-discount/stable 7.0.1-3 all
  Tryton application platform - sale discount module

tryton-modules-sale-payment/stable 7.0.1-3 all
  Tryton application platform - sale payment module

tryton-modules-sale-point/stable 7.0.2-1 all
  Tryton application platform - sale point module

tryton-modules-sale-supply-production/stable 7.0.0-3 all
  Tryton application platform - sale supply production module

tryton-modules-stock-consignment/stable 7.0.2-1 all
  Tryton application platform - stock consignment module

tryton-modules-stock-lot-sled/stable 7.0.0-3 all
  Tryton application platform - stock lot shelf life expiration date

tryton-modules-stock-supply-forecast/stable 7.0.0-3 all
  Tryton application platform - stock supply forecast module

tryton-modules-web-shortener/stable 7.0.0-3 all
  Tryton application platform - web shortener module

tryton-server-all-in-one/stable 7.0.30-1+deb13u1 all
  Tryton application platform - full installation

tuned-utils-systemtap/stable 2.25.1-1 all
  disk and net statistic monitoring systemtap scripts

tuxfootball/stable 0.3.1-10 arm64
  great 2D soccer (sometimes called football) game

tuxguitar/stable 1.6.6+dfsg1-3 all
  Multitrack guitar tablature editor and player

tuxpaint/stable 1:0.9.34-2+b1 arm64
  Paint program for young children

tuxpaint-data/stable 1:0.9.34-2 all
  Data files for Tux Paint, a paint program for children

tuxpaint-plugins-default/stable 1:0.9.34-2+b1 arm64
  Magic tool plugins for Tux Paint

tuxpaint-stamps-default/stable 2025.03.31-1 all
  Stamp files for Tux Paint, a paint program for children

tweeper/stable 1.4.3-2 all
  web scraper to convert supported websites like Twitter.com to RSS

twms/stable 0.07z+git20201202+bb7c3f8-2.1 all
  tiny web map service

u-boot-efi-dtb/stable 3 all
  copy DTBs to the EFI System Partition from the linux-image-* packages

u-boot-menu/stable 4.2.4 all
  u-boot menu update

ubertooth-firmware/stable 2018.12.R1-5.3 all
  Firmware for Ubertooth

ucf/stable,now 3.0052 all [installed,automatic]
  Update Configuration File(s): preserve user changes to config files

ucrpf1host/stable 0.0.20181108-1.1 all
  host program for Panowin F1 3D printer

ucspi-proxy/stable 0.99-7 arm64
  Connection proxy for UCSPI tools

ucspi-tcp/stable 1:0.88-13 arm64
  command-line tools for building TCP client-server applications

ucspi-tcp-ipv6/stable 1:0.88-13 arm64
  command-line tools for building TCP client-server applications (IPv6)

udcli/stable 0+20221013-1.1 arm64
  Disassembler for x86 and x86-64 class ISA (cli)

udisks2/stable 2.10.1-12.1+deb13u1 arm64
  D-Bus service to access and manipulate storage devices

ufoai-maps/stable 2.5-2.1 all
  UFO: Alien Invasion -- maps

uftrace/stable 0.17-1 arm64
  Traces and analyzes execution of programs written in C/C++

uglifyjs/stable 3.17.4-2 all
  JavaScript parser, mangler/compressor and beautifier - CLI tool

uhd-doc/stable 4.8.0.0+ds1-2 all
  universal hardware driver for Ettus Research products - doc

uima-examples/stable 2.10.4-1 all
  Examples of UIMA components

uima-utils/stable 2.10.4-1 all
  UIMA tools

ukopp/stable 4.9-3+b2 arm64
  Full and incremental backup to disk or disk-like device

ukui-biometric-manager/stable 1.0.3.1-1+b4 arm64
  Manager for biometric authentication

ulogd2/stable 2.0.8-3 arm64
  Netfilter Userspace Logging Daemon

ultimateultimateguitar/stable 1.7-1 all
  This is a CLI (command line) client for ultimate-guitar.com

unbound-host/stable 1.22.0-2+deb13u3 arm64
  reimplementation of the 'host' command

uncalled/stable 2.3+ds-3+b2 arm64
  Utility for Nanopore Current Alignment to Large Expanses of DNA

undistract-me/stable 0.1.0+git20200809.2f8ac25-1 all
  Notifies user when long-running terminal commands complete via libnotify

unhide.rb/stable 22-6 all
  Forensics tool to find processes hidden by rootkits

unity-scopes-runner/stable 7.1.4+19.04.20190319-6.1 all
  desktop runner for misceallenous scopes

unscd/stable 0.54-1+b12 arm64
  Micro Name Service Caching Daemon

unshield/stable 1.5.1-1+b2 arm64
  extracts CAB files from InstallShield installers

upgrade-system/stable 1.9.8 all
  command for upgrading and sanitizing a Debian system

upower-tests/stable 1.90.9-1 arm64
  abstraction for power management - test infrastructure

uronode/stable 2.15-5 arm64
  Node front end for AX.25, NET/ROM, Rose and TCP

usb-modeswitch/stable 2.6.1-4+b2 arm64
  mode switching tool for controlling "flip flop" USB devices

usb-modeswitch-data/stable 20191128-7 all
  mode switching data for usb-modeswitch

userv-dyndns/stable 0.6.1-2 all
  dynamic DNS for shell account users

userv-utils/stable 0.6.1-2+b1 arm64
  privsep utilities collection

usr-is-merged/stable 39+nmu2 all
  Transitional package to assert a merged-/usr system

usrmerge/stable 39+nmu2 all
  Convert the system to the merged /usr directories scheme

utrans-rc/stable 0.7-2 all
  Generate generic unix system configuration from systemd units

uudeview/stable 0.5.20+20250228-1 arm64
  Smart multi-file multi-part decoder (command line)

uuidcdef/stable 0.3.13-12.1+b2 arm64
  Universally Unique Identifier (UUID) generator

uwsgi-dev/stable 2.0.28-9 arm64
  fast, self-healing application container server (headers)

va-driver-all/stable,now 2.22.0-3 arm64 [installed,automatic]
  Video Acceleration (VA) API -- driver metapackage

vagrant/stable 2.3.7+git20230731.5fc64cde+dfsg-3+b1 arm64
  Tool for building and distributing virtualized development environments

valac-0.56-vapi/stable 0.56.18-2 all
  C# like language for the GObject system - vapi files

valac-bin/stable 0.56.18-2 arm64
  internal package for C# like language for the GObject system

valgrind/stable 1:3.24.0-3 arm64
  instrumentation framework for building dynamic analysis tools

valgrind-mpi/stable 1:3.24.0-3 arm64
  instrumentation framework for building dynamic analysis tools (MPI module)

validns/stable 0.8+git20230810.a7e6b4f-2 arm64
  high performance DNS/DNSSEC zone validator

vc-dev/stable 1.4.5-1 arm64
  C++ types for explicitly data-parallel programming

vcfanno/stable 0.3.5+ds-2+b9 arm64
  annotate a VCF with other VCFs/BEDs/tabixed files

vcfanno-examples/stable 0.3.5+ds-2 all
  examples for vcfanno: annotate a VCF with other VCFs/BEDs/tabixed files

vdpau-driver-all/stable,now 1.5-3+b1 arm64 [installed,automatic]
  Video Decode and Presentation API for Unix (driver metapackage)

vdr/stable 2.6.9-3 arm64
  Video Disk Recorder for DVB cards

verbiste/stable 0.1.49-1 arm64
  French and Italian conjugator

verbiste-gnome/stable 0.1.49-1 arm64
  French and Italian conjugator - GNOME interface

verbiste-gtk/stable 0.1.49-1 arm64
  French and Italian conjugator - GTK app

victoria-metrics/stable 1.112.0+ds1-2 arm64
  fast, cost-effective and scalable time series database

vim/stable,now 2:9.1.1230-2 arm64 [installed]
  Vi IMproved - enhanced vi editor

vim-addon-manager/stable 0.5.11 all
  manager of addons for the Vim editor

vim-airline/stable 0.11-2 all
  Lean & mean status/tabline for vim that's light as air

vim-airline-themes/stable 0+git.20220712-55bad92-1 all
  official theme collection for vim-airline

vim-common/stable,now 2:9.1.1230-2 all [installed,automatic]
  Vi IMproved - Common files

vim-gtk3/stable 2:9.1.1230-2 arm64
  Vi IMproved - enhanced vi editor - with GTK3 GUI

vim-gui-common/stable 2:9.1.1230-2 all
  Vi IMproved - Common GUI files

vim-haproxy/stable 3.0.11-1+deb13u3 all
  syntax highlighting for HAProxy configuration files

vim-khuno/stable 1.0.3-4 all
  Python flakes Vim plugin

vim-latexsuite/stable 1:1.10.0-1 all
  view, edit and compile LaTeX documents from within Vim

vim-ledger/stable 1.2.0-3 all
  Vim plugin for Ledger

vim-motif/stable 2:9.1.1230-2 arm64
  Vi IMproved - enhanced vi editor - with Motif GUI

vim-nftables/stable 0.20200629-6 all
  syntax highlighting for nftables configuration files

vim-nox/stable 2:9.1.1230-2 arm64
  Vi IMproved - enhanced vi editor - with scripting languages support

vim-poke/stable 4.3+dfsg-1 all
  Extensible editor for structured binary data (VIM addon)

vim-scripts/stable 20210124.4 all
  plugins for vim, adding bells and whistles

vim-tiny/stable,now 2:9.1.1230-2 arm64 [installed]
  Vi IMproved - enhanced vi editor - compact version

vim-vimwiki/stable 2024.01.24-2 all
  Vim plugin for personal wiki

vip-manager/stable 1.0.2-9+b9 arm64
  Patroni virtual IP manager

vip-manager2/stable 3.0.0-2+b7 arm64
  Patroni virtual IP manager

visualboyadvance/stable 1.8.0.dfsg-6 arm64
  full featured Game Boy Advance emulator

vlan/stable 2.0.5+nmu3 all
  ifupdown legacy integration for vlan configuration

vm/stable 8.2.0b-11.1 all
  mail user agent for Emacs

vmdb2/stable 0.40-2 all
  creator of disk images with Debian installed

vncsnapshot/stable 1.2a-6 arm64
  Utility that takes JPEG snapshots from VNC servers

vnlog/stable 1.40-1 all
  Toolkit to read/write/manipulate whitespace-separated ASCII logs

voctomix-outcasts/stable 1.0.0-1.1 all
  Additional scripts to be used with Voctomix

voikko-fi/stable 2.5-2 arm64
  Description of Finnish morphology written for libvoikko

volumecontrol.app/stable 0.8-2+b3 arm64
  Audio mixer for GNUstep

vsmartcard-vpicc/stable 3.3+dfsg-2 all
  Smartcard emulator in Python

vstream-client/stable 1.2.1.1-1 arm64
  library and utility to fetch media streams from a TIVO

vstream-client-dev/stable 1.2.1.1-1 arm64
  Development headers for vstream-client

vtwm/stable 5.4.7-8 arm64
  Virtual Tab Window Manager

w2do/stable 2.3.1-8 all
  simple text-based todo manager

wah-plugins/stable 0.1.0-5+b1 arm64
  auto-wah LADSPA plugin

wakeonlan/stable 0.41-14 all
  Sends 'magic packets' to wake-on-LAN enabled ethernet adapters

wamerican-huge/stable 2020.12.07-4 all
  American English dictionary words for /usr/share/dict

wamerican-insane/stable 2020.12.07-4 all
  American English dictionary words for /usr/share/dict

wamerican-large/stable 2020.12.07-4 all
  American English dictionary words for /usr/share/dict

wamerican-small/stable 2020.12.07-4 all
  American English dictionary words for /usr/share/dict

warmux/stable 1:11.04.1+repack2-5 arm64
  turn-based artillery game on 2D maps

warmux-data/stable 1:11.04.1+repack2-5 all
  data files for the WarMUX game

warmux-servers/stable 1:11.04.1+repack2-5 arm64
  stand alone server and game index server for WarMUX

wasistlos/stable 1.7.0-2 arm64
  Unofficial WhatsApp desktop application

wavpack/stable 5.8.1-1 arm64
  audio codec (lossy and lossless) - encoder and decoder

wavtool-pl/stable 0.20150501-3+b1 arm64
  tool to concatenate wav files

wayout/stable 0.1.4-1+b1 arm64
  Wayland desktop widgets from standard input text

wbritish-huge/stable 2020.12.07-4 all
  British English dictionary words for /usr/share/dict

wbritish-insane/stable 2020.12.07-4 all
  British English dictionary words for /usr/share/dict

wbritish-large/stable 2020.12.07-4 all
  British English dictionary words for /usr/share/dict

wbritish-small/stable 2020.12.07-4 all
  British English dictionary words for /usr/share/dict

wcanadian-huge/stable 2020.12.07-4 all
  Canadian English dictionary words for /usr/share/dict

wcanadian-insane/stable 2020.12.07-4 all
  Canadian English dictionary words for /usr/share/dict

wcanadian-large/stable 2020.12.07-4 all
  Canadian English dictionary words for /usr/share/dict

wcanadian-small/stable 2020.12.07-4 all
  Canadian English dictionary words for /usr/share/dict

wdiff/stable 1.2.2-9 arm64
  Compares two files word by word

webdis/stable 0.1.22+ds-1 arm64
  simple web server providing an HTTP interface to Redis

webext-indie-wiki-buddy-chromium/stable 3.10.1-1 all
  browser extension that redirects you to independent wikis (Chromium)

webext-indie-wiki-buddy-firefox/stable 3.10.1-1 all
  browser extension that redirects you to independent wikis (Firefox)

webext-plasma-browser-integration/stable 6.3.4-2 all
  Chromium, Firefox integration for Plasma (web extension component)

weightwatcher/stable 1.12+dfsg-3+b1 arm64
  Combine maps and polygon data for astronomical image processing

weka/stable 3.6.14-4 all
  Machine learning algorithms for data mining tasks

weka-doc/stable 3.6.14-4 all
  documentation for the Weka machine learning suite

wesnoth-1.18-wof/stable 1:1.18.5-1 all
  "Winds of Fate" official campaign for Wesnoth (branch 1.18)

west/stable 1.3.0-3 all
  Zephyr RTOS Project meta-tool

why3/stable 1.8.0-2+b1 arm64
  Software verification platform

winbind/stable 2:4.22.10+dfsg-0+deb13u1 arm64
  service to resolve user and group information from Windows NT servers

wing/stable 0.7-33 arm64
  Galaga-like arcade game

wing-data/stable 0.7-33 all
  graphics and audio data for wing

wipe/stable 0.24-10 arm64
  secure file deletion

wlogout/stable 1.2.2-1+b1 arm64
  logout menu for wayland environments

wmbiff/stable 0.4.37-1+b2 arm64
  Dockable app that displays information about mailboxes

wmix/stable 3.5-3 arm64
  Dockapp mixer for OSS

wmlongrun/stable 0.3.1-2+b1 arm64
  program to monitor longrun status

wmmon/stable 1.4-2+b2 arm64
  Window Maker dockapp for monitoring system information

wmpinboard/stable 1.0.1-5+b1 arm64
  Window Maker dock applet resembling a miniature pinboard

wmtime/stable 1.4-4 arm64
  Window Maker dockapp that displays the time and date

wmxres/stable 1.4-3+b2 arm64
  dock application to select your display mode among those possible

wordwarvi/stable 1.0.4-2+b3 arm64
  retro-styled side-scrolling shoot'em up arcade game

wordwarvi-sound/stable 1.0.4-2 all
  retro-styled side-scrolling shoot'em up arcade game [Sound Files]

worker/stable 5.2.1-1 arm64
  highly configurable two-paned file manager for X

wsdd2/stable 1.8.7+dfsg-1.2+b1 arm64
  Web Services on Devices (WSD) daemon

wsjtx/stable 2.7.0+repack-1 arm64
  Weak-signal amateur radio communications

wsjtx-data/stable 2.7.0+repack-1 all
  Weak-signal amateur radio communications (data files)

wsjtx-doc/stable 2.7.0+repack-1 all
  Documentation and examples for the WSJT-X package

wsjtx-improved/stable 2.8.0+250501+repack-1 arm64
  Weak-signal amateur radio communications

wsjtx-improved-data/stable 2.8.0+250501+repack-1 all
  Weak-signal amateur radio communications (data files)

wsjtx-improved-doc/stable 2.8.0+250501+repack-1 all
  Documentation and examples for the WSJT-X package

wvkbd/stable 0.15-1 arm64
  on-screen keyboard for wlroots that sucks less

x-face-el/stable 1.3.6.24-19 all
  utility for displaying X-Face on emacsen

x11-xkb-utils/stable 7.7+9 arm64
  X11 XKB utilities

x25519/stable 0~20241004-2 arm64
  microlibrary X25519/Ed25519 - X25519 command line tools

x2goserver-fmbindings/stable 4.1.0.6-1.1 all
  X2Go Server (file manager bindings)

x2goserver-printing/stable 4.1.0.6-1.1 all
  X2Go Server (printing support)

x2gothinclient-cdmanager/stable 1.5.0.1-10.2 arm64
  clientside daemon enabling automatic CD-Rom mounting

x2gothinclient-displaymanager/stable 1.5.0.1-10.2 all
  login daemon starting x2goclient in displaymanager mode

x2gothinclient-smartcardrules/stable 1.5.0.1-10.2 all
  UDEV rules for smartcard readers

x2gothinclient-usbmount/stable 1.5.0.1-10.2 all
  clientside usb mass-storage device mounting

x2x/stable 1.30-12 arm64
  Link two X displays together, simulating a multiheaded display

xabacus/stable 8.5.1-1+b2 arm64
  simulation of the ancient calculator (plain X version)

xapian-doc/stable 1.4.29-3 all
  Core Xapian documentation

xbs/stable 0-12 arm64
  3-d models and movies of molecules

xchm/stable 2:1.37-1 arm64
  Compiled HTML Help (CHM) file viewer for X

xdg-dbus-proxy-tests/stable 0.1.6-1+deb13u1 arm64
  filtering D-Bus proxy - as-installed tests

xdg-utils/stable,now 1.2.1-2 all [installed,automatic]
  desktop integration utilities from freedesktop.org

xdvik-ja/stable 22.87.06+j1.42-3 arm64
  Japanized DVI Previewer for the X Window System

xdx/stable 2.91-2+b2 arm64
  DX-cluster tcp/ip client for amateur radio

xen-hypervisor-common/stable 4.20.2+37-g61ff35323e-0+deb13u1 arm64
  Xen Hypervisor - common files

xevil/stable 2.02r2-10.2+b1 arm64
  A violent side-scrolling game for X

xfce4-appfinder/stable 4.20.0-2 arm64
  Application finder for the Xfce4 desktop environment

xfce4-dict/stable 0.8.8-1 arm64
  Dictionary plugin for Xfce4 panel

xfce4-whiskermenu-plugin/stable 2.9.2-1 arm64
  Alternate menu plugin for the Xfce desktop environment

xfig/stable 1:3.2.9a-3 arm64
  Facility for Interactive Generation of figures under X11

xfig-doc/stable 1:3.2.9a-3 all
  XFig on-line documentation and examples

xfig-libs/stable 1:3.2.9a-3 all
  XFig image libraries and examples

xfonts-100dpi/stable 1:1.0.5 all
  100 dpi fonts for X

xfonts-100dpi-transcoded/stable 1:1.0.5 all
  100 dpi fonts for X (transcoded from ISO 10646-1)

xfonts-75dpi/stable 1:1.0.5 all
  75 dpi fonts for X

xfonts-75dpi-transcoded/stable 1:1.0.5 all
  75 dpi fonts for X (transcoded from ISO 10646-1)

xfonts-base/stable,now 1:1.0.5+nmu1 all [installed,automatic]
  standard fonts for X

xfonts-biznet-100dpi/stable 3.0.0-27 all
  100 dpi BIZNET ISO-8859-2 fonts for X servers

xfonts-biznet-75dpi/stable 3.0.0-27 all
  75 dpi BIZNET ISO-8859-2 fonts for X servers

xfonts-biznet-base/stable 3.0.0-27 all
  Standard BIZNET ISO-8859-2 fonts for X servers

xfonts-bolkhov-75dpi/stable 1.1.20001007-10 all
  75 dpi Unicode Cyrillic fonts for X (Cyr-RFX collection)

xfonts-bolkhov-cp1251-75dpi/stable 1.1.20001007-10 all
  75 dpi CP1251 encoded Cyrillic fonts for X (Cyr-RFX collection)

xfonts-bolkhov-cp1251-misc/stable 1.1.20001007-10 all
  Character-cell CP1251 encoded Cyrillic fonts for X (Cyr-RFX collection)

xfonts-bolkhov-isocyr-75dpi/stable 1.1.20001007-10 all
  75 dpi ISO 8859-5 encoded Cyrillic fonts for X (Cyr-RFX collection)

xfonts-bolkhov-isocyr-misc/stable 1.1.20001007-10 all
  Character-cell ISO-8859-5 encoded Cyrillic fonts for X (Cyr-RFX collection)

xfonts-bolkhov-koi8r-75dpi/stable 1.1.20001007-10 all
  75 dpi KOI8-R encoded Cyrillic fonts for X (Cyr-RFX collection)

xfonts-bolkhov-koi8r-misc/stable 1.1.20001007-10 all
  Character-cell KOI8-R encoded Cyrillic fonts for X (Cyr-RFX collection)

xfonts-bolkhov-koi8u-75dpi/stable 1.1.20001007-10 all
  75 dpi KOI8-U encoded Cyrillic fonts for X (Cyr-RFX collection)

xfonts-bolkhov-koi8u-misc/stable 1.1.20001007-10 all
  Character-cell KOI8-U encoded Cyrillic fonts for X (Cyr-RFX collection)

xfonts-bolkhov-misc/stable 1.1.20001007-10 all
  Character-cell Unicode Cyrillic fonts for X (Cyr-RFX collection)

xfonts-cronyx-100dpi/stable 2.3.8+dfsg-1 all
  100 dpi Unicode Cyrillic fonts for X (Cronyx collection)

xfonts-cronyx-75dpi/stable 2.3.8+dfsg-1 all
  75 dpi Unicode Cyrillic fonts for X (Cronyx collection)

xfonts-cronyx-cp1251-100dpi/stable 2.3.8+dfsg-1 all
  100 dpi CP1251 encoded Cyrillic fonts for X (Cronyx collection)

xfonts-cronyx-cp1251-75dpi/stable 2.3.8+dfsg-1 all
  75 dpi CP1251 encoded Cyrillic fonts for X (Cronyx collection)

xfonts-cronyx-cp1251-misc/stable 2.3.8+dfsg-1 all
  Character-cell CP1251 encoded Cyrillic fonts for X (Cronyx collection)

xfonts-cronyx-isocyr-100dpi/stable 2.3.8+dfsg-1 all
  100 dpi ISO 8859-5 encoded Cyrillic fonts for X (Cronyx collection)

xfonts-cronyx-isocyr-75dpi/stable 2.3.8+dfsg-1 all
  75 dpi ISO 8859-5 encoded Cyrillic fonts for X (Cronyx collection)

xfonts-cronyx-isocyr-misc/stable 2.3.8+dfsg-1 all
  Character-cell ISO-8859-5 encoded Cyrillic fonts for X (Cronyx collection)

xfonts-cronyx-koi8r-100dpi/stable 2.3.8+dfsg-1 all
  100 dpi KOI8-R encoded Cyrillic fonts for X (Cronyx collection)

xfonts-cronyx-koi8r-75dpi/stable 2.3.8+dfsg-1 all
  75 dpi KOI8-R encoded Cyrillic fonts for X (Cronyx collection)

xfonts-cronyx-koi8r-misc/stable 2.3.8+dfsg-1 all
  Character-cell KOI8-R encoded Cyrillic fonts for X (Cronyx collection)

xfonts-cronyx-koi8u-100dpi/stable 2.3.8+dfsg-1 all
  100 dpi KOI8-U encoded Cyrillic fonts for X (Cronyx collection)

xfonts-cronyx-koi8u-75dpi/stable 2.3.8+dfsg-1 all
  75 dpi KOI8-U encoded Cyrillic fonts for X (Cronyx collection)

xfonts-cronyx-koi8u-misc/stable 2.3.8+dfsg-1 all
  Character-cell KOI8-U encoded Cyrillic fonts for X (Cronyx collection)

xfonts-cronyx-misc/stable 2.3.8+dfsg-1 all
  Character-cell Unicode Cyrillic fonts for X (Cronyx collection)

xfonts-cyrillic/stable 1:1.0.5+nmu1 all
  Cyrillic fonts for X

xfonts-scalable/stable 1:1.0.3-1.3 all
  scalable fonts for X

xfonts-tipa/stable 2:1.3-21 all
  X11 PostScript Type 1 font for the Phonetic Alphabet

xfonts-traditional/stable 1.8.2 all
  Traditional fixed-width fonts for X

xfonts-x3270-misc/stable 4.3ga10-5 all
  Font files for the x3270(1) IBM 3270 emulator

xfwm4/stable 4.20.0-1 arm64
  window manager of the Xfce project

xindy-rules/stable 2.5.1.20160104-12 all
  rule files for xindy

xkbind/stable 2010.05.20-1+b3 arm64
  X Keyboard Extension Indicator

xkbset/stable 0.8-1+b1 arm64
  Small utility to change the AccessX settings of XKEYBOARD

xlog/stable 2.0.24-4 arm64
  GTK+ Logging program for Hamradio Operators

xlog-data/stable 2.0.24-4 all
  data for xlog, a GTK+ Logging program for Hamradio Operators

xmakemol-gl/stable 5.16-11 arm64
  program for visualizing atomic and molecular systems (OpenGL)

xmlbeans/stable 4.0.0-2 all
  Java library for accessing XML by binding it to Java types - tools

xmonad/stable 0.17.2-2+b1 arm64
  Lightweight X11 window manager written in Haskell

xmorph/stable 1:20150712-5.1+b1 arm64
  digital image warp and morph (x11)

xmountains/stable 2.11-3 arm64
  Fractal landscape generator for X

xorg/stable 1:7.7+24+deb13u1 arm64
  X.Org X Window System

xorgxrdp/stable 1:0.10.2-1 arm64
  Remote Desktop Protocol (RDP) modules for X.org

xorriso/stable 1.5.6-1.2+b1 arm64
  command line ISO-9660 and Rock Ridge manipulation tool

xpa-tools/stable 2.1.20-3 arm64
  Tools for seamless communication between Unix programs

xpdf/stable,now 3.04+git20250304-1+b1 arm64 [installed]
  Motif-based PDF reader using the Poppler library

xpuzzles/stable 8.8.7+ds-2 arm64
  collection of puzzles for X (plain X version)

xrootd-server/stable 5.8.1-1 arm64
  Extended ROOT file server

xscavenger/stable 1.4.5-10 arm64
  Lode-runner-like platform game for X

xscreensaver-gl/stable 6.09+dfsg1-1 arm64
  GL(Mesa) screen saver modules for screensaver frontends

xserver-xorg-input-all/stable 1:7.7+24+deb13u1 arm64
  X.Org X server -- input driver metapackage

xserver-xorg-input-mtrack/stable 0.3.1-1.3+b1 arm64
  Multitouch X input driver

xserver-xorg-video-all/stable 1:7.7+24+deb13u1 arm64
  X.Org X server -- output driver metapackage

xssproxy/stable 1.0.0-1+deb13u1 arm64
  Forward freedesktop.org Idle Inhibition Service calls to Xss

xstow/stable 1.1.1-1 arm64
  Extended replacement of GNU Stow

xutils/stable 1:7.7+24+deb13u1 all
  X Window System utility programs metapackage

xutils-dev/stable 1:7.7+7 arm64
  X Window System utility programs for development

xva-img/stable 1.5-1+b2 arm64
  Citrix XenServer .xva disk extraction tool

xvfb/stable 2:21.1.16-1.3+deb13u3 arm64
  Virtual Framebuffer 'fake' X server

xwax/stable 1.10~beta1-1 arm64
  open-source vinyl emulation software for Linux

xye/stable 0.12.2+dfsg-12+b1 arm64
  puzzle game - get all the gems in the room

xye-data/stable 0.12.2+dfsg-12 all
  data files for xye

xymon/stable 4.3.30-4 arm64
  monitoring system for systems, networks and applications

xzdec/stable 5.8.1-1+deb13u1 arm64
  XZ-format compression utilities - tiny decompressors

yanagiba/stable 1.0.0-5 all
  filter low quality Oxford Nanopore reads basecalled with Albacore

yaws-yapp/stable 2.2.0+dfsg-2 all
  Provides an easy way to deploy applications for Yaws webserver

yazc/stable 0.4.3-1+b2 arm64
  Command line tool for the libzc library

yeahconsole/stable 0.3.4-6.1 arm64
  drop-down X terminal emulator wrapper

yi/stable 0.19.3-1 arm64
  Haskell-Scriptable Editor

ykls/stable 1.3.4-2+b22 arm64
  Utility for listing connected Yubikeys

ynew/stable 1.6-2 all
  Open a named yakuake tab and runs a script in it

yorick-av/stable 0.0.6-1+b3 arm64
  write movies from Yorick in various formats

yorick-doc/stable 2.2.04+dfsg1-14 all
  documentation for the Yorick interpreted language

yorick-gl/stable 1.1+cvs20070922+dfsg-7 arm64
  OpenGL 3D graphics support for the Yorick language

yorick-imutil/stable 0.5.7-4 arm64
  fast image manipulation routines for the Yorick language

yorick-ml4/stable 0.6.0-6 arm64
  Matlab file format support for the Yorick language

yorick-mpeg/stable 0.1-4+b1 arm64
  MPEG output support for the Yorick language

yorick-z/stable 1.2.0+cvs20080115-6 arm64
  zlib, jpeg and png support for the Yorick language

yt-dlp/stable 2025.04.30-1 all
  downloader of videos from YouTube and other sites

ytnef-tools/stable 2.1.2-1+b2 arm64
  ytnef decoder commandline tools

zabbix-agent/stable 1:7.0.22+dfsg-1~deb13u1 arm64
  network monitoring solution - agent

zabbix-agent2/stable 1:7.0.22+dfsg-1~deb13u1 arm64
  Zabbix network monitoring solution - agent2

zabbix-frontend-php/stable 1:7.0.22+dfsg-1~deb13u1 all
  network monitoring solution - PHP front-end

zabbix-java-gateway/stable 1:7.0.22+dfsg-1~deb13u1 all
  network monitoring solution - Java gateway

zabbix-proxy-mysql/stable 1:7.0.22+dfsg-1~deb13u1 arm64
  network monitoring solution - proxy (using MySQL)

zabbix-proxy-pgsql/stable 1:7.0.22+dfsg-1~deb13u1 arm64
  network monitoring solution - proxy (using PostgreSQL)

zabbix-proxy-sqlite3/stable 1:7.0.22+dfsg-1~deb13u1 arm64
  network monitoring solution - proxy (using SQLite3)

zabbix-sender/stable 1:7.0.22+dfsg-1~deb13u1 arm64
  Zabbix network monitoring solution - sender

zabbix-server-mysql/stable 1:7.0.22+dfsg-1~deb13u1 arm64
  network monitoring solution - server (using MySQL)

zabbix-server-pgsql/stable 1:7.0.22+dfsg-1~deb13u1 arm64
  network monitoring solution - server (using PostgreSQL)

zabbix-web-service/stable 1:7.0.22+dfsg-1~deb13u1 arm64
  Zabbix network monitoring solution - web-service

zegrapher/stable 3.1.1-5 arm64
  plotting mathematical functions and sequences on the plane

zerofree/stable 1.1.1-1+b2 arm64
  zero free blocks from ext2, ext3 and ext4 file-systems

ziproxy/stable 3.3.2-7+b4 arm64
  compressing HTTP proxy server

zita-at1/stable 0.8.2-1+b1 arm64
  JACK autotuner

zookeeper/stable 3.9.3-1+deb13u1 all
  High-performance coordination service for distributed applications

zsh-antigen/stable 2.2.3-5 all
  manage your zsh plugins

zsh-static/stable 5.9-8+b23 arm64
  shell with lots of features (static link)

zutty/stable 0.16.2.20241020+dfsg1-1 arm64
  Efficient full-featured X11 terminal emulator

