
WARNING: apt does not have a stable CLI interface. Use with caution in scripts.

Sorting...
Full Text Search...
9mount/stable 1.3+hg20170412-2 arm64
  Plan 9 filesystem (v9fs) user mount utilities

a7xpg/stable 0.11.dfsg1-12 arm64
  chase action game

a7xpg-data/stable 0.11.dfsg1-12 all
  chase action game - game data

abs-guide/stable 10-4 all
  The Advanced Bash-Scripting Guide

ace-of-penguins/stable 1.5~rc2-6+b1 arm64
  penguin-themed solitaire games

acpi-support/stable 0.143-5.2 all
  scripts for handling many ACPI events

adms/stable 2.3.7-1+b2 arm64
  Automatic device model synthesizer for Verilog-AMS

aephea/stable 12-248-3 all
  text-based authoring tool for HTML

agda-stdlib/stable 2.1-4 all
  standard library for Agda

agda-stdlib-doc/stable 2.1-4 all
  standard library for Agda — documentation

algotutor/stable 0.8.6-6 all
  program for observing the intermediate steps of algorithm

allegro4-doc/stable 2:4.4.3.1-5 all
  documentation for the Allegro library

amoebax/stable 0.2.1+dfsg-6+b1 arm64
  Puyo Puyo-style puzzle game for up to two players

and/stable 1.2.2-4.3+b2 arm64
  Auto Nice Daemon

angband/stable 1:4.2.5+dfsg1-3 arm64
  Single-player, text-based, dungeon simulation game

angrydd/stable 1.0.1-14 all
  Angry Drunken Dwarves - falling blocks puzzle game

apksigner/stable 35.0.2-1 all
  command line tool to sign and verify Android APKs

apophenia-bin/stable 1.0+ds-10 arm64
  Apophenia Statistical C Library -- binary package

apophenia-doc/stable 1.0+ds-10 all
  Apophenia Statistical C Library -- reference manual

aprx/stable 2.9.1-3 arm64
  APRS Digipeater and iGate

apt/stable,now 3.0.3 arm64 [installed]
  commandline package manager

ardentryst/stable 1.71-11 all
  Action/RPG sidescoller, focused on story and character development

argus-client/stable 1:5.0.2+git20250321.41f65e2-2 arm64
  IP network transaction auditing tool

argus-server/stable 2:5.0.2-3 arm64
  IP network transaction auditing tool

arm-trusted-firmware/stable 2.12.1+dfsg-1 arm64
  "secure world" software for ARM SoCs - firmware

arm-trusted-firmware-tools/stable 2.12.1+dfsg-1 arm64
  "secure world" software for ARM SoCs - tools

asymptote/stable 3.02+ds-1 arm64
  script-based vector graphics language inspired by MetaPost

asymptote-x11/stable 3.02+ds-1 all
  script-based vector graphics language inspired by MetaPost - the GUI part

at/stable 3.2.5-2.2 arm64
  Delayed job execution and batch processing

atomicparsley/stable 20240608.083822.1ed9031-1 arm64
  read, parse and set metadata of MPEG-4 and 3gp files

atomix/stable 44.0-4 arm64
  puzzle game for building molecules out of separate atoms

atomix-data/stable 44.0-4 all
  puzzle game for building molecules out of separate atoms -- data

atop/stable 2.11.1-3 arm64
  Monitor for system resources and process activity

awscli/stable 2.23.6-1 all
  Unified command line interface to Amazon Web Services

backup2l/stable 1.7-1 all
  low-maintenance backup/restore tool

badger/stable 2.2007.2-4+b7 arm64
  Fast key-value DB in Go.

bamfdaemon/stable 0.5.6+repack-1.1+b2 arm64
  Window matching library - daemon

bash-argsparse/stable 1.8.22.ga05fe6d-4 all
  High level argument parsing library for bash

bashacks/stable 1.5+git20241128.a8d16fc-1 all
  collection of useful bash scripts for programmers

bashacks-doc/stable 1.5+git20241128.a8d16fc-1 all
  collection of useful bash scripts for programmers — documentation

batmon.app/stable 0.9-4+b2 arm64
  Battery monitor for GNUstep

bcnc/stable 0.9.14.318+ds-5 all
  GRBL CNC command sender, autoleveler and g-code editor

bear-factory/stable 0.6.0-8+b8 arm64
  Editors for Plee the Bear

bergman/stable 1.001+dfsg-2 all
  Gröbner bases in commutative and non-commutative algebras

berkeley-express/stable 1.5.3+dfsg-3+b4 arm64
  Streaming quantification for high-throughput sequencing

berkeley-express-doc/stable 1.5.3+dfsg-3 all
  Documentation for RNA-Seq tool eXpress

berusky/stable 1.7.2-4 arm64
  Logic game based on Sokoban

berusky-data/stable 1.7-6 all
  Data files for Berusky

berusky2/stable 0.12-5 arm64
  logic game Bugs Escape 3D

berusky2-data/stable 0.12-2 all
  logic game Bugs Escape 3D -- data files

bettercap/stable 2.33.0-1+b9 arm64
  Complete, modular, portable and easily extensible MITM framework

bilibop-rules/stable 0.6.5 all
  device management rules for OS running from external media

bilibop-udev/stable 0.6.5 all
  minimal udev rule for Debian GNU/Linux running from external media

binfmt-support/stable 2.2.2-7+b1 arm64
  Support for extra binary formats

binpac/stable 0.59.0-1+b1 arm64
  high level protocol parser language

bitseq/stable 0.7.5+dfsg-6+b2 arm64
  Bayesian Inference of Transcripts from Sequencing Data

bitshuffle/stable 0.5.2-1+b3 arm64
  filter for improving compression of typed binary data

bitwise/stable 0.50-1+b2 arm64
  Interactive bitwise operation in ncurses

blkreplay/stable 1.0-3.1+b2 arm64
  block device testing and benchmarking toolkit

blkreplay-examples/stable 1.0-3.1 all
  block device testing and benchmarking toolkit (examples)

blktool/stable 4-8 arm64
  tune low-level block device parameters

blocks-of-the-undead-data/stable 1.0-7 all
  Tetris Attack clone with spooky undertones - data files

blueprint-tools/stable 0.0~git20201007.25128be-2+b19 arm64
  Blueprint meta build system (command-line tools)

bluez-hcidump/stable 5.82-1.1 arm64
  Analyses Bluetooth HCI packets

bombardier/stable 0.8.3+nmu4 arm64
  The GNU Bombing utility

bomberclone/stable 0.11.9-7.1+b2 arm64
  free Bomberman clone

bomberclone-data/stable 0.11.9-7.1 all
  Data files for bomberclone game

boulder-game/stable 1.02+ds-1 arm64
  Boulder Dash clone

bpftrace/stable 0.23.2-1 arm64
  high-level tracing language for Linux eBPF

briquolo/stable 0.5.7-11+b2 arm64
  fast paced 3d Breakout game

briquolo-data/stable 0.5.7-11 all
  data files for the fast paced 3d Breakout game Briquolo

brutalchess/stable 0.5.2+dfsg-8+b2 arm64
  3D chess game with reflection of the chessmen

bs1770gain/stable 0.9.5-1 arm64
  measure and adjust audio and video sound loudness

budgie-brightness-controller-applet/stable 1.9.0-1 arm64
  Applet to control the brightness of the screen

bumprace/stable 1.5.8-2 arm64
  1 or 2 players race through a multi-level maze

bumprace-data/stable 1.5.8-2 all
  data files for bumprace

butteraugli/stable 0~20170116-3+b2 arm64
  measuring perceived differences between images

bwidget/stable 1.10.1-3 all
  Extension widgets for Tcl/Tk

c-evo-dh-gtk2/stable 2.5-1 arm64
  Empire Building Game (GTK2), C-evo: Distant Horizon

camlmix/stable 1.3.1-6+b3 arm64
  preprocessor which converts text with embedded OCaml

capirca-docs/stable 2.0.9-0.1 all
  Multi-platform ACL generation system (documentation)

catkin/stable 0.8.10-17 all
  Low-level build system macros and infrastructure for Robot OS

caveexpress/stable 2.5.2-4 arm64
  2D platformer with physics-based gameplay

caveexpress-data/stable 2.5.2-4 all
  2D platformer with physics-based gameplay --data

cavepacker/stable 2.5.2-4 arm64
  sokoban game with network based multiplayer gaming

cavepacker-data/stable 2.5.2-4 all
  sokoban game with network based multiplayer gaming --data

ceferino/stable 0.97.8+svn37-4 arm64
  action game similar to Super Pang

ceferino-data/stable 0.97.8+svn37-4 all
  action game similar to Super Pang

ceph-mgr/stable 18.2.7+ds-1+deb13u1 arm64
  manager for the ceph distributed file system

checkpolicy/stable 3.8.1-1 arm64
  SELinux policy compiler

chroma-data/stable 1.19-2 all
  Abstract puzzle game - data files

chrootuid/stable 1.3-6.2 arm64
  Run commands in restricted environments

chuffed-flatzinc/stable 0.13.1-1+b1 arm64
  lazy clause generation FlatZinc implememntation

cl-cffi/stable 1:0.24.1-3 all
  Common Foreign Function Interface for Common Lisp

cl-closer-mop/stable 2:20250303.git53221de-2 all
  Cross Implementation AMOP library

cl-closure-common/stable 20101107-1.1 all
  Shared code for Closure XML and Closure HTML

cl-clx-sbcl/stable 0.7.5-1 arm64
  X11 Common Lisp client library for SBCL

cl-cxml/stable 20110619-2.1 all
  XML parser written in Common Lisp

cl-fftw3/stable 1.0.2-1 all
  Common Lisp package for using the FFTW3 library

cl-ironclad/stable 0.61-4 all
  cryptographic toolkit written in Common Lisp

cl-modlisp/stable 0.6-7.2 all
  Common Lisp interface to the Apache mod-lisp module

cl-osicat/stable 0.7.0+git20241215.37a3521-1 all
  lightweight operating system interface for Common Lisp on POSIX-like systems

cl-pg/stable 1:20061216-6.1 all
  Common Lisp library that provides a socket level postgresql interface

cl-postgres/stable 20211113.git9d4332f-5 all
  Low-level client library for PosgreSQL

cl-rosgraph-msgs/stable 1.11.3-4 all
  Messages relating to the Robot OS Computation Graph, LISP bindings

cl-speech-dispatcher/stable 0.12.0-5 all
  Common Lisp interface to Speech Dispatcher

cl-topic-tools/stable 1.17.0+ds-2 all
  LISP library for working with Robot OS topics

cl-visualization-msgs/stable 1.13.1-3 all
  Messages relating to Robot OS visualization, LISP interface

clanlib-doc/stable 1.0~svn3827-11.2 all
  Reference documentation and tutorials for ClanLib

clasp/stable 3.3.5-4.2+b1 arm64
  conflict-driven nogood learning answer set solver

clipf/stable 0.6-1 all
  command line minimalistic personal finance manager

colorcode/stable 0.8.7-1+b2 arm64
  advanced clone of the MasterMind code-breaking game

containerd/stable 1.7.24~ds1-6+deb13u1 arm64
  open and reliable container runtime

coop-computing-tools/stable 1:7.14.5-1+b2 arm64
  cooperative computing tools

coq/stable 8.20.1+dfsg-1+b1 arm64
  proof assistant for higher-order logic (toplevel and compiler)

courier-filter-perl/stable 0.200+ds-6 all
  purely Perl-based mail filter framework for the Courier MTA

cppi/stable 1.18-3 arm64
  adjusts or checks indentation of C and C++ preprocessor directives

cpucycles/stable 0~20240318-2 arm64
  command-line tool for counting CPU cycles (libcpucycles)

cpuset/stable 1.6.2-2 all
  Allows manipluation of cpusets and provides higher level fun

crmsh/stable 5.0.0~rc1-1 all
  CRM shell for the pacemaker cluster manager

crmsh-doc/stable 5.0.0~rc1-1 all
  crmsh HTML Documentation

crowdsec-firewall-bouncer/stable 0.0.25-5+b11 arm64
  CrowdSec bouncer for firewalls

crun/stable 1.21-1 arm64
  lightweight OCI runtime for running containers

csstidy/stable 1.4-8+b1 arm64
  CSS parser and optimiser

cube2-data/stable 1.3-1 all
  demo game and content for the Cube2 engine

cupt/stable 2.10.4+nmu2+b2 arm64
  flexible package manager -- console interface

curseofwar/stable 1.3.0-2 arm64
  fast-paced action strategy game for Linux based on ncurses

curseofwar-common/stable 1.3.0-2 all
  common files for fast-paced action strategy curseofwar

curseofwar-sdl/stable 1.3.0-2 arm64
  fast-paced action strategy game for Linux based on SDL

cuyo/stable 2.1.0-1+b1 arm64
  Tetris-like game with very impressive effects

cuyo-data/stable 2.1.0-1 all
  data files for the game cuyo

d-itg/stable 2.8.1-r1023-6 arm64
  Distributed Internet Traffic Generator

darkradiant/stable 3.9.0-1+b2 arm64
  Level design toolchain for DOOM3 and The Dark Mod

darkradiant-plugins-darkmod/stable 3.9.0-1+b2 arm64
  DarkMod-specific plugins for DarkRadiant

davegnukem/stable 1.0.3-4+b1 arm64
  Retro-style 2D scrolling platform shooter

dbuskit-dev-tools/stable 0.1.1-13 arm64
  GNUstep framework that interfaces with D-Bus (tools)

dbuskit-doc/stable 0.1.1-13 all
  GNUstep framework that interfaces with D-Bus (documentation)

dconf-cli/stable,now 0.40.0-5 arm64 [installed,automatic]
  simple configuration storage system - utilities

dconf-editor/stable 45.0.1-2+b1 arm64
  simple configuration storage system - graphical editor

dconf-gsettings-backend/stable,now 0.40.0-5 arm64 [installed,automatic]
  simple configuration storage system - GSettings back-end

dconf-service/stable,now 0.40.0-5 arm64 [installed,automatic]
  simple configuration storage system - D-Bus service

ddd/stable 1:3.3.12-5.4+b2 arm64
  Data Display Debugger, a graphical debugger frontend

deblur/stable 1.1.1-4 all
  deconvolution for Illumina amplicon sequencing

deutex/stable 5.2.3-1 arm64
  composition tool for doom-style WAD files

dgedit/stable 0.10.0-2+b2 arm64
  drum kit editor for DrumGizmo

dh-cargo/stable 32 all
  debhelper buildsystem for Rust crates using Cargo

dh-exec/stable 0.30+b1 arm64
  Scripts to help with executable debhelper files

dhav2mkv/stable 1.4.1-2+b1 arm64
  DHAV video to MKV format converter

di-netboot-assistant/stable 0.79 all
  Debian-Installer netboot assistant

digikam/stable 4:8.6.0-1 arm64
  digital photo management application for KDE

diploma/stable 1.2.16 all
  Write scientific papers with Debian

displaycal/stable 3.9.16-1 all
  Graphical user interface for the Argyll CMS.

dkopp/stable 8.2-1 arm64
  Full and incremental backup to DVD

dlt-daemon/stable 2.18.10-10+b1 arm64
  Diagnostic Log and Trace logging daemon

dlt-viewer/stable 2.27.0+dfsg-2 arm64
  Viewer for COVESA DLT traces

dlt-viewer-dev/stable 2.27.0+dfsg-2 arm64
  Viewer for COVESA DLT traces - development files

dm-writeboost-dkms/stable 2.2.18-0.1 all
  log-structured caching for Linux

dmidecode/stable,now 3.6-2 arm64 [installed]
  SMBIOS/DMI table decoder

dns-flood-detector/stable 1.20-7+b3 arm64
  detect abusive usage levels on high traffic nameservers

dnsrecon/stable 1.2.0-3 all
  Powerful DNS enumeration script

dnstop/stable 20240820-1 arm64
  console tool to analyze DNS traffic

docker-buildx/stable 0.13.1+ds1-3 arm64
  Docker CLI plugin for extended build capabilities with BuildKit (program)

docker-doc/stable 26.1.5+dfsg1-9 all
  Linux container runtime -- documentation

docker.io/stable 26.1.5+dfsg1-9+b13 arm64
  Linux container runtime

doclifter/stable 2.21-3 all
  Convert troff to DocBook

dodgindiamond2/stable 0.2.2-5 arm64
  Little shoot-'em-up arcade game for one or two players

domino-chain/stable 1.1-6 arm64
  Fun puzzle game with dominos

douceur/stable 0.2.0-3+b18 arm64
  simple CSS parser and inliner in Go (program)

doxygen-doxyparse/stable 1.9.8+ds-2.1 arm64
  Multi-language source code parser based on doxygen

dpic/stable 2023.06.01-1+b1 arm64
  pic-language converter to LaTeX-compatible and other formats

dpkg/stable,now 1.22.22 arm64 [installed]
  Debian package management system

dselect/stable 1.22.22 arm64
  Debian package management front-end

dustracing2d/stable 2.1.1-2+b2 arm64
  tile-based 2D racing game

dwdiff/stable 2.1.4-2+b4 arm64
  diff program that operates word by word

dxvk/stable 2.6+ds-1 all
  Vulkan-based translation layer for Direct3D 8/9/10/11

dxvk-wine64/stable 2.6+ds-1 arm64
  Vulkan-based translation layer for Direct3D 8/9/10/11 - wine64 build

e00compr/stable 1.0.1-8 arm64
  Program to read/write Arcinfo compressed E00 files

education-highschool/stable 2.13.3 arm64
  Debian Edu applications for high school level

education-preschool/stable 2.13.3 arm64
  Debian Edu applications for pre school level

education-primaryschool/stable 2.13.3 arm64
  Debian Edu applications for primary school level

education-secondaryschool/stable 2.13.3 arm64
  Debian Edu applications for secondary school level

efp/stable 1.6-3 all
  Escape from Pong NES game

eglexternalplatform-dev/stable 1.2-1 all
  EGL External Platform Interface -- development files

elasticsearch-curator/stable 8.0.21-1 all
  command-line tool for managing Elasticsearch time-series indices

elixir-nimble-parsec/stable 1.4.2-1 arm64
  simple and fast library for text-based parser combinators

elpa-caml/stable 4.9-4 all
  emacs mode for editing OCaml programs

elpa-concurrent/stable 0.5.1-6 all
  higher level library for concurrent tasks

elpa-emacsql/stable 4.3.0-1 all
  high level SQL database frontend for Emacs (abstractions)

elpa-emacsql-mysql/stable 4.3.0-1 all
  high level SQL database frontend for Emacs (MySQL backend)

elpa-emacsql-psql/stable 4.3.0-1 all
  high level SQL database frontend for Emacs (PostgreSQL backend)

elpa-emacsql-sqlite/stable 4.3.0-1 all
  high level SQL database frontend for Emacs (SQLite backend)

elpa-epl/stable 0.9-8 all
  Emacs Package Library

elpa-esup/stable 0.7.1+git20220203.4b49c8d-2 all
  Emacs StartUp Profiler

elpa-folding/stable 0.0~git20240308.b27c4a1-2 all
  folding-editor minor mode for Emacs

elpa-fountain-mode/stable 3.7.1-3 all
  Emacs major mode for screenwriting in Fountain markup

elpa-highlight-indentation/stable 0.7.0-6 all
  highlight the indentation level in Emacs buffers

elpa-m-buffer/stable 0.15-4 all
  list-oriented, functional buffer manipulation

elpa-org-bullets/stable 0.2.4+git20200318.767f55f-2 all
  show bullets in Org-mode as UTF-8 characters

elpa-org-present/stable 0.1+git20220109.c0f1f36-3 all
  minimalist presentation tool for Emacs org-mode

elpa-ox-texinfo+/stable 2.3.2-2 all
  Extensions for Org's Texinfo exporter

elpa-paredit/stable 27~git20241103.1.af07577-1 all
  Emacs minor mode for structurally editing Lisp code

elpa-pg/stable 0.54-1 all
  pg.el -- Emacs Lisp socket-level interface to the PostgreSQL RDBMS

elpa-ps-ccrypt/stable 1.11-5 all
  Emacs addon for working with files encrypted with ccrypt

elpa-rainbow-delimiters/stable 2.1.5+git20230830.1.f40ece5-2 all
  Emacs mode to colour-code delimiters according to their depth

elpa-taxy-magit-section/stable 0.13-2 all
  View Emacs Taxy structs in a Magit Section buffer

elpa-tuareg/stable 1:3.0.1-3 all
  emacs-mode for OCaml programs

elpa-writegood-mode/stable 2.2.0-3 all
  Emacs minor mode that provides hints for common English writing problems

elpa-xelb/stable 0.20-1 all
  pure Elisp implementation of X11 protocol

emboss-lib/stable 6.6.0+dfsg-15+b1 arm64
  EMBOSS Libraries

enigma/stable 1.30+dfsg-3 arm64
  Game where you control a marble with the mouse

enigma-data/stable 1.30+dfsg-3 all
  Data files for the game enigma

enigma-doc/stable 1.30+dfsg-3 all
  Documentation for the game enigma

ephoto/stable 1.6.0-1+b2 arm64
  Comprehensive Image Viewer Using EFL

epiphany/stable 0.7.0+0-7 arm64
  clone of Boulder Dash game

escputil/stable 5.3.4.20220624T01008808d602-4 arm64
  maintenance utility for Epson Stylus printers

expect/stable 5.45.4-4 arm64
  Automates interactive applications

expeyes/stable 5.3.3+repack-2 all
  hardware & software framework for developing science experiments

eyes17/stable 5.3.3+repack-2 all
  hardware & software framework for developing science experiments

eyes17-manuals-en/stable 5.3.1+repack-1 all
  Eyes17 User Manuals (English version)

eyes17-manuals-es/stable 5.3.1+repack-1 all
  Eyes17 User Manuals (Spanish version)

eyes17-manuals-fr/stable 5.3.1+repack-1 all
  Eyes17 User Manuals (French version)

eyes17-manuals-ml/stable 5.3.1+repack-1 all
  Eyes17 User Manuals (Malayalam version)

f2c/stable 20240504-1+b2 arm64
  FORTRAN 77 to C/C++ translator

fairy-stockfish/stable 11.1-1+b1 arm64
  chess variant engine including support for Chess, Shogi and XiangQi variants

falcosecurity-scap-dkms/stable 0.20.0-3 all
  Kernel driver for Falco and Sysdig

fastqtl/stable 2.184+v7+dfsg-4+b3 arm64
  Quantitative Trait Loci (QTL) mapper in cis for molecular phenotypes

fastqtl-doc/stable 2.184+v7+dfsg-4 all
  QTL mapper in cis for molecular phenotypes - documentation

fdpowermon/stable 1.20 all
  simple battery power monitor for laptops with ACPI

fence-agents-heuristics-ping/stable 4.16.0-3 all
  Fence Agents for Red Hat Cluster - heuristics ping agent

fflas-ffpack/stable 2.5.0-3 arm64
  Finite field linear algebra subroutines/package

fflas-ffpack-common/stable 2.5.0-3 all
  Finite field linear algebra subroutines/package - common files

fflas-ffpack-dev-doc/stable 2.5.0-3 all
  FFLAS-FFPACK Developer Documentation

fflas-ffpack-user-doc/stable 2.5.0-3 all
  FFLAS-FFPACK User Documentation

fillets-ng/stable 1.0.1-5 arm64
  puzzle game about witty fish saving the world sokoban-style

fillets-ng-data/stable 1.0.1-2 all
  docs, graphics, music and international sounds for fillets-ng

fillets-ng-data-cs/stable 1.0.1-2 all
  add-on sounds for Czech language spoken dialogs for fillets-ng

fillets-ng-data-nl/stable 1.0.1-2 all
  add-on sounds for Dutch language spoken dialogs for fillets-ng

filtergen/stable 0.12.8-3+b2 arm64
  packet filter generator for various firewall systems

finit/stable 4.12-1 arm64
  Fast init for Linux systems

firebird3.0-utils/stable 3.0.12.ds7-13+deb13u1 arm64
  Firebird command line utilities

firebird4.0-utils/stable 4.0.5.3140.ds6-17+deb13u1 arm64
  Firebird command line utilities

firewall-applet/stable 2.3.1-1+deb13u1 all
  panel applet providing status information of firewalld

firewall-config/stable 2.3.1-1+deb13u1 all
  graphical configuration tool to change the firewall settings

firewalld/stable 2.3.1-1+deb13u1 all
  dynamically managed firewall with support for network zones

firewalld-tests/stable 2.3.1-1+deb13u1 all
  installed tests for firewalld

fitsh/stable 0.9.4-1+b1 arm64
  Software package for astronomical image processing

fonts-sil-akatab/stable 3.000-1 all
  Akatab is a Tifinagh font

fonts-sil-annapurna/stable 2.000-2 all
  smart font for languages using Devanagari script

fonts-sil-charis-compact/stable 6.200-1 all
  smart Unicode fonts for Latin and Cyrillic scripts (tight spacing version)

fonts-sil-doulos-compact/stable 5.000-3 all
  smart Unicode font for Latin and Cyrillic scripts (tight spacing version)

fonts-urw-base35/stable,now 20200910-8 all [installed,automatic]
  font set metric-compatible with the 35 PostScript Level 2 Base Fonts

fonts-yusei-magic/stable 1.000-20210130-2 all
  handwritten letters written with permanent marker

forensics-colorize/stable 1.1-7+b1 arm64
  show differences between files using color graphics

fracatux/stable 1.5.2+dfsg1-1 all
  small application to teach fractions, at primary level

freedm/stable 0.13.0-2 all
  multiplayer deathmatch game for Doom-compatible engines

freedoom/stable 0.13.0-2 all
  two single player campaigns for Doom-compatible engines

freedroid-data/stable 1.2.3.apk-1 all
  Data files for freedroid - a strategic shoot-em up

freegish/stable 1.53+git20170110+dfsg-2+b2 arm64
  physics based arcade game

freegish-data/stable 1.53+git20170110+dfsg-2 all
  data for the FreeGish arcade game

freenect/stable 1:0.5.3-3.2+b1 arm64
  library for accessing Kinect device -- metapackage

frozen-bubble/stable 2.212-13+b1 arm64
  cool game where you pop out the bubbles!

frozen-bubble-data/stable 2.212-13 all
  Data files for Frozen-Bubble game

fscrypt/stable 0.3.5-1+b5 arm64
  Tool for managing Linux filesystem encryption

fsverity/stable 1.6-1.2 arm64
  Userspace utilities for fs-verity

ftp-proxy/stable 1.9.2.4-11+b1 arm64
  application level proxy for the FTP protocol

ftp-proxy-doc/stable 1.9.2.4-11 all
  documentation for ftp-proxy

fxt-tools/stable 0.3.15-1 arm64
  Multithreaded tracing library

g-golf/stable 0.8.0-1 arm64
  Guile Object Library for GNOME

gamine-data/stable 1.6-2 all
  data files for gamine game

gap-browse/stable 1.8.21+dfsg-1 arm64
  GAP Browse - browsing applications and ncurses interface

gap-io/stable 4.9.1+ds-1 arm64
  low level C library IO bindings for GAP

garden-of-coloured-lights/stable 1.0.9-2+b1 arm64
  abstract vertical shooter with music elements

garden-of-coloured-lights-data/stable 1.0.9-2 all
  abstract vertical shooter with music elements (data)

gargoyle-free/stable 2023.1+dfsg-4+b3 arm64
  graphical player for Interactive Fiction games

gasic/stable 0.0.r19-8 all
  genome abundance similarity correction

gasic-examples/stable 0.0.r19-8 all
  genome abundance similarity correction (example data)

gdb/stable 16.3-1 arm64
  GNU Debugger

gdb-avr/stable 15.1-1+b3 arm64
  GNU Debugger for avr

gdb-bpf/stable 16.3-1+2+b1 arm64
  Cross-debugger for the bpf target

gdb-minimal/stable 16.3-1 all
  GNU Debugger (minimal version - dummy transitional package)

gdb-multiarch/stable 16.3-1 arm64
  GNU Debugger (with support for multiple architectures)

gdb-source/stable 16.3-1 all
  GNU Debugger (source)

gdbserver/stable 16.3-1 arm64
  GNU Debugger (remote server)

gdl-astrolib/stable 2022.09.12+dfsg-2 all
  Low-level astronomy software for GDL

gecode-flatzinc/stable 6.2.0+git20240207-2 arm64
  constraint problem modelling language

gedit/stable 48.1-4 arm64
  popular text editor for the GNOME desktop environment

gedit-dev/stable 48.1-4 arm64
  popular text editor for the GNOME desktop environment (dev files)

geki2/stable 2.0.8-3 arm64
  Xenon-like vertical shoot'em-up

geki3/stable 1.0.3-13 arm64
  R-Type-like horizontal shoot'em-up

gemma/stable 0.98.5+dfsg-3 arm64
  Genome-wide Efficient Mixed Model Association

geomview/stable 1.9.5-5 arm64
  interactive geometry viewing program

ges1.0-tools/stable 1.26.2-1 arm64
  Tools for use with the GStreamer editing services

gigtools/stable 4.4.1-1+b1 arm64
  command line tools for Gigasampler and DLS Level 1/2 files

gimp/stable,now 3.0.4-3+deb13u9 arm64 [installed]
  GNU Image Manipulation Program

ginga/stable 5.3.0-1 all
  Astronomical image viewer

gir-rust-code-generator/stable 0.20.5-3 arm64
  Generate rust source code from gir files

gir1.2-bamf-3/stable 0.5.6+repack-1.1+b2 arm64
  GObject introspection data for the Bamf library

gir1.2-ges-1.0/stable 1.26.2-1 arm64
  GObject introspection data for the GES library

gir1.2-grilo-0.3/stable 0.3.16-2 arm64
  Framework for discovering and browsing media - GObject introspection data

gir1.2-pluma-1.0/stable 1.26.1-2.1 arm64
  GObject introspection data for Pluma

gir1.2-wp-0.5/stable 0.5.8-2 arm64
  GObject introspection files for WirePlumber

gir1.2-xkl-1.0/stable 5.4-5+b2 arm64
  X Keyboard Extension high-level API - introspection data

git-crecord/stable 20230226.0-2 all
  interactively select chunks to commit with Git

git-flow/stable 1.12.3-3 all
  Git extension to provide a high-level branching model

glbsp/stable 2.24-8+b1 arm64
  nodes builder for Doom-style games; has support for OpenGL

gnome-mahjongg/stable 1:48.1-2+b1 arm64
  classic Eastern tile game for GNOME

gnome-maps/stable 48.7-0+deb13u1 arm64
  map application for GNOME

gnome-panel/stable 3.56.0-1 arm64
  traditional panel, used in GNOME Flashback

gnome-ponytail-daemon/stable 0.0.11-1 arm64
  Helper daemon for dogtail on Wayland

gnome-user-share/stable 48.0-1 arm64
  User level public file sharing via WebDAV

gnucobol3/stable 3.2-3 arm64
  COBOL compiler

gnucobol4/stable 4.0~early~20200606-7 arm64
  COBOL compiler

gnunet/stable 0.20.0-7 arm64
  GNU's framework for secure peer-to-peer networking

gnunet-gtk/stable 0.20.0-5 arm64
  GNU's framework for secure peer-to-peer networking (GTK+ client)

go-bluetooth/stable 5.60-3+b15 arm64
  Golang bluetooth client based on bluez DBus interfaces (program)

go-git/stable 5.14.0-1+b3 arm64
  highly extensible Git implementation in pure Go (command line)

go-qrcode/stable 0.0~git20200617.da1b656-4+b15 arm64
  QR Code encoder (Go program)

golang-filippo-edwards25519-dev/stable 1.0.0~rc1+git20210721-0.1 all
  Low-level, Ed25519 elliptic curve library

golang-github-alecthomas-colour-dev/stable 0.0~git20160524.60882d9-1.1 all
  Quake-style colour formatting for Unix terminals

golang-github-alexflint-go-arg-dev/stable 1.3.0+ds-3 all
  Struct-based argument parsing in Go

golang-github-antonini-golibjpegturbo-dev/stable 0.0~git20141208.c03a2fa-5 all
  libjpeg-turbo cgo bindings for Go (library)

golang-github-awnumar-memguard-dev/stable 0.22.5-2 all
  secure enclave for storage of sensitive information (library)

golang-github-aymerick-douceur-dev/stable 0.2.0-3 all
  simple CSS parser and inliner in Go (library)

golang-github-azure-azure-storage-blob-go-dev/stable 0.15.0-1 all
  Microsoft Azure Blob Storage Library for Go

golang-github-backblaze-blazer-dev/stable 0.6.1-4 all
  Go library for Backblaze's B2

golang-github-bep-logg-dev/stable 0.4.0-1 all
  fast and structured logging package for Go

golang-github-bmatsuo-lmdb-go-dev/stable 1.8.0+git20170215.a14b5a3-4 all
  Bindings for the LMDB C library

golang-github-boltdb-bolt-dev/stable 1.3.1-7.1 all
  low-level key/value database for Go

golang-github-burntsushi-locker-dev/stable 0.0~git20171006.a6e239e-3 all
  simple Go package for conveniently using named read/write locks

golang-github-burntsushi-xgb-dev/stable 0.0~git20210121.deaf085-1 all
  Low-level API to communicate with the X server. See the reference

golang-github-charmbracelet-log-dev/stable 0.4.0-2 all
  Minimal, colorful Go logging library 🪵 (library)

golang-github-chzyer-logex-dev/stable 1.2.1-1 all
  Golang log lib

golang-github-cloudflare-redoctober-dev/stable 0.0~git20161017.0.78e9720-5 all
  Software-based two-man rule style (development files)

golang-github-codahale-hdrhistogram-dev/stable 0.0~git20161010.3a0bb77-3 all
  implementation of Gil Tene's HDR Histogram

golang-github-confluentinc-confluent-kafka-go-dev/stable 0.11.6-1 all
  Apache Kafka Golang client by Confluent

golang-github-containerd-containerd-dev/stable 1.7.24~ds1-6+deb13u1 all
  open and reliable container runtime (development files)

golang-github-coreos-bbolt-dev/stable 1.3.10-2 all
  low-level key/value database for Go, especially CoreOS's etcd

golang-github-cznic-lldb-dev/stable 1.0.1-1.1 all
  low level database engine

golang-github-d2r2-go-logger-dev/stable 0.0~git20210606.60e9d12-4 all
  Go logger functionality with package-level logging separation (library)

golang-github-dennwc-btrfs-dev/stable 0.0~git20240418.0167142-1 all
  btrfs library for Go

golang-github-dgraph-io-badger-dev/stable 2.2007.2-4 all
  Fast key-value DB in Go - development files for embedding.

golang-github-dgryski-go-bitstream-dev/stable 0.0~git20180412.3522498-3 all
  read and write bits from io.Reader and io.Writer

golang-github-dropbox-dropbox-sdk-go-unofficial-dev/stable 6.0.5-1 all
  Unofficial Go SDK for integrating with the Dropbox API v2

golang-github-etherlabsio-go-m3u8-dev/stable 1.0.0-2 all
  parse and generate m3u8 playlists for HLS (library)

golang-github-fatih-structs-dev/stable 1.0.0-1.1 all
  Utilities for Go structs

golang-github-felixge-httpsnoop-dev/stable 1.0.3-3 all
  capture http related metrics from http.Handlers (library)

golang-github-gcla-deep-dev/stable 1.0.2-2 all
  Golang deep variable equality test that returns human-readable differences

golang-github-gliderlabs-ssh-dev/stable 0.3.3-1 all
  Easy SSH servers in Golang

golang-github-go-chi-cors-dev/stable 1.2.1-1 all
  CORS net/http middleware for Go

golang-github-go-git-go-git-dev/stable 5.14.0-1 all
  highly extensible Git implementation in pure Go

golang-github-go-kit-log-dev/stable 0.2.1-1 all
  minimal and extensible structured logger (Go library)

golang-github-go-llsqlite-crawshaw-dev/stable 0.5.5-2 all
  low-level Go interface to SQLite 3 using cgo (Go library)

golang-github-go-logr-zapr-dev/stable 1.3.0-2 all
  Adapter for go-logr to use zap as a backend (library)

golang-github-go-macaroon-bakery-macaroon-bakery-dev/stable 3.0.2-1 all
  High level operations for building systems with macaroons (library)

golang-github-go-playground-validator-v10-dev/stable 10.4.1-4 all
  Go library for struct and field validation

golang-github-go-webauthn-x-dev/stable 0.1.14-1 all
  low level packages for golang-github-go-webauthn-webauthn (library)

golang-github-gobwas-httphead-dev/stable 0.1.0-3 all
  Tiny HTTP header value parsing lib (library)

golang-github-golang-leveldb-dev/stable 0.0~git20161231.0.3435554-3 all
  Implementation of the LevelDB key/value database in Go

golang-github-gologme-log-dev/stable 1.3.0-2 all
  A fork of the golang built in log package to add support for levels (library)

golang-github-google-blueprint-dev/stable 0.0~git20201007.25128be-2 all
  Blueprint meta build system (library)

golang-github-google-gousb-dev/stable 1.1.3-1 all
  provides low-level interface for accessing USB devices (library)

golang-github-hashicorp-go-hclog-dev/stable 0.11.0-1 all
  common logging package for HashiCorp tools

golang-github-hashicorp-terraform-config-inspect-dev/stable 0.0~git20230614.f32df32-2 all
  helper library for shallow inspection of Terraform configurations

golang-github-hdrhistogram-hdrhistogram-go-dev/stable 1.1.2-3 all
  pure Go implementation of Gil Tene's HDR Histogram

golang-github-hodgesds-perf-utils-dev/stable 0.5.1-2 all
  Perf Utilities for Go (library)

golang-github-ibm-sarama-dev/stable 1.45.1-1 all
  Client library for Apache Kafka

golang-github-inconshreveable-muxado-dev/stable 0.0~git20140312.0.f693c7e-2.1 all
  Stream multiplexing for Go

golang-github-influxdata-wlog-dev/stable 0.0~git20160411.7c63b0a-1.1 all
  simple log level based Golang logger

golang-github-iovisor-gobpf-dev/stable 0.2.0-10 all
  Go bindings for creating BPF programs

golang-github-jackc-pgconn-dev/stable 1.14.0-1 all
  low-level PostgreSQL database driver

golang-github-jackc-pgio-dev/stable 1.0.0-2 all
  low-level toolkit building messages in the PostgreSQL wire protocol

golang-github-jedib0t-go-pretty-dev/stable 6.5.9-1 all
  Pretty print tables, lists, progress-bars and text

golang-github-jedisct1-dlog-dev/stable 0.9-2 all
  Super simple logger for Go

golang-github-jesseduffield-gocui-dev/stable 0.4+git20250220.b376cb0+dfsg-1.1 all
  minimalist console user interfaces Go library

golang-github-joshuarubin-lifecycle-dev/stable 1.1.4-2 all
  manage goroutines in golang applications (library)

golang-github-jpillora-go-tld-dev/stable 1.2.1-2 all
  Top Level Domain (TLD) Parser

golang-github-jroimartin-gocui-dev/stable 0.4.0-3 all
  Minimalist Go package aimed at creating Console User Interfaces

golang-github-jsimonetti-rtnetlink-dev/stable 2.0.2-1 all
  low-level access to the Linux rtnetlink API (library)

golang-github-jtacoma-uritemplates-dev/stable 1.0.0-2 all
  URI Templates (RFC 6570) implemented in Go

golang-github-juju-mutex-dev/stable 2.0.0-1 all
  Provides a named machine level mutex shareable between processes (library)

golang-github-jung-kurt-gofpdf-dev/stable 2.17.2+ds-3 all
  PDF document generator with high level support for text, drawing and images

golang-github-klauspost-compress-dev/stable 1.18.0+ds1-1 all
  optimized compression packages

golang-github-labstack-echo-dev/stable 4.12.0-1 all
  high performance, minimalist Go web framework

golang-github-machinebox-graphql-dev/stable 0.2.2-1.1 all
  simple low-level GraphQL HTTP client for Go

golang-github-mazznoer-csscolorparser-dev/stable 0.1.3-2 all
  Go (Golang) CSS color parser library (library)

golang-github-mdlayher-netlink-dev/stable 1.7.2-1 all
  low-level access to Linux netlink sockets (library)

golang-github-mdlayher-raw-dev/stable 0.1.0-2 all
  Read and write data at the raw network interface device level

golang-github-mdlayher-socket-dev/stable 0.5.1-1 all
  low-level network connection type to provide asynchronous I/O (library)

golang-github-mgutz-logxi-dev/stable 1-1 all
  12-factor app logger (library)

golang-github-modern-go-reflect2-dev/stable 1.0.2-2 all
  Reflection API without runtime reflect.Value cost

golang-github-muka-go-bluetooth-dev/stable 5.60-3 all
  Golang bluetooth client based on bluez DBus interfaces (library)

golang-github-multiformats-go-varint-dev/stable 0.0.7-2.1 all
  Helpers for multiformats to enforce minimal encoding (library)

golang-github-nebulouslabs-bolt-dev/stable 1.0+git20170823.0.a22e934-1.1 all
  low-level key/value database for Go

golang-github-ngaut-log-dev/stable 0.0~git20170307.0.d2af3a6-5 all
  Provides a simple log wrapper for ngaut libraries

golang-github-oleiade-reflections-dev/stable 0.1.2+git20131121.2.632977f-2 all
  high level abstractions over Golang reflect library

golang-github-op-go-logging-dev/stable 1+git20160315.970db52-2 all
  Golang logging library

golang-github-openprinting-goipp-dev/stable 1.0.0-2 all
  IPP core protocol in pure Go Library (RFC 8010)

golang-github-optiopay-kafka-dev/stable 2.1.1-1 all
  Go client library for Apache Kafka

golang-github-oschwald-maxminddb-golang-dev/stable 1.12.0-1 all
  MaxMind DB Reader for Go

golang-github-pkg-diff-dev/stable 0.0~git20210226.20ebb0f-1 all
  go library used to create, modify, and print diffs

golang-github-pkg-profile-dev/stable 1.2.1-3 all
  Simple profiling for Go

golang-github-protonmail-gopenpgp-dev/stable 2.8.1-1 all
  high-level OpenPGP library built on top of golang crypto library

golang-github-protonmail-gopenpgp-v3-dev/stable 3.2.0-1 all
  high-level OpenPGP library built on top of golang crypto library

golang-github-rcrowley-go-metrics-dev/stable 0.0~git20180125.8732c61-3 all
  Application level metrics capturing library for Go

golang-github-rifflock-lfshook-dev/stable 2.2-1.1 all
  local filesystem hook for logrus (Go library)

golang-github-rjeczalik-notify-dev/stable 0.9.3-3 all
  file system event notification library on steroids

golang-github-saracen-zipextra-dev/stable 0.0~git20250129.f1aa42d-1 all
  utils for ZIP archive format's "Extra Fields" (Go library)

golang-github-sassoftware-go-rpmutils-dev/stable 0.2.0-1.1 all
  Golang implementation of parsing RPM packages (library)

golang-github-schollz-logger-dev/stable 1.2.0-2 all
  Simplistic, opinionated logging for Golang (library)

golang-github-segmentio-kafka-go-dev/stable 0.2.1-1.1 all
  Kafka library in Go

golang-github-shibukawa-configdir-dev/stable 0.0~git20170330.e180dbd-1.1 all
  multi platform library of configuration directories for Golang

golang-github-skeema-knownhosts-dev/stable 1.3.0-1 all
  Go SSH known_hosts wrapper with host key lookup (library)

golang-github-spf13-jwalterweatherman-dev/stable 1.1.0+really1.1.0-2 all
  Go library for both printing to the terminal and logging to files

golang-github-spf13-nitro-dev/stable 0.0~git20131003.0.24d7ef3-4.1 all
  Quick and easy performance analyzer library for Go

golang-github-spiffe-go-spiffe-dev/stable 2.5.0-1 all
  secure production identity framework for everyone in Go (library)

golang-github-syncthing-notify-dev/stable 0.0~git20210616.c6b7342-2 all
  File system event notification library on steroids

golang-github-syndtr-goleveldb-dev/stable 0.0~git20200815.5c35d60-2 all
  LevelDB key/value database in Go

golang-github-tidwall-buntdb-dev/stable 1.1.7-1 all
  embeddable, in-memory key/value database for Go

golang-github-valyala-gozstd-dev/stable 1.21.2+ds1-1 all
  go wrapper for zstd (library)

golang-github-viant-assertly-dev/stable 0.5.4-1 all
  Arbitraty datastructure validation golang library

golang-github-vishvananda-netlink-dev/stable 1.3.0-2 all
  netlink library for go

golang-github-weppos-publicsuffix-go-dev/stable 0.30.1-1 all
  Domain name parser on the Public Suffix List (library)

golang-github-xtaci-kcp-dev/stable 5.6.1-2 all
  Full-Featured Reliable-UDP Library for golang

golang-github-yuin-goldmark-dev/stable 1.7.4-1 all
  CommonMark compliant and extensible Markdown parser written in Go

golang-glog-dev/stable 1.2.4-1 all
  Leveled execution logs for Go

golang-go.uber-zap-dev/stable 1.26.0-1 all
  Blazing fast, structured, leveled logging in Go

golang-golang-x-net-dev/stable 1:0.27.0-2 all
  Supplementary Go networking libraries

golang-golang-x-sys-dev/stable 0.22.0-1 all
  Low-level interaction with the operating system

golang-gopkg-src-d-go-git.v4-dev/stable 4.11.0-3 all
  highly extensible Git implementation in pure Go

golang-k8s-component-helpers-dev/stable 0.32.3-1 all
  High-level helpers for Kubernetes components (library)

golang-k8s-klog-dev/stable 2.130.1-1 all
  leveled execution logs for Go (library)

golang-k8s-utils-dev/stable 0.0~git20250321.1f6e0b7-1 all
  Non-Kubernetes-specific utility libraries (library)

golang-pault-go-technicolor-dev/stable 0.1-1.1 all
  implements a high level interface to write ANSI color sequences

golang-pault-go-ykpiv-dev/stable 1.3.4-2 all
  high level cgo wrapper around libykpiv.so.1

golang-redoctober/stable 0.0~git20161017.0.78e9720-5+b24 arm64
  Software-based two-man rule style encryption and decryption server

golang-refraction-networking-utls-dev/stable 1.2.1-3.1 all
  TLS golang library with low-level access

golang-starlark-dev/stable 0.0~git20240725.42030a7-1 all
  Interpreter for the Starlark configuration language

golang-vhost-dev/stable 0.0~git20140120-3 all
  Go library to implement virtual hosting for different protocols

gomoku.app/stable 1.2.9-7+b1 arm64
  Extended TicTacToe game for GNUstep

grads/stable 3:2.2.1-9+b1 arm64
  Grid Analysis and Display System for earth science data

gramofile/stable 1.6-14 arm64
  transfer sound from gramophone records to CD

graph-tool-doc/stable 2.91+ds-5 all
  Efficient network analysis -- doc

greaseweazle/stable 1.22+dfsg-1 arm64
  Host tools for Greaseweazle

grilo-plugins-0.3/stable 0.3.16-5 arm64
  Framework for discovering and browsing media - Plugins

gsl-bin/stable 2.8+dfsg-5 arm64
  GNU Scientific Library (GSL) -- binary package

gstreamer1.0-autogain-pulseeffects/stable 4.8.7-2+b4 arm64
  GStreamer autogain plugin

gstreamer1.0-libcamera/stable 0.4.0-7 arm64
  complex camera support library (GStreamer plugin)

gtkmm-documentation/stable 4.12.0-1 all
  Documentation of C++ wrappers for GLib/GTK

guess-concurrency/stable 0+20250305 all
  utility for estimating a suitable level of build parallelism

gunroar/stable 0.15.dfsg1-10+b2 arm64
  360-degree gunboat shooter

gunroar-data/stable 0.15.dfsg1-10 all
  360-degree gunboat shooter - game data

gupnp-tools/stable 0.12.2-1+b1 arm64
  tools for testing UPnP devices and control points

hamexam/stable 1.11.2-1 all
  Study tool for USA FCC amateur radio (ham) exams.

hannah/stable 2.0.1+ds1-0.3+b1 arm64
  pacman-like game, child oriented

hannah-data/stable 2.0.1+ds1-0.3 all
  pacman-like game, child oriented - data files

hare/stable 0.24.2-4 arm64
  Simple, stable and robust systems programming language

harec/stable 0.24.2-5 arm64
  Hare compiler for POSIX-compatible systems

harvid/stable 0.9.1-1+b3 arm64
  HTTP Ardour Video Server

haskell-clash-ghc-utils/stable 1.8.1-4 arm64
  Clash: functional hardware descr. language - GHC frontend

haskell-clash-lib-utils/stable 1.8.1-2+b4 arm64
  Functional hardware description language - library

haskell-dbus-hslogger-utils/stable 0.1.0.1-5+b2 arm64
  expose a dbus server to control hslogger

haskell-sdl2-image-utils/stable 2.1.0.0-4+b2 arm64
  Haskell bindings to SDL2_image

haskell-sdl2-mixer-utils/stable 1.2.0.0-4+b3 arm64
  Haskell bindings to SDL2_mixer

haxe/stable 1:4.3.6-3 arm64
  multi-target universal programming language

hearse/stable 1.5+debian1-2 all
  exchange Nethack bones files with other players

hedgewars-data/stable 1.0.2-13 all
  Data files for hedgewars

heroes-data/stable 1.5-5 all
  Required data files for heroes

hex-a-hop/stable 1.1.0+git20140926-2+b1 arm64
  puzzle game based on hexagonal tiles

hex-a-hop-data/stable 1.1.0+git20140926-2 all
  graphics, audio, levels and translations for Hex-a-hop

hexer/stable 1.0.6-2 arm64
  interactive binary editor with a Vi-like interface

hol-light/stable 1:3.0.0-2+b7 arm64
  HOL Light theorem prover

holotz-castle-editor/stable 1.3.14-12+b2 arm64
  platform game with high doses of mystery - level editor

horst/stable 5.1-3+b1 arm64
  Highly Optimized Radio Scanning Tool

hp-search-mac/stable 0.1.5.2 all
  Search for a MAC address on HP switches

hp2xx/stable 3.4.4-12+b2 arm64
  HPGL converter into some vector- and raster formats

hplip/stable 3.22.10+dfsg0-8.1 arm64
  HP Linux Printing and Imaging System (HPLIP)

html2ps/stable 1.0b7-6 all
  HTML to PostScript converter

hvcc/stable 0.13.3-2 all
  heavy dataflow audio programming language transpiler

hydrogen/stable 1.2.2+dfsg-2 arm64
  advanced drum machine/step sequencer

i2c-tools/stable 4.4-2 arm64
  heterogeneous set of I2C tools for Linux

ibus-libthai/stable 0.1.5-2 arm64
  Thai input method engine for IBus based on LibThai

icingadb-web/stable 1.1.3-1 all
  Icinga DB Web for Icinga Web 2

icingaweb2-module-toplevelview/stable 1.0.0-1 all
  simple and responsive web interface for Icinga - top level view

icon-ipl/stable 9.5.24b-1 all
  Libraries for Icon, a high-level programming language

icont/stable 9.5.24b-1 arm64
  Interpreter for Icon, a high-level programming language

iconx/stable 9.5.24b-1 arm64
  Executor for Icon, a high-level programming language

idjc/stable 0.9.9-1 arm64
  graphical shoutcast/icecast client

ifupdown/stable,now 0.8.44+deb13u1 arm64 [installed]
  high level tools to configure network interfaces

ifupdown2/stable 3.0.0-1.3 all
  Network Interface Management tool similar to ifupdown

igv/stable 2.18.5+dfsg-1 all
  Integrative Genomics Viewer

indi-eqmod/stable 1.0+20230126190232-2 arm64
  INDI EQMod Driver

ink/stable 0.5.3-6+b1 arm64
  tool for checking the ink level of your local printer

inn/stable 1:1.7.2q-52 arm64
  News transport system `InterNetNews' by the ISC and Rich Salz

inn2/stable 2.7.3-1 arm64
  'InterNetNews' news server

interception-caps2esc/stable 0.3.2-1+b2 arm64
  interception plugin for dual function Esc/Ctrl key at CapsLock

interception-tools/stable 0.6.8-3+b5 arm64
  minimal composable infrastructure on top of libudev and libevdev

ipband/stable 0.8.1-5.1+b3 arm64
  daemon for subnet bandwidth monitoring with reporting via email

iraf-mscred/stable 5.05+2018.07.09-4 arm64
  CCD mosaic reduction package for IRAF

irsim/stable 9.7.104-1.1 arm64
  Switch-level simulator

irssi-scripts/stable 20231031 all
  collection of scripts for irssi

isal/stable 2.31.1-1.1 arm64
  Intel(R) Intelligent Storage Acceleration Library - tools

iwidgets4/stable 4.1.1-4 all
  [incr Widgets] Tk-based widget collection - run-time files

iwidgets4-doc/stable 4.1.1-4 all
  [incr Widgets] Tk-based widget collection - man pages

jack-mixer/stable 19-1+b2 arm64
  GTK+ JACK audio mixer application (Python 3)

jackmeter/stable 0.4-2 arm64
  a basic command line meter for the JACK audio system

jag/stable 0.3.8-3 arm64
  arcade and puzzle 2D game

japi-compliance-checker/stable 2.4-3 all
  tool to compare compatibility of Java library API

jbig2/stable 0.30-1 arm64
  encoder for JBIG2 - command-line tool

jbig2dec/stable 0.20-1+b3 arm64
  JBIG2 decoder library - tools

jdupes/stable 1.28.0-1+deb13u1 arm64
  identify and delete or link duplicate files

jkmeter/stable 0.9.0-1+b2 arm64
  horizontal or vertical bargraph audio level meter for Jack Audio Connection Kit

jmeters/stable 0.4.5-1+b2 arm64
  multichannel audio level meter

jnoisemeter/stable 0.4.1-1+b2 arm64
  audio test signals meter

jsamp/stable 1.3.9-1 all
  Java Simple Application Messaging Protocol tool for VO

jumpnbump-levels/stable 20191111 all
  cute multiplayer platform game with bunnies (extra levels)

junior-typing/stable 1.32 all
  Debian Jr. typing

justbuild/stable 1.5.1-1 arm64
  Generic build system

jython/stable 2.7.3+repack1-1 all
  Python seamlessly integrated with Java

kanjidic/stable 2024.08.06 all
  Kanji Dictionary

kapman/stable 4:25.04.0-1 arm64
  Pac-Man clone

kazam/stable 1.4.5-6 all
  screencast and screenshot application created with design in mind

kcapi-tools/stable 1.4.0-1+b2 arm64
  Command-line tools for Linux Kernel Crypto API

kcheckers/stable 0.8.1-8 arm64
  Checkers boardgame

kdiamond/stable 4:25.04.0-1 arm64
  three-in-a-row game

kelbt/stable 0.16-4+b1 arm64
  backtracking LR parser generator

keystone/stable 2:27.0.0-3+deb13u4 all
  OpenStack identity service

keystone-doc/stable 2:27.0.0-3+deb13u4 all
  OpenStack identity service - documentation

kgoldrunner/stable 4:25.04.0-1 arm64
  Lode Runner arcade game

kio-admin/stable 25.04.0-1 arm64
  manage files as administrator using the admin:// KIO protocol

kirigami-gallery/stable 25.04.0-2 arm64
  set of QtQuick components targeted for mobile use

kirigami2-dev/stable 5.116.0-1 arm64
  set of QtQuick components targeted for mobile use

knot/stable 3.4.6-2 arm64
  Authoritative domain name server

knot-dnssecutils/stable 3.4.6-2 arm64
  DNSSEC tools provided with Knot DNS (kzonecheck, kzonesign, knsec3hash)

knot-dnsutils/stable 3.4.6-2 arm64
  Clients provided with Knot DNS (kdig, knsupdate, kxdpgun)

knot-doc/stable 3.4.6-2 all
  Documentation for Knot DNS

knot-exporter/stable 3.4.6-2 all
  Prometheus exporter for Knot DNS

knot-host/stable 3.4.6-2 arm64
  Version of 'host' bundled with Knot DNS

knot-module-dnstap/stable 3.4.6-2 arm64
  dnstap module for Knot DNS

knot-module-geoip/stable 3.4.6-2 arm64
  geoip module for Knot DNS

kobodeluxe/stable 0.5.1-10+b1 arm64
  game of space battle

kobodeluxe-data/stable 0.5.1-10 all
  game of space battle -- shared data

kolourpaint/stable 4:25.04.0-1 arm64
  simple image editor and drawing application

krank/stable 0.7+dfsg2-5 all
  game of dexterity where you match stones together

kstars/stable 5:3.6.2-2+b5 arm64
  desktop planetarium, observation planning and telescope control

ktorrent/stable 25.04.0-1 arm64
  BitTorrent client based on the KDE platform

ktouch/stable 4:25.04.0-2 arm64
  touch typing tutor for KDE

lambda-align/stable 1.0.3-6+b1 arm64
  Local Aligner for Massive Biological DatA

lambda-align2/stable 2.0.1-3 arm64
  Local Aligner for Massive Biological DatA - v2

langford-utils/stable 0.0.20130228-7 arm64
  Control programs for the Per Vices Noctar IQ demodulator board

laptop-mode-tools/stable 1.74-1.4 all
  Tools for Power Savings based on battery/AC status

late/stable 0.1.0-14+b1 arm64
  simple game of capturing balls

late-data/stable 0.1.0-14 all
  data files for late game

lavacli/stable 2.2.0-3 all
  LAVA XML-RPC command line interface

lbreakouthd/stable 1.1.9-1+b1 arm64
  ball-and-paddle game

lcas-interface/stable 1.3.19-2.1 all
  Local Centre Authorization Service API

lcov/stable 2.3.1-1 all
  Summarise Code coverage information from GCOV

leaff/stable 0~20150903+r2013-9+b1 arm64
  biological sequence library utilities and applications

leveldb-doc/stable 1.23-5 all
  LevelDB documentation

lib2geom-dev/stable 1.4-4 arm64
  robust computational geometry framework -- development library

lib2geom1.4.0/stable 1.4-4 arm64
  robust computational geometry framework -- shared library

libadms0/stable 2.3.7-1+b2 arm64
  Shared library for automatic device model synthesizer

libaeonbits-owner-java/stable 1.0.12+ds-3 all
  API to handle application configuration through Java properties file

libais-tools/stable 0.17+git.20190917.master.e464cf8-5 all
  Cli tools for decoding maritime Automatic Identification System messages

liballeggl4-dev/stable 2:4.4.3.1-5+b2 arm64
  development files for the allegrogl library

liballeggl4.4t64/stable 2:4.4.3.1-5+b2 arm64
  library to mix OpenGL graphics with Allegro routines

liballegro4-dev/stable 2:4.4.3.1-5+b2 arm64
  development files for the Allegro library

liballegro4.4t64/stable 2:4.4.3.1-5+b2 arm64
  portable library for cross-platform game and multimedia development

libalog-dev/stable 0.6.2-7.1 arm64
  Logging framework for Ada (development)

libalog-doc/stable 0.6.2-7.1 all
  Logging framework for Ada (documentation)

libalog0.6.3/stable 0.6.2-7.1 arm64
  Logging framework for Ada

libamdhip64-5/stable 5.7.1-6+deb13u1 arm64
  Heterogeneous Interface for Portability - AMD GPUs implementation

libamdhip64-dev/stable 5.7.1-6+deb13u1 arm64
  Header files for the AMD implementation of HIP

libamdhip64-doc/stable 5.7.1-6+deb13u1 all
  HIP Runtime Documentation

libanet-dev/stable 0.5.1-4 arm64
  Ada networking library (development)

libanet0.4.3/stable 0.5.1-4 arm64
  Ada networking library

libapache2-mod-netcgi-apache/stable 4.1.9-6+b3 arm64
  OCaml application-level Internet libraries - netcgi2 Apache2 connector

libapiguardian-java/stable 1.1.2-1 all
  Level of stability annotation for frameworks or applications

libapksig-java/stable 35.0.2-1 all
  library to sign and verify Android APKs

libapophenia2-dev/stable 1.0+ds-10 arm64
  Apophenia Statistical C Library -- development package

libapophenia2t64/stable 1.0+ds-10 arm64
  Apophenia Statistical C Library -- library package

libapp-cache-perl/stable 0.37-3 all
  perl library for easy application-level caching

libappstream-compose0/stable 1.0.5-1 arm64
  Building blocks to compose AppStream metadata

libapt-pkg7.0/stable,now 3.0.3 arm64 [installed]
  package management runtime library

libarm-compute-dev/stable 24.11+dfsg-3 arm64
  Arm Compute Library - development files

libarm-compute-doc/stable 24.11+dfsg-3 all
  Arm Compute Library - documentation

libarm-compute43/stable 24.11+dfsg-3 arm64
  Arm Compute Library

libasm-dev/stable 0.192-4 arm64
  libasm development libraries and header files

libasm1t64/stable 0.192-4 arm64
  library with a programmable assembler interface

libastro-fits-cfitsio-perl/stable 1.18-1+b3 arm64
  Perl extension for using the cfitsio library

libastro-fits-header-perl/stable 3.09-1 all
  module for reading, modifying and writing FITS headers

libaudio-cd-perl/stable 0.05-13+b2 arm64
  library to handle CDDB and low-level cd io calls

libautobox-transform-perl/stable 1.035-1 all
  set of autobox methods to transform arrays and hashes

libbamf-doc/stable 0.5.6+repack-1.1 all
  Window matching library - documentation

libbamf3-2t64/stable 0.5.6+repack-1.1+b2 arm64
  Window matching library - shared library

libbamf3-dev/stable 0.5.6+repack-1.1+b2 arm64
  Window matching library - development files

libbasicplayer-java/stable 3.0-7 all
  threaded simple player class based on JavaSound API

libbio-primerdesigner-perl/stable 0.07-8 all
  Perl module to design PCR primers using primer3 and epcr

libbitstream-dev/stable 1.5-2 all
  C headers giving access to binary streams like MPEG or DVB

libblitz-doc/stable 1:1.0.2+ds-4.1 all
  C++ template class library for scientific computing - doc

libblitz0-dev/stable 1:1.0.2+ds-4.1+b1 arm64
  C++ template class library for scientific computing - libdev

libblitz0t64/stable 1:1.0.2+ds-4.1+b1 arm64
  C++ template class library for scientific computing

libblockdev-dev/stable 3.3.0-2.1 arm64
  Library for manipulating block devices - development

libblockdev-plugins-all/stable 3.3.0-2.1 arm64
  All plugins for libblockdev

libblockdev3/stable 3.3.0-2.1 arm64
  Library for manipulating block devices

libboilerpipe-java/stable 1.2.0-2 all
  Boilerplate removal and fulltext extraction from HTML pages

libboost-context-dev/stable 1.83.0.2+b2 arm64
  provides a sort of cooperative multitasking on a single thread (default version)

libboost-context1.83-dev/stable 1.83.0-4.2 arm64
  provides a sort of cooperative multitasking on a single thread

libboost-context1.83.0/stable 1.83.0-4.2 arm64
  provides a sort of cooperative multitasking on a single thread

libboost-context1.88-dev/stable 1.88.0-1 arm64
  provides a sort of cooperative multitasking on a single thread

libboost-context1.88.0/stable 1.88.0-1 arm64
  provides a sort of cooperative multitasking on a single thread

libboost-coroutine-dev/stable 1.83.0.2+b2 arm64
  provides a sort of cooperative multitasking on a single thread (default version)

libboost-coroutine1.83-dev/stable 1.83.0-4.2 arm64
  provides a sort of cooperative multitasking on a single thread

libboost-coroutine1.83.0/stable 1.83.0-4.2 arm64
  provides a sort of cooperative multitasking on a single thread

libboost-coroutine1.88-dev/stable 1.88.0-1 arm64
  provides a sort of cooperative multitasking on a single thread

libboost-coroutine1.88.0/stable 1.88.0-1 arm64
  provides a sort of cooperative multitasking on a single thread

libboost-locale-dev/stable 1.83.0.2+b2 arm64
  C++ facilities for localization (default version)

libboost-locale1.83-dev/stable 1.83.0-4.2 arm64
  C++ facilities for localization

libboost-locale1.83.0/stable 1.83.0-4.2 arm64
  C++ facilities for localization

libboost-locale1.88-dev/stable 1.88.0-1 arm64
  C++ facilities for localization

libboost-locale1.88.0/stable 1.88.0-1 arm64
  C++ facilities for localization

libboost-math-dev/stable 1.83.0.2+b2 arm64
  Boost.Math Library development files (default version)

libboost-math1.83-dev/stable 1.83.0-4.2 arm64
  Boost.Math Library development files

libboost-math1.83.0/stable 1.83.0-4.2 arm64
  Boost.Math Library

libboost-math1.88-dev/stable 1.88.0-1 arm64
  Boost.Math Library development files

libboost-math1.88.0/stable 1.88.0-1 arm64
  Boost.Math Library

libc++-17-dev/stable 1:17.0.6-22+b2 arm64
  LLVM C++ Standard library (development files)

libc++-17-dev-wasm32/stable 1:17.0.6-22 all
  LLVM C++ Standard library (WASI)

libc++-18-dev/stable 1:18.1.8-18+b1 arm64
  LLVM C++ Standard library (development files)

libc++-18-dev-wasm32/stable 1:18.1.8-18 all
  LLVM C++ Standard library (WASI)

libc++-19-dev/stable 1:19.1.7-3+b1 arm64
  LLVM C++ Standard library (development files)

libc++-19-dev-wasm32/stable 1:19.1.7-3 all
  LLVM C++ Standard library (WASI)

libc++-dev/stable 1:19.0-63 arm64
  LLVM C++ Standard library (development files)

libc++-dev-wasm32/stable 1:19.0-63 arm64
  LLVM C++ Standard library (WASI)

libc++1/stable 1:19.0-63 arm64
  LLVM C++ Standard library

libc++1-17t64/stable 1:17.0.6-22+b2 arm64
  LLVM C++ Standard library

libc++1-18/stable 1:18.1.8-18+b1 arm64
  LLVM C++ Standard library

libc++1-19/stable 1:19.1.7-3+b1 arm64
  LLVM C++ Standard library

libc++abi-17-dev/stable 1:17.0.6-22+b2 arm64
  LLVM low level support for a standard C++ library (development files)

libc++abi-17-dev-wasm32/stable 1:17.0.6-22 all
  LLVM low level support for a standard C++ library (WASI)

libc++abi-18-dev/stable 1:18.1.8-18+b1 arm64
  LLVM low level support for a standard C++ library (development files)

libc++abi-18-dev-wasm32/stable 1:18.1.8-18 all
  LLVM low level support for a standard C++ library (WASI)

libc++abi-19-dev/stable 1:19.1.7-3+b1 arm64
  LLVM low level support for a standard C++ library (development files)

libc++abi-19-dev-wasm32/stable 1:19.1.7-3 all
  LLVM low level support for a standard C++ library (WASI)

libc++abi-dev/stable 1:19.0-63 arm64
  LLVM low level support for a standard C++ library (development files)

libc++abi1/stable 1:19.0-63 arm64
  LLVM low level support for a standard C++ library

libc++abi1-17t64/stable 1:17.0.6-22+b2 arm64
  LLVM low level support for a standard C++ library

libc++abi1-18/stable 1:18.1.8-18+b1 arm64
  LLVM low level support for a standard C++ library

libc++abi1-19/stable 1:19.1.7-3+b1 arm64
  LLVM low level support for a standard C++ library

libcaca-dev/stable 0.99.beta20-5+deb13u1 arm64
  development files for libcaca

libcaca0/stable 0.99.beta20-5+deb13u1 arm64 [upgradable from: 0.99.beta20-5]
  colour ASCII art library

libcache-fastmmap-perl/stable 1.58-1 arm64
  Perl module providing a mmap'ed cache

libcamera-dev/stable 0.4.0-7 arm64
  complex camera support library (development files)

libcamera-doc/stable 0.4.0-7 all
  complex camera support library (documentation)

libcamera-ipa/stable 0.4.0-7 arm64
  complex camera support library (IPA modules)

libcamera-tools/stable 0.4.0-7 arm64
  complex camera support library (tools)

libcamera-v4l2/stable 0.4.0-7 arm64
  complex camera support library (V4L2 module)

libcamera0.4/stable 0.4.0-7 arm64
  complex camera support library

libcamljava-ocaml-dev/stable 0.4-2+b3 arm64
  interface between OCaml and Java via Caml/C interface and JNI

libcamlpdf-ocaml/stable 2.8.1-1+b1 arm64
  library for reading, writing and manipulating PDF files and data (runtime)

libcamlpdf-ocaml-dev/stable 2.8.1-1+b1 arm64
  library for reading, writing and manipulating PDF files and data

libcamp-dev/stable 0.8.4-4.1+b1 arm64
  C++ multi-purpose reflection library (development files)

libcamp0.8t64/stable 0.8.4-4.1+b1 arm64
  C++ multi-purpose reflection library

libcarp-clan-perl/stable 6.08-2 all
  Perl enhancement to Carp error logging facilities

libcarp-datum-perl/stable 1:0.1.3-9 all
  Debugging And Tracing Ultimate Module (for perl)

libcatalyst-plugin-scheduler-perl/stable 0.10-4 all
  Catalyst plugin for scheduling events to run in a cron-like fashion

libcatmandu-alephx-perl/stable 1.073-2 all
  low level client for Aleph X-Services

libcatmandu-fedoracommons-perl/stable 0.5-2 all
  low level Catmandu interface to the Fedora Commons REST API

libcava-java/stable 0.6.0-2 all
  Libraries and tools for blockchain and decentralized software

libccp4-data/stable 8.0.0-4 all
  CCP4 core functionality - common files

libccp4-dev/stable 8.0.0-4 arm64
  CCP4 core functionality - development files

libccp4c0t64/stable 8.0.0-4 arm64
  CCP4 core functionality - C runtime

libccp4f0t64/stable 8.0.0-4 arm64
  CCP4 core functionality - fortran runtime

libcctbx-dev/stable 2024.10+ds2+~3.22.1+ds1-5 arm64
  Computational Crystallography Toolbox - headers

libcctbx0/stable 2024.10+ds2+~3.22.1+ds1-5 arm64
  Computational Crystallography Toolbox - runtime libraries

libcdio-utils/stable 2.2.0-4.1~deb13u1 arm64
  sample applications based on the CDIO libraries

libcds-dev/stable 2.3.3-5 arm64
  Concurrent Data Structures (CDS) library - development

libcds2.3.3t64/stable 2.3.3-5 arm64
  Concurrent Data Structures (CDS) library

libchi-memoize-perl/stable 0.07-2 all
  memoization implementation backed by CHI

libchild-perl/stable 0.013-3 all
  Object Oriented simple interface to fork()

libcholmod5/stable,now 1:7.10.1+dfsg-1 arm64 [installed,automatic]
  sparse Cholesky factorization library for sparse matrices

libcinaps-ocaml/stable 0.15.1-1+b2 arm64
  trivial metaprogramming tool (runtime files)

libcinaps-ocaml-dev/stable 0.15.1-1+b2 arm64
  trivial metaprogramming tool (dev files)

libcitygml-bin/stable 2.5.2-1+b4 arm64
  Utils of libcitygml - citygmltest

libcitygml-dev/stable 2.5.2-1+b4 arm64
  Static and header files of libcitygml

libcitygml2/stable 2.5.2-1+b4 arm64
  Open source C++ library for parsing CityGML files

libclanapp-1.0t64/stable 1.0~svn3827-11.2+b1 arm64
  ClanLib game SDK runtime

libclang-perl/stable 0.09-6+b7 arm64
  Perl bindings to the Clang compiler's indexing interface

libclang-rt-17-dev/stable 1:17.0.6-22+b2 arm64
  Compiler-rt - development package

libclang-rt-18-dev/stable 1:18.1.8-18+b1 arm64
  Compiler-rt - development package

libclang-rt-19-dev/stable 1:19.1.7-3+b1 arm64
  Compiler-rt - development package

libclang-rt-dev/stable 1:19.0-63 arm64
  Compiler-rt - Development package

libclanlib-dev/stable 1.0~svn3827-11.2+b1 arm64
  ClanLib game SDK development files

libclass-contract-perl/stable 1.14-9 all
  Perl Design-by-Contract OO module

libclass-dbi-abstractsearch-perl/stable 0.07-4.1 all
  Abstract Class::DBI's SQL with SQL::Abstract

libclass-dbi-perl/stable 3.0.17-5 all
  convenient abstraction layer to a database

libclass-dbi-plugin-perl/stable 0.03-6.1 all
  abstract base class for Class::DBI plugins

libclass-inspector-perl/stable,now 1.36-3 all [installed,automatic]
  Perl module that provides information about classes

libclass-loader-dev/stable 2.8.0-1+b1 arm64
  ROS class_loader library - development files

libclass-loader3d/stable 2.8.0-1+b1 arm64
  ROS class_loader library

libclassycle-java/stable 1.4.2-2 all
  Analysing tool for Java dependencies

libclassycle-java-doc/stable 1.4.2-2 all
  Analysing tool for Java dependencies - documentation

libclaw-logger-dev/stable 1.7.4-3 arm64
  Flexible log system (development files)

libclaw-logger1t64/stable 1.7.4-3 arm64
  Flexible log system

libcode-tidyall-plugin-yamlfrontmatter-perl/stable 1.000003-2 all
  module to validate YAML front matter

libcodesize-java/stable 1.2-3 all
  calculates the size of code for Robocode

libcoin-dev/stable 4.0.3+ds-2 arm64
  high-level 3D graphics devkit with Open Inventor and VRML97 support

libcoin-doc/stable 4.0.3+ds-2 all
  high-level 3D graphics kit with Open Inventor and VRML97 support

libcoin-runtime/stable 4.0.3+ds-2 all
  high-level 3D graphics kit - external data files

libcoin80t64/stable 4.0.3+ds-2 arm64
  high-level 3D graphics kit implementing the Open Inventor API

libcolorcorrect6/stable 4:6.3.6-2 arm64
  Plasma Workspace color correction library

libcommons-net-java/stable 3.9.0-1 all
  Apache Commons Net - Java client API for basic Internet protocols

libcompress-raw-bzip2-perl/stable 2.213-2 arm64
  low-level interface to bzip2 compression library

libcompress-raw-lzma-perl/stable 2.213-1+b1 arm64
  low-level interface to lzma compression library

libcompress-raw-zlib-perl/stable 2.213-1+b1 arm64
  low-level interface to zlib compression library

libconfig-grammar-perl/stable 1.13-5 all
  grammar-based user-friendly config parser

libcontrolsfx-java/stable 11.0.0-1 all
  high quality UI controls and other tools to complement JavaFX

libcoq-hierarchy-builder/stable 1.8.1-1+b3 arm64
  build hierarchies of algebraic structures in Coq

libcothreads-ocaml-dev/stable 0.10-7+b2 arm64
  concurrent programming library for OCaml

libcourriel-perl/stable 0.49-1 all
  high level email parsing and manipulation module

libcpl-dev/stable 7.3.2+ds-1+b3 arm64
  ESO library for automated astronomical data-reduction

libcpldrs26/stable 7.3.2+ds-1+b3 arm64
  CPL higher level data processing algorithms

libcpucycles-dev/stable 0~20240318-2 arm64
  library for counting CPU cycles - development files

libcpucycles1/stable 0~20240318-2 arm64
  library for counting CPU cycles

libcry-ocaml-dev/stable 1.0.3-3+b3 arm64
  MP3/Ogg Vorbis broadcast OCaml module

libcrypt-openssl-dsa-perl/stable 0.20-3+b3 arm64
  module which implements the DSA signature verification system

libcrypt-openssl-ec-perl/stable 1.32-1+b7 arm64
  Perl extension for OpenSSL EC (Elliptic Curves) library

libcrypt-u2f-server-perl/stable 0.47-1+b1 arm64
  Perl module to register and authenticate U2F compatible devices

libcrypt-util-perl/stable 0.11-5 all
  lightweight Crypt/Digest convenience API

libcryptacular-java/stable 1.2.7-1 all
  high level, general purpose Java cryptographic library

libcryptacular-java-doc/stable 1.2.7-1 all
  high level, general purpose Java cryptographic library - documentation

libcssparser-java/stable 0.9.29-1 all
  Java CSS2 Parser

libcupt4-2t64/stable 2.10.4+nmu2+b2 arm64
  flexible package manager -- runtime library

libcurator-client-java/stable 5.7.1+ds-1 all
  Apache Curator Client

libcurator-framework-java/stable 5.7.1+ds-1 all
  Apache Curator Framework

libcvd-dev/stable 0.0~git20221020150751.30e8cfc+ds1-1+b4 arm64
  C++ library for computer vision, image, and video processing - devel files

libcvd-tools/stable 0.0~git20221020150751.30e8cfc+ds1-1+b4 arm64
  C++ library for computer vision, image, and video processing - tools

libcvd2/stable 0.0~git20221020150751.30e8cfc+ds1-1+b4 arm64
  C++ library for computer vision, image, and video processing - shared library

libcwidget-dev/stable 0.5.18-6+b2 arm64
  high-level terminal interface library for C++ (development files)

libcwidget-doc/stable 0.5.18-6 all
  high-level terminal interface library for C++ (documentation)

libcwidget4/stable 0.5.18-6+b2 arm64
  high-level terminal interface library for C++ (runtime files)

libczmq-dev/stable 4.2.1-3+b1 arm64
  High-level C binding for ZeroMQ (development files)

libczmq4/stable 4.2.1-3+b1 arm64
  High-level C binding for ZeroMQ

libdata-buffer-perl/stable 0.06-1 all
  Read/write buffer class for perl

libdata-checks-perl/stable 0.10-2+b1 arm64
  value constraint checking module

libdata-fake-perl/stable 0.006-3 all
  module for generating fake structured data for testing

libdata-float-perl/stable 0.015-1 all
  Perl module encapsulating the floating point data type

libdata-peek-perl/stable 0.53-1 arm64
  module providing low-level manipulation of Perl data

libdata-uriencode-perl/stable 0.11-3 all
  module to encode and decode data structures for use in URI's

libdbix-class-perl/stable 0.082844-1 all
  extensible and flexible object <-> relational mapper

libdbix-profile-perl/stable 1.0-7 all
  DBI query profiler

libdbm-deep-perl/stable 2.0019-1 all
  pure perl multi-level hash/array DBM that supports transactions

libdbuskit-dev/stable 0.1.1-13 arm64
  GNUstep framework that interfaces with D-Bus (development files)

libdbuskit0/stable 0.1.1-13 arm64
  GNUstep framework that interfaces with D-Bus (runtime library)

libdc1394-25/stable 2.2.6-5 arm64
  high level programming interface for IEEE 1394 digital cameras

libdc1394-dev/stable 2.2.6-5 arm64
  high level programming interface for IEEE 1394 digital cameras - development

libdc1394-doc/stable 2.2.6-5 all
  high level programming interface for IEEE 1394 digital cameras - documentation

libdc1394-utils/stable 2.2.6-5 arm64
  utilities for IEEE 1394 digital cameras

libdca-dev/stable 0.0.7-2+b2 arm64
  decoding library for DTS Coherent Acoustics streams (development)

libdca-utils/stable 0.0.7-2+b2 arm64
  decoding library for DTS Coherent Acoustics streams (utilities)

libdca0/stable 0.0.7-2+b2 arm64
  decoding library for DTS Coherent Acoustics streams

libdconf-dev/stable 0.40.0-5 arm64
  simple configuration storage system - development files

libdconf-doc/stable 0.40.0-5 all
  simple configuration storage system - documentation

libdconf1/stable,now 0.40.0-5 arm64 [installed,automatic]
  simple configuration storage system - runtime library

libdebug0/stable 0.5.3-8+b1 arm64
  Memory leak detection system and logging library

libdebug0-dev/stable 0.5.3-8+b1 arm64
  Development files for the debug library

libdeflate-dev/stable 1.23-2 arm64
  headers for whole-buffer compression and decompression library

libdeflate-tools/stable 1.23-2 arm64
  tools for whole-buffer compression and decompression library

libdeflate0/stable,now 1.23-2 arm64 [installed,automatic]
  fast, whole-buffer DEFLATE-based compression and decompression

libdevel-caller-perl/stable,now 2.07-1+b3 arm64 [installed,automatic]
  module providing enhanced caller() support

libdevel-callsite-perl/stable 1.0.1-2+b4 arm64
  Perl module to get caller return OP address and Perl interpreter context

libdevel-declare-parser-perl/stable 0.021-1 all
  higher level interface to Devel::Declare

libdevel-stacktrace-perl/stable,now 2.0500-1 all [installed,automatic]
  Perl module containing stack trace and related objects

libdevice-serialport-perl/stable 1.04-4+b5 arm64
  emulation of Win32::SerialPort for Linux/POSIX

libdisplay-info-bin/stable 0.2.0-2 arm64
  EDID and DisplayID library (utils)

libdisplay-info-dev/stable 0.2.0-2 arm64
  EDID and DisplayID library (development files)

libdisplay-info2/stable 0.2.0-2 arm64
  EDID and DisplayID library (shared library)

libdkim-dev/stable 1:1.0.21-4+b6 arm64
  cryptographically identify the sender of email

libdkim1d/stable 1:1.0.21-4+b6 arm64
  cryptographically identify the sender of email

libdkim1d-dbg/stable 1:1.0.21-4+b6 arm64
  DomainKeys Identified Mail (DKIM) library - debug symbols

libdleyna-core-1.0-6/stable 0.8.3-2 arm64
  Utility functions for higher level dLeyna components

libdleyna-core-1.0-dev/stable 0.8.3-2 arm64
  Utility functions for higher level dLeyna components (development files)

libdlpack-dev/stable 1.0-1 arm64
  Open In Memory Tensor Structure

libdnssec9t64/stable 3.4.6-2 arm64
  DNSSEC shared library from Knot DNS

libdomain-local-await-ocaml-dev/stable 1.0.1-1+b2 arm64
  scheduler independent blocking mechanism

libdropwizard-metrics-java/stable 3.2.6-1 all
  capture JVM- and application-level metrics for Java applications

libdumbnet-dev/stable 1.18.0-2 arm64
  dumb, portable networking library -- development files

libdumbnet1/stable 1.18.0-2 arm64
  dumb, portable networking library -- shared library

libdune-ocaml-dev/stable 3.17.2-1+b1 arm64
  composable build system for OCaml projects (libraries)

libeclipse-jdt-astview-java/stable 1.6.0+eclipse4.29-1 all
  Eclipse AST View Plug-in

libeclipse-jdt-core-manipulation-java/stable 1.19.100+eclipse4.29-1 all
  Eclipse Java Code Manipulation Functionality

libeclipse-jdt-junit-core-java/stable 3.12.100+eclipse4.29-1 all
  Eclipse Java Development Tools JUnit core support

libeclipse-jdt-junit-runtime-java/stable 3.7.200+eclipse4.29-1 all
  Eclipse Java Development Tools JUnit Runtime Support

libeclipse-jdt-junit4-runtime-java/stable 1.3.0+eclipse4.29-1 all
  Eclipse Java Development Tools JUnit4 Runtime Support

libeclipse-jdt-ui-java/stable 3.30.0+eclipse4.29-1 all
  Eclipse Java Development Tools UI

libeclipse-ltk-core-refactoring-java/stable 3.14.100+eclipse4.29-1 all
  Eclipse Refactoring Core

libeclipse-ltk-ui-refactoring-java/stable 3.13.100+eclipse4.29-1 all
  Eclipse Refactoring UI

libeinfo-dev/stable 0.56-1 arm64
  dependency based service manager (pretty console display development)

libeinfo1/stable 0.56-1 arm64
  dependency based service manager (pretty console display library)

libelf-dev/stable 0.192-4 arm64
  libelf1t64 development libraries and header files

libelf1t64/stable,now 0.192-4 arm64 [installed,automatic]
  library to read and write ELF files

libemail-stuffer-perl/stable 0.020-2 all
  casual approach to creating and sending Email:: emails

libemile1/stable 1.28.1-1 arm64
  EFL compression and encryption

libenet-dev/stable 1.3.18+ds-1+b1 arm64
  thin network communication layer on top of UDP - headers

libenet-doc/stable 1.3.18+ds-1 all
  thin network communication layer on top of UDP - documentation

libenet7/stable 1.3.18+ds-1+b1 arm64
  thin network communication layer on top of UDP

libetpan-dev/stable 1.9.4-6 arm64
  mail handling library - development files

libetpan-doc/stable 1.9.4-6 all
  mail handling library - API documentation

libetpan20t64/stable 1.9.4-6 arm64
  mail handling library

libextunix-ocaml/stable 0.4.3-1+b2 arm64
  Extended functions for OCaml Unix module (runtime package)

libextunix-ocaml-dev/stable 0.4.3-1+b2 arm64
  Extended functions for OCaml Unix module (development package)

libfacile-ocaml-dev/stable 1.1.4-4+b3 arm64
  functional constraint library implemented in Objective Caml

libfalcosecurity0-dev/stable 0.20.0-3 arm64
  Core libraries for Falco and Sysdig

libfalcosecurity0t64/stable 0.20.0-3 arm64
  Core libraries for Falco and Sysdig

libfastdds-dev/stable 3.1.2+ds-1+b1 arm64
  C++ library for the Real Time Publish Subscribe Protocol - development headers

libfastdds-doc/stable 3.1.2+ds-1 all
  C++ library for the Real Time Publish Subscribe Protocol - documentation

libfastdds3.1/stable 3.1.2+ds-1+b1 arm64
  C++ library for the Real Time Publish Subscribe Protocol

libfcgi-engine-perl/stable 0.22-2 all
  flexible engine for running FCGI-based applications

libfec-dev/stable 1.0-26-gc5d935f-1+b3 arm64
  forward error correction (FEC) algorithms - header files

libfec0/stable 1.0-26-gc5d935f-1+b3 arm64
  forward error correction (FEC) algorithms

libfile-dropbox-perl/stable 0.7-2 all
  convenient and fast Dropbox API abstraction

libfishsound1/stable 1.0.1-1+b1 arm64
  simple API that wraps Xiph.Org audio codecs

libfishsound1-dev/stable 1.0.1-1+b1 arm64
  simple API that wraps Xiph.Org audio codecs (development files)

libflatpak0/stable 1.16.6-1~deb13u1 arm64
  Application deployment framework for desktop apps (library)

libflickr-upload-perl/stable 1.60-2 all
  module for uploading images to flickr.com

libfm-data/stable 1.4.0-2 all
  file management support (common data)

libfm-dev/stable 1.4.0-2 arm64
  file management support (core development files)

libfm-doc/stable 1.4.0-2 all
  file management support (development documentation)

libfm-extra-dev/stable 1.4.0-2 arm64
  file management support (libfm-extra development files)

libfm-extra4t64/stable 1.4.0-2 arm64
  file management support (extra library)

libfm-gtk-data/stable 1.4.0-2 all
  file management support (GTK+ library common data)

libfm-gtk3-4t64/stable 1.4.0-2 arm64
  file management support (GTK+ 3.0 GUI library)

libfm-gtk3-dev/stable 1.4.0-2 arm64
  file management support (GTK+ GUI development files)

libfm-modules/stable 1.4.0-2 arm64
  file management support (loadable modules for library)

libfm-tools/stable 1.4.0-2 arm64
  file management support (utilities)

libfm4t64/stable 1.4.0-2 arm64
  file management support (core library)

libfontbox-java/stable 1:1.8.16-5 all
  Java font library

libfontbox2-java/stable 2.0.29-1 all
  Java font library

libfplus-dev/stable 0.2.13-1 arm64
  Helps developers writing concise and readable C++ code (dev files)

libfreenect-bin/stable 1:0.5.3-3.2+b1 arm64
  library for accessing Kinect device -- utilities and samples

libfreenect-demos/stable 1:0.5.3-3.2+b1 arm64
  library for accessing Kinect device -- dummy package

libfreenect-dev/stable 1:0.5.3-3.2+b1 arm64
  library for accessing Kinect device -- development files

libfreenect-doc/stable 1:0.5.3-3.2 all
  library for accessing Kinect device -- documentation

libfreenect0.5t64/stable 1:0.5.3-3.2+b1 arm64
  library for accessing Kinect device

libfsverity-dev/stable 1.6-1.2 arm64
  Development files for fs-verity

libfsverity0/stable 1.6-1.2 arm64
  Shared library for fs-verity

libfuturesql6-0/stable 0.1.1-2 arm64
  asynchronous Qt code library

libfuturesql6-dev/stable 0.1.1-2 arm64
  asynchronous Qt code development

libfxt-dev/stable 0.3.15-1 arm64
  Multithreaded tracing library

libfxt2t64/stable 0.3.15-1 arm64
  Multithreaded tracing library

libg15-1/stable 1.3.0~svn324-2+b2 arm64
  Library for interfacing with the Logitech G15 keyboards

libg15-dev/stable 1.3.0~svn324-2+b2 arm64
  Library for interfacing with the Logitech G15 keyboards

libg15render-dev/stable 1.3.0~svn316-3+b1 arm64
  Library for interfacing with the Logitech G15 keyboards

libg15render1/stable 1.3.0~svn316-3+b1 arm64
  Library for interfacing with the Logitech G15 keyboards

libgail-3-0t64/stable 3.24.49-3 arm64
  GNOME Accessibility Implementation Library -- shared libraries

libgail-3-dev/stable 3.24.49-3 arm64
  GNOME Accessibility Implementation Library -- development files

libgail-3-doc/stable 3.24.49-3 all
  documentation files of the Gail library

libgail-common/stable,now 2.24.33-7 arm64 [installed,automatic]
  GNOME Accessibility Implementation Library -- common modules

libgail-dev/stable 2.24.33-7 arm64
  GNOME Accessibility Implementation Library -- development files

libgail-doc/stable 2.24.33-7 all
  documentation files of the Gail library

libgail18t64/stable,now 2.24.33-7 arm64 [installed,automatic]
  GNOME Accessibility Implementation Library -- shared libraries

libgavl-dev/stable 2.0.0~svn6298-1+b3 arm64
  low level audio and video library - development files

libgavl-doc/stable 2.0.0~svn6298-1 all
  low level audio and video library - documentation files

libgavl2/stable 2.0.0~svn6298-1+b3 arm64
  low level audio and video library - runtime files

libgcr-4-4/stable 4.4.0.1-3 arm64
  Library for Crypto related tasks

libgcr-base-3-1/stable 3.41.2-3 arm64
  Library for Crypto related tasks

libgcr-ui-3-1/stable 3.41.2-3 arm64
  Library for Crypto UI related tasks

libgdome2-0/stable 0.8.1+debian-10 arm64
  DOM level2 library for accessing XML files

libgdome2-dev/stable 0.8.1+debian-10 arm64
  Development files for libgdome2

libgecode-dev/stable 6.2.0-7 arm64
  generic constraint development environment

libgecode-doc/stable 6.2.0-7 all
  generic constraint development environment

libgecode49t64/stable 6.2.0-7 arm64
  generic constraint development environment

libgecodeflatzinc49t64/stable 6.2.0-7 arm64
  Gecode support for FlatZinc modelling language

libgeo-google-mapobject-perl/stable 0.06-4 all
  module managing the server side of the Google Maps API

libges-1.0-0/stable 1.26.2-1 arm64
  GStreamer editing services (shared library)

libges-1.0-dev/stable 1.26.2-1 arm64
  GStreamer editing services (development files)

libgfal-transfer2t64/stable 2.23.2-1 arm64
  File Transfer logic of gfal2

libghc-asn1-encoding-dev/stable 0.9.6-4+b1 arm64
  ASN1 data reader/writer in RAW, BER, and DER forms

libghc-asn1-encoding-doc/stable 0.9.6-4 all
  ASN1 data reader/writer in RAW, BER, and DER forms; documentation

libghc-asn1-encoding-prof/stable 0.9.6-4+b1 arm64
  ASN1 data reader/writer in RAW, BER, and DER forms; profiling libraries

libghc-async-dev/stable 2.2.5-1+b1 arm64
  run IO operations asynchronously and wait for their results

libghc-async-doc/stable 2.2.5-1 all
  run IO operations asynchronously and wait for their results; documentation

libghc-async-prof/stable 2.2.5-1+b1 arm64
  run IO operations asynchronously and wait for their results; profiling libs

libghc-bz2-dev/stable 1.0.1.2-1+b1 arm64
  bindings to libbz2

libghc-bz2-doc/stable 1.0.1.2-1 all
  bindings to libbz2; documentation

libghc-bz2-prof/stable 1.0.1.2-1+b1 arm64
  bindings to libbz2; profiling libraries

libghc-bzlib-dev/stable 0.5.2.0-1+b1 arm64
  Haskell bindings to the bzip2 library

libghc-bzlib-doc/stable 0.5.2.0-1 all
  Haskell bindings to the bzip2 library; documentation

libghc-bzlib-prof/stable 0.5.2.0-1+b1 arm64
  Haskell bindings to the bzip2 library; profiling libraries

libghc-clash-ghc-dev/stable 1.8.1-4 arm64
  Clash: functional hardware descr. language - GHC frontend

libghc-clash-ghc-doc/stable 1.8.1-4 all
  Clash: functional hardware descr. language - GHC frontend; documentation

libghc-clash-ghc-prof/stable 1.8.1-4 arm64
  Clash: functional hardware descr. language - GHC frontend; profiling libraries

libghc-clash-lib-dev/stable 1.8.1-2+b4 arm64
  Functional hardware description language - library

libghc-clash-lib-doc/stable 1.8.1-2 all
  Functional hardware description language - library; documentation

libghc-clash-lib-prof/stable 1.8.1-2+b4 arm64
  Functional hardware description language - library; profiling libraries

libghc-clash-prelude-dev/stable 1.8.1-2+b2 arm64
  Functional hardware description language - Prelude library

libghc-clash-prelude-doc/stable 1.8.1-2 all
  Functional hardware description language - Prelude library; documentation

libghc-clash-prelude-prof/stable 1.8.1-2+b2 arm64
  Functional hardware description language - Prelude library; profiling libraries

libghc-cpu-dev/stable 0.1.2-13+b1 arm64
  low-level routines to get basic properties of the platform

libghc-cpu-doc/stable 0.1.2-13 all
  low-level routines to get basic properties of the platform; documentation

libghc-cpu-prof/stable 0.1.2-13+b1 arm64
  low-level routines to get basic properties of the platform; profiling libraries

libghc-dbus-hslogger-dev/stable 0.1.0.1-5+b2 arm64
  expose a dbus server to control hslogger

libghc-dbus-hslogger-doc/stable 0.1.0.1-5 all
  expose a dbus server to control hslogger; documentation

libghc-dbus-hslogger-prof/stable 0.1.0.1-5+b2 arm64
  expose a dbus server to control hslogger; profiling libraries

libghc-debian-dev/stable 4.0.5-2+b3 arm64
  Haskell library for working with the Debian package system

libghc-debian-doc/stable 4.0.5-2 all
  Documentation for Debian package system library; documentation

libghc-debian-prof/stable 4.0.5-2+b3 arm64
  Profiling library for working with the Debian package system; profiling libraries

libghc-futhark-data-dev/stable 1.1.1.0-1 arm64
  mplementation of the Futhark data format

libghc-futhark-data-doc/stable 1.1.1.0-1 all
  mplementation of the Futhark data format; documentation

libghc-futhark-data-prof/stable 1.1.1.0-1 arm64
  mplementation of the Futhark data format; profiling libraries

libghc-ghc-typelits-extra-dev/stable 0.4.7-1+b2 arm64
  Additional type-level operations on GHC.TypeLits.Nat

libghc-ghc-typelits-extra-doc/stable 0.4.7-1 all
  Additional type-level operations on GHC.TypeLits.Nat; documentation

libghc-ghc-typelits-extra-prof/stable 0.4.7-1+b2 arm64
  Additional type-level operations on GHC.TypeLits.Nat; profiling libraries

libghc-ghc-typelits-knownnat-dev/stable 0.7.12-1+b2 arm64
  Derive KnownNat constraints from other KnownNat constraints

libghc-ghc-typelits-knownnat-doc/stable 0.7.12-1 all
  Derive KnownNat constraints from other KnownNat constraints; documentation

libghc-ghc-typelits-knownnat-prof/stable 0.7.12-1+b2 arm64
  Derive KnownNat constraints from other KnownNat constraints; profiling libraries

libghc-ghc-typelits-natnormalise-dev/stable 0.7.10-1+b2 arm64
  GHC typechecker plugin for types of kind GHC.TypeLits.Nat

libghc-ghc-typelits-natnormalise-doc/stable 0.7.10-1 all
  GHC typechecker plugin for types of kind GHC.TypeLits.Nat; documentation

libghc-ghc-typelits-natnormalise-prof/stable 0.7.10-1+b2 arm64
  GHC typechecker plugin for types of kind GHC.TypeLits.Nat; profiling libraries

libghc-gio-dev/stable 0.13.11.0-1+b1 arm64
  binding to the GIO

libghc-gio-doc/stable 0.13.11.0-1 all
  Binding to the GIO; documentation

libghc-gio-prof/stable 0.13.11.0-1+b1 arm64
  Binding to the GIO; profiling libraries

libghc-hdf5-dev/stable 1.8.14-2 arm64
  Haskell interface to the HDF5 scientific data storage library.

libghc-hdf5-doc/stable 1.8.14-2 all
  Haskell interface to the HDF5 scientific data storage library.; documentation

libghc-hdf5-prof/stable 1.8.14-2 arm64
  Haskell interface to the HDF5 scientific data storage library.; profiling libraries

libghc-hsyaml-dev/stable 0.2.1.4-2 arm64
  pure Haskell YAML 1.2 processor - libraries

libghc-hsyaml-doc/stable 0.2.1.4-2 all
  pure Haskell YAML 1.2 parser - library documentation

libghc-hsyaml-prof/stable 0.2.1.4-2 arm64
  pure Haskell YAML 1.2 processor - profiling libraries

libghc-http-conduit-dev/stable 2.3.9-1+b1 arm64
  HTTP client package with conduit interface and HTTPS support

libghc-http-conduit-doc/stable 2.3.9-1 all
  HTTP client package with conduit interface and HTTPS support; documentation

libghc-http-conduit-prof/stable 2.3.9-1+b1 arm64
  HTTP/HTTPS client package with conduit interface, profiling libraries; profiling libraries

libghc-http-download-dev/stable 0.2.1.0-1+b2 arm64
  Verified downloads with retries

libghc-http-download-doc/stable 0.2.1.0-1 all
  Verified downloads with retries; documentation

libghc-http-download-prof/stable 0.2.1.0-1+b2 arm64
  Verified downloads with retries; profiling libraries

libghc-io-streams-dev/stable 1.5.2.2-3+b1 arm64
  simple, composable, and easy-to-use stream I/O

libghc-io-streams-doc/stable 1.5.2.2-3 all
  simple, composable, and easy-to-use stream I/O; documentation

libghc-io-streams-prof/stable 1.5.2.2-3+b1 arm64
  simple, composable, and easy-to-use stream I/O; profiling libraries

libghc-irc-core-dev/stable 2.12-2+b1 arm64
  IRC connection library

libghc-irc-core-doc/stable 2.12-2 all
  IRC connection library; documentation

libghc-irc-core-prof/stable 2.12-2+b1 arm64
  IRC connection library; profiling libraries

libghc-language-c99-util-dev/stable 0.2.0-3+b1 arm64
  Utilities for language-c99.

libghc-language-c99-util-doc/stable 0.2.0-3 all
  Utilities for language-c99.; documentation

libghc-language-c99-util-prof/stable 0.2.0-3+b1 arm64
  Utilities for language-c99.; profiling libraries

libghc-libyaml-dev/stable 0.1.4-1+b1 arm64
  low-level, streaming YAML interface.

libghc-libyaml-doc/stable 0.1.4-1 all
  low-level, streaming YAML interface.; documentation

libghc-libyaml-prof/stable 0.1.4-1+b1 arm64
  low-level, streaming YAML interface.; profiling libraries

libghc-mime-mail-dev/stable 0.5.1-3+b1 arm64
  Library to compose MIME email messages

libghc-mime-mail-doc/stable 0.5.1-3 all
  Library to compose MIME email messages; documentation

libghc-mime-mail-prof/stable 0.5.1-3+b1 arm64
  Library to compose MIME email messages; profiling libraries

libghc-mod-dev/stable 0.2.0.1-2+b1 arm64
  fast type-safe modular arithmetic

libghc-mod-doc/stable 0.2.0.1-2 all
  fast type-safe modular arithmetic; documentation

libghc-mod-prof/stable 0.2.0.1-2+b1 arm64
  fast type-safe modular arithmetic; profiling libraries

libghc-network-dev/stable 3.1.4.0-2+b1 arm64
  Haskell low-level network library

libghc-network-doc/stable 3.1.4.0-2 all
  Haskell low-level network library; documentation

libghc-network-prof/stable 3.1.4.0-2+b1 arm64
  Haskell low-level network library; profiling libraries

libghc-numtype-dk-dev/stable 0.5.0.3-3+b1 arm64
  type-level integers without fundeps

libghc-numtype-dk-doc/stable 0.5.0.3-3 all
  type-level integers without fundeps; documentation

libghc-numtype-dk-prof/stable 0.5.0.3-3+b1 arm64
  type-level integers without fundeps; profiling libraries

libghc-pcap-dev/stable 0.4.5.2-17+b1 arm64
  Haskell wrapper around the C libpcap library

libghc-pcap-doc/stable 0.4.5.2-17 all
  Haskell wrapper around the C libpcap library; documentation

libghc-pcap-prof/stable 0.4.5.2-17+b1 arm64
  Haskell wrapper around the C libpcap library; profiling libraries

libghc-postgresql-libpq-dev/stable 0.10.0.0-1+b1 arm64
  low-level binding to libpq

libghc-postgresql-libpq-doc/stable 0.10.0.0-1 all
  low-level binding to libpq; documentation

libghc-postgresql-libpq-prof/stable 0.10.0.0-1+b1 arm64
  low-level binding to libpq; profiling libraries

libghc-postgresql-simple-dev/stable 0.7.0.0-1+b1 arm64
  mid-level PostgreSQL client library

libghc-postgresql-simple-doc/stable 0.7.0.0-1 all
  mid-level PostgreSQL client library; documentation

libghc-postgresql-simple-prof/stable 0.7.0.0-1+b1 arm64
  mid-level PostgreSQL client library; profiling libraries

libghc-regex-dev/stable 1.1.0.2-3 arm64
  Haskell Regex Toolkit

libghc-regex-doc/stable 1.1.0.2-3 all
  Haskell Regex Toolkit; documentation

libghc-regex-prof/stable 1.1.0.2-3 arm64
  Haskell Regex Toolkit; profiling libraries

libghc-sdl2-dev/stable 2.5.5.0-2+b2 arm64
  high- and low-level bindings to the SDL 2 library

libghc-sdl2-doc/stable 2.5.5.0-2 all
  high- and low-level bindings to the SDL 2 library; documentation

libghc-sdl2-image-dev/stable 2.1.0.0-4+b2 arm64
  Haskell bindings to SDL2_image

libghc-sdl2-image-doc/stable 2.1.0.0-4 all
  Haskell bindings to SDL2_image; documentation

libghc-sdl2-image-prof/stable 2.1.0.0-4+b2 arm64
  Haskell bindings to SDL2_image; profiling libraries

libghc-sdl2-mixer-dev/stable 1.2.0.0-4+b3 arm64
  Haskell bindings to SDL2_mixer

libghc-sdl2-mixer-doc/stable 1.2.0.0-4 all
  Haskell bindings to SDL2_mixer; documentation

libghc-sdl2-mixer-prof/stable 1.2.0.0-4+b3 arm64
  Haskell bindings to SDL2_mixer; profiling libraries

libghc-sdl2-prof/stable 2.5.5.0-2+b2 arm64
  high- and low-level bindings to the SDL 2 library; profiling libraries

libghc-singleton-bool-dev/stable 0.1.8-1+b1 arm64
  type-level booleans

libghc-singleton-bool-doc/stable 0.1.8-1 all
  type-level booleans; documentation

libghc-singleton-bool-prof/stable 0.1.8-1+b1 arm64
  type-level booleans; profiling libraries

libghc-skein-dev/stable 1.0.9.4-9+b1 arm64
  family of cryptographic hash functions

libghc-skein-doc/stable 1.0.9.4-9 all
  family of cryptographic hash functions; documentation

libghc-skein-prof/stable 1.0.9.4-9+b1 arm64
  family of cryptographic hash functions; profiling libraries

libghc-snap-dev/stable 1.1.3.3-1+b2 arm64
  Snap Web Framework

libghc-snap-doc/stable 1.1.3.3-1 all
  Snap Web Framework; documentation

libghc-snap-prof/stable 1.1.3.3-1+b2 arm64
  Snap Web Framework; profiling libraries

libghc-snap-server-dev/stable 1.1.2.1-2+b1 arm64
  iteratee-based, epoll-enabled web server for the Snap Framework

libghc-snap-server-doc/stable 1.1.2.1-2 all
  iteratee-based, epoll-enabled web server for the Snap Framework; documentation

libghc-snap-server-prof/stable 1.1.2.1-2+b1 arm64
  iteratee-based, epoll-enabled web server for the Snap Framework; profiling lib

libghc-streaming-commons-dev/stable 0.2.2.6-2+b1 arm64
  common lower-level functions for various streaming data libraries

libghc-streaming-commons-doc/stable 0.2.2.6-2 all
  common lower-level functions for various streaming data libraries; documentation

libghc-streaming-commons-prof/stable 0.2.2.6-2+b1 arm64
  common lower-level functions for various streaming data libraries; profiling libraries

libghc-system-filepath-dev/stable 0.4.14-7+b1 arm64
  high-level, byte-based file and directory path manipulations

libghc-system-filepath-doc/stable 0.4.14-7 all
  high-level, byte-based file and directory path manipulations; documentation

libghc-system-filepath-prof/stable 0.4.14-7+b1 arm64
  high-level, byte-based file and directory path manipulations; profiling libraries

libghc-th-extras-dev/stable 0.0.0.8-1+b1 arm64
  grab bag of functions for use with Template Haskell

libghc-th-extras-doc/stable 0.0.0.8-1 all
  grab bag of functions for use with Template Haskell; documentation

libghc-th-extras-prof/stable 0.0.0.8-1+b1 arm64
  grab bag of functions for use with Template Haskell; profiling libraries

libghc-th-reify-many-dev/stable 0.1.10-3+b1 arm64
  recurseively reify template haskell datatype info

libghc-th-reify-many-doc/stable 0.1.10-3 all
  recurseively reify template haskell datatype info; documentation

libghc-th-reify-many-prof/stable 0.1.10-3+b1 arm64
  recurseively reify template haskell datatype info; profiling libraries

libghc-tls-dev/stable 1.8.0-1+b1 arm64
  native Haskell implementation of TLS/SSL protocol

libghc-tls-doc/stable 1.8.0-1 all
  native Haskell implementation of TLS/SSL protocol; documentation

libghc-tls-prof/stable 1.8.0-1+b1 arm64
  native Haskell implementation of TLS/SSL protocol; profiling libraries

libghc-type-level-numbers-dev/stable 0.1.1.2-3+b1 arm64
  library representing integers using Haskell type families

libghc-type-level-numbers-doc/stable 0.1.1.2-3 all
  library representing integers using Haskell type families; documentation

libghc-type-level-numbers-prof/stable 0.1.1.2-3+b1 arm64
  library representing integers using Haskell type families; profiling libraries

libghc-xml-conduit-dev/stable 1.9.1.3-2+b1 arm64
  HTTP client package with conduit interface and HTTPS support

libghc-xml-conduit-doc/stable 1.9.1.3-2 all
  HTTP client package with conduit interface and HTTPS support; documentation

libghc-xml-conduit-prof/stable 1.9.1.3-2+b1 arm64
  HTTP/HTTPS client package with conduit interface; profiling libraries

libghc-xmlhtml-dev/stable 0.2.5.4-2 arm64
  XML parser and renderer with HTML 5 quirks mode

libghc-xmlhtml-doc/stable 0.2.5.4-2 all
  XML parser and renderer with HTML 5 quirks mode; documentation

libghc-xmlhtml-prof/stable 0.2.5.4-2 arm64
  XML parser and renderer with HTML 5 quirks mode; profiling libraries

libghc-zlib-bindings-dev/stable 0.1.1.5-13 arm64
  low-level bindings to zlib

libghc-zlib-bindings-doc/stable 0.1.1.5-13 all
  low-level bindings to zlib; documentation

libghc-zlib-bindings-prof/stable 0.1.1.5-13 arm64
  low-level bindings to zlib; profiling libraries

libghc-zlib-dev/stable 0.6.3.0-3 arm64
  Compression and decompression in the gzip and zlib formats

libghc-zlib-doc/stable 0.6.3.0-3 all
  Compression and decompression in the gzip and zlib formats; documentation

libghc-zlib-prof/stable 0.6.3.0-3 arm64
  Compression and decompression in the gzip and zlib formats; profiling libraries

libghc-zstd-dev/stable 0.1.3.0-2 arm64
  Haskell bindings to the Zstandard compression algorithm

libghc-zstd-doc/stable 0.1.3.0-2 all
  Haskell bindings to the Zstandard compression algorithm; documentation

libghc-zstd-prof/stable 0.1.3.0-2 arm64
  Haskell bindings to the Zstandard compression algorithm; profiling libraries

libgig-dev/stable 4.4.1-1+b1 arm64
  development files for libgig

libgig-doc/stable 4.4.1-1 all
  HTML documentation for libgig

libgig10t64/stable 4.4.1-1+b1 arm64
  library for loading and modifying Gigasampler and DLS files

libgio-2.0-dev/stable 2.84.4-3~deb13u3 arm64
  Development files for the GLib, GObject and GIO libraries

libgis-distance-perl/stable 0.20-1 all
  Perl module to calculate geographic distances

libgit-repository-perl/stable 1.325-3 all
  Perl interface to Git repositories

libgit2-1.9/stable 1.9.0+ds-2 arm64
  low-level Git library

libgit2-dev/stable 1.9.0+ds-2 arm64
  low-level Git library (development files)

libgit2-fixtures/stable 1.9.0+ds-2 all
  low-level Git library - test suite examples

libglbsp-dev/stable 2.24-8+b1 arm64
  node builder library for OpenGL-based Doom-style games (headers)

libglbsp3/stable 2.24-8+b1 arm64
  node builder library for OpenGL-based Doom-style games

libglib2.0-dev/stable 2.84.4-3~deb13u3 arm64
  Development metapackage for the GLib family of libraries

libglibmm-2.4-1t64/stable,now 2.66.8-1 arm64 [installed,automatic]
  C++ wrapper for the GLib toolkit (shared libraries)

libglibmm-2.4-dev/stable 2.66.8-1 arm64
  C++ wrapper for the GLib toolkit (development files)

libglibmm-2.4-doc/stable 2.66.8-1 all
  C++ wrapper for the GLib toolkit (documentation)

libglibmm-2.68-1t64/stable 2.84.0-1 arm64
  C++ wrapper for the GLib toolkit (shared libraries)

libglibmm-2.68-dev/stable 2.84.0-1 arm64
  C++ wrapper for the GLib toolkit (development files)

libglibmm-2.68-doc/stable 2.84.0-1 all
  C++ wrapper for the GLib toolkit (documentation)

libgloox-dev/stable 1.0.28-1+b3 arm64
  C++ jabber/xmpp library (devel)

libgloox-doc/stable 1.0.28-1 all
  C++ jabber/xmpp library (API documentation)

libgloox18/stable 1.0.28-1+b3 arm64
  C++ jabber/xmpp library

libgluegen2-build-java/stable 2.5.0+dfsg-3 all
  tool to automatically generate Java and JNI code (Java sources)

libgluegen2-jni/stable 2.5.0+dfsg-3 arm64
  tool to automatically generate Java and JNI code (native library)

libgluegen2-rt-java/stable 2.5.0+dfsg-3 all
  tool to automatically generate Java and JNI code (runtime files)

libgnunet-dev/stable 0.20.0-7 arm64
  GNU's framework for secure peer-to-peer networking (development)

libgnunet0.20t64/stable 0.20.0-7 arm64
  GNU's framework for secure peer-to-peer networking (libraries)

libgnunetgtk-dev/stable 0.20.0-5 arm64
  GNU's framework for secure peer-to-peer networking (GTK+ client development)

libgnunetgtk3/stable 0.20.0-5 arm64
  GNU's framework for secure peer-to-peer networking (GTK+ client library)

libgnuradio-runtime3.10.12/stable 3.10.12.0-1 arm64
  gnuradio core runtime

libgoogle-glog-dev/stable 0.6.0-2.1+b2 arm64
  library that implements application-level logging.

libgoogle-glog0v6t64/stable 0.6.0-2.1+b2 arm64
  library that implements application-level logging.

libgoogle-http-client-java/stable 1.42.0-2 all
  Google HTTP Client Library for Java

libgpars-groovy-java/stable 1.2.1-11 all
  open-source concurrency library for Groovy

libgps30t64/stable 3.25-5+deb13u1 arm64
  Global Positioning System - library

libgraphics-toolkit-color-perl/stable 1.71-1 all
  color palette constructor

libgrilo-0.3-0/stable 0.3.16-2 arm64
  Framework for discovering and browsing media - Shared libraries

libgrilo-0.3-bin/stable 0.3.16-2 arm64
  Framework for discovering and browsing media - Binaries

libgrilo-0.3-dev/stable 0.3.16-2 arm64
  Framework for discovering and browsing media - Development files

libgrilo-0.3-doc/stable 0.3.16-2 all
  Framework for discovering and browsing media - Documentation

libgrpc-java/stable 1.41.3+ds-5 all
  Java gRPC implementation, HTTP/2 based RPC

libgsettings-qt-dev/stable 1.0.0-4 arm64
  library to access GSettings from Qt5 (development files)

libgsettings-qt1/stable 1.0.0-4 arm64
  library to access GSettings from Qt5 (shared libraries)

libgsettings-qt6-1/stable 1.0.0-4 arm64
  library to access GSettings from Qt6 (shared libraries)

libgsettings-qt6-dev/stable 1.0.0-4 arm64
  library to access GSettings from Qt6 (development files)

libgsl-dbg/stable 2.8+dfsg-5 arm64
  GNU Scientific Library (GSL) -- debug symbols package

libgsl-dev/stable 2.8+dfsg-5 arm64
  GNU Scientific Library (GSL) -- development package

libgsl28/stable 2.8+dfsg-5 arm64
  GNU Scientific Library (GSL) -- library package

libgslcblas0/stable 2.8+dfsg-5 arm64
  GNU Scientific Library (GSL) -- blas library package

libgtg-dev/stable 0.2-3-4+b1 arm64
  Generic Trace Generator (GTG) - development files

libgtg-tools/stable 0.2-3-4+b1 arm64
  Generic Trace Generator (GTG) - tools

libgtg0/stable 0.2-3-4+b1 arm64
  Generic Trace Generator (GTG) - shared library

libhash-merge-perl/stable 0.302-1 all
  Perl module for merging arbitrarily deep hashes into a single hash

libhbaapi-dev/stable 2.2.9-4+b1 arm64
  SNIA HBAAPI library (development files)

libhbaapi2/stable 2.2.9-4+b1 arm64
  SNIA HBAAPI library

libhbalinux-dev/stable 1.0.16-2+b1 arm64
  Library headers files for retrieving FCOE adapter information

libhbalinux2/stable 1.0.16-2+b1 arm64
  Library for retrieving FCOE adapter information

libhdf5-hl-310/stable 1.14.5+repack-3 arm64
  HDF5 High Level runtime files - serial version

libhdf5-hl-cpp-310/stable 1.14.5+repack-3 arm64
  HDF5 High Level C++ runtime files - serial version

libhdf5-hl-fortran-310/stable 1.14.5+repack-3 arm64
  HDF5 High Level Fortran runtime files - serial version

libhdf5-mpich-hl-310/stable 1.14.5+repack-3 arm64
  HDF5 High Level runtime files - MPICH2 version

libhdf5-mpich-hl-cpp-310/stable 1.14.5+repack-3 arm64
  HDF5 High Level C++ runtime files - MPICH2 version - unsupported

libhdf5-mpich-hl-fortran-310/stable 1.14.5+repack-3 arm64
  HDF5 High Level Fortran runtime files - MPICH2 version

libhdf5-openmpi-hl-310/stable 1.14.5+repack-3 arm64
  HDF5 High Level runtime files - OpenMPI version

libhdf5-openmpi-hl-cpp-310/stable 1.14.5+repack-3 arm64
  HDF5 High Level C++ runtime files - OpenMPI version - unsupported

libhdf5-openmpi-hl-fortran-310/stable 1.14.5+repack-3 arm64
  HDF5 High Level Fortran runtime files - OpenMPI version

libhdrhistogram-java/stable 2.1.11-1 all
  High Dynamic Range (HDR) Histogram

libhibernate-validator-java/stable 5.3.6-3 all
  Hibernate Validator

libhibernate-validator4-java/stable 4.3.4-7 all
  Hibernate Validator

libhiredict-dev/stable 1.3.1-2+b1 arm64
  minimalistic C client library for Redict (development files)

libhiredict-shims-dev/stable 1.3.1-2+b1 arm64
  minimalistic C client library for Redict (hiredis compat shims)

libhiredict1.3.1/stable 1.3.1-2+b1 arm64
  minimalistic C client library for Redict

libhiredis-dev/stable 1.2.0-6+b3 arm64
  minimalistic C client library for Redis (development files)

libhiredis1.1.0/stable 1.2.0-6+b3 arm64
  minimalistic C client library for Redis

libhogweed6t64/stable,now 3.10.1-1 arm64 [installed]
  low level cryptographic library (public-key cryptos)

libhtml-linklist-perl/stable 0.1701-3 all
  module that creates a 'smart' list of HTML links

libhttp-multipartparser-perl/stable 0.02-3 all
  HTTP multipart MIME parser

libhttpcore-java/stable 4.4.16-1 all
  set of low level HTTP transport components for Java

libhttpcore5-java/stable 5.2.2-1 all
  set of low level HTTP transport components for Java

libiceoryx-hoofs-dev/stable 2.0.6+dfsg-1 arm64
  zero-copy inter-process communication HOOFS library headers

libiceoryx-hoofs2/stable 2.0.6+dfsg-1 arm64
  zero-copy inter-process communication HOOFS library

libiec61883-0/stable,now 1.2.0-7 arm64 [installed,automatic]
  partial implementation of IEC 61883 (shared lib)

libiec61883-dev/stable 1.2.0-7 arm64
  partial implementation of IEC 61883 (devel)

libigloo-dev/stable 0.9.2-1.1+b1 arm64
  runtime framework to aid modern programming patterns (development)

libigloo0t64/stable 0.9.2-1.1+b1 arm64
  generic C runtime framework to aid modern programming patterns

libiml-dev/stable 1.0.5-2+b1 arm64
  Integer Matrix Library, development files

libiml0/stable 1.0.5-2+b1 arm64
  Integer Matrix Library, runtime files

libimport-into-perl/stable 1.002005-2 all
  module for importing packages into other packages

libinklevel-dev/stable 0.9.7-1 arm64
  development files for libinklevel5

libinklevel5/stable 0.9.7-1 arm64
  library for checking the ink level of your local printer

libinotifytools0/stable 4.23.9.0-2+b1 arm64
  utility wrapper around inotify

libinotifytools0-dev/stable 4.23.9.0-2+b1 arm64
  Development library and header files for libinotifytools0

libio-async-perl/stable 0.804-2 all
  modules for asynchronous event-driven programming

libio-epoll-perl/stable 0.03-3+b5 arm64
  Perl interface to the Epoll IO Multiplexing subsystem

libio-fdpass-perl/stable 1.3-1+b5 arm64
  module to pass a file descriptor over a socket

libio-prompt-perl/stable 0.997004-2 all
  module to interactively prompt for user input

libio-stream-perl/stable 2.0.3-3 all
  module that provides non-blocking I/O streams based on EV

libipaddr-ocaml/stable 5.6.0-1+b10 arm64
  library for manipulation of IP (and MAC) address representations (runtime)

libipaddr-ocaml-dev/stable 5.6.0-1+b10 arm64
  library for manipulation of IP (and MAC) address representations (dev files)

libisal-dev/stable 2.31.1-1.1 arm64
  Intel(R) Intelligent Storage Acceleration Library - devel files

libisal2/stable 2.31.1-1.1 arm64
  Intel(R) Intelligent Storage Acceleration Library - shared library

libisoburn-dev/stable 1.5.6-1.2+b1 arm64
  development package for libisoburn

libisoburn-doc/stable 1.5.6-1.2 all
  documentation package for libisoburn

libisoburn1t64/stable 1.5.6-1.2+b1 arm64
  library to handle creation and inspection of ISO-9660 file systems

libisoparser-java/stable 1.1.22-1 all
  Generic parser and writer for ISO 14496 based files

libitsol-dev/stable 1.0.0-3+b1 arm64
  ITerative SOLvers - devel

libitsol1/stable 1.0.0-3+b1 arm64
  ITerative SOLvers - runtime

libj2ssh-java/stable 0.2.9-6 all
  Java library for the SSH protocol

libj2ssh-java-doc/stable 0.2.9-6 all
  Java library for the SSH protocol - documentation and examples

libjakarta-authentication-api-java/stable 3.0.0-2 all
  Jakarta Authentication API

libjasypt-java/stable 1.9.3-1 all
  java library for simple high-level encryption

libjasypt-java-doc/stable 1.9.3-1 all
  Documentation - java library for simple high-level encryption

libjava3d-java/stable 1.5.2+dfsg-18 all
  Java 3D API (java library)

libjava3d-java-doc/stable 1.5.2+dfsg-18 all
  Documentation for the Java3D API

libjava3d-jni/stable 1.5.2+dfsg-18 arm64
  Java3D API (java jni library)

libjavassist-java/stable 1:3.27.0-1 all
  library for editing bytecodes in Java

libjavassist-java-doc/stable 1:3.27.0-1 all
  library for editing bytecodes in Java -- documentation

libjaxp1.3-java/stable 1.3.05-6 all
  Java XML parser and transformer APIs (DOM, SAX, JAXP, TrAX)

libjbbp-java/stable 2.0.3-1 all
  comfortable way to work with binary data in Java

libjbig2dec0/stable,now 0.20-1+b3 arm64 [installed,automatic]
  JBIG2 decoder library - shared libraries

libjbig2dec0-dev/stable 0.20-1+b3 arm64
  JBIG2 decoder library - development files

libjbig2enc-dev/stable 0.30-1 arm64
  encoder for JBIG2 - development headers

libjbig2enc0t64/stable 0.30-1 arm64
  encoder for JBIG2 - libraries

libjboss-xnio-java/stable 3.8.10-1 all
  simplified low-level I/O layer for NIO

libjboss-xnio-java-doc/stable 3.8.10-1 all
  Documentation for jboss-xnio

libjdependency-java/stable 2.10-1 all
  Java library analyzing class level dependencies

libjericho-html-java/stable 3.4+dfsg-1 all
  Java based library for HTML Parsing

libjgromacs-java/stable 1.0-2 all
  library for molecular dynamics trajectory analysis

libjgromacs-java-doc/stable 1.0-2 all
  library for molecular dynamics trajectory analysis (documentation)

libjnr-constants-java/stable 0.10.4-2 all
  platform constants for Java

libjnr-constants-java-doc/stable 0.10.4-2 all
  platform constants for Java - API documentation

libjnr-enxio-java/stable 0.32.16-1 all
  Java extended native cross-platform I/O library

libjnr-ffi-java/stable 2.2.15-2 all
  Java library for loading native libraries without writing JNI code

libjnr-ffi-java-doc/stable 2.2.15-2 all
  Documentation for libjnr-ffi-java

libjnr-unixsocket-java/stable 0.38.21-3 all
  Java access to native libraries for unix sockets

libjnr-unixsocket-java-doc/stable 0.38.21-3 all
  Java access to native libraries for unix sockets (documentation)

libjnr-x86asm-java/stable 1.0.2-6 all
  Pure java x86 and x86_64 assembler

libjpgalleg4-dev/stable 2:4.4.3.1-5+b2 arm64
  development files for the JPG loading addon for Allegro 4

libjpgalleg4.4t64/stable 2:4.4.3.1-5+b2 arm64
  JPG loading addon for Allegro 4

libjs-jquery-ui/stable 1.13.2+dfsg-1 all
  JavaScript UI library for dynamic web applications

libjs-jquery-ui-docs/stable 1.13.2+dfsg-1 all
  Documentation for JQuery-UI

libjs-modernizr/stable 3.13.0-0.1 all
  JavaScript library to detect HTML5 and CSS3 features in the user's browser

libjs-n3/stable 1.16.3+~1.2.3+~1.10.4-1 all
  fast asynchronous streaming RDF for JavaScript - browser library

libjs-terser/stable 5.38.0-1 all
  parser/mangler/compressor for ES6+ - browser library

libjs-three/stable 111+dfsg1-3 all
  lightweight 3D graphics library

libjs-trust-json-document/stable 0.1.4~dfsg-11 all
  JSON Document manipulation library - browser library

libjson-rpc-common-perl/stable 0.11-2 all
  transport agnostic JSON RPC helper objects

libjsoncpp-dev/stable 1.9.6-3 arm64
  library for reading and writing JSON for C++ (devel files)

libjsoncpp-doc/stable 1.9.6-3 all
  API documentation for libjsoncpp-dev

libjsoncpp26/stable 1.9.6-3 arm64
  library for reading and writing JSON for C++

libjzlib-java/stable 1.1.3-3 all
  Java Zlib implementation

libkcapi-dev/stable 1.4.0-1+b2 arm64
  Development files for Linux Kernel Crypto API

libkcapi-doc/stable 1.4.0-1 all
  Documentation for Linux Kernel Crypto API

libkcapi1/stable 1.4.0-1+b2 arm64
  Linux Kernel Crypto API User Space Interface Library

libkf5completion-data/stable 5.116.0-1 all
  Widgets with advanced auto-completion features.

libkf5completion-dev/stable 5.116.0-1 arm64
  development files for kcompletion

libkf5completion-doc/stable 5.116.0-1 all
  Widgets with advanced auto-completion features (documentation)

libkf5completion5/stable 5.116.0-1 arm64
  Widgets with advanced auto-completion features.

libkf5kirigami2-5/stable 5.116.0-1 arm64
  set of QtQuick components targeted for mobile use

libkf5kirigami2-doc/stable 5.116.0-1 all
  set of QtQuick components targeted for mobile use (documentation)

libkf5windowsystem-data/stable 5.116.0-1 all
  Convenience access to certain properties and features of the window manager

libkf5windowsystem-dev/stable 5.116.0-1 arm64
  development files for kwindowsystem

libkf5windowsystem-doc/stable 5.116.0-1 all
  Convenience access to certain properties and features of the window manager

libkf5windowsystem5/stable 5.116.0-1 arm64
  Convenience access to certain properties and features of the window manager

libkf6completion-data/stable 6.13.0-1 all
  Widgets with advanced auto-completion features

libkf6completion-dev/stable 6.13.0-1 arm64
  development files for kcompletion

libkf6completion-doc/stable 6.13.0-1 all
  Widgets with advanced auto-completion features (documentation)

libkf6completion6/stable 6.13.0-1 arm64
  Widgets with advanced auto-completion features

libkf6windowsystem-data/stable 6.13.0-2 all
  Convenience access to certain properties and features of the window manager

libkf6windowsystem-dev/stable 6.13.0-2 arm64
  development files for kwindowsystem

libkf6windowsystem-doc/stable 6.13.0-2 all
  Convenience access to certain properties and features of the window manager

libkf6windowsystem6/stable 6.13.0-2 arm64
  Convenience access to certain properties and features of the window manager

libkirigami-data/stable 6.13.0-2 all
  set of QtQuick components targeted for mobile use

libkirigami-dev/stable 6.13.0-2 arm64
  set of QtQuick components targeted for mobile use (development)

libkirigami-doc/stable 6.13.0-2 all
  set of QtQuick components targeted for mobile use (documentation)

libkirigami6/stable 6.13.0-2 arm64
  set of QtQuick components targeted for mobile use

libkirigamidelegates6/stable 6.13.0-2 arm64
  set of QtQuick components targeted for mobile use

libkirigamidialogs6/stable 6.13.0-2 arm64
  set of QtQuick components targeted for mobile use

libkirigamilayouts6/stable 6.13.0-2 arm64
  set of QtQuick components targeted for mobile use

libkirigamiplatform6/stable 6.13.0-2 arm64
  set of QtQuick components targeted for mobile use

libkirigamiprimitives6/stable 6.13.0-2 arm64
  set of QtQuick components targeted for mobile use

libkirigamiprivate6/stable 6.13.0-2 arm64
  set of QtQuick components targeted for mobile use

libknot-dev/stable 3.4.6-2 arm64
  Knot DNS shared library development files

libknot15/stable 3.4.6-2 arm64
  Authoritative domain name server (shared library)

libkosmindoormap1/stable 25.04.3-1 arm64
  OSM multi-floor indoor map renderer

libkosmindoorrouting1/stable 25.04.3-1 arm64
  OSM multi-floor indoor map navigation

libkxl0/stable 1.2.4-1+b1 arm64
  multimedia library for game development

libkxl0-dev/stable 1.2.4-1+b1 arm64
  development files for libkxl0

libkysdk-applications/stable 2.2.1.1-3+b2 arm64
  kylin SDK based on application level

liblatex-tounicode-perl/stable 0.55-1 all
  Convert LaTeX commands to Unicode

liblcas-dev/stable 1.3.19-2.1+b3 arm64
  Local Centre Authorization Service development files

liblcas0/stable 1.3.19-2.1+b3 arm64
  Local Centre Authorization Service runtime

libleveldb-api-java/stable 0.7-2 all
  High level Java API for LevelDB

libleveldb-dev/stable 1.23-5+b2 arm64
  fast key-value storage library (development files)

libleveldb-java/stable 0.7-2 all
  Port of LevelDB to Java

libleveldb1d/stable 1.23-5+b2 arm64
  fast key-value storage library

liblinenoise-ocaml/stable 1.5.1-2+b3 arm64
  Lightweight readline alternative with OCaml (runtime)

liblinenoise-ocaml-dev/stable 1.5.1-2+b3 arm64
  Lightweight readline alternative with OCaml (development)

liblingua-en-syllable-perl/stable 0.310-2 all
  module to estimate syllable count in English words

liblizzie-java/stable 0.7.4+dfsg1-4 all
  GUI for analyzing Go games in real time using Leela Zero

libloadpng4-dev/stable 2:4.4.3.1-5+b2 arm64
  development files for the PNG loading addon for Allegro 4

libloadpng4.4t64/stable 2:4.4.3.1-5+b2 arm64
  PNG loading addon for Allegro 4

liblockfile-simple-perl/stable 0.208-1.1 all
  Perl module for simple advisory file locking

liblog-agent-logger-perl/stable 0.201-1 all
  extension for Log::Agent providing an application-level logging API

liblog-any-adapter-screen-perl/stable 0.141-1 all
  send logs to screen, with colors and some other features

liblog-contextual-perl/stable 0.009001-1 all
  module for simple contextual logging

liblog-dispatch-perl/stable 2.71-1 all
  message dispatcher to multiple Log::Dispatch::* objects

liblog-dispatchouli-perl/stable 3.009-1 all
  simple wrapper around Log::Dispatch

liblog-fast-perl/stable 2.0.1-2 all
  fast and flexible logger

liblog-handler-perl/stable 0.90-2 all
  module to handle output destined for log files

liblog-log4perl-perl/stable 1.57-1 all
  Perl port of the widely popular log4j logging package

liblog-loglite-perl/stable 0.82-9 all
  Perl module that facilitates lightweight logging

liblog-message-perl/stable 0.8-3 all
  powerful and flexible message logging mechanism

liblogg4-dev/stable 2:4.4.3.1-5+b2 arm64
  development files for the OGG loading addon for Allegro 4

liblogg4.4t64/stable 2:4.4.3.1-5+b2 arm64
  OGG loading addon for Allegro 4

liblogger-syslog-perl/stable 1.1-6 all
  Logger::Syslog -- a simple wrapper over Sys::Syslog for Perl

liblogs-ocaml/stable 0.8.0-1+b3 arm64
  logging infrastructure for OCaml (runtime)

liblogs-ocaml-dev/stable 0.8.0-1+b3 arm64
  logging infrastructure for OCaml (development)

liblong-jump-perl/stable 0.000001-2 all
  mechanism for returning to a specific point from a deeply nested stack

liblwipv6-2t64/stable 1.5a-10 arm64
  User level (lightweight) TCP/IP stack with IPv6 support

liblwipv6-dev/stable 1.5a-10 arm64
  Development files for the LWIPv6 library

liblzo2-2/stable,now 2.10-3+b1 arm64 [installed,automatic]
  data compression library

libmaa-dev/stable 1.5.1-1 arm64
  maa programming library, development files

libmaa4/stable 1.5.1-1 arm64
  maa programming library

libmadness-dev/stable 0.10.1+git20200818.eee5fd9f-3 arm64
  Numerical Environment for Scientific Simulation (development files)

libmagickcore-7-arch-config/stable 8:7.1.1.43+dfsg1-1+deb13u10 arm64
  low-level image manipulation library - architecture header files

libmagickcore-7-headers/stable 8:7.1.1.43+dfsg1-1+deb13u10 all
  low-level image manipulation library - header files

libmagickcore-7.q16-10/stable 8:7.1.1.43+dfsg1-1+deb13u10 arm64
  low-level image manipulation library -- quantum depth Q16

libmagickcore-7.q16-10-extra/stable 8:7.1.1.43+dfsg1-1+deb13u10 arm64
  low-level image manipulation library - extra codecs (Q16)

libmagickcore-7.q16-dev/stable 8:7.1.1.43+dfsg1-1+deb13u10 arm64
  low-level image manipulation library - development files (Q16)

libmagickcore-7.q16hdri-10/stable 8:7.1.1.43+dfsg1-1+deb13u10 arm64
  low-level image manipulation library -- quantum depth Q16HDRI

libmagickcore-7.q16hdri-10-extra/stable 8:7.1.1.43+dfsg1-1+deb13u10 arm64
  low-level image manipulation library - extra codecs (Q16HDRI)

libmagickcore-7.q16hdri-dev/stable 8:7.1.1.43+dfsg1-1+deb13u10 arm64
  low-level image manipulation library - development files (Q16HDRI)

libmagickcore-dev/stable 8:7.1.1.43+dfsg1-1+deb13u10 all
  low-level image manipulation library -- dummy package

libmail-dkim-perl/stable 1.20240923-1 all
  module to cryptographically identify the sender of email

libmarc-lint-perl/stable 1.53-2 all
  Perl extension for checking validity of MARC records

libmastodon-client-perl/stable 0.017-2 all
  Mastodon API perl bindings

libmathicgb-dev/stable 1.0~git20240206-1.1+b1 arm64
  Compute Groebner bases (developer tools)

libmathicgb0t64/stable 1.0~git20240206-1.1+b1 arm64
  Compute Groebner bases (runtime library)

libmaven-bundle-plugin-java/stable 3.5.1-3 all
  Maven plugin to handle artifact OSGi metadata

libmaxflow-dev/stable 3.0.5-4 arm64
  Development files for the maxflow-mincut algorithm

libmaxflow0/stable 3.0.5-4 arm64
  This library provides the maxflow-mincut algorithm

libmaxmind-db-reader-perl/stable 1.000014-2 all
  Perl module to read MaxMind DB files and look up IP addresses

libmce-perl/stable 1.901-1 all
  Many-Core Engine for Perl providing parallel processing capabilities

libmediawiki-bot-perl/stable 5.007000-1 all
  high-level bot framework for interacting with MediaWiki wikis

libmeshb-dev/stable 7.80-4 arm64
  A library to handle the *.meshb file format

libmetis-dev/stable 5.1.0.dfsg-7+b2 arm64
  Serial Graph Partitioning and Fill-reducing Matrix Ordering. Header

libmetis-doc/stable 5.1.0.dfsg-7 all
  Serial Graph Partitioning and Fill-reducing Matrix Ordering. Documentation

libmetis5/stable 5.1.0.dfsg-7+b2 arm64
  Serial Graph Partitioning and Fill-reducing Matrix Ordering

libmfsio-dev/stable 4.57.5-1 arm64
  MooseFS IO library - development files

libmfsio1t64/stable 4.57.5-1 arm64
  MooseFS IO library

libmina2-java/stable 2.2.1-4 all
  Java network application framework

libminc-dev/stable 2.4.06-2.1+b4 arm64
  MNI medical image format development environment

libminc2-5.3.0t64/stable 2.4.06-2.1+b4 arm64
  MNI medical image format library

libminidns-java/stable 1.0.0-3 all
  minimal DNS client library for Android and Java SE

libminlog-java/stable 1.3.1-1 all
  minimal Java logging library

libmlir-17-dev/stable 1:17.0.6-22+b2 arm64
  Multi-Level Intermediate Representation library

libmlir-17t64/stable 1:17.0.6-22+b2 arm64
  Multi-Level Intermediate Representation library

libmlir-18/stable 1:18.1.8-18+b1 arm64
  Multi-Level Intermediate Representation library

libmlir-18-dev/stable 1:18.1.8-18+b1 arm64
  Multi-Level Intermediate Representation library

libmlir-19/stable 1:19.1.7-3+b1 arm64
  Multi-Level Intermediate Representation library

libmlir-19-dev/stable 1:19.1.7-3+b1 arm64
  Multi-Level Intermediate Representation library

libmmdb2-0/stable 2.0.22-1+b2 arm64
  macromolecular coordinate library - runtime

libmmdb2-dev/stable 2.0.22-1+b2 arm64
  macromolecular coordinate library - development files

libmock-quick-perl/stable 1.111-2 all
  Perl module for quick side-effect free mocking of objects and classes

libmodule-corelist-perl/stable 5.20250421-1 all
  module to determine modules shipped with perl

libmongocrypt-dev/stable 1.13.2-1 arm64
  client-side field level encryption library - dev files

libmongocrypt0/stable 1.13.2-1 arm64
  client-side field level encryption library - runtime files

libmongodb-java/stable 3.6.3-2 all
  MongoDB Java Driver

libmono-tasklets4.0-cil/stable 6.12.0.199+dfsg-6 all
  Mono Tasklets library (for CLI 4.0)

libmoosex-clone-perl/stable 0.06-3 all
  Moose extension providing fine-grained cloning support

libmoosex-logdispatch-perl/stable 1.2002-2 all
  logging role for Moose

libmoox-cmd-perl/stable 0.017-2 all
  easy Moo style way to make command organized CLI apps

libmopac7-1gf/stable 1.15-7 arm64
  Semi-empirical Quantum Chemistry Library (library)

libmopac7-dev/stable 1.15-7 arm64
  Semi-empirical Quantum Chemistry Library (development files)

libmpd-dev/stable 11.8.17-2 arm64
  High-level client library for accessing Music Player Daemon

libmpd1/stable 11.8.17-2 arm64
  High-level client library for accessing Music Player Daemon

libmpdclient-dev/stable 2.22-1.1+b1 arm64
  client library for the Music Player Daemon (development files)

libmpdclient-doc/stable 2.22-1.1 all
  client library for the Music Player Daemon (API documentation)

libmpdclient2t64/stable 2.22-1.1+b1 arm64
  client library for the Music Player Daemon

libmrmpi-dev/stable 1.0~20140404-3+b4 arm64
  Implements MapReduce operation on top of standard MPI message - development

libmrmpi1/stable 1.0~20140404-3+b4 arm64
  Implements MapReduce operation on top of standard MPI message - runtime

libmtbl-dev/stable 1.6.1-1+b1 arm64
  immutable sorted string table library (development files)

libmtbl1/stable 1.6.1-1+b1 arm64
  immutable sorted string table library

libmujoco-dev/stable 2.2.2-3+b3 arm64
  Multi-Joint dynamics with Contact. A general purpose physics simulator.

libmujoco-samples/stable 2.2.2-3+b3 arm64
  Multi-Joint dynamics with Contact. A general purpose physics simulator.

libmujoco2.2.2/stable 2.2.2-3+b3 arm64
  Multi-Joint dynamics with Contact. A general purpose physics simulator.

libmulticore-magic-ocaml/stable 2.3.1-2+b1 arm64
  extract the best possible performance from multicore OCaml -- runtime files

libmulticore-magic-ocaml-dev/stable 2.3.1-2+b1 arm64
  extract the best possible performance from multicore OCaml -- development files

libmysofa-dev/stable 1.3.3+dfsg-1 arm64
  library to read HRTFs stored in the AES69-2015 SOFA format - development files

libmysofa-utils/stable 1.3.3+dfsg-1 arm64
  library to read HRTFs stored in the AES69-2015 SOFA format - utilities

libmysofa1/stable,now 1.3.3+dfsg-1 arm64 [installed,automatic]
  library to read HRTFs stored in the AES69-2015 SOFA format

libnacl-dev/stable 20110221-15 arm64
  High-speed software library for network communication

libnanomsg-raw-perl/stable 0.10-3+b4 arm64
  low-level interface to nanomsg for Perl

libnblib-gmx-dev/stable 2025.2-1 arm64
  GROMACS molecular dynamics sim, NB-LIB development kit

libnblib-gmx0/stable 2025.2-1 arm64
  GROMACS molecular dynamics sim, NB-LIB shared libraries

libndp-dev/stable 1.9-1+b1 arm64
  Library for Neighbor Discovery Protocol (development files)

libndp-tools/stable 1.9-1+b1 arm64
  Library for Neighbor Discovery Protocol (tools)

libndp0/stable 1.9-1+b1 arm64
  Library for Neighbor Discovery Protocol

libneon27-dev/stable 0.34.2-1 arm64
  Header and static library files for libneon27t64

libneon27-gnutls-dev/stable 0.34.2-1 arm64
  Header and static library files for libneon27t64 (GnuTLS enabled)

libneon27t64/stable 0.34.2-1 arm64
  HTTP and WebDAV client library

libneon27t64-gnutls/stable 0.34.2-1 arm64
  HTTP and WebDAV client library (GnuTLS enabled)

libnet-async-tangence-perl/stable 0.16-2 all
  module to use Tangence with IO::Async

libnet-domain-tld-perl/stable,now 1.75-4 all [installed,automatic]
  list of currently available Top-level Domains (TLDs)

libnet-fastcgi-perl/stable 0.14-2 all
  Perl toolkit to write FastCGI applications

libnet-frame-device-perl/stable 1.12-2 all
  module to get network device information

libnet-http-perl/stable,now 6.23-1 all [installed,automatic]
  module providing low-level HTTP connection client

libnet-https-nb-perl/stable 0.15-2 all
  low-level non-blocking HTTPS client

libnet-libdnet-perl/stable 0.990-1 arm64
  interface to libdumbnet's low-level network functions

libnet-libdnet6-perl/stable 0.28-2 all
  module to add IPv6 support to Net::Libdnet

libnet-pcap-perl/stable 0.21-2+b1 arm64
  Perl binding to the LBL pcap packet capture library

libnet-rawip-perl/stable 0.25-4+b2 arm64
  Perl interface to lowlevel TCP/IP

libnet-z3950-simple2zoom-perl/stable 1.04-1.1 all
  gateway between Z39.50 and SRU/SRW

libnet1/stable 1.3+dfsg-2 arm64
  library for the construction and handling of network packets

libnet1-dev/stable 1.3+dfsg-2 arm64
  development files for libnet

libnet1-doc/stable 1.3+dfsg-2 all
  developers documentation files for libnet

libnethttpd-ocaml-dev/stable 4.1.9-6+b3 arm64
  OCaml application-level Internet libraries - HTTP daemon development libraries

libnetpacket-perl/stable 1.7.2-2 all
  modules to manipulate network packets at the protocol level

libnettle8t64/stable,now 3.10.1-1 arm64 [installed]
  low level cryptographic library (symmetric and one-way cryptos)

libnfc-bin/stable,now 1.8.0-3.1+b1 arm64 [installed]
  Near Field Communication (NFC) binaries

libnfc-dev/stable 1.8.0-3.1+b1 arm64
  Near Field Communication (NFC) library (development files)

libnfc-examples/stable 1.8.0-3.1+b1 arm64
  Near Field Communication (NFC) examples

libnfc-pn53x-examples/stable 1.8.0-3.1+b1 arm64
  Near Field Communication (NFC) examples for PN53x chips only

libnfc6/stable,now 1.8.0-3.1+b1 arm64 [installed,automatic]
  Near Field Communication (NFC) library

libnfnetlink-dev/stable 1.0.2-3 arm64
  Development files for libnfnetlink0

libnfnetlink0/stable 1.0.2-3 arm64
  Netfilter netlink library

libnfs-dev/stable 5.0.2-1+b2 arm64
  NFS client library (development files)

libnfs-utils/stable 5.0.2-1+b2 arm64
  NFS client library (binaries)

libnfs14/stable 5.0.2-1+b2 arm64
  NFS client library (shared library)

libnftables-dev/stable 1.1.3-1 arm64
  Development files for libnftables

libnftables1/stable,now 1.1.3-1 arm64 [installed,automatic]
  Netfilter nftables high level userspace API library

libnftnl-dev/stable 1.2.9-1 arm64
  Development files for libnftnl

libnftnl-dev-doc/stable 1.2.9-1 all
  Doxygen-generated documentation for libnftnl-dev

libnftnl11/stable,now 1.2.9-1 arm64 [installed,automatic]
  Netfilter nftables userspace API library

libngspice0/stable 44.2+ds-1 arm64
  Spice circuit simulator - library

libngspice0-dev/stable 44.2+ds-1 arm64
  Spice circuit simulator - development files for libngspice

libniftiio-dev/stable 3.0.1-9.1+b1 arm64
  development low-level IO libraries for the NIfTI-1 data format (niftiio)

libniftiio2t64/stable 3.0.1-9.1+b1 arm64
  low-level IO libraries for the NIfTI-1 data format (niftiio)

libntruprime1/stable 0~20241021-2 arm64
  microlibrary for Streamlined NTRU Prime - shared library

libnxt/stable 0.5.2-1 arm64
  utility library for talking to the LEGO Mindstorms NXT brick

liboasis-ocaml/stable 0.4.11-5+b6 arm64
  Build-system generation for OCaml projects -- runtime

liboasis-ocaml-dev/stable 0.4.11-5+b6 arm64
  Build-system generation for OCaml projects -- development files

liboasis-ocaml-doc/stable 0.4.11-5 all
  Architecture for building OCaml libraries and applications

liboauth-dev/stable 1.0.3-5+b2 arm64
  C library implementing OAuth Core 1.0a API (development files)

liboauth0/stable 1.0.3-5+b2 arm64
  C library implementing OAuth Core 1.0a API (runtime)

libobject-multitype-perl/stable 0.05-6 all
  Perl objects as Hash, Array, Scalar, Code and Glob at once

libocaml-compiler-libs-ocaml-dev/stable 0.17.0-1+b2 arm64
  OCaml compiler libraries repackaged

libocamlnet-ocaml/stable 4.1.9-6+b3 arm64
  OCaml application-level Internet libraries - core runtime libraries

libocamlnet-ocaml-bin/stable 4.1.9-6+b3 arm64
  OCaml application-level Internet libraries - binaries

libocamlnet-ocaml-dev/stable 4.1.9-6+b3 arm64
  OCaml application-level Internet libraries - core development libraries

libocamlnet-ocaml-doc/stable 4.1.9-6 all
  OCaml application-level Internet libraries - documentation and examples

libocamlnet-ssl-ocaml/stable 4.1.9-6+b3 arm64
  OCaml application-level Internet libraries - SSL runtime libraries

libocamlnet-ssl-ocaml-dev/stable 4.1.9-6+b3 arm64
  OCaml application-level Internet libraries - SSL development libraries

libofono-qt-dev/stable 1.30-2+b2 arm64
  Qt oFono library (development files)

libofono-qt-doc/stable 1.30-2 all
  Qt oFono library API documentation

libofono-qt1/stable 1.30-2+b2 arm64
  Qt oFono library

liboop-dev/stable 1.0.1-4+b1 arm64
  Event loop management library - development files

liboop-doc/stable 1.0.1-4 all
  Event loop management library - documentation

liboop4t64/stable 1.0.1-4+b1 arm64
  Event loop management library

libopencv-calib3d-dev/stable 4.10.0+dfsg-5 arm64
  development files for libopencv-calib3d410

libopencv-calib3d410/stable 4.10.0+dfsg-5 arm64
  computer vision Camera Calibration library

libopencv-contrib-dev/stable 4.10.0+dfsg-5 arm64
  development files for libopencv-contrib410

libopencv-contrib410/stable 4.10.0+dfsg-5 arm64
  computer vision contrlib library

libopencv-core-dev/stable 4.10.0+dfsg-5 arm64
  development files for libopencv-core410

libopencv-core410/stable 4.10.0+dfsg-5 arm64
  computer vision core library

libopencv-dev/stable 4.10.0+dfsg-5 arm64
  development files for opencv

libopencv-dnn-dev/stable 4.10.0+dfsg-5 arm64
  development files for libopencv-dnn410

libopencv-dnn410/stable 4.10.0+dfsg-5 arm64
  computer vision Deep neural network module

libopencv-features2d-dev/stable 4.10.0+dfsg-5 arm64
  development files for libopencv-features2d410

libopencv-features2d410/stable 4.10.0+dfsg-5 arm64
  computer vision Feature Detection and Descriptor Extraction library

libopencv-flann-dev/stable 4.10.0+dfsg-5 arm64
  development files for libopencv-flann410

libopencv-flann410/stable 4.10.0+dfsg-5 arm64
  computer vision Clustering and Search in Multi-Dimensional spaces library

libopencv-highgui-dev/stable 4.10.0+dfsg-5 arm64
  development files for libopencv-highgui410

libopencv-highgui410/stable 4.10.0+dfsg-5 arm64
  computer vision High-level GUI and Media I/O library

libopencv-imgcodecs-dev/stable 4.10.0+dfsg-5 arm64
  development files for libopencv-imgcodecs410

libopencv-imgcodecs410/stable 4.10.0+dfsg-5 arm64
  computer vision Image Codecs library

libopencv-imgproc-dev/stable 4.10.0+dfsg-5 arm64
  development files for libopencv-imgproc410

libopencv-imgproc410/stable 4.10.0+dfsg-5 arm64
  computer vision Image Processing library

libopencv-java/stable 4.10.0+dfsg-5 arm64
  Java bindings for the computer vision library

libopencv-ml-dev/stable 4.10.0+dfsg-5 arm64
  development files for libopencv-ml410

libopencv-ml410/stable 4.10.0+dfsg-5 arm64
  computer vision Machine Learning library

libopencv-objdetect-dev/stable 4.10.0+dfsg-5 arm64
  development files for libopencv-objdetect410

libopencv-objdetect410/stable 4.10.0+dfsg-5 arm64
  computer vision Object Detection library

libopencv-photo-dev/stable 4.10.0+dfsg-5 arm64
  development files for libopencv-photo410

libopencv-photo410/stable 4.10.0+dfsg-5 arm64
  computer vision computational photography library

libopencv-shape-dev/stable 4.10.0+dfsg-5 arm64
  development files for libopencv-shape410

libopencv-shape410/stable 4.10.0+dfsg-5 arm64
  computer vision shape descriptors and matchers library

libopencv-stitching-dev/stable 4.10.0+dfsg-5 arm64
  development files for libopencv-stitching410

libopencv-stitching410/stable 4.10.0+dfsg-5 arm64
  computer vision image stitching library

libopencv-superres-dev/stable 4.10.0+dfsg-5 arm64
  development files for libopencv-superres410

libopencv-superres410/stable 4.10.0+dfsg-5 arm64
  computer vision Super Resolution library

libopencv-video-dev/stable 4.10.0+dfsg-5 arm64
  development files for libopencv-video410

libopencv-video410/stable 4.10.0+dfsg-5 arm64
  computer vision Video analysis library

libopencv-videoio-dev/stable 4.10.0+dfsg-5 arm64
  development files for libopencv-videoio410

libopencv-videoio410/stable 4.10.0+dfsg-5 arm64
  computer vision Video I/O library

libopencv-videostab-dev/stable 4.10.0+dfsg-5 arm64
  development files for libopencv-videostab410

libopencv-videostab410/stable 4.10.0+dfsg-5 arm64
  computer vision video stabilization library

libopencv-viz-dev/stable 4.10.0+dfsg-5 arm64
  development files for libopencv-viz410

libopencv-viz410/stable 4.10.0+dfsg-5 arm64
  computer vision 3D data visualization library

libopencv410-jni/stable 4.10.0+dfsg-5 arm64
  Java jni library for the computer vision library

libopenfec-dev/stable 1.4.2.11+dfsg-1 arm64
  Application-Level Forward Erasure Correction codes (development files)

libopenfec1/stable,now 1.4.2.11+dfsg-1 arm64 [installed,automatic]
  Application-Level Forward Erasure Correction codes (shared library)

libopenhft-chronicle-bytes-java/stable 1.1.15-3 all
  OpenHFT byte buffer library

libopenhft-chronicle-core-java/stable 2.17.5-v1.1.8-3 all
  OpenHFT core library

libopeniscsiusr/stable 2.1.11-1+deb13u2 arm64
  iSCSI userspace library

libopeniscsiusr-dev/stable 2.1.11-1+deb13u2 all
  iSCSI userspace library headers

libopenoffice-oodoc-perl/stable 2.125-4 all
  module for working with Open Document Format files

libopenscenegraph-dev/stable 3.6.5+dfsg1-9 arm64
  3D scene graph, development files

libopenscenegraph161/stable 3.6.5+dfsg1-9 arm64
  3D scene graph, shared libs

libopentk-cil-dev/stable 1.1.4c+dfsg-2.2 all
  Open Toolkit wrapper for OpenGL, OpenAL and OpenCL - Dev files

libopentk1.1-cil/stable 1.1.4c+dfsg-2.2 all
  Open Toolkit wrapper for OpenGL, OpenAL and OpenCL - Assemblies

libopusenc-dev/stable 0.2.1-2+b2 arm64
  High-level API for encoding Opus audio streams (development files)

libopusenc-doc/stable 0.2.1-2 all
  High-level API for encoding Opus audio streams (documentation)

libopusenc0/stable 0.2.1-2+b2 arm64
  High-level API for encoding Opus audio streams (library)

libopusfile0/stable 0.12-4+b3 arm64
  High-level API for basic manipulation of Ogg Opus audio streams

libortp-dev/stable 1:5.3.105-1 arm64
  Development files for the ortp RTP library

libortp-doc/stable 1:5.3.105-1 all
  oRTP API documentation

libortp16/stable 1:5.3.105-1 arm64
  Real-time Transport Protocol (RTP) stack

libosmo-sigtran-dev/stable 2.1.0-3 arm64
  Development headers for the Osmocom SIGTRAN library

libosmo-sigtran-doc/stable 2.1.0-3 all
  Documentation for the Osmocom SIGTRAN library

libosmo-sigtran11/stable 2.1.0-3 arm64
  Osmocom SIGTRAN library (SCCP, SUA, M3UA and more)

libosmpbf-dev/stable 1.5.1-1+b1 arm64
  C headers for OpenStreetMap PBF file format

libosmpbf-java/stable 1.5.1-1 all
  Java access library for OpenStreetMap PBF file format

libosmpbf1/stable 1.5.1-1+b1 arm64
  OpenStreetMap PBF file format library

libossp-uuid-perl/stable 1.6.4-1 arm64
  perl OSSP::UUID - OSSP uuid Perl Binding

libpackagekit-glib2-18/stable,now 1.3.1-1+deb13u1 arm64 [installed,automatic]
  Library for accessing PackageKit using GLib

libpackagekit-glib2-dev/stable 1.3.1-1+deb13u1 arm64
  Library for accessing PackageKit using GLib (development files)

libpam-fscrypt/stable 0.3.5-1+b5 arm64
  PAM module for Linux filesystem encryption

libpapi7.1t64/stable 7.1.0-5+b1 arm64
  PAPI runtime (shared libraries)

libparser-mgc-perl/stable 0.22-1 all
  builder for simple recursive-descent parsers

libpcap0.8-dev/stable 1.10.5-2 arm64
  development library and header files for libpcap0.8t64

libpcap0.8t64/stable 1.10.5-2 arm64
  system interface for user-level packet capture

libpdf-reuse-perl/stable 0.39-4 all
  Reuse and mass produce PDF documents

libpdl-ccs-perl/stable 1.24.1-1 arm64
  module to provide various utilities for PDL CSS

libpdl-io-dicom-perl/stable 2.098-2 all
  Read 16-bit gray level Dicom images into PDL

libperl-destruct-level-perl/stable 0.02-3+b5 arm64
  Perl module to change Perl's destruction level

libpgobject-perl/stable 2.4.0-1 all
  base class for PG Object subclasses

libpiccolo-java/stable 1.2-1.1 all
  toolkit for development of 2D structured graphics

libpicocli-java/stable 4.6.2-2 all
  Tiny command line interpreter library for Java applications

libplack-test-agent-perl/stable 1.5-2 all
  OO interface for testing low-level Plack/PSGI apps

libpmem-dev/stable 1.13.1-1.1+b1 arm64
  Persistent Memory low level support library, v1 headers

libpmem1/stable 1.13.1-1.1+b1 arm64
  Persistent Memory low level support library, v1 runtime

libpmem1-debug/stable 1.13.1-1.1+b1 arm64
  Persistent Memory low level support library — debug build

libpmem2/stable 1.13.1-1.1+b1 arm64
  Persistent Memory low level support library, v2 runtime

libpmem2-debug/stable 1.13.1-1.1+b1 arm64
  Persistent Memory low level support library — debug build

libpmem2-dev/stable 1.13.1-1.1+b1 arm64
  Persistent Memory low level support library, v2 headers

libpmemblk1/stable 1.13.1-1.1+b1 arm64
  Persistent Memory block array support library

libpmemblk1-debug/stable 1.13.1-1.1+b1 arm64
  Persistent Memory block array support library — debug build

libpmemlog1/stable 1.13.1-1.1+b1 arm64
  Persistent Memory log file support library

libpmemlog1-debug/stable 1.13.1-1.1+b1 arm64
  Persistent Memory log file support library — debug build

libpod-markdown-perl/stable 3.400000-1 all
  module to convert POD to the Markdown file format

libpod-weaver-plugin-ensureuniquesections-perl/stable 0.163250-2 all
  Pod::Weaver plugin to check for duplicate Pod section headers

libpoe-perl/stable 2:1.3700-1 all
  event-driven component architecture for Perl

libpolkit-qt5-1-1/stable 0.200.0-4+b1 arm64
  PolicyKit-qt5-1 library

libpolkit-qt5-1-dev/stable 0.200.0-4+b1 arm64
  PolicyKit-qt5-1 development files

libpolkit-qt6-1-1/stable 0.200.0-4+b1 arm64
  PolicyKit-qt6-1 library

libpolkit-qt6-1-dev/stable 0.200.0-4+b1 arm64
  PolicyKit-qt6-1 development files

libpolly-17-dev/stable 1:17.0.6-22+b2 arm64
  High-level loop and data-locality optimizer

libpolly-18-dev/stable 1:18.1.8-18+b1 arm64
  High-level loop and data-locality optimizer

libpolly-19-dev/stable 1:19.1.7-3+b1 arm64
  High-level loop and data-locality optimizer

libproc-invokeeditor-perl/stable 1.13-3 all
  Perl extension for starting a text editor

libprotozero-dev/stable 1.8.1-1 arm64
  Minimalistic protocol buffer decoder and encoder in C++

libprotozero-doc/stable 1.8.1-1 all
  Minimalistic protocol buffer decoder and encoder in C++ - docs

libpyml-ocaml/stable 20231101-1+b5 arm64
  OCaml bindings for Python (runtime)

libpyml-ocaml-dev/stable 20231101-1+b5 arm64
  OCaml bindings for Python (development)

libpython3-stdlib/stable,now 3.13.5-1 arm64 [installed,automatic]
  interactive high-level object-oriented language (default python3 version)

libpython3.13/stable,now 3.13.5-2+deb13u3 arm64 [installed,automatic]
  Shared Python runtime library (version 3.13)

libpython3.13-stdlib/stable,now 3.13.5-2+deb13u3 arm64 [installed,automatic]
  Interactive high-level object-oriented language (standard library, version 3.13)

libqd-dev/stable 2.3.23+dfsg.1-1.1+b2 arm64
  Double-double and quad double types in C++ and F90

libqd0t64/stable 2.3.23+dfsg.1-1.1+b2 arm64
  Double-double and quad double types in C++ and F90

libqjdns-qt5-2t64/stable 2.0.3-3.1+b2 arm64
  Simple DNS queries library  - Qt5 wrapper

libqrcodegen-dev/stable 1.8.0-1.2+b2 arm64
  QR Code generator library in multiple languages - C development headers

libqrcodegen-java/stable 1.8.0-1.2 all
  QR Code generator library in multiple languages - Java version

libqrcodegen1/stable 1.8.0-1.2+b2 arm64
  QR Code generator library in multiple languages - C version

libqrcodegencpp-dev/stable 1.8.0-1.2+b2 arm64
  QR Code generator library in multiple languages - C++ development headers

libqrcodegencpp1/stable 1.8.0-1.2+b2 arm64
  QR Code generator library in multiple languages - C++ version

librandombytes-dev/stable 0~20240318-3 arm64
  Library generating fresh randomness - development files

librandombytes1/stable 0~20240318-3 arm64
  Library generating fresh randomness - shared library

librc-dev/stable 0.56-1 arm64
  dependency based service manager (runtime development)

librc1t64/stable 0.56-1 arm64
  dependency based service manager (runtime library)

librdf-storage-mysql/stable 1.0.17-4+b1 arm64
  RDF library, MySQL backend

librdf-storage-postgresql/stable 1.0.17-4+b1 arm64
  RDF library, PostGreSQL backend

librdf-storage-sqlite/stable 1.0.17-4+b1 arm64
  RDF library, SQLite backend

librdf-storage-virtuoso/stable 1.0.17-4+b1 arm64
  RDF library, Virtuoso backend

librdf0t64/stable 1.0.17-4+b1 arm64
  Redland Resource Description Framework (RDF) library

librecast-dev/stable 1.5.1+git20210215.e75adf8-1+b2 arm64
  Software implementation of Recast and Detour Navigation (development files)

libreins-ocaml-dev/stable 0.1a-12+b2 arm64
  data structure library for OCaml

libreturn-multilevel-perl/stable 0.08-1 all
  Perl module to enable returning from a nested call stack

librhash1/stable 1.4.5-1 arm64
  shared library for hash functions computing

librheolef-dev/stable 7.2-4 arm64
  efficient Finite Element environment - development files

librheolef1/stable 7.2-4 arm64
  efficient Finite Element environment - shared library

librime-plugin-lua/stable 1.13.1+dfsg1~git20241221-1 arm64
  Rime Input Method Engine - Lua extension plugin

librnd4-pixmap/stable 4.3.2-1 arm64
  Import and export pixmap images.

librocksdb-dev/stable 9.10.0-1 arm64
  persistent Key-Value Store for Flash and RAM Storage (development)

librocksdb9.10/stable 9.10.0-1 arm64
  persistent Key-Value Store for Flash and RAM Storage

librocsparse-dev/stable 5.7.1-6 arm64
  ROCm library for sparse linear algebra - headers

librocsparse-doc/stable 5.7.1-6 all
  ROCm library for sparse linear algebra - documentation

librocsparse0/stable 5.7.1-6 arm64
  ROCm library for sparse linear algebra - library

librocsparse0-tests/stable 5.7.1-6 arm64
  ROCm library for sparse linear algebra - tests

librocsparse0-tests-data/stable 5.7.1-6 all
  ROCm library for sparse linear algebra - test data

libroctx-dev/stable 5.7.1-1 arm64
  ROCm library for profiler annotations - headers

libroctx64-4/stable 5.7.1-1 arm64
  ROCm library for profiler annotations - library

libros-rosgraph-msgs-dev/stable 1.11.3-4 arm64
  Messages relating to the Robot OS Computation Graph

librosconsole-dev/stable 1.14.3-13 arm64
  Development files for librosconsole

librosconsole3d/stable 1.14.3-13 arm64
  library for librosconsole

librte-rib25/stable 24.11.4-0+deb13u1 arm64
  Data Plane Development Kit (librib runtime library)

librust-aead-dev/stable 0.5.2-2 arm64
  Traits for Authenticated Encryption with Associated Data (AEAD) algorithms, such as AES-GCM as ChaCha20Poly1305, which provide a high-level API - Rust source code

librust-async-attributes-dev/stable 1.1.2-7 all
  experimental language-level polyfills for Async Rust - Rust source code

librust-async-std-resolver-dev/stable 0.24.4-2 arm64
  Hickory DNS is a safe and secure DNS library, for async-std - Rust source code

librust-auditable-info-dev/stable 0.9.0-1 arm64
  High-level crate to extract the dependency trees embedded in binaries by `cargo auditable` - Rust source code

librust-bitfields-impl-dev/stable 0.9.4-1+b1 arm64
  Macro for generating flexible bitfields - Rust source code

librust-bitter-dev/stable 0.7.0-1 arm64
  Swiftly extracts unaligned bit-level data from a byte slice - Rust source code

librust-ciborium-ll-dev/stable 0.2.2-2 arm64
  Low-level CBOR codec primitives - Rust source code

librust-clipboard-dev/stable 0.5.0-6 arm64
  Rust-clipboard is a cross-platform library for getting and setting the contents of the OS-level clipboard - Rust source code

librust-cloudabi+bitflags-dev/stable 0.0.3-1+b1 arm64
  Low level interface to CloudABI - feature "bitflags"

librust-cloudabi+default-dev/stable 0.0.3-1+b1 arm64
  Low level interface to CloudABI - feature "default"

librust-cloudabi-dev/stable 0.0.3-1+b1 arm64
  Low level interface to CloudABI - Rust source code

librust-copypasta-dev/stable 0.10.1-3 arm64
  Cross-platform library for getting and setting the contents of the OS-level clipboard - Rust source code

librust-cpal-dev/stable 0.15.3-1 arm64
  Low-level cross-platform audio I/O library in pure Rust - Rust source code

librust-cranelift-dev/stable 0.113.1+26.0.1+dfsg-3 all
  low-level retargetable code generator - Rust source code

librust-crypto-hash-dev/stable 0.3.4-1+b2 arm64
  Wrapper for OS-level cryptographic hash functions - Rust source code

librust-cssparser+serde-dev/stable 0.31.2-2+b2 arm64
  CSS Syntax Level 3 - feature "serde"

librust-cssparser-dev/stable 0.31.2-2+b2 arm64
  CSS Syntax Level 3 - Rust source code

librust-curve25519-dalek-dev/stable 4.1.3+4.1.3+20240618+dfsg-9 all
  group operations on Ristretto and Curve25519 - Rust source code

librust-cxx-gen-dev/stable 0.7.141-1 arm64
  C++ code generator for integrating `cxx` crate into higher level tools - Rust source code

librust-devicemapper-sys-dev/stable 0.3.0-1+b2 arm64
  Low level bindings for devicemapper - Rust source code

librust-directories-dev/stable 5.0.1-1+b2 arm64
  Tiny mid-level library for standard locations of directories - Rust source code

librust-dirs-dev/stable 5.0.1-1+b2 arm64
  low-level library for standard locations of directories - Rust source code

librust-dirs-next-dev/stable 2.0.0-1+b2 arm64
  Tiny low-level library that provides platform-specific standard locations of directories for config, cache and other data on Linux, Windows, macOS and Redox by leveraging the mechanisms defined by the XDG base/user directory specifications on Linux, the Known Folder API on Windows, and the Standard Directory guidelines on macOS - Rust source code

librust-dirs-sys-next-dev/stable 0.1.1-1+b2 arm64
  System-level helper functions for the dirs and directories crates - Rust source code

librust-drm-dev/stable 0.14.1-1 arm64
  Safe, low-level bindings to the Direct Rendering Manager API - Rust source code

librust-drm-ffi-dev/stable 0.9.0-1 arm64
  Safe, low-level bindings to the Direct Rendering Manager API - Rust source code

librust-erbium-net-dev/stable 1.0.5-8 arm64
  Network services for small/home networks - Low level networking abstractions - Rust source code

librust-evdev-sys-dev/stable 0.2.5-1+b2 arm64
  Raw bindings to libevdev - Rust source code

librust-fax-dev/stable 0.2.0-1+b2 arm64
  Decoder & Encoder for bi-level image encodings used in fax - Rust source code

librust-freetype-sys-dev/stable 0.20.1-1 arm64
  Low level binding for FreeType font library - Rust source code

librust-fuchsia-zircon-sys-dev/stable 0.3.3-2+b2 arm64
  Low-level Rust bindings for the Zircon kernel - Rust source code

librust-harfbuzz-rs-dev/stable 1.2.0-2+b2 arm64
  High-level interface to HarfBuzz, exposing its most important functionality in a safe manner using Rust - Rust source code

librust-hickory-client-dev/stable 0.24.4-1 arm64
  Hickory DNS is a safe and secure DNS library - Rust source code

librust-hickory-resolver-dev/stable 0.24.4-1 arm64
  Hickory DNS is a safe and secure DNS library - Rust source code

librust-io-lifetimes-dev/stable 2.0.3-1 arm64
  Low-level I/O ownership and borrowing library - Rust source code

librust-io-uring-dev/stable 0.6.4-4 arm64
  Low-level `io_uring` userspace interface for Rust - Rust source code

librust-libdisplay-info-sys-dev/stable 0.2.2-1+b1 arm64
  Low-level bindings for libdisplay-info - Rust source code

librust-liblzma-dev/stable 0.3.4-1+b3 arm64
  Rust bindings to liblzma - Rust source code

librust-libslirp-dev/stable 4.3.2-1+b4 arm64
  high-level Rust bindings for libslirp

librust-libz-sys-dev/stable 1.1.20-1+b2 arm64
  Low-level bindings to the system libz library (also known as zlib) - Rust source code

librust-lzma-sys-dev/stable 0.1.20-1+b2 arm64
  Bindings to liblzma for lzma and xz stream encoding/decoding - Rust source code

librust-magnus-dev/stable 0.7.1-2 arm64
  High level Ruby bindings - Rust source code

librust-nettle-sys-dev/stable 2.3.1-1 arm64
  Low-level Rust bindings for the Nettle cryptographic library - Rust source code

librust-nitrokey-sys-dev/stable 3.4.3-2+b2 arm64
  Low-level bindings to libnitrokey - Rust source code

librust-nusb-dev/stable 0.1.13-1 arm64
  Cross-platform low-level access to USB devices in pure Rust - Rust source code

librust-parity-wasm-dev/stable 0.45.0-1 arm64
  Low-level WebAssembly format library - Rust source code

librust-pcap-sys-dev/stable 0.1.3-2+b2 arm64
  Low-level bindings to libpcap - Rust source code

librust-pcre2-dev/stable 0.2.9-1 arm64
  High level wrapper library for PCRE2 - Rust source code

librust-pcre2-sys-dev/stable 0.2.9-1 arm64
  Low level bindings to PCRE2 - Rust source code

librust-pcsc-sys-dev/stable 1.3.0-1 arm64
  Low-level bindings to the PC/SC C API - Rust source code

librust-pgp-dev/stable 0.15.0-2 arm64
  OpenPGP implementation in Rust - Rust source code

librust-pixman-dev/stable 0.2.1-1+b1 arm64
  Low-level software library for pixel manipulation, providing features such as image compositing and trapezoid rasterization - Rust source code

librust-pixman-sys-dev/stable 0.1.0-1+b1 arm64
  Pixman is a low-level software library for pixel manipulation, providing features such as image compositing and trapezoid rasterization - Rust source code

librust-poppler-sys-rs-dev/stable 0.24.0-2 arm64
  Low-level (FFI) bindings for poppler-glib - Rust source code

librust-postgres-protocol-dev/stable 0.6.7-1 arm64
  Low level Postgres protocol APIs - Rust source code

librust-pulsectl-rs-dev/stable 0.3.2-1+b2 arm64
  Higher level API for libpulse-binding - Rust source code

librust-railway-api-dev/stable 0.1.2-7 arm64
  High-level API for the Railway backend - Rust source code

librust-rb-sys-env-dev/stable 0.1.2-1+b2 arm64
  Integrates rb-sys into high level frameworks - Rust source code

librust-reqwest-0.11-dev/stable 0.11.27-9 arm64
  Higher level HTTP client library - Rust source code

librust-reqwest-dev/stable 0.12.15-1 arm64
  Higher level HTTP client library - Rust source code

librust-rgb-dev/stable 0.8.50-1+b1 arm64
  `struct RGB/RGBA/etc.` for sharing pixels between crates + convenience methods for color manipulation - Rust source code

librust-rpgpie-dev/stable 0.5.4-1 arm64
  Experimental high level API for rPGP - Rust source code

librust-rustls-webpki-0.101-dev/stable 0.101.7-7 all
  web PKI X.509 certificate verification - Rust source code

librust-rustls-webpki-dev/stable 0.102.8-5 all
  web PKI X.509 certificate verification - Rust source code

librust-seccomp-sys-dev/stable 0.1.3-1+b2 arm64
  Low-level bindings to libseccomp - Rust source code

librust-serialport-dev/stable 4.7.0-1+b2 arm64
  Cross-platform low-level serial port library - Rust source code

librust-sys-mount-dev/stable 3.0.1-1 arm64
  High level FFI binding around the sys mount & umount2 calls - Rust source code

librust-tiny-http-dev/stable 0.12.0-1+b2 arm64
  Low level HTTP server library - Rust source code

librust-tracing-core-dev/stable 0.1.32-1 arm64
  Core primitives for application-level tracing - Rust source code

librust-tracing-dev/stable 0.1.40-1 arm64
  Application-level tracing for Rust - Rust source code

librust-typenum-dev/stable 1.17.0-3 arm64
  Type-level numbers evaluated at     compile time - Rust source code

librust-vtparse-dev/stable 0.6.2-1+b2 arm64
  Low level escape sequence parser - Rust source code

librust-wasm-encoder-dev/stable 0.217.0-1+b2 arm64
  Low-level WebAssembly encoder - Rust source code

librust-wayland-backend-dev/stable 0.3.8-3 arm64
  Low-level bindings to the Wayland protocol - Rust source code

librust-winapi-util-dev/stable 0.1.6-1+b2 arm64
  Dumping ground for high level safe wrappers over winapi - Rust source code

librust-x25519-dalek-dev/stable 2.0.1+4.1.3+20240618+dfsg-9 all
  X25519 elliptic curve Diffie-Hellman key exchange - Rust source code

librust-xz-dev/stable 0.1.0-2+b2 arm64
  Rust bindings to liblzma providing Read/Write streams as well as low-level in-memory encoding/decoding - Rust source code

librust-xz2-dev/stable 0.1.7-1+b2 arm64
  Rust bindings to liblzma providing Read/Write streams as well as low-level in-memory encoding/decoding - Rust source code

librust-zbar-rust-dev/stable 0.0.21-1+b2 arm64
  High-level and low-level ZBar binding for the Rust language - Rust source code

librust-zmq-dev/stable 0.9.2-3 arm64
  High-level bindings to the zeromq library - Rust source code

librust-zmq-sys-dev/stable 0.11.0-2+b2 arm64
  Low-level bindings to the zeromq library - Rust source code

librust-zstd-safe-dev/stable 7.2.1-1 arm64
  Safe low-level bindings for the zstd compression library - Rust source code

librust-zstd-sys-dev/stable 2.0.13-2 arm64
  Low-level bindings for the zstd compression library - Rust source code

librx-java/stable 3.1.5-1 all
  Reactive Extensions for the JVM

libs6-2.13/stable 2.13.1.0-1 arm64
  small and secure supervision software suite (shared library)

libs6-dev/stable 2.13.1.0-1 arm64
  small and secure supervision software suite (development files)

libsail-c++-dev/stable 0.9.8-1+deb13u1 arm64
  SAIL C++ client library (development files)

libsail-c++0t64/stable 0.9.8-1+deb13u1 arm64
  SAIL C++ client library (shared library)

libsail-common-dev/stable 0.9.8-1+deb13u1 arm64
  SAIL common client library (development files)

libsail-common0t64/stable 0.9.8-1+deb13u1 arm64
  SAIL common client library (shared library)

libsail-dev/stable 0.9.8-1+deb13u1 arm64
  SAIL client library (development files)

libsail-manip-dev/stable 0.9.8-1+deb13u1 arm64
  SAIL image manipulation library (development files)

libsail-manip0t64/stable 0.9.8-1+deb13u1 arm64
  SAIL image manipulation library (shared library)

libsail0t64/stable 0.9.8-1+deb13u1 arm64
  SAIL client library (shared library)

libsaxonhe-java/stable 9.9.1.5+dfsg-1 all
  Saxon-HE is the XSLT and XQuery Processor

libscope-upper-perl/stable 0.34-1+b3 arm64
  module to manipulate upper scopes

libsdbus-c++-bin/stable 2.1.0-1 arm64
  High-level C++ D-Bus library for Linux in modern C++ (utilities)

libsdbus-c++-dev/stable 2.1.0-1 arm64
  High-level C++ D-Bus library for Linux in modern C++ (development files)

libsdbus-c++-doc/stable 2.1.0-1 all
  High-level C++ D-Bus library for Linux in modern C++ (documentation)

libsdbus-c++2/stable 2.1.0-1 arm64
  High-level C++ D-Bus library for Linux in modern C++ (library)

libsdl-net1.2/stable 1.2.8-6+b2 arm64
  Network library for Simple DirectMedia Layer 1.2, libraries

libsdl-net1.2-dev/stable 1.2.8-6+b2 arm64
  Network library for Simple DirectMedia Layer 1.2, development files

libsdl-perl/stable 2.548-5+b1 arm64
  SDL bindings for the Perl language

libsdl2-2.0-0/stable 2.32.4+dfsg-1 arm64
  Simple DirectMedia Layer

libsdl2-dev/stable 2.32.4+dfsg-1 arm64
  Simple DirectMedia Layer development files

libsdl2-doc/stable 2.32.4+dfsg-1 all
  Reference manual for libsdl2

libsdl2-net-2.0-0/stable 2.2.0+dfsg-3 arm64
  Network library for Simple DirectMedia Layer 2, libraries

libsdl2-net-dev/stable 2.2.0+dfsg-3 arm64
  Network library for Simple DirectMedia Layer 2, development files

libsdl2-tests/stable 2.32.4+dfsg-1 arm64
  Simple DirectMedia Layer automated and manual tests

libseccomp-dev/stable 2.6.0-2 arm64
  high level interface to Linux seccomp filter (development files)

libseccomp2/stable,now 2.6.0-2 arm64 [installed]
  high level interface to Linux seccomp filter

libselinux1/stable,now 3.8.1-1 arm64 [installed]
  SELinux runtime shared libraries

libselinux1-dev/stable 3.8.1-1 arm64
  SELinux development headers

libsemanage-common/stable,now 3.8.1-1 all [installed,automatic]
  Common files for SELinux policy management libraries

libsemanage-dev/stable 3.8.1-1 arm64
  Header files and libraries for SELinux policy manipulation

libsemanage2/stable,now 3.8.1-1 arm64 [installed,automatic]
  SELinux policy management library

libsepol2/stable,now 3.8.1-1 arm64 [installed,automatic]
  SELinux library for manipulating binary security policies

libserp-java/stable 1.15.1-2 all
  Java Virtual Machine bytecode manipulation framework

libserp-java-doc/stable 1.15.1-2 all
  Documentation for libserp-java

libshhmsg1/stable 1.4.2-1.1 arm64
  library for displaying messages - runtime

libshhmsg1-dev/stable 1.4.2-1.1 arm64
  library for displaying messages - development

libsilo-dev/stable 4.11-6.1+b3 arm64
  Development files for SILO Scientific I/O library from LLNL

libslang2-dev/stable 2.3.3-5+b2 arm64
  S-Lang programming library, development version

libsocket++-dev/stable 1.12.13+git20131030.5d039ba-1+b2 arm64
  lightweight convenience library to handle low level BSD sockets in C++ -devel

libsocket++1/stable 1.12.13+git20131030.5d039ba-1+b2 arm64
  lightweight convenience library to handle low level BSD sockets in C++ - libs

libsodium-dev/stable 1.0.18-1+deb13u1 arm64
  Network communication, cryptography and signaturing library - headers

libsodium23/stable,now 1.0.18-1+deb13u1 arm64 [installed,automatic]
  Network communication, cryptography and signaturing library

libsoxr-dev/stable 0.1.3-4+b2 arm64
  High quality 1D sample-rate conversion library (development files)

libsoxr-lsr0/stable 0.1.3-4+b2 arm64
  High quality 1D sample-rate conversion library (libsamplerate bindings)

libsoxr0/stable,now 0.1.3-4+b2 arm64 [installed,automatic]
  High quality 1D sample-rate conversion library

libspandsp-dev/stable 0.0.6+dfsg-2.2 arm64
  Telephony signal processing library - development headers

libspandsp-doc/stable 0.0.6+dfsg-2.2 all
  Documentation for the spandsp signal processing library

libspandsp2t64/stable 0.0.6+dfsg-2.2 arm64
  Telephony signal processing library

libspdlog-dev/stable 1:1.15.2+ds-2 arm64
  Very fast, header only or compiled, C++ logging library

libspdlog1.15/stable 1:1.15.2+ds-2 arm64
  Very fast C++ logging library

libspeechd-dev/stable 0.12.0-5 arm64
  Speech Dispatcher: Development libraries and header files

libspeechd-module0/stable 0.12.0-5 arm64
  Speech Dispatcher: Shared libraries for modules

libspeechd2/stable 0.12.0-5 arm64
  Speech Dispatcher: Shared libraries

libspring-core-java/stable 4.3.30-3 all
  modular Java/J2EE application framework - Core

libsqlcipher-dev/stable 4.6.1-2 arm64
  SQLCipher development files

libsqlcipher1/stable 4.6.1-2 arm64
  SQLCipher shared library

libsqljet-java/stable 1.1.10-2 all
  Pure Java implementation of SQLite database management system

libsqljet-java-doc/stable 1.1.10-2 all
  API documentation for libsqljet-java

libsquirrel-dev/stable 3.1-8.2+deb13u1 arm64
  development files for the Squirrel programming language

libsquirrel3-0/stable 3.1-8.2+deb13u1 arm64
  runtime libraries for the Squirrel programming language

libsrpc-bin/stable 0.10.3-2 arm64
  Sogou RPC Library (SRPC) Generator

libsrpc-dev/stable 0.10.3-2 arm64
  Sogou RPC Library (SRPC)

libsrpc0t64/stable 0.10.3-2 arm64
  Sogou RPC (SRPC) Runtime Library

libssw-dev/stable 1.1-15+b2 arm64
  Development headers and static libraries for libssw

libssw-java/stable 1.1-15+b2 arm64
  Java bindings for libssw

libssw0/stable 1.1-15+b2 arm64
  fast SIMD parallelized implementation of the Smith-Waterman algorithm

libstatistics-lite-perl/stable 3.62-1.1 all
  Perl module for simple statistical analysis

libstopt-dev/stable 5.12+dfsg-3+b1 arm64
  library for stochastic optimization problems (development package)

libstopt5t64/stable 5.12+dfsg-3+b1 arm64
  library for stochastic optimization problems (shared library)

libstring-bufferstack-perl/stable 1.16-3 all
  framework for storing nested buffers

libsub-uplevel-perl/stable 0.2800-3 all
  module to spoof the Perl call stack

libsvnclientadapter-java/stable 1.10.12-3 all
  High-level Java API for Subversion (library)

libsvnclientadapter-java-doc/stable 1.10.12-3 all
  High-level Java API for Subversion (documentation)

libsvnkit-java/stable 1.10.3-2 all
  pure Java Subversion client library

libsvnkit-java-doc/stable 1.10.3-2 all
  documentation for libsvnkit-java

libsvtav1enc-dev/stable 2.3.0+dfsg-1 arm64
  Scalable Video Technology for AV1 (libsvtav1enc development files)

libsvtav1enc2/stable,now 2.3.0+dfsg-1 arm64 [installed,automatic]
  Scalable Video Technology for AV1 (libsvtav1enc shared library)

libsystemc/stable 3.0.1-1 arm64
  SystemC library

libsystemc-dev/stable 3.0.1-1 arm64
  Development files for SystemC library

libsystemc-doc/stable 3.0.1-1 all
  Documentation for SystemC library

libtag-c-dev/stable 2.0.2-2 arm64
  audio meta-data library - development files for C bindings

libtag-c2/stable 2.0.2-2 arm64
  audio meta-data library - C bindings

libtag-dev/stable 2.0.2-2 arm64
  audio meta-data library - development files

libtag-doc/stable 2.0.2-2 all
  audio meta-data library - API documentation

libtag2/stable,now 2.0.2-2 arm64 [installed,automatic]
  audio meta-data library

libtbb-dev/stable 2022.1.0-1+deb13u1 arm64
  parallelism library for C++ - development files

libtbb-doc/stable 2022.1.0-1+deb13u1 all
  parallelism library for C++ - documentation

libtbb12/stable 2022.1.0-1+deb13u1 arm64
  parallelism library for C++ - runtime files

libtbbbind-2-5/stable 2022.1.0-1+deb13u1 arm64
  parallelism library for C++ - runtime files

libtbbmalloc2/stable 2022.1.0-1+deb13u1 arm64
  parallelism helper library for C++ - runtime files

libtcnative-1/stable 1.3.1-1+b1 arm64
  Tomcat native library using the Apache Portable Runtime

libterm-clui-perl/stable 1.76-1 all
  Perl module offering a Command-Line User Interface

libtermpaint-dev/stable 0.3.1-1 arm64
  low level terminal access - headers

libtermpaint0a/stable 0.3.1-1 arm64
  low level terminal access - shared library

libtest-block-perl/stable 0.13-5 all
  module for specifying tests with a finer granularity

libtest-deep-perl/stable 1.205-1 all
  Perl module for extremely flexible deep comparisons

libtest-mocktime-datecalc-perl/stable 7+ds-2 all
  testing utility to fake time for Date::Calc

libtest-strict-perl/stable 0.54-1 all
  test module for checking the syntax of use strict and test coverage

libtest-tabs-perl/stable 0.005-4 all
  check the presence of tabs in your project

libtext-markdown-perl/stable 1.000031-5 all
  module to convert Markdown syntax to (X)HTML

libtext-microtemplate-perl/stable 0.24-3 all
  Micro template engine with Perl5 language

libtext-names-perl/stable 0.46-2 all
  module for proper name parsing, normalization, recognition and classification

libtext-pdf-perl/stable 0.31-3 all
  relatively low-level interface for manipulating PDFs

libtext-quoted-perl/stable 2.10-2 all
  Perl module to extract the structure of a quoted mail message

libthrust-dev/stable 2.3.2-2 all
  Thrust - Parallel Algorithms Library

libtickit-perl/stable 0.73-1+b3 arm64
  Terminal Interface Construction KIT

libtickit-widget-tabbed-perl/stable 0.028-1 all
  basic tabbed window support for Tickit

libtickit-widgets-perl/stable 0.42-1 all
  collection of Tickit::Widget implementations

libtinfo6/stable,now 6.5+20250216-2 arm64 [installed]
  shared low-level terminfo library for terminal handling

libtins-dev/stable 4.5-1+b2 arm64
  packet crafting and sniffing library - development files

libtins4.5/stable 4.5-1+b2 arm64
  packet crafting and sniffing library

libtk-objeditor-perl/stable 2.010-1 all
  Perl/Tk widget to edit recursively a data structure

libtk-pod-perl/stable 0.9943-2 all
  Tk Pod browser widget with hypertext capability

libtk-splashscreen-perl/stable 1.0-5 all
  Toplevel mega widget to display a splashscreen

libtlsrpt0/stable 0.5.0rc1-2 arm64
  library to implement TLSRPT reporting into an MTA (shared lib)

libtlsrpt0-dev/stable 0.5.0rc1-2 arm64
  library to implement TLSRPT reporting into an MTA (dev files)

libtophide-ocaml-dev/stable 1.1.0-1+b1 arm64
  hide values that start with '_' in OCaml toplevel

libtopic-tools-dev/stable 1.17.0+ds-2+b5 arm64
  development files for libtopic-tools (Robot OS)

libtopic-tools2t64/stable 1.17.0+ds-2+b5 arm64
  library for messing with Robot OS topics

libtorch-dev/stable 2.6.0+dfsg-7 arm64
  Tensors and Dynamic neural networks in Python (Development Files)

libtorch-test/stable 2.6.0+dfsg-7 arm64
  Tensors and Dynamic neural networks in Python (Test Binaries)

libtorch2.6/stable 2.6.0+dfsg-7 arm64
  Tensors and Dynamic neural networks in Python (Shared Objects)

libtorsocks/stable 2.5.0-1+deb13u1 arm64
  use SOCKS-friendly applications with Tor (library)

libtree-simple-visitorfactory-perl/stable 0.16-3 all
  collection of dispensing visitor objects for Tree::Simple

libtrilinos-kokkos-13.2/stable 13.2.0-6+b4 arm64
  Trilinos Kokkos programming model - runtime files

libtrilinos-kokkos-dev/stable 13.2.0-6+b4 arm64
  Trilinos Kokkos programming model - development files

libtrilinos-muelu-13.2/stable 13.2.0-6+b4 arm64
  next generation multilevel preconditioner capabilities - runtime files

libtrilinos-muelu-dev/stable 13.2.0-6+b4 arm64
  next generation multilevel preconditioner capabilities - development files

libtrilinos-piro-13.2/stable 13.2.0-6+b4 arm64
  embedded nonlinear analysis package - runtime files

libtrilinos-piro-dev/stable 13.2.0-6+b4 arm64
  embedded nonlinear analysis package - development files

libtrilinos-shylu-13.2/stable 13.2.0-6+b4 arm64
  solving sparse linear systems - runtime files

libtrilinos-shylu-dev/stable 13.2.0-6+b4 arm64
  solving sparse linear systems - development files

libtuiwidgets-dev/stable 0.2.2-1 arm64
  high-level widget based toolkit for terminal applications - headers

libtuiwidgets-doc/stable 0.2.2-1 all
  high-level widget based toolkit for terminal applications - documentation

libtuiwidgets0a/stable 0.2.2-1 arm64
  high-level widget based toolkit for terminal applications - shared library

libtyxml-ocaml/stable 4.6.0-1+b6 arm64
  typed XML in OCaml (plugins)

libtyxml-ocaml-dev/stable 4.6.0-1+b6 arm64
  typed XML in OCaml (development files)

libtyxml-ocaml-doc/stable 4.6.0-1 all
  typed XML in OCaml (documentation)

libudt-dev/stable 4.11+dfsg1-1.1 arm64
  UDP-based Data Transfer Protocol - development files

libudt0/stable 4.11+dfsg1-1.1 arm64
  UDP-based Data Transfer Protocol

libui-gxmlcpp-dev/stable 1.4.6-2+b1 arm64
  High-level C++ wrapper library for libxml2/libxslt (development)

libui-gxmlcpp5t64/stable 1.4.6-2+b1 arm64
  High-level C++ wrapper library for libxml2/libxslt (run time)

libunbescape-java/stable 1.1.5-1.1 all
  advanced yet easy-to-use escape/unescape library for Java

libunicap-doc/stable 0.9.12+repack20150328.0.git2c600ae-5 all
  unified interface to video capture devices - documentation

libunicap2/stable 0.9.12+repack20150328.0.git2c600ae-5+b1 arm64
  unified interface to video capture devices - shared libraries

libunicap2-dev/stable 0.9.12+repack20150328.0.git2c600ae-5+b1 arm64
  unified interface to video capture devices - development files

libunirest-java-java/stable 1.4.8-3 all
  Simplified, lightweight HTTP client library

libuniversal-require-perl/stable 0.19-3 all
  Load modules from a variable (deprecated)

libunwind-17-dev/stable 1:17.0.6-22+b2 arm64
  production-quality unwinder

libunwind-17t64/stable 1:17.0.6-22+b2 arm64
  production-quality unwinder

libunwind-18/stable 1:18.1.8-18+b1 arm64
  production-quality unwinder

libunwind-18-dev/stable 1:18.1.8-18+b1 arm64
  production-quality unwinder

libunwind-19/stable 1:19.1.7-3+b1 arm64
  production-quality unwinder

libunwind-19-dev/stable 1:19.1.7-3+b1 arm64
  production-quality unwinder

libusb-java/stable 0.8+ztex20090101-10 all
  Java wrapper for libusb

libusb-java-doc/stable 0.8+ztex20090101-10 all
  Java wrapper for libusb (documentation)

libusb-java-lib/stable 0.8+ztex20090101-10 arm64
  Java wrapper for libusb (native library)

libusb-libusb-perl/stable 0.09-3+b1 arm64
  Perl interface to the libusb-1.0 API

libutop-ocaml/stable 2.15.0-1+b8 arm64
  improved OCaml toplevel (runtime library)

libutop-ocaml-dev/stable 2.15.0-1+b8 arm64
  improved OCaml toplevel (development tools)

libuucd-ocaml/stable 16.0.0-1+b2 arm64
  decode data on Unicode characters off XML (runtime files)

libuucd-ocaml-dev/stable 16.0.0-1+b2 arm64
  decode data on Unicode character off XML (dev files)

libvart-dev/stable 2.5-5 arm64
  Vitis AI RuntTime library (development)

libvart2/stable 2.5-5 arm64
  Vitis AI RuntTime library

libviennacl-dev/stable 1.7.1+dfsg1-6 all
  Scientific computing library written in C++ based on OpenCL

libviennacl-doc/stable 1.7.1+dfsg1-6 all
  ViennaCL API and user documentation

libvisualization-msgs-dev/stable 1.13.1-3 arm64
  Messages relating to Robot OS visualization, C/C++ interface

libvorbisfile3/stable 1.3.7-3 arm64
  high-level API for Vorbis General Audio Compression Codec

libvtk9-java/stable 9.3.0+dfsg1-4+b1 arm64
  VTK - Java language support

libwebinject-perl/stable 1.94-2 all
  Perl Module for testing web services

libwin-hivex-perl/stable 1.3.24-1+b10 arm64
  Perl bindings to hivex

libwiredtiger-java/stable 3.2.1-1 all
  Java language support for WiredTiger

libwireplumber-0.5-0/stable,now 0.5.8-2 arm64 [installed,automatic]
  Shared libraries for WirePlumber

libwireplumber-0.5-dev/stable 0.5.8-2 arm64
  Development files for WirePlumber

libwslay-dev/stable 1.1.1-4+b2 arm64
  WebSocket library written in C. Development files

libwslay-doc/stable 1.1.1-4 all
  WebSocket library written in C. Documentation

libwslay1/stable 1.1.1-4+b2 arm64
  WebSocket library written in C. Shared library

libwx-perl-datawalker-perl/stable 0.02-3 all
  Perl data structure browser

libx11-xcb-perl/stable 0.22-1+b3 arm64
  perl bindings for libxcb

libx12-parser-perl/stable 0.80-5 all
  Perl module for parsing X12 Transaction files

libxdg-basedir-dev/stable 1.2.0-2.1 arm64
  Implementation of the XDG Base Directory Specifications (development files)

libxdg-basedir1/stable 1.2.0-2.1 arm64
  Implementation of the XDG Base Directory Specifications

libxerces-c3.2t64/stable 3.2.4+debian-1.3+b2 arm64
  validating XML parser library for C++

libxerces2-java/stable 2.12.2-1 all
  Validating XML parser for Java with DOM level 3 support

libxfce4windowing-0-0/stable 4.20.2-1 arm64
  Wayland utility functions library for Xfce4

libxgks-dev/stable 2.6.1+dfsg.2-17 arm64
  X11 Graphical Kernel Subsystem, development files

libxgks2-data/stable 2.6.1+dfsg.2-17 all
  Font files for the X11 Graphical Kernel Subsystem

libxgks2t64/stable 2.6.1+dfsg.2-17 arm64
  X11 Graphical Kernel Subsystem, library.

libxklavier16/stable 5.4-5+b2 arm64
  X Keyboard Extension high-level API

libxml-dom-perl/stable 1.46-2 all
  Perl module for building DOM Level 1 compliant doc structures

libxml-grddl-perl/stable 0.004-5 all
  transform XML and XHTML to RDF

libxml-nodefilter-perl/stable 0.01-8 all
  Perl module for a generic node-filter class for DOM traversal

libxml-parser-perl/stable,now 2.47-2~deb13u1 arm64 [installed,automatic]
  Perl module for parsing XML files

libxml-writer-perl/stable 0.900-2 all
  Perl module for writing XML documents

libxnnpack-dev/stable 0.0~git20241108.4ea82e5-2 arm64
  High-efficiency floating-point neural network inference operators (dev)

libxnnpack0.20241108/stable 0.0~git20241108.4ea82e5-2 arm64
  High-efficiency floating-point neural network inference operators (libs)

libxpa-dev/stable 2.1.20-3 arm64
  Seamless communication between Unix programs (development files)

libxpa1/stable 2.1.20-3 arm64
  Seamless communication between Unix programs (shared library)

libxstream-java/stable 1.4.21-1 all
  Java library to serialize objects to XML and back again

libxtb-dev/stable 6.7.1-2 arm64
  development files for xtb

libxtb6/stable 6.7.1-2 arm64
  shared library for xtb

libxtensor-blas-dev/stable 0.21.0-1 all
  an extension to xtensor offering bindings to BLAS and LAPACK

libxtrx-dev/stable 0.0.1+git20191219.98458ce-3+b2 arm64
  High-level XTRX API library: development

libxtrx0/stable 0.0.1+git20191219.98458ce-3+b2 arm64
  High-level XTRX API library

libxtrxll-dev/stable 0.0.1+git20201202.1b6eddf-1.2+b2 arm64
  Low-level XTRX hardware abstraction library: development

libxtrxll0t64/stable 0.0.1+git20201202.1b6eddf-1.2+b2 arm64
  Low-level XTRX hardware abstraction library

libyadifa-dev/stable 3.0.2-3 all
  development libraries and header files for YADIFA

libyahc-perl/stable 0.035-4 all
  Yet another HTTP client

libyajl-dev/stable 2.1.0-5+b2 arm64
  Yet Another JSON Library - development files

libyajl-doc/stable 2.1.0-5 all
  Yet Another JSON Library - library documentation

libyajl2/stable 2.1.0-5+b2 arm64
  Yet Another JSON Library

libyaml-snake-java/stable 2.0+ds+really1.33-1 all
  YAML parser and emitter for the Java programming language

libyyjson-dev/stable 0.10.0+ds-1+b1 arm64
  high performance JSON library written in ANSI C (development files)

libyyjson-doc/stable 0.10.0+ds-1 all
  high performance JSON library written in ANSI C (documentation)

libyyjson0/stable 0.10.0+ds-1+b1 arm64
  high performance JSON library written in ANSI C

libzeroc-ice-dev/stable 3.7.10-3.1 arm64
  libraries and headers for developing Ice applications in C++

libzeroc-ice3.7-java/stable 3.7.10-3.1 all
  Ice for Java run-time libraries.

libzeroc-ice3.7t64/stable 3.7.10-3.1 arm64
  C++ run-time libraries for the Ice framework

libzeroc-icestorm3.7t64/stable 3.7.10-3.1 arm64
  IceStorm publish-subscribe event distribution service

libzmq-ffi-perl/stable 1.19-1 all
  version agnostic Perl bindings for zeromq using ffi

libznz-dev/stable 3.0.1-9.1+b1 arm64
  low-level IO library znzlib for the NIfTI-1 data format

libznz3/stable 3.0.1-9.1+b1 arm64
  low-level IO library znzlib for the NIfTI-1 data format

libzscanner4t64/stable 3.4.6-2 arm64
  DNS zone-parsing shared library from Knot DNS

libzstd-dev/stable 1.5.7+dfsg-1 arm64
  fast lossless compression algorithm -- development files

libzstd1/stable,now 1.5.7+dfsg-1 arm64 [installed]
  fast lossless compression algorithm

libzvbi-common/stable,now 0.2.44-1 all [installed,automatic]
  Vertical Blanking Interval decoder (VBI) - common files

libzvbi-dev/stable 0.2.44-1 arm64
  Vertical Blanking Interval decoder (VBI) - development files

libzvbi-doc/stable 0.2.44-1 all
  Vertical Blanking Interval decoder (VBI) - documentation files

libzvbi0t64/stable,now 0.2.44-1 arm64 [installed,automatic]
  Vertical Blanking Interval decoder (VBI) - runtime files

lierolibre/stable 0.5-5+b1 arm64
  old-school earthworm action game

lighttpd-modules-lua/stable 1.4.79-2 arm64
  LUA-based modules for lighttpd

lightyears/stable 1.5.0-3 all
  single player real-time strategy game with steampunk sci-fi

lilypond/stable 2.24.4-5 arm64
  program for typesetting sheet music

lilypond-data/stable 2.24.4-5 all
  LilyPond music typesetter (data files)

lilypond-doc/stable 2.24.4-5 all
  LilyPond Documentation in info format (and metapackage)

lilypond-doc-html/stable 2.24.4-5 all
  LilyPond HTML Documentation

lilypond-doc-html-ca/stable 2.24.4-5 all
  LilyPond HTML Documentation in Catalan

lilypond-doc-html-cs/stable 2.24.4-5 all
  LilyPond HTML Documentation in Czech

lilypond-doc-html-de/stable 2.24.4-5 all
  LilyPond HTML Documentation in German

lilypond-doc-html-es/stable 2.24.4-5 all
  LilyPond HTML Documentation in Spanish

lilypond-doc-html-fr/stable 2.24.4-5 all
  LilyPond HTML Documentation in French

lilypond-doc-html-hu/stable 2.24.4-5 all
  LilyPond HTML Documentation in Hungarian

lilypond-doc-html-it/stable 2.24.4-5 all
  LilyPond HTML Documentation in Italian

lilypond-doc-html-ja/stable 2.24.4-5 all
  LilyPond HTML Documentation in Japanese

lilypond-doc-html-nl/stable 2.24.4-5 all
  LilyPond HTML Documentation in Dutch

lilypond-doc-html-pt/stable 2.24.4-5 all
  LilyPond HTML Documentation in Portuguese

lilypond-doc-html-zh/stable 2.24.4-5 all
  LilyPond HTML Documentation in Chinese

lilypond-doc-pdf/stable 2.24.4-5 all
  LilyPond PDF Documentation

lilypond-doc-pdf-ca/stable 2.24.4-5 all
  LilyPond PDF Documentation in Catalan

lilypond-doc-pdf-de/stable 2.24.4-5 all
  LilyPond PDF Documentation in German

lilypond-doc-pdf-es/stable 2.24.4-5 all
  LilyPond PDF Documentation in Spanish

lilypond-doc-pdf-fr/stable 2.24.4-5 all
  LilyPond PDF Documentation in French

lilypond-doc-pdf-hu/stable 2.24.4-5 all
  LilyPond PDF Documentation in Hungarian

lilypond-doc-pdf-it/stable 2.24.4-5 all
  LilyPond PDF Documentation in Italian

lilypond-doc-pdf-nl/stable 2.24.4-5 all
  LilyPond PDF Documentation in Dutch

lilypond-doc-pdf-pt/stable 2.24.4-5 all
  LilyPond PDF Documentation in Portuguese

lilypond-fonts/stable 2.24.4-5 all
  LilyPond music typesetter (fonts)

linuxcnc-uspace/stable 1:2.9.4-2+deb13u1 arm64
  motion controller for CNC machines and robots

linuxcnc-uspace-dev/stable 1:2.9.4-2+deb13u1 arm64
  PC based motion controller for real-time Linux

llvm-17/stable 1:17.0.6-22+b2 arm64
  Modular compiler and toolchain technologies

llvm-18/stable 1:18.1.8-18+b1 arm64
  Modular compiler and toolchain technologies

llvm-19/stable 1:19.1.7-3+b1 arm64
  Modular compiler and toolchain technologies

lmarbles/stable 1.0.8-0.2+b1 arm64
  game where you build figures out of colored marbles

lmemory/stable 0.6c-13 arm64
  Children's game based on the "memory" card game

lnav/stable 0.12.4-1+deb13u1 arm64
  ncurses-based log file viewer

lomiri-components-extras-common/stable 0.7.0-3 all
  Lomiri UI Extra Components (locale files)

lrzip/stable 0.651-3+b1 arm64
  compression program with a very high compression ratio

ltris/stable 2.0.3-1 arm64
  very polished Tetris clone with CPU opponents

lua-ljsyscall/stable 0.12-1.1 all
  Unix system calls for LuaJIT

lua-systemd/stable 0~git20160517-2+b2 arm64
  Systemd bindings for Lua

lua-yaml/stable 6.2.8-2+b2 arm64
  LibYAML binding for Lua

lua-yaml-dev/stable 6.2.8-2+b2 arm64
  docs and test files for lua-yaml

luola/stable 1.3.2-14+b1 arm64
  multiplayer cave-flying game

luola-data/stable 1.3.2-14 all
  data files for luola

luola-levels/stable 6.0-7 all
  level files for luola

luola-nostalgy/stable 1.2-5 all
  nostalgy level files for luola

lv2vocoder/stable 1-6+b1 arm64
  LV2 vocoder plugin

lvm2/stable 2.03.31-2 arm64
  Linux Logical Volume Manager

lvm2-dbusd/stable 2.03.31-2 all
  LVM2 D-Bus daemon

lvm2-lockd/stable 2.03.31-2 arm64
  LVM locking daemon

mailagent/stable 1:3.1-106-1.2 arm64
  automatic mail-processing tool and filter

makepatch/stable 2.03-4 all
  generate/apply patch files with more functionality than plain diff

maria/stable 1.3.5-6 arm64
  reachability analyzer for Algebraic System Nets

mate-user-share/stable 1.26.0-1+b2 arm64
  User level public file sharing via WebDAV

mate-user-share-common/stable 1.26.0-1 all
  User level public file sharing via WebDAV (common files)

mathicgb/stable 1.0~git20240206-1.1+b1 arm64
  Compute Groebner bases (command line tool)

maxima/stable 5.47.0-7 arm64
  Computer algebra system -- base system

maxima-doc/stable 5.47.0-7 all
  Computer algebra system -- documentation

maxima-emacs/stable 5.47.0-7 all
  Computer algebra system -- emacs interface

maxima-sage/stable 5.45.1-2+b3 arm64
  Computer algebra system -- base system

maxima-sage-doc/stable 5.45.1-2 all
  Computer algebra system -- documentation

maxima-sage-share/stable 5.45.1-2 all
  Computer algebra system -- extra code

maxima-share/stable 5.47.0-7 all
  Computer algebra system -- extra code

maxima-src/stable 5.47.0-7 all
  Computer algebra system -- source code

maxima-test/stable 5.47.0-7 all
  Computer algebra system -- test suite

mazeofgalious/stable 0.62.dfsg2-6 arm64
  The Maze of Galious

mazeofgalious-data/stable 0.62.dfsg2-6 all
  The Maze of Galious

mcstas/stable 3.5+3.5.19+ds5-2 arm64
  Neutron ray-trace simulation

mcstas-clusterscripts/stable 3.5+3.5.19+ds5-2 arm64
  Neutron ray-trace simulation - parallelization scripts

mcstas-comps/stable 3.5+3.5.19+ds5-2 arm64
  Neutron ray-trace simulation - components

mcstas-manuals/stable 3.5+3.5.19+ds5-2 arm64
  Neutron ray-trace simulation - documentation

mcstas-mccodelib/stable 3.5+3.5.19+ds5-2 arm64
  Neutron ray-trace simulation - Python code library

mcstas-mcdisplay-mantid/stable 3.5+3.5.19+ds5-2 arm64
  Neutron ray-trace simulation - Mantid instrument display

mcstas-mcdisplay-matlab/stable 3.5+3.5.19+ds5-2 arm64
  Neutron ray-trace simulation - Matlab/Octave instrument display

mcstas-mcdisplay-matplotlib/stable 3.5+3.5.19+ds5-2 arm64
  Neutron ray-trace simulation - Matplotlib instrument display

mcstas-mcdisplay-pyqtgraph/stable 3.5+3.5.19+ds5-2 arm64
  Neutron ray-trace simulation - pyqtgraph instrument display

mcstas-mcdisplay-webgl/stable 3.5+3.5.19+ds5-2 arm64
  Neutron ray-trace simulation - WebGL instrument display

mcstas-mcdisplay-webgl-classic/stable 3.5+3.5.19+ds5-2 arm64
  Neutron ray-trace simulation - WebGL instrument display

mcstas-mcdoc/stable 3.5+3.5.19+ds5-2 arm64
  Neutron ray-trace simulation - documentation browser

mcstas-mcgui/stable 3.5+3.5.19+ds5-2 arm64
  Neutron ray-trace simulation - GUI

mcstas-mcplot-html/stable 3.5+3.5.19+ds5-2 arm64
  Neutron ray-trace simulation - HTML plotting frontend

mcstas-mcplot-matlab/stable 3.5+3.5.19+ds5-2 arm64
  Neutron ray-trace simulation - Matlab/Octave plotting frontend

mcstas-mcplot-matplotlib/stable 3.5+3.5.19+ds5-2 arm64
  Neutron ray-trace simulation - Matplotlib plotting frontend

mcstas-mcplot-pyqtgraph/stable 3.5+3.5.19+ds5-2 arm64
  Neutron ray-trace simulation - pyqtgraph plotting frontend

mcstas-mcresplot/stable 3.5+3.5.19+ds5-2 arm64
  Neutron ray-trace simulation - resolution function plotter

mcstas-mcrun/stable 3.5+3.5.19+ds5-2 arm64
  Neutron ray-trace simulation - runner

mcstas-suite-python/stable 3.5+3.5.19+ds5-2 arm64
  Neutron ray-trace simulation - full simulation suite

mcstrans/stable 3.8.1-1 arm64
  SELinux core policy utilities (mcstrans utilities)

mcxtrace/stable 3.5+3.5.19+ds5-2 arm64
  X-ray ray-trace simulation

mcxtrace-clusterscripts/stable 3.5+3.5.19+ds5-2 arm64
  X-ray ray-trace simulation - parallelization scripts

mcxtrace-comps/stable 3.5+3.5.19+ds5-2 arm64
  X-ray ray-trace simulation - components

mcxtrace-manuals/stable 3.5+3.5.19+ds5-2 arm64
  X-ray ray-trace simulation - documentation

mcxtrace-mccodelib/stable 3.5+3.5.19+ds5-2 arm64
  X-ray ray-trace simulation - Python code library

mcxtrace-mxdisplay-matlab/stable 3.5+3.5.19+ds5-2 arm64
  X-ray ray-trace simulation - Matlab/Octave instrument display

mcxtrace-mxdisplay-matplotlib/stable 3.5+3.5.19+ds5-2 arm64
  X-ray ray-trace simulation - Matplotlib instrument display

mcxtrace-mxdisplay-pyqtgraph/stable 3.5+3.5.19+ds5-2 arm64
  X-ray ray-trace simulation - pyqtgraph instrument display

mcxtrace-mxdisplay-webgl/stable 3.5+3.5.19+ds5-2 arm64
  X-ray ray-trace simulation - WebGL instrument display

mcxtrace-mxdisplay-webgl-classic/stable 3.5+3.5.19+ds5-2 arm64
  X-ray ray-trace simulation - WebGL instrument display

mcxtrace-mxdoc/stable 3.5+3.5.19+ds5-2 arm64
  X-ray ray-trace simulation - documentation browser

mcxtrace-mxgui/stable 3.5+3.5.19+ds5-2 arm64
  X-ray ray-trace simulation - GUI

mcxtrace-mxplot-html/stable 3.5+3.5.19+ds5-2 arm64
  X-ray ray-trace simulation - HTML plotting frontend

mcxtrace-mxplot-matlab/stable 3.5+3.5.19+ds5-2 arm64
  X-ray ray-trace simulation - Matlab/Octave plotting frontend

mcxtrace-mxplot-matplotlib/stable 3.5+3.5.19+ds5-2 arm64
  X-ray ray-trace simulation - Matplotlib plotting frontend

mcxtrace-mxplot-pyqtgraph/stable 3.5+3.5.19+ds5-2 arm64
  X-ray ray-trace simulation - pyqtgraph plotting frontend

mcxtrace-mxrun/stable 3.5+3.5.19+ds5-2 arm64
  X-ray ray-trace simulation - runner

mcxtrace-suite-python/stable 3.5+3.5.19+ds5-2 arm64
  X-ray ray-trace simulation - full simulation suite

mda-lv2/stable 1.2.10-2+b1 arm64
  Paul Kellett's MDA plugins ported to LV2

mdk/stable 1.3.0+dfsg-4 arm64
  MIX Development Kit

mediaconch/stable 25.04-2 arm64
  implementation and policy checker, reporter and fixer for media files

mediaconch-gui/stable 25.04-2 arm64
  implementation and policy checker, reporter and fixer for media files

menu/stable 2.1.51 arm64
  generates programs menu for all menu-aware applications

metaphlan/stable 4.0.4+ds-1 all
  Metagenomic Phylogenetic Analysis

metaphlan2-data/stable 2.6.0+ds-4 all
  data package for Metagenomic Phylogenetic Analysis

meterbridge/stable 0.9.2-14+b1 arm64
  Collection of Audio meters for the JACK audio server

metis/stable 5.1.0.dfsg-7+b2 arm64
  Serial Graph Partitioning and Fill-reducing Matrix Ordering. Binaries

minc-tools/stable 2.3.00+dfsg-12 arm64
  MNI medical image format tools

ministat/stable 20150715-1+b3 arm64
  simple tool for statistical comparison of data sets

minizinc/stable 2.9.2+dfsg1-1 arm64
  constraint modelling language and tool chain

minuet/stable 25.04.0-2 arm64
  KDE Software for Music Education

minuet-data/stable 25.04.0-2 all
  data files for Minuet

mirrormagic/stable 3.3.1+dfsg1-1 arm64
  Shoot around obstacles to collect energy using your beam.

mirrormagic-data/stable 3.3.1+dfsg1-1 all
  Data files for mirrormagic

mlir-17-tools/stable 1:17.0.6-22+b2 arm64
  Multi-Level Intermediate Representation tools

mlir-18-tools/stable 1:18.1.8-18+b1 arm64
  Multi-Level Intermediate Representation tools

mlir-19-tools/stable 1:19.1.7-3+b1 arm64
  Multi-Level Intermediate Representation tools

mm3d/stable 1.3.15-1 arm64
  OpenGL based 3D model editor

moarvm/stable 2024.09+dfsg-5 arm64
  virtual machine for Rakudo Perl 6 and NQP

monitoring-plugins-contrib/stable 48.20250420 arm64
  Plugins for nagios compatible monitoring systems

monodoc-opentk-manual/stable 1.1.4c+dfsg-2.2 all
  Open Toolkit wrapper for OpenGL, OpenAL and OpenCL - Docs

moosefs-cgi/stable 4.57.5-1 all
  MooseFS - CGI monitor

moosefs-cgiserv/stable 4.57.5-1 all
  simple CGI-capable HTTP server to run MooseFS CGI monitor

moosefs-chunkserver/stable 4.57.5-1 arm64
  MooseFS - data server

moosefs-cli/stable 4.57.5-1 all
  MooseFS CLI utility

moosefs-client/stable 4.57.5-1 arm64
  MooseFS - client tools and mount utility

moosefs-common/stable 4.57.5-1 all
  MooseFS - common files

moosefs-master/stable 4.57.5-1 arm64
  MooseFS - master server

moosefs-metalogger/stable 4.57.5-1 arm64
  MooseFS - metalogger server

moosefs-netdump/stable 4.57.5-1 arm64
  MooseFS network packet dump utility

mopac7-bin/stable 1.15-7 arm64
  Semi-empirical Quantum Chemistry Library (binaries)

mopidy-podcast/stable 3.0.1-1 all
  Mopidy extension for searching and browsing podcasts

mp3roaster/stable 0.3.0-8 all
  Perl hack for burning audio CDs out of MP3/OGG/FLAC/WAV files

mrmpi-doc/stable 1.0~20140404-3 all
  Implements MapReduce operation on top of standard MPI message - doc

mtbl-bin/stable 1.6.1-1+b1 arm64
  immutable sorted string table library (utilities)

mtpolicyd/stable 2.05-1.2 all
  modular policy daemon for postfix

mudita24/stable 1.0.3+svn13-7+b2 arm64
  ALSA GUI control tool for Envy24 (ice1712) soundcards

musescore/stable 2.3.2+dfsg4-16 arm64
  cross-platform multi-lingual music composition and notation, v2

musescore3/stable 3.2.3+dfsg2-19 arm64
  cross-platform multi-lingual music composition and notation, v3

mysqltuner/stable 2.6.0-1 all
  high-performance MySQL tuning script

nacl-tools/stable 20110221-15 arm64
  NaCl and CurveCP tools

nam/stable 1.15-10 arm64
  Network Animator for network simulation

nam-examples/stable 1.15-10 all
  examples of nam

nama/stable 1.216-2 all
  Ecasound-based multitrack recorder/mixer

nanopolish/stable 0.14.0-1+b4 arm64
  consensus caller for nanopore sequencing data

nbc/stable 1.2.1.r4+dfsg-14 arm64
  C compiler for LEGO Mindstorms NXT bricks

netgen-lvs/stable 1.5.133-1.2+b1 arm64
  Netlist comparison - Layout vs Schematic (LVS)

nethack-common/stable 3.6.7-1+b4 arm64
  dungeon crawl game - common files

netpipe-lam/stable 3.7.2-9.1+b1 arm64
  Network performance tool using LAM MPI

netpipe-mpich2/stable 3.7.2-9.1+b1 arm64
  Network performance tool using MPICH2 MPI

netpipe-openmpi/stable 3.7.2-9.1+b1 arm64
  Network performance tool using OpenMPI

netpipe-tcp/stable 3.7.2-9.1+b1 arm64
  Network performance tool using the TCP protocol

netsniff-ng/stable 0.6.9-1 arm64
  Linux network packet sniffer toolkit

nettle-bin/stable 3.10.1-1 arm64
  low level cryptographic library (binary tools)

nettle-dev/stable 3.10.1-1 arm64
  low level cryptographic library (development files)

newrole/stable 3.8.1-2 arm64
  SELinux core policy utilities (newrole application for RBAC/MLS)

nexuiz-data/stable 2.5.2-13 all
  Nexuiz game data files

nghttp2-client/stable 1.64.0-1.1+deb13u1 arm64
  client implementing HTTP/2 protocol

ngspice/stable 44.2+ds-1 arm64
  Spice circuit simulator

ngspice-dev/stable 44.2+ds-1 arm64
  Spice circuit simulator - development files for ngspice and tclspice

ngspice-doc/stable 44.2+ds-1 all
  Documentation for the NGspice circuit simulator

nikwi/stable 0.0.20120213-7 arm64
  platform game where your goal is to collect candies

nikwi-data/stable 0.0.20120213-7 all
  platform game where your goal is to collect candies - game data

nix-setup-systemd/stable 2.26.3+dfsg-1 all
  Purely functional package manager (systemd setup)

njam/stable 1.25-12+b1 arm64
  pacman-like game with multiplayer support

njam-data/stable 1.25-12 all
  pacman-like game with multiplayer support -- data files

nmodl/stable 0.6-2+b5 arm64
  Code generation engine for the NEURON modeling language

node-abstract-leveldown/stable 6.3.0+~cs7.0.4-3 all
  Abstract prototype matching the LevelDOWN API - Node.js module

node-accepts/stable 1.3.8-2 all
  higher-level content negotiation for Node.js

node-anser/stable 2.3.2-1 all
  low level ANSI escape code parser

node-defaults/stable 1.0.4+~1.0.3-1 all
  merge single level defaults over a config object

node-dom4/stable 2.1.6+dfsg2+~2.0.2-2 all
  Polyfill for new DOM Level 4 entries

node-entities/stable 4.5.0+dfsg-1 all
  Node.js module to encode and decode XML/HTML entities with ease

node-fstream/stable 1.0.12-7 all
  Advanced filesystem streaming tools for Node.js

node-gauge/stable 4.0.4-2 all
  terminal based horizontal progress bar

node-get/stable 1.4.0-4 all
  high-level HTTP client for NodeJS

node-get-uri/stable 6.0.3~0~2024040606-6+deb13u1 all
  Node.js module that returns a stream.Readable from a URI string

node-glogg/stable 2.0.0-2 all
  Global logging utility

node-html5-qrcode/stable 2.3.8+repack-5 all
  qr-code and bar-code scanning library for the web

node-jquery-ui/stable 1.13.2+dfsg-1 all
  JavaScript UI library for dynamic web applications (NodeJs)

node-leveldown/stable 5.6.0+dfsg-5 arm64
  LevelDB bindings - Node.js module

node-libpq/stable 1.8.12+~1.8.10-2+b3 arm64
  Node.js native bindings to the PostgreSQL libpq C client library

node-log-driver/stable 1.2.7+git+20180219+bba1761737-7 all
  simple logging framework in pure javascript

node-log4js/stable 6.9.1+~cs8.4.19-1 all
  Conversion of the log4js framework to work with Node.js

node-n3/stable 1.16.3+~1.2.3+~1.10.4-1 all
  fast asynchronous streaming RDF for JavaScript - Node library

node-npmlog/stable 7.0.1+~4.1.4-1 all
  Logger with custom levels and colored output for Node.js

node-react-shallow-renderer/stable 16.15.0~18.2.0+dfsg+~cs88.72.123-1 all
  Shallow renderer for testing ReactJS modules

node-require-main-filename/stable 2.0.0-2 all
  shim for require.main.filename() that works in as many environments as possible

node-run-queue/stable 2.0.0-3 all
  promise based dynamic priority queue runner

node-supertest/stable 7.0.0+~6.0.2-2 all
  superagent driven library for testing HTTP servers

node-terser/stable 5.38.0-1 all
  parser/mangler/compressor for ES6+ - Node.js library

node-three-orbit-controls/stable 82.1.0-3 all
  orbit controls for ThreeJS

node-three-stl-loader/stable 1.0.6-4 all
  @aleeper's three.js stl-loader as a node module

node-triple-beam/stable 1.3.0+~1.3.2-1 all
  Definitions of levels for logging purposes & shareable Symbol constants

node-trust-json-document/stable 0.1.4~dfsg-11 all
  JSON Document manipulation library - Node.js library

node-tweetnacl/stable 1.0.3+dfsg-3 all
  Port of TweetNaCl cryptographic library to JavaScript

node-typedarray/stable 0.0.7-1 all
  TypedArray polyfill for old browsers

node-vega-lite/stable 5.18.1+~4.0.0-2 all
  higher-level grammar for visual analysis for node-vega

node-watchpack/stable 2.4.0+~cs2.8.1-1 all
  Wrapper library for directory and file watching

node-winston/stable 3.8.2-1 all
  Logger for just about everything (for Nodejs)

node-xmldom/stable 0.9.6-1 all
  Standard XML DOM (Level2 CORE) implementation in pure javascript

normalize-audio/stable 0.7.7-21 arm64
  adjusts the volume of WAV, MP3 and OGG files to a standard volume level

nqp/stable 2024.09+dfsg-5 arm64
  Not Quite Perl compiler

nqp-data/stable 2024.09+dfsg-5 all
  Data files for NQP compiler

nsnake/stable 3.0.1-2.2 arm64
  classic snake game on the terminal

numad/stable 0.5+20150602-8+b4 arm64
  User-level daemon that monitors NUMA topology and usage

numptyphysics/stable 0.3.10-0.2+b4 arm64
  crayon based physics puzzle game

nutsqlite/stable 2.0.6-4 all
  Dietary nutrition analysis software

oasis/stable 0.4.11-5+b6 arm64
  Build-system generation for OCaml projects -- binaries

obs-draw-dock/stable 0.2.1-1 arm64
  plugin for OBS Studio to draw on stream output

obs-gradient-source/stable 0.3.2-1+b2 arm64
  plugin for OBS Studio that creates a gradient background

ocaml/stable 5.3.0-3 arm64
  ML language implementation with a class-based object system

ocaml-dune/stable 3.17.2-1+b1 arm64
  composable build system for OCaml projects

octave/stable 9.4.0-1 arm64
  GNU Octave language for numerical computations

octave-common/stable 9.4.0-1 all
  architecture-independent files for octave

octave-dev/stable 9.4.0-1 arm64
  development files for the GNU Octave language

octave-doc/stable 9.4.0-1 all
  documentation of the GNU Octave language

octave-instrument-control/stable 0.9.5-1 arm64
  instrument control for Octave

octave-level-set/stable 0.3.1~git.2019.04.13-7+b3 arm64
  level-set toolbox for Octave

odin/stable 2.0.5-7+b1 arm64
  develop, simulate and run magnetic resonance sequences

ofono/stable 2.16-5 arm64
  Mobile telephony stack (daemon)

ofono-dev/stable 2.16-5 all
  Mobile telephony stack (development files)

ofono-scripts/stable 2.16-5 all
  Mobile telephony stack (test and maintenance script files)

oomd/stable 0.5.0-1.2+b3 arm64
  userspace Out-Of-Memory (OOM) killer for Linux systems

open-infrastructure-compute-tools/stable 20250604-1 all
  manage systemd-nspawn containers

open-invaders/stable 0.3-10 arm64
  Space Invaders clone

open-invaders-data/stable 0.3-10 all
  Space Invaders clone (data package)

open-iscsi/stable 2.1.11-1+deb13u2 arm64
  iSCSI initiator tools

openapi-specification/stable 3.1.1-1 all
  community-driven open specification within the OpenAPI Initiative

openarena-oacmp1/stable 3-9 all
  OpenArena Community Map Pack 1

opencl-1.2-html-doc/stable 1.0~svn33624-5.1 all
  OpenCL 1.2 documentation - html pages

opencl-1.2-man-doc/stable 1.0~svn33624-5.1 all
  OpenCL 1.2 documentation - man pages (experimental)

opencv-data/stable 4.10.0+dfsg-5 all
  development data for opencv

opencv-doc/stable 4.10.0+dfsg-5 all
  OpenCV documentation and examples

openmsx/stable 20.0+dfsg-1.2 arm64
  MSX emulator that aims for perfection

openmsx-data/stable 20.0+dfsg-1.2 all
  datafiles for openMSX, an MSX emulator

openrc/stable 0.56-1 arm64
  dependency based service manager (runlevel change mechanism)

openscenegraph/stable 3.6.5+dfsg1-9 arm64
  3D scene graph, utilities and examples (binaries)

openscenegraph-doc/stable 3.6.5+dfsg1-9 all
  3D scene graph, documentation

openscenegraph-examples/stable 3.6.5+dfsg1-9 all
  3D scene graph, examples (sources)

opensnitch-ebpf-modules/stable 1.6.9-3 arm64
  GNU/Linux interactive application firewall eBPF modules

opensta/stable 0~20191111gitc018cb2+dfsg-1.1 arm64
  Gate-level Static Timing Analyzer

opensta-dev/stable 0~20191111gitc018cb2+dfsg-1.1 arm64
  Gate-level Static Timing Analyzer - development files

openvpn-dco-dkms/stable 0.0+git20241121-1 all
  DCO (Data-Channel Offload) kernel module for OpenVPN)

os-autoinst/stable 4.6.1731418769.97d9a7fd-4 arm64
  automated testing of Operating Systems

osmpbf-bin/stable 1.5.1-1+b1 arm64
  OpenStreetMap PBF file format library - tools

pacman/stable 10-21 arm64
  Chase Monsters in a Labyrinth

pacman4console/stable 1.3-1.1 arm64
  ncurses-based pacman game

pamixer/stable 1.6-1+b1 arm64
  pulseaudio command line mixer

par/stable 1.53.0-2+b1 arm64
  Paragraph reformatter

pari-seadata/stable 0.20090618-3 all
  PARI/GP Computer Algebra System modular polynomials (seadata)

pathogen/stable 1.1.1-7+b1 arm64
  Puzzle game about matching 3D model structures

pathological/stable 1.1.3-18 all
  puzzle game involving paths and marbles

pcapfix/stable 1.1.7-2+b1 arm64
  repairs broken pcap and pcapng files

pcb-rnd-lib-io/stable 3.1.6-1 arm64
  Support library for alien file formats.

pcp/stable 6.3.8-1 arm64
  System level performance monitoring and performance management

pcp-doc/stable 6.3.8-1 all
  Documentation and tutorial for the Performance Co-Pilot

pd-cyclone/stable 0.9.2+ds-1 arm64
  Pd library of clones of Max/MSP objects

pd-fftease/stable 3.0.1-7+b1 arm64
  live spectral sound processors for Pd

pd-flite/stable 0.3.3-5 arm64
  Speech synthesis for Pd

pd-iemguts/stable 0.4.3-1+b1 arm64
  Pd-Objects for meta patching

pd-iemnet/stable 0.3.0-6+b1 arm64
  Pd library for low-level networking (IEM implementation)

pd-jmmmp/stable 0.61-2 all
  collection of Pd GUI objects for musical performance

pd-log/stable 0.1-7+b1 arm64
  small Pure Data library for logging

pd-lyonpotpourri/stable 3.0.2-1 arm64
  potpourri of Pd objects for synthesizing with audio

pd-mrpeach-net/stable 0.1~svn17672-9 arm64
  Pd library for low-level networking

pd-syslog/stable 0.1-7+b1 arm64
  syslog facilities for Pd

pebble/stable 2.6.0+ds1-1+b7 arm64
  ACME (RFC 8555) test-only server

peg-e/stable 1.3.2-1+b3 arm64
  peg elimination solitaire game

pekka-kana-2/stable 1.4.5+ds-2 arm64
  2D Oldschool platform game where you control a rooster

pekka-kana-2-data/stable 1.4.5+ds-2 all
  2D Oldschool platform game where you control a rooster (data file)

persistent-cache-cpp-dev/stable 1.0.7-2 arm64
  Cache of key-value pairs with persistent storage for C++ 11

persistent-cache-cpp-doc/stable 1.0.7-2 all
  Documentation for persistent-cache-cpp-dev

pexec/stable 1.0~rc8-7 arm64
  Executing commands in parallel

phlipple/stable 0.8.5-5.1+b2 arm64
  reduce 3D shapes to a single square

phlipple-data/stable 0.8.5-5.1 all
  reduce 3D shapes to a single square - game data

php-fpdf/stable 3:1.8.4.dfsg-3 all
  PHP class to generate PDF files

php-giggsey-libphonenumber/stable 9.0.4-1 all
  PHP Port of Google's libphonenumber

php-psr-log/stable 3.0.2-2 all
  common interface for logging libraries

php-symfony-http-client/stable 6.4.41+dfsg-0+deb13u1 all
  methods to fetch HTTP resources synchronously or asynchronously

php-symfony-options-resolver/stable 6.4.41+dfsg-0+deb13u1 all
  configure objects with option arrays

php-wikidiff2/stable 1.14.1-2+b2 arm64
  external diff engine for mediawiki

php-zeroc-ice/stable 3.7.10-3.1 arm64
  PHP extension for Ice

pico-sdk-source/stable 2.1.1-1 all
  headers and libraries to write programs for RP2040-based devices

pinball/stable 0.3.20230219-3 arm64
  Emilia Pinball Emulator

pinball-data/stable 0.3.20230219-3 all
  Data files for the Emilia Pinball Emulator

pinball-dev/stable 0.3.20230219-3 arm64
  Development files for the Emilia Pinball Emulator

pkexec/stable 126-2 arm64
  run commands as another user with polkit authorization

planets/stable 0.1.13-23+b3 arm64
  Gravitation simulation of planetary bodies

plip/stable 2.4.0+dfsg-4 all
  fully automated protein-ligand interaction profiler

pluginlib-dev/stable 5.5.0-2 arm64
  ROS library for plugins

pluma/stable 1.26.1-2.1 arm64
  official text editor of the MATE desktop environment

pluma-common/stable 1.26.1-2.1 all
  official text editor of the MATE desktop environment (common files)

pluma-dev/stable 1.26.1-2.1 arm64
  official text editor of the MATE desktop environment (development files)

pluma-doc/stable 1.26.1-2.1 all
  official text editor of the MATE desktop environment (documentation files)

pngcheck/stable 3.0.3-3+b1 arm64
  print info and check PNG, JNG and MNG files

pngcrush/stable 1.8.13-1+b2 arm64
  optimizes PNG (Portable Network Graphics) files

podman/stable 5.4.2+ds1-2+b2 arm64
  tool to manage containers and pods

podman-docker/stable 5.4.2+ds1-2+b2 arm64
  tool to manage containers and pods (Docker CLI)

podman-remote/stable 5.4.2+ds1-2+b2 arm64
  tool to manage containers and pods (remote CLI)

policycoreutils/stable 3.8.1-2 arm64
  SELinux core policy utilities

policycoreutils-dbus/stable 3.8.1-1 all
  SELinux core policy utilities (D-Bus daemon)

policycoreutils-dev/stable 3.8.1-2 arm64
  SELinux core policy utilities (development utilities)

policycoreutils-gui/stable 3.8.1-1 all
  SELinux core policy utilities (graphical utilities)

policycoreutils-python-utils/stable 3.8.1-2 all
  SELinux core policy utilities (Python utilities)

polkit-kde-agent-1/stable 4:6.3.6-1 arm64
  KDE dialogs for PolicyKit

polkitd/stable,now 126-2 arm64 [installed,automatic]
  framework for managing administrative policies and privileges

powerdevil/stable 4:6.3.6-1 arm64
  KDE power management service for Plasma

powermanga/stable 0.93.1-6+b2 arm64
  vertical shoot 'em up with colourful 3D graphics

powermanga-data/stable 0.93.1-6 all
  graphics and audio data for powermanga

ppp-gatekeeper/stable 0.1.0-201406111015-1.1 all
  PPP manager for handling balanced, redundant and failover links

printer-driver-pxljr/stable 1.4+repack0-6+b1 arm64
  printer driver for HP Color LaserJet 35xx/36xx

procmeter3/stable 3.6-3.1+b2 arm64
  graphical system status monitor

procserv/stable 2.8.0-2 arm64
  Process server with telnet console and log access

prometheus-openstack-exporter/stable 0.1.4-2.3 all
  Prometheus exporter for Openstack

prometheus-pushgateway/stable 1.11.0-1+b6 arm64
  Prometheus exporter for ephemereal jobs

pslist/stable 1.4.0-6 all
  utility that controls a process and its descendants

pybedtools-bin/stable 0.10.0-4 all
  Scripts produced for pybedtools

pygac-bin/stable 1.7.4-2 all
  Python package to read and calibrate NOAA AVHRR GAC data -- scripts

pyqi/stable 0.3.2+dfsg-13 all
  Python framework for wrapping general commands in multiple interfaces

pyracerz/stable 0.2+dfsg-4 all
  multiplayer top view 2D racing game

pysatellites/stable 2.7-4 all
  simulates the launching of satellites

pysdl2-doc/stable 0.9.17+dfsg-1 all
  Python bindings to the SDL2 C-library - documentation

python-amqp-doc/stable 5.3.1-2 all
  Low-level AMQP client (Documentation)

python-anyqt-doc/stable 0.2.0-4 all
  PyQt/PySide compatibility layer for Qt4/Qt5/Qt6.

python-authlib-doc/stable 1.6.0-1+deb13u1 all
  Python library for OAuth and OpenID Connect servers (docs)

python-beartype-doc/stable 0.20.2-1 all
  documentation for the beartype Python library

python-bpack-doc/stable 1.3.0-1 all
  Binary data structures (un-)packing library (documentation)

python-cffi-doc/stable 1.17.1-3 all
  Foreign Function Interface for Python calling C code - documentation

python-cleo-doc/stable 2.2.1-4 all
  create beautiful and testable command-line interfaces (documentation)

python-cliff-doc/stable 4.9.1-2 all
  command line interface formulation framework documentation

python-cloup-doc/stable 3.0.7-1 all
  Click with option groups (documentation)

python-configobj-doc/stable 5.0.9-1 all
  simple but powerful config file reader and writer (documentation)

python-cryptography-doc/stable 43.0.0-3+deb13u1 all
  Python library exposing cryptographic recipes and primitives (documentation)

python-django-doc/stable 3:4.2.28-0+deb13u2 all
  High-level Python web development framework (documentation)

python-django-formtools-doc/stable 2.4.1-3 all
  set of high-level abstractions for Django forms - doc

python-django-guardian-doc/stable 2.4.0-4 all
  per object permissions of django (documentation)

python-django-model-utils-doc/stable 4.2.0-2 all
  Django model mixins and utilities — Documentation

python-django-otp-doc/stable 1.5.4-1 all
  pluggable framework for two-factor authentication (Documentation)

python-django-tree-queries-doc/stable 0.19-1 all
  Adjacency-list trees for Django (Documentation)

python-elasticsearch-curator-doc/stable 8.0.21-1 all
  Python library for managing Elasticsearch time-series indices (documentation)

python-elasticsearch-doc/stable 8.17.2-2 all
  Python client for Elasticsearch (Documentation)

python-epr-doc/stable 1.2.0-1 all
  Python ENVISAT Product Reader API -- documentation

python-flufl.i18n-doc/stable 5.1.0-1 all
  high level API for Python internationalization (common documentation)

python-gevent-doc/stable 24.11.1-1 all
  gevent is a coroutine-based Python networking library - documentation

python-gpyfft-doc/stable 0.7.1-3 all
  Wrapper for the OpenCL FFT library clFFT (common documentation)

python-greenlet-dev/stable 3.1.0-1+b2 arm64
  Lightweight in-process concurrent programming - development files

python-greenlet-doc/stable 3.1.0-1 all
  Lightweight in-process concurrent programming - documentation

python-guizero-doc/stable 1.6.0+ds-1 all
  module to allow quick and easy GUI creation (documentation)

python-hdf5storage-doc/stable 0.1.19-4 all
  documentation for hdf5storage

python-imapclient-doc/stable 3.0.1-2 all
  Easy-to-use Python IMAP client library (documentation)

python-installer-doc/stable 0.7.0+dfsg1-3 all
  Python library for unpacking and installing wheels (documentation)

python-kafka-doc/stable 2.0.2-9 all
  Pure Python client for Apache Kafka - doc

python-keystoneclient-doc/stable 1:5.6.0-2 all
  client library for the OpenStack Keystone API - doc

python-kombu-doc/stable 5.5.3-1 all
  AMQP Messaging Framework for Python (Documentation)

python-llfuse-doc/stable 1.5.0+dfsg-1 all
  Python bindings for the low-level FUSE API (documentation)

python-logzero-doc/stable 1.7.0-1 all
  robust and effective logging for Python (common documentation)

python-markdown-callouts-doc/stable 0.4.0-1 all
  Python-Markdown extension adding a new block-level syntax (Documentation)

python-morris-doc/stable 1.2-4 all
  documentation for the Python morris module

python-mutagen-doc/stable 1.47.0-1 all
  audio metadata editing library - documentation

python-nose2-doc/stable 0.15.1-1 all
  Next generation of nicer testing for Python2/3 (documentation)

python-openssl-doc/stable 25.0.0-1+deb13u1 all
  Python wrapper around the OpenSSL library (documentation package)

python-oslo.utils-doc/stable 8.2.0-4 all
  Oslo Utility library - doc

python-pamqp-doc/stable 3.3.0-3 all
  RabbitMQ Focused AMQP low-level library (Documentation)

python-pandas-doc/stable 2.2.3+dfsg-9 all
  data structures for "relational" or "labeled" data - documentation

python-pathos-doc/stable 0.3.3-2 all
  Framework for heterogeneous parallel computing (documentation)

python-peachpy-doc/stable 0.0~git20211013.257881e-1.1 all
  Portable Efficient Assembly Codegen in Higher-level Python (doc)

python-pmw-doc/stable 2.1-5 all
  Pmw -- Python MegaWidgets (documentation)

python-psycopg2-doc/stable 2.9.10-1 all
  Python module for PostgreSQL (documentation package)

python-pycryptodome-doc/stable 3.20.0+dfsg-3 all
  cryptographic Python library (documentation)

python-pyepics-doc/stable 3.5.7+ds-1 all
  EPICS channel access for Python (common documentation)

python-pyftpdlib-doc/stable 2.0.1-1 all
  documentation for Python FTP server library

python-pyswarms-doc/stable 1.3.0-9 all
  documentation and examples for PySwarms

python-pyzipper-doc/stable 0.3.6-5 all
  AES encryption for zipfile (common documentation)

python-ripe-atlas-sagan-doc/stable 1.3.1-1 all
  Python library for parsing RIPE Atlas measurement results (documentation)

python-scipy-doc/stable 1.15.3-1 all
  scientific library for Python - documentation

python-scrapy-doc/stable 2.12.0-2 all
  Python web scraping and crawling framework documentation

python-stactools-doc/stable 0.5.3-3 all
  Command line tool and Python library for working with STAC (documentation)

python-stestr-doc/stable 4.1.0-3 all
  test runner similar to testrepository - doc

python-tinycss2-common/stable 1.4.0-2 all
  Low-level CSS parser (test data)

python-tinycss2-doc/stable 1.4.0-2 all
  Low-level CSS parser (Documentation)

python-tld-doc/stable 0.13-3 all
  Extract the top level domain (TLD) from a given URL (common documentation)

python-treq-doc/stable 24.9.1-1 all
  Higher level API for making HTTP requests with Twisted (doc)

python-ubelt-doc/stable 1.3.7-1 all
  Python Utility Belt Library

python-xradarsat2-doc/stable 2024.11.12+ds-1 all
  L1 SAR file reader for RadarSat2 (documentation)

python-zstandard-doc/stable 0.23.0-4 all
  Python bindings for interfacing with Zstandard library (docs)

python3/stable,now 3.13.5-1 arm64 [installed]
  interactive high-level object-oriented language (default python3 version)

python3-aio-geojson-geonetnz-volcano/stable 0.9-2 all
  async GeoJSON client library for GeoNet NZ Volcanic Alert Level feed

python3-aiopegelonline/stable 0.1.1-1 all
  library for accessing PEGELONLINE water data

python3-aiopurpleair/stable 2023.12.0-2 all
  Python library for interacting with the PurpleAir API

python3-aiortsp/stable 1.4.0-1 all
  Asyncio-based RTSP library

python3-airgradient/stable 0.9.2-1 all
  Asynchronous client for AirGradient devices

python3-airspeed/stable 0.6.0-1 all
  Python template engine

python3-airthings-cloud/stable 0.2.0-2 all
  Python library for interfacing with Airthings devices

python3-ais/stable 0.17+git.20190917.master.e464cf8-5+b1 arm64
  Library for decoding maritime Automatic Identification System messages

python3-amqp/stable 5.3.1-2 all
  Low-level AMQP client (Python3 version)

python3-anyio/stable 4.8.0-3 all
  Asynchronous compatibility layer (Python 3)

python3-anyqt/stable 0.2.0-4 all
  PyQt/PySide compatibility layer for Qt4/Qt5/Qt6.

python3-apparmor/stable 4.1.0-1 all
  AppArmor Python3 utility library

python3-apt/stable 3.0.0 arm64
  Python 3 interface to libapt-pkg

python3-asf-search/stable 8.1.2-1 all
  Python wrapper for ASF's SearchAPI

python3-asn1crypto/stable 1.5.1-3 all
  Fast ASN.1 parser and serializer (Python 3)

python3-astroid/stable 3.3.8-2 all
  rebuild a new abstract syntax tree from Python's AST (Python3)

python3-asyncio-dgram/stable 2.2.0-3 all
  Enhanced Datagram protocol support for Asyncio

python3-authlib/stable 1.6.0-1+deb13u1 all
  Python library for OAuth and OpenID Connect servers

python3-awscrt/stable 0.24.0+dfsg-1 arm64
  Python 3 bindings for the AWS Common Runtime

python3-beartype/stable 0.20.2-1 all
  Unbearably fast runtime type checking in pure Python

python3-bitarray/stable 2.9.2-1+b4 arm64
  Python3 module for efficient boolean array handling

python3-bitcoinlib/stable 0.12.2-1 all
  Python module with an easy interface to the Bitcoin protocol

python3-bmtk-doc/stable 1.1.1+ds-4 all
  documentation for python3-bmtk

python3-bmtk-examples/stable 1.1.1+ds-4 all
  example Python files for python3-bmtk

python3-borgstore/stable 0.3.0-2 all
  Simple key/value store implementation in Python

python3-boto3/stable 1.37.9-1 all
  Python interface to Amazon's Web Services - Python 3.x

python3-botocore/stable 1.37.9+repack-1 all
  Low-level, data-driven core of boto 3 (Python 3)

python3-bpack/stable 1.3.0-1 all
  Binary data structures (un-)packing library

python3-btsocket/stable 0.3.0-1 all
  Python interface for BlueZ Bluetooth Management API

python3-capirca/stable 2.0.9-0.1 all
  Multi-platform ACL generation system

python3-catkin/stable 0.8.10-17 all
  Python 3 modules for the ROS build system

python3-catkin-pkg/stable 1.0.0-2 all
  Low-level build system macros for Robot OS -- Python 3 module

python3-cctbx/stable 2024.10+ds2+~3.22.1+ds1-5 arm64
  Python Toolbox for crystallography

python3-cffi/stable 1.17.1-3 all
  Foreign Function Interface for Python 3 calling C code

python3-cffi-backend/stable 1.17.1-3 arm64
  Foreign Function Interface for Python 3 calling C code - runtime

python3-cfgrib/stable 0.9.15.0-2 arm64
  Python 3 module supporting the CF convention in GRIB files

python3-clap/stable 0.14.0-3 all
  command line arguments parser

python3-cleo/stable 2.2.1-4 all
  create beautiful and testable command-line interfaces

python3-click-log/stable 0.3.2-1 all
  Logging integration for Click - Python 3.x

python3-cliff/stable 4.9.1-2 all
  command line interface formulation framework - Python 3.x

python3-cloup/stable 3.0.7-1 all
  Click with option groups

python3-cmake-build-extension/stable 0.6.1-2 all
  Setuptools extension to build and package CMake projects

python3-configobj/stable 5.0.9-1 all
  simple but powerful config file reader and writer for Python 3

python3-cpuset/stable 1.6.2-2 all
  manipluation of cpusets and provides higher level fun - Python 3.x

python3-cryptography/stable 43.0.0-3+deb13u1 arm64
  Python library exposing cryptographic recipes and primitives

python3-cssutils/stable 2.11.1-1 all
  Python3 CSS Cascading Style Sheets parser and builder

python3-dbus-fast/stable 2.44.1-1 arm64
  Faster version of dbus-next

python3-dbus-next/stable 0.2.3-4 all
  Next great DBus library for Python

python3-dbussy/stable 1.3+git20230927.83462e58-1 all
  Python 3 language bindings for libdbus

python3-distlib/stable 0.3.9-1 all
  low-level components of python distutils2/packaging

python3-django/stable 3:4.2.28-0+deb13u2 all
  High-level Python web development framework

python3-django-crum/stable 0.7.9-5 all
  Current request user capture middleware for Django

python3-django-crum-doc/stable 0.7.9-5 all
  Current request user capture middleware for Django (doc)

python3-django-formtools/stable 2.4.1-3 all
  set of high-level abstractions for Django forms - Python 3.x

python3-django-guardian/stable 2.4.0-4 all
  per object permissions of django for Python3

python3-django-guid/stable 3.5.1-1 all
  Identify Django request logs

python3-django-guid-doc/stable 3.5.1-1 all
  Identify Django request logs (doc)

python3-django-maintenance-mode/stable 0.16.1-2 all
  show a 503 error page when maintenance-mode is on in Django

python3-django-model-utils/stable 4.2.0-2 all
  Django model mixins and utilities — Python 3

python3-django-otp/stable 1.5.4-1 all
  pluggable framework for two-factor authentication (Python3 version)

python3-django-pglocks/stable 1.0.4-2 all
  Django based context manager for PostgreSQL advisory locks (Python3 version)

python3-django-rules/stable 3.5.0-1 all
  object-level permissions for Django (Python3 version)

python3-django-solo/stable 2.4.0-1 all
  Singleton objects helper for Django

python3-django-test-migrations/stable 1.5.0-1 all
  Testing database migrations for Django

python3-django-tree-queries/stable 0.19-1 all
  Adjacency-list trees for Django (Python3 version)

python3-django-widget-tweaks/stable 1.4.8-1.1 all
  Tweak the form field rendering in templates

python3-dnspython/stable 2.7.0-1 all
  DNS toolkit for Python 3

python3-dnsq/stable 1.3.0-1 all
  Python DNS query tool

python3-doc/stable 3.13.5-1 all
  documentation for the high-level object-oriented language Python 3

python3-dom-toml/stable 2.0.1-2 all
  Dom's tools for Tom's obvious, minimal language

python3-drafthorse/stable 2025.1.0-1 all
  Basic ZUGFeRD implementation in Python

python3-duecredit/stable 0.10.2-2 all
  Publications (and donations) tracer

python3-duo-client/stable 5.5.0-1 all
  Interact with the Duo Auth, Admin, and Accounts APIs (Python3 version)

python3-elasticsearch/stable 8.17.2-2 all
  Python client for Elasticsearch (Python3 version)

python3-elasticsearch-curator/stable 8.0.21-1 all
  Python 3 library for managing Elasticsearch time-series indices

python3-elgato/stable 5.1.2-2 all
  Library for controlling and monitoring Elgato Light devices

python3-enchant/stable 3.3.0~rc1-1 all
  spellchecking library for Python 3

python3-epr/stable 1.2.0-1 arm64
  Python ENVISAT Product Reader API

python3-expeyes/stable 5.3.3+repack-2 all
  Python3 library for expeyes

python3-fastrlock/stable 0.8.3-2 arm64
  fast RLock implementation for CPython

python3-firewall/stable 2.3.1-1+deb13u1 all
  Python3 bindings for firewalld

python3-flask-caching/stable 2.3.1-1 all
  Cache support for flask applications

python3-flatdict/stable 4.0.1-2 all
  Flattened dict classes for Python

python3-flufl.i18n/stable 5.1.0-1 all
  high level API for Python internationalization (Python 3)

python3-fparser/stable 0.1.4-3 all
  Python3 Parser for the Fortran language

python3-freetype/stable 2.5.1-1 all
  Freetype Python bindings for Python 3

python3-ftputil/stable 5.1.0-1 all
  high-level FTP client library for Python

python3-full/stable 3.13.5-1 arm64
  Default Python Interpreter with complete class library

python3-geneagrapher-core/stable 0.1.3-1 all
  request and build graphs of records from the Math Genealogy Project

python3-georss-client/stable 0.18-1 all
  Python GeoRSS client library

python3-ges-1.0/stable 1.26.2-1 all
  Python bindings for the GES library

python3-gevent/stable 24.11.1-1+b1 arm64
  gevent is a coroutine-based Python networking library

python3-gevent-websocket/stable 0.10.1-5 all
  websocket library for the gevent networking library (Python 3)

python3-ghostscript/stable 0.7-3 all
  Python-Interface to the Ghostscript C-API

python3-ginga/stable 5.3.0-1 all
  Astronomical image toolkit for Python

python3-gpyfft/stable 0.7.1-3+b1 arm64
  Wrapper for the OpenCL FFT library clFFT (Python 3)

python3-graph-tool/stable 2.91+ds-5 arm64
  Efficient network analysis -- Python

python3-greenlet/stable 3.1.0-1+b2 arm64
  Lightweight in-process concurrent programming (python3)

python3-guizero/stable 1.6.0+ds-1 all
  module to allow quick and easy GUI creation (Python 3)

python3-hamcrest/stable 2.1.0-1 all
  Hamcrest framework for matcher objects (Python 3)

python3-hdf5storage/stable 0.1.19-4 all
  high-level utilities to read from and write to HDF5 (Python 3)

python3-headerparser/stable 0.5.1-1 all
  Parse key-value pairs in RFC 822 style headers

python3-headerparser-doc/stable 0.5.1-1 all
  Parse key-value pairs in RFC 822 style headers - documentation

python3-hiredis/stable 2.3.2-2+b4 arm64
  redis protocol reader for Python using hiredis

python3-hole/stable 0.8.0-2 all
  Library for interacting with a Pi-hole instance

python3-httpcore/stable 1.0.7-1 all
  minimal low-level HTTP client

python3-hvcc/stable 0.13.3-2 all
  heavy dataflow audio programming language transpiler (Python 3 interface)

python3-imageio-ffmpeg/stable 0.6.0-3 all
  FFMPEG wrapper for Python

python3-imapclient/stable 3.0.1-2 all
  Easy-to-use Python IMAP client library (Python 3)

python3-impacket/stable 0.12.0-3 all
  Python3 module to easily build and dissect network protocols

python3-importlib-metadata/stable 8.7.0-1 all
  library to access the metadata for a Python package - Python 3.x

python3-infoblox-client/stable 0.6.2-1 all
  client for Infoblox NIOS over WAPI

python3-installer/stable 0.7.0+dfsg1-3 all
  Python library for unpacking and installing wheels

python3-invoke/stable 2.2.0-2 all
  Pythonic task execution - Python 3.x

python3-irc/stable 8.5.3+dfsg-5 all
  Internet Relay Chat (IRC) protocol client library — Python 3

python3-jpype/stable 1.5.0-1+b5 arm64
  Binding the worlds of Java and Python (for Python 3)

python3-kafka/stable 2.0.2-9 all
  Pure Python client for Apache Kafka - Python 3.x

python3-kazoo/stable 2.9.0-2 all
  higher level API to Apache Zookeeper (Python 3)

python3-kegtron-ble/stable 0.4.0-3 all
  Kegtron BLE support for measuring beer keg levels

python3-kerberos/stable 1.1.14-3.1+b12 arm64
  GSSAPI interface module - Python 3.x

python3-keystone/stable 2:27.0.0-3+deb13u4 all
  OpenStack identity service - library

python3-keystoneclient/stable 1:5.6.0-2 all
  client library for the OpenStack Keystone API - Python 3.x

python3-kombu/stable 5.5.3-1 all
  AMQP Messaging Framework for Python (Python3 version)

python3-ld2410-ble/stable 0.2.0-2 all
  Interface with LD2410B modules from HiLink

python3-libcamera/stable 0.4.0-7 arm64
  complex camera support library (Python bindings)

python3-libknot/stable 3.4.6-2 all
  Python bindings for libknot

python3-llfuse/stable 1.5.0+dfsg-1+b2 arm64
  Python 3 bindings for the low-level FUSE API

python3-log-symbols/stable 0.0.14-4 all
  Colored symbols for various log levels for Python3

python3-logging-tree/stable 1.9-1.2 all
  introspect and display the logging tree in Python3

python3-logilab-common/stable 2.1.0-1 all
  useful miscellaneous modules used by Logilab projects (Python3)

python3-loguru/stable 0.7.3-1 all
  enjoyable loggin' for Python

python3-logzero/stable 1.7.0-1 all
  robust and effective logging for Python (Python 3)

python3-lzo/stable 1.15-2+b4 arm64
  Python bindings for the LZO data compression library (Python 3)

python3-macaroonbakery/stable 1.3.4-3 all
  Higher-level macaroon operations for Python 3

python3-markdown-callouts/stable 0.4.0-1 all
  Python-Markdown extension adding a new block-level syntax (Python3)

python3-mautrix/stable 0.20.7-1 all
  Matrix client framework for Python using asyncio

python3-medcom-ble/stable 0.1.1-2 all
  Library to communicate with Medcom BLE radiation monitors

python3-mediafile/stable 0.13.0-1 all
  read and write audio files' tags in Python

python3-moneyed/stable 2.0-1 all
  Currency and Money classes for use in Python 3 code

python3-morris/stable 1.2-4 all
  announcement (signal/event) system for Python 3

python3-multipart/stable 1.2.1-2+deb13u1 all
  Python multipart/form-data parser

python3-mupdf/stable 1.25.1+ds1-6+deb13u1 arm64
  Python bindings for MuPDF library

python3-mutagen/stable 1.47.0-1 all
  audio metadata editing library (Python 3)

python3-nexpy/stable 1.0.10-1 all
  Python GUI to analyze NeXus data

python3-nftables/stable 1.1.3-1 arm64
  nftables/libnftables python3 module

python3-nitime/stable 0.11-3 all
  timeseries analysis for neuroscience data (nitime)

python3-nose2/stable 0.15.1-1 all
  Next generation of nicer testing for Python3

python3-notifications-android-tv/stable 1.2.2-2 all
  Python API to send notifications to Android TV and Fire TV devices

python3-ntlm-auth/stable 1.5.0-1 all
  NTLM low-level Python library

python3-ocspbuilder/stable 0.10.2-3 all
  library for generating OCSP requests and responses (Python3 version)

python3-opencv/stable 4.10.0+dfsg-5 arm64
  Python 3 bindings for the computer vision library

python3-openflow/stable 2021.1-1 all
  low level library to parse OpenFlow messages

python3-openssl/stable 25.0.0-1+deb13u1 all
  Python 3 wrapper around the OpenSSL library

python3-oralb-ble/stable 0.18.0-3 all
  Bluetooth library for Oral-B devices

python3-oslo.utils/stable 8.2.0-4 all
  set of utility functions for OpenStack - Python 3.x

python3-pamqp/stable 3.3.0-3 arm64
  RabbitMQ Focused AMQP low-level library (Python3 version)

python3-pandas/stable 2.2.3+dfsg-9 all
  data structures for "relational" or "labeled" data

python3-pandas-lib/stable 2.2.3+dfsg-9 arm64
  low-level implementations and bindings for pandas

python3-pathos/stable 0.3.3-2 all
  Framework for heterogeneous parallel computing

python3-paypal/stable 1.2.5-5 all
  PayPal API implementation (Python 3)

python3-phonopy/stable 2.38.2-1 arm64
  phonon calculations at harmonic and quasi-harmonic levels (Python 3)

python3-pil/stable,now 11.1.0-5+deb13u4 arm64 [installed,automatic]
  Python Imaging Library (Python3)

python3-pipdeptree/stable 2.2.0-3 arm64
  display dependency tree of the installed Python 3 packages

python3-pivy/stable 0.6.10-2 arm64
  Coin binding for Python 3

python3-pkcs11/stable 0.7.0-1+b5 arm64
  high level PKCS#11 interface for Python

python3-plyvel/stable 1.5.1-1+b4 arm64
  fast and feature-rich Python interface to LevelDB

python3-pmw/stable 2.1-5 all
  Pmw -- Python MegaWidgets (python3 module)

python3-png/stable 0.20231004.0-4 all
  Pure Python PNG Reader/Writer (Python 3)

python3-pokrok/stable 0.2.0-5 all
  meta-api for progress bars

python3-pprofile/stable 2.1.0-2 all
  Line-granularity, deterministic and statistic Python 3 profiler

python3-prawcore/stable 2.3.0+dfsg-1 all
  Low-level communication layer for PRAW

python3-protobix/stable 1.0.2-16 all
  Implementation of Zabbix Sender protocol (Python 3)

python3-psd-tools/stable 1.10.7+dfsg.1-1+deb13u1 arm64
  library for working with Adobe Photoshop PSD files (Python 3)

python3-psd-tools-doc/stable 1.10.7+dfsg.1-1+deb13u1 all
  library for working with Adobe Photoshop PSD files (documentation)

python3-psycopg2/stable 2.9.10-1+b1 arm64
  Python 3 module for PostgreSQL

python3-ptrace/stable 0.9.9-0.2 arm64
  Python 3 bindings for ptrace

python3-pulsectl/stable 24.12.0-1 all
  high-level interface and ctypes-based bindings for PulseAudio

python3-py-dormakaba-dkey/stable 1.0.5-2 all
  Library to interact with Dormakaba dKey locks via Bluetooth

python3-py-nightscout/stable 1.3.3-2 all
  Async interface to access Nightscout CGM data

python3-pyaarlo/stable 0.8.0.15-1 all
  Module for Python 3 that provides asynchronous access to Netgear Arlo cameras

python3-pybedtools/stable 0.10.0-4+b1 arm64
  Python 3 wrapper around BEDTools for bioinformatics work

python3-pybigwig/stable 0.3.23+dfsg-1+b3 arm64
  Python 3 module for quick access to bigBed and bigWig files

python3-pybotvac/stable 0.0.28-1 all
  Library for controlling Neato Botvac Connected vacuum robots

python3-pycontrol4/stable 1.2.1-1 all
  Asynchronous library for Control4 system interaction

python3-pycosat/stable 0.6.6+dfsg-2+b2 arm64
  Python bindings to picosat

python3-pycryptodome/stable,now 3.20.0+dfsg-3 arm64 [installed,automatic]
  cryptographic Python library (Python 3)

python3-pydyf/stable 0.11.0-5 all
  low-level PDF generator (Python module)

python3-pyecoforest/stable 0.4.0-2 all
  Library for interacting with Ecoforest local devices

python3-pyevilgenius/stable 2.0.0-2 all
  Library to control devices from Evil Genius Labs

python3-pyfritzhome/stable 0.6.17-1 all
  Python library for managing AVM Fritz!Box Smart Home devices

python3-pyftpdlib/stable 2.0.1-1 all
  Python FTP server library (Python 3)

python3-pygac/stable 1.7.4-2+b1 arm64
  Python package to read and calibrate NOAA AVHRR GAC data

python3-pygalmesh/stable 0.10.6-5+b1 arm64
  Python 3 frontend to CGAL's 3D mesh generators

python3-pyipp/stable 0.17.2-1 all
  Asynchronous client for monitoring printers via IPP

python3-pyiqvia/stable 2023.12.0-2 all
  Library for accessing allergy, asthma, and disease data from IQVIA

python3-pykcs11/stable 1.5.17-1+b2 arm64
  PKCS#11 wrapper for Python

python3-pymad/stable 0.11.3-1+b6 arm64
  Python wrapper to the MPEG Audio Decoder library (Python 3)

python3-pynwb/stable 2.8.2-2 all
  Python library for working with Neurodata in the NWB format

python3-pyopenuv/stable 2023.12.0-2 all
  Library to access UV and ozone data from OpenUV

python3-pyplaato/stable 0.0.19-1 all
  Asynchronous client for fetching Plaato Airlock and Keg sensor data

python3-pypoint/stable 3.0.1-1 all
  API for Minut Point

python3-pyproject-hooks/stable 1.2.0-1 all
  Wrappers to call pyproject.toml-based build backend hooks

python3-pyqt6.qtquick3d/stable 6.9.0-2 arm64
  Python bindings for Qt 6 Quick 3D module

python3-pyrdfa/stable 3.6.4+ds-1 all
  RDFa distiller and parser for Python

python3-pyregfi/stable 1.0.1+svn296-1 all
  Python 3 Bindings for reglookup

python3-pyschlage/stable 2025.4.0-1 all
  Library for controlling Schlage Wi-Fi locks via cloud API

python3-pysensibo/stable 1.1.0-1 all
  Library for interfacing with Sensibo air conditioning controllers

python3-pystac-client/stable 0.8.6-1 all
  Python library for working with SpatioTemporal Asset Catalog (STAC) APIs

python3-pyswarms/stable 1.3.0-9 all
  research toolkit for particle swarm optimization in Python

python3-pytest-random-order/stable 1.1.1+ds-1 all
  pytest plugin to randomise the order of tests (Python 3)

python3-python-fullykiosk/stable 0.0.14-2 all
  Python library for Fully Kiosk Browser's REST API

python3-pyuca/stable 1.2-5 all
  Unicode Collation Algorithm (UCA) for Python3

python3-pyunitsystem/stable 2.0.0-1 all
  dummy unit system

python3-pyvista/stable 0.44.1-11 all
  Python3 high-level API to the Visualization Toolkit (VTK)

python3-pyxid/stable 1.0-6 all
  interface for Cedrus XID and StimTracker devices

python3-pyzipper/stable 0.3.6-5 all
  AES encryption for zipfile

python3-qrcodegen/stable 1.8.0-1.2 all
  QR Code generator library in multiple languages - Python3 version

python3-qrtools/stable 2.1~bzr52-2 all
  high level library for reading and generating QR codes

python3-quamash/stable 0.6.1~dfsg-2 all
  implementation of the PEP 3156 event-loop with Qt

python3-rachiopy/stable 1.1.0-3 all
  Library to interface with Rachio irrigation system

python3-raritan-json-rpc/stable 4.3.0+ds-1 all
  Python 3 library for the Raritan Xerus™ JSON-RPC interface

python3-renson-endura-delta/stable 1.7.2-1 all
  Library to interact with Renson Endura Delta units

python3-ripe-atlas-sagan/stable 1.3.1-1 all
  Python3 library for parsing RIPE Atlas measurement results

python3-romy/stable 0.0.10-2 all
  Library to control Wi-Fi enabled ROMY vacuum cleaners

python3-rosbags/stable 0.10.9-1 all
  Python library to read, modify, convert, and write rosbag files

python3-rosgraph-msgs/stable 1.11.3-4 all
  Messages relating to the Robot OS Computation Graph, Python 3 bindings

python3-rosunit/stable 1.15.8-7 all
  Unit-testing package for ROS (Python 3)

python3-rows/stable 0.5.0~dev0~1~1d5a326-1 all
  library to tabular data, no matter the format

python3-satpy/stable 0.55.0-1 all
  Python package for earth-observing satellite data processing

python3-scipy/stable 1.15.3-1 arm64
  scientific tools for Python 3

python3-scrapy/stable 2.12.0-2 all
  Python web scraping and crawling framework (Python 3)

python3-sdl2/stable 0.9.17+dfsg-1 all
  Python bindings to the SDL2 C-library (Python 3 build)

python3-seaborn/stable 0.13.2-5 all
  statistical visualization library for Python3

python3-seccomp/stable 2.6.0-2 arm64
  high level interface to Linux seccomp filter (Python 3 bindings)

python3-securesystemslib/stable 1.2.0-2 all
  crypto and schema library for TUF and in-toto

python3-segno/stable 1.6.6-2 all
  Python QR Code and Micro QR Code encoder

python3-selinux/stable 3.8.1-1 arm64
  Python3 bindings to SELinux shared libraries

python3-semanage/stable 3.8.1-1 arm64
  Python3 bindings for SELinux policy management

python3-skimage-lib/stable 0.25.2-2 arm64
  Optimized low-level algorithms for Python 3 scikit-image

python3-sklearn-lib/stable 1.4.2+dfsg-8 arm64
  low-level implementations and bindings for scikit-learn - Python 3

python3-skytools/stable 3.9.2-1+b1 arm64
  Skytools Python modules

python3-smartleia/stable 1.0.1-2 all
  LEIA Smartcard reader Python library

python3-snapcast/stable 2.3.7-1 all
  Library to control and manage Snapcast clients on a network

python3-sncosmo/stable 2.12.1-1 arm64
  Python library for high-level supervova cosmology analysis

python3-snimpy/stable 1.0.3-2 arm64
  high-level SNMP bindings for Python 3

python3-soupsieve/stable 2.7-1 all
  modern CSS selector implementation for BeautifulSoup (Python 3)

python3-spake2/stable 0.9-1 all
  SPAKE2 password-authenticated key exchange (pure python)

python3-speechd/stable 0.12.0-5 all
  Python interface to Speech Dispatcher

python3-sqlalchemy/stable 2.0.40+ds1-1 all
  SQL toolkit and Object Relational Mapper for Python 3

python3-stactools/stable 0.5.3-3 all
  Command line tool and Python library for working with STAC

python3-statsmodels-lib/stable 0.14.4+dfsg-1+b4 arm64
  Python3 low-level implementations and bindings for statsmodels

python3-stestr/stable 4.1.0-3 all
  test runner similar to testrepository - Python 3.x

python3-suitesparse-graphblas/stable 7.4.0.0-2+b4 arm64
  Python CFFI Binding around SuiteSparse:GraphBLAS (Python 3)

python3-sushy-oem-idrac/stable 5.0.0-2 all
  Dell EMC iDRAC OEM extension package for the sushy library

python3-swiglpk/stable 5.0.10-2+b3 arm64
  Plain Python bindings for the GNU Linear Programming Kit (Python 3)

python3-tempora/stable 5.7.0-2 all
  Python objects and routines pertaining to date and time

python3-tesla-powerwall/stable 0.5.2-2 all
  Library for interacting with Tesla Powerwall energy storage systems

python3-three-merge/stable 0.1.1-4 all
  Perform a 3-way merge between strings at a character level

python3-tinycss2/stable 1.4.0-2 all
  Low-level CSS parser (Python3 version)

python3-tld/stable 0.13-3 all
  Extract the top level domain (TLD) from a given URL (Python 3)

python3-tldextract/stable 5.1.2-1 all
  Python library for separating TLDs

python3-topic-tools/stable 1.17.0+ds-2 all
  Python 3 library for working with Robot OS topics

python3-torch/stable 2.6.0+dfsg-7 arm64
  Tensors and Dynamic neural networks in Python (Python Interface)

python3-torch-cluster/stable 1.6.3-2 arm64
  PyTorch extension library of optimized graph cluster algorithms (Python 3)

python3-torch-ignite/stable 0.5.1-1 all
  High-level library to help with training and evaluating in PyTorch

python3-treq/stable 24.9.1-1 all
  Higher level API for making HTTP requests with Twisted (Python 3)

python3-trml2pdf/stable 0.6-3 all
  translation of RML (Report Markup Language) from ReportLab, to PDF

python3-trollsift/stable 0.5.3-1 all
  String parser/formatter for PyTroll packages

python3-ubelt/stable 1.3.7-1 all
  Python Utility Belt Library

python3-unearth/stable 0.17.5-1 all
  utility to fetch and download python packages

python3-uritemplate/stable 4.1.1-3 all
  implementation of RFC6570 - Python 3.x

python3-usbmonitor/stable 1.23-2 all
  Library to simplify USB device monitoring

python3-utmp/stable 0.9-1+b12 arm64
  python module for working with utmp

python3-visualization-msgs/stable 1.13.1-3 all
  Messages relating to Robot OS visualization, Python 3 interface

python3-wcag-contrast-ratio/stable 0.9-3 all
  Library computing contrast ratios required by WCAG 2.0 (Python3 version)

python3-web-cache/stable 1.1.0-2 all
  Simple Python key-value storage backed up by sqlite3 database

python3-websocket/stable 1.8.0-2 all
  WebSocket client library - Python 3.x

python3-websockify/stable 0.12.0+dfsg1-4+b1 arm64
  WebSockets support for any application/server - Python 3

python3-wurlitzer/stable 3.1.1-1 all
  Capture C-level output in context managers

python3-xradarsat2/stable 2024.11.12+ds-1 all
  L1 SAR file reader for RadarSat2

python3-xsar/stable 2025.03.07-1 all
  Python xarray reader to use Level-1 GRD Synthetic Aperture Radar products

python3-yubiotp/stable 1.0.0.post1-2 all
  Low-level implementation of the YubiKey OTP algorithm in Python

python3-zeroc-ice/stable 3.7.10-3.1 arm64
  Python 3 extension for Ice

python3-zstandard/stable 0.23.0-4 arm64
  Python bindings for interfacing with Zstandard library

python3-zstd/stable 1.5.5.1-1+b4 arm64
  python bindings to Yann Collet ZSTD compression library

python3.13/stable,now 3.13.5-2+deb13u3 arm64 [installed,automatic]
  Interactive high-level object-oriented language (version 3.13)

python3.13-doc/stable 3.13.5-2+deb13u3 all
  Documentation for the high-level object-oriented language Python (v3.13)

python3.13-full/stable 3.13.5-2+deb13u3 arm64
  Python Interpreter with complete class library (version 3.13)

python3.13-venv/stable 3.13.5-2+deb13u3 arm64
  Interactive high-level object-oriented language (pyvenv binary, version 3.13)

qasconfig/stable 1.4.0-1+b3 arm64
  ALSA configuration browser

qashctl/stable 1.4.0-1+b3 arm64
  mixer for ALSA's High level Control Interface

qasmixer/stable 1.4.0-1+b3 arm64
  ALSA mixer for the desktop

qastools-common/stable 1.4.0-1 all
  QasTools common files

qlcplus/stable 4.14.1-1 arm64
  Control DMX or analog lighting systems

qlcplus-data/stable 4.14.1-1 all
  Control DMX or analog lighting systems (data files)

qml-module-gsettings/stable 1.0.0-4 arm64
  QML (Qt5) Bindings for GSettings

qml-module-gsettings1.0/stable 1.0.0-4 arm64
  QML (Qt5) Bindings for GSettings (transitional package)

qml-module-lomiri-components-extras/stable 0.7.0-3 arm64
  Lomiri UI Extra Components (Qt5)

qml-module-org-kde-kirigami2/stable 5.116.0-1 arm64
  set of QtQuick components targeted for mobile use

qml-module-org-nemomobile-contacts/stable 0.3.32-1 arm64
  QML module providing access to QtPIM QtContacts

qml-module-qtquick-window2/stable 5.15.15+dfsg-3 arm64
  Qt 5 window 2 QML module

qml6-module-gsettings/stable 1.0.0-4 arm64
  QML (Qt6) Bindings for GSettings

qml6-module-lomiri-components-extras/stable 0.7.0-3 arm64
  Lomiri UI Extra Components (Qt6)

qml6-module-org-kde-kirigami/stable 6.13.0-2 arm64
  set of QtQuick components targeted for mobile use (QML module)

qml6-module-org-kde-kosmindoormap/stable 25.04.3-1 arm64
  OSM multi-floor indoor map renderer QML module

qml6-module-org-kde-kosmindoorrouting/stable 25.04.3-1 arm64
  OSM multi-floor indoor map navigation QML module

qml6-module-org-kde-kwindowsystem/stable 6.13.0-2 arm64
  QML module for kwindowsystem

qml6-module-qtquick-window/stable 6.8.2+dfsg-7 arm64
  Qt 6 Quick Window QML module

qpsmtpd/stable 0.94-8 all
  Flexible SMTP daemon for network-level spam detection

r-bioc-aroma.light/stable 3.36.0-2 all
  BioConductor methods normalization and visualization of microarray data

r-bioc-ballgown/stable 2.38.0+dfsg-2 all
  Flexible, isoform-level differential expression analysis

r-bioc-biovizbase/stable 1.54.0-2 arm64
  GNU R basic graphic utilities for visualization of genomic data

r-bioc-edaseq/stable 2.40.0+dfsg-2 all
  GNU R exploratory data analysis and normalization for RNA-Seq

r-bioc-ggbio/stable 1.54.0-2 all
  Visualization tools for genomic data

r-bioc-htsfilter/stable 1.46.0+dfsg-2 all
  GNU R filter replicated high-throughput transcriptome sequencing data

r-bioc-iranges/stable 2.40.1-3 arm64
  GNU R low-level containers for storing sets of integer ranges

r-bioc-oligo/stable 1.70.0+ds-3 arm64
  Preprocessing tools for oligonucleotide arrays

r-bioc-pwmenrich/stable 4.42.0-2 all
  PWM enrichment analysis

r-bioc-s4arrays/stable 1.6.0+dfsg-2 arm64
  foundation of array-like containers in Bioconductor

r-bioc-s4vectors/stable 0.44.0+dfsg-2 arm64
  BioConductor S4 implementation of vectors and lists

r-bioc-scran/stable 1.34.0+dfsg-3 arm64
  BioConductor methods for single-cell RNA-Seq data analysis

r-bioc-scrnaseq/stable 2.20.0+ds-2 all
  Collection of Public Single-Cell RNA-Seq Datasets

r-bioc-tximport/stable 1.34.0+dfsg-2 all
  transcript-level estimates for biological sequencing

r-bioc-ucsc.utils/stable 1.2.0+ds-2 all
  Low-level utilities to retrieve data from the UCSC Genome Browser

r-cran-alakazam/stable 1.3.0-1+b1 arm64
  Immunoglobulin Clonal Lineage and Diversity Analysis

r-cran-arm/stable 1.14-4-1 all
  Data Analysis Using Regression and Multilevel/Hierarchical Models

r-cran-arsenal/stable 3.6.3-2 all
  arsenal of GNU R functions for large-scale statistical summaries

r-cran-brms/stable 2.22.0-1 all
  GNU R Bayesian regression models using 'Stan'

r-cran-broom/stable 1.0.7+dfsg-1 all
  convert statistical analysis objects into tidy data frames with GNU R

r-cran-broom.mixed/stable 0.2.9.6-3 all
  GNU R tidying methods for mixed models

r-cran-circlize/stable 0.4.16+dfsg-1 all
  Circular Visualization

r-cran-collapse/stable 2.1.0-1 arm64
  GNU R advanced and fast data transformation

r-cran-dharma/stable 0.4.7-2 all
  Residual Diagnostics for Hierarchical (Multi-Level / Mixed) Regression Models

r-cran-egg/stable 0.4.5-3 all
  GNU R extensions for 'ggplot2': custom geom, custom themes, plot

r-cran-forcats/stable 1.0.0-1 all
  GNU R package for working with categorical variables (factors)

r-cran-gclus/stable 1.3.2-2 all
  GNU R clustering graphics

r-cran-ggpubr/stable 0.6.0-1 all
  GNU R ggplot2 based publication ready plots

r-cran-ggsignif/stable 0.6.4-1 all
  GNU R significance brackets for ggplot2

r-cran-gridextra/stable 2.3-3 all
  GNU R package with extensions for the grid package

r-cran-hmisc/stable 5.2-3-1 arm64
  GNU R miscellaneous functions by Frank Harrell

r-cran-httpuv/stable 1.6.15+dfsg-1+b2 arm64
  GNU R package of HTTP and WebSocket Server Library

r-cran-hunspell/stable 3.0.5+dfsg-1 arm64
  GNU R support for high-performance stemmer, tokenizer, and spell checker

r-cran-hwriter/stable 1.3.2.1-1 all
  HTML Writer - Outputs R objects in HTML format

r-cran-jomo/stable 2.7-6-1+b1 arm64
  GNU R multilevel joint modelling multiple imputation

r-cran-lattice/stable 0.22-7-1 arm64
  GNU R package for 'Trellis' graphics

r-cran-lifecycle/stable 1.0.4+dfsg-1 all
  manage the life cycle of your GNU R package functions

r-cran-lme4/stable 1.1-37-1 arm64
  GNU R package for linear mixed effects model fitting

r-cran-logging/stable 0.10-108-2 all
  GNU R logging package

r-cran-maps/stable 3.4.2.1-1 arm64
  GNU R support for producing geographic maps

r-cran-mcmcpack/stable 1.7-1-1 arm64
  R routines for Markov chain Monte Carlo model estimation

r-cran-metafor/stable 4.8-0-1 all
  Meta-Analysis Package for R

r-cran-mice/stable 3.17.0-1 arm64
  GNU R multivariate imputation by chained equations

r-cran-mitml/stable 0.4-5-1 all
  GNU R tools for multiple imputation in multilevel modeling

r-cran-mlmrev/stable 1.0-8-2 all
  GNU R Examples from Multilevel Modelling Software Review

r-cran-multilevel/stable 2.7-1 all
  GNU R multilevel functions for applied psychology

r-cran-ncdf4/stable 1.23-1+b1 arm64
  GNU R interface to Unidata netCDF format data files

r-cran-ncmeta/stable 0.4.0-1 all
  GNU R Straightforward 'NetCDF' Metadata

r-cran-openssl/stable 2.3.2+dfsg-1 arm64
  GNU R toolkit for encryption, signatures and certificates based on OpenSSL

r-cran-openxlsx/stable 4.2.8-1 arm64
  GNU R package to read and write XLSX files

r-cran-parallelmap/stable 1.5.1-1 all
  GNU R unified interface to parallelization back-ends

r-cran-pbdzmq/stable 0.3.13+dfsg-1 arm64
  R bindings for ZeroMQ from the pbdR project

r-cran-pkgmaker/stable 0.32.10-1 all
  GNU R package development utilities

r-cran-psych/stable 2.4.12-1 all
  GNU R procedures for psychological, psychometric, and personality research

r-cran-raster/stable 3.6-31-1 arm64
  GNU R geographic data analysis and modeling

r-cran-rcppeigen/stable 0.3.4.0.2-1 arm64
  GNU R package for Eigen templated linear algebra

r-cran-rcppparallel/stable 5.1.7+dfsg-6 arm64
  parallel programming tools for Rcpp

r-cran-rcurl/stable 1.98-1.16+dfsg-1 arm64
  GNU R General network (HTTP/FTP/...) client interface

r-cran-rdflib/stable 0.2.9+dfsg-1 all
  GNU R tools to manipulate and query semantic data

r-cran-rjava/stable 1.0-11-2 arm64
  GNU R low-level interface to Java

r-cran-seroincidence/stable 2.0.0-3 all
  GNU R seroincidence calculator tool

r-cran-sna/stable 2.8-1 arm64
  Tools for Social Network Analysis

r-cran-spatstat.geom/stable 3.3-6-1 arm64
  GNU R geometrical functionality of the 'spatstat' package

r-cran-spdl/stable 0.0.5-1 all
  GNU R package to Wrap RcppSpdlog Functions

r-cran-tensora/stable 0.36.2.1-1+b1 arm64
  GNU R advanced tensor arithmetic with named indices

r-cran-terra/stable 1.8-29-1 arm64
  GNU R spatial data analysis

r-cran-textshaping/stable 0.3.7-2+b1 arm64
  GNU R bindings to the 'HarfBuzz' and 'Fribidi' libraries for text shaping

r-cran-xts/stable 0.14.1-1 arm64
  GNU R package for time series analysis -- xts

r-other-curvefdp/stable 2.0-6 all
  estimation of confidence levels for peptide identifications

ragout/stable 2.3-5+b2 arm64
  Reference-Assisted Genome Ordering UTility

ragout-examples/stable 2.3-5 all
  Reference-Assisted Genome Ordering UTility (example data)

raincat/stable 1.2.3-1 arm64
  2D puzzle game featuring a fuzzy little cat

raincat-data/stable 1.2.3-1 all
  2D puzzle game featuring a fuzzy little cat - data files

raku-log/stable 0.3.1-6 arm64
  interface for logging mechanisms

randombytes/stable 0~20240318-3 arm64
  Library generating fresh randomness - command-line tool

ranger/stable 1.9.4-2 all
  Console File Manager with VI Key Bindings

razor/stable 1:2.85-11 arm64
  spam-catcher using a collaborative filtering network

redfishtool/stable 1.1.5-3 all
  redfish command-line client

redmine-plugin-pretend/stable 1.0-2 all
  Redmine plugin to allow admins to log-in as users

reiserfsprogs/stable 1:3.6.27-9 arm64
  User-level tools for ReiserFS filesystems

renattach/stable 1.2.4-6+b1 arm64
  Rename attachments on the fly

reniced/stable 1.23-1 all
  renice running processes based on regular expressions

repro-env/stable 0.4.3-2+b2 arm64
  Dependency lockfiles for reproducible build environments

restorecond/stable 3.8.1-1 arm64
  SELinux core policy utilities (restorecond utilities)

rheolef/stable 7.2-4 arm64
  efficient Finite Element environment

rheolef-doc/stable 7.2-4 all
  efficient Finite Element environment - documentation

ri-li/stable 3.1.4-1+b2 arm64
  toy train simulation game

ri-li-data/stable 3.1.4-1 all
  toy train simulation game - data files

rkdeveloptool/stable 1.32+pine64git20240226.17823e9-1+b1 arm64
  tools for working with Rockchip processors

rocksdb-tools/stable 9.10.0-1 arm64
  persistent Key-Value Store for Flash and RAM Storage (tools)

ros-rosgraph-msgs/stable 1.11.3-4 all
  Messages relating to the Robot OS Computation Graph, definitions

ros-topic-tools-srvs/stable 1.17.0+ds-2 all
  service templates files for libtopic-tools (Robot OS)

ros-visualization-msgs/stable 1.13.1-3 all
  Messages relating to Robot OS visualization, definitions

rpacket/stable 0.1.4-1+b3 arm64
  Low-level OpenPGP packet operations based on rPGP

rrootage/stable 0.23a-14 arm64
  arcade-style space shooting game

rsem/stable 1.3.3+dfsg-3+b3 arm64
  RNA-Seq by Expectation-Maximization

ruby-chunky-png/stable 1.4.0-1 all
  pure Ruby library for read/write, chunk-level access to PNG files

ruby-commander/stable 4.6.0-2 all
  Ruby command-line interface library

ruby-crass/stable 1.0.6-1 all
  CSS parser based on the CSS Syntax Level 3 draft

ruby-ed25519/stable 1.4.0+ds-1 arm64
  efficient digital signature library providing the Ed25519 algorithm

ruby-elasticsearch-transport/stable 7.17.11-1 all
  low-level Ruby client for connecting to Elasticsearch

ruby-em-http-request/stable 1.1.7-1 all
  EventMachine based, async HTTP Request client

ruby-fakeweb/stable 1.3.0+git20170806+dfsg1-4 all
  tool for faking responses to HTTP requests

ruby-ffi-rzmq-core/stable 1.0.7-1 all
  FFI wrapper around the ZeromMQ (ØMQ) networking library for Ruby

ruby-fiber-local/stable 1.0.0-2 all
  Provides a class-level mixin to make fiber local state easy

ruby-gdk3/stable 4.2.2-2 all
  GDK 3 bindings for the Ruby language

ruby-gdk4/stable 4.2.2-2 all
  GDK 4 bindings for the Ruby language

ruby-gh/stable 0.21.0-1 all
  multi-layer client for the GitHub API v3

ruby-gio2/stable 4.2.2-2+b2 arm64
  GIO bindings for the Ruby language

ruby-gpgme/stable 2.0.23-1+b5 arm64
  Ruby GPGME binding

ruby-highline/stable 3.1.2-1 all
  high-level interactive IO Ruby library

ruby-http-connection/stable 1.4.4-1.1 all
  HTTP helper library for Ruby

ruby-immutable-ruby/stable 0.1.0-2 all
  efficient, immutable, thread-safe collection classes for Ruby

ruby-jekyll-toc/stable 0.18.0-1 all
  Jekyll plugin to generate a table of contents

ruby-log4r/stable 1.1.10-4.1 all
  Logging library for Ruby

ruby-logging/stable 2.2.2-1 all
  flexible and extendable logging library for Ruby

ruby-maruku/stable 0.7.3-1 all
  Markdown-superset interpreter written in Ruby

ruby-mathml/stable 1.0.0-2 all
  TeX formula to MathML conversion library for Ruby

ruby-mixlib-authentication/stable 3.0.6-1 all
  Simple Ruby mixin for creating a logger object

ruby-mixlib-log/stable 3.1.2-1 all
  Simple Ruby mixin for creating a logger object

ruby-money/stable 6.19.0-1 all
  Ruby Library for dealing with money and currency conversion

ruby-multipart-parser/stable 0.1.1-4 all
  simple parser for multipart MIME messages

ruby-nfnetlink/stable 1.0.2-2 all
  Wrapper on top of libnfnetlink using FFI

ruby-nio4r/stable 2.7.3-1+b2 arm64
  Ruby library providing a selector API for monitoring IO objects

ruby-notiffany/stable 0.1.3-4 all
  Wrapper library for most popular notification libraries

ruby-oedipus-lex/stable 2.6.0-2 all
  Lexer generator in the same family as Rexical and Rex

ruby-ogginfo/stable 0.7.2-2.1 all
  Ruby library for accessing low-level information on ogg files

ruby-packetfu/stable 2.0.0-2 all
  mid-level packet manipulation library for Ruby

ruby-pcaprub/stable 0.13.3-1+b2 arm64
  Ruby bindings for LBL Packet Capture library (libpcap)

ruby-pdf-core/stable 0.9.0-1 all
  Ruby library to render PDF documents

ruby-pdf-reader/stable 2.11.0-1 all
  Ruby library for accessing the content of PDF files

ruby-protocol-http2/stable 0.14.2-1 all
  low level implementation of the HTTP/2 protocol

ruby-public-suffix/stable 6.0.1-1 all
  Domain name parser based on the Public Suffix List

ruby-rbnacl/stable 7.1.1-1 all
  Ruby binding to the Networking and Cryptography (NaCl) library

ruby-recaptcha/stable 5.12.3-2 all
  Ruby helpers for the reCAPTCHA API

ruby-redis-client/stable 0.22.2-1.1 all
  Simple low-level client for Redis 6+

ruby-ruby2-keywords/stable 0.0.5-1 all
  source-level compatibility library between ruby2.7 and ruby3

ruby-rubyvis/stable 0.6.1+dfsg1-2.1 all
  Ruby visualization toolkit

ruby-sawyer/stable 0.9.1-2 all
  HTTP/REST API client Ruby library

ruby-selinux/stable 3.8.1-1 arm64
  Ruby bindings to SELinux shared libraries

ruby-semanage/stable 3.8.1-1 arm64
  Ruby bindings to for SELinux policy management

ruby-shadow/stable 2.5.1-2+b2 arm64
  interface of shadow password for Ruby

ruby-simple-captcha2/stable 0.5.0-2 all
  simplest and a robust captcha plugin for rails

ruby-stomp/stable 1.4.10-3 all
  Ruby client for the stomp messaging protocol

ruby-webmock/stable 3.25.1-1 all
  library for stubbing HTTP requests in Ruby

ruby-yell/stable 2.2.2-1 all
  Your Extensible Logging Library for Ruby

rust-clippy/stable 1.85.0+dfsg3-1 arm64
  Rust linter

s6/stable 2.13.1.0-1 arm64
  small and secure supervision software suite

s6-doc/stable 2.13.1.0-1 all
  small and secure supervision software suite (documentation)

safe-rm/stable 1.1.0-5+b7 arm64
  wrapper around the rm command to prevent accidental deletions

safecopy/stable 1.7-7+b1 arm64
  data recovery tool for problematic or damaged media

sail-codecs/stable 0.9.8-1+deb13u1 arm64
  SAIL common image codecs

salmon/stable 1.10.2+ds1-1+b5 arm64
  wicked-fast transcript quantification from RNA-seq data

sayonara/stable 1.11.0-beta1-1 arm64
  fast and powerful audio player and library manager

sch-rnd-sim/stable 1.0.8-3 arm64
  High level circuit simulation

schedtool/stable 1.3.0-5+b1 arm64
  Queries/alters process' scheduling policy and CPU affinity

scheme48/stable 1.9.2-4 arm64
  simple, modular, and lightweight Scheme implementation

scheme48-doc/stable 1.9.2-4 all
  Documentation for the Scheme48 implementation of Scheme

science-neuroscience-modeling/stable 1.15 all
  Debian Science packages for modeling of neural systems

scim-thai/stable 0.1.4-5+b3 arm64
  Thai Input Method Engine for SCIM

scrub/stable 2.6.1+git20240819.9b4267e-1 arm64
  writes patterns on magnetic media to thwart data recovery

scsitools/stable 0.12-6 arm64
  Collection of tools for SCSI hardware management

sdl-ball/stable 1.04+dfsg-2 arm64
  brick-breaking game like DX-Ball/Arkanoid

sdl-ball-data/stable 1.04+dfsg-2 all
  brick-breaking game like DX-Ball/Arkanoid - data files

searchandrescue/stable 1.7.0+dfsg-1 arm64
  fly aircraft to search (for) and rescue people in distress

seccomp/stable 2.6.0-2 arm64
  helper tools for high level interface to Linux seccomp filter

secilc/stable 3.8.1-1 arm64
  SELinux CIL compiler

secilc-doc/stable 3.8.1-1 all
  documentation for the SELinux CIL Compiler

selinux-policy-dev/stable 2:2.20250213-10 all
  Headers from the SELinux reference policy for building modules

selinux-policy-doc/stable 2:2.20250213-10 all
  Documentation for the SELinux reference policy

selinux-policy-mls/stable 2:2.20250213-10 all
  MLS (Multi Level Security) variant of the SELinux policy

selinux-policy-src/stable 2:2.20250213-10 all
  Source of the SELinux reference policy for customization

semanage-utils/stable 3.8.1-1 all
  SELinux policy management utilities

semodule-utils/stable 3.8.1-1 arm64
  SELinux core policy utilities (modules utilities)

shellcheck/stable 0.10.0-1 arm64
  lint tool for shell scripts

shorewall-lite/stable 5.2.8-6 all
  Shorewall (lite version), a high-level tool for configuring Netfilter

shutter/stable 0.99.6-2 all
  feature-rich screenshot program

sigil/stable 2.4.2+dfsg-1 arm64
  multi-platform ebook editor

sigil-data/stable 2.4.2+dfsg-1 all
  multi-platform ebook editor - data files

sisu-postgresql/stable 7.3.0-1 all
  SiSU dependencies for use with PostgreSQL database

sisu-sqlite/stable 7.3.0-1 all
  SiSU dependencies for use with SQLite database

skesa/stable 2.4.0-6+b3 arm64
  strategic Kmer extension for scrupulous assemblies

skladnik/stable 25.04.0-2 arm64
  Japanese warehouse keeper sokoban game

skrooge/stable 25.4.0-1 arm64
  personal finance manager for KDE

slowloris/stable 0.2.6+git20230430.890f72d-2 all
  Security testing tool for web servers

snake4/stable 1.0.14-1.3 arm64
  Snake game

snpeff/stable 5.2.f+dfsg-1 all
  genetic variant annotation and effect prediction toolbox - tool

socnetv/stable 2.8-1+b2 arm64
  Social Networks Analysis and Visualization software

solarwolf/stable 1.5+dfsg1-7 all
  Collect the boxes and don't become mad

solid-auth/stable 0.91-2 all
  Solid authentication tool

sp800-90b-entropy-assessment/stable 1.1.8-3 arm64
  Estimating the quality of a source of entropy

spampd/stable 2.62-2 all
  spamassassin based SMTP/LMTP proxy daemon

speech-dispatcher/stable 0.12.0-5 arm64
  Common interface to speech synthesizers

speech-dispatcher-audio-plugins/stable 0.12.0-5 arm64
  Speech Dispatcher: Audio output plugins

speech-dispatcher-cicero/stable 0.12.0-5 arm64
  Speech Dispatcher: Cicero output module

speech-dispatcher-doc-cs/stable 0.12.0-5 all
  Speech Dispatcher documentation in Czech

speech-dispatcher-espeak/stable 0.12.0-5 arm64
  Speech Dispatcher: Espeak output module

speech-dispatcher-espeak-ng/stable 0.12.0-5 arm64
  Speech Dispatcher: Espeak-ng output module

speech-dispatcher-festival/stable 0.12.0-5 arm64
  Festival support for Speech Dispatcher

speech-dispatcher-flite/stable 0.12.0-5 arm64
  Speech Dispatcher: Flite output module

speech-dispatcher-openjtalk/stable 0.12.0-5 arm64
  Speech Dispatcher: Espeak-ng output module

splitpatch/stable 2025.0226-1 all
  split the patch up into files or hunks

sql-ledger/stable 3.2.6-1 all
  Web based double-entry accounting program

sqlcipher/stable 4.6.1-2 arm64
  Command line interface for SQLCipher

squirrel3/stable 3.1-8.2+deb13u1 arm64
  lightweight, high-level, embeddable programming language

srg/stable 1.3.6-2.1+b1 arm64
  Fast, Flexible and Detailed log analysis for the Squid Proxy

ssh-askpass/stable 1:1.2.4.1-16+b2 arm64
  under X, asks user for a passphrase for ssh-add

stac-client/stable 0.8.6-1 all
  Python library for working with SpatioTemporal Asset Catalog (STAC) APIs (CLI)

stactools/stable 0.5.3-3 all
  Command line tool and Python library for working with STAC (CLI)

starlink-fits-java/stable 0.1+2025.01.23-1 all
  Classes for general FITS handling

starlink-fits-java-doc/stable 0.1+2025.01.23-1 all
  Classes for general FITS handling (javadoc)

starlink-task-java/stable 0.2+2025.02.03-1 all
  Java framework for invoking user-level tasks

starlink-task-java-doc/stable 0.2+2025.02.03-1 all
  Java framework for invoking user-level tasks (javadoc)

sunxi-tools/stable 1.4.2+git20240825.4390ca-1 arm64
  tools for working with Allwinner (sunxi) ARM processors

supertransball2/stable 1.5-12 arm64
  Thrust type of game

supertransball2-data/stable 1.5-12 all
  data files for supertransball2

svnkit/stable 1.10.3-2 all
  pure Java Subversion client

svt-av1/stable 2.3.0+dfsg-1 arm64
  Scalable Video Technology for AV1 (SVT-AV1 Encoder)

swarp/stable 2.41.5-1+b4 arm64
  Resample and co-add together FITS images

syncache/stable 1.4-1.3 all
  Thread-safe time-limited cache for Ruby

sysv-rc/stable 3.14-4 all
  System-V-like runlevel change mechanism

sysv-rc-conf/stable 0.99-10 all
  SysV init runlevel configuration tool for the terminal

t-coffee/stable 13.45.0.4846264+really13.41.0.28bdc39+dfsg-1+b1 arm64
  Multiple Sequence Alignment

t2n/stable 0.7-2+b1 arm64
  Simple command-line tool for LEGO Mindstorms NXT

tcl-expect/stable 5.45.4-4 arm64
  Automates interactive applications (Tcl package)

tcl-expect-dev/stable 5.45.4-4 arm64
  Automates interactive applications (development)

tcl-thread/stable 1:2.8.11-2 arm64
  Tcl extension implementing script level access to Tcl threading capabilities

tcl-vfs/stable 1.4.2~20230906-2 arm64
  Exposes Tcl's virtual filesystem C API to the Tcl script level

tcl-xpa/stable 2.1.20-3 arm64
  Seamless communication between Unix programs (Tcl interface)

tcl9.0-thread/stable 3.0.1-2+b1 arm64
  Tcl extension implementing script level access to Tcl threading (for Tcl 9)

tcllib/stable 2.0+dfsg-4 all
  Standard Tcl Library

tcllib-critcl/stable 2.0+dfsg-4 arm64
  Standard Tcl Library (CriTcl accelerators)

terraform-config-inspect/stable 0.0~git20230614.f32df32-2+b8 arm64
  helper CLI tool for shallow inspection of Terraform configurations

terser/stable 5.38.0-1 all
  parser/mangler/compressor for ES6+ - CLI tool

texlive-extra-utils/stable 2024.20250309-2 all
  TeX Live: TeX auxiliary programs

texlive-latex-base/stable 2024.20250309-1 all
  TeX Live: LaTeX fundamental packages

texlive-latex-extra/stable 2024.20250309-2 all
  TeX Live: LaTeX additional packages

texlive-latex-recommended/stable 2024.20250309-1 all
  TeX Live: LaTeX recommended packages

texlive-luatex/stable 2024.20250309-1 all
  TeX Live: LuaTeX packages

texlive-metapost/stable 2024.20250309-1 all
  TeX Live: MetaPost and Metafont packages

texlive-pstricks/stable 2024.20250309-2 all
  TeX Live: PSTricks

thunderbolt-tools/stable 0.9.3-7+b1 arm64
  Intel Thunderbolt userspace components

tippecanoe/stable 2.53.0-1+b1 arm64
  build vector tilesets from large collections of GeoJSON features

tkgate/stable 2.1+repack-7+b1 arm64
  Tcl/Tk based digital circuit editor and simulator

tldextract/stable 5.1.2-1 all
  Python tool for separating TLDs

topal/stable 84-1+b2 arm64
  Glue between the Alpine email client and GnuPG cryptography

topic-tools/stable 1.17.0+ds-2+b5 arm64
  Tools for messing with Robot OS topics

toppic/stable 1.5.3+dfsg1-1+b3 arm64
  Top-down proteoform identification and characterization (programs)

toppic-common/stable 1.5.3+dfsg1-1 all
  Top-down proteoform identification and characterization (common data)

torsocks/stable 2.5.0-1+deb13u1 all
  use SOCKS-friendly applications with Tor

tortoize/stable 2.0.15-1 arm64
  Application to calculate ramachandran z-scores

trac-tickettemplate/stable 1.0.1-2 all
  create Trac tickets using templates

trackballs/stable 1.3.4-2 arm64
  OpenGL-based game of steering a marble through a labyrinth

transcend/stable 0.3.dfsg2-5 arm64
  retro-style, abstract 2D shooter

treetop/stable 1.6.12-1 all
  Ruby-based text parsing and interpretation (command-line utility)

trigger-rally/stable 0.6.6.1-4 arm64
  3D rally car racing game

trigger-rally-data/stable 0.6.6.1-4 all
  3D rally car racing game - data files

tryton-client/stable 7.0.24-1 all
  Tryton application platform - desktop client

tryton-client-doc/stable 7.0.24-1 all
  Tryton Application Platform (Desktop Client Documentation)

tryton-modules-account/stable 7.0.19-1 all
  Tryton application platform - account module

tryton-modules-account-asset/stable 7.0.1-3 all
  Tryton application platform - account asset module

tryton-modules-account-be/stable 7.0.0-3 all
  Tryton application platform - belgian account module

tryton-modules-account-budget/stable 7.0.1-2 all
  Tryton application platform - account budget module

tryton-modules-account-cash-rounding/stable 7.0.1-3 all
  Tryton application platform - account cash rounding module

tryton-modules-account-consolidation/stable 7.0.1-1 all
  Tryton application platform - doc/index.rst

tryton-modules-account-credit-limit/stable 7.0.2-1 all
  Tryton application platform - account credit limit module

tryton-modules-account-de-skr03/stable 7.0.0-3 all
  Tryton application platform - german account module

tryton-modules-account-deposit/stable 7.0.2-1 all
  Tryton application platform - account deposit module

tryton-modules-account-dunning/stable 7.0.0-3 all
  Tryton application platform - account dunning module

tryton-modules-account-dunning-email/stable 7.0.0-3 all
  Tryton application platform - account dunning email module

tryton-modules-account-dunning-fee/stable 7.0.0-3 all
  Tryton application platform - account dunning fee module

tryton-modules-account-dunning-letter/stable 7.0.1-1 all
  Tryton application platform - account dunning letter module

tryton-modules-account-es/stable 7.0.3-1 all
  Tryton application platform - spanish account module

tryton-modules-account-es-sii/stable 7.0.4-1 all
  Tryton application platform - acounts spanish sii module

tryton-modules-account-eu/stable 7.0.0-3 all
  Tryton application platform - account europe module

tryton-modules-account-fr/stable 7.0.0-3 all
  Tryton application platform - french account module

tryton-modules-account-fr-chorus/stable 7.0.0-3 all
  Tryton application platform - account french chorus module

tryton-modules-account-invoice/stable 7.0.12-1 all
  Tryton application platform - account invoice module

tryton-modules-account-invoice-correction/stable 7.0.0-3 all
  Tryton application platform - account invoice correction module

tryton-modules-account-invoice-defer/stable 7.0.1-1 all
  Tryton application platform - account invoice defer module

tryton-modules-account-invoice-history/stable 7.0.0-3 all
  Tryton application platform - account invoice history module

tryton-modules-account-invoice-line-standalone/stable 7.0.0-3 all
  Tryton application platform - account invoice line standalone module

tryton-modules-account-invoice-secondary-unit/stable 7.0.0-3 all
  Tryton application platform - account invoice secondary unit module

tryton-modules-account-invoice-stock/stable 7.0.2-1 all
  Tryton application platform - account invoice stock module

tryton-modules-account-invoice-watermark/stable 7.0.0-2 all
  Tryton application platform - account invoice watermark module

tryton-modules-account-move-line-grouping/stable 7.0.1-1 all
  Tryton application platform - account move line grouping module

tryton-modules-account-payment/stable 7.0.4-1 all
  Tryton application platform - account payment module

tryton-modules-account-payment-braintree/stable 7.0.0-3 all
  Tryton application platform - account payment braintree module

tryton-modules-account-payment-clearing/stable 7.0.5-1 all
  Tryton application platform - account payment clearing module

tryton-modules-account-payment-sepa/stable 7.0.4+dfsg1-1 all
  Tryton application platform - account payment sepa module

tryton-modules-account-payment-sepa-cfonb/stable 7.0.0-3 all
  Tryton application platform - account payment sepa cfonb module

tryton-modules-account-payment-stripe/stable 7.0.4-3 all
  Tryton application platform - account payment stripe module

tryton-modules-account-product/stable 7.0.1-3 all
  Tryton application platform - account product module

tryton-modules-account-receivable-rule/stable 7.0.2-1 all
  Tryton application platform - account receivable rule module

tryton-modules-account-rule/stable 7.0.0-2 all
  Tryton application platform - account rule module

tryton-modules-account-statement/stable 7.0.4-1 all
  Tryton application platform - account statement module

tryton-modules-account-statement-aeb43/stable 7.0.2-1 all
  Tryton application platform - account statement aeb43 module

tryton-modules-account-statement-coda/stable 7.0.0-3 all
  Tryton application platform - account statement coda module

tryton-modules-account-statement-mt940/stable 7.0.1-3 all
  Tryton application platform - account statement mt940 module

tryton-modules-account-statement-ofx/stable 7.0.0-3 all
  Tryton application platform - account statement ofx module

tryton-modules-account-statement-rule/stable 7.0.1-3 all
  Tryton application platform - account statement rule module

tryton-modules-account-statement-sepa/stable 7.0.0-2 all
  Tryton application platform - account statement sepa module

tryton-modules-account-stock-anglo-saxon/stable 7.0.1-3 all
  Tryton application platform - account stock anglo-saxon module

tryton-modules-account-stock-continental/stable 7.0.2-3 all
  Tryton application platform - account stock continental module

tryton-modules-account-stock-eu/stable 7.0.2-2 all
  Tryton application platform - account stock eu module

tryton-modules-account-stock-landed-cost/stable 7.0.0-3 all
  Tryton application platform - account stock landed cost module

tryton-modules-account-stock-landed-cost-weight/stable 7.0.0-3 all
  Tryton application platform - account stock landed cost weight module

tryton-modules-account-stock-shipment-cost/stable 7.0.1-2 all
  Tryton application platform - account stock shipment cost module

tryton-modules-account-stock-shipment-cost-weight/stable 7.0.0-2 all
  Tryton application platform - account stock shipment cost weight module

tryton-modules-account-tax-cash/stable 7.0.2-3 all
  Tryton application platform - account tax cash module

tryton-modules-account-tax-non-deductible/stable 7.0.0-2 all
  Tryton application platform - account tax non-deductible module

tryton-modules-account-tax-rule-country/stable 7.0.2-3 all
  Tryton application platform - account tax rule country

tryton-modules-all/stable 56 all
  Tryton application platform - Tryton modules metapackage

tryton-modules-analytic-account/stable 7.0.3-1 all
  Tryton application platform - analytic account module

tryton-modules-analytic-budget/stable 7.0.0-3 all
  Tryton application platform - analytic budget module

tryton-modules-analytic-invoice/stable 1:7.0.0-3 all
  Tryton application platform - analytic invoice module

tryton-modules-analytic-purchase/stable 7.0.0-3 all
  Tryton application platform - analytic purchase module

tryton-modules-analytic-sale/stable 7.0.0-3 all
  Tryton application platform - analytic sale module

tryton-modules-attendance/stable 7.0.1-3 all
  Tryton application platform - doc/index.rst

tryton-modules-authentication-saml/stable 7.0.0-2 all
  Tryton application platform - authentication saml module

tryton-modules-authentication-sms/stable 7.0.0-3 all
  Tryton application platform - authentication sms module

tryton-modules-bank/stable 7.0.0-3 all
  Tryton application platform - bank module

tryton-modules-carrier/stable 7.0.1-3 all
  Tryton application platform - carrier module

tryton-modules-carrier-carriage/stable 7.0.0-2 all
  Tryton application platform - carrier carriage module

tryton-modules-carrier-percentage/stable 7.0.0-3 all
  Tryton application platform - carrier percentage module

tryton-modules-carrier-subdivision/stable 7.0.1-3 all
  Tryton application platform - doc/index.rst

tryton-modules-carrier-weight/stable 7.0.0-3 all
  Tryton application platform - carrier weight module

tryton-modules-commission/stable 7.0.2-1 all
  Tryton application platform - commission module

tryton-modules-commission-waiting/stable 7.0.0-3 all
  Tryton application platform - commission waiting

tryton-modules-company/stable 7.0.2-1 all
  Tryton application platform - company module

tryton-modules-company-work-time/stable 7.0.0-3 all
  Tryton application platform - company work time module

tryton-modules-country/stable 7.0.0-4 all
  Tryton application platform - country module

tryton-modules-currency/stable 7.0.1-3 all
  Tryton application platform - currency module

tryton-modules-currency-ro/stable 7.0.0-2 all
  Tryton application platform - currency ro module

tryton-modules-currency-rs/stable 7.0.0-2 all
  Tryton application platform - currency rs module

tryton-modules-customs/stable 7.0.1-1 all
  Tryton application platform - customs module

tryton-modules-dashboard/stable 7.0.1-1 all
  Tryton application platform - dashboard module

tryton-modules-document-incoming/stable 7.0.3-1 all
  Tryton application platform - document incoming module

tryton-modules-document-incoming-invoice/stable 7.0.0-3 all
  Tryton application platform - document incoming invoice module

tryton-modules-document-incoming-ocr/stable 7.0.3-2 all
  Tryton application platform - document incoming ocr module

tryton-modules-document-incoming-ocr-typless/stable 7.0.0-2 all
  Tryton application platform - document incoming ocr typless module

tryton-modules-edocument-uncefact/stable 7.0.1-3 all
  Tryton application platform - edocument un/cefact module

tryton-modules-edocument-unece/stable 7.0.0-3 all
  Tryton application platform - edocument unece module

tryton-modules-google-maps/stable 7.0.0-3 all
  Tryton application platform - google maps module

tryton-modules-inbound-email/stable 7.0.2-1 all
  Tryton application platform - inbound email module

tryton-modules-incoterm/stable 7.0.2-1 all
  Tryton application platform - incoterm module

tryton-modules-ldap-authentication/stable 7.0.0-3 all
  Tryton application platform - ldap authentication module

tryton-modules-marketing/stable 7.0.0-3 all
  Tryton application platform - marketing module

tryton-modules-marketing-automation/stable 7.0.1-1 all
  Tryton application platform - marketing automation module

tryton-modules-marketing-campaign/stable 7.0.1-2 all
  Tryton application platform - marketing campaign module

tryton-modules-marketing-email/stable 7.0.0-3 all
  Tryton application platform - marketing email module

tryton-modules-notification-email/stable 7.0.0-3 all
  Tryton application platform - notification email module

tryton-modules-party/stable 7.0.6-1 all
  Tryton application platform - party module

tryton-modules-party-avatar/stable 7.0.0-3 all
  Tryton application platform - party avatar module

tryton-modules-party-relationship/stable 7.0.1-1 all
  Tryton application platform - party relationship module

tryton-modules-party-siret/stable 7.0.0-3 all
  Tryton application platform - party siret module

tryton-modules-product/stable 7.0.2-1 all
  Tryton application platform - product module

tryton-modules-product-attribute/stable 7.0.0-3 all
  Tryton application platform - product attribute module

tryton-modules-product-classification/stable 7.0.0-3 all
  Tryton application platform - product classification module

tryton-modules-product-classification-taxonomic/stable 7.0.0-3 all
  Tryton application platform - product classification taxonomic module

tryton-modules-product-cost-fifo/stable 7.0.1-3 all
  Tryton application platform - product cost fifo module

tryton-modules-product-cost-history/stable 7.0.1-1 all
  Tryton application platform - product cost history module

tryton-modules-product-cost-warehouse/stable 7.0.1-1 all
  Tryton application platform - product cost warehouse module

tryton-modules-product-image/stable 7.0.2-1 all
  Tryton application platform - product image module

tryton-modules-product-image-attribute/stable 7.0.0-2 all
  Tryton application platform - product image attribute module

tryton-modules-product-kit/stable 7.0.4-3 all
  Tryton application platform - product kit module

tryton-modules-product-measurements/stable 7.0.0-3 all
  Tryton application platform - product measurements

tryton-modules-product-price-list/stable 7.0.0-3 all
  Tryton application platform - product price list module

tryton-modules-product-price-list-cache/stable 7.0.0-2 all
  Tryton application platform - product price list cache module

tryton-modules-product-price-list-dates/stable 7.0.0-3 all
  Tryton application platform - product price list dates module

tryton-modules-product-price-list-parent/stable 7.0.0-3 all
  Tryton application platform - product price list parent module

tryton-modules-production/stable 7.0.3-3 all
  Tryton application platform - production module

tryton-modules-production-outsourcing/stable 7.0.1-3 all
  Tryton application platform - production outsourcing module

tryton-modules-production-routing/stable 7.0.0-3 all
  Tryton application platform - production routing module

tryton-modules-production-split/stable 7.0.1-3 all
  Tryton application platform - production split module

tryton-modules-production-work/stable 7.0.0-3 all
  Tryton application platform - production work module

tryton-modules-production-work-timesheet/stable 7.0.0-3 all
  Tryton application platform - production work timesheet module

tryton-modules-project/stable 7.0.0-3 all
  Tryton application platform - project module

tryton-modules-project-invoice/stable 7.0.3-3 all
  Tryton application platform - project invoice module

tryton-modules-project-plan/stable 7.0.0-3 all
  Tryton application platform - project plan module

tryton-modules-project-revenue/stable 7.0.2-1 all
  Tryton application platform - project revenue module

tryton-modules-purchase/stable 7.0.12-1 all
  Tryton application platform - purchase module

tryton-modules-purchase-amendment/stable 7.0.2-1 all
  Tryton application platform - purchase amendment module

tryton-modules-purchase-blanket-agreement/stable 7.0.4-1 all
  Tryton application platform - doc/index.rst

tryton-modules-purchase-history/stable 7.0.0-3 all
  Tryton application platform - purchase history module

tryton-modules-purchase-invoice-line-standalone/stable 7.0.0-3 all
  Tryton application platform - purchase invoice line standalone module

tryton-modules-purchase-price-list/stable 7.0.0-3 all
  Tryton application platform - purchase price list module

tryton-modules-purchase-product-quantity/stable 7.0.0-2 all
  Tryton application platform - purchase product quantity module

tryton-modules-purchase-request/stable 7.0.1-1 all
  Tryton application platform - purchase request module

tryton-modules-purchase-request-quotation/stable 7.0.2-3 all
  Tryton application platform - purchase request for quotation module

tryton-modules-purchase-requisition/stable 7.0.4-1 all
  Tryton application platform - purchase requisition module

tryton-modules-purchase-secondary-unit/stable 7.0.2-1 all
  Tryton application platform - purchase secondary unit module

tryton-modules-purchase-shipment-cost/stable 7.0.0-3 all
  Tryton application platform - purchase shipment cost module

tryton-modules-quality/stable 7.0.1-1 all
  Tryton application platform - quality module

tryton-modules-sale/stable 7.0.13-1 all
  Tryton application platform - sale module

tryton-modules-sale-advance-payment/stable 7.0.3-3 all
  Tryton application platform - sale advance payment module

tryton-modules-sale-amendment/stable 7.0.2-1 all
  Tryton application platform - sale amendment module

tryton-modules-sale-blanket-agreement/stable 7.0.3-1 all
  Tryton application platform - doc/index.rst

tryton-modules-sale-complaint/stable 7.0.0-3 all
  Tryton application platform - sale complaint module

tryton-modules-sale-credit-limit/stable 7.0.2-1 all
  Tryton application platform - sale credit limit

tryton-modules-sale-discount/stable 7.0.1-3 all
  Tryton application platform - sale discount module

tryton-modules-sale-extra/stable 7.0.2-3 all
  Tryton application platform - sale extra

tryton-modules-sale-gift-card/stable 7.0.0-4 all
  Tryton application platform - sale gift card module

tryton-modules-sale-history/stable 7.0.0-3 all
  Tryton application platform - sale history module

tryton-modules-sale-invoice-date/stable 7.0.1-2 all
  Tryton application platform - sale invoice date module

tryton-modules-sale-invoice-grouping/stable 7.0.0-3 all
  Tryton application platform - sale invoice grouping module

tryton-modules-sale-opportunity/stable 7.0.5-1 all
  Tryton application platform - sale opportunity module

tryton-modules-sale-payment/stable 7.0.1-3 all
  Tryton application platform - sale payment module

tryton-modules-sale-point/stable 7.0.2-1 all
  Tryton application platform - sale point module

tryton-modules-sale-price-list/stable 7.0.0-3 all
  Tryton application platform - sale price list module

tryton-modules-sale-product-customer/stable 7.0.1-3 all
  Tryton application platform - sale product customer module

tryton-modules-sale-product-quantity/stable 7.0.0-2 all
  Tryton application platform - sale product quantity module

tryton-modules-sale-product-recommendation/stable 7.0.1-2 all
  Tryton application platform - sale product recommendation module

tryton-modules-sale-product-recommendation-association-rule/stable 7.0.0-3 all
  Tryton application platform - sale product recommendation association rule module

tryton-modules-sale-promotion/stable 7.0.1-3 all
  Tryton application platform - sale promotion

tryton-modules-sale-promotion-coupon/stable 7.0.1-1 all
  Tryton application platform - sale promotion coupon module

tryton-modules-sale-promotion-coupon-payment/stable 7.0.0-2 all
  Tryton application platform - sale promotion coupon payment module

tryton-modules-sale-secondary-unit/stable 7.0.2-1 all
  Tryton application platform - sale secondary unit module

tryton-modules-sale-shipment-cost/stable 7.0.7-1 all
  Tryton application platform - sale shipment cost module

tryton-modules-sale-shipment-grouping/stable 7.0.0-3 all
  Tryton application platform - sale shipment grouping module

tryton-modules-sale-shipment-tolerance/stable 7.0.1-3 all
  Tryton application platform - sale shipment tolerance module

tryton-modules-sale-stock-quantity/stable 7.0.1-3 all
  Tryton application platform - sale stock quantity

tryton-modules-sale-subscription/stable 7.0.3-1 all
  Tryton application platform - sale subscription module

tryton-modules-sale-subscription-asset/stable 7.0.1-1 all
  Tryton application platform - sale subscription asset module

tryton-modules-sale-supply/stable 7.0.6-3 all
  Tryton application platform - sale supply module

tryton-modules-sale-supply-drop-shipment/stable 7.0.2-3 all
  Tryton application platform - sale supply drop shipment model

tryton-modules-sale-supply-production/stable 7.0.0-3 all
  Tryton application platform - sale supply production module

tryton-modules-stock/stable 7.0.12-1 all
  Tryton application platform - stock module

tryton-modules-stock-assign-manual/stable 7.0.0-3 all
  Tryton application platform - stock assign manual module

tryton-modules-stock-consignment/stable 7.0.2-1 all
  Tryton application platform - stock consignment module

tryton-modules-stock-forecast/stable 7.0.1-1 all
  Tryton application platform - stock forecast module

tryton-modules-stock-inventory-location/stable 7.0.0-3 all
  Tryton application platform - stock inventory location module

tryton-modules-stock-location-move/stable 7.0.0-3 all
  Tryton application platform - stock location move module

tryton-modules-stock-location-sequence/stable 7.0.0-3 all
  Tryton application platform - stock location sequence module

tryton-modules-stock-lot/stable 7.0.3-3 all
  Tryton application platform - stock lot module

tryton-modules-stock-lot-sled/stable 7.0.0-3 all
  Tryton application platform - stock lot shelf life expiration date

tryton-modules-stock-lot-unit/stable 7.0.1-1 all
  Tryton application platform - stock lot unit module

tryton-modules-stock-package/stable 7.0.1-3 all
  Tryton application platform - stock package module

tryton-modules-stock-package-shipping/stable 7.0.1-3 all
  Tryton application platform - stock package shipping module

tryton-modules-stock-package-shipping-dpd/stable 7.0.2-1 all
  Tryton application platform - stock package shipping dpd module

tryton-modules-stock-package-shipping-mygls/stable 7.0.0-2 all
  Tryton application platform - stock package shipping mygls module

tryton-modules-stock-package-shipping-sendcloud/stable 7.0.3-2 all
  Tryton application platform - stock package shipping sendcloud module

tryton-modules-stock-package-shipping-ups/stable 7.0.5-1 all
  Tryton application platform - stock package shipping ups module

tryton-modules-stock-product-location/stable 7.0.2-3 all
  Tryton application platform - stock product location module

tryton-modules-stock-quantity-early-planning/stable 7.0.0-3 all
  Tryton application platform - stock quantity early planning module

tryton-modules-stock-quantity-issue/stable 7.0.0-3 all
  Tryton application platform - stock quantity issue module

tryton-modules-stock-secondary-unit/stable 7.0.0-3 all
  Tryton application platform - stock secondary unit module

tryton-modules-stock-shipment-cost/stable 7.0.1-3 all
  Tryton application platform - stock shipment cost module

tryton-modules-stock-shipment-cost-weight/stable 7.0.0-2 all
  Tryton application platform - stock shipment cost weight module

tryton-modules-stock-shipment-measurements/stable 7.0.1-3 all
  Tryton application platform - stock shipment measurements module

tryton-modules-stock-split/stable 7.0.0-3 all
  Tryton application platform - stock split module

tryton-modules-stock-supply/stable 7.0.4-1 all
  Tryton application platform - stock supply module

tryton-modules-stock-supply-day/stable 7.0.0-3 all
  Tryton application platform - stock supply day module

tryton-modules-stock-supply-forecast/stable 7.0.0-3 all
  Tryton application platform - stock supply forecast module

tryton-modules-stock-supply-production/stable 7.0.1-3 all
  Tryton application platform - stock supply production module

tryton-modules-timesheet/stable 7.0.1-3 all
  Tryton application platform - timesheet module

tryton-modules-timesheet-cost/stable 7.0.0-3 all
  Tryton application platform - timesheet cost module

tryton-modules-user-role/stable 7.0.0-3 all
  Tryton application platform - user role module

tryton-modules-web-shop/stable 7.0.3-1 all
  Tryton application platform - web shop module

tryton-modules-web-shop-shopify/stable 7.0.5-1 all
  Tryton application platform - web shop shopify module

tryton-modules-web-shop-vue-storefront/stable 7.0.0-3 all
  Tryton application platform - web vue storefront module

tryton-modules-web-shop-vue-storefront-stripe/stable 7.0.0-3 all
  Tryton application platform - web shop vue storefront stripe module

tryton-modules-web-shortener/stable 7.0.0-3 all
  Tryton application platform - web shortener module

tryton-modules-web-user/stable 7.0.1-3 all
  Tryton application platform - web user module

tryton-proteus/stable 7.0.1-3 all
  Tryton application platform - scripting client

tryton-sao/stable 7.0.28+ds1-1+deb13u2 all
  Tryton application platform - web client

tryton-server/stable 7.0.30-1+deb13u1 all
  Tryton application platform - server

tryton-server-all-in-one/stable 7.0.30-1+deb13u1 all
  Tryton application platform - full installation

tryton-server-doc/stable 7.0.30-1+deb13u1 all
  Tryton application platform - server documentation

tryton-server-nginx/stable 7.0.30-1+deb13u1 all
  Tryton application platform - Nginx integration

tryton-server-postgresql/stable 7.0.30-1+deb13u1 all
  Tryton application platform - PostgreSQL integration

tryton-server-uwsgi/stable 7.0.30-1+deb13u1 all
  Tryton application platform - uWSGI integration

tuna/stable 0.19-1 arm64
  Low-level system performance tuning for realtime systems

tuxtype/stable 1.8.3-7 arm64
  Educational Typing Tutor Game Starring Tux

tweak/stable 3.02-6+b1 arm64
  Efficient text-mode hex editor

u-config/stable 0.33.3-1 arm64
  smaller, simpler, portable pkg-config clone

udfclient/stable 0.8.11-2+b1 arm64
  userland implementation of the UDF filesystem

udftools/stable 2.3-2+b1 arm64
  tools for UDF filesystems and DVD/CD-R(W) drives

udiskie/stable 2.5.7-2 all
  automounter for removable media for Python

ufoai/stable 2.5-8 arm64
  UFO: Alien Invasion -- build your team and stop the aliens

uftrace/stable 0.17-1 arm64
  Traces and analyzes execution of programs written in C/C++

ukopp/stable 4.9-3+b2 arm64
  Full and incremental backup to disk or disk-like device

usbsdmux/stable 24.11.1-1 all
  control software for USB-SD-Mux devices

utop/stable 2.15.0-1+b8 arm64
  improved OCaml toplevel

utrans/stable 0.7-2 all
  Translator for systemd units

vart-bin/stable 2.5-5 arm64
  Vitis AI RuntTime library (utilities)

vdo/stable 8.3.1.1-1 arm64
  Management tools for Virtual Data Optimizer

vflib3/stable 3.7.2+dfsg-1 arm64
  Versatile Font Library

vflib3-bin/stable 3.7.2+dfsg-1 arm64
  Sample programs using VFlib3

vflib3-dev/stable 3.7.2+dfsg-1 arm64
  Development files for VFlib3

vflib3-doc/stable 3.7.2+dfsg-1 all
  Documentation for VFlib3

vim/stable,now 2:9.1.1230-2 arm64 [installed]
  Vi IMproved - enhanced vi editor

vim-gtk3/stable 2:9.1.1230-2 arm64
  Vi IMproved - enhanced vi editor - with GTK3 GUI

vim-motif/stable 2:9.1.1230-2 arm64
  Vi IMproved - enhanced vi editor - with Motif GUI

vim-nox/stable 2:9.1.1230-2 arm64
  Vi IMproved - enhanced vi editor - with scripting languages support

vim-scripts/stable 20210124.4 all
  plugins for vim, adding bells and whistles

vim-voom/stable 5.3-8 all
  Vim two-pane outliner

virtuoso-opensource/stable 7.2.12+dfsg-2 all
  high-performance database

vitetris/stable 0.59.1-3+b2 arm64
  Virtual terminal *tris clone

vlevel/stable 0.5.2-1 arm64
  Levelling audio filter as command-line tool and LADSPA/JACK plugin

vodovod/stable 1.10-5+b1 arm64
  puzzle game, you must lead the water to the storage tank

volumecontrol.app/stable 0.8-2+b3 arm64
  Audio mixer for GNUstep

vorta/stable 0.10.3-1 all
  Desktop Client for Borg Backup

wabt/stable 1.0.36+dfsg+~cs1.0.36-2 arm64
  WebAssembly Binary Toolkit

wadc/stable 3.1-1 all
  programming environment for creating Doom maps

wavemon/stable 0.9.1-1+b1 arm64
  Wireless Device Monitoring Application

websockify/stable 0.12.0+dfsg1-4+b1 arm64
  WebSockets support for any application/server

weresync/stable 1.1.5-2 all
  incrementally clones running drives

weresync-doc/stable 1.1.5-2 all
  incrementally clones running drives (documentation package)

wesnoth/stable 1:1.18.5-1 all
  fantasy turn-based strategy game (metapackage)

wesnoth-1.18/stable 1:1.18.5-1 arm64
  fantasy turn-based strategy game (branch 1.18)

wesnoth-1.18-data/stable 1:1.18.5-1 all
  data files for Wesnoth (branch 1.18)

wesnoth-1.18-did/stable 1:1.18.5-1 all
  "Descent Into Darkness" official campaign for Wesnoth (branch 1.18)

wesnoth-1.18-dm/stable 1:1.18.5-1 all
  "Delfador's Memoirs" official campaign for Wesnoth (branch 1.18)

wesnoth-1.18-dw/stable 1:1.18.5-1 all
  "Dead Water" official campaign for Wesnoth (branch 1.18)

wesnoth-1.18-ei/stable 1:1.18.5-1 all
  "The Eastern Invasion" official campaign for Wesnoth (branch 1.18)

wesnoth-1.18-httt/stable 1:1.18.5-1 all
  "Heir to the Throne" official campaign for Wesnoth (branch 1.18)

wesnoth-1.18-l/stable 1:1.18.5-1 all
  "Liberty" official campaign for Wesnoth (branch 1.18)

wesnoth-1.18-low/stable 1:1.18.5-1 all
  "Legend of Wesmere" official campaign for Wesnoth (branch 1.18)

wesnoth-1.18-music/stable 1:1.18.5-1 all
  music files for Wesnoth (branch 1.18)

wesnoth-1.18-nr/stable 1:1.18.5-1 all
  "Northern Rebirth" official campaign for Wesnoth (branch 1.18)

wesnoth-1.18-server/stable 1:1.18.5-1 arm64
  multiplayer network server for Wesnoth (branch 1.18)

wesnoth-1.18-sof/stable 1:1.18.5-1 all
  "The Sceptre of Fire" official campaign for Wesnoth (branch 1.18)

wesnoth-1.18-sota/stable 1:1.18.5-1 all
  "Secrets of the Ancients" official campaign for Wesnoth (branch 1.18)

wesnoth-1.18-sotbe/stable 1:1.18.5-1 all
  "Son of the Black-Eye" official campaign for Wesnoth (branch 1.18)

wesnoth-1.18-thot/stable 1:1.18.5-1 all
  "The Hammer of Thursagan" official campaign for Wesnoth (branch 1.18)

wesnoth-1.18-tools/stable 1:1.18.5-1 all
  tools for campaign developers for Wesnoth (branch 1.18)

wesnoth-1.18-trow/stable 1:1.18.5-1 all
  "The Rise of Wesnoth" official campaign for Wesnoth (branch 1.18)

wesnoth-1.18-tsg/stable 1:1.18.5-1 all
  "The South Guard" official campaign for Wesnoth (branch 1.18)

wesnoth-1.18-ttb/stable 1:1.18.5-1 all
  "A Tale of Two Brothers" official campaign for Wesnoth (branch 1.18)

wesnoth-1.18-utbs/stable 1:1.18.5-1 all
  "Under the Burning Suns" official campaign for Wesnoth (branch 1.18)

wesnoth-1.18-wof/stable 1:1.18.5-1 all
  "Winds of Fate" official campaign for Wesnoth (branch 1.18)

wesnoth-core/stable 1:1.18.5-1 all
  fantasy turn-based strategy game (transitional package)

wesnoth-music/stable 1:1.18.5-1 all
  music files for Wesnoth (metapackage)

widelands-data/stable 2:1.2.1-3 all
  fantasy real-time strategy game (data files)

wims/stable 2:4.29a+dfsg1-3 arm64
  server for educational content: courses, exercises, and exams

wing/stable 0.7-33 arm64
  Galaga-like arcade game

wing-data/stable 0.7-33 all
  graphics and audio data for wing

wireplumber/stable,now 0.5.8-2 arm64 [installed]
  modular session / policy manager for PipeWire

wireplumber-doc/stable 0.5.8-2 all
  modular session / policy manager for PipeWire - documentation

wise/stable 2.4.1-27 arm64
  comparison of biopolymers, like DNA and protein sequences

wise-data/stable 2.4.1-27 all
  data files for the wise package

wise-doc/stable 2.4.1-27 all
  documentation for the wise package

wizznic/stable 0.9.9+dfsg-3 arm64
  implementation of the arcade classic Puzznic

wizznic-data/stable 0.9.9+dfsg-3 all
  implementation of the arcade classic Puzznic (data)

wlrctl/stable 0.2.2-2 arm64
  command line utility for miscellaneous wlroots Wayland extensions

wmf/stable 1.0.5-8.1+b2 arm64
  Web Mail Folder

wmix/stable 3.5-3 arm64
  Dockapp mixer for OSS

wml/stable 2.32.0~ds1-1 all
  off-line HTML generation toolkit

wmlongrun/stable 0.3.1-2+b1 arm64
  program to monitor longrun status

writeboost/stable 1.20170616-1.3 all
  utility to manage mappings of dm-writeboost devices

x2x/stable 1.30-12 arm64
  Link two X displays together, simulating a multiheaded display

x42-plugins/stable 20240611+ds-1+b1 arm64
  Collection of LV2 plugins

xawtv-tools/stable 3.107-4 arm64
  television viewer - tools

xbacklight/stable 1.2.3-1 arm64
  simple utility to set the backlight level

xblast-tnt/stable 2.10.4-5 arm64
  multiplayer blast-the-others game inspired by Dynablaster

xblast-tnt-levels/stable 20050106+repack-1 all
  level files for xblast-tnt

xbomb/stable 2.2b-2.1 arm64
  'minesweeper' game with squares, hexagons or triangles

xbubble/stable 0.5.11.2-4 arm64
  nice Puzzle Bubble clone

xbubble-data/stable 0.5.11.2-4 all
  Data files for XBubble, a nice Puzzle Bubble clone

xdemorse/stable 3.6.7-3 arm64
  GUI to decode Morse signals to text

xfce4-battery-plugin/stable 1.1.5-1+b3 arm64
  battery monitor plugin for the Xfce4 panel

xfce4-goodies/stable 4.20.0 arm64
  enhancements for the Xfce4 Desktop Environment

xfce4-pulseaudio-plugin/stable 0.4.9-1 arm64
  Xfce4 panel plugin to control pulseaudio

xfce4-whiskermenu-plugin/stable 2.9.2-1 arm64
  Alternate menu plugin for the Xfce desktop environment

xfpt/stable 1.00-3 arm64
  generate XML from plain text

xhtml2ps/stable 1.0b7-6 all
  HTML to PostScript converter (Tcl/Tk GUI frontend)

xkbind/stable 2010.05.20-1+b3 arm64
  X Keyboard Extension Indicator

xmaxima/stable 5.47.0-7 arm64
  Computer algebra system -- x interface

xmix/stable 2.1-9+b1 arm64
  X11-based interface to the Linux sound driver mixer

xonix/stable 1.4-36 arm64
  game to carve up the screen whilst dodging monsters

xorg/stable 1:7.7+24+deb13u1 arm64
  X.Org X Window System

xpa-tools/stable 2.1.20-3 arm64
  Tools for seamless communication between Unix programs

xscavenger/stable 1.4.5-10 arm64
  Lode-runner-like platform game for X

xsok/stable 1.02-23 arm64
  generic Sokoban game for X11

xtb/stable 6.7.1-2 arm64
  semiempirical extended tight-binding program package

xtensor-blas-doc/stable 0.21.0-1 all
  documentation for xtensor-blas

xwayland/stable 2:24.1.6-1 arm64
  X server for running X clients under Wayland

xye/stable 0.12.2+dfsg-12+b1 arm64
  puzzle game - get all the gems in the room

xye-data/stable 0.12.2+dfsg-12 all
  data files for xye

yadifa/stable 3.0.2-3 arm64
  Internet Domain Name Server

yard/stable 0.9.37-1 all
  Ruby documentation tool

yard-doc/stable 0.9.37-1 all
  Ruby documentation tool - documentation

yorick-soy/stable 1.4.0-4 arm64
  sparse matrix operations for the Yorick language

zabbix-agent/stable 1:7.0.22+dfsg-1~deb13u1 arm64
  network monitoring solution - agent

zabbix-agent2/stable 1:7.0.22+dfsg-1~deb13u1 arm64
  Zabbix network monitoring solution - agent2

zabbix-frontend-php/stable 1:7.0.22+dfsg-1~deb13u1 all
  network monitoring solution - PHP front-end

zabbix-java-gateway/stable 1:7.0.22+dfsg-1~deb13u1 all
  network monitoring solution - Java gateway

zabbix-proxy-mysql/stable 1:7.0.22+dfsg-1~deb13u1 arm64
  network monitoring solution - proxy (using MySQL)

zabbix-proxy-pgsql/stable 1:7.0.22+dfsg-1~deb13u1 arm64
  network monitoring solution - proxy (using PostgreSQL)

zabbix-proxy-sqlite3/stable 1:7.0.22+dfsg-1~deb13u1 arm64
  network monitoring solution - proxy (using SQLite3)

zabbix-sender/stable 1:7.0.22+dfsg-1~deb13u1 arm64
  Zabbix network monitoring solution - sender

zabbix-server-mysql/stable 1:7.0.22+dfsg-1~deb13u1 arm64
  network monitoring solution - server (using MySQL)

zabbix-server-pgsql/stable 1:7.0.22+dfsg-1~deb13u1 arm64
  network monitoring solution - server (using PostgreSQL)

zabbix-web-service/stable 1:7.0.22+dfsg-1~deb13u1 arm64
  Zabbix network monitoring solution - web-service

zaz/stable 1.0.1-2 arm64
  arcade action puzzle game

zdbsp/stable 1.19+20181027+dfsg.1-4+b1 arm64
  node builder library for OpenGL-based Doom-style games

zeroc-glacier2/stable 3.7.10-3.1 arm64
  Glacier2 router

zeroc-ice-all-dev/stable 3.7.10-3.1 all
  Ice development packages (metapackage)

zeroc-ice-all-runtime/stable 3.7.10-3.1 all
  Ice run-time packages (metapackage)

zeroc-ice-compilers/stable 3.7.10-3.1 arm64
  Slice compilers for developing Ice applications

zeroc-ice-slice/stable 3.7.10-3.1 all
  Slice files for Ice

zeroc-ice-utils/stable 3.7.10-3.1 arm64
  Ice utilities and admin tools

zeroc-icebox/stable 3.7.10-3.1 arm64
  IceBox server, a framework for Ice application services

zeroc-icebridge/stable 3.7.10-3.1 arm64
  Bridge service

zeroc-icegrid/stable 3.7.10-3.1 arm64
  Locate, deploy, and manage Ice servers

zeroc-icegridgui/stable 3.7.10-3.1 all
  IceGrid Admin graphical client

zeroc-icepatch2/stable 3.7.10-3.1 arm64
  File distribution and patching

zita-dpl1/stable 0.3.3-1+b2 arm64
  digital peak level limiter

zita-mu1/stable 0.3.3-2+b2 arm64
  organise stereo monitoring for Jack Audio Connection Kit

zsh-theme-powerlevel9k/stable 0.6.7-4 all
  powerlevel9k is a theme for zsh which uses powerline fonts

zst/stable 0.4-1+b1 arm64
  CLI tool for zstd (and other) compression

zstd/stable 1.5.7+dfsg-1 arm64
  fast lossless compression algorithm -- CLI tool

