
WARNING: apt does not have a stable CLI interface. Use with caution in scripts.

Sorting...
Full Text Search...
abs-guide/stable 10-4 all
  The Advanced Bash-Scripting Guide

achilles/stable 2-13 arm64
  Artificial life and evolution simulator

acpica-tools/stable 20250404-1 arm64
  ACPICA tools for the development and debug of ACPI tables

acr/stable 2.2.0-1 all
  autoconf like tool

aghermann/stable 1.1.2-5+b3 arm64
  Sleep-research experiment manager

airspy/stable 1.0.10-3+b3 arm64
  Tiny and efficient software defined radio receiver - utilities

alsaplayer-xosd/stable 0.99.82-2+b1 arm64
  alsaplayer XOSD display module

amanda-client/stable 1:3.5.4-2 arm64
  Advanced Maryland Automatic Network Disk Archiver (Client)

amanda-server/stable 1:3.5.4-2 arm64
  Advanced Maryland Automatic Network Disk Archiver (Server)

amavisd-milter/stable 1.7.2-1+b1 arm64
  amavisd-new interface for milter-capable MTAs

amavisd-new/stable 1:2.13.0-7 all
  Interface between MTA and virus scanner/content filters

amazon-ecr-credential-helper/stable 0.7.1-2.1+b6 arm64
  Amazon ECR Credential Helper for Docker

anacrolix-dms/stable 1.5.0-2+b16 arm64
  Go UPnP DLNA Digital Media Server with basic video transcoding

android-boringssl/stable 14.0.0+r45-2 arm64
  Google's internal fork of OpenSSL for the Android SDK - tool

android-libandroidfw/stable 1:14~beta1-3 arm64
  Android utility library

android-libandroidfw-dev/stable 1:14~beta1-3 arm64
  Android utility library - Development files

android-libart/stable 14.0.0+r15-4+b1 arm64
  Android Runtime

android-libbase/stable 1:34.0.5-12 arm64
  Android base library

android-libbase-dev/stable 1:34.0.5-12 arm64
  Android base library - Development files

android-libboringssl/stable 14.0.0+r45-2 arm64
  Google's internal fork of OpenSSL for the Android SDK

android-libboringssl-dev/stable 14.0.0+r45-2 arm64
  Google's internal fork of OpenSSL for the Android SDK - devel

android-libcutils/stable 1:34.0.5-12 arm64
  Android utils library for C

android-libcutils-dev/stable 1:34.0.5-12 arm64
  Android utils library for C - Development files

android-libnativebridge/stable 1:14.0.0+r15-4+b1 arm64
  Android native bridge library

android-libnativeloader/stable 1:14.0.0+r15-4+b1 arm64
  Android native loader library

android-libsparse/stable 1:34.0.5-12 arm64
  Library for sparse files

android-libsparse-dev/stable 1:34.0.5-12 arm64
  Library for sparse files - Development files

android-libunwind/stable 10.0.0+r36-4.1 arm64
  libunwind for Android

android-libunwind-dev/stable 10.0.0+r36-4.1 arm64
  libunwind for Android - Development files

android-libutils/stable 1:34.0.5-12 arm64
  Android Utility Function Library

android-libutils-dev/stable 1:34.0.5-12 arm64
  Android Utility Function Library - Development files

android-libziparchive/stable 1:34.0.5-12 arm64
  Library for ZIP archives

android-libziparchive-dev/stable 1:34.0.5-12 arm64
  Library for ZIP archives - Development files

android-sdk/stable 28.0.2+12 arm64
  Software development kit for Android platform

android-sdk-build-tools/stable 29.0.3+12 arm64
  Tools for building Android applications

android-sdk-build-tools-common/stable 29.0.3+12 all
  Tools for building Android applications - Common files

android-sdk-common/stable 28.0.2+12 all
  Common files of Android SDK base toolset

android-sdk-helper/stable 0.2 all
  Helper tools for building Android apps using Debian's Android SDK

android-sdk-libsparse-utils/stable 1:34.0.5-12 arm64
  Android sparse image creation tool

android-sdk-platform-tools/stable 28.0.2+12 arm64
  Tools for interacting with an Android platform

android-sdk-platform-tools-common/stable 28.0.2+12 all
  Tools for interacting with an Android platform - Common files

android-udev-rules/stable 0~20250314+ds-5 all
  udev rules for Android tools

aoeui/stable 1.7+20160302.git4e5dee9-3+b1 arm64
  lightweight, unobtrusive, Dvorak-optimized text editor

aosd-cat/stable 0.2.7-1.1+b2 arm64
  an on screen display tool which uses libaosd

apcupsd/stable 3.14.14-5 arm64
  APC UPS Power Management (daemon)

apcupsd-cgi/stable 3.14.14-5 arm64
  APC UPS Power Management (web interface)

apcupsd-doc/stable 3.14.14-5 all
  APC UPS Power Management (documentation/examples)

apertium/stable 3.9.12-1 arm64
  Shallow-transfer machine translation engine

aprsdigi/stable 3.11.0-1+b1 arm64
  digipeater for APRS

arch-test/stable 0.22-1 all
  detect architectures supported by your machine/kernel

arp-scan/stable 1.10.0-2+b2 arm64
  arp scanning and fingerprinting tool

asdftool/stable 4.1.0-2 all
  Command line tool to manipulate ASDF scientific data files

aspell-da/stable 1.6.36-17 all
  The Comprehensive Danish Dictionary (DSDO) - aspell

astropy-utils/stable 7.0.1-3 all
  Command line tools from astropy

autoproject/stable 0.20-15 all
  create a skeleton source package for a new program

avahi-daemon/stable 0.8-16 arm64
  Avahi mDNS/DNS-SD daemon

avogadro-utils/stable 1.100.0-1 arm64
  Molecular Graphics and Modelling System (library)

ayatana-indicator-notifications/stable 23.10.1-1+b1 arm64
  Ayatana Indicator for viewing recent notifications

babeld/stable 1.13.1+ds-1 arm64
  loop-free distance-vector routing protocol

bacula-sd/stable 15.0.3-3 arm64
  network backup service - storage daemon

badger/stable 2.2007.2-4+b7 arm64
  Fast key-value DB in Go.

bagel/stable 1.2.2-8 arm64
  Computational Chemistry Package

balboa-backend-rocksdb/stable 2.0.0+ds-7+b1 arm64
  RocksDB backend for balboa

baresip/stable 1.1.0-3 all
  portable and modular SIP user-agent - metapackage

baresip-core/stable 1.1.0-3 arm64
  portable and modular SIP user-agent - core parts

baresip-ffmpeg/stable 1.1.0-3 arm64
  portable and modular SIP user-agent - FFmpeg codecs and formats

baresip-gstreamer/stable 1.1.0-3 arm64
  portable and modular SIP user-agent - GStreamer pipelines

baresip-gtk/stable 1.1.0-3 arm64
  portable and modular SIP user-agent - GTK+ front-end

baresip-x11/stable 1.1.0-3 arm64
  portable and modular SIP user-agent - X11 features

bcache-tools/stable 1.0.8-5+b1 arm64
  bcache userspace tools

bibtool/stable 2.68+ds-3 arm64
  tool to manipulate BibTeX files

bittwist/stable 4.7+ds-2 arm64
  libpcap based Ethernet packet generator

bladerf/stable 0.2024.05-1 arm64
  Nuand bladeRF software-defined radio device (tools)

blkreplay/stable 1.0-3.1+b2 arm64
  block device testing and benchmarking toolkit

blkreplay-examples/stable 1.0-3.1 all
  block device testing and benchmarking toolkit (examples)

bluez-hcidump/stable 5.82-1.1 arm64
  Analyses Bluetooth HCI packets

bmake/stable 20200710-17 arm64
  NetBSD make

bmusb-v4l2proxy/stable 0.7.8-2 arm64
  userspace driver for Blackmagic USB3 video capture cards -- V4L2 proxy

bochs/stable 3.0+dfsg-1 arm64
  IA-32 PC emulator

bochs-sdl/stable 3.0+dfsg-1 arm64
  SDL plugin for Bochs

briquolo/stable 0.5.7-11+b2 arm64
  fast paced 3d Breakout game

bsd-mailx/stable 8.1.2-0.20220412cvs-1.1 arm64
  simple mail user agent

bsdextrautils/stable 2.41-5 arm64
  extra utilities from 4.4BSD-Lite

bsdgames/stable 2.17-35 arm64
  collection of classic textual unix games

bsdiff/stable 4.3-23+b1 arm64
  generate/apply a patch between two binary files

bsdmainutils/stable 12.1.8 all
  Transitional package for more utilities from FreeBSD

bsdowl/stable 2.2.2-1.3 all
  Universal portable build system written for BSD Make

bsdutils/stable,now 1:2.41-5 arm64 [installed]
  basic utilities from 4.4BSD-Lite

btrfsd/stable 0.2.2-1+b1 arm64
  Tiny Btrfs maintenance daemon

btscanner/stable 2.1-9+b1 arm64
  ncurses-based scanner for Bluetooth devices

bypass4netns/stable 0.4.1-1.1+b7 arm64
  Accelerates slirp4netns using SECCOMP_IOCTL_NOTIF_ADDFD (program)

c2x/stable 2.42+ds-1 arm64
  converter between DFT electronic structure codes formats

cachefilesd/stable 0.10.10-0.4+b1 arm64
  support fscache on already mounted filesystem

cadaver/stable 0.26+dfsg-2 arm64
  command-line WebDAV client

calendar/stable 12.1.8+b1 arm64
  display upcoming dates and provide reminders

casacore-tools/stable 3.7.1-1 arm64
  Tools built with CASA

cataclysm-dda-sdl/stable 0.H-1 arm64
  post-apocalyptic roguelike game - SDL interface

cbootimage/stable 1.8-1+b1 arm64
  Tools to dump and generate boot config table on Tegra devices

cdogs-sdl/stable 2.1.0+dfsg-2+b2 arm64
  classic overhead run-and-gun game

cdogs-sdl-data/stable 2.1.0+dfsg-2 all
  classic overhead run-and-gun game - data files

centreon-plugins/stable 0.0~20250303+dfsg-1 all
  Collection of Nagios plugins to monitor OS, services and network devices

ceph-base/stable 18.2.7+ds-1+deb13u1 arm64
  common ceph daemon libraries and management tools

ceph-osd/stable 18.2.7+ds-1+deb13u1 arm64
  OSD server for the ceph storage system

ceph-osd-dbg/stable 18.2.7+ds-1+deb13u1 arm64
  debugging symbols for ceph-osd

ceph-tools/stable 0.0.40 all
  utilities to manage a Ceph cluster

ceph-volume/stable 18.2.7+ds-1+deb13u1 all
  tool to facilidate OSD deployment

certmonger/stable 0.79.20-2 arm64
  D-Bus -based service to simplify interaction with certificate authorities

cg3/stable 1.5.1-1 arm64
  Tools for using the 3rd edition of Constraint Grammar (CG-3)

ciborium/stable 1.0.2-2 arm64
  Lomiri external storage devices manager

cl-asdf/stable 2:3.3.7.3-2 all
  Another System Definition Facility

cl-asdf-finalizers/stable 20170403-1.1 all
  Enforced finalization of ASDF Common Lisp components

cl-asdf-flv/stable 2.2-1 all
  file-local variables through Common Lisp's ASDF

cl-asdf-system-connections/stable 20170124-1.1 all
  Allows for ASDF system to be connected so that auto-loading may occur

cl-hunchentoot/stable 1.2.38-1.1 all
  Common Lisp web server formerly known as TBNL

cl-launch/stable 4.1.4-1.1 all
  uniform frontend to running Common Lisp code from the shell

cl-salza2/stable 2.0.9-1.1 all
  Create compressed data from Common Lisp

cl-zs3/stable 1.3.1-1.1 all
  Amazon S3 and CloudFront from Common Lisp

clanlib-doc/stable 1.0~svn3827-11.2 all
  Reference documentation and tutorials for ClanLib

clisp/stable 1:2.49.20241228.gitc3ec11b-2 arm64
  GNU CLISP, a Common Lisp implementation

cockpit-ws/stable 337-1+deb13u1 arm64
  Cockpit Web Service

coco-doc/stable 20060919.0-2 all
  Documentation for the Coco/R Compiler Generator

codeblocks-dev/stable 25.03+dfsg-2 arm64
  Code::Blocks development files (SDK)

coinor-csdp/stable 6.2.0-5+b2 arm64
  Software package for semidefinite programming (binaries)

coinor-csdp-doc/stable 6.2.0-5 all
  Software package for semidefinite programming (documentation)

collectd-core/stable 5.12.0-26 arm64
  statistics collection and monitoring daemon (core system)

comgt/stable 0.32-6+b1 arm64
  Option GlobeTrotter and Vodafone datacard control tool

confclerk/stable 0.7.2-1+b1 arm64
  offline conference schedule application

conky-all/stable 1.22.1-1 arm64
  highly configurable system monitor (all features enabled)

conky-cli/stable 1.22.1-1 arm64
  highly configurable system monitor (basic version)

conky-std/stable 1.22.1-1 arm64
  highly configurable system monitor (default version)

contactsd/stable 1.4.15-1 arm64
  Telepathy - QtContacts bridge for contacts

corekeeper/stable 1.7 arm64
  enable core files and report crashes to the sysadmin

cowsay/stable 3.03+dfsg2-8 all
  configurable talking cow

cowsay-off/stable 3.03+dfsg2-8 all
  configurable talking cow (offensive cows)

cpmtools/stable 2.23-7 arm64
  Tools to access CP/M file systems

cpuinfo/stable 0.0~git20250327.39ea79a-1 arm64
  CPU INFOrmation library (binary utilities)

crosshurd/stable 1.7.64 all
  Install a Debian system

csh/stable 20240808-2 arm64
  Shell with C-like syntax

csladspa/stable 1:6.11.1-1+b1 arm64
  LADSPA plugin for Csound

cubicsdr/stable 0.2.7+dfsg-4+b1 arm64
  Software Defined Radio receiver

cups-bsd/stable,now 2.4.10-3+deb13u2 arm64 [installed,automatic]
  Common UNIX Printing System(tm) - BSD commands

curseofwar-sdl/stable 1.3.0-2 arm64
  fast-paced action strategy game for Linux based on SDL

cutesdr/stable 1.20-4+b2 arm64
  simple demodulation and spectrum display program

cvsd/stable 1.0.25 arm64
  chroot wrapper to run 'cvs pserver' more securely

cvsdelta/stable 1.7.0-9 all
  Summarize differences in a CVS repository

cvsutils/stable 0.2.6-1 all
  CVS utilities for use in working directories

cwm/stable 7.1-1+b1 arm64
  lightweight and efficient window manager for X11

cyborg-agent/stable 14.0.0-3+deb13u1 all
  OpenStack Acceleration as a Service - processor

cyborg-api/stable 14.0.0-3+deb13u1 all
  OpenStack Acceleration as a Service - API server

cyborg-common/stable 14.0.0-3+deb13u1 all
  OpenStack Acceleration as a Service - common files

cyborg-conductor/stable 14.0.0-3+deb13u1 all
  OpenStack Acceleration as a Service - conductor

cyborg-doc/stable 14.0.0-3+deb13u1 all
  OpenStack Acceleration as a Service - Documentation

darkplaces/stable 0~20180908~beta1-6 arm64
  Game engine for Quake and similar 3D first person shooter games

davegnukem/stable 1.0.3-4+b1 arm64
  Retro-style 2D scrolling platform shooter

dclock/stable 2.2.2-15 arm64
  Digital clock for the X Window System with flexible display

debian-edu-router-plugin.mdns-reflector/stable 2.13.5 all
  Debian Edu Router Plugin for mDNS reflection

debootstick/stable 2.8 all
  Turn a chroot environment into a bootable image

deskflow/stable 1.22.0+dfsg-7 arm64
  Mouse and keyboard sharing utility

devscripts/stable 2.25.15+deb13u1 all
  scripts to make the life of a Debian Package maintainer easier

dictconv/stable 0.2-7.2+b1 arm64
  convert a dictionary file type to another dictionary file type

diffutils/stable,now 1:3.10-4 arm64 [installed]
  File comparison utilities

disktype/stable 9-13 arm64
  detection of content format of a disk or disk image

dnsdbq/stable 2.6.8-1 arm64
  DNSDB API Client

dnsdiag/stable 2.6.0-1 all
  DNS request auditing toolset

dnsdist/stable 1.9.15-0+deb13u1 arm64
  DNS loadbalancer

dnstwist/stable 0~20250130-1 all
  Domain name permutation engine

docbook5-xml/stable 5.0-4 all
  standard XML documentation system for software and systems

dolphin/stable 4:25.04.3-1+deb13u1 arm64
  file manager

dolphin-data/stable 4:25.04.3-1+deb13u1 all
  file manager - data

dolphin-doc/stable 4:25.04.3-1+deb13u1 all
  file manager - documentation

doomsday/stable 2.3.1+ds1-1+b4 arm64
  enhanced version of the legendary DOOM game

doomsday-common/stable 2.3.1+ds1-1+b4 arm64
  enhanced version of the legendary DOOM game - common files

doomsday-data/stable 2.3.1+ds1-1 all
  enhanced version of the legendary DOOM game - data files

doomsday-server/stable 2.3.1+ds1-1+b4 arm64
  enhanced version of the legendary DOOM game - server

dossizola/stable 1.0-12+b1 arm64
  Isola board game with nice graphics

dossizola-data/stable 1.0-12 all
  Data files for Do'SSi Zo'la game

dphys-swapfile/stable 20100506-7.2 all
  Autogenerate and use a swap file

drogon/stable 1.9.0+ds-1+b1 arm64
  C++14/17-based HTTP application framework

dsda-doom/stable 0.29.0+dfsg-1 arm64
  Doom source port with a focus on demo recording and speedrunning

dsdcc/stable 1.9.3-2.1+b1 arm64
  Digital Speech Decoder (DSD)

dsdp/stable 5.8-10.1 arm64
  Software for Semidefinite Programming

dsdp-doc/stable 5.8-10.1 all
  Software for Semidefinite Programming

dump/stable 0.4b49-2 arm64
  backup and restore for ext2/3/4 filesystems

ebook-speaker/stable 6.2.0-6+b2 arm64
  eBook reader that reads aloud in a synthetic voice

ejabberd-mod-grafite/stable 0.2025.01.11~dfsg0-2+deb13u2 arm64
  ejabberd module to gather statistics and publish them via statsd/grafite

ejabberd-mod-statsdx/stable 0.2025.01.11~dfsg0-2+deb13u2 arm64
  ejabberd module to calculate and gather statistics actively

elk-lapw/stable 10.4.9-1 arm64
  All-Electron Density-Functional Electronic Structure Code

elpa-deferred/stable 0.5.1-6 all
  simple asynchronous functions for Emacs Lisp

elpa-pg/stable 0.54-1 all
  pg.el -- Emacs Lisp socket-level interface to the PostgreSQL RDBMS

elvish/stable 0.21.0-2+b7 arm64
  Powerful scripting language & versatile interactive shell

enterprise-certificate-proxy-signer/stable 0.3.6-1+b2 arm64
  signer for Google Proxies for Enterprise Certificates (program)

enum/stable 1.1-2 arm64
  seq- and jot-like enumerator

etc1tool/stable 34.0.5-12 arm64
  ETC1 conversion tool

etherape/stable 0.9.20-2+b3 arm64
  graphical network monitor

etherape-data/stable 0.9.20-2 all
  graphical network monitor (data files)

euslisp-dev/stable 9.31+dfsg-3 all
  Development files of Lisp based  intelligent robots programming system

extract/stable 1:1.13-8+b1 arm64
  displays meta-data from files of arbitrary type

ezurio-qcacld-2.0-dkms/stable 0.0~git20240408.aa96a9f+dfsg-5 all
  DKMS source for the Qualcomm QCA9377 SDIO driver

f2fs-tools/stable 1.16.0-1.1+b1 arm64
  Tools for Flash-Friendly File System

fail2ban/stable 1.1.0-8 all
  ban hosts that cause multiple authentication errors

falcosecurity-scap-dkms/stable 0.20.0-3 all
  Kernel driver for Falco and Sysdig

fasd/stable 1.0.1-3 all
  command-line productivity booster

fence-agents-aliyun/stable 4.16.0-3 all
  Fence Agents for Red Hat Cluster - Aliyun agent

fence-agents-azure-arm/stable 4.16.0-3 all
  Fence Agents for Red Hat Cluster - Azure ARM agent

ffmpeg/stable 7:7.1.5-0+deb13u1 arm64
  Tools for transcoding, streaming and playing of multimedia files

fim/stable 0.7.1-3 arm64
  scriptable frame buffer, X.org and ascii art image viewer

fische/stable 3.2.2-7+b2 arm64
  stand-alone sound visualisation for Linux

fizmo-console/stable 0.7.13-2+b1 arm64
  Console-based Z-machine interpreter for Infocom/Inform games

fizmo-sdl2/stable 0.8.5-2+b1 arm64
  SDL2-based Z-machine interpreter for Infocom/Inform games

flashbench/stable 62-1.1 arm64
  identify flash storage properties

foma/stable 1:0.10.0+s311.20240712-1 arm64
  Tools for constructing various finite-state automata

fonts-thai-tlwg-web/stable 1:0.7.3-1 all
  Thai web fonts maintained by TLWG

fonts-tlwg-sawasdee/stable 1:0.7.3-1 all
  Thai Sawasdee font (dependency package)

fonts-tlwg-sawasdee-otf/stable 1:0.7.3-1 all
  Thai Sawasdee OpenType font

fonts-tlwg-sawasdee-ttf/stable 1:0.7.3-1 all
  Thai Sawasdee TrueType font

forensics-all/stable 3.61 all
  Debian Forensics Environment - essential components (metapackage)

forensics-extra/stable 2.58 all
  Forensics Environment - extra console components (metapackage)

forensics-samples-tools/stable 1.1.4-5 all
  Set of files to help learn/test forensics tools and techniques (tools)

fortunate.app/stable 3.1-5+b2 arm64
  Display a quotation (fortune) in a window for GNUstep

fp-units-castle-game-engine/stable 7.0~alpha.3+dfsg2-4 arm64
  Castle Game Engine - 3D game engine for FreePascal / Lazarus

fpart/stable 1.7.0-1 arm64
  sort file trees and pack them into bags

fpc/stable 3.2.2+dfsg-46 all
  Free Pascal - SDK suite dependency package

fpc-3.2.2/stable 3.2.2+dfsg-46 all
  Free Pascal - SDK-3.2.2 suite

fpc-source/stable 3.2.2+dfsg-46 all
  Free Pascal - SDK source code dependency package

fpc-source-3.2.2/stable 3.2.2+dfsg-46 all
  Free Pascal - SDK source code

freebsd-manpages/stable 12.2-2 all
  Manual pages for a GNU/kFreeBSD system

freeciv-client-sdl/stable 3.1.4+ds-2+deb13u1 arm64
  Civilization turn based strategy game (SDL client)

freedom-maker/stable 0.34 all
  FreedomBox image builder

freerdp3-sdl/stable 3.15.0+dfsg-2.1+deb13u3 arm64
  RDP client for Windows Terminal Services (SDL client)

freewheeling/stable 0.6.6-1+b2 arm64
  live looping musical instrument

fs-uae/stable 3.1.66-2+b2 arm64
  Cross-platform Amiga emulator based on UAE/WinUAE

fs-uae-arcade/stable 3.1.63-2 all
  Full-screen game browser for FS-UAE

fst-dev/stable 0.177.0-1 all
  Free Studio Technology for audio plugins (development files)

fswatch/stable 1.14.0+repack-13.1+b2 arm64
  file change monitor based on inotify

funcoeszz/stable 21.1-1 all
  script with 170+ useful mini applications

fuse-emulator-common/stable 1.6.0+dfsg1-2 all
  The Free Unix Spectrum Emulator (common files)

fuse-emulator-sdl/stable 1.6.0+dfsg1-2+b2 arm64
  The Free Unix Spectrum Emulator (SDL version)

fuse-posixovl/stable 1.3-1.1 arm64
  FUSE file system that provides POSIX functionality

fwanalog/stable 0.6.9-11 all
  firewall log-file report generator (using analog)

gambas3-gb-opengl-sge/stable 3.20.2-1+deb13u1 arm64
  Gambas SDL Game Engine

gambas3-gb-sdl2/stable 3.20.2-1+deb13u1 arm64
  Gambas SDL2 component

gambas3-gb-sdl2-audio/stable 3.20.2-1+deb13u1 arm64
  Gambas SDL2 audio component

gammu-smsd/stable 1.42.0-10 arm64
  SMS message daemon

gav/stable 0.9.1-1 arm64
  GPL Arcade Volleyball

gdisk/stable 1.0.10-2+b1 arm64
  GPT fdisk text-mode partitioning tool

gdnsd/stable 3.8.3-2 arm64
  authoritative domain name server

gdu/stable 5.25.0-1+b8 arm64
  Pretty fast disk usage analyzer

gearhead/stable 1.310-3+b1 arm64
  roguelike mecha role playing game, console version

gearhead-sdl/stable 1.310-3+b1 arm64
  roguelike mecha role playing game, SDL version

gearhead2/stable 0.701-2 arm64
  roguelike mecha role playing game in space

gearhead2-sdl/stable 0.701-2 arm64
  roguelike mecha role playing game in space

gem-plugin-sdl/stable 1:0.94-8+b5 arm64
  Graphics Environment for Multimedia - SDL support

getmail6/stable 6.19.07-1 all
  mail retriever with support for POP3, IMAP4 and SDPS

gfsd/stable 2.7.20+dfsg-1.2+b1 arm64
  Gfarm file system daemon

gigtools/stable 4.4.1-1+b1 arm64
  command line tools for Gigasampler and DLS Level 1/2 files

gimp/stable,now 3.0.4-3+deb13u9 arm64 [installed]
  GNU Image Manipulation Program

gir1.2-endless-0/stable 0~git20230107+ds-6 arm64
  GObject introspection data for the Endless SDK

gir1.2-gssdp-1.6/stable 1.6.4-1~deb13u1 arm64
  GObject introspection data for the GSSDP library

gir1.2-papers-4.0/stable 48.3-1 arm64
  GObject introspection data for the papers libraries

glances/stable 4.3.1+dfsg-1 all
  Curses-based monitoring tool

glbsp/stable 2.24-8+b1 arm64
  nodes builder for Doom-style games; has support for OpenGL

glean-parser/stable 15.0.1-1 all
  Parser tools for Mozilla's Glean telemetry

glhack/stable 1.2-8 arm64
  Fullscreen SDL/OpenGL version of NetHack

gnocchi-statsd/stable 4.6.5-1 all
  Metric as a Service - statsd daemon

gnokii-smsd/stable 0.6.31+dfsg-6+b1 arm64
  SMS Daemon for mobile phones

gnokii-smsd-mysql/stable 0.6.31+dfsg-6+b1 arm64
  SMSD plugin for MySQL storage backend

gnokii-smsd-pgsql/stable 0.6.31+dfsg-6+b1 arm64
  SMSD plugin for PostgreSQL storage backend

gnome-calls/stable 48.2-1 arm64
  Make and receive PSTN phone calls

gnome-calls-doc/stable 48.2-1 all
  Make and receive PSTN phone calls - development documentation

gnome-robots/stable 1:41.2-2 arm64
  improved old BSD robots game

gnome-shell-extension-freon/stable 58+dfsg-2 all
  GNOME Shell Extension for Sensors

gnss-sdr/stable 0.0.20-1 arm64
  Global navigation satellite systems software defined receiver

gnss-share/stable 0.8.2-1+b8 arm64
  Share GNSS location data

gnujump/stable 1.0.8-5 arm64
  platform game where you have to jump up to survive

gnujump-data/stable 1.0.8-5 all
  platform game where you have to jump up to survive - data files

gnuradio-dev/stable 3.10.12.0-1 arm64
  GNU Software Defined Radio toolkit development

gnustep-dl2/stable 0.12.0+git20250112-2 arm64
  Objective-C Classes needed for Database Access

gnustep-gui-doc/stable 0.32.0-3 all
  Documentation for the GNUstep GUI Library

golang-blitiri-go-systemd-dev/stable 1.1.0-1 all
  Utilities to interact with systemd sockets in Go

golang-code-gitea-sdk-dev/stable 0.17.0-2 all
  Gitea SDK for Go (library)

golang-github-adrianmo-go-nmea-dev/stable 1.10.0-1 all
  Go library for the NMEA 0183 protocol

golang-github-aliyun-aliyun-oss-go-sdk-dev/stable 1.5.0+dfsg1-2 all
  Alibaba Cloud OSS SDK for Go

golang-github-anacrolix-dms-dev/stable 1.5.0-2 all
  Go source for UPnP DLNA Digital Media Server

golang-github-aws-aws-sdk-go-dev/stable 1.49.0-2 all
  AWS SDK for the Go programming language

golang-github-aws-aws-sdk-go-v2-dev/stable 1.30.3-1 all
  AWS SDK for the Go programming language (library)

golang-github-aws-smithy-go-dev/stable 1.20.3-1 all
  Smithy code generators for Go (library)

golang-github-azure-azure-sdk-for-go-dev/stable 68.0.0-2 all
  Microsoft Azure SDK for Go

golang-github-azure-azure-storage-blob-go-dev/stable 0.15.0-1 all
  Microsoft Azure Blob Storage Library for Go

golang-github-bluebreezecf-opentsdb-goclient-dev/stable 0.0~git20160515.0.539764b-1.1 all
  Go client for OpenTSDB REST API

golang-github-bmatsuo-lmdb-go-dev/stable 1.8.0+git20170215.a14b5a3-4 all
  Bindings for the LMDB C library

golang-github-cactus-go-statsd-client-dev/stable 5.0.0-1 all
  statsd client for Go

golang-github-cention-sany-utf7-dev/stable 0.0~git20170124.26cad61-2 all
  UTF7 UTF8 transcoder

golang-github-centurylinkcloud-clc-sdk-dev/stable 0.0.2+git20161004.f62483c-3 all
  SDK for Century Link Cloud

golang-github-cli-browser-dev/stable 1.3.0-1 all
  helpers to open URLs, files, or readers in a web browser (Go library)

golang-github-crossdock-crossdock-go-dev/stable 0.0~git20160816.049aabb-3 all
  Go client for Crossdock

golang-github-daaku-go.zipexe-dev/stable 1.0.1-2 all
  zipexe attempts to open an executable binary file as a zip file

golang-github-danwakefield-fnmatch-dev/stable 0.0~git20160403.cbb64ac-3 all
  Updated clone of kballard’s fnmatch(3) implementation for Go

golang-github-datadog-datadog-go-dev/stable 2.1.0-3 all
  Go client library for datadog

golang-github-denisbrodbeck-machineid-dev/stable 1.0.1-2 all
  Get the unique machine id of any host (Go library)

golang-github-denverdino-aliyungo-dev/stable 0.0~git20180921.13fa8aa-4 all
  Go SDK for Aliyun (Alibaba Cloud)

golang-github-dgraph-io-badger-dev/stable 2.2007.2-4 all
  Fast key-value DB in Go - development files for embedding.

golang-github-dropbox-dropbox-sdk-go-unofficial-dev/stable 6.0.5-1 all
  Unofficial Go SDK for integrating with the Dropbox API v2

golang-github-ensighten-udnssdk-dev/stable 1.3.4-2 all
  ultradns SDK for golang

golang-github-getsentry-sentry-go-dev/stable 0.29.1-1 all
  Official Sentry SDK for Go (library)

golang-github-google-logger-dev/stable 1.1.1-2 all
  Cross platform Go logging library (library)

golang-github-googleapis-enterprise-certificate-proxy-dev/stable 0.3.6-1 all
  Google Proxies for Enterprise Certificates (library)

golang-github-gophercloud-gophercloud-dev/stable 1.4.0-1 all
  OpenStack SDK for Go

golang-github-gophercloud-utils-dev/stable 0.0~git20231010.80377ec-2 all
  utils for OpenStack Go library

golang-github-hashicorp-go-azure-helpers-dev/stable 0.13.1-3 all
  various helpers and wrappers for working with Azure

golang-github-hodgesds-perf-utils-dev/stable 0.5.1-2 all
  Perf Utilities for Go (library)

golang-github-ionos-cloud-sdk-go-dev/stable 6.3.2-1 all
  Go API client for IONOS Cloud

golang-github-joyent-gosdc-dev/stable 0.0~git20161202.ec8b350-3 all
  Go library for interaction with the Joyent CloudAPI

golang-github-kjk-lzma-dev/stable 1.0.0-7 all
  port of the lzma compression algorithm

golang-github-kr-binarydist-dev/stable 0.1.0-1 all
  Go implementation of the bspatch algorithm

golang-github-mdlayher-socket-dev/stable 0.5.1-1 all
  low-level network connection type to provide asynchronous I/O (library)

golang-github-microsoft-dev-tunnels-dev/stable 0.0.25-2 all
  Dev Tunnels SDK (Go library)

golang-github-minio-madmin-go-dev/stable 3.0.104-1 all
  client SDK providing APIs to manage MinIO services (library)

golang-github-minio-minio-go-dev/stable 6.0.53-1 all
  Go library for Amazon S3 compatible cloud storage

golang-github-minio-minio-go-v7-dev/stable 7.0.89-1 all
  Go library for Amazon S3 compatible cloud storage

golang-github-mkrautz-goar-dev/stable 0.0~git20150919.282caa8-1.1 all
  library for reading and writing ar archives in Go

golang-github-nebulouslabs-fastrand-dev/stable 0.0~git20170512.60b6156-1 all
  10x faster than crypto/rand

golang-github-okzk-sdnotify-dev/stable 0.0~git20180710.d9becc3-4 all
  systemd's service notification protocol (sd_notify)

golang-github-opencoff-go-sieve-dev/stable 0.2.1-2 all
  SIEVE cache - simpler than LRU (library)

golang-github-openfga-go-sdk-dev/stable 0.6.5-1 all
  OpenFGA SDK for Go (library)

golang-github-ovn-org-libovsdb-dev/stable 0.7.0-1 all
  OVSDB Client Library

golang-github-pion-sdp-dev/stable 3.0.10-1 all
  Go implementation of SDP (library)

golang-github-pkg-xattr-dev/stable 0.4.10-1 all
  Extended attribute support for Go

golang-github-raintank-met-dev/stable 0.0~git20161103.0.05a94bb-2.1 all
  wrapper around metric client libraries for Go

golang-github-rhnvrm-simples3-dev/stable 0.6.1-3 all
  AWS S3 Golang Library

golang-github-riywo-loginshell-dev/stable 0.0~git20190610.2ed199a-3 all
  Golang library to get the login shell of the current user

golang-github-roaringbitmap-roaring-dev/stable 0.4.21-2 all
  Roaring bitmaps in Go

golang-github-rsc-devweb/stable 0.0.0+2016.01.15.git.29cc9e1b05-2+b19 arm64
  Development web server

golang-github-scaleway-scaleway-sdk-go-dev/stable 1.0.0~beta32-1 all
  Scaleway API SDK for Go

golang-github-shibukawa-configdir-dev/stable 0.0~git20170330.e180dbd-1.1 all
  multi platform library of configuration directories for Golang

golang-github-socketplane-libovsdb-dev/stable 0.1+git20160503.9.d4b9e7a53548-2.1 all
  OVSDB client library written in Go

golang-github-stratoberry-go-gpsd-dev/stable 1.3.0-1 all
  GPSD client

golang-github-suapapa-go-eddystone-dev/stable 1.3.1-1 all
  golang library for supporting Eddystone

golang-github-terra-farm-udnssdk-dev/stable 1.3.5-1 all
  ultradns SDK

golang-github-thomsonreuterseikon-go-ntlm-dev/stable 0.0~git20151030.0.b00ec39-1.1 all
  NTLM Implementation for Go

golang-github-tklauser-go-sysconf-dev/stable 0.3.11-1 all
  sysconf for Go, without using cgo (library)

golang-github-tklauser-numcpus-dev/stable 0.3.0-2 all
  Go module to get the number of CPUs (library)

golang-github-tombuildsstuff-giovanni-dev/stable 0.20.0-1 all
  alternative Azure Storage SDK for Go

golang-github-vmware-photon-controller-go-sdk-dev/stable 0.0~PROMOTED-339-1.1 all
  VMware Photon Controller API library

golang-github-yvasiyarov-newrelic-platform-go-dev/stable 0.0~git20160601.9c099fb-3 all
  Newrelic Platform SDK for Go

golang-github-zalando-go-keyring-dev/stable 0.2.4-1 all
  Cross-platform keyring interface for Go (library)

golang-gopkg-alexcesaro-statsd.v1-dev/stable 0.0~git20160306.0.c289775-2.1 all
  simple and efficient Golang StatsD client

golang-opentelemetry-otel-dev/stable 1.31.0-4 all
  OpenTelemetry Go API and SDK

golang-opentelemetry-proto-dev/stable 1.3.1-2 all
  OpenTelemetry Go API and SDK - proto

goldendict-ng/stable 25.06.0-2 arm64
  feature-rich dictionary lookup program (NG/qtwebengine fork)

gpart/stable 1:0.3-10+b1 arm64
  Guess PC disk partition table, find lost partitions

gpredict/stable 2.3-115-g0f3beb6-4+b1 arm64
  Satellite tracking program

gpredict-doc/stable 2.3-115-g0f3beb6-4 all
  Satellite tracking program - documentation

gpsbabel/stable 1.10.0+ds-1 arm64
  GPS file conversion plus transfer to/from GPS units

gpsd/stable 3.25-5+deb13u1 arm64
  Global Positioning System - daemon

gpsd-clients/stable 3.25-5+deb13u1 arm64
  Global Positioning System - clients

gpsd-tools/stable 3.25-5+deb13u1 arm64
  Global Positioning System - tools

gqrx-sdr/stable 2.17.6-2+b2 arm64
  Software defined radio receiver

gr-dab/stable 0.5-1+b7 arm64
  GNU Radio blocks and tools for receiving DAB and DAB+ radio

gr-dab-dev/stable 0.5-1+b7 arm64
  Development files for gr-dab (DAB/DAB+ receiver)

gr-dab-doc/stable 0.5-1 all
  Documentation files for gr-dab (DAB/DAB+ receiver)

gr-hpsdr/stable 3.0-2+b19 arm64
  gnuradio interface module for OpenHPSDR protocol 1

gr-iqbal/stable 0.38.2-2+b18 arm64
  GNU Radio Blind IQ imbalance estimator and correction

gr-limesdr/stable 3.0.1.10.69-3+b15 arm64
  LimeSDR blocks for GnuRadio

gr-osmosdr/stable 0.2.6-4 arm64
  Gnuradio blocks from the OsmoSDR project

gr-osmosdr-doc/stable 0.2.6-4 all
  Gnuradio blocks from the OsmoSDR project - documentation

gr-satellites/stable 5.5.0-2+b13 arm64
  Collection of satellite telemetry signal decoders

grads/stable 3:2.2.1-9+b1 arm64
  Grid Analysis and Display System for earth science data

grilo-plugins-0.3/stable 0.3.16-5 arm64
  Framework for discovering and browsing media - Plugins

gssdp-tools/stable 1.6.4-1~deb13u1 arm64
  GObject-based library for SSDP (tools)

gtk3-nocsd/stable 3-2 all
  Disable Gtk+ 3 client side decorations (CSD)

guestfsd/stable 1:1.54.1-2+deb13u1 arm64
  Daemon to access to guest virtual machine through virtio serial

guile-avahi/stable 0.4.1-3 arm64
  guile bindings for avahi

gvfs-backends/stable 1.57.2-2+deb13u1 arm64
  userspace virtual filesystem - backends

gwenhywfar-tools/stable 5.12.0-1 arm64
  helper applications for Gwenhywfar library

gxemul/stable 0.7.0+dfsg-2 arm64
  machine emulator for multiple architectures

hackrf/stable 2024.02.1-3 arm64
  Software defined radio peripheral - utilities

hamradio-sdr/stable 0.10 all
  Debian Hamradio Software Defined Radio Packages

hashcat/stable 6.2.6+ds2-1+b1 arm64
  World's fastest and most advanced password recovery utility

haskell-sdl2-image-utils/stable 2.1.0.0-4+b2 arm64
  Haskell bindings to SDL2_image

haskell-sdl2-mixer-utils/stable 1.2.0.0-4+b3 arm64
  Haskell bindings to SDL2_mixer

heartbleeder/stable 0.1.1-9+b18 arm64
  test servers for OpenSSL CVE-2014-0160 aka Heartbleed

hercules/stable 3.13-8+b1 arm64
  System/370, ESA/390 and z/Architecture Emulator

hfst/stable 3.16.2-1+b1 arm64
  Helsinki Finite-State Transducer Technology

hibiscus/stable 2.10.24+dfsg-1 all
  Java online banking client using the HBCI standard

hibiscus-doc/stable 2.10.24+dfsg-1 all
  Java online banking client using the HBCI standard - documentation package

hledger-interest/stable 1.6.6-2 arm64
  interest computing for (h)ledger

hostapd/stable 2:2.10-24 arm64
  access point and authentication server for Wi-Fi and Ethernet

hprof-conv/stable 34.0.5-12 arm64
  HPROF Converter

ht/stable 2.1.0+repack1-5+b1 arm64
  Viewer/editor/analyser (mostly) for executables

hugin-tools/stable 2024.0.1+dfsg-1+b1 arm64
  panorama photo stitcher - commandline tools

hw-probe/stable 1.6.5-1 all
  Tool to check operability of computer hardware

hwinfo/stable 21.82-1.1+b2 arm64
  Hardware identification system

idanish/stable 1.6.36-17 all
  The Comprehensive Danish Dictionary (DSDO) - ispell

idle3-tools/stable 0.9.1-7+b1 arm64
  change the idle3 timer of recent Western Digital Hard Disk Drives

ifhp/stable 3.5.20-20+b2 arm64
  Printer filter for HP LaserJet printers

imagej/stable 1.54g-1 all
  Image processing program with a focus on microscopy images

imx-usb-loader/stable 0~git20200517.30b43d69-2+b1 arm64
  imx_loader - i.MX/Vybrid recovery utility

indi-gpsd/stable 0.5+20221222000619-1+b4 arm64
  INDI driver for gpsd GPS daemon

indi-limesdr/stable 1.4+20221223110308-1+b2 arm64
  INDI driver for LimeSDR (LMS7) Receiver

indigo-utils/stable 1.2.3-3.1+b1 arm64
  Organic Chemistry Toolkit Utilities

inetutils-tools/stable 2:2.6-3+deb13u3 arm64
  base networking utilities (experimental package)

inspectrum/stable 0.3.1-1+b2 arm64
  tool for visualising captured radio signals

instead/stable 3.5.2+dfsg-0.2 arm64
  Simple text adventures/visual novels engine

instead-data/stable 3.5.2+dfsg-0.2 all
  Data files for INSTEAD

ipmitool/stable 1.8.19-9 arm64
  utility for IPMI control with kernel driver or LAN interface (daemon)

iraf-st4gem/stable 1.0+ds-3 arm64
  Selected tools from the Space Telescope Science Data Analysis System

irssi-scripts/stable 20231031 all
  collection of scripts for irssi

istgt/stable 0.4~20111008-4+b3 arm64
  iSCSI userspace target daemon for Unix-like operating systems

jgmenu/stable 4.5.0-1 arm64
  Simple X11 menu

jgmenu-xfce4-panel-applet/stable 4.5.0-1 arm64
  xfce4-panel applet for jgmenu

jskeus-dev/stable 1.2.6+dfsg-1 all
  Development files of Lisp based  intelligent robots programming system

junior-math/stable 1.32 all
  Debian Jr. educational math

kalkun/stable 0.8.3.2-1 all
  Open Source Web based SMS Manager

kbuild/stable 1:0.1.9998svn3614+dfsg-2 arm64
  framework for writing simple makefiles for complex tasks

kde-config-screenlocker/stable 6.3.5-1 arm64
  KCM Module for kscreenlocker

kde-config-sddm/stable 4:6.3.4-4 arm64
  KCM module for SDDM

kde-zeroconf/stable 4:25.04.0-1 arm64
  zeroconf plugins and kio slaves for KDE

kdesdk/stable 4:24.12.0+5.162 arm64
  Software Development Kit from the official KDE release

kdesdk-scripts/stable 4:25.04.0-1 all
  scripts and data files for development

kdesdk-thumbnailers/stable 4:25.04.0-1 arm64
  kdesdk file format thumbnailers for KDE

kdiskmark/stable 3.1.3+ds-5+b1 arm64
  simple disk benchmark tool

kildclient/stable 3.2.3-1 arm64
  powerful MUD client with a built-in Perl interpreter

kildclient-doc/stable 3.2.3-1 all
  powerful MUD client with a built-in Perl interpreter - manual

killbots/stable 4:25.04.0-1 arm64
  port of the classic BSD console game robots

knews/stable 1.0b.1-39 arm64
  Graphical threaded news reader

kodi-peripheral-joystick/stable 21.1.22+ds-1 arm64
  Kodi Joystick Library

kodi-vfs-libarchive/stable 21.0.2+ds-1 arm64
  Libarchive VFS add-on for Kodi

kscreenlocker-dev/stable 6.3.5-1 arm64
  Development files for kscreenlocker

ksmbd-tools/stable 3.5.3-1 arm64
  cifsd kernel server userspace utilities

kytos-sphinx-theme-common/stable 0.0.1+dfsg-2 all
  Theme used by kytos with sphinx -- common files

kytos-utils/stable 2019.2-4 all
  command line utilities to use with Kytos

ladspa-sdk/stable 1.17-1+b2 arm64
  sample tools for linux-audio-dev plugin architecture

lazarus/stable 4.0+dfsg-3 all
  IDE for Free Pascal - SDK dependency package

lazarus-4.0/stable 4.0+dfsg-3 all
  IDE for Free Pascal - suite

lazarus-doc/stable 4.0+dfsg-3 all
  IDE for Free Pascal - documentation dependency package

lazarus-doc-4.0/stable 4.0+dfsg-3 all
  IDE for Free Pascal - documentation

lazarus-ide/stable 4.0+dfsg-3 all
  IDE for Free Pascal - dependency package

lazarus-ide-4.0/stable 4.0+dfsg-3+b1 arm64
  IDE for Free Pascal - common IDE files

lazarus-ide-gtk2/stable 4.0+dfsg-3 all
  IDE for Free Pascal - Last GTK+ version dependency package

lazarus-ide-gtk2-4.0/stable 4.0+dfsg-3+b1 arm64
  IDE for Free Pascal - GTK+ version

lazarus-ide-qt5/stable 4.0+dfsg-3 all
  IDE for Free Pascal - Last Qt version dependency package

lazarus-ide-qt5-4.0/stable 4.0+dfsg-3+b1 arm64
  IDE for Free Pascal - Qt version

lazarus-src/stable 4.0+dfsg-3 all
  IDE for Free Pascal - LCL source code dependency package

lazarus-src-4.0/stable 4.0+dfsg-3 all
  IDE for Free Pascal - LCL source code

lazpaint-qt5/stable 7.2.2.1-2.1 arm64
  Image editor with raster and  vector layers (qt5)

lcl/stable 4.0+dfsg-3+b1 arm64
  Lazarus Components Library - LCL dependency package

lcl-4.0/stable 4.0+dfsg-3+b1 arm64
  Lazarus Components Library - LCL suite

lcl-gtk2/stable 4.0+dfsg-3+b1 arm64
  Lazarus Components Library - GTK+ backend dependency package

lcl-gtk2-4.0/stable 4.0+dfsg-3+b1 arm64
  Lazarus Components Library - GTK+ backend

lcl-nogui/stable 4.0+dfsg-3+b1 arm64
  Lazarus Components Library - no GUI backend dependency package

lcl-nogui-4.0/stable 4.0+dfsg-3+b1 arm64
  Lazarus Components Library - no GUI backend

lcl-qt5/stable 4.0+dfsg-3+b1 arm64
  Lazarus Components Library - Qt backend dependency package

lcl-qt5-4.0/stable 4.0+dfsg-3+b1 arm64
  Lazarus Components Library - Qt backend

lcl-units/stable 4.0+dfsg-3+b1 arm64
  Lazarus Components Library - backend independent components dependency package

lcl-units-4.0/stable 4.0+dfsg-3+b1 arm64
  Lazarus Components Library - backend independent components

lcl-utils/stable 4.0+dfsg-3 all
  Lazarus Components Library - command line build tools dependency package

lcl-utils-4.0/stable 4.0+dfsg-3+b1 arm64
  Lazarus Components Library - command line build tools

lexd/stable 1.3.5-2 arm64
  Lexicon compiler for non-suffixational morphologies

lfortran/stable 0.45.0-1+b3 arm64
  Modern interactive LLVM-based Fortran compiler

libahp-xc-dev/stable 1.4.4-1 arm64
  XC Correlators SDK - development

libahp-xc1/stable 1.4.4-1 arm64
  XC Correlators SDK - library

libalgorithm-diff-xs-perl/stable 0.04-9 arm64
  module to find differences between files (XS accelerated)

libalien-sdl-dev-perl/stable 1.446-4 all
  helper  to build  Perl program using SDL libraries

libalien-sdl-perl/stable 1.446-4 all
  helper to get, build and use SDL libraries

libandroid-databinding-java/stable 2.2.2-6 all
  Android Data Binding Library

libandroid-ddms-java/stable 2.2.2-6 all
  Communicate with devices through adb - Core library

libandroid-layoutlib-api-java/stable 2.2.2-6 all
  Library to use the rendering library for Android layouts - API

libandroid-tools-analytics-library-java/stable 2.2.2-3 all
  Libraries for tracking the usage analytics of Android SDK

libandroid-tools-dvlib-java/stable 2.2.2-6 all
  Library to manage the Android device database XML files

libandroid-tools-repository-java/stable 2.2.2-6 all
  Library for downloading and managing package repositories

libandroid-tools-sdklib-java/stable 2.2.2-6 all
  Library to parse and download the Android SDK

libanet-dev/stable 0.5.1-4 arm64
  Ada networking library (development)

libanet0.4.3/stable 0.5.1-4 arm64
  Ada networking library

libany-template-processdir-perl/stable 0.08-4 all
  Perl module for processing a directory of templates

libao-common/stable 1.2.2+20180113-1.2 all
  Cross Platform Audio Output Library (Common files)

libao-dbg/stable 1.2.2+20180113-1.2 arm64
  Cross Platform Audio Output Library Debug Symbols

libao-dev/stable 1.2.2+20180113-1.2 arm64
  Cross Platform Audio Output Library Development

libao4/stable 1.2.2+20180113-1.2 arm64
  Cross Platform Audio Output Library

libaosd-dev/stable 0.2.7-1.1+b2 arm64
  atheme.org's on screen display library - dev

libaosd-text2/stable 0.2.7-1.1+b2 arm64
  atheme.org's on screen display library - text layout

libaosd2/stable 0.2.7-1.1+b2 arm64
  atheme.org's on screen display library - main

libapache-poi-java/stable 4.0.1-6 all
  Apache POI - Java API for Microsoft Documents

libapache-poi-java-doc/stable 4.0.1-6 all
  Apache POI - Java API for Microsoft Documents (Documentation)

libapache2-mod-dnssd/stable 0.6-5+b1 arm64
  Zeroconf support for Apache 2 via avahi

libarchive-dev/stable 3.7.4-4+deb13u1 arm64
  Multi-format archive and compression library (development files)

libarchive-tools/stable 3.7.4-4+deb13u1 arm64
  FreeBSD implementations of 'tar' and 'cpio' and other archive tools

libarchive13t64/stable,now 3.7.4-4+deb13u1 arm64 [installed,automatic]
  Multi-format archive and compression library (shared library)

libaspect-perl/stable 1.04-3 all
  module for Aspect-Oriented Programming in Perl

libattr1-dev/stable 1:2.5.2-3 arm64
  extended attributes handling - static libraries and headers

libavahi-client-dev/stable 0.8-16 arm64
  Development files for the Avahi client library

libavahi-client3/stable,now 0.8-16 arm64 [installed,automatic]
  Avahi client library

libavahi-compat-libdnssd-dev/stable 0.8-16 arm64
  Development headers for the Avahi Apple Bonjour compatibility library

libavahi-compat-libdnssd1/stable 0.8-16 arm64
  Avahi Apple Bonjour compatibility library

libavahi-core-dev/stable 0.8-16 arm64
  Development files for Avahi's embeddable mDNS/DNS-SD library

libavahi-core7/stable 0.8-16 arm64
  Avahi's embeddable mDNS/DNS-SD library

libbacktrace-dev/stable 0.1-4 arm64
  Backtrace library (for C/C++ apps)

libbacktrace0/stable 0.1-4 arm64
  Backtrace library (for C/C++ apps)

libbasicobjects-dev/stable 0.6.2-3 arm64
  Basic object types for C -- development files

libbasicobjects0t64/stable 0.6.2-3 arm64
  Basic object types for C

libbladerf-dev/stable 0.2024.05-1 arm64
  Nuand bladeRF software-defined radio device (header files)

libbladerf-doc/stable 0.2024.05-1 all
  Nuand bladeRF software-defined radio device (API documentation)

libbladerf2/stable 0.2024.05-1 arm64
  Nuand bladeRF software-defined radio device

libblis-dev/stable 1.1-2 arm64
  BLAS-like Library Instantiation Software Framework (dev,32bit,meta)

libblis-openmp-dev/stable 1.1-2 arm64
  BLAS-like Library Instantiation Software Framework (dev,32bit,openmp)

libblis-pthread-dev/stable 1.1-2 arm64
  BLAS-like Library Instantiation Software Framework (dev,32bit,pthread)

libblis-serial-dev/stable 1.1-2 arm64
  BLAS-like Library Instantiation Software Framework (dev,32bit,serial)

libblis4/stable 1.1-2 arm64
  BLAS-like Library Instantiation Software Framework (32bit,meta)

libblis4-openmp/stable 1.1-2 arm64
  BLAS-like Library Instantiation Software Framework (32bit,openmp)

libblis4-pthread/stable 1.1-2 arm64
  BLAS-like Library Instantiation Software Framework (32bit,pthread)

libblis4-serial/stable 1.1-2 arm64
  BLAS-like Library Instantiation Software Framework (32bit,serial)

libblis64-4/stable 1.1-2 arm64
  BLAS-like Library Instantiation Software Framework (64bit,meta)

libblis64-4-openmp/stable 1.1-2 arm64
  BLAS-like Library Instantiation Software Framework (64bit,openmp)

libblis64-4-pthread/stable 1.1-2 arm64
  BLAS-like Library Instantiation Software Framework (64bit,pthread)

libblis64-4-serial/stable 1.1-2 arm64
  BLAS-like Library Instantiation Software Framework (64bit,serial)

libblis64-dev/stable 1.1-2 arm64
  BLAS-like Library Instantiation Software Framework (dev,64bit,meta)

libblis64-openmp-dev/stable 1.1-2 arm64
  BLAS-like Library Instantiation Software Framework (dev,64bit,openmp)

libblis64-pthread-dev/stable 1.1-2 arm64
  BLAS-like Library Instantiation Software Framework (dev,64bit,pthread)

libblis64-serial-dev/stable 1.1-2 arm64
  BLAS-like Library Instantiation Software Framework (dev,64bit,serial)

libbmusb-dev/stable 0.7.8-2 arm64
  userspace driver for Blackmagic USB3 video capture cards

libbmusb6/stable 0.7.8-2 arm64
  userspace driver for Blackmagic USB3 video capture cards

libbsd-arc4random-perl/stable 1.50-8+b4 arm64
  CPAN's BSD::arc4random -- Perl bindings for arc4random

libbsd-dev/stable 0.12.2-2 arm64
  utility functions from BSD systems - development files

libbsd-resource-perl/stable 1.2911-2+b4 arm64
  BSD process resource limit and priority functions

libbsd0/stable,now 0.12.2-2 arm64 [installed,automatic]
  utility functions from BSD systems - shared library

libcapi20-3t64/stable 1:3.27-3.2+b1 arm64
  ISDN utilities - CAPI support libraries

libcapi20-dev/stable 1:3.27-3.2+b1 arm64
  ISDN utilities - CAPI development libraries

libcapstone5/stable 5.0.7-1~deb13u1 arm64
  lightweight multi-architecture disassembly framework - library

libcatmandu-bibtex-perl/stable 0.21-2 all
  Catmandu modules for working with BibTeX data

libcatmandu-blacklight-perl/stable 0.04-2 all
  Catmandu module for working with Blacklight catalogs

libcatmandu-breaker-perl/stable 0.141-2 all
  Catmandu modules that export data in a Breaker format

libcatmandu-cmd-repl-perl/stable 0.01-2 all
  interactive shell for Catmandu

libcatmandu-crossref-perl/stable 0.007-2 all
  Catmandu modules to import data from the CrossRef API

libcatmandu-dbi-perl/stable 0.13-1 all
  Catmandu tools to communicate with DBI based interfaces

libcatmandu-fedoracommons-perl/stable 0.5-2 all
  low level Catmandu interface to the Fedora Commons REST API

libcatmandu-xsd-perl/stable 0.05-3 all
  modules for handling XML data with XSD compilation

libcgi-untaint-date-perl/stable 1.00-4 all
  CGI::Untaint input handler for date validation

libchemistry-file-mdlmol-perl/stable 0.24-1 all
  MDL molfile/SDF (V2000) reader/writer

libclanapp-1.0t64/stable 1.0~svn3827-11.2+b1 arm64
  ClanLib game SDK runtime

libclanlib-dev/stable 1.0~svn3827-11.2+b1 arm64
  ClanLib game SDK development files

libclass-data-inheritable-perl/stable,now 0.10-1 all [installed,automatic]
  Perl module to create accessors to class data

libcollection-dev/stable 0.6.2-3 arm64
  Development files for libcollection

libcollection4t64/stable 0.6.2-3 arm64
  Collection data-type for C

libcontactsd1/stable 1.4.15-1 arm64
  Telepathy - QtContacts bridge for contacts (plugin shared library)

libcontactsd1-dev/stable 1.4.15-1 arm64
  Telepathy - QtContacts bridge for contacts (development files)

libcos4-3/stable 4.3.3+ds1-1 arm64
  omniORB CORBA services stubs

libcos4-dev/stable 4.3.3+ds1-1 arm64
  omniORB CORBA services stubs development files

libcpprest-dev/stable 2.10.19-3 arm64
  Development files for C++ REST SDK / Casablanca

libcpprest-doc/stable 2.10.19-3 all
  Reference manual for C++ REST SDK / Casablanca

libcpprest2.10/stable 2.10.19-3 arm64
  Shared library for C++ REST SDK / Casablanca

libcpuinfo-dev/stable 0.0~git20250327.39ea79a-1 arm64
  CPU INFOrmation library (header file)

libcpuinfo0/stable 0.0~git20250327.39ea79a-1 arm64
  CPU INFOrmation library (shared object)

libcriterion-dev/stable 2.4.1-2+b3 arm64
  cross-platform C and C++ unit testing framework (development files)

libcriterion3/stable 2.4.1-2+b3 arm64
  cross-platform C and C++ unit testing framework

libcrypt-eksblowfish-perl/stable 0.009-3+b4 arm64
  Perl module implementing the Eksblowfish block cipher

libcrypt-passwdmd5-perl/stable 1.42-2 all
  interoperable MD5-based crypt() for Perl

libdatetime-event-recurrence-perl/stable 0.19-2 all
  Perl module to create recurring DateTime instances

libdatetime-format-xsd-perl/stable 0.4-2 all
  format DateTime according to xsd:dateTime

libdatetime-set-perl/stable 0.3900-2 all
  Datetime sets and set math

libdhash-dev/stable 0.6.2-3 arm64
  Development files for libdhash

libdhash1t64/stable 0.6.2-3 arm64
  Dynamic hash table

libdigest-ssdeep-perl/stable 0.9.3-2 all
  Pure Perl ssdeep (CTPH) fuzzy hashing

libdisasm-dev/stable 0.23-7 arm64
  disassembler library for x86 code (development files)

libdisasm0/stable 0.23-7 arm64
  disassembler library for x86 code

libdrogon-dev/stable 1.9.0+ds-1+b1 arm64
  C++14/17-based HTTP application framework development files

libdrogon1t64/stable 1.9.0+ds-1+b1 arm64
  C++14/17-based HTTP application framework library files

libdsdcc-dev/stable 1.9.3-2.1+b1 arm64
  Digital Speech Decoder (DSD) (headers)

libdsdcc1t64/stable 1.9.3-2.1+b1 arm64
  Digital Speech Decoder (DSD)

libdsdp-5.8t64/stable 5.8-10.1 arm64
  Software for Semidefinite Programming

libdsdp-dev/stable 5.8-10.1 arm64
  Software for Semidefinite Programming

libeclipse-ui-themes-java/stable 1.2.2300+eclipse4.29-1 all
  Eclipse SDK Themes

libeclipse-xsd-java/stable 2.17.0+eclipse2.22.0-2 all
  XML Schema Definition (XSD) for Eclipse

libeclipselink-java/stable 2.7.15-1 all
  Eclipse Persistence Services Project

libedit-dev/stable 3.1-20250104-1 arm64
  BSD editline and history libraries (development files)

libedit2/stable,now 3.1-20250104-1 arm64 [installed,automatic]
  BSD editline and history libraries

libeditreadline-dev/stable 3.1-20250104-1 arm64
  BSD editline and history libraries (shim development files)

libeinfo-dev/stable 0.56-1 arm64
  dependency based service manager (pretty console display development)

libeinfo1/stable 0.56-1 arm64
  dependency based service manager (pretty console display library)

libendless-0-0t64/stable 0~git20230107+ds-6 arm64
  Endless SDK runtime libraries

libendless-0-common/stable 0~git20230107+ds-6 all
  common files for the Endless SDK runtime libraries

libendless-bin/stable 0~git20230107+ds-6 arm64
  development tools for the Endless SDK

libendless-dev/stable 0~git20230107+ds-6 arm64
  development files for the Endless SDK

libendless-doc/stable 0~git20230107+ds-6 all
  documentation files for the Endless SDK

liberfa-dev/stable 2.0.1-1+b2 arm64
  Essential Routines for Fundamental Astronomy (development files)

liberfa1/stable 2.0.1-1+b2 arm64
  Essential Routines for Fundamental Astronomy

libesd-java/stable 0.0.7-5 all
  Implementation of EsounD in pure Java

libextractor-plugins-all/stable 1:1.13-8 all
  extracts meta-data from files of arbitrary type (plugins)

libextractor-plugins-misc/stable 1:1.13-8+b1 arm64
  extracts meta-data from files of arbitrary type (miscellaneous plugins)

libextractor3/stable 1:1.13-8+b1 arm64
  extracts meta-data from files of arbitrary type (library)

libf2fs-dev/stable 1.16.0-1.1+b1 arm64
  Core library for Flash-Friendly File System - Development files

libf2fs-format-dev/stable 1.16.0-1.1+b1 arm64
  Format library for Flash-Friendly File System - Development files

libfalcosecurity0-dev/stable 0.20.0-3 arm64
  Core libraries for Falco and Sysdig

libfalcosecurity0t64/stable 0.20.0-3 arm64
  Core libraries for Falco and Sysdig

libfec-dev/stable 1.0-26-gc5d935f-1+b3 arm64
  forward error correction (FEC) algorithms - header files

libfec0/stable 1.0-26-gc5d935f-1+b3 arm64
  forward error correction (FEC) algorithms

libfftw3-bin/stable 3.3.10-2+b1 arm64
  Library for computing Fast Fourier Transforms - Tools

libfifechan-dev/stable 0.1.5-3.1+b1 arm64
  development files for the GUI library Fifechan

libfilesys-notify-simple-perl/stable 0.14-3 all
  simple file system monitor

libfoma-dev/stable 1:0.10.0+s311.20240712-1 arm64
  Foma development files

libfoma0t64/stable 1:0.10.0+s311.20240712-1 arm64
  Foma runtime libraries

libfreesrp-dev/stable 0.3.0-5+b2 arm64
  Software defined radio support for FreeSRP hardware (development files)

libfreesrp0/stable 0.3.0-5+b2 arm64
  Software defined radio support for FreeSRP hardware (library)

libfst-dev/stable 1.8.4-3 arm64
  weighted finite-state transducers library (development)

libfst-tools/stable 1.8.4-3 arm64
  weighted finite-state transducers library (tools)

libfst26/stable 1.8.4-3 arm64
  weighted finite-state transducers library (runtime)

libfst26-plugins-base/stable 1.8.4-3 arm64
  weighted finite-state transducers library (base plugins)

libfuzzy-dev/stable 2.14.1+git20180629.57fcfff-3+b2 arm64
  recursive piecewise hashing tool (development headers)

libfuzzy2/stable 2.14.1+git20180629.57fcfff-3+b2 arm64
  recursive piecewise hashing tool (library)

libgeography-countries-perl/stable 2009041301-2.1 all
  2-letter, 3-letter, and numerical codes for countries.

libghc-data-reify-dev/stable 0.6.3-6+b1 arm64
  Reify a recursive data structure into an explicit graph.

libghc-data-reify-doc/stable 0.6.3-6 all
  Reify a recursive data structure into an explicit graph.; documentation

libghc-data-reify-prof/stable 0.6.3-6+b1 arm64
  Reify a recursive data structure into an explicit graph.; profiling libraries

libghc-happstack-server-dev/stable 7.8.0.2-3+b1 arm64
  Happstack web framework, HTTP server

libghc-happstack-server-doc/stable 7.8.0.2-3 all
  Happstack web framework, HTTP server; documentation

libghc-happstack-server-prof/stable 7.8.0.2-3+b1 arm64
  Happstack web framework, HTTP server; profiling libraries

libghc-lambdabot-misc-plugins-dev/stable 5.3.1.2-1+b1 arm64
  Lambdabot miscellaneous plugins

libghc-lambdabot-misc-plugins-doc/stable 5.3.1.2-1 all
  Lambdabot miscellaneous plugins; documentation

libghc-lambdabot-misc-plugins-prof/stable 5.3.1.2-1+b1 arm64
  Lambdabot miscellaneous plugins; profiling libraries

libghc-lukko-dev/stable 0.1.1.3-5+b1 arm64
  file locking

libghc-lukko-doc/stable 0.1.1.3-5 all
  file locking; documentation

libghc-lukko-prof/stable 0.1.1.3-5+b1 arm64
  file locking; profiling libraries

libghc-network-bsd-dev/stable 2.8.1.0-5+b1 arm64
  POSIX network database netdb.h API

libghc-network-bsd-doc/stable 2.8.1.0-5 all
  POSIX network database netdb.h API; documentation

libghc-network-bsd-prof/stable 2.8.1.0-5+b1 arm64
  POSIX network database netdb.h API; profiling libraries

libghc-sdl2-dev/stable 2.5.5.0-2+b2 arm64
  high- and low-level bindings to the SDL 2 library

libghc-sdl2-doc/stable 2.5.5.0-2 all
  high- and low-level bindings to the SDL 2 library; documentation

libghc-sdl2-image-dev/stable 2.1.0.0-4+b2 arm64
  Haskell bindings to SDL2_image

libghc-sdl2-image-doc/stable 2.1.0.0-4 all
  Haskell bindings to SDL2_image; documentation

libghc-sdl2-image-prof/stable 2.1.0.0-4+b2 arm64
  Haskell bindings to SDL2_image; profiling libraries

libghc-sdl2-mixer-dev/stable 1.2.0.0-4+b3 arm64
  Haskell bindings to SDL2_mixer

libghc-sdl2-mixer-doc/stable 1.2.0.0-4 all
  Haskell bindings to SDL2_mixer; documentation

libghc-sdl2-mixer-prof/stable 1.2.0.0-4+b3 arm64
  Haskell bindings to SDL2_mixer; profiling libraries

libghc-sdl2-prof/stable 2.5.5.0-2+b2 arm64
  high- and low-level bindings to the SDL 2 library; profiling libraries

libghc-sdl2-ttf-dev/stable 2.1.3-3+b2 arm64
  bindings to SDL2_ttf

libghc-sdl2-ttf-doc/stable 2.1.3-3 all
  bindings to SDL2_ttf; documentation

libghc-sdl2-ttf-prof/stable 2.1.3-3+b2 arm64
  bindings to SDL2_ttf; profiling libraries

libghc-sendfile-dev/stable 0.7.11.6-1+b1 arm64
  Haskell portable sendfile library

libghc-sendfile-doc/stable 0.7.11.6-1 all
  Haskell portable sendfile library; documentation

libghc-sendfile-prof/stable 0.7.11.6-1+b1 arm64
  Haskell portable sendfile library; profiling libraries

libghc-versions-dev/stable 6.0.7-2+b1 arm64
  Types and parsers for software version numbers.

libghc-versions-doc/stable 6.0.7-2 all
  Types and parsers for software version numbers.; documentation

libghc-versions-prof/stable 6.0.7-2+b1 arm64
  Types and parsers for software version numbers.; profiling libraries

libglbsp-dev/stable 2.24-8+b1 arm64
  node builder library for OpenGL-based Doom-style games (headers)

libglbsp3/stable 2.24-8+b1 arm64
  node builder library for OpenGL-based Doom-style games

libglm-dev/stable 0.9.9.8+ds-9 all
  C++ library for OpenGL GLSL type-based mathematics

libgnuradio-dab3.10.0/stable 0.5-1+b7 arm64
  Shared library for gr-dab (DAB/DAB+ receiver)

libgnuradio-hpsdr1.0.0/stable 3.0-2+b19 arm64
  gnuradio library for OpenHPSDR protocol 1

libgnuradio-limesdr3.0.2/stable 3.0.1.10.69-3+b15 arm64
  LimeSDR blocks for GnuRadio (runtime library)

libgnuradio-osmosdr0.2.0t64/stable 0.2.6-4 arm64
  Gnuradio blocks from the OsmoSDR project - library

libgnuradio-satellites5.5.0/stable 5.5.0-2+b13 arm64
  library of satellite telemetry signal decoders

libgnuradio-soapy3.10.12/stable 3.10.12.0-1 arm64
  gnuradio SoapySDR support

libgnuradio-video-sdl3.10.12/stable 3.10.12.0-1 arm64
  gnuradio video functions

libgps-dev/stable 3.25-5+deb13u1 arm64
  Global Positioning System - development files

libgps30t64/stable 3.25-5+deb13u1 arm64
  Global Positioning System - library

libgsmsd8t64/stable 1.42.0-10 arm64
  SMS daemon helper library

libgssdp-1.6-0/stable 1.6.4-1~deb13u1 arm64
  GObject-based library for SSDP

libgssdp-1.6-dev/stable 1.6.4-1~deb13u1 arm64
  GObject-based library for SSDP (development files)

libgssdp-doc/stable 1.6.4-1~deb13u1 all
  GObject-based library for SSDP (documentation)

libgtk3-nocsd0/stable 3-2 arm64
  Library to disable Gtk+ 3 client side decorations (CSD)

libguichan-0.8.1-1v5/stable 0.8.2-21+b3 arm64
  small, efficient C++ GUI library

libguichan-allegro-0.8.1-1v5/stable 0.8.2-21+b3 arm64
  small, efficient C++ GUI library (allegro integration)

libguichan-dev/stable 0.8.2-21+b3 arm64
  small, efficient C++ GUI library (development headers)

libguichan-opengl-0.8.1-1v5/stable 0.8.2-21+b3 arm64
  small, efficient C++ GUI library (OpenGL integration)

libguichan-sdl-0.8.1-1v5/stable 0.8.2-21+b3 arm64
  small, efficient C++ GUI library (SDL integration)

libgwengui-fox16-79t64/stable 5.12.0-1 arm64
  Gwenhywfar GUI implementation for the FOX Toolkit

libgwengui-fox16-dev/stable 5.12.0-1 arm64
  Gwenhywfar GUI implementation for the FOX Toolkit (development files)

libgwengui-gtk3-79t64/stable 5.12.0-1 arm64
  Gwenhywfar GUI implementation for GTK3

libgwengui-gtk3-dev/stable 5.12.0-1 arm64
  Gwenhywfar GUI implementation for GTK3 (development files)

libgwengui-qt5-79t64/stable 5.12.0-1 arm64
  Gwenhywfar GUI implementation for Qt5

libgwengui-qt5-dev/stable 5.12.0-1 arm64
  Gwenhywfar GUI implementation for Qt 5 (development files)

libgwenhywfar-core-dev/stable 5.12.0-1 arm64
  OS abstraction layer (core development files)

libgwenhywfar-data/stable 5.12.0-1 all
  OS abstraction layer - data files

libgwenhywfar-doc/stable 5.12.0-1 all
  OS abstraction layer (API documentation)

libgwenhywfar79t64/stable 5.12.0-1 arm64
  OS abstraction layer

libhd-dev/stable 21.82-1.1+b2 arm64
  Hardware identification system library and headers

libhd-doc/stable 21.82-1.1 all
  Hardware identification system library documentation

libhd21t64/stable 21.82-1.1+b2 arm64
  Hardware identification system library

libhdcpsdk-dev/stable 20.3.0-1.1 arm64
  Intel unified HDCP implementation -- development files

libhdcpsdk0/stable 20.3.0-1.1 arm64
  Intel unified HDCP implementation -- shared library

libhfst-dev/stable 3.16.2-1+b1 arm64
  Helsinki Finite-State Transducer Technology Development files

libhfst55/stable 3.16.2-1+b1 arm64
  Helsinki Finite-State Transducer Technology Libraries

libiec61883-0/stable,now 1.2.0-7 arm64 [installed,automatic]
  partial implementation of IEC 61883 (shared lib)

libiec61883-dev/stable 1.2.0-7 arm64
  partial implementation of IEC 61883 (devel)

libindigo-dev/stable 1.2.3-3.1+b1 arm64
  Organic Chemistry Toolkit (development files)

libindigo-java/stable 1.2.3-3.1 all
  Organic Chemistry Toolkit (Java package)

libindigo0d/stable 1.2.3-3.1+b1 arm64
  Organic Chemistry Toolkit

libini-config-dev/stable 0.6.2-3 arm64
  Development files for libini_config

libini-config5t64/stable 0.6.2-3 arm64
  INI file parser for C

libint-dev/stable 1.2.1-6+b1 arm64
  Evaluate the integrals in modern atomic and molecular theory (devel)

libint1/stable 1.2.1-6+b1 arm64
  Evaluate the integrals in modern atomic and molecular theory

libint2-2t64/stable 2.7.2-1.1+b1 arm64
  Computation Chemistry Integral Evaluation Library

libint2-dev/stable 2.7.2-1.1+b1 arm64
  Computation Chemistry Integral Evaluation Library (development files)

libite-dev/stable 2.6.1-1 arm64
  static library, header files, and docs for libite

libite5t64/stable 2.6.1-1 arm64
  That missing frog DNA you've been looking for

libixml11t64/stable 1:1.14.20-1+deb13u1 arm64
  Portable SDK for UPnP Devices (ixml shared library)

libjacoco-java/stable 0.8.12-1 all
  free code coverage library for Java

libjaxb2-maven-plugin-java/stable 2.5.0-1 all
  JAXB-2 Maven Plugin

libjbcrypt-java/stable 0.4-3 all
  Java implementation of OpenBSD's Blowfish hashing

libjdns-dev/stable 2.0.3-3.1+b2 arm64
  Simple DNS queries library - development files

libjdns2t64/stable 2.0.3-3.1+b2 arm64
  Simple DNS queries library

libjiu-java/stable 0.14.3-7 all
  library to load, analyze, process and save pixel images

libjline-java/stable 1.0-3 all
  Java library for handling console input

libjline-java-doc/stable 1.0-3 all
  Java library for handling console input - documentation

libjline2-java/stable 2.14.6-6 all
  console input handling in Java

libjline3-java/stable 3.3.1-4 all
  Console input handling library

libjs-eonasdan-bootstrap-datetimepicker/stable 4.17.47-6 all
  Date/time picker widget based on twitter bootstrap

libjs-sdp/stable 3.2.0+~2.14.1+~1.0.1-1 all
  SDP parsing and serialization utilities

libjsonparser-dev/stable 1.1.0-2+b2 arm64
  Very low footprint JSON parser written in portable ANSI C - development headers

libjsonparser1.1/stable 1.1.0-2+b2 arm64
  Very low footprint JSON parser written in portable ANSI C

libjzlib-java/stable 1.1.3-3 all
  Java Zlib implementation

libkdsoapwsdiscoveryclient-dev/stable 0.4.0-2 arm64
  Qt-based WS-Discovery client library based on KDSoap - devel files

libkdsoapwsdiscoveryclient0/stable 0.4.0-2 arm64
  Qt-based WS-Discovery client library based on KDSoap

libkf5dnssd-data/stable 5.116.0-1 all
  Abstraction to system DNSSD features.

libkf5dnssd-dev/stable 5.116.0-1 arm64
  development files for kdnssd

libkf5dnssd-doc/stable 5.116.0-1 all
  Abstraction to system DNSSD features (documentation)

libkf5dnssd5/stable 5.116.0-1 arm64
  Abstraction to system DNSSD features.

libkf6dnssd-data/stable 6.13.0-1 all
  Abstraction to system DNSSD features

libkf6dnssd-dev/stable 6.13.0-1 arm64
  development files for kdnssd

libkf6dnssd-doc/stable 6.13.0-1 all
  Abstraction to system DNSSD features (documentation)

libkf6dnssd6/stable 6.13.0-1 arm64
  Abstraction to system DNSSD features

libkmlxsd1t64/stable 1.3.0-12+b2 arm64
  Library to manipulate KML 2.2 OGC standard files - libkmlxsd

libkode-qt6-0/stable 0.0~git20241211.68f9908-1 arm64
  C++/Qt code for C++ code generation and XML/XSD parsing (Qt6 shared library)

libkode-qt6-dev/stable 0.0~git20241211.68f9908-1 arm64
  C++/Qt code for C++ code generation and XML/XSD parsing (Qt6 development files)

libkscreenlocker6/stable 6.3.5-1 arm64
  Secure lock screen architecture

libkysdk-applications/stable 2.2.1.1-3+b2 arm64
  kylin SDK based on application level

libkysdk-applications-dev/stable 2.2.1.1-3+b2 arm64
  development for libkysdk-applications

libkysdk-base/stable 2.2.0.2-1 arm64
  Kylin SDK basic library

libkysdk-base-dev/stable 2.2.0.2-1 arm64
  development files for libkysdk-base

liblfortran-dev/stable 0.45.0-1+b3 arm64
  flang library - Development package.

liblfortran-runtime0/stable 0.45.0-1+b3 arm64
  Runtime libraries for the lfortran compiler

liblimesuite-dev/stable 23.11.0+dfsg-3+b2 arm64
  library to access LMS7 transceiver based hardware (development)

liblimesuite-doc/stable 23.11.0+dfsg-3 all
  liblimesuite development documentation

liblimesuite23.11-1/stable 23.11.0+dfsg-3+b2 arm64
  library to access LMS7 transceiver based hardware

liblinux-systemd-perl/stable 1.201600-4+b4 arm64
  Perl module with bindings for systemd APIs

liblms7compact-dev/stable 0.0.1+git20190125.bfd5418-1+b2 arm64
  Compact LMS7002 library suitable for MCU: development

liblms7compact0/stable 0.0.1+git20190125.bfd5418-1+b2 arm64
  Compact LMS7002 library suitable for MCU

libltdl-dev/stable 2.5.4-4 arm64
  System independent dlopen wrapper for GNU libtool (headers)

libltdl7/stable,now 2.5.4-4 arm64 [installed,automatic]
  System independent dlopen wrapper for GNU libtool

liblttoolbox3/stable 3.8.0-2 arm64
  Shared library for lttoolbox

libluksde-dev/stable 20240503-1+b1 arm64
  library to access LUKS Disk Encryption volumes -- development files

libluksde-utils/stable 20240503-1+b1 arm64
  library to access LUKS Disk Encryption volumes -- Utilities

libluksde1t64/stable 20240503-1+b1 arm64
  library to access LUKS Disk Encryption volumes

libmaliit-glib-dev/stable 2.3.0-5+b1 arm64
  Maliit Input Method Framework - GLib Development Headers

libmaliit-glib2/stable 2.3.0-5+b1 arm64
  Maliit Input Method Framework - GLib Bindings

libmaliit-plugins2/stable 2.3.0-5+b1 arm64
  Maliit Input Method Framework - Plugin Library

libmandoc-dev/stable 1.14.6-4 arm64
  BSD manpage compiler toolset - library

libmasonx-processdir-perl/stable 0.02-3 all
  Perl module to process a directory of Mason 2 templates

libmaven-enforcer-plugin-java/stable 3.5.0-1 all
  Maven build rule execution framework

libmd-dev/stable 1.1.0-2+b1 arm64
  message digest functions from BSD systems - development files

libmd0/stable,now 1.1.0-2+b1 arm64 [installed]
  message digest functions from BSD systems - shared library

libmdnsd-dev/stable 0.12-5 arm64
  static library, header files, and docs for libmdnsd

libmdnsd1t64/stable 0.12-5 arm64
  small mDNS library for mdnsd

libmeshsdfilter-dev/stable 1.0+1gitb81411-2+b2 arm64
  Static/Dynamic Filtering for Mesh Geometry

libmikmod-dev/stable 3.3.13-1 arm64
  Portable sound library - development files

libmikmod3/stable 3.3.13-1 arm64
  Portable sound library

libmirisdr-dev/stable 2.0.0-4+b2 arm64
  Software defined radio support for Mirics hardware (development files)

libmirisdr4/stable 2.0.0-4+b2 arm64
  Software defined radio support for Mirics hardware (library)

libmldbm-perl/stable 2.05-4 all
  module for storing multidimensional hash structures in perl tied hashes

libmmmulti-dev/stable 0.1-3 all
  header only library for mmmulti

libmoosex-hasdefaults-perl/stable 0.03-3 all
  Moose module to default "is" to "ro" or "rw" for all attributes

libmozilla-ldap-perl/stable 1.5.3-3.1+b1 arm64
  LDAP Perl module for the OpenLDAP C SDK

libnatpmp-dev/stable 20230423-1.2+b3 arm64
  portable and fully compliant implementation of NAT-PMP (dev files)

libnatpmp1t64/stable 20230423-1.2+b3 arm64
  portable and fully compliant implementation of NAT-PMP

libnbcompat-dev/stable 20240319-1 arm64
  NetBSD pkgsrc compatibility library

libncbi-vdb-dev/stable 3.2.1+dfsg-2 arm64
  libraries for using data in the INSDC Sequence Read Archives (devel)

libncbi-vdb3/stable 3.2.1+dfsg-2 arm64
  libraries for using data in the INSDC Sequence Read Archives

libnet-daap-dmap-perl/stable 1.27-1.1 all
  Perl module for reading and writing DAAP structures

libnet-dns-fingerprint-perl/stable 20190131-1.1 all
  library to determine DNS server vendor, product and version

libnet-gpsd3-perl/stable 0.19-2 all
  Perl interface to the gpsd server daemon protocol version 3 (JSON)

libnet-patricia-perl/stable 1.23-1 arm64
  Perl module for fast IP address lookups

libnet-route-perl/stable 0.02-4 all
  portable interface to the routing table

libnet-statsd-perl/stable 0.12-4 all
  perl client for Etsy's statsd daemon

libnetsds-kannel-perl/stable 1.300-7 all
  Service Delivery Suite framework - Kannel SMS gateway API

libnetsds-perl/stable 1.301-4 all
  Service Delivery Suite framework

libnetsds-util-perl/stable 1.045-2 all
  Service Delivery Suite framework - supplementary packages

libngspice0/stable 44.2+ds-1 arm64
  Spice circuit simulator - library

libngspice0-dev/stable 44.2+ds-1 arm64
  Spice circuit simulator - development files for libngspice

libnss-sss/stable 2.10.1-2+b1 arm64
  Nss library for the System Security Services Daemon

libnss-tls/stable 1.1-3+b3 arm64
  NSS module for encrypted DNS name resolution

libnvme-dev/stable 1.13-2 arm64
  NVMe management library (development)

libnvme1t64/stable 1.13-2 arm64
  NVMe management library (library)

libopenblas-dev/stable 0.3.29+ds-3 arm64
  Optimized BLAS (linear algebra) library (dev, meta)

libopenblas-openmp-dev/stable 0.3.29+ds-3 arm64
  Optimized BLAS (linear algebra) library (dev, openmp)

libopenblas-pthread-dev/stable 0.3.29+ds-3 arm64
  Optimized BLAS (linear algebra) library (dev, pthread)

libopenblas-serial-dev/stable 0.3.29+ds-3 arm64
  Optimized BLAS (linear algebra) library (dev, serial)

libopenblas0/stable 0.3.29+ds-3 arm64
  Optimized BLAS (linear algebra) library (meta)

libopenblas0-openmp/stable 0.3.29+ds-3 arm64
  Optimized BLAS (linear algebra) library (shared lib, openmp)

libopenblas0-pthread/stable 0.3.29+ds-3 arm64
  Optimized BLAS (linear algebra) library (shared lib, pthread)

libopenblas0-serial/stable 0.3.29+ds-3 arm64
  Optimized BLAS (linear algebra) library (shared lib, serial)

libopenblas64-0/stable 0.3.29+ds-3 arm64
  Optimized BLAS (linear algebra) library (shared lib, 64bit, meta)

libopenblas64-0-openmp/stable 0.3.29+ds-3 arm64
  Optimized BLAS (linear algebra) library (shared lib, 64bit, openmp)

libopenblas64-0-pthread/stable 0.3.29+ds-3 arm64
  Optimized BLAS (linear algebra) library (shared lib, 64bit, pthread)

libopenblas64-0-serial/stable 0.3.29+ds-3 arm64
  Optimized BLAS (linear algebra) library (shared lib, 64bit, serial)

libopenblas64-dev/stable 0.3.29+ds-3 arm64
  Optimized BLAS (linear algebra) library (dev, 64bit, meta)

libopenblas64-openmp-dev/stable 0.3.29+ds-3 arm64
  Optimized BLAS (linear algebra) library (dev, 64bit, openmp)

libopenblas64-pthread-dev/stable 0.3.29+ds-3 arm64
  Optimized BLAS (linear algebra) library (dev, 64bit, pthread)

libopenblas64-serial-dev/stable 0.3.29+ds-3 arm64
  Optimized BLAS (linear algebra) library (dev, 64bit, serial)

libopencsd-bin/stable 1.5.5-1 arm64
  ARM CoreSight trace decode utility

libopencsd-dev/stable 1.5.5-1 arm64
  ARM CoreSight trace decode library development files

libopencsd-doc/stable 1.5.5-1 all
  ARM CoreSight trace decode library documentation

libopencsd1/stable 1.5.5-1 arm64
  ARM CoreSight Trace decode library

libopenimageio-dev/stable 2.5.18.0+dfsg-1+b1 arm64
  Library for reading and writing images - development

libopenimageio-doc/stable 2.5.18.0+dfsg-1 all
  Library for reading and writing images - documentation

libopenimageio2.5/stable 2.5.18.0+dfsg-1+b1 arm64
  Library for reading and writing images - runtime

libopenr2-3/stable 1.3.3-2+b1 arm64
  MFC/R2 (telephony) call setup library

libopenr2-bin/stable 1.3.3-2+b1 arm64
  MFC/R2 (telephony) call setup library - test programs

libopenr2-dev/stable 1.3.3-2+b1 arm64
  MFC/R2 (telephony) call setup library - development headers

libopenxr-utils/stable 1.1.47~ds-2 arm64
  OpenXR software development kit -- utilities

libosd-dev/stable 3.6.0-3 arm64
  high performance subdivision surface (subdiv) library - development

libosd-doc/stable 3.6.0-3 all
  high performance subdivision surface (subdiv) library - documentation

libosdcpu3.6.0/stable 3.6.0-3 arm64
  high performance subdivision surface (subdiv) library - CPU runtime

libosdgpu3.6.0/stable 3.6.0-3 arm64
  high performance subdivision surface (subdiv) library - GPU runtime

libosip2-dev/stable 5.3.1-1.1+b1 arm64
  development files for the SIP library

libosmo-fl2k-dev/stable 0.1.1-2+b2 arm64
  use a VGA USB adapter as DAC and SDR transmitter - development

libosmo-fl2k0/stable 0.1.1-2+b2 arm64
  use a VGA USB adapter as DAC and SDR transmitter - library

libosmo-gsup-client-dev/stable 1.9.0+dfsg1-2 arm64
  Development headers of Osmocom GSUP client library

libosmo-gsup-client0/stable 1.9.0+dfsg1-2 arm64
  Osmocom GSUP (General Subscriber Update Protocol) client library

libosmoabis15/stable 2.0.0-2 arm64
  GSM A-bis handling

libosmoisdn-doc/stable 1.11.0-2 all
  Documentation for the Osmo ISDN utility library

libosmoisdn0/stable 1.11.0-2 arm64
  Osmo ISDN utility library

libosmosdr-dev/stable 0.1.8.effcaa7-10+b1 arm64
  Software defined radio support for OsmoSDR hardware (development files)

libosmosdr0/stable 0.1.8.effcaa7-10+b1 arm64
  Software defined radio support for OsmoSDR hardware (library)

libpam-mklocaluser/stable 0.20 all
  Configure PAM to create a local user if it does not exist already

libpam-sss/stable 2.10.1-2+b1 arm64
  Pam module for the System Security Services Daemon

libpam-ufpidentity/stable 1.0-1.1+b1 arm64
  PAM library for UFP identity

libpano13-bin/stable 2.9.22+dfsg-1.1+b1 arm64
  panorama tools utilities

libpapers-dev/stable 48.3-1 arm64
  Document (Comic Books, DjVu, PDF) rendering library - development files

libpapers-doc/stable 48.3-1 all
  Document (Comic Books, DjVu, PDF) rendering library - documentation

libparse-dmidecode-perl/stable 0.03-4 all
  interface to SMBIOS using dmidecode

libpath-finddev-perl/stable 0.5.3-2 all
  Perl module to find a development source tree somewhere in an upper hierarchy

libpath-isdev-perl/stable 1.001003-3 all
  Perl module to determine if a given Path resembles a development source tree

libpath-utils-dev/stable 0.6.2-3 arm64
  Development files for libpath_utils

libpath-utils1t64/stable 0.6.2-3 arm64
  Filesystem Path Utilities

libpdl-io-hdf-perl/stable 2.003-2 arm64
  PDL interface to read and write HDF4 files

libpeasd-3-0/stable 3.10.0-4 arm64
  GTK+ application plugin library - D bindings

libpeasd-3-dev/stable 3.10.0-4 arm64
  GTK+ application plugin library - development files for D

libpixelif-dev/stable 0.8.4-3.2 arm64
  Interface translating fizmo output into pixel data

libpktriggercord0/stable 0.85.1+20221221181244-2+b2 arm64
  library for Pentax cameras in MSC mode

libpod-wsdl-perl/stable 0.063-2 all
  creator of WSDL documents from (extended) POD

libpostgis-java/stable 1:2024.1.0-1 all
  Geographic objects support for PostgreSQL -- JDBC support

libppsdocument-4.0-5/stable 48.3-1 arm64
  Document (Comic Books, DjVu, PDF) rendering library

libpri-dev/stable 1.6.0-2+b1 arm64
  Primary Rate ISDN specification development files

libpri1.4/stable 1.6.0-2+b1 arm64
  Primary Rate ISDN specification library

libpulse-dev/stable 17.0+dfsg1-2+b1 arm64
  PulseAudio client development headers and libraries

libpulse-mainloop-glib0/stable 17.0+dfsg1-2+b1 arm64
  PulseAudio client libraries (glib support)

libpulse-ocaml/stable 0.1.5-3+b4 arm64
  OCaml interface to the PulseAudio sound server

libpulse-ocaml-dev/stable 0.1.5-3+b4 arm64
  OCaml interface to the pulseaudio library

libpulse0/stable,now 17.0+dfsg1-2+b1 arm64 [installed,automatic]
  PulseAudio client libraries

libpulsedsp/stable,now 17.0+dfsg1-2+b1 arm64 [installed,automatic]
  PulseAudio OSS pre-load library

libqgpsmm-dev/stable 3.25-5+deb13u1 arm64
  Global Positioning System - Qt wrapper for libgps (development)

libqgpsmm30t64/stable 3.25-5+deb13u1 arm64
  Global Positioning System - Qt wrapper for libgps

libqpid-proton-j-extensions-java/stable 1.2.5-1 all
  Websocket extension of Qpid Proton-J

librc-dev/stable 0.56-1 arm64
  dependency based service manager (runtime development)

librc1t64/stable 0.56-1 arm64
  dependency based service manager (runtime library)

librdkit-dev/stable 202503.1-4 arm64
  Collection of cheminformatics and machine-learning software (development files)

librdkit1t64/stable 202503.1-4 arm64
  Collection of cheminformatics and machine-learning software (shared libraries)

libre-dev/stable 2.0.1-3 arm64
  generic library for real-time communications (development files)

libre1/stable 2.0.1-3 arm64
  generic library for real-time communications with async IO support

libref-array-dev/stable 0.6.2-3 arm64
  Development files for refcounted array for C

libref-array1t64/stable 0.6.2-3 arm64
  refcounted array for C

librem5-tweaks/stable 8 all
  Default configuration settings for the Librem-5

libreoffice/stable 4:25.2.3-2+deb13u6 arm64
  office productivity suite (metapackage)

libreoffice-base-core/stable 4:25.2.3-2+deb13u6 arm64
  office productivity suite -- shared library

libreoffice-base-drivers/stable 4:25.2.3-2+deb13u6 arm64
  Database connectivity drivers for LibreOffice

libreoffice-dev/stable 4:25.2.3-2+deb13u6 arm64
  office productivity suite -- SDK -- architecture-dependent parts

libreoffice-dev-common/stable 4:25.2.3-2+deb13u6 all
  office productivity suite -- SDK -- architecture-independent parts

libreoffice-dev-doc/stable 4:25.2.3-2+deb13u6 all
  office productivity suite -- SDK documentation

libreoffice-sdbc-firebird/stable 4:25.2.3-2+deb13u6 arm64
  (embedded) Firebird SDBC driver for LibreOffice

libreoffice-sdbc-hsqldb/stable 4:25.2.3-2+deb13u6 arm64
  embedded HSQLDB SDBC driver for LibreOffice

libreoffice-sdbc-mysql/stable 4:25.2.3-2+deb13u6 arm64
  MariaDB/MySQL SDBC driver for LibreOffice

libreoffice-sdbc-postgresql/stable 4:25.2.3-2+deb13u6 arm64
  PostgreSQL SDBC driver for LibreOffice

librhash1/stable 1.4.5-1 arm64
  shared library for hash functions computing

librocksdb-dev/stable 9.10.0-1 arm64
  persistent Key-Value Store for Flash and RAM Storage (development)

librocksdb9.10/stable 9.10.0-1 arm64
  persistent Key-Value Store for Flash and RAM Storage

librte-compressdev25/stable 24.11.4-0+deb13u1 arm64
  Data Plane Development Kit (librte-compressdev runtime library)

librte-net25/stable 24.11.4-0+deb13u1 arm64
  Data Plane Development Kit (librte-net runtime library)

librtlsdr-dev/stable 2.0.2-2+b1 arm64
  Software defined radio receiver for Realtek RTL2832U (development)

librtlsdr0/stable 2.0.2-2+b1 arm64
  Software defined radio receiver for Realtek RTL2832U (library)

librust-exacl-dev/stable 0.10.0-4 arm64
  Manipulate file system access control lists (ACL) on macOS, Linux, and FreeBSD - Rust source code

librust-fst-dev/stable 0.4.7-1+b2 arm64
  Use finite state transducers to compactly represents sets or maps of many strings (> 1 billion is possible) - Rust source code

librust-librocksdb-sys-dev/stable 0.17.1-2 arm64
  Native bindings to librocksdb - Rust source code

librust-mdns-sd-dev/stable 0.13.3-1 arm64
  MDNS Service Discovery library with no async runtime dependency - Rust source code

librust-motis-openapi-sdk-dev/stable 1.0.0-1+b1 arm64
  MOTIS routing API - Rust source code

librust-oxrocksdb-sys-dev/stable 0.4.9-1 all
  Rust bindings for RocksDB for Oxigraph - Rust source code

librust-oxsdatatypes-dev/stable 0.4.0~really0.2.2+0.4.9-1 all
  some XSD datatypes for SPARQL implementations - Rust source code

librust-pidfile-rs-dev/stable 0.1.0-2+b2 arm64
  Rust wrapper for pidfile_* functions from libbsd/libutil - Rust source code

librust-pledge-dev/stable 0.3.1-1+b2 arm64
  Rust binding to OpenBSD's pledge(2) interface - Rust source code

librust-python-pkginfo-dev/stable 0.6.5-1 arm64
  Parse Python package metadata from sdist and bdists and etc - Rust source code

librust-rocksdb-dev/stable 0.23.0-1 arm64
  Rust wrapper for Facebook's RocksDB embeddable database - Rust source code

librust-sd-notify-dev/stable 0.4.1-2+b2 arm64
  Lightweight crate for systemd service state notifications - Rust source code

librust-statsd-dev/stable 0.16.0-1+b2 arm64
  Basic statsd client for rust - Rust source code

librust-sys-info-dev/stable 0.9.1-7 arm64
  Get system information in Rust - Rust source code

librust-tree-sitter-sdml-dev/stable 0.4.5-1 all
  sdml grammar for the tree-sitter parser - Rust source code

librust-unveil-dev/stable 0.2.0-1+b2 arm64
  Rust binding for OpenBSD's unveil(2) - Rust source code

librust-utmp-classic-raw-dev/stable 0.1.3-1.1 arm64
  Provides raw types for parsing login records in classic utmp (UNIXv1 & OpenBSD) file - Rust source code

librust-virtiofsd-dev/stable 1.13.2-1+deb13u1 arm64
  Virtio-fs vhost-user device daemon - Rust source code

librust-wayland-csd-frame-dev/stable 0.3.0-2 arm64
  Common trait and types for wayland CSD interop - Rust source code

libsdbus-c++-bin/stable 2.1.0-1 arm64
  High-level C++ D-Bus library for Linux in modern C++ (utilities)

libsdbus-c++-dev/stable 2.1.0-1 arm64
  High-level C++ D-Bus library for Linux in modern C++ (development files)

libsdbus-c++-doc/stable 2.1.0-1 all
  High-level C++ D-Bus library for Linux in modern C++ (documentation)

libsdbus-c++2/stable 2.1.0-1 arm64
  High-level C++ D-Bus library for Linux in modern C++ (library)

libsde1t64/stable 7.1.0-5+b1 arm64
  PAPI software defined events runtime (shared libraries)

libsdl-gfx1.2-5/stable 2.0.25-12+b2 arm64
  drawing and graphical effects extension for SDL

libsdl-gfx1.2-dev/stable 2.0.25-12+b2 arm64
  development files for SDL_gfx

libsdl-gfx1.2-doc/stable 2.0.25-12 all
  documentation files for SDL_gfx

libsdl-image1.2/stable 1.2.12-14 arm64
  Image loading library for Simple DirectMedia Layer 1.2, libraries

libsdl-image1.2-dev/stable 1.2.12-14 arm64
  Image loading library for Simple DirectMedia Layer 1.2, development files

libsdl-kitchensink-dev/stable 1.0.12-1+b1 arm64
  FFmpeg and SDL2 based library for audio and video playback - Development files

libsdl-kitchensink1/stable 1.0.12-1+b1 arm64
  FFmpeg and SDL2 based library for audio and video playback

libsdl-mixer1.2/stable 1.2.12-19+b1 arm64
  Mixer library for Simple DirectMedia Layer 1.2, libraries

libsdl-mixer1.2-dev/stable 1.2.12-19+b1 arm64
  Mixer library for Simple DirectMedia Layer 1.2, development files

libsdl-net1.2/stable 1.2.8-6+b2 arm64
  Network library for Simple DirectMedia Layer 1.2, libraries

libsdl-net1.2-dev/stable 1.2.8-6+b2 arm64
  Network library for Simple DirectMedia Layer 1.2, development files

libsdl-pango-dev/stable 0.1.2-8+b3 arm64
  text rendering with Pango in SDL applications (development)

libsdl-pango1/stable 0.1.2-8+b3 arm64
  text rendering with Pango in SDL applications (shared library)

libsdl-perl/stable 2.548-5+b1 arm64
  SDL bindings for the Perl language

libsdl-sge/stable 030809dfsg-11+b3 arm64
  extension of graphic functions for SDL multimedia libraries

libsdl-sge-dev/stable 030809dfsg-11+b3 arm64
  extension of graphic functions for the SDL multimedia, development files

libsdl-sound1.2/stable 1.0.3-9+b5 arm64
  Sound library for Simple DirectMedia Layer 1.2, libraries

libsdl-sound1.2-dev/stable 1.0.3-9+b5 arm64
  Sound library for Simple DirectMedia Layer 1.2, development files

libsdl-ttf2.0-0/stable 2.0.11-6+b2 arm64
  TrueType Font library for Simple DirectMedia Layer 1.2, libraries

libsdl-ttf2.0-dev/stable 2.0.11-6+b2 arm64
  TrueType Font library for Simple DirectMedia Layer 1.2, development files

libsdl1.2-compat/stable 1.2.68-3 arm64
  SDL 1.2 binary compatibility library - transitional package

libsdl1.2-compat-dev/stable 1.2.68-3 arm64
  SDL 1.2 binary compatibility library - transitional development files

libsdl1.2-compat-shim/stable 1.2.68-3 arm64
  libsdl1.2debian replacement using SDL 2.0 - transitional package

libsdl1.2-compat-tests/stable 1.2.68-3 arm64
  SDL 1.2 binary compatibility library - tests

libsdl1.2-dev/stable 1.2.68-3 arm64
  SDL 1.2 binary compatibility library - development files

libsdl1.2debian/stable 1.2.68-3 arm64
  SDL 1.2 binary compatibility library wrapping SDL 2.0

libsdl2-2.0-0/stable 2.32.4+dfsg-1 arm64
  Simple DirectMedia Layer

libsdl2-compat/stable 2.32.54+ds-1 arm64
  SDL 2 binary compatibility library wrapping SDL 3

libsdl2-compat-dev/stable 2.32.54+ds-1 arm64
  libsdl2-dev replacement using SDL 3

libsdl2-compat-shim/stable 2.32.54+ds-1 arm64
  libsdl2-2.0-0 replacement using SDL 3

libsdl2-compat-tests/stable 2.32.54+ds-1 arm64
  SDL 2 binary compatibility library - tests

libsdl2-dev/stable 2.32.4+dfsg-1 arm64
  Simple DirectMedia Layer development files

libsdl2-doc/stable 2.32.4+dfsg-1 all
  Reference manual for libsdl2

libsdl2-gfx-1.0-0/stable 1.0.4+dfsg-6 arm64
  drawing and graphical effects extension for SDL2

libsdl2-gfx-dev/stable 1.0.4+dfsg-6 arm64
  development files for SDL2_gfx

libsdl2-gfx-doc/stable 1.0.4+dfsg-6 all
  documentation files for SDL2_gfx

libsdl2-image-2.0-0/stable 2.8.8+dfsg-1 arm64
  Image loading library for Simple DirectMedia Layer 2, libraries

libsdl2-image-dev/stable 2.8.8+dfsg-1 arm64
  Image loading library for Simple DirectMedia Layer 2, development files

libsdl2-image-tests/stable 2.8.8+dfsg-1 arm64
  Image loading library for Simple DirectMedia Layer 2 - tests

libsdl2-mixer-2.0-0/stable 2.8.1+dfsg-2 arm64
  Mixer library for Simple DirectMedia Layer 2, libraries

libsdl2-mixer-dev/stable 2.8.1+dfsg-2 arm64
  Mixer library for Simple DirectMedia Layer 2, development files

libsdl2-net-2.0-0/stable 2.2.0+dfsg-3 arm64
  Network library for Simple DirectMedia Layer 2, libraries

libsdl2-net-dev/stable 2.2.0+dfsg-3 arm64
  Network library for Simple DirectMedia Layer 2, development files

libsdl2-pango4/stable 2.1.5-2 arm64
  pango extension for sdl2

libsdl2-pango4-dev/stable 2.1.5-2 arm64
  text rendering with Pango in SDL applications (development)

libsdl2-tests/stable 2.32.4+dfsg-1 arm64
  Simple DirectMedia Layer automated and manual tests

libsdl2-ttf-2.0-0/stable 2.24.0+dfsg-2 arm64
  TrueType Font library for Simple DirectMedia Layer 2, libraries

libsdl2-ttf-dev/stable 2.24.0+dfsg-2 arm64
  TrueType Font library for Simple DirectMedia Layer 2, development files

libsdl3-0/stable 3.2.10+ds-1 arm64
  Simple DirectMedia Layer, version 3

libsdl3-dev/stable 3.2.10+ds-1 arm64
  Simple DirectMedia Layer, version 3 development files

libsdl3-doc/stable 3.2.10+ds-1 all
  Reference manual for SDL 3

libsdl3-image-dev/stable 3.2.4+ds-1 arm64
  Image loading library for Simple DirectMedia Layer 3, development files

libsdl3-image-doc/stable 3.2.4+ds-1 all
  Image loading library for Simple DirectMedia Layer 3 - documentation

libsdl3-image-tests/stable 3.2.4+ds-1 arm64
  Image loading library for Simple DirectMedia Layer 3 - tests

libsdl3-image0/stable 3.2.4+ds-1 arm64
  Image loading library for Simple DirectMedia Layer 3, libraries

libsdl3-tests/stable 3.2.10+ds-1 arm64
  Simple DirectMedia Layer automated and manual tests

libsdl3-ttf-dev/stable 3.2.2+ds-1 arm64
  TrueType Font library for Simple DirectMedia Layer 3, development files

libsdl3-ttf-doc/stable 3.2.2+ds-1 all
  TrueType Font library for Simple DirectMedia Layer 3 - documentation

libsdl3-ttf-tests/stable 3.2.2+ds-1 arm64
  TrueType Font library for Simple DirectMedia Layer 3 - tests

libsdl3-ttf0/stable 3.2.2+ds-1 arm64
  TrueType Font library for Simple DirectMedia Layer 3, libraries

libsdo-api-java/stable 1.1.1-2 all
  Service Data Objects 2.1 Java API spec

libsdo-api-java-doc/stable 1.1.1-2 all
  Documentation for libsdo-api-java

libsdp-api-java/stable 1.0-2 all
  SDP API for Java

libsdp-dev/stable 6.2.0-5+b2 arm64
  Software package for semidefinite programming (development)

libsdp0/stable 6.2.0-5+b2 arm64
  Software package for semidefinite programming (library)

libsdsl-dev/stable 2.1.1+dfsg-5 arm64
  succinct data structure library - development files

libsdsl3/stable 2.1.1+dfsg-5 arm64
  succinct data structure library

libsejda-java/stable 4.3.14-1 all
  extendible PDF manipulation layer library written in Java

libsfst-dev/stable 1.7.0-1 arm64
  Development library SFST

libsfst1/stable 1.7.0-1 arm64
  Shared library for SFST

libsmf-dev/stable 1.3-4.1+b2 arm64
  Development files for the smf library

libsmf0t64/stable 1.3-4.1+b2 arm64
  LibSMF is a BSD-licensed C library for handling SMF ("*.mid") files

libsmpeg-dev/stable 0.4.5+cvs20030824-9.1+b1 arm64
  SDL MPEG Player Library - development files

libsmpeg0t64/stable 0.4.5+cvs20030824-9.1+b1 arm64
  SDL MPEG Player Library - shared libraries

libsnap7-1/stable 1.4.2+dfsg-1+b2 arm64
  Siemens S7 PLCs communications library

libsnap7-dev/stable 1.4.2+dfsg-1+b2 arm64
  Siemens S7 PLCs communications library -- dev files

libsndifsdl2-dev/stable 0.8.3-2+b1 arm64
  SDL2-based sound support for the fizmo interpreter

libsndio-dev/stable 1.10.0-0.1 arm64
  Small audio and MIDI framework from OpenBSD, development files

libsndio7.0/stable 1.10.0-0.1 arm64
  Small audio and MIDI framework from OpenBSD, runtime libraries

libsoap-wsdl-perl/stable 3.004-2 all
  Perl module for SOAP with WSDL support

libsoapysdr-dev/stable 0.8.1-5+b2 arm64
  SoapySDR library development files

libsoapysdr-doc/stable 0.8.1-5 all
  SoapySDR library development documentation

libsoapysdr0.8/stable 0.8.1-5+b2 arm64
  software defined radio interface library

libsocket++-dev/stable 1.12.13+git20131030.5d039ba-1+b2 arm64
  lightweight convenience library to handle low level BSD sockets in C++ -devel

libsocket++1/stable 1.12.13+git20131030.5d039ba-1+b2 arm64
  lightweight convenience library to handle low level BSD sockets in C++ - libs

libsoil-dev/stable 1.07.20080707.dfsg-3 arm64
  Simple OpenGL Image Library - development files

libsoil1/stable 1.07.20080707.dfsg-3 arm64
  Simple OpenGL Image Library

libspnav-dev/stable 1.2-1 arm64
  Library to access 3D-input-devices

libspnav0/stable 1.2-1 arm64
  Library to access 3D-input-devices (development files)

libsss-certmap-dev/stable 2.10.1-2+b1 arm64
  Certificate mapping library for SSSD -- development files

libsss-certmap0/stable 2.10.1-2+b1 arm64
  Certificate mapping library for SSSD

libsss-idmap-dev/stable 2.10.1-2+b1 arm64
  ID mapping library for SSSD -- development files

libsss-idmap0/stable 2.10.1-2+b1 arm64
  ID mapping library for SSSD

libsss-nss-idmap-dev/stable 2.10.1-2+b1 arm64
  SID based lookups library for SSSD -- development files

libsss-nss-idmap0/stable 2.10.1-2+b1 arm64
  SID based lookups library for SSSD

libsss-sudo/stable 2.10.1-2+b1 arm64
  Communicator library for sudo

libstaroffice-0.0-0/stable 0.0.7-1+b2 arm64
  Import filter library to import all StarOffice documents

libstaroffice-dev/stable 0.0.7-1+b2 arm64
  Import filter library to import all StarOffice documents -- development

libstaroffice-doc/stable 0.0.7-1 all
  Import filter library to import all StarOffice documents -- documentation

libstaroffice-tools/stable 0.0.7-1+b2 arm64
  Import filter library to import all StarOffice documents -- tools

libstb-dev/stable 0.0~git20241109.5c20573+ds-1 arm64
  single-file image and audio processing libraries for C/C++ - development headers

libstb0t64/stable 0.0~git20241109.5c20573+ds-1 arm64
  single-file image and audio processing libraries for C/C++

libstrongswan/stable 6.0.1-6+deb13u6 arm64
  strongSwan utility and crypto library

libswupdate-dev/stable 2024.12.1+dfsg-3+deb13u2 arm64
  Development files for swupdate framework

libswupdate0.1/stable 2024.12.1+dfsg-3+deb13u2 arm64
  Library for controlling the swupdate framework

libtcplay/stable 3.3-1+b1 arm64
  TrueCrypt and VeraCrypt implementation based on dm-crypt (library)

libtcplay-dev/stable 3.3-1+b1 arm64
  TrueCrypt and VeraCrypt implementation based on dm-crypt (development headers)

libterm-twiddle-perl/stable 2.73-4 all
  Perl module to twiddle a thingy while-u wait

libtest-needsdisplay-perl/stable 1.07-4 all
  module to ensure that tests needing a display have one

libtest-rdf-doap-version-perl/stable 0.010-3 all
  tests 'meta/changes.ttl' is up to date

libtest-weaken-perl/stable 3.022000-2 all
  Perl module to test that freed memory objects were actually freed

libtext-vfile-asdata-perl/stable 0.08-2 all
  generic perl module to read and write vfile files

libtime-period-perl/stable 1.25-3 all
  Perl library for testing if a time() is in a specific period

libtls28t64/stable 3.8.1-2.1+b2 arm64
  libtls shared library

libtsk-dev/stable 4.12.1+dfsg-3 arm64
  library for forensics analysis (development files)

libtsk19t64/stable 4.12.1+dfsg-3 arm64
  library for forensics analysis on volume and filesystem data

libtwelvemonkeys-java/stable 3.11.0+dfsg-2 all
  collection of plugins and extensions for Java's ImageIO

libtypes-xsd-lite-perl/stable 0.007-1 all
  type constraints based on a subset of XML schema datatypes

libtypes-xsd-perl/stable 0.008-1 all
  type constraints based on XML schema datatypes

libuima-as-java/stable 2.3.1-12 all
  Apache UIMA Asynch Scaleout framework

libukui-appwidget-manager0/stable 4.0.0.1-1+b2 arm64
  libukui app widget manager

libukui-appwidget-provider0/stable 4.0.0.1-1+b2 arm64
  libukui app widget provider

libunix-errno-ocaml/stable 0.6.2-1+b8 arm64
  errno variant that includes a variety of constructors

libunix-errno-ocaml-dev/stable 0.6.2-1+b8 arm64
  errno variant that includes a variety of constructors -- development files

libupnp-dev/stable 1:1.14.20-1+deb13u1 arm64
  Portable SDK for UPnP Devices, version 1.14 (development files)

libupnp-doc/stable 1:1.14.20-1+deb13u1 all
  Documentation for the Portable SDK for UPnP Devices

libupnp17t64/stable 1:1.14.20-1+deb13u1 arm64
  Portable SDK for UPnP Devices (shared library)

libusb3380-0t64/stable 0.0.1+git20190125.c83d1e9-2.1+b1 arm64
  USB3380 abstraction layer for libusb

libusb3380-dev/stable 0.0.1+git20190125.c83d1e9-2.1+b1 arm64
  USB3380 abstraction layer for libusb: development

libvamp-hostsdk3t64/stable 2.10.0-5 arm64
  helper library for Vamp hosts written in C++

libvamp-sdk2t64/stable 2.10.0-5 arm64
  helper library for Vamp plugins written in C++

libvdpau-dev/stable 1.5-3+b1 arm64
  Video Decode and Presentation API for Unix (development files)

libvdpau-doc/stable 1.5-3 all
  Video Decode and Presentation API for Unix (documentation)

libvdpau1/stable,now 1.5-3+b1 arm64 [installed,automatic]
  Video Decode and Presentation API for Unix (libraries)

libvisio-tools/stable 0.1.7-1+b5 arm64
  library for parsing the visio file structure -- tools

libvoikko1/stable 4.3.2-1+b2 arm64
  Library of free natural language processing tools

libvst3sdk-dev/stable 3.7.10.14+~4.13.3-4 arm64
  VST SDK development files

libwiretap-dev/stable 4.4.16-0+deb13u1 arm64
  network packet capture library -- development files

libwiretap15/stable 4.4.16-0+deb13u1 arm64
  network packet capture library -- shared library

libwsdl4j-java/stable 1.6.3-4.1 all
  Webservice description language for Java

libwsdl4j-java-doc/stable 1.6.3-4.1 all
  Documentation for Java Web Services Library

libwxbase3.2-1t64/stable 3.2.8+dfsg-2 arm64
  wxBase library (runtime) - non-GUI support classes of wxWidgets toolkit

libxdgutilsdesktopentry1.0.1/stable 1.0.1-3.1+b2 arm64
  Implementation Desktop Entry in Free Desktop Standards for C++

libxmlbeans-maven-plugin-java/stable 2.3.3-4.1 all
  Maven XMLBeans Plugin

libxosd-dev/stable 2.2.15-1 arm64
  X On-Screen Display library - development

libxosd2/stable 2.2.15-1 arm64
  X On-Screen Display library - runtime

libxtrx-dev/stable 0.0.1+git20191219.98458ce-3+b2 arm64
  High-level XTRX API library: development

libxtrx0/stable 0.0.1+git20191219.98458ce-3+b2 arm64
  High-level XTRX API library

libxtrxdsp-dev/stable 0.0.1+git20190830.eec2864-3+b2 arm64
  Library of DSP functions, developed for XTRX SDR: development

libxtrxdsp0/stable 0.0.1+git20190830.eec2864-3+b2 arm64
  Library of DSP functions, developed for XTRX SDR

libxtrxll-dev/stable 0.0.1+git20201202.1b6eddf-1.2+b2 arm64
  Low-level XTRX hardware abstraction library: development

libxtrxll0t64/stable 0.0.1+git20201202.1b6eddf-1.2+b2 arm64
  Low-level XTRX hardware abstraction library

libxxsds-dynamic-dev/stable 1.0~alpha.1+git20210426.548c6f7-2 all
  succinct and compressed fully-dynamic data structures library

libzug-dev/stable 0.1.1-1+b1 arm64
  C++ library providing transducers -- development files

libzvbi-common/stable,now 0.2.44-1 all [installed,automatic]
  Vertical Blanking Interval decoder (VBI) - common files

libzvbi-dev/stable 0.2.44-1 arm64
  Vertical Blanking Interval decoder (VBI) - development files

libzvbi-doc/stable 0.2.44-1 all
  Vertical Blanking Interval decoder (VBI) - documentation files

libzvbi0t64/stable,now 0.2.44-1 arm64 [installed,automatic]
  Vertical Blanking Interval decoder (VBI) - runtime files

limesuite/stable 23.11.0+dfsg-3+b2 arm64
  tools to test, control and update LMS7 transceiver based hardware

limesuite-udev/stable 23.11.0+dfsg-3 all
  Lime Suite - USB rules for udev

log2ram/stable 1.7.2+ds-1 arm64
  redirects log file writes into RAM

lomiri-keyboard/stable 1.0.3-1 arm64
  Lomiri on-screen keyboard

lomiri-keyboard-data/stable 1.0.3-1 all
  Lomiri on-screen keyboard data files

lomiri-keyboard-dev/stable 1.0.3-1 all
  Lomiri on-screen keyboard - development files

lpr/stable 1:2008.05.17.3+nmu3.1 arm64
  BSD lpr/lpd line printer spooling system

lsd/stable 1.1.5-5+b1 arm64
  ls command with a lot of pretty colors and some other stuff

lsdvd/stable 0.20-1 arm64
  read the content info of a DVD

lttoolbox/stable 3.8.0-2 arm64
  Apertium lexical processing modules and tools

lttoolbox-dev/stable 3.8.0-2 arm64
  Development tools and library for lttoolbox

lua-ljsyscall/stable 0.12-1.1 all
  Unix system calls for LuaJIT

lua-swupdate/stable 2024.12.1+dfsg-3+deb13u2 arm64
  swupdate bindings for the Lua language

luma.oled-doc/stable 3.10.0-1 all
  doc for library interfacing OLED matrix displays

lvm2-dbusd/stable 2.03.31-2 all
  LVM2 D-Bus daemon

machineid/stable 1.0.1-2+b4 arm64
  Get the unique machine id of any host (program)

mailfilter/stable 0.8.9-1+b3 arm64
  Program that filters your incoming e-mail to help remove spam

makefs/stable 20190105-3+b1 arm64
  create a cd9660 or ffs filesystem image from a directory tree

maliit-framework/stable 2.3.0-5+b1 arm64
  Maliit Input Method Framework

maliit-framework-dev/stable 2.3.0-5+b1 arm64
  Maliit Input Method Framework - Development Files

maliit-inputcontext-gtk2/stable 0.99.1+git20151116.72d7576-3+b2 arm64
  Maliit Inputcontext for GTK+-2 applications

maliit-inputcontext-gtk3/stable 0.99.1+git20151116.72d7576-3+b2 arm64
  Maliit Inputcontext for GTK+-3 applications

man2html/stable 1.6g-16+b2 arm64
  browse man pages in your web browser

mandoc/stable 1.14.6-4 arm64
  BSD manpage compiler toolset

manpages/stable,now 6.9.1-1 all [installed,automatic]
  Manual pages about using a GNU/Linux system

manpages-cs/stable 4.27.0-1 all
  Czech man pages

manpages-da/stable 4.27.0-1 all
  Danish man pages

manpages-de/stable 4.27.0-1 all
  German man pages

manpages-es/stable 4.27.0-1 all
  Spanish man pages

manpages-fr/stable 4.27.0-1 all
  French man pages

manpages-it/stable 4.27.0-1 all
  Italian man pages

manpages-ja/stable 0.5.0.0.20221215+dfsg-1 all
  Japanese version of the manual pages (for users)

manpages-ja-dev/stable 0.5.0.0.20221215+dfsg-1 all
  Japanese version of the manual pages (for developers)

manpages-ko/stable 4.27.0-1 all
  Korean man pages

manpages-nl/stable 4.27.0-1 all
  Dutch man pages

manpages-pl/stable 1:4.27.0-1 all
  Polish man pages

manpages-pt-br/stable 4.27.0-1 all
  Brazilian Portuguese man pages

manpages-ro/stable 4.27.0-1 all
  Romanian man pages

manpages-ru/stable 4.27.0-1 all
  Russian man pages

manpages-sv/stable 4.27.0-1 all
  Swedish man pages

manpages-tr/stable 2.0.6-2 all
  Turkish version of the manual pages

manpages-uk/stable 4.27.0-1 all
  Ukrainian man pages

mariadb-plugin-provider-bzip2/stable 1:11.8.6-0+deb13u1 arm64
  BZip2 compression support in the server and storage engines

mariadb-plugin-provider-lz4/stable 1:11.8.6-0+deb13u1 arm64
  LZ4 compression support in the server and storage engines

mariadb-plugin-provider-lzma/stable 1:11.8.6-0+deb13u1 arm64
  LZMA compression support in the server and storage engines

mariadb-plugin-provider-lzo/stable 1:11.8.6-0+deb13u1 arm64
  LZO compression support in the server and storage engines

mariadb-plugin-provider-snappy/stable 1:11.8.6-0+deb13u1 arm64
  Snappy compression support in the server and storage engines

mariadb-plugin-rocksdb/stable 1:11.8.6-0+deb13u1 arm64
  RocksDB storage engine for MariaDB server

mcstrans/stable 3.8.1-1 arm64
  SELinux core policy utilities (mcstrans utilities)

mcu8051ide/stable 1.4.9-2 all
  Graphical Integrated Development Environment for 8051

mda-lv2/stable 1.2.10-2+b1 arm64
  Paul Kellett's MDA plugins ported to LV2

mdk4/stable 4.2-5 arm64
  Wireless attack tool for IEEE 802.11 networks

mdns-scan/stable 0.5-5+b1 arm64
  Scan for mDNS/DNS-SD services published on the local network

mdnsd/stable 0.12-5 arm64
  embeddable Multicast DNS Daemon

mecab-naist-jdic/stable 0.6.3.b-20111013-11 all
  free Japanese Dictionaries for mecab (replacement of mecab-ipadic)

mecab-naist-jdic-eucjp/stable 0.6.3.b-20111013-11 all
  free Japanese Dictionaries for mecab (replacement of mecab-ipadic) in EUC-JP

mednafen/stable 1.32.1+dfsg-2+b1 arm64
  multi-platform emulator, including NES, GB/A, Lynx, PC Engine

meshsdfilter-tools/stable 1.0+1gitb81411-2+b2 arm64
  Static/Dynamic Filtering for Mesh Geometry

mgba-sdl/stable 0.10.5+dfsg-1 arm64
  Game Boy Advance emulator (SDL frontend for mGBA)

mininet/stable 2.3.0-1.1+b1 arm64
  process-based network emulator

minissdpd/stable 1.6.0-3 arm64
  keep memory of all UPnP devices that announced themselves

ministat/stable 20150715-1+b3 arm64
  simple tool for statistical comparison of data sets

miri-sdr/stable 2.0.0-4+b2 arm64
  Software defined radio support for Mirics hardware (tools)

mirrormagic/stable 3.3.1+dfsg1-1 arm64
  Shoot around obstacles to collect energy using your beam.

mk-configure/stable 0.37.0-2 all
  lightweight replacement for GNU autotools

mksh/stable 59c-41+b2 arm64
  MirBSD Korn Shell

mmc-utils/stable 0+git20240329.f757f413-1+b1 arm64
  Userspace tools for MMC/SD devices

mmllib-tools/stable 1.4-1 all
  library for handling Music Macro Language (tools)

mmsd-tng/stable 2.6.3-1 arm64
  Multimedia Messaging Service Daemon - The Next Generation

modem-manager-gui/stable 0.0.20-6+b3 arm64
  GUI front-end for ModemManager / Wader / oFono

moria/stable 5.7.13-1.1 arm64
  Rogue-like game with an infinite dungeon, also known as umoria

mplayer/stable 2:1.5+svn38674-2 arm64
  movie player for Unix-like systems

mplayer-gui/stable 2:1.5+svn38674-2 arm64
  movie player for Unix-like systems (GUI variant)

mpv/stable 0.40.0-3+deb13u1 arm64
  video player based on MPlayer/mplayer2

mrboom/stable 5.5+ds-1+b1 arm64
  8 player Bomberman

mscgen/stable 0.20-16 arm64
  Message Sequence Chart (MSC) generator

mtail/stable 3.0.9-1+b8 arm64
  Extract monitoring data from logs for collection in a timeseries database

mtools/stable 4.0.48-1 arm64
  Tools for manipulating MSDOS files

mtree-netbsd/stable 20180822-9 arm64
  Validates directory tree against specification

multiboot/stable 0.6.96+20101113-3 all
  The Multiboot specification

multitee/stable 3.0-6.1 arm64
  send multiple inputs to multiple outputs

myspell-da/stable 1.6.36-17 all
  The Comprehensive Danish Dictionary (DSDO) - myspell

nageru/stable 2.3.0-2 arm64
  modern free software video mixer

naist-jdic/stable 1:0.4.3-21 all
  free Japanese Dictionaries for ChaSen (replacement of ipadic)

naist-jdic-utf8/stable 1:0.4.3-21 all
  free Japanese Dictionaries for ChaSen (replacement of ipadic) in UTF-8

nas/stable 1.9.4-9 arm64
  Network Audio System - local server

nasm/stable 2.16.03-1 arm64
  General-purpose x86 assembler

natpmpc/stable 20230423-1.2+b3 arm64
  portable and fully compliant implementation of NAT-PMP (client)

navit/stable 0.5.6+dfsg.1-4 arm64
  Car navigation system with routing engine

navit-data/stable 0.5.6+dfsg.1-4 all
  Car navigation system with routing engine - data files

navit-graphics-gtk-drawing-area/stable 0.5.6+dfsg.1-4 arm64
  Car navigation system with routing engine - GTK+ graphic plugin

navit-gui-gtk/stable 0.5.6+dfsg.1-4 arm64
  Car navigation system with routing engine - GTK+ GUI

navit-gui-internal/stable 0.5.6+dfsg.1-4 arm64
  Car navigation system with routing engine - internal GUI

nbsdgames/stable 5-8 arm64
  text based mini games for your terminal

ncal/stable 12.1.8+b1 arm64
  display a calendar and the date of Easter

ncbi-tools-bin/stable 6.1.20170106+dfsg2-6 arm64
  NCBI libraries for biology applications (text-based utilities)

ncbi-tools-x11/stable 6.1.20170106+dfsg2-6 arm64
  NCBI libraries for biology applications (X-based utilities)

ncbi-vdb-data/stable 3.2.1+dfsg-2 all
  schemata and defaults for the INSDC Sequence Read Archives

netcat-openbsd/stable 1.229-1 arm64
  TCP/IP swiss army knife

netcat-traditional/stable 1.10-50 arm64
  TCP/IP swiss army knife

netconsd/stable 0.4.1-1+b1 arm64
  Netconsole Daemon

netperf/stable 2.7.0+git20210121.3bc455b+ds-3 arm64
  Network performance benchmark

netpipes/stable 4.2-8+b3 arm64
  manipulate BSD TCP/IP stream sockets

networking-bgpvpn-doc/stable 22.0.0-1 all
  OpenStack virtual network service - BGP-MPLS VPN Extension - doc

nextepc-hss/stable 0.3.10+nods-4.3 arm64
  Evolved Packet Core - Home Subscriber Server (HSS)

nfs-common/stable 1:2.8.3-1 arm64
  NFS support files common to client and server

ngspice/stable 44.2+ds-1 arm64
  Spice circuit simulator

ngspice-dev/stable 44.2+ds-1 arm64
  Spice circuit simulator - development files for ngspice and tclspice

ngspice-doc/stable 44.2+ds-1 all
  Documentation for the NGspice circuit simulator

node-bcrypt-pbkdf/stable 1.0.2-3 all
  Port of the OpenBSD bcrypt_pbkdf function to pure JS

node-copy-paste/stable 1.5.3-1 all
  access to the system clipboard

node-diff/stable 5.0.0~dfsg+~5.0.1-4 all
  javascript text differencing implementation

node-doctrine/stable 3.0.0-4 all
  JSDoc parser

node-js-sdsl/stable 4.1.4-3 all
  javascript standard data structure library

node-jsdoc2/stable 2.4.0-3 all
  automatic documentation generation tool for JavaScript

node-jsdom/stable 20.0.3+~cs124.18.21-5 all
  javascript implementation of the W3C DOM

node-lynx/stable 0.2.1-5 all
  Minimalistic StatsD client for Node.js programs

node-min-document/stable 2.19.0+~cs2.20.2-2 all
  Node.js library to provide a minimal DOM implementation

node-parse5/stable 7.1.2+dfsg-3 all
  HTML parser and serializer for Node.js

node-parse5-html-rewriting-stream/stable 7.1.2+dfsg-3 all
  Streaming HTML rewriter for Node.js

node-parse5-htmlparser2-tree-adapter/stable 7.1.2+dfsg-3 all
  node-htmlparser2 tree adapter

node-parse5-parser-stream/stable 7.1.2+dfsg-3 all
  Streaming HTML parser with scripting support for Node.js

node-parse5-plain-text-conversion-stream/stable 7.1.2+dfsg-3 all
  Stream that converts plain text files into HTML documents for Node.js

node-parse5-sax-parser/stable 7.1.2+dfsg-3 all
  Streaming SAX-style HTML parser for Node.js

node-react-test-renderer/stable 18.1.0~18.2.0+dfsg+~cs88.72.123-1 all
  Experimental React renderer to be used to render React components to pure JavaScript objects

node-sdp-jingle-json/stable 3.1.0-4 all
  parser/serializer for SDP to JSON

node-statsd-parser/stable 0.0.4-4 all
  Streaming parser for the statsd protocol for Node.js

node-tar/stable 6.2.1+~cs7.0.8-1+deb13u1 all
  read and write portable tar archives module for Node.js

node-wikibase-sdk/stable 8.1.1+ds-1 all
  functions to query Wikibase instances

notify-osd/stable 0.9.35+20.04.20191129-2 arm64
  daemon that displays passive pop-up notifications

nq/stable 1.0-0.2+b1 arm64
  Lightweight queue system

nsd/stable 4.12.0-1 arm64
  authoritative domain name server

nsdiff/stable 1.85-2 all
  generate nsupdate script from DNS zone differences

nss-tlsd/stable 1.1-3+b3 arm64
  encrypted DNS name resolution daemon

nulib2/stable 3.1.0-5+b1 arm64
  NuFX and Binary II archive utility

nutsqlite/stable 2.0.6-4 all
  Dietary nutrition analysis software

nvi/stable 1.81.6-23 arm64
  4.4BSD re-implementation of vi

nvi-doc/stable 1.81.6-23 all
  4.4BSD re-implementation of vi - documentation files

nvme-cli/stable 2.13-2 arm64
  NVMe management tool

nwchem/stable 7.2.3-10 all
  High-performance computational chemistry software (default MPI)

nwchem-mpich/stable 7.2.3-10 arm64
  High-performance computational chemistry software (MPICH build)

nwchem-openmpi/stable 7.2.3-10 arm64
  High-performance computational chemistry software (OpenMPI build)

octave-control/stable 4.1.1-1 arm64
  computer-aided control system design (CACSD) for Octave

odr-dabmod/stable 3.0.0+ds-1 arm64
  DAB modulator compliant to ETSI EN 300 401

onesixtyone/stable 0.3.4-1+b1 arm64
  fast and simple SNMP scanner

open-infrastructure-storage-tools/stable 20190301-lts1-6 all
  Additional utilities to manage Ceph

open-isns-discoveryd/stable 0.101-1+b1 arm64
  Internet Storage Name Service - iSNS discovery daemon

open-isns-server/stable 0.101-1+b1 arm64
  Internet Storage Name Service - iSNS server

open-jtalk-mecab-naist-jdic/stable 1.11-5 all
  NAIST Japanese Dictionary for Open JTalk

open-vm-tools-sdmp/stable 2:12.5.0-2+deb13u1 arm64
  Open VMware Tools for VMs hosted on VMware (Service Discovery Plugin)

openafs-fuse/stable 1.8.13.2-1 arm64
  AFS distributed file system experimental FUSE client

openbgpd/stable 8.8-1 arm64
  OpenBSD BGP daemon

openbsd-inetd/stable 0.20221205-3+b3 arm64
  OpenBSD Internet Superserver

opencl-1.2-html-doc/stable 1.0~svn33624-5.1 all
  OpenCL 1.2 documentation - html pages

opendoas/stable 6.8.2-1+b1 arm64
  minimal replacement for sudo, with persist support

opengl-4-html-doc/stable 1.0~svn33624-3 all
  OpenGL 4 documentation - html pages

opengnb/stable 1.6.0.a-2 arm64
  P2P de-centralized layer 3 VPN

openimageio-tools/stable 2.5.18.0+dfsg-1+b1 arm64
  Library for reading and writing images - command line tools

openmolcas/stable 25.02-2 arm64
  Quantum chemistry software package

openntpd/stable 1:6.2p3-4.2+b3 arm64
  OpenBSD NTP daemon

openrc/stable 0.56-1 arm64
  dependency based service manager (runlevel change mechanism)

opensmtpd/stable 7.6.0p1-1 arm64
  secure, reliable, lean, and easy-to configure SMTP server

opentelemetry-cpp/stable 1.19.0-3 arm64
  OpenTelemetry C++ SDK library

openxr-layer-apidump/stable 1.1.47~ds-2 arm64
  OpenXR software development kit -- API dump layer

openxr-layer-corevalidation/stable 1.1.47~ds-2 arm64
  OpenXR software development kit -- validation layer

optee-os-dev/stable 4.5.0-2 arm64
  SDK of OP-TEE Trusted OS

osdclock/stable 0.5-26+b1 arm64
  Clock using the XOSD library

osdlyrics/stable 0.5.15+dfsg-2+deb13u1 arm64
  Show synchronized lyrics with various media players

osk-sdl/stable 0.67.1-4 arm64
  Lightweight On-Screen-Keyboard based on SDL2

osmo-bsc-bs11-utils/stable 1.13.0-2 arm64
  Command line utilities for Siemens BS-11 BTS

osmo-fl2k/stable 0.1.1-2+b2 arm64
  use a VGA USB adapter as DAC and SDR transmitter

osmo-sdr/stable 0.1.8.effcaa7-10+b1 arm64
  Software defined radio support for OsmoSDR hardware (tools)

osmo-trx/stable 1.7.1-1 arm64
  SDR transceiver that implements Layer 1 of a GSM BTS

ovn-controller-vtep/stable 25.03.0-1 arm64
  OVN vtep controller

ovn-ic-db/stable 25.03.0-1 arm64
  Open Virtual Network interconnection controller databases

oz/stable 0.17.0-6 all
  Install virtual machine guest OSs with minimal input from the user

pacpl/stable 6.1.3-1 all
  multi-purpose audio converter/ripper/tagger script

pal/stable 0.4.3-11 arm64
  command-line calendar program that can keep track of events

pamtester/stable 0.1.2-4+b1 arm64
  utility program to test the PAM facility

pandorafms-agent/stable 6.0-1 all
  Pandora FMS - The Flexible Monitoring System (agent)

paprefs/stable 1.2-1+b1 arm64
  PulseAudio Preferences

parted/stable 3.6-5 arm64
  disk partition manipulator

pasdoc/stable 0.16.0-2+b1 arm64
  documentation tool for Pascal source code

patator/stable 1.0-4 all
  Multi-purpose brute-forcer

patchutils/stable 0.4.2-1+b1 arm64
  Utilities to work with patches

pax/stable 1:20240817-1 arm64
  Portable Archive Interchange (cpio, pax, tar)

pcs/stable 0.12.0.2-1 all
  Pacemaker Configuration System

pdfsandwich/stable 0.1.7-3 arm64
  Tool to generate "sandwich" OCR pdf files

pdns-tools/stable 4.9.16-0+deb13u1 arm64
  Tools for DNS debugging by PowerDNS

pecomato/stable 0.0.15-11+b1 arm64
  Picture-embedded contents manipulation tool

pesign/stable 116-8.1 arm64
  Signing utility for UEFI binaries

php-async-aws-core/stable 1.25.0-1 all
  AsyncAws Core - AsyncAws component

php-async-aws-ses/stable 1.11.0-1 all
  AsyncAws Ses - AsyncAws component

php-async-aws-sns/stable 1.9.0-1 all
  AsyncAws Sns - AsyncAws component

php-async-aws-sqs/stable 2.5.0-1 all
  AsyncAws Sqs - AsyncAws component

php-econea-nusoap/stable 0.9.19+dfsg-1 all
  Fixed NuSOAP for PHP 5.4 - 8.2

pico-sdk-source/stable 2.1.1-1 all
  headers and libraries to write programs for RP2040-based devices

pike8.0-dnssd/stable 8.0.1956-1 arm64
  DNS Service Discovery (DNS-SD) for Pike

pike8.0-sdl/stable 8.0.1956-1 arm64
  SDL module for Pike

pimd/stable 2.3.2-4+b2 arm64
  multicast routing daemon (PIMv2)

pioasm/stable 2.1.1-1 arm64
  Assemble file of PIO program(s) for use in applications

pirs-examples/stable 2.0.2+dfsg-12 all
  profile basd Illumina pair-end Reads Simulator (example data)

pirs-profiles/stable 2.0.2+dfsg-12 all
  profile basd Illumina pair-end Reads Simulator (profile data)

plantuml/stable 1:1.2020.2+ds-6 all
  text-to-UML converter

plasma-sdk/stable 6.3.4-1 arm64
  IDE tailored for development of Plasma components

plocate/stable 1.1.23-1 arm64
  much faster locate

plopfolio.app/stable 0.1.0-9+b2 arm64
  Personal dashboard for GNUstep

polenum/stable 1.6.1-2 all
  Extracts the password policy from a Windows system

ponyprog/stable 3.1.4+ds-1 arm64
  Serial device programmer

poppass-cgi/stable 3-6.2 all
  CGI script to interact with a poppassd server

poppassd/stable 1.8.5-8 arm64
  password change server for Eudora and NUPOP

posterazor/stable 1.5.1-10+b2 arm64
  splits an image across multiple pages for assembly into a poster

postgis/stable 3.5.2+dfsg-1 arm64
  Geographic objects support for PostgreSQL

postgis-doc/stable 3.5.2+dfsg-1 all
  Geographic objects support for PostgreSQL -- documentation

postgresql-17-postgis-3/stable 3.5.2+dfsg-1 arm64
  Geographic objects support for PostgreSQL 17

postgresql-17-postgis-3-scripts/stable 3.5.2+dfsg-1 all
  Geographic objects support for PostgreSQL 17 -- SQL scripts

postgresql-17-rdkit/stable 202503.1-4 arm64
  Cheminformatics and machine-learning software (PostgreSQL Cartridge)

postgresql-postgis/stable 3.5.2+dfsg-1 arm64
  Geographic objects support for PostgreSQL -- Metapackage

postgresql-postgis-scripts/stable 3.5.2+dfsg-1 all
  Geographic objects support for PostgreSQL -- SQL scripts metapackage

postsrsd/stable 1.10-2.2 arm64
  Sender Rewriting Scheme (SRS) lookup table for Postfix

prboom-plus/stable 3:0.29.0+dfsg-1 all
  transitional dummy package (prboom-plus -> dsda-doom)

prboom-plus-game-server/stable 3:0.29.0+dfsg-1 all
  transitional dummy package (prboom-plus-game-server -> dsda-doom)

prelude-lml-rules/stable 5.2.0-1 all
  Security Information and Events Management System [ LML Rules ]

printer-driver-cups-pdf/stable 3.0.2-3 arm64
  printer driver for PDF writing via CUPS

procinfo/stable 1:2.0.304-7+b1 arm64
  tools to display information from /proc and /sys

profile-sync-daemon/stable 6.50-1 all
  Symlink and sync browser profile directories into RAM

proftpd-mod-statsd/stable 0.1-1+b7 arm64
  ProFTPD module mod_statsd

projectm-sdl/stable 3.1.12-4+b2 arm64
  projectM SDL module

prometheus-pushgateway/stable 1.11.0-1+b6 arm64
  Prometheus exporter for ephemereal jobs

prosody-modules/stable 0.0~hg20250402.f315edc39f3d+dfsg-2 all
  Selection of community modules for Prosody

psutils/stable,now 3.3.8-1 all [installed]
  PostScript document handling utilities

ptpd/stable 2.3.1-debian1-4+b2 arm64
  Precision Time Protocol daemon

pulseaudio/stable 17.0+dfsg1-2+b1 arm64
  PulseAudio sound server

pulseaudio-equalizer/stable 17.0+dfsg1-2+b1 arm64
  Equalizer sink module for PulseAudio sound server

pulseaudio-module-bluetooth/stable 17.0+dfsg1-2+b1 arm64
  Bluetooth module for PulseAudio sound server

pulseaudio-module-gsettings/stable 17.0+dfsg1-2+b1 arm64
  GSettings module for PulseAudio sound server

pulseaudio-module-jack/stable 17.0+dfsg1-2+b1 arm64
  jackd modules for PulseAudio sound server

pulseaudio-module-lirc/stable 17.0+dfsg1-2+b1 arm64
  lirc module for PulseAudio sound server

pulseaudio-module-raop/stable 17.0+dfsg1-2+b1 arm64
  RAOP module for PulseAudio sound server

pulseaudio-module-zeroconf/stable 17.0+dfsg1-2+b1 arm64
  Zeroconf module for PulseAudio sound server

pulseaudio-utils/stable,now 17.0+dfsg1-2+b1 arm64 [installed]
  Command line tools for the PulseAudio sound server

pyomop/stable 4.3.0-1 all
  OHSDI OMOP Common Data Model tools

pyprof2calltree/stable 1.4.5-1 all
  visualise Python cProfile data with this kcachegrind converter

pysdl2-doc/stable 0.9.17+dfsg-1 all
  Python bindings to the SDL2 C-library - documentation

python-aiodogstatsd-doc/stable 0.16.0-4 all
  asyncio-based client for sending metrics to StatsD (docs)

python-aioftp-doc/stable 0.24.1-2 all
  FTP client and server for asyncio (common documentation)

python-asdf-doc/stable 4.1.0-2 all
  Python library for the Advanced Scientific Data Format (documentation)

python-azure-doc/stable 20250603+git-1 all
  Microsoft Azure SDK for Python - Documentation

python-bsddb3-doc/stable 6.2.9-4 all
  Documentation for the python Berkeley DB interface module

python-cotyledon-doc/stable 1.7.3-3 all
  framework for defining long-running services - doc

python-cyborgclient-doc/stable 2.5.0-2 all
  Python client for cyborg API - doc

python-django-allauth-doc/stable 65.0.2-1 all
  Django app for local and social authentication (Documentation)

python-esda-doc/stable 2.7.0-1 all
  Exploratory Spatial Data Analysis (common documentation)

python-freezerclient-doc/stable 6.0.0-3 all
  OpenStack backup restore and disaster recovery service - doc files

python-gsd-doc/stable 3.4.2-2 all
  native file format for HOOMD-blue (documentation)

python-itsdangerous-doc/stable 2.2.0-2 all
  Various helpers to pass trusted data to untrusted environment - doc

python-mbed-host-tests-doc/stable 1.4.4-11 all
  module and utilities to flash, reset and test Mbed Enabled devices (docs)

python-mbed-ls-doc/stable 1.6.2+dfsg-12 all
  mbed-ls library documentation

python-mdtraj-doc/stable 1.10.3-2 all
  Read, write and analyze MD trajectories in Python (documentation)

python-openstacksdk-doc/stable 4.4.0-5 all
  SDK for building applications to work with OpenStack - doc

python-ovsdbapp-doc/stable 2.11.0-2 all
  library for creating OVSDB applications - doc

python-pkginfo-doc/stable 1.12.1.2-2 all
  Python module to query metadata from packages documentation

python-pydl-doc/stable 1.0.1-2 all
  Library of IDL astronomy routines converted to Python (doc)

python-pygame-doc/stable 2.6.1-1 all
  SDL bindings for games development in Python (documentation)

python-pyomop-doc/stable 4.3.0-1 all
  OHSDI OMOP Common Data Model tools (Documentation)

python-sasdata-doc/stable 0.9.0-3 all
  Data file handling for small-angle scattering (documentation)

python-sentry-sdk-doc/stable 2.18.0-1 all
  New Python SDK for Sentry.io (Documentation)

python-serial-asyncio-doc/stable 0.6-4 all
  Async I/O extension package for pyserial (documentation)

python-xmlschema-doc/stable 3.4.5-1 all
  documentation and examples for xmlschema

python3-aioapcaccess/stable 0.5.0-2 all
  async version of the apcaccess library

python3-aiodogstatsd/stable 0.16.0-4 all
  asyncio-based client for sending metrics to StatsD with support of DogStatsD

python3-aioftp/stable 0.24.1-2 all
  FTP client and server for asyncio (Python 3)

python3-aiomeasures/stable 0.5.14-6 all
  collect and send metrics to StatsD for Python

python3-arpy/stable 1.1.1-5 all
  library for accessing "ar" archives

python3-asdf/stable 4.1.0-2 all
  Python 3 library for the Advanced Scientific Data Format

python3-asdf-astropy/stable 0.7.1-1 all
  ASDF serialization support for astropy

python3-asdf-coordinates-schemas/stable 0.3.0-1 all
  ASDF schemas for validating coordinates tags

python3-asdf-standard/stable 1.1.1-1 all
  Python package describing the Advanced Scientific Data Format

python3-asdf-transform-schemas/stable 0.5.0-1 all
  ASDF schemas for validating transform tags

python3-asdf-wcs-schemas/stable 0.4.0-1 all
  ASDF schemas for validating WCS tags

python3-astropy-healpix/stable 1.1.2-1 arm64
  HEALPix representation of spherical data - Python 3

python3-async-upnp-client/stable 0.44.0-1 all
  Asynchronous UPnP client library for Python

python3-automat/stable 25.4.16-1 all
  Self-service finite-state machines for the programmer on the go

python3-aws-xray-sdk/stable 0.95-4 all
  AWS X-Ray SDK for Python 3

python3-azure/stable 20250603+git-1 all
  Microsoft Azure SDK for Python 3.x

python3-azure-cli-testsdk/stable 2.74.0-1 all
  Azure Command-Line Interface (CLI) - testsdk modules

python3-azure-kusto-data/stable 5.0.3-1 all
  Microsoft Azure Kusto (Azure Data Explorer) SDK for Python

python3-azure-multiapi-storage/stable 1.4.0-1 all
  Azure Storage Data Plane SDK supporting multiple API versions

python3-b2sdk/stable 2.8.0-1 all
  Python library to access B2 cloud storage

python3-bladerf/stable 0.2024.05-1 arm64
  Nuand bladeRF software-defined radio device (Python)

python3-boltons/stable 25.0.0-1 all
  set of pure-Python utilities (Python 3)

python3-bsddb3/stable 6.2.9-4+b1 arm64
  Python interface for Berkeley DB (Python 3.x)

python3-cg3/stable 1.5.1-1 arm64
  Wrapper for CG-3

python3-cotyledon/stable 1.7.3-3 all
  framework for defining long-running services - Python 3.x

python3-crccheck/stable 1.3.0-1 all
  implementation of 170+ CRC algorithms for Python 3

python3-cyborg/stable 14.0.0-3+deb13u1 all
  OpenStack Acceleration as a Service - Python library

python3-cyborgclient/stable 2.5.0-2 all
  Python client for cyborg API - Python 3.x

python3-dbusdeviation/stable 0.6.1+git20240205+f5e6774af579-3 arm64
  parse D-Bus introspection XML and process it in various ways

python3-dipy/stable 1.11.0-2 all
  Python library for the analysis of diffusion MRI datasets

python3-django-allauth/stable 65.0.2-1 all
  Django app for local and social authentication (Python 3 version)

python3-django-dynamic-preferences/stable 1.17.0-1 all
  Dynamic global and instance settings for your django project

python3-django-push-notifications/stable 1.6.0-3 all
  Send push notifications through GCM or APNS in Django (Python3 version)

python3-drms/stable 0.9.0-1 all
  Access HMI, AIA and MDI data with Python

python3-dropbox/stable 12.0.2-2 all
  Official Dropbox API Client (Python3 version)

python3-esda/stable 2.7.0-1 all
  Exploratory Spatial Data Analysis

python3-ewoksdask/stable 0.2.0-4 all
  distributed task scheduling for Ewoks worflows

python3-ewoksdata/stable 0.6.0~rc0-4 all
  data access utilities for Ewoks workflows

python3-filetype/stable 1.2.0-1 all
  Infer file type and MIME type of any file/buffer

python3-freezerclient/stable 6.0.0-3 all
  OpenStack backup restore and disaster recovery service - client files

python3-globus-sdk/stable 3.54.0-1 all
  convenient Pythonic interface to Globus APIs

python3-gps/stable 3.25-5+deb13u1 arm64
  Global Positioning System - Python 3 libraries

python3-gsd/stable 3.4.2-2+b1 arm64
  native file format for HOOMD-blue (Python 3 module)

python3-hdf4/stable 0.11.6-1+b2 arm64
  Python-HDF4: Python interface to the NCSA HDF4 library

python3-hfst/stable 3.16.2-1+b1 arm64
  Helsinki Finite-State Transducer Technology (Python3 module)

python3-ibm-cloud-sdk-core/stable 3.19.2-1 all
  Client library for the IBM Cloud services (Python3 version)

python3-indigo/stable 1.2.3-3.1 all
  Organic Chemistry Toolkit (Python module)

python3-ionoscloud/stable 6.1.9-3 all
  Python SDK for the Ionos Cloud API

python3-itsdangerous/stable 2.2.0-2 all
  Various helpers to pass trusted data to untrusted environment - Python 3.x

python3-kytos-sphinx-theme/stable 0.0.1+dfsg-2 all
  Theme used by kytos with sphinx -- Python

python3-libluksde/stable 20240503-1+b1 arm64
  library to access LUKS Disk Encryption volumes -- Python 3 bindings

python3-libnatpmp/stable 20230423-1.2+b3 arm64
  portable and fully compliant implementation of NAT-PMP (Python 3 bindings)

python3-libnvme/stable 1.13-2 arm64
  NVMe management library (Python)

python3-luma.oled/stable 3.10.0-1 arm64
  library interfacing OLED matrix displays

python3-maturin/stable 1.8.3-1 arm64
  Build and publish crates with pyo3

python3-mbed-host-tests/stable 1.4.4-11 all
  module and utilities to flash, reset and test Mbed Enabled devices

python3-mbed-ls/stable 1.6.2+dfsg-12 all
  module listing mbed-enabled devices connected to host (Python 3)

python3-mdtraj/stable 1.10.3-2+b1 arm64
  Read, write and analyze MD trajectories in Python

python3-mmllib/stable 1.4-1 all
  library for handling Music Macro Language (Python 3)

python3-monasca-statsd/stable 2.7.0-4 all
  monasca statsd client - Python 3.x

python3-monotonic/stable 1.6-3 all
  implementation of time.monotonic() - Python 3.x

python3-morph/stable 0.1.3-5 all
  collection of routines to help identify and morph objects - Python 3.x

python3-networking-bgpvpn/stable 22.0.0-1 all
  OpenStack virtual network service - BGP-MPLS VPN Extension - Python 3.x

python3-openimageio/stable 2.5.18.0+dfsg-1+b1 arm64
  Library for reading and writing images - Python bindings

python3-openstacksdk/stable 4.4.0-5 all
  SDK for building applications to work with OpenStack - Python 3.x

python3-oscrypto/stable 1.3.0-7 all
  cryptography library for Python

python3-ovsdbapp/stable 2.11.0-2 all
  library for creating OVSDB applications - Python 3.x

python3-packbits/stable 0.6-2 all
  PackBits encoder and decoder

python3-pako/stable 0.3.1-2.1 all
  Universal package manager library (Python 3)

python3-parallel/stable 0.2.2-4 all
  pyparallel - module encapsulating access for the parallel port

python3-parsedatetime/stable 2.6-3 all
  Python 3 module to parse human-readable date/time expressions

python3-pil/stable,now 11.1.0-5+deb13u4 arm64 [installed,automatic]
  Python Imaging Library (Python3)

python3-pkginfo/stable 1.12.1.2-2 all
  Python 3.x module to query metadata from packages

python3-psd-tools/stable 1.10.7+dfsg.1-1+deb13u1 arm64
  library for working with Adobe Photoshop PSD files (Python 3)

python3-psd-tools-doc/stable 1.10.7+dfsg.1-1+deb13u1 all
  library for working with Adobe Photoshop PSD files (documentation)

python3-psutil/stable 7.0.0-2 arm64
  module providing convenience functions for managing processes (Python3)

python3-pyarmnn/stable 23.08-5 arm64
  PyArmNN is a python extension for the Armnn SDK

python3-pydl/stable 1.0.1-2 all
  Library of IDL astronomy routines converted to Python 3

python3-pygame/stable 2.6.1-1+b2 arm64
  SDL bindings for games development (Python 3)

python3-pygame-sdl2/stable 8.2.2-1+b4 arm64
  reimplementation of the Pygame API using SDL2

python3-pyomop/stable 4.3.0-1 all
  OHSDI OMOP Common Data Model tools (Python3 version)

python3-pyvmomi/stable 8.0.3.0.1-1 all
  VMware vSphere Python SDK - Python 3.x

python3-rdkit/stable 202503.1-4 arm64
  Collection of cheminformatics and machine-learning software

python3-rosdep2/stable 0.25.1-2 all
  rosdep package manager abstraction tool for Robot OS (Python 3)

python3-rosdistro/stable 1.0.1-2 all
  Tool to work with rosdistro files (for Robot OS, Python 3)

python3-sasdata/stable 0.9.0-3 all
  Data file handling for small-angle scattering (Python 3)

python3-sdbus/stable 0.14.0-1 arm64
  modern Python D-Bus library

python3-sdjson/stable 0.5.0-4 all
  single-dispatch JSON encoder for Python

python3-sdl2/stable 0.9.17+dfsg-1 all
  Python bindings to the SDL2 C-library (Python 3 build)

python3-sdnotify/stable 0.3.2-2 all
  Python3 implementation of systemd's service notification protocol

python3-sentry-sdk/stable 2.18.0-1 all
  New Python SDK for Sentry.io (Python 3)

python3-serial/stable 3.5-2 all
  pyserial - module encapsulating access for the serial port

python3-serial-asyncio/stable 0.6-4 all
  Async I/O extension package for pyserial

python3-sharkiq/stable 1.1.0-1 all
  Python API for controlling Shark IQ robot vacuums

python3-soapysdr/stable 0.8.1-5+b2 arm64
  SoapySDR Python 3 bindings

python3-spake2/stable 0.9-1 all
  SPAKE2 password-authenticated key exchange (pure python)

python3-spyne/stable 2.14.0-7 all
  Python library for writing and calling soap web service

python3-ssdeep/stable 3.4.1-2 arm64
  Python 3.x wrapper for the ssdeep piecewise hashing tool

python3-ssdpy/stable 0.4.1-2 all
  Lightweight, compatible SSDP library for Python

python3-sss/stable 2.10.1-2+b1 arm64
  Python3 module for the System Security Services Daemon

python3-statsd/stable 4.0.1-3 all
  Python client for the statsd daemon (Python 3)

python3-suds/stable 1.2.0-2 all
  Lightweight SOAP client for Python - Python 3.x

python3-tplink-omada-client/stable 1.4.4-1 all
  Client for TP-Link Omada SDN Controller API

python3-translate/stable 3.15.1-1 all
  Toolkit assisting in the localization of software (Python 3)

python3-tree-sitter-sdml/stable 0.4.5-1 arm64
  sdml grammar for the tree-sitter parser - Python bindings

python3-twilio/stable 9.4.1-1 all
  Twilio API client and TwiML generator

python3-vsts-cd-manager/stable 1.0.2-6 all
  Visual Studio Team Services Continuous Delivery Manager

python3-vulndb/stable 0.1.3-4 all
  Python3 tool to provide access to the vulndb information

python3-xmlschema/stable 3.4.5-1 all
  implementation of XML Schema for Python

python3-zeep/stable 4.3.1-2 all
  Modern SOAP client library (Python 3)

python3-zigpy-deconz/stable 0.25.0-1 all
  Communication library for deCONZ-based Zigbee devices

qemu-system-gui/stable 1:10.0.11+ds-0+deb13u1 arm64
  QEMU full system emulation binaries (graphical display and audio modules)

qml6-module-qtwebengine-controlsdelegates/stable 6.8.2+dfsg-4 arm64
  Qt 6 WebEngine Controls Delegates QML module

qthid-fcd-controller/stable 4.1-6+b3 arm64
  Funcube Dongle controller

quakespasm/stable 0.96.3+dfsg-1+b1 arm64
  engine for iD software's Quake

quisk/stable 4.2.32-2+b1 arm64
  Software Defined Radio (SDR)

r-bioc-affxparser/stable 1.78.0-3 arm64
  Affymetrix File Parsing SDK

r-bioc-delayedmatrixstats/stable 1.28.1+ds-1 all
  Functions on Rows and Columns of 'DelayedMatrix' Objects

r-bioc-tcgabiolinksgui.data/stable 1.26.0+dfsg-2 all
  Data for the TCGAbiolinksGUI package

r-cran-ape/stable 5.8-1-1 arm64
  GNU R package for Analyses of Phylogenetics and Evolution

r-cran-bitops/stable 1.0-9-1 arm64
  GNU R package implementing bitwise operations

r-cran-lsd/stable 4.1-0-2 all
  Lots of Superior Depictions

r-cran-maldiquantforeign/stable 0.14.1-1 all
  GNU R package providing import/export routines for MALDIquant

r-cran-mets/stable 1.3.5+dfsg-1 arm64
  GNU R analysis of multivariate event times

r-cran-multcompview/stable 0.1-10-1 all
  GNU R visualizations of paired comparisons

r-cran-poissonbinomial/stable 1.2.7-1 arm64
  GNU R Efficient Computation of Ordinary and Generalized Poisson

r-cran-rcsdp/stable 0.1.57.5-1+b1 arm64
  R Interface to the CSDP Semidefinite Programming Library

r-cran-rsdmx/stable 1:0.6-5+dfsg-1 all
  GNU R package for the Statistical Data and Metadata Exchange (SDMX) framework

r-cran-sdmtools/stable 1.1-221.2-2 arm64
  Species Distribution Modelling Tools

r-cran-spatstat.linnet/stable 3.2-5-1 arm64
  linear networks functionality of the 'spatstat' family of GNU R

r-cran-surveillance/stable 1.24.1-1 arm64
  GNU R package for the Modeling and Monitoring of Epidemic Phenomena

raritan-json-rpc-doc/stable 4.3.0+ds-1 all
  Documentation for Raritan Xerus™ JSON-RPC SDK

rasdaemon/stable 0.8.3-1 arm64
  utility to receive RAS error tracings

rbdoom3bfg/stable 1.4.0+dfsg-5 arm64
  Doom3 BFG edition game engine

rbldnsd/stable 1.0~20210120-3+b2 arm64
  small nameserver daemon designed for DNSBLs

rbootd/stable 3.3 arm64
  Remote Boot Daemon

rdnssd/stable 1.0.7-1+b1 arm64
  IPv6 recursive DNS server discovery daemon

readsb/stable 3.14.1630+git20240609.adc080d-1 arm64
  Mode-S/ADSB/TIS decoder for RTLSDR, BladeRF, Modes-Beast and GNS5894 devices

realmd/stable 0.17.1-3+b3 arm64
  DBus service for configuring kerberos and other online identities

resource-agents/stable 1:4.16.0-3+deb13u2 arm64
  Cluster Resource Agents

rhash/stable 1.4.5-1 arm64
  utility for computing hash sums and magnet links

rlinetd/stable 0.9.3-3 arm64
  gruesomely over-featured inetd replacement

rlpr/stable 2.06-2+b1 arm64
  utility for lpd printing without using /etc/printcap

robocut/stable 1.0.11-1+b3 arm64
  Control program for Graphtec cutting plotters

rocksdb-tools/stable 9.10.0-1 arm64
  persistent Key-Value Store for Flash and RAM Storage (tools)

ros-robot-lisp-dev/stable 1.18 all
  LISP Robot OS robot development metapackage

rosdiagnostic/stable 1.11.0+ds-8 all
  command line tool to print aggregated diagnostic (Robot OS)

rpki-client/stable 9.5-1 arm64
  OpenBSD RPKI validator

rtl-ais/stable 0.3+git20240507+ds-1+b2 arm64
  simple AIS tuner and generic dual-frequency FM demodulator

rtl-sdr/stable 2.0.2-2+b1 arm64
  Software defined radio receiver for Realtek RTL2832U (tools)

ruby-aliyun-sdk/stable 0.8.0-3+b4 arm64
  Aliyun OSS SDK for Ruby

ruby-aws-eventstream/stable 1.3.0-1 all
  AWS Event Stream Library

ruby-aws-partitions/stable 1.1005.0-1 all
  provider of information about AWS partitions, regions, and services

ruby-aws-sdk/stable 1.67.0-3 all
  Amazon Web Services SDK for Ruby

ruby-aws-sdk-cloudformation/stable 1.41.0-2 all
  AWS SDK for Ruby - AWS CloudFormation

ruby-aws-sdk-core/stable 3.212.0-1 all
  AWS SDK for Ruby - Core

ruby-aws-sdk-kms/stable 1.24.0-3 all
  AWS SDK for Ruby - KMS

ruby-aws-sdk-s3/stable 1.170.1-1 all
  AWS SDK for Ruby - Amazon S3

ruby-aws-sigv4/stable 1.10.1-1 all
  AWS Signature Version 4 library

ruby-bcrypt/stable 3.1.20-1+b2 arm64
  Ruby binding for the bcrypt() password hashing algorithm

ruby-bcrypt-pbkdf/stable 1.1.1-1+b3 arm64
  Ruby library for OpenBSD's bcrypt_pdkfd

ruby-delayer-deferred/stable 2.2.0-1 all
  Ruby implementation of JSDeferred

ruby-faraday-middleware-aws-sigv4/stable 1.0.1-2 all
  Faraday middleware for AWS Signature Version 4 using aws-sigv4

ruby-fastimage/stable 2.4.0-1 all
  Ruby library for finding the size or type of image with minimal dependency

ruby-gitlab-sdk/stable 0.3.1-2 all
  Client side Ruby SDK for GitLab Application services

ruby-messagebus-api/stable 3.0.7+git.20130130.97b34ece.REALLY.1.0.3-4 all
  Send email through the Message Bus service

ruby-rbvmomi/stable 1.8.2-2 all
  Ruby interface to the VMware vSphere API

ruby-rgen/stable 0.10.2-1 all
  Ruby Modelling and Generator Framework

ruby-sd-notify/stable 0.1.1-2 all
  Pure Ruby implementation of systemd's sd_notify

ruby-sdbm/stable 1.0.0-5+b7 arm64
  simple file-based key-value store with String keys and values

ruby-sdl/stable 2.2.0-2+b7 arm64
  Ruby/SDL interface for Ruby

ruby-sdoc/stable 1.1.0-1 all
  RDoc generator to build searchable HTML documentation for Ruby code

ruby-statsd/stable 1.4.0-1.1 all
  StatsD client for Ruby

ruby-telesign/stable 2.2.4-1 all
  TeleSign Ruby SDK

ruby-telesignenterprise/stable 2.2.2-2 all
  TeleSign Enterprise Ruby SDK

runit-services/stable 0.9.1+deb13u1 all
  UNIX init scheme with service supervision (services)

rusersd/stable 0.17-13 arm64
  Logged in users server

s-nail/stable 14.9.25-1 arm64
  feature-rich BSD mail(1)

samba-dsdb-modules/stable 2:4.22.10+dfsg-0+deb13u1 arm64
  Samba Directory Services Database

sane-airscan/stable 0.99.35-1 arm64
  SANE backend for AirScan (eSCL) and WSD document scanner

satdump/stable 1.2.2-1 arm64
  Generic satellite data processing software

scheme9/stable 2018.12.05-2 arm64
  Scheme 9 from Empty Space R4RS Scheme interpreter

sd/stable 1.0.0-3+b6 arm64
  intuitive find and replace CLI

sd-multispeech/stable 4.6.2-2 arm64
  Multilingual Speech Dispatcher backend

sd-mux-ctrl/stable 0.0.3-3+b2 arm64
  Tool for controlling multiple sd-mux devices

sd2epub/stable 0.9.6-3+b1 arm64
  StarOffice to OpenDocument converter

sd2odf/stable 0.9.6-3+b1 arm64
  StarOffice to OpenDocument converter

sdate/stable 0.7+b1 arm64
  never ending September date

sdcc/stable 4.5.0+dfsg-1 arm64
  Small Device C Compiler

sdcc-doc/stable 4.5.0+dfsg-1 all
  Small Device C Compiler (documentation)

sdcc-libraries/stable 4.5.0+dfsg-1 all
  Small Device C Compiler (libraries)

sdcc-ucsim/stable 4.5.0+dfsg-1 arm64
  Micro-controller simulator for SDCC

sdcv/stable 0.5.5-3 arm64
  StarDict Console Version

sddm/stable 0.21.0+git20250502.4fe234b-2 arm64
  modern display manager for X11

sddm-theme-breeze/stable 4:6.3.6-1 arm64
  Breeze SDDM theme

sddm-theme-debian-breeze/stable 4:6.3.6-1 arm64
  Debian Breeze SDDM theme

sddm-theme-debian-elarun/stable 0.21.0+git20250502.4fe234b-2 all
  'Debian Elarun' Theme for SDDM X11 display manager

sddm-theme-debian-maui/stable 0.21.0+git20250502.4fe234b-2 all
  'Debian Maui' theme for SDDM X11 display manager

sddm-theme-elarun/stable 0.21.0+git20250502.4fe234b-2 all
  'Elarun' Theme for SDDM X11 display manager

sddm-theme-maldives/stable 0.21.0+git20250502.4fe234b-2 all
  'Maldives' theme for SDDM X11 display manager

sddm-theme-maui/stable 0.21.0+git20250502.4fe234b-2 all
  'Maui' theme for SDDM X11 display manager

sddm-theme-maya/stable 0.21.0+git20250502.4fe234b-2 all
  'Maya' theme for SDDM X11 display manager

sdf/stable 2.001+1-9 all
  Simple Document Parser

sdf-doc/stable 2.001+1-9 all
  Documentation and examples for the Simple Document Parser

sdkmanager/stable 0.6.11-2 all
  Package manager for Android SDK packages

sdl-ball/stable 1.04+dfsg-2 arm64
  brick-breaking game like DX-Ball/Arkanoid

sdl-ball-data/stable 1.04+dfsg-2 all
  brick-breaking game like DX-Ball/Arkanoid - data files

sdlfrotz/stable 2.55+dfsg-2 arm64
  interpreter of Z-code story-files (SDL version)

sdml/stable 0.3.2+20250310-1+b1 arm64
  CLI tool for Simple Domain Modeling Language (SDML)

sdop/stable 1.10-3+b2 arm64
  Simplified DocBook Processor

sdparm/stable 1.12-2+b1 arm64
  Output and modify SCSI device parameters

sdpb/stable 1.0-4+b5 arm64
  Semidefinite program solver

sdpb-doc/stable 1.0-4 all
  Semidefinite program solver (documentation)

secure-delete/stable 3.1-12 arm64
  tools to wipe files, free disk space, swap and memory

sffview/stable 0.5.0-7 arm64
  Structured Fax File (SFF) Viewer

sfst/stable 1.7.0-1 arm64
  Stuttgart finite-state transducer tools

signify-openbsd/stable 32-1.1+b1 arm64
  Lightweight cryptographic signing and verifying tool

signify-openbsd-keys/stable 2025.1 all
  Public keys for use with signify-openbsd

signing-party/stable 2.12-1 arm64
  Various OpenPGP related tools

sip-tools/stable 6.10.0-2 all
  Python bindings generator for C/C++ libraries — command line tools

slashem/stable 0.0.7E7F3-12 arm64
  variant of Nethack

slashem-common/stable 0.0.7E7F3-12 arm64
  files common to all slashem-packages

slashem-sdl/stable 0.0.7E7F3-12 arm64
  variant of Nethack (SDL window port)

sleuthkit/stable 4.12.1+dfsg-3 arm64
  tools for forensics analysis on volume and filesystem data

smb4k/stable 4.0.0-1+deb13u1 arm64
  Samba (SMB) share advanced browser

smf-utils/stable 1.3-4.1+b2 arm64
  Utilities to support the smf library

smpeg-plaympeg/stable 0.4.5+cvs20030824-9.1+b1 arm64
  SMPEG command line MPEG audio/video player

sndio-tools/stable 1.10.0-0.1 arm64
  Small audio and MIDI framework from OpenBSD, basic tools

sndiod/stable 1.10.0-0.1 arm64
  Small audio and MIDI framework from OpenBSD, sound server

snibbetracker/stable 1.1.1-4 arm64
  Fakebit music tracker

snowdrop/stable 0.02b-15+b1 arm64
  plain text watermarking and watermark recovery

soapyosmo-common0.8/stable 0.2.5-8+b5 arm64
  Use gr-osmosdr drivers with SoapySDR (common files)

soapyremote-server/stable 0.5.2-4+b2 arm64
  Use SoapySDR devices over network (server)

soapysdr-module-airspy/stable 0.2.0-4+b2 arm64
  Airspy device support for SoapySDR (default version)

soapysdr-module-all/stable 0.8.1-5+b2 arm64
  All device support for default version of SoapySDR (metapackage)

soapysdr-module-audio/stable 0.1.1-6+b1 arm64
  Audio device support for SoapySDR (default version)

soapysdr-module-bladerf/stable 0.4.2-1 arm64
  bladeRF device support for SoapySDR (default version)

soapysdr-module-hackrf/stable 0.3.4-2 arm64
  HackRF device support for SoapySDR (default version)

soapysdr-module-lms7/stable 23.11.0+dfsg-3+b2 arm64
  Lime Microsystems LMS7 device support for SoapySDR (default version)

soapysdr-module-mirisdr/stable 0.2.5-8+b5 arm64
  Mirics SDR device support for SoapySDR (default version)

soapysdr-module-osmosdr/stable 0.2.5-8+b5 arm64
  OsmoSDR device support for SoapySDR (default version)

soapysdr-module-redpitaya/stable 0.1.1-5+b2 arm64
  RedPitaya device support for SoapySDR (default version)

soapysdr-module-remote/stable 0.5.2-4+b2 arm64
  Use SoapySDR devices over network (default client module)

soapysdr-module-rfspace/stable 0.2.5-8+b5 arm64
  RFSpace device support for SoapySDR (default version)

soapysdr-module-rtlsdr/stable 0.3.3-1+b4 arm64
  RTL-SDR device support for SoapySDR (default version)

soapysdr-module-uhd/stable 0.4.1-5 arm64
  UHD device support for SoapySDR (default version)

soapysdr-module-xtrx/stable 0.0.1+git20191219.98458ce-3+b2 arm64
  XTRX device support for SoapySDR (default version)

soapysdr-tools/stable 0.8.1-5+b2 arm64
  software defined radio interface library tools

soapysdr0.8-module-airspy/stable 0.2.0-4+b2 arm64
  Airspy device support for SoapySDR

soapysdr0.8-module-all/stable 0.8.1-5+b2 arm64
  All device support for SoapySDR (metapackage)

soapysdr0.8-module-audio/stable 0.1.1-6+b1 arm64
  Audio device support for SoapySDR

soapysdr0.8-module-bladerf/stable 0.4.2-1 arm64
  bladeRF device support for SoapySDR

soapysdr0.8-module-hackrf/stable 0.3.4-2 arm64
  HackRF device support for SoapySDR

soapysdr0.8-module-lms7/stable 23.11.0+dfsg-3+b2 arm64
  Lime Microsystems LMS7 device support for SoapySDR

soapysdr0.8-module-mirisdr/stable 0.2.5-8+b5 arm64
  Mirics SDR device support for SoapySDR

soapysdr0.8-module-osmosdr/stable 0.2.5-8+b5 arm64
  OsmoSDR device support for SoapySDR

soapysdr0.8-module-redpitaya/stable 0.1.1-5+b2 arm64
  RedPitaya device support for SoapySDR

soapysdr0.8-module-remote/stable 0.5.2-4+b2 arm64
  Use SoapySDR devices over network (client module)

soapysdr0.8-module-rfspace/stable 0.2.5-8+b5 arm64
  RFSpace device support for SoapySDR

soapysdr0.8-module-rtlsdr/stable 0.3.3-1+b4 arm64
  RTL-SDR device support for SoapySDR

soapysdr0.8-module-uhd/stable 0.4.1-5 arm64
  UHD device support for SoapySDR

soapysdr0.8-module-xtrx/stable 0.0.1+git20191219.98458ce-3+b2 arm64
  XTRX device support for SoapySDR

sockstat/stable 0.4.1-1+b1 arm64
  view detailed information about open connections

sopwith/stable 2.8.0-1 arm64
  port of the 1980's side-scrolling WWI dogfighting game

spampd/stable 2.62-2 all
  spamassassin based SMTP/LMTP proxy daemon

srain/stable 1.7.0-1+b1 arm64
  graphical IRC client based on GTK+

ssdeep/stable 2.14.1+git20180629.57fcfff-3+b2 arm64
  recursive piecewise hashing tool

sssd/stable 2.10.1-2+b1 arm64
  System Security Services Daemon -- metapackage

sssd-ad/stable 2.10.1-2+b1 arm64
  System Security Services Daemon -- Active Directory back end

sssd-ad-common/stable 2.10.1-2+b1 arm64
  System Security Services Daemon -- PAC responder

sssd-common/stable 2.10.1-2+b1 arm64
  System Security Services Daemon -- common files

sssd-dbus/stable 2.10.1-2+b1 arm64
  System Security Services Daemon -- D-Bus responder

sssd-idp/stable 2.10.1-2+b1 arm64
  System Security Services Daemon -- Kerberos plugins for external id providers

sssd-ipa/stable 2.10.1-2+b1 arm64
  System Security Services Daemon -- IPA back end

sssd-kcm/stable 2.10.1-2+b1 arm64
  System Security Services Daemon -- Kerberos KCM server implementation

sssd-krb5/stable 2.10.1-2+b1 arm64
  System Security Services Daemon -- Kerberos back end

sssd-krb5-common/stable 2.10.1-2+b1 arm64
  System Security Services Daemon -- Kerberos helpers

sssd-ldap/stable 2.10.1-2+b1 arm64
  System Security Services Daemon -- LDAP back end

sssd-passkey/stable 2.10.1-2+b1 arm64
  System Security Services Daemon -- passkey helpers and plugins

sssd-proxy/stable 2.10.1-2+b1 arm64
  System Security Services Daemon -- proxy back end

sssd-tools/stable 2.10.1-2+b1 arm64
  System Security Services Daemon -- tools

starlink-util-java/stable 1.0+2024.11.05-1 all
  Miscellaneous utilities for the Starjava classes

starlink-util-java-doc/stable 1.0+2024.11.05-1 all
  Miscellaneous utilities for the Starjava classes (documentation)

starvoyager/stable 0.4.4-13 arm64
  2D space arcade game, themed around 'Star Trek' - binary

starvoyager-data/stable 0.4.4-13 all
  2D space arcade game, themed around 'Star Trek' - data files

stella/stable 7.0+dfsg-2 arm64
  Atari 2600 Emulator for SDL & the X Window System

sublist3r/stable 1.1-4 all
  Fast subdomains enumeration tool for penetration testers

sudo-ldap/stable 1.9.16p2-3+deb13u2 arm64
  Provide limited super user privileges (with LDAP support, deprecated)

swayosd/stable 0.1.0-5 arm64
  OSD for common actions like volume and brightness

swirc/stable 3.5.4-1 arm64
  Curses ICB and IRC client

swupdate/stable 2024.12.1+dfsg-3+deb13u2 arm64
  Software update framework for embedded systems

swupdate-doc/stable 2024.12.1+dfsg-3+deb13u2 all
  Documentation for swupdate framework

swupdate-www/stable 2024.12.1+dfsg-3+deb13u2 all
  Web Application for swupdate

systemd-boot/stable 257.13-1~deb13u1 arm64
  simple UEFI boot manager - integration and services

systemd-boot-efi/stable 257.13-1~deb13u1 arm64
  simple UEFI boot manager - EFI binaries

systemd-boot-tools/stable 257.13-1~deb13u1 arm64
  simple UEFI boot manager - tools

systemd-netlogd/stable 1.4.4-1 arm64
  journal message forwarder

systemtap-sdt-dev/stable 5.1-5 arm64
  statically defined probes development files

tclspice/stable 44.2+ds-1 arm64
  NGSpice library for Tcl

tcm/stable 2.20+TSQD-8 arm64
  Toolkit for Conceptual Modeling (TCM)

tcm-doc/stable 2.20+TSQD-8 all
  Documentation for Toolkit for Conceptual Modeling (TCM)

tcplay/stable 3.3-1+b1 arm64
  TrueCrypt and VeraCrypt implementation based on dm-crypt

tcs/stable 1-11.1+b2 arm64
  character set translator

tcsh/stable 6.24.13-2+b1 arm64
  TENEX C Shell, an enhanced version of Berkeley csh

tecnoballz/stable 0.93.1-10+b1 arm64
  breaking block game ported from the Amiga platform

tesseract-ocr-osd/stable 1:4.1.0-2 all
  tesseract-ocr language files for script and orientation

testdisk/stable 7.2-0.1 arm64
  Partition scanner and disk recovery tool, and PhotoRec file recovery tool

testssl.sh/stable 3.2.1+dfsg-1 all
  Command line tool to check TLS/SSL ciphers, protocols and cryptographic flaws

texlive-fonts-extra/stable 2024.20250309-2 all
  TeX Live: Additional fonts

texlive-latex-extra/stable 2024.20250309-2 all
  TeX Live: LaTeX additional packages

texlive-pictures/stable 2024.20250309-1 all
  TeX Live: Graphics, pictures, diagrams

texlive-publishers/stable 2024.20250309-2 all
  TeX Live: Publisher styles, theses, etc.

texlive-science/stable 2024.20250309-2 all
  TeX Live: Mathematics, natural sciences, computer science packages

tftp-hpa/stable 5.2+20240610-3 arm64
  HPA's tftp client

tftpd-hpa/stable 5.2+20240610-3 arm64
  HPA's tftp server

thc-ipv6/stable 3.8-1+b3 arm64
  The Hacker Choice's IPv6 Attack Toolkit

tk-fsdialog/stable 2.0~fs20200322.97fa62c-1 all
  file selection dialog for Ttk

tm-align/stable 20190822+dfsg-3 arm64
  structural alignment of proteins

tnftp/stable 20230507-2+b2 arm64
  enhanced ftp client

tortoize/stable 2.0.15-1 arm64
  Application to calculate ramachandran z-scores

toybox/stable 0.8.9+dfsg-1.1 arm64
  BSD-licensed Linux command line utilities

transdecoder/stable 5.7.1-2 all
  find coding regions within RNA transcript sequences

transdecoder-doc/stable 5.7.1-2 all
  find coding regions within transcripts

translate-toolkit/stable 3.15.1-1 all
  Toolkit assisting in the localization of software

translate-toolkit-doc/stable 3.15.1-1 all
  Toolkit assisting in the localization of software (documentation)

tsdecrypt/stable 10.0-4+b1 arm64
  decrypt MPEG transport stream

tstools/stable 1.13~git20151030-6+b1 arm64
  set of tools for reporting on and manipulating MPEG data

tvtime/stable 1.0.11-8+b2 arm64
  analog television display application

ucarp/stable 1.5.2+git20192404.1a9aaf7-1+b2 arm64
  user-space replacement to VRRP automatic IP fail-over

ucd-generate/stable 0.3.0-1+b6 arm64
  Generate searchable packs of the Unicode character database

ufw/stable 0.36.2-9 all
  program for managing a Netfilter firewall

ugrep/stable 7.4.2+dfsg-1 arm64
  faster grep with an interactive query UI

uhd-soapysdr/stable 0.4.1-5 arm64
  SoapySDR device support for libuhd

unworkable/stable 0.53-7+b1 arm64
  efficient, simple and secure bittorrent client

usbsdmux/stable 24.11.1-1 all
  control software for USB-SD-Mux devices

uwsgi-core/stable 2.0.28-9 arm64
  fast, self-healing application container server (core)

v-sim-plugins/stable 3.8.0-1 arm64
  Plugins for V_Sim (a 3D visualization package)

vacation/stable 3.3.3+b2 arm64
  email autoresponder

vamp-examples/stable 2.10.0-5 arm64
  example Vamp plugins, host and RDF generator

vamp-plugin-sdk/stable 2.10.0-5 arm64
  audio analysis and feature extraction plugins (SDK)

vamp-plugin-sdk-doc/stable 2.10.0-5 all
  audio analysis and feature extraction plugins (API documentation)

vbackup/stable 1.0.1-1.1 all
  modular backup utility

vdpau-driver-all/stable,now 1.5-3+b1 arm64 [installed,automatic]
  Video Decode and Presentation API for Unix (driver metapackage)

vdpauinfo/stable 1.5-3+b1 arm64
  Video Decode and Presentation API for Unix (vdpauinfo utility)

vdr-plugin-dvbsddevice/stable 2.2.0-16 arm64
  Plugin that adds support for full featured SD-DVB cards to VDR

vdr-plugin-examples/stable 2.6.9-3 arm64
  Plugins for vdr to show some possible features

vdr-plugin-femon/stable 2.4.0-6 arm64
  DVB frontend status monitor plugin for VDR

vdr-plugin-osdserver/stable 0.1.3-23 arm64
  VDR plugin to provide other programs access to the OSD

vdr-plugin-osdteletext/stable 2.3.1-2 arm64
  Teletext plugin for VDR

vdr-plugin-svdrposd/stable 1.0.0-12 arm64
  VDR plugin that extends the SVDRP command set of VDR

vectoroids/stable 1.1.2-1 arm64
  vector-based rock-shooting

victoria-metrics/stable 1.112.0+ds1-2 arm64
  fast, cost-effective and scalable time series database

virtiofsd/stable 1.13.2-1+deb13u1 arm64
  Virtio-fs vhost-user device daemon

visualboyadvance/stable 1.8.0.dfsg-6 arm64
  full featured Game Boy Advance emulator

vonsh/stable 1.0+ds-0.1 arm64
  Snake-like game with line of people running around to get more food

vsd2odg/stable 0.9.6-3+b1 arm64
  Visio to OpenDocument converter

vst3sdk-plugins/stable 3.7.10.14+~4.13.3-4 arm64
  VST SDK plug-ins

wayout/stable 0.1.4-1+b1 arm64
  Wayland desktop widgets from standard input text

wdanish/stable 1.6.36-17 all
  The Comprehensive Danish Dictionary (DSDO) - wordlist

weasyprint/stable 62.3-1 all
  Document factory for creating PDF files from HTML

welle.io/stable 2.4+ds-4+b1 arm64
  DAB/DAB+ Software Radio

wfview/stable 2.03-2 arm64
  remote-control and waterfall for modern ICOM radios

whohas/stable 0.29.1+git20220714.5feb1a4-1 all
  query multiple distributions' package archives

wmnut/stable 0.70-2 arm64
  WindowMaker dock app that displays UPS statistics from NUT's upsd

woof-doom/stable 15.2.0+dfsg-1 arm64
  continuation of the Boom/MBF bloodline of Doom source ports

wsdd2/stable 1.8.7+dfsg-1.2+b1 arm64
  Web Services on Devices (WSD) daemon

x11-xserver-utils/stable,now 7.7+11 arm64 [installed,automatic]
  X server utilities

x86dis/stable 0.23-7 arm64
  Frontend to libdisasm

xcrysden/stable 1.6.2-4+b1 arm64
  Crystalline and Molecular Structure Visualizer

xcrysden-data/stable 1.6.2-4 all
  Crystalline and Molecular Structure Visualizer (Data Files)

xfce4-settings/stable 4.20.1-1 arm64
  graphical application for managing Xfce settings

xfce4-taskmanager/stable 1.5.8-1 arm64
  process manager for the Xfce4 Desktop Environment

xfsdump/stable 3.2.0-2 arm64
  Administrative utilities for the XFS filesystem

xmlbeans/stable 4.0.0-2 all
  Java library for accessing XML by binding it to Java types - tools

xmlstarlet/stable 1.6.1-4+b1 arm64
  command line XML toolkit

xosd-bin/stable 2.2.15-1 arm64
  X On-Screen Display library - binary files

xrootd-server/stable 5.8.1-1 arm64
  Extended ROOT file server

xscreensaver-screensaver-bsod/stable 6.09+dfsg1-1 arm64
  BSOD screen saver module from XScreenSaver

xsdcxx/stable 4.0.0-10+b1 arm64
  XML Data Binding for C++

xserver-xorg-input-mouse/stable 1:1.9.3-1+b2 arm64
  X.Org X server -- mouse input driver

xsettingsd/stable 1.0.2-1+b1 arm64
  Provides settings to X11 applications

xtrx-dkms/stable 0.0.1+git20190320.5ae3a3e-3.7 all
  XTRX PCI driver for Linux

xtrx-fft/stable 0.0.1+git20191219.98458ce-3+b2 arm64
  Simple spectrum browser for XTRX

xva-img/stable 1.5-1+b2 arm64
  Citrix XenServer .xva disk extraction tool

yt-dlp/stable 2025.04.30-1 all
  downloader of videos from YouTube and other sites

ziptime/stable 1:10.0.0+r36-1.1 arm64
  Zip archive timestamp remover

ztex-bmp/stable 20120314-2+b1 arm64
  universal macro processor

