
WARNING: apt does not have a stable CLI interface. Use with caution in scripts.

Sorting...
Full Text Search...
64tass/stable 1.59.3120-2 arm64
  cross (turbo) assembler targeting the MOS 65xx series of micro processors

abi-compliance-checker/stable 2.3-3 all
  tool to compare ABI compatibility of shared C/C++ library versions

ableton-link-dev/stable 3.1.2+dfsg-1 all
  synchronizes musical applications on multiple devices - development

ableton-link-utils/stable 3.1.2+dfsg-1+b1 arm64
  synchronizes musical applications on multiple devices - cmdline utils

ace-netsvcs/stable 8.0.2+dfsg-2 arm64
  ACE network service implementations

acpid/stable 1:2.0.34-1+b2 arm64
  Advanced Configuration and Power Interface event daemon

adequate/stable 0.17.5+b5 arm64
  Debian package quality testing tool

agda-bin/stable 2.6.4.3-1+b2 arm64
  commandline interface to Agda

agda-stdlib-doc/stable 2.1-4 all
  standard library for Agda — documentation

ahcpd/stable 0.53-3+b1 arm64
  Ad-Hoc Configuration Protocol

aide-dynamic/stable 0.19.1-2+deb13u2 all
  Advanced Intrusion Detection Environment - transitional package

alfred/stable 2025.0-2 arm64
  Almighty Lightweight Fact Remote Exchange Daemon

algol68g/stable 3.1.2-1+b1 arm64
  Implementation of Algol 68 as defined by the Revised Report

almanah/stable 0.12.4-1 arm64
  Application to ease management of a personal diary

amule/stable 1:2.3.3-3.2 arm64
  client for the eD2k and Kad networks, like eMule

amule-emc/stable 0.5.2-4+b1 arm64
  lists ed2k links inside emulecollection files

amule-gnome-support/stable 1:2.3.3-3.2 all
  ed2k links handling support for GNOME web browsers

amule-utils/stable 1:2.3.3-3.2 arm64
  utilities for aMule (command-line version)

amule-utils-gui/stable 1:2.3.3-3.2 arm64
  graphic utilities for aMule

android-boringssl/stable 14.0.0+r45-2 arm64
  Google's internal fork of OpenSSL for the Android SDK - tool

android-libandroidfw/stable 1:14~beta1-3 arm64
  Android utility library

android-libandroidfw-dev/stable 1:14~beta1-3 arm64
  Android utility library - Development files

android-libboringssl/stable 14.0.0+r45-2 arm64
  Google's internal fork of OpenSSL for the Android SDK

android-libboringssl-dev/stable 14.0.0+r45-2 arm64
  Google's internal fork of OpenSSL for the Android SDK - devel

apache2-dev/stable 2.4.68-1~deb13u1 arm64
  Apache HTTP Server (development headers)

argyll/stable 3.3.0+repack-1 arm64
  Color Management System, calibrator and profiler

aria2/stable 1.37.0+debian-3 arm64
  High speed download utility

astap/stable 2024.05.01-1 arm64
  astrometric (plate) solver, stacking of images, photometry and FITS viewer

audiolink/stable 0.05-4 all
  makes managing and searching for music easier

avahi-autoipd/stable 0.8-16 arm64
  Avahi IPv4LL network address configuration daemon

aview/stable 1.3.0rc1-11 arm64
  high quality ASCII art image viewer and video player

avr-evtd/stable 1.7.7-5+b1 arm64
  AVR watchdog daemon for Linkstation/Kuroboxes

awesome-extra/stable 2023010601 all
  additional modules for awesome

awstats/stable 7.9-1+deb13u2 all
  powerful and featureful web server log analyzer

babeld/stable 1.13.1+ds-1 arm64
  loop-free distance-vector routing protocol

backdown/stable 1.1.2-4 arm64
  helps you safely and ergonomically remove duplicate files

backintime-common/stable 1.5.5-1 all
  simple backup/snapshot system (common files)

backintime-qt/stable 1.5.5-1 all
  simple backup/snapshot system (graphical interface)

bandage/stable 0.9.0-2+b2 arm64
  Bioinformatics Application for Navigating De novo Assembly Graphs Easily

bandage-examples/stable 0.9.0-2 all
  Bioinformatics Application for Navigating De novo Assembly Graphs Easily (data)

bash-static/stable 5.2.37-2+b9 arm64
  GNU Bourne Again SHell (static version)

batmand/stable 0.3.2+74+g2f62b17-2 arm64
  better approach to mobile adhoc networking

bats-file/stable 0.4.0-1 all
  Helper library providing filesystem-related assertions for Bats

bazel-bootstrap/stable 4.2.3+ds-11 arm64
  Tool to automate software builds and tests

bazel-bootstrap-data/stable 4.2.3+ds-11 all
  Tool to automate software builds and tests (data files)

bazel-bootstrap-source/stable 4.2.3+ds-11 all
  Tool to automate software builds and tests (source code)

bbdb3/stable 3.2.2d-3 all
  Reboot of the BBDB Insidious Big Brother Database for Emacs

berkeley-express/stable 1.5.3+dfsg-3+b4 arm64
  Streaming quantification for high-throughput sequencing

berkeley-express-doc/stable 1.5.3+dfsg-3 all
  Documentation for RNA-Seq tool eXpress

bibtex2html/stable 1.99-4+b4 arm64
  filters BibTeX files and translates them to HTML

binstats/stable 1.08-10 all
  Statistics tool for installed programs

binutils/stable,now 2.44-3 arm64 [installed,automatic]
  GNU assembler, linker and binary utilities

binutils-aarch64-linux-gnu/stable,now 2.44-3 arm64 [installed,automatic]
  GNU binary utilities, for aarch64-linux-gnu target

binutils-alpha-linux-gnu/stable 2.44-3 arm64
  GNU binary utilities, for alpha-linux-gnu target

binutils-arc-linux-gnu/stable 2.44-3 arm64
  GNU binary utilities, for arc-linux-gnu target

binutils-arm-linux-gnueabi/stable 2.44-3 arm64
  GNU binary utilities, for arm-linux-gnueabi target

binutils-arm-linux-gnueabihf/stable 2.44-3 arm64
  GNU binary utilities, for arm-linux-gnueabihf target

binutils-arm-none-eabi/stable 2.44-3+23+b2 arm64
  GNU assembler, linker and binary utilities for ARM Cortex-R/M processors

binutils-common/stable,now 2.44-3 arm64 [installed,automatic]
  Common files for the GNU assembler, linker and binary utilities

binutils-dbg/stable 2.44-3 arm64
  GNU assembler, linker and binary utilities(debug symbols)

binutils-doc/stable 2.44-3 all
  Documentation for the GNU assembler, linker and binary utilities

binutils-for-build/stable 2.44-3 all
  GNU assembler, linker and binary utilities for the build architecture

binutils-for-host/stable 2.44-3 arm64
  GNU assembler, linker and binary utilities for the host architecture

binutils-gold/stable 2.44-2 arm64
  gold ELF linker (deprecated)

binutils-gold-aarch64-linux-gnu/stable 2.44-2 arm64
  gold ELF linker for the aarch64-linux-gnu target (deprecated)

binutils-gold-aarch64-linux-gnu-dbg/stable 2.44-2 arm64
  gold ELF linker, for aarch64-linux-gnu target (debug symbols)

binutils-gold-arm-linux-gnueabi/stable 2.44-2 arm64
  gold ELF linker for the arm-linux-gnueabi target (deprecated)

binutils-gold-arm-linux-gnueabi-dbg/stable 2.44-2 arm64
  gold ELF linker, for arm-linux-gnueabi target (debug symbols)

binutils-gold-arm-linux-gnueabihf/stable 2.44-2 arm64
  gold ELF linker for the arm-linux-gnueabihf target (deprecated)

binutils-gold-arm-linux-gnueabihf-dbg/stable 2.44-2 arm64
  gold ELF linker, for arm-linux-gnueabihf target (debug symbols)

binutils-gold-i686-linux-gnu/stable 2.44-2 arm64
  gold ELF linker for the i686-linux-gnu target (deprecated)

binutils-gold-i686-linux-gnu-dbg/stable 2.44-2 arm64
  gold ELF linker, for i686-linux-gnu target (debug symbols)

binutils-gold-powerpc-linux-gnu/stable 2.44-2 arm64
  gold ELF linker for the powerpc-linux-gnu target (deprecated)

binutils-gold-powerpc-linux-gnu-dbg/stable 2.44-2 arm64
  gold ELF linker, for powerpc-linux-gnu target (debug symbols)

binutils-gold-powerpc64le-linux-gnu/stable 2.44-2 arm64
  gold ELF linker for the powerpc64le-linux-gnu target (deprecated)

binutils-gold-powerpc64le-linux-gnu-dbg/stable 2.44-2 arm64
  gold ELF linker, for powerpc64le-linux-gnu target (debug symbols)

binutils-gold-s390x-linux-gnu/stable 2.44-2 arm64
  gold ELF linker for the s390x-linux-gnu target (deprecated)

binutils-gold-s390x-linux-gnu-dbg/stable 2.44-2 arm64
  gold ELF linker, for s390x-linux-gnu target (debug symbols)

binutils-gold-sparc-linux-gnu/stable 2.44-2 arm64
  gold ELF linker for the sparc-linux-gnu target (deprecated)

binutils-gold-sparc-linux-gnu-dbg/stable 2.44-2 arm64
  gold ELF linker, for sparc-linux-gnu target (debug symbols)

binutils-gold-sparc64-linux-gnu/stable 2.44-2 arm64
  gold ELF linker for the sparc64-linux-gnu target (deprecated)

binutils-gold-sparc64-linux-gnu-dbg/stable 2.44-2 arm64
  gold ELF linker, for sparc64-linux-gnu target (debug symbols)

binutils-gold-x86-64-linux-gnu/stable 2.44-2 arm64
  gold ELF linker for the x86-64-linux-gnu target (deprecated)

binutils-gold-x86-64-linux-gnu-dbg/stable 2.44-2 arm64
  gold ELF linker, for x86-64-linux-gnu target (debug symbols)

binutils-gold-x86-64-linux-gnux32/stable 2.44-2 arm64
  gold ELF linker for the x86-64-linux-gnux32 target (deprecated)

binutils-gold-x86-64-linux-gnux32-dbg/stable 2.44-2 arm64
  gold ELF linker, for x86-64-linux-gnux32 target (debug symbols)

binutils-h8300-hms/stable 2.16.1-13 arm64
  GNU binary utilities, for h8300-hitachi-coff target

binutils-hppa-linux-gnu/stable 2.44-3 arm64
  GNU binary utilities, for hppa-linux-gnu target

binutils-i686-linux-gnu/stable 2.44-3 arm64
  GNU binary utilities, for i686-linux-gnu target

binutils-loongarch64-linux-gnu/stable 2.44-3 arm64
  GNU binary utilities, for loongarch64-linux-gnu target

binutils-m68hc1x/stable 1:2.44+3.5.3+b1 arm64
  GNU binary utilities for Motorola's 68HC11/12 targets

binutils-m68k-linux-gnu/stable 2.44-3 arm64
  GNU binary utilities, for m68k-linux-gnu target

binutils-mips-linux-gnu/stable 2.44-3cross1+nmu1+b1 arm64
  GNU binary utilities, for mips-linux-gnu target

binutils-mips64-linux-gnuabi64/stable 2.44-3cross1+nmu1+b1 arm64
  GNU binary utilities, for mips64-linux-gnuabi64 target

binutils-mips64-linux-gnuabin32/stable 2.44-3cross1+nmu1+b1 arm64
  GNU binary utilities, for mips64-linux-gnuabin32 target

binutils-mips64el-linux-gnuabi64/stable 2.44-3cross1+nmu1+b1 arm64
  GNU binary utilities, for mips64el-linux-gnuabi64 target

binutils-mips64el-linux-gnuabin32/stable 2.44-3cross1+nmu1+b1 arm64
  GNU binary utilities, for mips64el-linux-gnuabin32 target

binutils-mipsel-linux-gnu/stable 2.44-3cross1+nmu1+b1 arm64
  GNU binary utilities, for mipsel-linux-gnu target

binutils-mipsisa32r6-linux-gnu/stable 2.44-3cross1+nmu1+b1 arm64
  GNU binary utilities, for mipsisa32r6-linux-gnu target

binutils-mipsisa32r6el-linux-gnu/stable 2.44-3cross1+nmu1+b1 arm64
  GNU binary utilities, for mipsisa32r6el-linux-gnu target

binutils-mipsisa64r6-linux-gnuabi64/stable 2.44-3cross1+nmu1+b1 arm64
  GNU binary utilities, for mipsisa64r6-linux-gnuabi64 target

binutils-mipsisa64r6-linux-gnuabin32/stable 2.44-3cross1+nmu1+b1 arm64
  GNU binary utilities, for mipsisa64r6-linux-gnuabin32 target

binutils-mipsisa64r6el-linux-gnuabi64/stable 2.44-3cross1+nmu1+b1 arm64
  GNU binary utilities, for mipsisa64r6el-linux-gnuabi64 target

binutils-mipsisa64r6el-linux-gnuabin32/stable 2.44-3cross1+nmu1+b1 arm64
  GNU binary utilities, for mipsisa64r6el-linux-gnuabin32 target

binutils-or1k-elf/stable 2.44-3+1.0.13+b1 arm64
  GNU binary utilities for the Open RISC 1000 processors

binutils-powerpc-linux-gnu/stable 2.44-3 arm64
  GNU binary utilities, for powerpc-linux-gnu target

binutils-powerpc64le-linux-gnu/stable 2.44-3 arm64
  GNU binary utilities, for powerpc64le-linux-gnu target

binutils-riscv64-linux-gnu/stable 2.44-3 arm64
  GNU binary utilities, for riscv64-linux-gnu target

binutils-riscv64-unknown-elf/stable 2.44-3+7+b1 arm64
  GNU assembler, linker and binary utilities for Risc-V processors

binutils-s390x-linux-gnu/stable 2.44-3 arm64
  GNU binary utilities, for s390x-linux-gnu target

binutils-sh-elf/stable 2.44+3+b1 arm64
  GNU binary utilities for embedded SuperH devices

binutils-sh4-linux-gnu/stable 2.44-3 arm64
  GNU binary utilities, for sh4-linux-gnu target

binutils-source/stable 2.44-3 all
  GNU assembler, linker and binary utilities (source)

binutils-sparc-linux-gnu/stable 2.44-3 arm64
  GNU binary utilities, for sparc-linux-gnu target

binutils-sparc64-linux-gnu/stable 2.44-3 arm64
  GNU binary utilities, for sparc64-linux-gnu target

binutils-x86-64-linux-gnu/stable 2.44-3 arm64
  GNU binary utilities, for x86-64-linux-gnu target

binutils-x86-64-linux-gnux32/stable 2.44-3 arm64
  GNU binary utilities, for x86-64-linux-gnux32 target

binutils-z80/stable 2.44-3+5+b1 arm64
  GNU binary utilities for the z80-unknown-coff target

blackbox-terminal/stable 0.14.0-5 arm64
  BlackBox Terminal Emulator

blinken/stable 4:25.04.0-1 arm64
  KDE version of the Simon electronic memory game

blt/stable 2.5.3+dfsg-8 arm64
  graphics extension library for Tcl/Tk - run-time

blt-demo/stable 2.5.3+dfsg-8 all
  graphics extension library for Tcl/Tk - demos and examples

blt-dev/stable 2.5.3+dfsg-8 arm64
  graphics extension library for Tcl/Tk - development files

bluemon/stable 1.4-10+b1 arm64
  Activate or deactivate programs based on Bluetooth link quality

bolt-18/stable 1:18.1.8-18+b1 arm64
  Post-link optimizer

bolt-19/stable 1:19.1.7-3+b1 arm64
  Post-link optimizer

borgbackup-is-borgbackup2/stable 2.0.0b19-1 arm64
  deduplicating and compressing backup program (unversioned symlink)

brltty/stable 6.7-3.1+deb13u3 arm64
  Access software for a blind person using a braille display

btfs/stable 2.24-1+b4 arm64
  access torrent files as a filesystem

btrfs-compsize/stable 1.5-1.1 arm64
  calculate compression ratio of a set of files on btrfs

btscanner/stable 2.1-9+b1 arm64
  ncurses-based scanner for Bluetooth devices

budgie-applications-menu-applet/stable 1.9.0-1 arm64
  Stylish Applications Menu for Budgie-Desktop

busybox/stable 1:1.37.0-6+b8 arm64
  Tiny utilities for small and embedded systems

busybox-static/stable 1:1.37.0-6+b8 arm64
  Standalone rescue shell with tons of builtin utilities

busybox-syslogd/stable 1:1.37.0-6 all
  Provides syslogd and klogd using busybox

buzztrax/stable 0.10.2-9+b2 arm64
  Modular music composer

cargo-auditable/stable 0.6.6-1+b1 arm64
  Make production Rust binaries auditable

cb2bib/stable 2.0.1-3 arm64
  extract bibliographic references from various sources

cbm/stable 0.4-1 arm64
  display in real time the network traffic speed

cc65/stable 2.19-2 arm64
  complete cross development package for 65(C)02 systems

cc65-doc/stable 2.19-2 all
  cc65 documentation

ccbuild/stable 2.0.9-1+b4 arm64
  source scanning build utility for C++

cdrdao/stable 1:1.2.5-2 arm64
  records CDs in Disk-At-Once (DAO) mode

cewl/stable 6.2.1-1 all
  custom word list generator

cgview/stable 0.0.20100111-7 all
  Circular Genome Viewer

chaosreader/stable 0.96-13 all
  trace network sessions and export it to html format

chase/stable 0.5.2-8 arm64
  Follow a symlink and print out its target file

cherrytree/stable 1.2.0+dfsg-1 arm64
  hierarchical note taking application

chromium-lwn4chrome/stable 1.0-3 all
  Chromium extension for making LWN.net slightly easier to read

circos-tools/stable 0.23-1 all
  plotter for visualizing data - helper utilities

ckon/stable 0.7.1-5+b5 arm64
  automatic build tool for ROOT data analysis software

cl-hyperobject/stable 2.13-1 all
  Common Lisp library for hyperobjects

cl-osicat/stable 0.7.0+git20241215.37a3521-1 all
  lightweight operating system interface for Common Lisp on POSIX-like systems

claws-mail-clamd-plugin/stable 4.3.1-1 arm64
  ClamAV socket-based plugin for Claws Mail

clisp/stable 1:2.49.20241228.gitc3ec11b-2 arm64
  GNU CLISP, a Common Lisp implementation

cmark-gfm/stable 0.29.0.gfm.13-4 arm64
  CommonMark parsing and rendering program, GitHub flavor

collectd-core/stable 5.12.0-26 arm64
  statistics collection and monitoring daemon (core system)

connman/stable 1.44-3 arm64
  Intel Connection Manager daemon

connman-dev/stable 1.44-3 arm64
  Development files for connman

connman-vpn/stable 1.44-3 arm64
  Intel Connection Manager daemon - VPN daemon

context/stable 2024.04.01.20240428+dfsg-2 all
  powerful TeX format

context-modules/stable 20240428-5 all
  additional ConTeXt modules

convmv/stable 2.06+repack-1 all
  filename encoding conversion tool

coreutils/stable,now 9.7-3 arm64 [installed]
  GNU core utilities

cowbuilder/stable 0.90+b1 arm64
  pbuilder running on cowdancer

cowdancer/stable 0.90+b1 arm64
  Copy-on-write directory tree utility

cppman/stable 0.5.7+dfsg-2 all
  C++ 98/11 manual pages for Linux, with source from cplusplus.com

crash/stable 8.0.6-1 arm64
  kernel debugging utility, allowing gdb like syntax

critcl/stable 3.3.1+dfsg-1 arm64
  compiled runtime in Tcl

cros-adapta/stable,now 0.5 all [installed,automatic]
  Chromium OS GTK Theme

ctdb/stable 2:4.22.10+dfsg-0+deb13u1 arm64
  clustered database to store temporary data

curlftpfs/stable 0.9.2-10 arm64
  filesystem to access FTP hosts based on FUSE and cURL

czkawka-cli/stable 8.0.0-2 arm64
  Multi functional app to find duplicates, empty folders, similar images etc (CLI)

czkawka-gui/stable 8.0.0-2 arm64
  Multi functional app to find duplicates, empty folders, similar images etc (GUI)

daps/stable 3.3.2+cleaned1-6.1 all
  DocBook Authoring and Publishing Suite (DAPS)

datapacker/stable 1.0.3+nmu1 arm64
  Tool to pack files into minimum number of CDs/DVDs/etc

db-util/stable 5.3.4 all
  Berkeley Database Utilities

ddd/stable 1:3.3.12-5.4+b2 arm64
  Data Display Debugger, a graphical debugger frontend

debconf-kde-helper/stable 1.1.0-1+b3 arm64
  Debconf KDE GUI frontend tool

debiman/stable 0.0~git20220907.a582536-1.1 arm64
  generate a static manpage HTML repository out of a Debian archive

default-libmysqlclient-dev/stable 1.1.1 arm64
  MySQL database development files (metapackage)

desktop-base/stable 13.0.4 all
  common files for the Debian Desktop

dh-linktree/stable 0.9 all
  Create symlink trees within a Debian package

dh-nodejs/stable 0.15.23 all
  debhelper addon to build Node.js modules

dh-package-notes/stable 0.15 all
  Debian Helper for adding package metadata to ELF binaries

dh-vim-addon/stable 0.5 all
  debhelper addon to help package Vim/Neovim addons

dibbler-relay/stable 1.0.1-2 arm64
  portable DHCPv6 relay

dibbler-relay-dbg/stable 1.0.1-2 arm64
  portable DHCPv6 relay

dico-dev/stable 2.12-3 arm64
  RFC 2229 compliant modular dictionary server (development files)

dict-wn/stable 1:3.0-39 all
  electronic lexical database of English language for dict

dieharder/stable 3.31.1.4-1.1+b1 arm64
  Random-number generator test front-end

dietlibc-dev/stable 0.34~cvs20160606-18 arm64
  diet libc - a libc optimized for small size

dietlibc-doc/stable 0.34~cvs20160606-18 all
  diet libc documentation - a libc optimized for small size

diffoscope/stable 297+deb13u1 all
  in-depth visual diff tool for files, archives and directories

diffoscope-minimal/stable 297+deb13u1 all
  in-depth visual diff tool for files, archives and directories (minimal package)

djstub/stable 0.6-1 arm64
  DJGPP-compatible stub manipulation tools

djview4/stable 4.12-3+b3 arm64
  Viewer for the DjVu image format

dlang-openssl/stable 2.0.0+1.1.0h-0.2 all
  D version of the C headers for openssl

dns323-firmware-tools/stable 0.7.3-1.2 all
  build and manipulate firmware images for a range of NAS devices

doxygen/stable 1.9.8+ds-2.1 arm64
  Generate documentation from source code

duck/stable 0.14.4 all
  checks URLs in debian/control and debian/upstream files

duperemove/stable 0.11.2-3+b2 arm64
  extent-based deduplicator for file systems

dvbackup/stable 1:0.0.4-11 arm64
  backup tool using MiniDV camcorders

dvd-slideshow/stable 0.8.6.1-2 all
  set of tools to create DVD slideshows with menus

dvgrab/stable 3.5+git20250306.8e1f93d-1 arm64
  grab digital video data via IEEE1394 and USB links

dynare/stable 6.3-1 arm64
  platform for handling a wide class of economic models

dynare-doc/stable 6.3-1 all
  documentation for Dynare

e2fsck-static/stable 1.47.2-3+b11 arm64
  statically-linked version of the ext2/ext3/ext4 filesystem checker

ed2k-hash/stable 0.4.0+ds-6 arm64
  tool for generating ed2k-links

eiskaltdcpp/stable 2.4.2-1.3 all
  file sharing program using Direct Connect protocols (metapackage)

eiskaltdcpp-cli/stable 2.4.2-1.3 all
  command-line interface for remote control of EiskaltDC++ daemon

eiskaltdcpp-common/stable 2.4.2-1.3 all
  common files for EiskaltDC++

eiskaltdcpp-daemon/stable 2.4.2-1.3 arm64
  EiskaltDC++ daemon

eiskaltdcpp-emoticons/stable 2.4.2-1.3 all
  emoticons for EiskaltDC++

eiskaltdcpp-gtk/stable 2.4.2-1.3 arm64
  EiskaltDC++ GUI based on GTK+

eiskaltdcpp-gtk-data/stable 2.4.2-1.3 all
  data files for EiskaltDC++ Gtk

eiskaltdcpp-qt/stable 2.4.2-1.3 arm64
  EiskaltDC++ GUI based on Qt

eiskaltdcpp-qt-data/stable 2.4.2-1.3 all
  data files for EiskaltDC++ Qt

eiskaltdcpp-scripts/stable 2.4.2-1.3 all
  scripts examples for EiskaltDC++

eiskaltdcpp-sounds/stable 2.4.2-1.3 all
  sound files for EiskaltDC++

eiskaltdcpp-web/stable 1.0.1-2 all
  Simple Web UI for eiskaltdcpp-daemon

electric-fence/stable 2.2.7 arm64
  A malloc(3) debugger

elementary-xfce-icon-theme/stable 0.21-1 all
  elementary icon theme modified for Xfce

elfrc/stable 0.7-5 arm64
  convert arbitrary files into elf objects

elfutils/stable 0.192-4 arm64
  collection of utilities to handle ELF objects

elinks/stable,now 0.18.0-1+b1 arm64 [installed]
  advanced text-mode WWW browser

elinks-data/stable,now 0.18.0-1 all [installed,automatic]
  advanced text-mode WWW browser - data files

elinks-doc/stable 0.18.0-1 all
  advanced text-mode WWW browser - documentation

elixir-ex-doc/stable 0.35.1+dfsg-4 arm64
  Tool to generate documentation for Erlang and Elixir projects

elpa-ace-link/stable 0.5.0-5 all
  selecting a link to jump to

elpa-avy/stable 0.5.0-4 all
  jump to things in Emacs tree-style

elpa-beacon/stable 1.3.4-3 all
  highlight the cursor whenever the window scrolls

elpa-elpher/stable 3.6.3~git20240930.c00f2a8-1 all
  friendly gopher and gemini client

elpa-ess/stable 24.01.1-5 all
  Emacs mode for statistical programming and data analysis

elpa-git-annex/stable 1.1-5 all
  Emacs integration for git-annex

elpa-nov/stable 0.5.0-1 all
  featureful EPUB (ebook) reader mode for Emacs

elpa-ol-notmuch/stable 2.1.0-3 all
  Links to notmuch messages

elpa-org/stable 9.7.29+dfsg-1 all
  Keep notes, maintain ToDo lists, and do project planning in emacs

elpa-org-appear/stable 0.3.0-3 all
  auto-toggle visibility of org mode elements

elpa-org-make-toc/stable 0.5-3 all
  Automatic tables of contents for Org files

elpa-pdf-tools/stable 1.1.0-3 all
  Display and interact with pdf in Emacs

elpa-systemd/stable 1.6-3 all
  major mode for editing systemd units

eql/stable 1.2.ds1-5+b1 arm64
  load balancing tool for serial network connections

espeak-ng-espeak/stable 1.52.0+dfsg-5 all
  Multi-lingual software speech synthesizer

etherape/stable 0.9.20-2+b3 arm64
  graphical network monitor

etherape-data/stable 0.9.20-2 all
  graphical network monitor (data files)

evdi-dkms/stable 1.14.8+dfsg-1 all
  Extensible Virtual Display Interface driver kernel module

exim4-dev/stable 4.98.2-1+deb13u3 arm64
  header files for the Exim MTA (v4) packages

extractpdfmark/stable 1.1.1-1+b3 arm64
  Extract page mode and named destinations as PDFmark from PDF

eza/stable 0.21.0-1+b1 arm64
  Modern replacement for ls

f2c/stable 20240504-1+b2 arm64
  FORTRAN 77 to C/C++ translator

fastlink/stable 4.1P-fix100+dfsg-5+b1 arm64
  faster version of pedigree programs of Linkage

fastlink-doc/stable 4.1P-fix100+dfsg-5 all
  Some papers about fastlink

faucc/stable 20180503-1.1+b1 arm64
  C compiler generating Intel code for 16bit/32bit CPUs

fbless/stable 0.2.3-6 arm64
  terminal fiction book reader

fcc/stable 2.16-1 arm64
  Script to compile C/C++ programs and link to Fortran libraries

fence-agents-crosslink/stable 4.16.0-3 all
  Fence Agents for Red Hat Cluster - crosslink cable agent

fetchmail/stable 6.4.39-1+b2 arm64
  SSL enabled POP3, APOP, IMAP mail gatherer/forwarder

fftw-dev/stable 2.1.5-7+b1 arm64
  library for computing Fast Fourier Transforms

finit-plugins/stable 4.12-1 arm64
  Fast init for Linux systems - plugins

finit-sysv/stable 4.12-1 all
  Fast init for Linux systems - SysV compatibility symlinks

firebird3.0-server-core/stable 3.0.12.ds7-13+deb13u1 arm64
  Firebird engine core

firebird4.0-server-core/stable 4.0.5.3140.ds6-17+deb13u1 arm64
  Firebird engine core

fl-cow/stable 0.6-10 arm64
  copy-on-write utility

flatpak-xdg-utils/stable 1.0.6-1 arm64
  xdg-open and xdg-email reimplementation for containerized apps

flent/stable 2.2.0-2 all
  FLExible Network Tester for bufferbloat testing and more

flex/stable 2.6.4-8.2+b4 arm64
  fast lexical analyzer generator

flex-doc/stable 2.6.4-8.2 all
  Documentation for flex (a fast lexical analyzer generator)

flightgear-data-all/stable 1:2020.3.19+dfsg-1 all
  FlightGear Flight Simulator - virtual package

flmsg/stable 4.0.23-1+b2 arm64
  amateur radio forms management editor

fonts-lobster/stable 2.0-2.1 all
  bold condensed script with many ligatures and alternates

foolsm/stable 1.0.21-2 arm64
  Link connectivity monitor tool

fort77/stable 1.15-13 all
  Invoke f2c like a real compiler

foxeye/stable 0.12.1-5.1 arm64
  Universal modular network agent - binary package

fp-compiler/stable 3.2.2+dfsg-46 arm64
  Free Pascal - compiler dependency package

fp-compiler-3.2.2/stable 3.2.2+dfsg-46 arm64
  Free Pascal - compiler

fp-ide/stable 3.2.2+dfsg-46 all
  Free Pascal - IDE dependency package

fp-ide-3.2.2/stable 3.2.2+dfsg-46 arm64
  Free Pascal - IDE

fp-units-gfx/stable 3.2.2+dfsg-46 arm64
  Free Pascal - graphics-library units dependency package

fp-units-gfx-3.2.2/stable 3.2.2+dfsg-46 arm64
  Free Pascal - graphics-library units

fpc/stable 3.2.2+dfsg-46 all
  Free Pascal - SDK suite dependency package

fpc-3.2.2/stable 3.2.2+dfsg-46 all
  Free Pascal - SDK-3.2.2 suite

frameworkintegration6/stable 6.13.0-2 arm64
  integration of Qt application with KDE workspaces

freediameterd/stable 1.5.0-1 arm64
  Daemon for the Diameter protocol

fsmark/stable 3.3-5 arm64
  benchmark for simulating synchronous write workloads

fssync/stable 1.7-1 all
  File system synchronization tool (1-way, over SSH)

furo/stable 2024.08.06+dfsg-1 all
  clean customisable Sphinx documentation theme

fuse-posixovl/stable 1.3-1.1 arm64
  FUSE file system that provides POSIX functionality

gargoyle-free/stable 2023.1+dfsg-4+b3 arm64
  graphical player for Interactive Fiction games

gcc-13-offload-nvptx/stable 13.3.0-16 arm64
  GCC offloading compiler to NVPTX

gcc-14-offload-nvptx/stable 14.2.0-19 arm64
  GCC offloading compiler to NVPTX

genparse/stable 0.9.3-2+b1 arm64
  command line parser generator

gesftpserver/stable 2~ds-1+b1 arm64
  sftp server submodule for OpenSSH

gkrellmwireless/stable 2.0.3-2+b2 arm64
  802.11 wireless link monitor plugin for GKrellM

gnome-podcasts/stable 25.2+dfsg-1 arm64
  Listen to your favorite shows

gnome-shell-extension-gsconnect-browsers/stable 62-1+deb13u1 all
  Browser support of KDE Connect implementation for GNOME Shell

gnote/stable 48.0-2 arm64
  desktop note taking program using Wiki style links

gnunet-fuse/stable 0.20.0-5 arm64
  secure, trust-based peer-to-peer framework (fuse filesystem client)

gnupg2/stable 2.4.7-21+deb13u1 all
  GNU privacy guard - a free PGP replacement (dummy transitional package)

gnustep-multiarch/stable 2.9.3-6 arm64
  GNUstep Multi-Arch support

gobject-introspection/stable 1.84.0-1 arm64
  Generate interface introspection data for GObject libraries

golang-1.24-go/stable 1.24.4-1 arm64
  Go programming language compiler, linker, compiled stdlib

golang-github-bep-gowebp-dev/stable 0.3.0+dfsg-1 all
  C bindings and an API for encoding WebP images (Go library)

golang-github-bmatsuo-lmdb-go-dev/stable 1.8.0+git20170215.a14b5a3-4 all
  Bindings for the LMDB C library

golang-github-bradenaw-juniper-dev/stable 0.15.3-1 all
  extension to the Go standard library (library)

golang-github-cavaliergopher-rpm-dev/stable 1.2.0-2 all
  Go implementation of the RPM file format (library)

golang-github-centurylinkcloud-clc-sdk-dev/stable 0.0.2+git20161004.f62483c-3 all
  SDK for Century Link Cloud

golang-github-ema-qdisc-dev/stable 0.0~git20200603.62d0308-2 all
  get queuing discipline information via netlink (library)

golang-github-emirpasic-gods-dev/stable 1.12.0-2 all
  Implementation of various data structures and algorithms in Go

golang-github-google-renameio-dev/stable 2.0.0-2 all
  provides a way to atomically create or replace a file or symbolic link

golang-github-grpc-ecosystem-go-grpc-middleware-dev/stable 2.1.0-2 all
  Go gRPC Middlewares: interceptor chaining, auth, logging, retries and more

golang-github-hanwen-go-fuse-dev/stable 2.4.2-3 all
  Native Go bindings for the FUSE kernel module

golang-github-harenber-ptc-go-dev/stable 2.2.3-2 all
  driver for SCS PACTOR modems for Pat (library)

golang-github-jaguilar-vt100-dev/stable 0.0~git20201024.81de19c-2 all
  raw-mode vt100 screen reader

golang-github-jsimonetti-rtnetlink-dev/stable 2.0.2-1 all
  low-level access to the Linux rtnetlink API (library)

golang-github-jung-kurt-gofpdf-dev/stable 2.17.2+ds-3 all
  PDF document generator with high level support for text, drawing and images

golang-github-karpeleslab-reflink-dev/stable 1.0.1-1.1 all
  Reflink file copy in Go (library)

golang-github-la5nta-wl2k-go-dev/stable 0.11.9-1 all
  Winlink framework for Go (library)

golang-github-linkedin-goavro-dev/stable 2.10.1-1 all
  library that encodes and decodes Avro data

golang-github-mdlayher-ethtool-dev/stable 0.2.0-2 all
  Go library to control the Linux ethtool generic netlink interface

golang-github-mdlayher-genetlink-dev/stable 1.3.1-1 all
  generic netlink interactions and data types (library)

golang-github-mdlayher-netlink-dev/stable 1.7.2-1 all
  low-level access to Linux netlink sockets (library)

golang-github-mdlayher-socket-dev/stable 0.5.1-1 all
  low-level network connection type to provide asynchronous I/O (library)

golang-github-mdlayher-wifi-dev/stable 0.4.0-1 all
  access to IEEE 802.11 Wi-Fi device actions and statistics (library)

golang-github-moby-sys-dev/stable 0.0~git20241107.638aa7c-2 all
  Go Library for system information and operation

golang-github-peterhellberg-link-dev/stable 1.0.0-6 all
  Go package for parsing link headers

golang-github-pquerna-ffjson-dev/stable 0.0~git20181028.e517b90-1.1 all
  faster JSON serialization for Go

golang-github-satta-ifplugo-dev/stable 0.0~git20200508.ca679be-6 all
  network link status notification for Go

golang-github-shurcool-sanitized-anchor-name-dev/stable 1.0.0-3 all
  Go package for creating sanitized anchor names

golang-github-sjoerdsimons-ostree-go-dev/stable 0.0~git20201014.8fae757-2 all
  Golang bindings for OSTree

golang-github-tent-http-link-go-dev/stable 0.0~git20130702.0.ac974c6-6 all
  HTTP Link parsing in Go

golang-github-tomnomnom-linkheader-dev/stable 0.1.0+git20180905.02ca582-2 all
  HTTP Link header parser

golang-github-tonistiigi-vt100-dev/stable 0.0~git20240514.90bafcd-2 all
  Raw-mode vt100 screen reader (library)

golang-github-varlink-go-dev/stable 0.4.0-2 all
  Golang implementation of the Varlink protocol

golang-github-vishvananda-netlink-dev/stable 1.3.0-2 all
  netlink library for go

golang-github-wlynxg-anet-dev/stable 0.0.5-2 all
  Network abstraction layer supporting Android and Linux

golang-go/stable 2:1.24~2 arm64
  Go programming language compiler, linker, compiled stdlib

golang-gopkg-eapache-queue.v1-dev/stable 1.1.0-2 all
  fast golang queue using ring-buffer

golang-step-linkedca-dev/stable 0.19.0-1 all
  go support library for Linked Certificate Authorities

goldendict-wordnet/stable 1:3.0-39 all
  electronic lexical database of English language (goldendict)

googletest/stable 1.16.0-1 all
  Google's C++ test framework sources

gopher/stable 3.0.18 arm64
  Distributed Hypertext Client, Gopher protocol

gprconfig-kb/stable 25.0.0-2 all
  compiler list for the gprbuild build tool

gpsbabel/stable 1.10.0+ds-1 arm64
  GPS file conversion plus transfer to/from GPS units

gpsbabel-doc/stable 1.10.0+ds-1 all
  GPS file conversion plus transfer to/from GPS units - documentation

gputils-common/stable 1.5.2-1 all
  headers and linker scripts for gputils

graphviz/stable,now 2.42.4-3 arm64 [installed,automatic]
  rich set of graph drawing tools

gravitation/stable 3+dfsg1-7 arm64
  game about mania, melancholia, and the creative process

gri/stable 2.12.27-1.2+b1 arm64
  a language for scientific illustration

gsequencer/stable 7.7.5-1 arm64
  Advanced Gtk+ Sequencer audio processing engine

gt5/stable 1.5.0~20111220+bzr29-4 all
  shell program to display visual disk usage with navigation

haci/stable 0.98c-2.2 all
  web based IP(v6) address and network administration tool

hadori/stable 1.1-1+b2 arm64
  Hardlinks identical files

halibut/stable 1.3-2+b1 arm64
  yet another free document preparation system

hamradio-digitalvoice/stable 0.10 all
  Debian Hamradio Digital Voice Packages

heroes-sound-tracks/stable 1.0-6 all
  Optional sound files for heroes

hlins/stable 0.40-1+b3 arm64
  Insert URLs into html documents

howm/stable 1.5.3-1 all
  Note-taking tool on Emacs

ht/stable 2.1.0+repack1-5+b1 arm64
  Viewer/editor/analyser (mostly) for executables

html-xml-utils/stable 7.7-1.1+b2 arm64
  HTML and XML manipulation utilities

html2ps/stable 1.0b7-6 all
  HTML to PostScript converter

httrack/stable 3.49.6-1 arm64
  Copy websites to your computer (Offline browser)

hxtools/stable 20231224-2+b3 arm64
  Collection of tools and scripts

icecc/stable 1.4-1+b3 arm64
  distributed compiler (client and server)

icingaweb2-module-generictts/stable 2.1.0-4 all
  simple and responsive web interface for Icinga - generictts module

icmptx/stable 0.2-2 arm64
  Tunnel IP over ICMP

iec16022/stable 0.3.1-1 arm64
  Generates 2d ISO/IEC 16022 barcodes (data matrix/semacode)

iftop/stable 1.0~pre4-9+b2 arm64
  displays bandwidth usage information on an network interface

ikiwiki/stable 3.20250501-1 all
  wiki compiler

ikvswitch/stable 1.0.4+deb13u1 all
  virtual switch infrastructure designed for complex network deployment testing

imagemagick/stable 8:7.1.1.43+dfsg1-1+deb13u10 arm64
  image manipulation programs -- binaries

impressive/stable 0.13.1-1.1 all
  PDF presentation tool with eye candies

imx-usb-loader/stable 0~git20200517.30b43d69-2+b1 arm64
  imx_loader - i.MX/Vybrid recovery utility

indi-astrolink4/stable 0.1+20221223182627-1+b1 arm64
  INDI driver for Astrolink 4.0 devices

indi-eqmod/stable 1.0+20230126190232-2 arm64
  INDI EQMod Driver

indi-maxdomeii/stable 1.3+20221223105522-1+b1 arm64
  INDI driver for MaxDome II dome control system

indi-starbook-ten/stable 0.1-2+b3 arm64
  INDI driver for Vixen Starbook Ten telescope controllers

infiniband-diags/stable 56.1-1 arm64
  InfiniBand diagnostic programs

insserv/stable 1.26.0-1 arm64
  boot sequence organizer using LSB init.d script dependency information

iperf/stable 2.2.1+dfsg-1 arm64
  Internet Protocol bandwidth measuring tool

ipgrab/stable 0.9.10-5+b1 arm64
  tcpdump-like utility that prints detailed header information

ipip/stable 1.1.13 arm64
  IP over IP Encapsulation Daemon

iproute2/stable,now 6.15.0-1 arm64 [installed,automatic]
  networking and traffic control tools

ircd-hybrid/stable 1:8.2.46+dfsg.1-1 arm64
  high-performance secure IRC server

irclog2html/stable 4.0.0-1 all
  Converts IRC log files to HTML with pretty colours

irssi-scripts/stable 20231031 all
  collection of scripts for irssi

isatapd/stable 0.9.7-5+b3 arm64
  creates and maintains an ISATAP client tunnel (RFC 5214)

ivtools-dev/stable 2.0.11d.a1-3+b4 arm64
  Development files for the InterViews library

iwd/stable 3.8-2 arm64
  wireless daemon for Linux

jabref/stable 3.8.2+ds-17 all
  graphical frontend to manage BibTeX and BibLaTeX databases

jargon/stable 4.0.0-9 all
  definitive compendium of hacker slang

javahelper/stable 0.80 all
  Helper scripts for packaging Java programs

jdupes/stable 1.28.0-1+deb13u1 arm64
  identify and delete or link duplicate files

jkmeter/stable 0.9.0-1+b2 arm64
  horizontal or vertical bargraph audio level meter for Jack Audio Connection Kit

joe-jupp/stable 3.1.41-1 all
  reimplement the joe Debian package using jupp

js-of-ocaml/stable 5.9.1-1+b7 arm64
  OCaml bytecode to JavaScript compiler (compiler)

jupp/stable 3.1.41-1+b1 arm64
  user friendly full screen text editor

jython-stilts/stable 3.5.2-1 all
  Starlink Tables Infrastructure Library Tool Set (Jython package)

kcapi-tools/stable 1.4.0-1+b2 arm64
  Command-line tools for Linux Kernel Crypto API

kchmviewer/stable 8.0-2+b3 arm64
  CHM viewer for KDE

kde-zeroconf/stable 4:25.04.0-1 arm64
  zeroconf plugins and kio slaves for KDE

kget/stable 4:25.04.0-1 arm64
  download manager

kget-doc/stable 4:25.04.0-1 all
  download manager - documentation

klibc-utils/stable 2.0.14-1 arm64
  small utilities built with klibc for early boot

kodi-pvr-dvblink/stable 21.1.3+ds-1+b1 arm64
  DVBLink PVR Client for Kodi

konclude/stable 0.7.0+1138+git20220514~dfsg-1+b2 arm64
  tableau-based description logic reasoner for the semantic web

kongress/stable 25.04.0-1 arm64
  companion application for conferences made by KDE

ladvd/stable 1.1.2-4+b1 arm64
  LLDP/CDP sender

lakai/stable 0.1-3+b1 arm64
  transfers samples between a PC and an AKAI sampler

latex-cjk-japanese-wadalab/stable 0.20050817-20 all
  type1 and tfm DNP Japanese fonts for latex-cjk

latex2html/stable 2025+debian1-3 all
  LaTeX to HTML translator

lcmaps-plugins-jobrep/stable 1.5.7-1+b1 arm64
  Jobrepository plugin for the LCMAPS authorization framework

lib32gfortran5-amd64-cross/stable 14.2.0-19cross1 all
  Runtime library for GNU Fortran applications (32bit)

lib32gfortran5-mips64-cross/stable 14.2.0-13cross1 all
  Runtime library for GNU Fortran applications (32bit)

lib32gfortran5-mips64el-cross/stable 14.2.0-13cross1 all
  Runtime library for GNU Fortran applications (32bit)

lib32gfortran5-mips64r6-cross/stable 14.2.0-13cross1 all
  Runtime library for GNU Fortran applications (32bit)

lib32gfortran5-mips64r6el-cross/stable 14.2.0-13cross1 all
  Runtime library for GNU Fortran applications (32bit)

lib32gfortran5-ppc64-cross/stable 14.2.0-19cross1 all
  Runtime library for GNU Fortran applications (32bit)

lib32gfortran5-s390x-cross/stable 14.2.0-19cross1 all
  Runtime library for GNU Fortran applications (32bit)

lib32gfortran5-sparc64-cross/stable 14.2.0-19cross1 all
  Runtime library for GNU Fortran applications (32bit)

lib32gfortran5-x32-cross/stable 14.2.0-19cross1 all
  Runtime library for GNU Fortran applications (32bit)

lib32go21-amd64-cross/stable 12.4.0-5cross1 all
  Runtime library for GNU Go applications (32bit)

lib32go21-ppc64-cross/stable 12.4.0-5cross1 all
  Runtime library for GNU Go applications (32bit)

lib32go21-s390x-cross/stable 12.4.0-5cross1 all
  Runtime library for GNU Go applications (32bit)

lib32go21-sparc64-cross/stable 12.4.0-5cross1 all
  Runtime library for GNU Go applications (32bit)

lib32go21-x32-cross/stable 12.4.0-5cross1 all
  Runtime library for GNU Go applications (32bit)

lib32go22-amd64-cross/stable 13.3.0-16cross1 all
  Runtime library for GNU Go applications (32bit)

lib32go22-mips64-cross/stable 13.3.0-12cross1 all
  Runtime library for GNU Go applications (32bit)

lib32go22-mips64el-cross/stable 13.3.0-12cross1 all
  Runtime library for GNU Go applications (32bit)

lib32go22-mips64r6-cross/stable 13.3.0-12cross1 all
  Runtime library for GNU Go applications (32bit)

lib32go22-mips64r6el-cross/stable 13.3.0-12cross1 all
  Runtime library for GNU Go applications (32bit)

lib32go22-ppc64-cross/stable 13.3.0-16cross1 all
  Runtime library for GNU Go applications (32bit)

lib32go22-s390x-cross/stable 13.3.0-16cross1 all
  Runtime library for GNU Go applications (32bit)

lib32go22-sparc64-cross/stable 13.3.0-16cross1 all
  Runtime library for GNU Go applications (32bit)

lib32go22-x32-cross/stable 13.3.0-16cross1 all
  Runtime library for GNU Go applications (32bit)

lib32go23-amd64-cross/stable 14.2.0-19cross1 all
  Runtime library for GNU Go applications (32bit)

lib32go23-mips64-cross/stable 14.2.0-13cross1 all
  Runtime library for GNU Go applications (32bit)

lib32go23-mips64el-cross/stable 14.2.0-13cross1 all
  Runtime library for GNU Go applications (32bit)

lib32go23-mips64r6-cross/stable 14.2.0-13cross1 all
  Runtime library for GNU Go applications (32bit)

lib32go23-mips64r6el-cross/stable 14.2.0-13cross1 all
  Runtime library for GNU Go applications (32bit)

lib32go23-ppc64-cross/stable 14.2.0-19cross1 all
  Runtime library for GNU Go applications (32bit)

lib32go23-s390x-cross/stable 14.2.0-19cross1 all
  Runtime library for GNU Go applications (32bit)

lib32go23-sparc64-cross/stable 14.2.0-19cross1 all
  Runtime library for GNU Go applications (32bit)

lib32go23-x32-cross/stable 14.2.0-19cross1 all
  Runtime library for GNU Go applications (32bit)

lib32objc4-amd64-cross/stable 14.2.0-19cross1 all
  Runtime library for GNU Objective-C applications (32bit)

lib32objc4-mips64-cross/stable 14.2.0-13cross1 all
  Runtime library for GNU Objective-C applications (32bit)

lib32objc4-mips64el-cross/stable 14.2.0-13cross1 all
  Runtime library for GNU Objective-C applications (32bit)

lib32objc4-mips64r6-cross/stable 14.2.0-13cross1 all
  Runtime library for GNU Objective-C applications (32bit)

lib32objc4-mips64r6el-cross/stable 14.2.0-13cross1 all
  Runtime library for GNU Objective-C applications (32bit)

lib32objc4-ppc64-cross/stable 14.2.0-19cross1 all
  Runtime library for GNU Objective-C applications (32bit)

lib32objc4-s390x-cross/stable 14.2.0-19cross1 all
  Runtime library for GNU Objective-C applications (32bit)

lib32objc4-sparc64-cross/stable 14.2.0-19cross1 all
  Runtime library for GNU Objective-C applications (32bit)

lib32objc4-x32-cross/stable 14.2.0-19cross1 all
  Runtime library for GNU Objective-C applications (32bit)

lib4ti2-dev/stable 1.6.10+ds-1.1+b2 arm64
  mathematical tool suite for problems on linear spaces -- dev

lib64gfortran5-i386-cross/stable 14.2.0-19cross1 all
  Runtime library for GNU Fortran applications (64bit)

lib64gfortran5-mips-cross/stable 14.2.0-13cross1 all
  Runtime library for GNU Fortran applications (64bit)

lib64gfortran5-mipsel-cross/stable 14.2.0-13cross1 all
  Runtime library for GNU Fortran applications (64bit)

lib64gfortran5-mipsr6-cross/stable 14.2.0-13cross1 all
  Runtime library for GNU Fortran applications (64bit)

lib64gfortran5-mipsr6el-cross/stable 14.2.0-13cross1 all
  Runtime library for GNU Fortran applications (64bit)

lib64gfortran5-powerpc-cross/stable 14.2.0-19cross1 all
  Runtime library for GNU Fortran applications (64bit)

lib64gfortran5-x32-cross/stable 14.2.0-19cross1 all
  Runtime library for GNU Fortran applications (64bit)

lib64go21-i386-cross/stable 12.4.0-5cross1 all
  Runtime library for GNU Go applications (64bit)

lib64go21-powerpc-cross/stable 12.4.0-5cross1 all
  Runtime library for GNU Go applications (64bit)

lib64go21-x32-cross/stable 12.4.0-5cross1 all
  Runtime library for GNU Go applications (64bit)

lib64go22-i386-cross/stable 13.3.0-16cross1 all
  Runtime library for GNU Go applications (64bit)

lib64go22-mips-cross/stable 13.3.0-12cross1 all
  Runtime library for GNU Go applications (64bit)

lib64go22-mipsel-cross/stable 13.3.0-12cross1 all
  Runtime library for GNU Go applications (64bit)

lib64go22-mipsr6-cross/stable 13.3.0-12cross1 all
  Runtime library for GNU Go applications (64bit)

lib64go22-mipsr6el-cross/stable 13.3.0-12cross1 all
  Runtime library for GNU Go applications (64bit)

lib64go22-powerpc-cross/stable 13.3.0-16cross1 all
  Runtime library for GNU Go applications (64bit)

lib64go22-x32-cross/stable 13.3.0-16cross1 all
  Runtime library for GNU Go applications (64bit)

lib64go23-i386-cross/stable 14.2.0-19cross1 all
  Runtime library for GNU Go applications (64bit)

lib64go23-mips-cross/stable 14.2.0-13cross1 all
  Runtime library for GNU Go applications (64bit)

lib64go23-mipsel-cross/stable 14.2.0-13cross1 all
  Runtime library for GNU Go applications (64bit)

lib64go23-mipsr6-cross/stable 14.2.0-13cross1 all
  Runtime library for GNU Go applications (64bit)

lib64go23-mipsr6el-cross/stable 14.2.0-13cross1 all
  Runtime library for GNU Go applications (64bit)

lib64go23-powerpc-cross/stable 14.2.0-19cross1 all
  Runtime library for GNU Go applications (64bit)

lib64go23-x32-cross/stable 14.2.0-19cross1 all
  Runtime library for GNU Go applications (64bit)

lib64objc4-i386-cross/stable 14.2.0-19cross1 all
  Runtime library for GNU Objective-C applications (64bit)

lib64objc4-mips-cross/stable 14.2.0-13cross1 all
  Runtime library for GNU Objective-C applications (64bit)

lib64objc4-mipsel-cross/stable 14.2.0-13cross1 all
  Runtime library for GNU Objective-C applications (64bit)

lib64objc4-mipsr6-cross/stable 14.2.0-13cross1 all
  Runtime library for GNU Objective-C applications (64bit)

lib64objc4-mipsr6el-cross/stable 14.2.0-13cross1 all
  Runtime library for GNU Objective-C applications (64bit)

lib64objc4-powerpc-cross/stable 14.2.0-19cross1 all
  Runtime library for GNU Objective-C applications (64bit)

lib64objc4-x32-cross/stable 14.2.0-19cross1 all
  Runtime library for GNU Objective-C applications (64bit)

libabiword-dev/stable 3.0.6~dfsg-1 arm64
  efficient, featureful word processor with collaboration -- development files

libad9361-0/stable 0.3-2+b2 arm64
  Library of functions specific to the Analog Devices AD9361

libad9361-dev/stable 0.3-2+b2 arm64
  Development files specific to the Analog Devices AD9361

libalien-wxwidgets-perl/stable 0.69+dfsg-8+b2 arm64
  Perl module for locating wxWidgets binaries

libapache-gallery-perl/stable 1.0.2-5.1 all
  Apache module to create image galleries on-the-fly

libapache-jena-java/stable 4.9.0-1 all
  Java framework for building Semantic Web applications

libapache2-mod-lisp/stable 1.3.1-2+b1 arm64
  An Apache2 module that interfaces with Lisp environments

libapophenia2-dev/stable 1.0+ds-10 arm64
  Apophenia Statistical C Library -- development package

libapparmor-dev/stable 4.1.0-1 arm64
  AppArmor development libraries and header files

libargon2-1/stable 0~20190702+dfsg-4+b2 arm64
  memory-hard hashing function - runtime library

libaria2-0-dev/stable 1.37.0+debian-3 arm64
  High speed download utility (Development files)

libaspell-dev/stable 0.60.8.1-4 arm64
  Development files for applications with GNU Aspell support

libasyncaudio-dev/stable 24.02-5 arm64
  AsyncAudio library for SvxLink (development files)

libasyncaudio1.6t64/stable 24.02-5 arm64
  AsyncAudio library for SvxLink

libasynccore-dev/stable 24.02-5 arm64
  AsyncCore library for SvxLink (development files)

libasynccore1.6t64/stable 24.02-5 arm64
  AsyncCore library for SvxLink

libasynccpp-dev/stable 24.02-5 arm64
  AsyncCpp library for SvxLink (development files)

libasynccpp1.6t64/stable 24.02-5 arm64
  AsyncCpp library for SvxLink

libasyncqt-dev/stable 24.02-5 arm64
  AsyncQt library for SvxLink (development files)

libasyncqt1.6t64/stable 24.02-5 arm64
  AsyncQt library for SvxLink

libatteanx-store-dbi-perl/stable 0.002-4 all
  DBI-based quad-store for Attean

libatteanx-store-ldf-perl/stable 0.04-3 all
  Linked Data Fragment RDF store

libatteanx-store-lmdb-perl/stable 0.001-3 all
  LMDB-backed persistent quad-store for Attean

libautocomplete-java/stable 2.5.3-2 all
  Java library for auto-completion in text component

libautolink-java/stable 0.10.0-1.1 all
  Autolink URL extraction library

libavc1394-0/stable,now 0.5.4-5+b2 arm64 [installed,automatic]
  control IEEE 1394 audio/video devices

libavc1394-dev/stable 0.5.4-5+b2 arm64
  control IEEE 1394 audio/video devices (development files)

libavc1394-tools/stable 0.5.4-5+b2 arm64
  control IEEE 1394 audio/video devices (utilities)

libavcodec-extra61/stable 7:7.1.5-0+deb13u1 arm64
  FFmpeg library with additional de/encoders for audio/video codecs

libavfilter-extra10/stable 7:7.1.5-0+deb13u1 arm64
  FFmpeg library with extra media filters - runtime files

libavformat-extra61/stable 7:7.1.5-0+deb13u1 arm64
  FFmpeg library with additional (de)muxers for multimedia containers

libavifile-0.7-dev/stable 1:0.7.48~20090503.ds-29 arm64
  development header files for libavifile

libbabeltrace-dev/stable 1.5.11-4+b2 arm64
  Babeltrace development files

libbabeltrace2-dev/stable 2.1.1-1 arm64
  Babeltrace2 development files

libbidi-clojure/stable 2.1.6-2 all
  bidirectional URI routing for Clojure

libbiojava1.9-java/stable 1:1.9.7+dfsg-2 all
  Java API to biological data and applications (version 1.9)

libblas-test/stable 3.12.1-6 arm64
  Basic Linear Algebra Subroutines 3, testing programs

libblas64-test/stable 3.12.1-6 arm64
  Basic Linear Algebra Subroutines 3, testing programs (64bit-index)

libbliss-dev/stable 0.77-3+b3 arm64
  development files to compute graph automorphisms and labelings -- libdev

libbolt-18-dev/stable 1:18.1.8-18+b1 arm64
  Post-link optimizer

libbolt-19-dev/stable 1:19.1.7-3+b1 arm64
  Post-link optimizer

libboost-container-dev/stable 1.83.0.2+b2 arm64
  C++ library that implements several well-known containers - dev files (default version)

libboost-container1.83-dev/stable 1.83.0-4.2 arm64
  C++ library that implements several well-known containers - dev files

libboost-container1.83.0/stable 1.83.0-4.2 arm64
  C++ library that implements several well-known containers

libboost-container1.88-dev/stable 1.88.0-1 arm64
  C++ library that implements several well-known containers - dev files

libboost-container1.88.0/stable 1.88.0-1 arm64
  C++ library that implements several well-known containers

libbs2b-dev/stable 3.1.0+dfsg-8+b1 arm64
  Bauer stereophonic-to-binaural DSP library development files

libbtparse-dev/stable 0.91-1 arm64
  C library to parse BibTeX files - development files

libbusiness-onlinepayment-tclink-perl/stable 1.03-5 all
  TrustCommerce backend for Business::OnlinePayment

libc6-dev/stable,now 2.41-12+deb13u3 arm64 [installed,automatic]
  GNU C Library: Development Libraries and Header Files

libc6-dev-amd64-cross/stable 2.41-11cross1 all
  GNU C Library: Development Libraries and Header Files (for cross-compiling)

libc6-dev-amd64-i386-cross/stable 2.41-11cross1 all
  GNU C Library: 64bit Development Libraries for AMD64 (for cross-compiling)

libc6-dev-amd64-x32-cross/stable 2.41-11cross1 all
  GNU C Library: 64bit Development Libraries for AMD64 (for cross-compiling)

libc6-dev-arc-cross/stable 2.41-11cross1 all
  GNU C Library: Development Libraries and Header Files (for cross-compiling)

libc6-dev-arm64-cross/stable 2.41-11cross1 all
  GNU C Library: Development Libraries and Header Files (for cross-compiling)

libc6-dev-armel-cross/stable 2.41-11cross1 all
  GNU C Library: Development Libraries and Header Files (for cross-compiling)

libc6-dev-armhf-cross/stable 2.41-11cross1 all
  GNU C Library: Development Libraries and Header Files (for cross-compiling)

libc6-dev-hppa-cross/stable 2.41-11cross1 all
  GNU C Library: Development Libraries and Header Files (for cross-compiling)

libc6-dev-i386-amd64-cross/stable 2.41-11cross1 all
  GNU C Library: 32-bit development libraries for AMD64 (for cross-compiling)

libc6-dev-i386-cross/stable 2.41-11cross1 all
  GNU C Library: Development Libraries and Header Files (for cross-compiling)

libc6-dev-i386-x32-cross/stable 2.41-11cross1 all
  GNU C Library: 32-bit development libraries for AMD64 (for cross-compiling)

libc6-dev-loong64-cross/stable 2.41-11cross1 all
  GNU C Library: Development Libraries and Header Files (for cross-compiling)

libc6-dev-m68k-cross/stable 2.41-11cross1 all
  GNU C Library: Development Libraries and Header Files (for cross-compiling)

libc6-dev-mips-cross/stable 2.40-5cross1 all
  GNU C Library: Development Libraries and Header Files (for cross-compiling)

libc6-dev-mips32-mips64-cross/stable 2.40-5cross1 all
  GNU C Library: o32 Development Libraries for MIPS (for cross-compiling)

libc6-dev-mips32-mips64el-cross/stable 2.40-5cross1 all
  GNU C Library: o32 Development Libraries for MIPS (for cross-compiling)

libc6-dev-mips32-mips64r6-cross/stable 2.40-5cross1 all
  GNU C Library: o32 Development Libraries for MIPS (for cross-compiling)

libc6-dev-mips32-mips64r6el-cross/stable 2.40-5cross1 all
  GNU C Library: o32 Development Libraries for MIPS (for cross-compiling)

libc6-dev-mips32-mipsn32-cross/stable 2.40-5cross1 all
  GNU C Library: o32 Development Libraries for MIPS (for cross-compiling)

libc6-dev-mips32-mipsn32el-cross/stable 2.40-5cross1 all
  GNU C Library: o32 Development Libraries for MIPS (for cross-compiling)

libc6-dev-mips32-mipsn32r6-cross/stable 2.40-5cross1 all
  GNU C Library: o32 Development Libraries for MIPS (for cross-compiling)

libc6-dev-mips32-mipsn32r6el-cross/stable 2.40-5cross1 all
  GNU C Library: o32 Development Libraries for MIPS (for cross-compiling)

libc6-dev-mips64-cross/stable 2.40-5cross1 all
  GNU C Library: Development Libraries and Header Files (for cross-compiling)

libc6-dev-mips64-mips-cross/stable 2.40-5cross1 all
  GNU C Library: 64bit Development Libraries for MIPS64 (for cross-compiling)

libc6-dev-mips64-mipsel-cross/stable 2.40-5cross1 all
  GNU C Library: 64bit Development Libraries for MIPS64 (for cross-compiling)

libc6-dev-mips64-mipsn32-cross/stable 2.40-5cross1 all
  GNU C Library: 64bit Development Libraries for MIPS64 (for cross-compiling)

libc6-dev-mips64-mipsn32el-cross/stable 2.40-5cross1 all
  GNU C Library: 64bit Development Libraries for MIPS64 (for cross-compiling)

libc6-dev-mips64-mipsn32r6-cross/stable 2.40-5cross1 all
  GNU C Library: 64bit Development Libraries for MIPS64 (for cross-compiling)

libc6-dev-mips64-mipsn32r6el-cross/stable 2.40-5cross1 all
  GNU C Library: 64bit Development Libraries for MIPS64 (for cross-compiling)

libc6-dev-mips64-mipsr6-cross/stable 2.40-5cross1 all
  GNU C Library: 64bit Development Libraries for MIPS64 (for cross-compiling)

libc6-dev-mips64-mipsr6el-cross/stable 2.40-5cross1 all
  GNU C Library: 64bit Development Libraries for MIPS64 (for cross-compiling)

libc6-dev-mips64el-cross/stable 2.40-5cross1 all
  GNU C Library: Development Libraries and Header Files (for cross-compiling)

libc6-dev-mips64r6-cross/stable 2.40-5cross1 all
  GNU C Library: Development Libraries and Header Files (for cross-compiling)

libc6-dev-mips64r6el-cross/stable 2.40-5cross1 all
  GNU C Library: Development Libraries and Header Files (for cross-compiling)

libc6-dev-mipsel-cross/stable 2.40-5cross1 all
  GNU C Library: Development Libraries and Header Files (for cross-compiling)

libc6-dev-mipsn32-cross/stable 2.40-5cross1 all
  GNU C Library: Development Libraries and Header Files (for cross-compiling)

libc6-dev-mipsn32-mips-cross/stable 2.40-5cross1 all
  GNU C Library: n32 Development Libraries for MIPS64 (for cross-compiling)

libc6-dev-mipsn32-mips64-cross/stable 2.40-5cross1 all
  GNU C Library: n32 Development Libraries for MIPS64 (for cross-compiling)

libc6-dev-mipsn32-mips64el-cross/stable 2.40-5cross1 all
  GNU C Library: n32 Development Libraries for MIPS64 (for cross-compiling)

libc6-dev-mipsn32-mips64r6-cross/stable 2.40-5cross1 all
  GNU C Library: n32 Development Libraries for MIPS64 (for cross-compiling)

libc6-dev-mipsn32-mips64r6el-cross/stable 2.40-5cross1 all
  GNU C Library: n32 Development Libraries for MIPS64 (for cross-compiling)

libc6-dev-mipsn32-mipsel-cross/stable 2.40-5cross1 all
  GNU C Library: n32 Development Libraries for MIPS64 (for cross-compiling)

libc6-dev-mipsn32-mipsr6-cross/stable 2.40-5cross1 all
  GNU C Library: n32 Development Libraries for MIPS64 (for cross-compiling)

libc6-dev-mipsn32-mipsr6el-cross/stable 2.40-5cross1 all
  GNU C Library: n32 Development Libraries for MIPS64 (for cross-compiling)

libc6-dev-mipsn32el-cross/stable 2.40-5cross1 all
  GNU C Library: Development Libraries and Header Files (for cross-compiling)

libc6-dev-mipsn32r6-cross/stable 2.40-5cross1 all
  GNU C Library: Development Libraries and Header Files (for cross-compiling)

libc6-dev-mipsn32r6el-cross/stable 2.40-5cross1 all
  GNU C Library: Development Libraries and Header Files (for cross-compiling)

libc6-dev-mipsr6-cross/stable 2.40-5cross1 all
  GNU C Library: Development Libraries and Header Files (for cross-compiling)

libc6-dev-mipsr6el-cross/stable 2.40-5cross1 all
  GNU C Library: Development Libraries and Header Files (for cross-compiling)

libc6-dev-powerpc-cross/stable 2.41-11cross1 all
  GNU C Library: Development Libraries and Header Files (for cross-compiling)

libc6-dev-powerpc-ppc64-cross/stable 2.41-11cross1 all
  GNU C Library: 32bit powerpc development libraries for ppc64 (for cross-compiling)

libc6-dev-ppc64-cross/stable 2.41-11cross1 all
  GNU C Library: Development Libraries and Header Files (for cross-compiling)

libc6-dev-ppc64-powerpc-cross/stable 2.41-11cross1 all
  GNU C Library: 64bit Development Libraries for PowerPC64 (for cross-compiling)

libc6-dev-ppc64el-cross/stable 2.41-11cross1 all
  GNU C Library: Development Libraries and Header Files (for cross-compiling)

libc6-dev-riscv64-cross/stable 2.41-11cross1 all
  GNU C Library: Development Libraries and Header Files (for cross-compiling)

libc6-dev-s390-s390x-cross/stable 2.41-11cross1 all
  GNU C Library: 32bit Development Libraries for IBM zSeries (for cross-compiling)

libc6-dev-s390x-cross/stable 2.41-11cross1 all
  GNU C Library: Development Libraries and Header Files (for cross-compiling)

libc6-dev-sh4-cross/stable 2.41-11cross1 all
  GNU C Library: Development Libraries and Header Files (for cross-compiling)

libc6-dev-sparc-sparc64-cross/stable 2.41-11cross1 all
  GNU C Library: 32bit Development Libraries for SPARC (for cross-compiling)

libc6-dev-sparc64-cross/stable 2.41-11cross1 all
  GNU C Library: Development Libraries and Header Files (for cross-compiling)

libc6-dev-x32-amd64-cross/stable 2.41-11cross1 all
  GNU C Library: X32 ABI Development Libraries for AMD64 (for cross-compiling)

libc6-dev-x32-cross/stable 2.41-11cross1 all
  GNU C Library: Development Libraries and Header Files (for cross-compiling)

libc6-dev-x32-i386-cross/stable 2.41-11cross1 all
  GNU C Library: X32 ABI Development Libraries for AMD64 (for cross-compiling)

libc6.1-dev-alpha-cross/stable 2.41-11cross1 all
  GNU C Library: Development Libraries and Header Files (for cross-compiling)

libcaffeine-java/stable 2.6.2-1.1 all
  High performance caching library

libcairo-5c-dev/stable 1.21+b2 arm64
  library for cairo nickle bindings dev files

libcairo-5c0/stable 1.21+b2 arm64
  library for cairo nickle bindings

libcalceph-dev/stable 4.0.4-2 arm64
  C development files for planetary ephemeris data access

libcam-pdf-perl/stable 1.60-5 all
  PDF manipulation library

libcatalyst-plugin-session-perl/stable 0.43-1 all
  generic Session plugin for Catalyst

libcatalyst-plugin-smarturi-perl/stable 0.041-2 all
  module providing configurable URIs for Catalyst

libcattle-1.0-0/stable 1.4.0-2+b3 arm64
  Brainfuck language toolkit

libcattle-1.0-dev/stable 1.4.0-2+b3 arm64
  Brainfuck language toolkit (development files)

libccd-dev/stable 2.1-2+b2 arm64
  Library for collision detection between convex shapes - dev files

libcctbx-dev/stable 2024.10+ds2+~3.22.1+ds1-5 arm64
  Computational Crystallography Toolbox - headers

libcephfs-dev/stable 18.2.7+ds-1+deb13u1 arm64
  Ceph distributed file system client library (development files)

libcext-dev/stable 7.3.2+ds-1+b3 arm64
  Commonly used utility functions for C programs (development files)

libcext-doc/stable 7.3.2+ds-1 all
  API documentation for ESO's C utility library libcext

libcext0/stable 7.3.2+ds-1+b3 arm64
  Commonly used utility functions for C programs

libcgi-application-plugin-debugscreen-perl/stable 1.00-2 all
  debugging tool for CGI::Application

libcgi-application-plugin-linkintegrity-perl/stable 0.06-4 all
  plugin to make tamper-resisistent links in CGI::Application

libcharon-extra-plugins/stable 6.0.1-6+deb13u6 arm64
  strongSwan charon library (extra plugins)

libclang-cpp17-dev/stable 1:17.0.6-22+b2 arm64
  C++ interface to the Clang library

libclang-cpp18-dev/stable 1:18.1.8-18+b1 arm64
  C++ interface to the Clang library

libclang-cpp19-dev/stable 1:19.1.7-3+b1 arm64
  C++ interface to the Clang library

libclass-dbi-loader-relationship-perl/stable 1:1.2-6 all
  Easier relationship specification in Class::DBI::Loader

libcmor-dev/stable 3.9.0-1+b7 arm64
  Development files for Climate Model Output Rewriter

libcneartree-dev/stable 5.1.1+dfsg1-2.1+b1 arm64
  Library and headers for solving the Nearest Neighbor Problem

libcneartree7t64/stable 5.1.1+dfsg1-2.1+b1 arm64
  Library for solving the Nearest Neighbor Problem

libcom-hypirion-io-clojure/stable 0.3.1-5 all
  I/O redirection, signal handling, and console utilities

libcotp-dev/stable 3.1.0-1 arm64
  C library that generates TOTP and HOTP (development)

libcppdb-dev/stable 0.3.1+dfsg-9.1+b1 arm64
  SQL Connectivity Library (development files)

libcppdb-mysql0t64/stable 0.3.1+dfsg-9.1+b1 arm64
  SQL Connectivity Library (MySQL backend)

libcppdb-odbc0t64/stable 0.3.1+dfsg-9.1+b1 arm64
  SQL Connectivity Library (odbc backend)

libcppdb-postgresql0t64/stable 0.3.1+dfsg-9.1+b1 arm64
  SQL Connectivity Library (PostgreSQL backend)

libcppdb-sqlite3-0t64/stable 0.3.1+dfsg-9.1+b1 arm64
  SQL Connectivity Library (sqlite3 backend)

libcppdb0t64/stable 0.3.1+dfsg-9.1+b1 arm64
  SQL Connectivity Library (core library)

libcrack2-dev/stable 2.9.6-5.2+b1 arm64
  pro-active password checker library - development files

libcryptominisat5-5.11t64/stable 5.11.21+dfsg1-2 arm64
  SAT solver library

libcsnd-dev/stable 1:6.18.1+dfsg-4 arm64
  development files for Csound -- C++ API

libcsound64-dev/stable 1:6.18.1+dfsg-4 arm64
  development files for Csound

libcvtapi-dev/stable 0.0~git20230329.226eda8-1.1+b2 arm64
  VirusTotal C API library (development)

libcxl-dev/stable 81-1 arm64
  Development files for libcxl

libcxl1/stable 81-1 arm64
  utility library for managing Compute Express Link devices

libdata-hal-perl/stable 1.001-2 all
  module implementing the HAL data format

libdaxctl-dev/stable 81-1 arm64
  Development files for libdaxctl

libdb1-compat/stable 2.1.3-25+b1 arm64
  Berkeley database routines [glibc 2.0/2.1 compatibility]

libdcontainers-dev/stable 0.9.0-2 arm64
  Containers backed by Phobos' experimental allocators

libdebug0/stable 0.5.3-8+b1 arm64
  Memory leak detection system and logging library

libdevel-checklib-perl/stable 1.16-1 all
  module for checking the availability of a library

libdevel-nytprof-perl/stable 6.14+dfsg-1+b3 arm64
  Perl statement and subroutine code profiler

libdiagnostics0t64/stable 0.3.3-12.4+b4 arm64
  Logging, unittesting, and runtime diagnostics for C++ - library

libdieharder-dev/stable 3.31.1.4-1.1+b1 arm64
  Random-number generator test library -- development package

libdieharder3t64/stable 3.31.1.4-1.1+b1 arm64
  Random-number generator test library

libdigestif-ocaml/stable 1.2.0-1+b3 arm64
  hashes implementation (runtime)

libdigestif-ocaml-dev/stable 1.2.0-1+b3 arm64
  hashes implementations (dev)

libdisorder-dev/stable 0.0.2+git20130809.8062ee1-4+b2 arm64
  library for entropy measurement of byte streams (devel)

libdist-zilla-plugin-twitter-perl/stable 0.026-3 all
  Twitter when you release with Dist::Zilla

libdkim-dev/stable 1:1.0.21-4+b6 arm64
  cryptographically identify the sender of email

libdnnl-dev/stable 3.7.2+ds-2 arm64
  oneAPI Deep Neural Network Library (oneDNN) (dev)

libdolfin-dev/stable 2019.2.0~legacy20240219.1c52e83-18+b2 arm64
  Shared links and development files for DOLFIN

libdolfin64-dev/stable 2019.2.0~legacy20240219.1c52e83-18+b2 arm64
  Shared links and dev files for DOLFIN (64-bit indexing)

libdolfinx-complex-dev/stable 1:0.9.0-7 arm64
  Shared links and header files for DOLFIN (complex numbers)

libdolfinx-dev/stable 1:0.9.0-7 arm64
  Shared links and header files for DOLFIN

libdolfinx-real-dev/stable 1:0.9.0-7 arm64
  Shared links and header files for DOLFIN (real numbers)

libduo-dev/stable 1.11.3-1.2+b1 arm64
  Duo Security development libraries and header files

libdw-dev/stable 0.192-4 arm64
  libdw1t64 development libraries and header files

libeantic-dev/stable 2.0.2+ds-2+b1 arm64
  real Embedded Algebraic Number Theory In C/C++ - libdev

libecholib-dev/stable 24.02-5 arm64
  EchoLib library for SvxLink (development files)

libecholib1.3t64/stable 24.02-5 arm64
  EchoLib library for SvxLink

libeclipselink-java/stable 2.7.15-1 all
  Eclipse Persistence Services Project

libecm1-dev/stable 7.0.6+ds-1 arm64
  factor integers using the Elliptic Curve Method -- libdev

libeditreadline-dev/stable 3.1-20250104-1 arm64
  BSD editline and history libraries (shim development files)

libeegdev-dev/stable 0.2-10 arm64
  Biosignal acquisition device library (Development files)

libeiskaltdcpp-dev/stable 2.4.2-1.3 arm64
  core library for EiskaltDC++ (development files)

libeiskaltdcpp2.4t64/stable 2.4.2-1.3 arm64
  core library for EiskaltDC++

libej-dev/stable 5.3.3+repack-2 arm64
  hardware & software framework for developing science experiments

libemail-mime-kit-perl/stable 3.000008-1 all
  module to build complete email messages from templates

libespeak-ng-libespeak-dev/stable 1.52.0+dfsg-5 arm64
  Multi-lingual software speech synthesizer: development files

libespeak-ng-libespeak1/stable 1.52.0+dfsg-5 arm64
  Multi-lingual software speech synthesizer: shared library

libev-libevent-dev/stable 1:4.33-2.1 all
  libevent event loop compatibility wrapper for libev

libevdi-dev/stable 1.14.8+dfsg-1 all
  EVDI driver client library dev package

libevdi1/stable 1.14.8+dfsg-1 arm64
  Extensible Virtual Display Interface driver client library

libevent-core-2.1-7t64/stable 2.1.12-stable-10+b1 arm64
  Asynchronous event notification library (core)

libevent-extra-2.1-7t64/stable 2.1.12-stable-10+b1 arm64
  Asynchronous event notification library (extra)

libevent-openssl-2.1-7t64/stable 2.1.12-stable-10+b1 arm64
  Asynchronous event notification library (openssl)

libevent-pthreads-2.1-7t64/stable 2.1.12-stable-10+b1 arm64
  Asynchronous event notification library (pthreads)

libextutils-f77-perl/stable 1.26-1 all
  module to compile and link FORTRAN 77 code for Perl modules

libextutils-hascompiler-perl/stable 0.025-1 all
  Perl Module checking the presence of a compiler

libextutils-libbuilder-perl/stable 0.09-1 all
  Perl module to compile standard, self-contained C libraries

libextutils-pkgconfig-perl/stable 1.16-3 all
  Perl interface to the pkg-config utility

libf2c2-dev/stable 20240504-1+b2 arm64
  Development libraries for use with f2c

libfabric-dev/stable 2.1.0-1.1 arm64
  Development files for libfabric1

libfastahack-dev/stable 1.0.0+dfsg-11+b2 arm64
  library for indexing and sequence extraction from FASTA files (devel)

libfcgi-dev/stable 2.4.5-0.1 arm64
  header files of FastCGI

libfdeep-dev/stable 0.17.1-1 all
  use Keras models in C++

libfec-dev/stable 1.0-26-gc5d935f-1+b3 arm64
  forward error correction (FEC) algorithms - header files

libfec0/stable 1.0-26-gc5d935f-1+b3 arm64
  forward error correction (FEC) algorithms

libffms2-dev/stable 5.0-1+b1 arm64
  Development files for libffms2

libfftw3-dev/stable 3.3.10-2+b1 arm64
  Library for computing Fast Fourier Transforms - development

libfftw3-mpi-dev/stable 3.3.10-2+b1 arm64
  MPI Library for computing Fast Fourier Transforms - development

libfile-copy-link-perl/stable 0.200-1 all
  Perl extension for replacing a link by a copy of the linked file

libfile-copy-recursive-reduced-perl/stable 0.008-1 all
  module for recursive copying of files and directories

libfile-lchown-perl/stable 0.02-4 arm64
  module to modify attributes of symlinks without dereferencing them

libfile-nfslock-perl/stable 1.29-2 all
  perl module to do NFS (or not) locking

libfile-remove-perl/stable 1.61-2 all
  Perl module to remove files or directories

libfinal-dev/stable 0.9.1-1 arm64
  Developer's library for the final cut widget toolkit

libfizmo-dev/stable 0.7.15-2.1 arm64
  Z-Machine interpreter developer library

libfl-dev/stable 2.6.4-8.2+b4 arm64
  static library for flex (a fast lexical analyzer generator)

libfl2/stable 2.6.4-8.2+b4 arm64
  SHARED library for flex (a fast lexical analyzer generator)

libfltk-cairo1.3t64/stable 1.3.11-2 arm64
  Fast Light Toolkit - Cairo rendering layer support

libfltk-cairo1.4/stable 1.4.3-1 arm64
  Fast Light Toolkit - Cairo rendering layer support

libfltk-forms1.3t64/stable 1.3.11-2 arm64
  Fast Light Toolkit - Forms compatibility layer support

libfltk-forms1.4/stable 1.4.3-1 arm64
  Fast Light Toolkit - Forms compatibility layer support

libfltk-gl1.3t64/stable 1.3.11-2 arm64
  Fast Light Toolkit - OpenGL rendering support

libfltk-gl1.4/stable 1.4.3-1 arm64
  Fast Light Toolkit - OpenGL rendering support

libfltk-images1.3t64/stable 1.3.11-2 arm64
  Fast Light Toolkit - image loading support

libfltk-images1.4/stable 1.4.3-1 arm64
  Fast Light Toolkit - image loading support

libfltk1.3-compat-headers/stable 1.3.11-2 all
  Fast Light Toolkit - compatibility header symlinks

libfltk1.3t64/stable 1.3.11-2 arm64
  Fast Light Toolkit - main shared library

libfltk1.4/stable 1.4.3-1 arm64
  Fast Light Toolkit - main shared library

libfltk1.4-compat-headers/stable 1.4.3-1 all
  Fast Light Toolkit - compatibility header symlinks

libfreecell-solver-dev/stable 5.0.0-2.1 arm64
  Library for solving Freecell games (Development files)

libfsplib0t64/stable,now 0.14-5.1 arm64 [installed,automatic]
  FSP v2 protocol stack library - shared library

libftp-dev/stable 4.0-1-4+b2 arm64
  Library of callable ftp routines (development)

libfuzzer-17-dev/stable 1:17.0.6-22+b2 arm64
  Library for coverage-guided fuzz testing

libfuzzer-18-dev/stable 1:18.1.8-18+b1 arm64
  Library for coverage-guided fuzz testing

libfuzzer-19-dev/stable 1:19.1.7-3+b1 arm64
  Library for coverage-guided fuzz testing

libg3d-dev/stable 0.0.8-38 arm64
  LibG3D development package

libgambit4-dev/stable 4.9.3-1.4 arm64
  Header file and link for the Gambit shared library

libgavl-dev/stable 2.0.0~svn6298-1+b3 arm64
  low level audio and video library - development files

libgbtools0t64/stable 4.44.1+dfsg-7.1+b3 arm64
  library for visualising sequence alignments

libgc-dev/stable 1:8.2.8-1 arm64
  conservative garbage collector for C (development)

libgcrypt20-dev/stable 1.11.0-7+deb13u1 arm64
  LGPL Crypto library - development files

libgdcm-dev/stable 3.0.24-5+b3 arm64
  Grassroots DICOM development libraries and headers

libgee-0.8-2/stable 0.20.8-1 arm64
  GObject based collection and utility library

libgee-0.8-dev/stable 0.20.8-1 arm64
  GObject based collection and utility library (development files)

libgenome-dev/stable 1.3.11+svn20110227.4616-6+b2 arm64
  toolkit for developing bioinformatic related software (devel)

libgeo-osm-tiles-perl/stable 0.04-7 all
  module for calculating tile numbers for OpenStreetMap

libgeronimo-jpa-2.0-spec-java/stable 1.1-4 all
  Geronimo JSR-317 Java Persistence (JPA) 2.0 Spec API

libgff-dev/stable 2.0.0-3 arm64
  GFF/GTF parsing from cufflinks as a library

libgfortran5/stable,now 14.2.0-19 arm64 [installed,automatic]
  Runtime library for GNU Fortran applications

libgfortran5-alpha-cross/stable 14.2.0-19cross1 all
  Runtime library for GNU Fortran applications

libgfortran5-amd64-cross/stable 14.2.0-19cross1 all
  Runtime library for GNU Fortran applications

libgfortran5-arc-cross/stable 14.2.0-19cross1 all
  Runtime library for GNU Fortran applications

libgfortran5-arm64-cross/stable 14.2.0-19cross1 all
  Runtime library for GNU Fortran applications

libgfortran5-armel-cross/stable 14.2.0-19cross1 all
  Runtime library for GNU Fortran applications

libgfortran5-armhf-cross/stable 14.2.0-19cross1 all
  Runtime library for GNU Fortran applications

libgfortran5-hppa-cross/stable 14.2.0-19cross1 all
  Runtime library for GNU Fortran applications

libgfortran5-i386-cross/stable 14.2.0-19cross1 all
  Runtime library for GNU Fortran applications

libgfortran5-loong64-cross/stable 14.2.0-19cross1 all
  Runtime library for GNU Fortran applications

libgfortran5-m68k-cross/stable 14.2.0-19cross1 all
  Runtime library for GNU Fortran applications

libgfortran5-mips-cross/stable 14.2.0-13cross1 all
  Runtime library for GNU Fortran applications

libgfortran5-mips64-cross/stable 14.2.0-13cross1 all
  Runtime library for GNU Fortran applications

libgfortran5-mips64el-cross/stable 14.2.0-13cross1 all
  Runtime library for GNU Fortran applications

libgfortran5-mips64r6-cross/stable 14.2.0-13cross1 all
  Runtime library for GNU Fortran applications

libgfortran5-mips64r6el-cross/stable 14.2.0-13cross1 all
  Runtime library for GNU Fortran applications

libgfortran5-mipsel-cross/stable 14.2.0-13cross1 all
  Runtime library for GNU Fortran applications

libgfortran5-mipsr6-cross/stable 14.2.0-13cross1 all
  Runtime library for GNU Fortran applications

libgfortran5-mipsr6el-cross/stable 14.2.0-13cross1 all
  Runtime library for GNU Fortran applications

libgfortran5-powerpc-cross/stable 14.2.0-19cross1 all
  Runtime library for GNU Fortran applications

libgfortran5-ppc64-cross/stable 14.2.0-19cross1 all
  Runtime library for GNU Fortran applications

libgfortran5-ppc64el-cross/stable 14.2.0-19cross1 all
  Runtime library for GNU Fortran applications

libgfortran5-riscv64-cross/stable 14.2.0-19cross1 all
  Runtime library for GNU Fortran applications

libgfortran5-s390x-cross/stable 14.2.0-19cross1 all
  Runtime library for GNU Fortran applications

libgfortran5-sh4-cross/stable 14.2.0-19cross1 all
  Runtime library for GNU Fortran applications

libgfortran5-sparc64-cross/stable 14.2.0-19cross1 all
  Runtime library for GNU Fortran applications

libgfortran5-x32-cross/stable 14.2.0-19cross1 all
  Runtime library for GNU Fortran applications

libghc-deque-dev/stable 0.4.4.1-1+b1 arm64
  double-ended queues

libghc-deque-doc/stable 0.4.4.1-1 all
  double-ended queues; documentation

libghc-deque-prof/stable 0.4.4.1-1+b1 arm64
  double-ended queues; profiling libraries

libghc-filemanip-doc/stable 0.3.6.3-13 all
  expressive file and directory manipulation for Haskell; documentation

libghc-hi-file-parser-dev/stable 0.1.6.0-1+b1 arm64
  Parser for GHC's hi files

libghc-hi-file-parser-doc/stable 0.1.6.0-1 all
  Parser for GHC's hi files; documentation

libghc-hi-file-parser-prof/stable 0.1.6.0-1+b1 arm64
  Parser for GHC's hi files; profiling libraries

libghc-hierarchical-clustering-dev/stable 0.4.7-4+b1 arm64
  fast algorithms for single, average/UPGMA and complete linkage clustering

libghc-hierarchical-clustering-doc/stable 0.4.7-4 all
  fast algorithms for single, average/UPGMA and complete linkage clustering; documentation

libghc-hierarchical-clustering-prof/stable 0.4.7-4+b1 arm64
  fast algorithms for single, average/UPGMA and complete linkage clustering; profiling libraries

libghc-http-link-header-dev/stable 1.2.1-3+b1 arm64
  parser/writer for RFC 5988's HTTP Link header

libghc-http-link-header-doc/stable 1.2.1-3 all
  parser/writer for RFC 5988's HTTP Link header; documentation

libghc-http-link-header-prof/stable 1.2.1-3+b1 arm64
  parser/writer for RFC 5988's HTTP Link header; profiling libraries

libghc-strict-list-dev/stable 0.1.7.5-1+b1 arm64
  strict linked list

libghc-strict-list-doc/stable 0.1.7.5-1 all
  strict linked list; documentation

libghc-strict-list-prof/stable 0.1.7.5-1+b1 arm64
  strict linked list; profiling libraries

libghc-tf-random-dev/stable 0.5-13+b1 arm64
  high-quality splittable pseudorandom number generator

libghc-tf-random-doc/stable 0.5-13 all
  high-quality splittable pseudorandom number generator; documentation

libghc-tf-random-prof/stable 0.5-13+b1 arm64
  high-quality splittable pseudorandom number generator; profiling libraries

libgit-annex-perl/stable 0.008-2 all
  Perl interface to git-annex repositories

libgit-raw-perl/stable 0.90+ds-3+b1 arm64
  Perl bindings to the Git linkable library (libgit2)

libgit2-1.9/stable 1.9.0+ds-2 arm64
  low-level Git library

libgit2-dev/stable 1.9.0+ds-2 arm64
  low-level Git library (development files)

libgit2-fixtures/stable 1.9.0+ds-2 all
  low-level Git library - test suite examples

libgjs0g/stable 1.82.3-1 arm64
  Mozilla-based javascript bindings for the GNOME platform

libglgrib-egl-dev/stable 1.0-4+b3 arm64
  Display GRIB2 fields using OpenGL (EGL based dev package)

libglgrib-glfw-dev/stable 1.0-4+b3 arm64
  Display GRIB2 fields using OpenGL (GLFW based dev package)

libgme-dev/stable 0.6.3-7+b2 arm64
  Playback library for video game music files - development files

libgmerlin-dev/stable 2.0.0~svn6298~dfsg0-5 arm64
  core library for gmerlin - development files

libgmp-dev/stable 2:6.3.0+dfsg-3 arm64
  Multiprecision arithmetic library developers tools

libgmp-ocaml/stable 20021123-23+b3 arm64
  OCaml bindings for the GNU multiprecision arithmetic library (runtime)

libgnokii-dev/stable 0.6.31+dfsg-6+b1 arm64
  Gnokii mobile phone interface library (development files)

libgnucap-dev/stable 1:0.36~20171003-1.1+b3 arm64
  GNU Circuit Analysis package, development library

libgnustep-corebase-dev/stable 0.1.1+20230710-5+b2 arm64
  GNUstep implementation of Apple's CoreFoundation (headers)

libgnustep-dl2-dev/stable 0.12.0+git20250112-2 arm64
  development files for gnustep-dl2 runtime libraries

libgo21/stable 12.4.0-5 arm64
  Runtime library for GNU Go applications

libgo21-alpha-cross/stable 12.4.0-5cross1 all
  Runtime library for GNU Go applications

libgo21-amd64-cross/stable 12.4.0-5cross1 all
  Runtime library for GNU Go applications

libgo21-arm64-cross/stable 12.4.0-5cross1 all
  Runtime library for GNU Go applications

libgo21-armel-cross/stable 12.4.0-5cross1 all
  Runtime library for GNU Go applications

libgo21-armhf-cross/stable 12.4.0-5cross1 all
  Runtime library for GNU Go applications

libgo21-i386-cross/stable 12.4.0-5cross1 all
  Runtime library for GNU Go applications

libgo21-powerpc-cross/stable 12.4.0-5cross1 all
  Runtime library for GNU Go applications

libgo21-ppc64-cross/stable 12.4.0-5cross1 all
  Runtime library for GNU Go applications

libgo21-ppc64el-cross/stable 12.4.0-5cross1 all
  Runtime library for GNU Go applications

libgo21-riscv64-cross/stable 12.4.0-5cross1 all
  Runtime library for GNU Go applications

libgo21-s390x-cross/stable 12.4.0-5cross1 all
  Runtime library for GNU Go applications

libgo21-sparc64-cross/stable 12.4.0-5cross1 all
  Runtime library for GNU Go applications

libgo21-x32-cross/stable 12.4.0-5cross1 all
  Runtime library for GNU Go applications

libgo22/stable 13.3.0-16 arm64
  Runtime library for GNU Go applications

libgo22-alpha-cross/stable 13.3.0-16cross1 all
  Runtime library for GNU Go applications

libgo22-amd64-cross/stable 13.3.0-16cross1 all
  Runtime library for GNU Go applications

libgo22-arm64-cross/stable 13.3.0-16cross1 all
  Runtime library for GNU Go applications

libgo22-armel-cross/stable 13.3.0-16cross1 all
  Runtime library for GNU Go applications

libgo22-armhf-cross/stable 13.3.0-16cross1 all
  Runtime library for GNU Go applications

libgo22-i386-cross/stable 13.3.0-16cross1 all
  Runtime library for GNU Go applications

libgo22-mips-cross/stable 13.3.0-12cross1 all
  Runtime library for GNU Go applications

libgo22-mips64-cross/stable 13.3.0-12cross1 all
  Runtime library for GNU Go applications

libgo22-mips64el-cross/stable 13.3.0-12cross1 all
  Runtime library for GNU Go applications

libgo22-mips64r6-cross/stable 13.3.0-12cross1 all
  Runtime library for GNU Go applications

libgo22-mips64r6el-cross/stable 13.3.0-12cross1 all
  Runtime library for GNU Go applications

libgo22-mipsel-cross/stable 13.3.0-12cross1 all
  Runtime library for GNU Go applications

libgo22-mipsr6-cross/stable 13.3.0-12cross1 all
  Runtime library for GNU Go applications

libgo22-mipsr6el-cross/stable 13.3.0-12cross1 all
  Runtime library for GNU Go applications

libgo22-powerpc-cross/stable 13.3.0-16cross1 all
  Runtime library for GNU Go applications

libgo22-ppc64-cross/stable 13.3.0-16cross1 all
  Runtime library for GNU Go applications

libgo22-ppc64el-cross/stable 13.3.0-16cross1 all
  Runtime library for GNU Go applications

libgo22-riscv64-cross/stable 13.3.0-16cross1 all
  Runtime library for GNU Go applications

libgo22-s390x-cross/stable 13.3.0-16cross1 all
  Runtime library for GNU Go applications

libgo22-sparc64-cross/stable 13.3.0-16cross1 all
  Runtime library for GNU Go applications

libgo22-x32-cross/stable 13.3.0-16cross1 all
  Runtime library for GNU Go applications

libgo23/stable 14.2.0-19 arm64
  Runtime library for GNU Go applications

libgo23-alpha-cross/stable 14.2.0-19cross1 all
  Runtime library for GNU Go applications

libgo23-amd64-cross/stable 14.2.0-19cross1 all
  Runtime library for GNU Go applications

libgo23-arm64-cross/stable 14.2.0-19cross1 all
  Runtime library for GNU Go applications

libgo23-armel-cross/stable 14.2.0-19cross1 all
  Runtime library for GNU Go applications

libgo23-armhf-cross/stable 14.2.0-19cross1 all
  Runtime library for GNU Go applications

libgo23-i386-cross/stable 14.2.0-19cross1 all
  Runtime library for GNU Go applications

libgo23-mips-cross/stable 14.2.0-13cross1 all
  Runtime library for GNU Go applications

libgo23-mips64-cross/stable 14.2.0-13cross1 all
  Runtime library for GNU Go applications

libgo23-mips64el-cross/stable 14.2.0-13cross1 all
  Runtime library for GNU Go applications

libgo23-mips64r6-cross/stable 14.2.0-13cross1 all
  Runtime library for GNU Go applications

libgo23-mips64r6el-cross/stable 14.2.0-13cross1 all
  Runtime library for GNU Go applications

libgo23-mipsel-cross/stable 14.2.0-13cross1 all
  Runtime library for GNU Go applications

libgo23-mipsr6-cross/stable 14.2.0-13cross1 all
  Runtime library for GNU Go applications

libgo23-mipsr6el-cross/stable 14.2.0-13cross1 all
  Runtime library for GNU Go applications

libgo23-powerpc-cross/stable 14.2.0-19cross1 all
  Runtime library for GNU Go applications

libgo23-ppc64-cross/stable 14.2.0-19cross1 all
  Runtime library for GNU Go applications

libgo23-ppc64el-cross/stable 14.2.0-19cross1 all
  Runtime library for GNU Go applications

libgo23-riscv64-cross/stable 14.2.0-19cross1 all
  Runtime library for GNU Go applications

libgo23-s390x-cross/stable 14.2.0-19cross1 all
  Runtime library for GNU Go applications

libgo23-sparc64-cross/stable 14.2.0-19cross1 all
  Runtime library for GNU Go applications

libgo23-x32-cross/stable 14.2.0-19cross1 all
  Runtime library for GNU Go applications

libgoocanvas2-cairotypes-perl/stable 0.001-2+b4 arm64
  bridge between GooCanvas2 and Cairo types

libgraphviz-dev/stable 2.42.4-3 arm64
  graphviz libs and headers against which to build applications

libgsl-dev/stable 2.8+dfsg-5 arm64
  GNU Scientific Library (GSL) -- development package

libhalideaot19-0/stable 19.0.0-6 all
  fast, portable computation on images and tensors (virtual library)

libhidapi-dev/stable 0.14.0-1+b2 arm64
  Multi-Platform library for communication with HID devices (development files)

libhkl-dev/stable 5.1.3-1 arm64
  diffractometer computation control library - development files

libhmmer2-dev/stable 2.3.2+dfsg-12+b2 arm64
  profile hidden Markov models for protein sequence analysis (devel)

libhomfly-dev/stable 1.02r6-1+b2 arm64
  compute the homfly polynomial of a link (development files)

libhomfly0/stable 1.02r6-1+b2 arm64
  compute the homfly polynomial of a link

libhpdf-2.3.0/stable 2.3.0+dfsg-1+b3 arm64
  C library for generating pdf files

libhpdf-dev/stable 2.3.0+dfsg-1+b3 arm64
  C library for generating pdf files (development files)

libhtml-autopagerize-perl/stable 0.02-2 all
  utility to load AutoPagerize SITEINFO stuff

libhtml-copy-perl/stable 1.31-2 all
  module to copy a HTML file without breaking links

libhtml-formatexternal-perl/stable 26-6 all
  HTML to text formatting using external programs

libhtml-formattext-withlinks-andtables-perl/stable 0.07-2 all
  Perl module to converts HTML to Text with tables intact

libhtml-formattext-withlinks-perl/stable 0.15-3 all
  Perl module to convert HTML to text with links as footnotes

libhtml-linkextractor-perl/stable 0.130-8 all
  Perl module used to extract links from HTML documents

libhtml-linklist-perl/stable 0.1701-3 all
  module that creates a 'smart' list of HTML links

libhtml-widgets-navmenu-perl/stable 1.1000-1 all
  module for generating HTML navigation menus

libhttp-link-parser-perl/stable 0.200-2 all
  parse HTTP Link headers

libhttp-link-perl/stable 0.001-3 all
  RFC 5988 web linking

libhttp-lrdd-perl/stable 0.106-3 all
  link-based resource descriptor discovery

libhttpunit-java/stable 1.7+dfsg-15 all
  automated web site testing toolkit

libhttpunit-java-doc/stable 1.7+dfsg-15 all
  documentation for libhttpunit-java

libhugetlbfs-dev/stable 2.24-1+b1 arm64
  Development files to build programs using libhugetlbfs

libhugetlbfs0/stable 2.24-1+b1 arm64
  Preload library to back program memory with hugepages

libhx-dev/stable 4.26-1 arm64
  Development files for libhx

libhx-doc/stable 4.26-1 all
  Documentation files for libhx

libhx32t64/stable 4.26-1 arm64
  C library providing queue, tree, I/O and utility functions

libhypre-dev/stable 2.32.0-4 arm64
  High Performance Matrix Preconditioners - Development Files

libhypre64-dev/stable 2.32.0-4 arm64
  High Performance Matrix Preconditioners - 64-bit (bigint) Development Files

libhypre64m-dev/stable 2.32.0-4 arm64
  High Performance Matrix Preconditioners - 64-bit (mixedint) Development Files

libhz-dev/stable 0.3.16-10+b2 arm64
  Headers and static libraries for zh-autoconvert

libibnetdisc-dev/stable 56.1-1 arm64
  InfiniBand diagnostics library headers

libibnetdisc5t64/stable 56.1-1 arm64
  InfiniBand diagnostics library

libidn2-dev/stable 2.3.8-2 arm64
  Internationalized domain names (IDNA2008/TR46) development files

libiec16022-1/stable 0.3.1-1 arm64
  Library to generate 2d ISO/IEC 16022 barcodes (data matrix/semacode)

libiec16022-dev/stable 0.3.1-1 arm64
  Development files for the ISO/IEC 16022 barcodes library

libijs-0.35/stable,now 0.35-15.2 arm64 [installed,automatic]
  IJS raster image transport protocol: shared library

libijs-dev/stable 0.35-15.2 arm64
  IJS raster image transport protocol: development files

libijs-doc/stable 0.35-15.2 all
  IJS raster image transport protocol: documentation

libiksemel-dev/stable 1.4-4+b2 arm64
  C library for the Jabber IM platform - development files

libinfinity-0.7-dev/stable 0.7.2-4 arm64
  infinote-based collaborative editing - development files

libinspector-dev/stable 1.1.0-2 arm64
  GWorkspace inspector framework (development files)

libintellij-annotations-java-doc/stable 23.0.0-2 all
  transitional package for libjetbrains-annotations-java-doc

libiodbc2/stable 3.52.9-4+b2 arm64
  iODBC Driver Manager

libiodbc2-dev/stable 3.52.9-4+b2 arm64
  iODBC Driver Manager (development files)

libipa-hbac-dev/stable 2.10.1-2+b1 arm64
  FreeIPA HBAC Evaluator library -- development files

libisfreetype-java/stable 5.3.20100629-4 all
  Java wrapper for FreeType font handling library

libitl-gobject-dev/stable 0.3-2+b2 arm64
  GObject bindings for libitl - development files

libjaylink-dev/stable 0.4.0-1 arm64
  library for interacting with J-Link programmers (development files)

libjaylink0/stable 0.4.0-1 arm64
  library for interacting with J-Link programmers

libjbig-dev/stable 2.1-6.1+b2 arm64
  JBIGkit development files

libjbig0/stable,now 2.1-6.1+b2 arm64 [installed,automatic]
  JBIGkit libraries

libjboss-modules-java/stable 2.1.6-1 all
  Modular Classloading System

libjellyfish-2.0-2/stable 2.3.1-4+b1 arm64
  count k-mers in DNA sequences (dynamic library of jellyfish)

libjibx-java/stable 1.2.6-3 all
  Framework for binding XML data to Java objects (symlink)

libjimfs-java/stable 1.1-6 all
  In-memory file system implementing the java.nio.file APIs

libjimfs-java-doc/stable 1.1-6 all
  Documentation for libjimfs-java

libjnr-posix-java/stable 3.1.18-1 all
  basic POSIX-like functions for Java

libjnr-posix-java-doc/stable 3.1.18-1 all
  Java JNR-POSIX library API documentation

libjoint-state-listener1d/stable 1.15.2-5+b5 arm64
  Robot OS robot_state_publisher listener library

libjs-angularjs/stable 1.8.3-3 all
  lets you write client-side web applications as if you had a smarter browser

libjs-autolink/stable 1.0.2+dfsg2-4 all
  JavaScript methods converting text to links

libjs-cssrelpreload/stable 3.1.0+dfsg+~cs3.1.3-1 all
  JavaScript to load CSS asynchronously

libjs-jquery-jush/stable 12-4 all
  jQuery Syntax Highlighter

libjs-jquery-tablesorter/stable 1:2.31.3+dfsg1-4 all
  jQuery flexible client-side table sorting plugin

libjs-knowl/stable 0~20190101-2 all
  JavaScript library for transclusion of supplementary information

libjs-of-ocaml/stable 5.9.1-1+b7 arm64
  OCaml bytecode to JavaScript compiler (runtime)

libjs-of-ocaml-dev/stable 5.9.1-1+b7 arm64
  OCaml bytecode to JavaScript compiler (development files)

libjs-prettify/stable 2015.12.04+dfsg-1.1 all
  syntax highlighting of source code snippets in an html page

libjs-vue-router/stable 3.6.5~ds1-1 all
  official router for Vue.js

libjson-hyper-perl/stable 0.011-3 all
  extract links from JSON via a schema

libjson-schema-modern-perl/stable 0.611-1 all
  module to validate JSON data against a schema

libjsoncpp-dev/stable 1.9.6-3 arm64
  library for reading and writing JSON for C++ (devel files)

libjsonld-perl/stable 0.006-1 all
  Perl toolkit for interacting with JSON-LD data

libjsonrpccpp-dev/stable 0.7.0-2.2+b3 arm64
  development files for JSON-RPC C++ framework

libkcapi-dev/stable 1.4.0-1+b2 arm64
  Development files for Linux Kernel Crypto API

libkcapi-doc/stable 1.4.0-1 all
  Documentation for Linux Kernel Crypto API

libkcapi1/stable 1.4.0-1+b2 arm64
  Linux Kernel Crypto API User Space Interface Library

libklibc-dev/stable 2.0.14-1 arm64
  kernel headers used during the build of klibc

libklipper6/stable 4:6.3.6-2 arm64
  Plasma Workspaces Klipper library

libknet-dev/stable 1.31-1 arm64
  kronosnet core switching implementation (developer files)

libknet-doc/stable 1.31-1 all
  kronosnet core API documentation

libknet1t64/stable 1.31-1 arm64
  kronosnet core switching implementation

libkrb5-dev/stable 1.21.3-5+deb13u1 arm64
  headers and development libraries for MIT Kerberos

libktorrent-dev/stable 25.04.0-2 arm64
  development files for the KTorrent Library

libktorrent6-6/stable 25.04.0-2 arm64
  KTorrent library for C++ / Qt 5 / KDE Frameworks

liblchown-perl/stable 1.01-4+b4 arm64
  Perl interface to the lchown() system call

liblcms2-2/stable,now 2.16-2+deb13u2 arm64 [installed,automatic]
  Little CMS 2 color management library

liblcms2-dev/stable 2.16-2+deb13u2 arm64
  Little CMS 2 color management library development headers

liblcms2-utils/stable 2.16-2+deb13u2 arm64
  Little CMS 2 color management library (utilities)

libldap-dev/stable 2.6.10+dfsg-1 arm64
  OpenLDAP development libraries

liblib60870-2/stable 2.3.4-1 arm64
  library for IEC 60870-5 based protocols in C

liblibleidenalg-dev/stable 0.11.1-2+b3 arm64
  implementation of the Leiden algorithm in C++ - headers

liblibleidenalg1/stable 0.11.1-2+b3 arm64
  implementation of the Leiden algorithm in C++ - library

liblink-grammar-dev/stable 5.12.5~dfsg-1+b3 arm64
  Carnegie Mellon University's link grammar parser (development headers)

liblink-grammar-java/stable 5.12.5~dfsg-1+b3 arm64
  Carnegie Mellon University's link grammar parser (JNI library)

liblink-grammar5t64/stable 5.12.5~dfsg-1+b3 arm64
  Carnegie Mellon University's link grammar parser (libraries)

liblinksem-ocaml-dev/stable 0.8+dfsg3-1+b2 arm64
  Formalisation of the core ELF and DWARF file formats written in Lem

liblld-17/stable 1:17.0.6-22+b2 arm64
  LLVM-based linker, library

liblld-17-dev/stable 1:17.0.6-22+b2 arm64
  LLVM-based linker, header files

liblld-18/stable 1:18.1.8-18+b1 arm64
  LLVM-based linker, library

liblld-18-dev/stable 1:18.1.8-18+b1 arm64
  LLVM-based linker, header files

liblld-19/stable 1:19.1.7-3+b1 arm64
  LLVM-based linker, library

liblld-19-dev/stable 1:19.1.7-3+b1 arm64
  LLVM-based linker, header files

liblld-dev/stable 1:19.0-63 arm64
  LLVM-based linker, library

liblldpctl-dev/stable 1.0.18-1+b2 arm64
  implementation of IEEE 802.1ab (LLDP) - development files

libllvm-17-ocaml-dev/stable 1:17.0.6-22+b2 arm64
  Modular compiler and toolchain technologies, OCaml bindings

libllvm-18-ocaml-dev/stable 1:18.1.8-18+b1 arm64
  Modular compiler and toolchain technologies, OCaml bindings

libllvm-19-ocaml-dev/stable 1:19.1.7-3+b1 arm64
  Modular compiler and toolchain technologies, OCaml bindings

liblowdown-dev/stable 2.0.2-2 arm64
  Simple markdown translator (development files)

liblowdown2/stable 2.0.2-2 arm64
  Simple markdown translator (shared library)

liblrs-dev/stable 0.73-2+b2 arm64
  package to enumerate vertices and extreme rays (development file)

liblsof-dev/stable 4.99.4+dfsg-2 arm64
  utility to list open files (development files)

libltdl-dev/stable 2.5.4-4 arm64
  System independent dlopen wrapper for GNU libtool (headers)

libltdl7/stable,now 2.5.4-4 arm64 [installed,automatic]
  System independent dlopen wrapper for GNU libtool

liblttng-ust-dev/stable 2.13.9-1 arm64
  LTTng 2.0 Userspace Tracer (development files)

liblttng-ust1t64/stable 2.13.9-1 arm64
  LTTng 2.0 Userspace Tracer (tracing libraries)

libluajit-5.1-dev/stable 2.1.0+openresty20250117-2 arm64
  OpenResty-maintained branch of LuaJIT (development files)

liblutok3/stable 0.4+dfsg-4.1+b2 arm64
  lightweight C++ API library for Lua -- shared object

liblwipv6-2t64/stable 1.5a-10 arm64
  User level (lightweight) TCP/IP stack with IPv6 support

liblwipv6-dev/stable 1.5a-10 arm64
  Development files for the LWIPv6 library

liblwt-dllist-ocaml/stable 1.0.1-1+b1 arm64
  mutable doubly-linked list with Lwt iterators (runtime)

liblwt-dllist-ocaml-dev/stable 1.0.1-1+b1 arm64
  mutable doubly-linked list with Lwt iterators (dev files)

liblzf-dev/stable 3.6-4+b3 arm64
  Very small data compression library - development headers

libmail-imaptalk-perl/stable 4.04-2 all
  IMAP client interface with lots of features

libmaliit-glib-dev/stable 2.3.0-5+b1 arm64
  Maliit Input Method Framework - GLib Development Headers

libmaliit-glib2/stable 2.3.0-5+b1 arm64
  Maliit Input Method Framework - GLib Bindings

libmaliit-plugins2/stable 2.3.0-5+b1 arm64
  Maliit Input Method Framework - Plugin Library

libmariadb-dev-compat/stable 1:11.8.6-0+deb13u1 arm64
  MariaDB Connector/C, compatibility symlinks

libmaxmind-db-reader-perl/stable 1.000014-2 all
  Perl module to read MaxMind DB files and look up IP addresses

libmaxmind-db-reader-xs-perl/stable 1.000009-2+b1 arm64
  fast XS implementation of the MaxMind DB reader

libmdds-dev/stable 2.1.1-2 all
  Multi Dimension Data structure library -- headers

libmdds-doc/stable 2.1.1-2 all
  Multi Dimension Data structure library -- documentation

libmediainfo-dev/stable 25.04+dfsg-1 arm64
  library reading metadata from media files -- headers

libmediawiki-bot-perl/stable 5.007000-1 all
  high-level bot framework for interacting with MediaWiki wikis

libmems-dev/stable 1.6.0+4725-11+b1 arm64
  development library to support DNA string matching and comparative genomics

libmfsio-dev/stable 4.57.5-1 arm64
  MooseFS IO library - development files

libmfsio1t64/stable 4.57.5-1 arm64
  MooseFS IO library

libmiglayout-java/stable 11.4.2+ds-2 all
  Java Layout Manager

libmikmod-dev/stable 3.3.13-1 arm64
  Portable sound library - development files

libmini18n-dev/stable 0.2.1-2+b2 arm64
  minimal internationalization library - devel headers

libmirage-dev/stable 3.2.10-1 arm64
  CD-ROM image access library development files

libmission-control-plugins0t64/stable 1:5.16.5-2.2+b1 arm64
  management daemon for Telepathy (library for plugins)

libmm14/stable 1.4.2-7+b2 arm64
  Shared memory library - runtime

libmmdb2-0/stable 2.0.22-1+b2 arm64
  macromolecular coordinate library - runtime

libmmlib-dev/stable 1.4.2-2.1+b1 arm64
  mmlib library (Development files)

libmnl-dev/stable 1.0.5-3 arm64
  minimalistic Netlink communication library (devel)

libmnl-doc/stable 1.0.5-3 all
  Documentation files for libmnl0

libmnl0/stable,now 1.0.5-3 arm64 [installed,automatic]
  minimalistic Netlink communication library

libmodhmm-dev/stable 1.0+dfsg-7 arm64
  library for constructing, training and scoring hidden Markov models (dev)

libmodplug-dev/stable 1:0.8.9.0-3+b2 arm64
  development files for mod music based on ModPlug

libmodule-math-depends-perl/stable 0.02-4 all
  convenience object for manipulating Perl module dependencies

libmodule-path-perl/stable 0.19-3 all
  module to get the full path to a locally installed Perl module

libmpcdec-dev/stable 2:0.1~r495-3 arm64
  MusePack decoder - development files

libmpfi-dev/stable 1.5.4+ds-4 arm64
  multiple precision floating-point interval computation library -- libdev

libmpfr-dev/stable 4.2.2-1 arm64
  multiple precision floating-point computation developers tools

libmptcpd3/stable 0.13-2 arm64
  Multipath TCP Daemon Library

libmptcpd3-dev/stable 0.13-2 arm64
  Multipath TCP Daemon Library - Development files

libmptcpd3-doc/stable 0.13-2 all
  Multipath TCP Daemon Library - documentation

libmrtd-dev/stable 0.1.6-3.3 arm64
  Development files for libmrtd0t64

libmruby-dev/stable 3.3.0-1+b1 arm64
  lightweight implementation of the Ruby language (development files)

libmshr-dev/stable 2019.2.0~git20230811.ff54a68+dfsg1-4+b3 arm64
  Shared links and header files for mshr

libmshr-dev-common/stable 2019.2.0~git20230811.ff54a68+dfsg1-4+b3 arm64
  Shared links and header files for mshr

libmshr64-dev/stable 2019.2.0~git20230811.ff54a68+dfsg1-4+b3 arm64
  Shared links and header files for mshr with 64-bit indexing

libmstoolkit-dev/stable 82-7.2 arm64
  libraries for manipulating mass spectrometry data - dev files

libmstoolkit-tools/stable 82-7.2 arm64
  libraries for manipulating mass spectrometry data - tools

libmstoolkit82t64/stable 82-7.2 arm64
  libraries for manipulating mass spectrometry data - runtime

libmusic-dev/stable 1.2.1-0.7 arm64
  Multi-Simulation Coordinator for MPI -- Development files

libmxml-dev/stable 3.3.1-1+deb13u1 arm64
  small XML parsing library (development)

libmxml1/stable 3.3.1-1+deb13u1 arm64
  small XML parsing library (runtime)

libn32gfortran5-mips-cross/stable 14.2.0-13cross1 all
  Runtime library for GNU Fortran applications (n32)

libn32gfortran5-mips64-cross/stable 14.2.0-13cross1 all
  Runtime library for GNU Fortran applications (n32)

libn32gfortran5-mips64el-cross/stable 14.2.0-13cross1 all
  Runtime library for GNU Fortran applications (n32)

libn32gfortran5-mips64r6-cross/stable 14.2.0-13cross1 all
  Runtime library for GNU Fortran applications (n32)

libn32gfortran5-mips64r6el-cross/stable 14.2.0-13cross1 all
  Runtime library for GNU Fortran applications (n32)

libn32gfortran5-mipsel-cross/stable 14.2.0-13cross1 all
  Runtime library for GNU Fortran applications (n32)

libn32gfortran5-mipsr6-cross/stable 14.2.0-13cross1 all
  Runtime library for GNU Fortran applications (n32)

libn32gfortran5-mipsr6el-cross/stable 14.2.0-13cross1 all
  Runtime library for GNU Fortran applications (n32)

libn32go22-mips-cross/stable 13.3.0-12cross1 all
  Runtime library for GNU Go applications (n32)

libn32go22-mips64-cross/stable 13.3.0-12cross1 all
  Runtime library for GNU Go applications (n32)

libn32go22-mips64el-cross/stable 13.3.0-12cross1 all
  Runtime library for GNU Go applications (n32)

libn32go22-mips64r6-cross/stable 13.3.0-12cross1 all
  Runtime library for GNU Go applications (n32)

libn32go22-mips64r6el-cross/stable 13.3.0-12cross1 all
  Runtime library for GNU Go applications (n32)

libn32go22-mipsel-cross/stable 13.3.0-12cross1 all
  Runtime library for GNU Go applications (n32)

libn32go22-mipsr6-cross/stable 13.3.0-12cross1 all
  Runtime library for GNU Go applications (n32)

libn32go22-mipsr6el-cross/stable 13.3.0-12cross1 all
  Runtime library for GNU Go applications (n32)

libn32go23-mips-cross/stable 14.2.0-13cross1 all
  Runtime library for GNU Go applications (n32)

libn32go23-mips64-cross/stable 14.2.0-13cross1 all
  Runtime library for GNU Go applications (n32)

libn32go23-mips64el-cross/stable 14.2.0-13cross1 all
  Runtime library for GNU Go applications (n32)

libn32go23-mips64r6-cross/stable 14.2.0-13cross1 all
  Runtime library for GNU Go applications (n32)

libn32go23-mips64r6el-cross/stable 14.2.0-13cross1 all
  Runtime library for GNU Go applications (n32)

libn32go23-mipsel-cross/stable 14.2.0-13cross1 all
  Runtime library for GNU Go applications (n32)

libn32go23-mipsr6-cross/stable 14.2.0-13cross1 all
  Runtime library for GNU Go applications (n32)

libn32go23-mipsr6el-cross/stable 14.2.0-13cross1 all
  Runtime library for GNU Go applications (n32)

libn32objc4-mips-cross/stable 14.2.0-13cross1 all
  Runtime library for GNU Objective-C applications (n32)

libn32objc4-mips64-cross/stable 14.2.0-13cross1 all
  Runtime library for GNU Objective-C applications (n32)

libn32objc4-mips64el-cross/stable 14.2.0-13cross1 all
  Runtime library for GNU Objective-C applications (n32)

libn32objc4-mips64r6-cross/stable 14.2.0-13cross1 all
  Runtime library for GNU Objective-C applications (n32)

libn32objc4-mips64r6el-cross/stable 14.2.0-13cross1 all
  Runtime library for GNU Objective-C applications (n32)

libn32objc4-mipsel-cross/stable 14.2.0-13cross1 all
  Runtime library for GNU Objective-C applications (n32)

libn32objc4-mipsr6-cross/stable 14.2.0-13cross1 all
  Runtime library for GNU Objective-C applications (n32)

libn32objc4-mipsr6el-cross/stable 14.2.0-13cross1 all
  Runtime library for GNU Objective-C applications (n32)

libnauty-dev/stable 2.8.9+ds-1+b1 arm64
  library for graph automorphisms -- development package

libncap-dev/stable 1.9.2-8.1+b1 arm64
  static library and header files for libncap

libncap44t64/stable 1.9.2-8.1+b1 arm64
  network capture library

libncurses-dev/stable 6.5+20250216-2 arm64
  developer's libraries for ncurses

libndctl-dev/stable 81-1 arm64
  Development files for libndctl

libnemo-extension-dev/stable 6.4.5-1 arm64
  Nemo component system facilities (development files)

libnet-sftp-sftpserver-perl/stable 1.1.0-7 all
  Secure File Transfer Protocol Server

libnet-tclink-perl/stable 3.4.0-11+b1 arm64
  Perl interface to the TrustCommerce payment gateway

libnet-write-perl/stable 1.10-3 all
  portable interface to open and send raw data to network

libnet1/stable 1.3+dfsg-2 arm64
  library for the construction and handling of network packets

libnet1-dev/stable 1.3+dfsg-2 arm64
  development files for libnet

libnet1-doc/stable 1.3+dfsg-2 all
  developers documentation files for libnet

libnetfilter-conntrack3/stable 1.1.0-1 arm64
  Netfilter netlink-conntrack library

libnetfilter-log1/stable 1.0.2-4+b1 arm64
  Netfilter netlink-log library

libnetfilter-queue1/stable 1.0.5-4+b1 arm64
  Netfilter netlink-queue library

libnetty-tcnative-java/stable 2.0.28-1 all
  Tomcat native fork for Netty

libnetty-tcnative-jni/stable 2.0.28-1+b3 arm64
  Tomcat native fork for Netty (JNI library)

libnfnetlink-dev/stable 1.0.2-3 arm64
  Development files for libnfnetlink0

libnfnetlink0/stable 1.0.2-3 arm64
  Netfilter netlink library

libnftnl-dev/stable 1.2.9-1 arm64
  Development files for libnftnl

libnftnl-dev-doc/stable 1.2.9-1 all
  Doxygen-generated documentation for libnftnl-dev

libnftnl11/stable,now 1.2.9-1 arm64 [installed,automatic]
  Netfilter nftables userspace API library

libnginx-mod-http-ndk-dev/stable 1:0.3.4-2 all
  Nginx Development Kit module - development files

libnl-3-200/stable 3.7.0-2 arm64
  library for dealing with netlink sockets

libnl-3-dev/stable 3.7.0-2 arm64
  development library and headers for libnl-3

libnl-cli-3-200/stable 3.7.0-2 arm64
  library for dealing with netlink sockets - cli helpers

libnl-cli-3-dev/stable 3.7.0-2 arm64
  development library and headers for libnl-cli-3

libnl-genl-3-200/stable 3.7.0-2 arm64
  library for dealing with netlink sockets - generic netlink

libnl-genl-3-dev/stable 3.7.0-2 arm64
  development library and headers for libnl-genl-3

libnl-idiag-3-200/stable 3.7.0-2 arm64
  library for dealing with netlink sockets - inetdiag interface

libnl-idiag-3-dev/stable 3.7.0-2 arm64
  development library and headers for libnl-genl-3

libnl-nf-3-200/stable 3.7.0-2 arm64
  library for dealing with netlink sockets - netfilter interface

libnl-nf-3-dev/stable 3.7.0-2 arm64
  development library and headers for libnl-nf-3

libnl-route-3-200/stable 3.7.0-2 arm64
  library for dealing with netlink sockets - route interface

libnl-route-3-dev/stable 3.7.0-2 arm64
  development library and headers for libnl-route-3

libnl-utils/stable 3.7.0-2 arm64
  Utilities for dealing with netlink sockets

libnl-xfrm-3-200/stable 3.7.0-2 arm64
  library for dealing with netlink sockets - package transformations

libnl-xfrm-3-dev/stable 3.7.0-2 arm64
  development library and headers for libnl-xfrm-3

libnlopt-cxx-dev/stable 2.7.1-6+b4 arm64
  nonlinear optimization library -- development package for C++

libnlopt-dev/stable 2.7.1-6+b4 arm64
  nonlinear optimization library -- development package

libnormaliz-dev/stable 3.10.4+ds-1 arm64
  math computing tools for affine monoids, rational polytopes and cones - libdev

libnsl2/stable 1.3.0-3+b3 arm64
  Public client interface for NIS(YP) and NIS+

libnspr4/stable,now 2:4.36-1 arm64 [installed,automatic]
  NetScape Portable Runtime Library

libnspr4-dev/stable 2:4.36-1 arm64
  Development files for the NetScape Portable Runtime library

libnss-nis/stable 3.1-5+b1 arm64
  NSS module for using NIS as a naming service

libnss-nisplus/stable 1.3-5+b2 arm64
  NSS module for using NIS+ as a naming service

libnusoap-php/stable 0.9.19+dfsg-1 all
  transitional package

libobexftp-perl/stable 0.24-10+b3 arm64
  perl binding to the object exchange file transfer library

libobexftp0-dev/stable 0.24-10+b3 arm64
  object exchange file transfer library - development files

libobexftp0t64/stable 0.24-10+b3 arm64
  object exchange file transfer library

libobjc4/stable 14.2.0-19 arm64
  Runtime library for GNU Objective-C applications

libobjc4-alpha-cross/stable 14.2.0-19cross1 all
  Runtime library for GNU Objective-C applications

libobjc4-amd64-cross/stable 14.2.0-19cross1 all
  Runtime library for GNU Objective-C applications

libobjc4-arc-cross/stable 14.2.0-19cross1 all
  Runtime library for GNU Objective-C applications

libobjc4-arm64-cross/stable 14.2.0-19cross1 all
  Runtime library for GNU Objective-C applications

libobjc4-armel-cross/stable 14.2.0-19cross1 all
  Runtime library for GNU Objective-C applications

libobjc4-armhf-cross/stable 14.2.0-19cross1 all
  Runtime library for GNU Objective-C applications

libobjc4-hppa-cross/stable 14.2.0-19cross1 all
  Runtime library for GNU Objective-C applications

libobjc4-i386-cross/stable 14.2.0-19cross1 all
  Runtime library for GNU Objective-C applications

libobjc4-loong64-cross/stable 14.2.0-19cross1 all
  Runtime library for GNU Objective-C applications

libobjc4-m68k-cross/stable 14.2.0-19cross1 all
  Runtime library for GNU Objective-C applications

libobjc4-mips-cross/stable 14.2.0-13cross1 all
  Runtime library for GNU Objective-C applications

libobjc4-mips64-cross/stable 14.2.0-13cross1 all
  Runtime library for GNU Objective-C applications

libobjc4-mips64el-cross/stable 14.2.0-13cross1 all
  Runtime library for GNU Objective-C applications

libobjc4-mips64r6-cross/stable 14.2.0-13cross1 all
  Runtime library for GNU Objective-C applications

libobjc4-mips64r6el-cross/stable 14.2.0-13cross1 all
  Runtime library for GNU Objective-C applications

libobjc4-mipsel-cross/stable 14.2.0-13cross1 all
  Runtime library for GNU Objective-C applications

libobjc4-mipsr6-cross/stable 14.2.0-13cross1 all
  Runtime library for GNU Objective-C applications

libobjc4-mipsr6el-cross/stable 14.2.0-13cross1 all
  Runtime library for GNU Objective-C applications

libobjc4-powerpc-cross/stable 14.2.0-19cross1 all
  Runtime library for GNU Objective-C applications

libobjc4-ppc64-cross/stable 14.2.0-19cross1 all
  Runtime library for GNU Objective-C applications

libobjc4-ppc64el-cross/stable 14.2.0-19cross1 all
  Runtime library for GNU Objective-C applications

libobjc4-riscv64-cross/stable 14.2.0-19cross1 all
  Runtime library for GNU Objective-C applications

libobjc4-s390x-cross/stable 14.2.0-19cross1 all
  Runtime library for GNU Objective-C applications

libobjc4-sh4-cross/stable 14.2.0-19cross1 all
  Runtime library for GNU Objective-C applications

libobjc4-sparc64-cross/stable 14.2.0-19cross1 all
  Runtime library for GNU Objective-C applications

libobjc4-x32-cross/stable 14.2.0-19cross1 all
  Runtime library for GNU Objective-C applications

libocct-data-exchange-dev/stable 7.8.1+dfsg1-3 arm64
  Open CASCADE Technology module for CAD data format interoperability - dev files

libocct-draw-dev/stable 7.8.1+dfsg1-3 arm64
  Open CASCADE Technology interpreter & graphics test library - dev files

libocct-foundation-dev/stable 7.8.1+dfsg1-3 arm64
  Open CASCADE Technology module underlying all other OCCT classes - dev files

libocct-modeling-algorithms-dev/stable 7.8.1+dfsg1-3 arm64
  Open CASCADE Technology geometrical & topological algorithms module - dev files

libocct-modeling-data-dev/stable 7.8.1+dfsg1-3 arm64
  Open CASCADE Technology 2D/3D geometric primitives data structures - dev files

libocct-ocaf-dev/stable 7.8.1+dfsg1-3 arm64
  Open CASCADE Technology application-specific data and functionality - dev files

libocct-visualization-dev/stable 7.8.1+dfsg1-3 arm64
  Open CASCADE Technology graphical data visualization module - dev files

libodb-2.4/stable 2.4.0-2+b1 arm64
  Common ODB Runtime Library

libodb-mysql-2.4t64/stable 2.4.0-5.1+b1 arm64
  ODB Runtime Library for MySQL

libodb-pgsql-2.4/stable 2.4.0-1+b4 arm64
  ODB Runtime Library for PostgreSQL

libodb-sqlite-2.4/stable 2.4.0-1+b4 arm64
  ODB Runtime Library for SQLite

libole-storage-lite-perl/stable 0.22-1 all
  simple class for OLE document interface

libomp-17-dev/stable 1:17.0.6-22+b2 arm64
  LLVM OpenMP runtime - dev package

libomp-17-doc/stable 1:17.0.6-22 all
  LLVM OpenMP runtime - Documentation

libomp-18-dev/stable 1:18.1.8-18+b1 arm64
  LLVM OpenMP runtime - dev package

libomp-18-doc/stable 1:18.1.8-18 all
  LLVM OpenMP runtime - Documentation

libomp-19-dev/stable 1:19.1.7-3+b1 arm64
  LLVM OpenMP runtime - dev package

libomp-19-doc/stable 1:19.1.7-3 all
  LLVM OpenMP runtime - Documentation

libomp-dev/stable 1:19.0-63 arm64
  LLVM OpenMP runtime - dev package

libomp5/stable 1:19.0-63 arm64
  LLVM OpenMP runtime

libomp5-17t64/stable 1:17.0.6-22+b2 arm64
  LLVM OpenMP runtime

libomp5-18/stable 1:18.1.8-18+b1 arm64
  LLVM OpenMP runtime

libomp5-19/stable 1:19.1.7-3+b1 arm64
  LLVM OpenMP runtime

libopenblas-dev/stable 0.3.29+ds-3 arm64
  Optimized BLAS (linear algebra) library (dev, meta)

libopenblas-openmp-dev/stable 0.3.29+ds-3 arm64
  Optimized BLAS (linear algebra) library (dev, openmp)

libopenblas-pthread-dev/stable 0.3.29+ds-3 arm64
  Optimized BLAS (linear algebra) library (dev, pthread)

libopenblas-serial-dev/stable 0.3.29+ds-3 arm64
  Optimized BLAS (linear algebra) library (dev, serial)

libopenblas64-dev/stable 0.3.29+ds-3 arm64
  Optimized BLAS (linear algebra) library (dev, 64bit, meta)

libopenblas64-openmp-dev/stable 0.3.29+ds-3 arm64
  Optimized BLAS (linear algebra) library (dev, 64bit, openmp)

libopenblas64-pthread-dev/stable 0.3.29+ds-3 arm64
  Optimized BLAS (linear algebra) library (dev, 64bit, pthread)

libopenblas64-serial-dev/stable 0.3.29+ds-3 arm64
  Optimized BLAS (linear algebra) library (dev, 64bit, serial)

libopenigtlink-dev/stable 1.11.0-6 arm64
  Open IGT Link is a simple network protocol - development

libopenigtlink1.11/stable 1.11.0-6 arm64
  Open IGT Link is a simple network protocol - runtime

libopenmpi-dev/stable 5.0.7-1 arm64
  high performance message passing library -- header files

libopenobex2/stable 1.7.2-2.2+b1 arm64
  OBEX protocol library

libopenobex2-dev/stable 1.7.2-2.2+b1 arm64
  OBEX protocol library - development files

libopm-grid-dev/stable 2024.10+ds-3 arm64
  DUNE grid implementations for reservoir simulation -- development files

libopm-simulators-dev/stable 2024.10+ds-6 arm64
  Parallel porous media / reservoir simulators -- development files

libopm-upscaling-dev/stable 2024.10+ds-1+b1 arm64
  Porous media upscaling tools -- development files

libosmo-sigtran-dev/stable 2.1.0-3 arm64
  Development headers for the Osmocom SIGTRAN library

libosmo-sigtran-doc/stable 2.1.0-3 all
  Documentation for the Osmocom SIGTRAN library

libosmo-sigtran11/stable 2.1.0-3 arm64
  Osmocom SIGTRAN library (SCCP, SUA, M3UA and more)

libostree-1-1/stable 2025.2-1 arm64
  content-addressed filesystem for operating system binaries (library)

libostree-dev/stable 2025.2-1 arm64
  Development files for the libostree library

libotf-trace-dev/stable 1.12.5+dfsg-8+b5 arm64
  Open Trace format support library - compatibility symlink

libotf2-trace-dev/stable 3.0.3-3.1+b1 arm64
  Open Trace Format support library - compatibility symlinks

libpam-tmpdir/stable 0.11 arm64
  automatic per-user temporary directories

libpapilo-dev/stable 2.4.1+ds-1 arm64
  Parallel Presolve for Integer and Linear Optimization (development files)

libparmap-ocaml-dev/stable 1.2.5-3+b4 arm64
  small OCaml library allowing to exploit multicore architectures (development)

libparse-mediawikidump-perl/stable 1.0.6-4 all
  Perl module to parse MediaWiki dump files

libpath-iterator-rule-perl/stable 1.015-2 all
  iterative, recursive file finder

libpcl-dev/stable 1.15.0+dfsg-2 arm64
  Point Cloud Library - development files

libpcsclite-dev/stable 2.3.3-1 arm64
  Middleware to access a smart card using PC/SC (development files)

libpd-dev/stable 0.55.2+ds-2 arm64
  Pure Data as an embeddable audio synthesis library - header files

libperformance-dev/stable 0.6.0-4+b1 arm64
  GNUstep performance library (development files)

libperformance0.6/stable 0.6.0-4+b1 arm64
  GNUstep performance library (runtime library)

libperlio-via-symlink-perl/stable 0.05-5 all
  PerlIO layer for creating symlinks

libpetsc-complex3.22-dev/stable 3.22.5+dfsg1-2+b1 arm64
  Static libraries, shared links, header files for PETSc

libpetsc-real3.22-dev/stable 3.22.5+dfsg1-2+b1 arm64
  Static libraries, shared links, header files for PETSc

libpetsc3.22-dev-examples/stable 3.22.5+dfsg1-2 all
  Static libraries, shared links, header files for PETSc

libpetsc64-real3.22-dev/stable 3.22.5+dfsg1-2+b1 arm64
  Static libraries, shared links, header files for 64-bit PETSc

libpkgconf-dev/stable 1.8.1-4 arm64
  development files for pkgconf

libpkgconf3/stable 1.8.1-4 arm64
  shared library for pkgconf

libpkgconfig-perl/stable 0.26026-1 all
  Pure-Perl Core-Only replacement for pkg-config

libplfit-dev/stable 0.9.6+ds-2+b1 arm64
  fitting power-law distributions to empirical data -- development

libplib-dev/stable 1.8.5-14.1+b1 arm64
  Portability Libraries: Development package

libpmem-dev/stable 1.13.1-1.1+b1 arm64
  Persistent Memory low level support library, v1 headers

libpmem2-dev/stable 1.13.1-1.1+b1 arm64
  Persistent Memory low level support library, v2 headers

libpmemblk-dev/stable 1.13.1-1.1+b1 arm64
  development files for libpmemblk1

libpmemlog-dev/stable 1.13.1-1.1+b1 arm64
  development files for libpmemlog1

libpmemobj-dev/stable 1.13.1-1.1+b1 arm64
  development files for libpmemobj1

libpmempool-dev/stable 1.13.1-1.1+b1 arm64
  development files for libpmempool1

libpocl-dev/stable 6.0-6 arm64
  development files for the PoCL library

libpocodataodbc100/stable 1.13.0-6+deb13u1 arm64
  C++ Portable Components (POCO) ODBC library

libpod-markdown-perl/stable 3.400000-1 all
  module to convert POD to the Markdown file format

libpod-parser-perl/stable 1.67-1 all
  modules for parsing/translating POD format documents

libpod-weaver-section-support-perl/stable 1.014-1 all
  Dist::Zilla plugin to add a SUPPORT section to your POD

libpolymake-dev/stable 4.12-3+b2 arm64
  Tool for algorithmic discrete geometry -- development package

libposixsignalmanager-dev/stable 0.3-4+b3 arm64
  posix signal handling for qt - headers

libppx-derivers-ocaml-dev/stable 1.2.1-4+b4 arm64
  interoperability of ppx-deriving and ppx-type-conv

libpq-dev/stable 17.10-0+deb13u1 arm64
  header files for libpq5 (PostgreSQL library)

libpqxx-dev/stable 7.10.0-2 arm64
  C++ library to connect to PostgreSQL (development files)

libprimecount-dev/stable 7.16+ds-1 arm64
  fast prime number counter C/C++ library -- libdev

libprimesieve-dev/stable 12.7+ds-1 arm64
  fast prime number generator C/C++ library -- libdev

libproxychains4/stable 4.17-3 arm64
  runtime shared library for proxychains-ng

libpspell-dev/stable 0.60.8.1-4 arm64
  Development files for applications with pspell support

libpthread-stubs0-dev/stable 0.5-1 arm64
  pthread stubs not provided by native libc, development files

libpython3.13/stable,now 3.13.5-2+deb13u3 arm64 [installed,automatic]
  Shared Python runtime library (version 3.13)

libqes0/stable 0.2.8+ds-1+b1 arm64
  DNA sequence parsing library

libqglviewer-dev-qt5/stable 2.8.0+dfsg1-2.1+b2 arm64
  OpenGL 3D viewer library based on Qt5 - development files

libqglviewer2-qt5t64/stable 2.8.0+dfsg1-2.1+b2 arm64
  OpenGL 3D viewer library based on Qt - runtime library

libqpdf30/stable 12.2.0-1 arm64
  runtime library for PDF transformation/inspection software

libquantlib0-dev/stable 1.38-1 arm64
  Quantitative Finance Library -- development package

libquvi-0.9-0.9.4/stable 0.9.4-3+b2 arm64
  library for parsing video download links (runtime libraries)

libquvi-0.9-dev/stable 0.9.4-3+b2 arm64
  library for parsing video download links (development package)

libquvi-0.9-doc/stable 0.9.4-3 all
  library for parsing video download links (documentation package)

libquvi-scripts-0.9/stable 0.9.20131130-3 all
  library for parsing video download links (Lua scripts)

librados-dev/stable 18.2.7+ds-1+deb13u1 arm64
  RADOS distributed object store client library (development files)

libradospp-dev/stable 18.2.7+ds-1+deb13u1 arm64
  RADOS distributed object store client C++ library (development files)

libradosstriper-dev/stable 18.2.7+ds-1+deb13u1 arm64
  RADOS striping interface (development files)

librandombytes-dev/stable 0~20240318-3 arm64
  Library generating fresh randomness - development files

librandombytes1/stable 0~20240318-3 arm64
  Library generating fresh randomness - shared library

librbd-dev/stable 18.2.7+ds-1+deb13u1 arm64
  RADOS block device client library (development files)

librdf-ldf-perl/stable 0.25.1-2 all
  Linked Data Fragments client

librdf-linkeddata-perl/stable 1.940-4 all
  simple Linked Data implementation

librdf4j-java/stable 3.7.7+ds-1 all
  extensible framework for RDF and RDF Schema data

libreins-ocaml-dev/stable 0.1a-12+b2 arm64
  data structure library for OCaml

libremctl-dev/stable 3.18-3 arm64
  Development files for Kerberos-authenticated command execution

libremctl1t64/stable 3.18-3 arm64
  Library for Kerberos-authenticated command execution

libreoffice-parlatype/stable 3.1.1-2 all
  LibreOffice Extension for Parlatype

libreplaygain-dev/stable 1.0~r475-4 arm64
  Calculate ReplayGain information - development files

librgw-dev/stable 18.2.7+ds-1+deb13u1 arm64
  RADOS client library (development files)

librhash-dev/stable 1.4.5-1 arm64
  header files and a static library for librhash

librhash1/stable 1.4.5-1 arm64
  shared library for hash functions computing

libriemann-client-dev/stable 1.10.4-4+b1 arm64
  Development files for the Riemann C client library

librobot-state-publisher-dev/stable 1.15.2-5+b5 arm64
  development files for Robot OS robot_state_publisher library

librobot-state-publisher-solver1d/stable 1.15.2-5+b5 arm64
  Robot OS robot_state_publisher solver library

librsyntaxtextarea-java/stable 2.5.8-2 all
  Java library for syntax highlighting text component

librtfilter-dev/stable 1.1-4+b3 arm64
  realtime digital filtering library (development files)

librubberband-dev/stable 3.3.0+dfsg-2+b3 arm64
  audio time-stretching and pitch-shifting library (development files)

librust-cdylib-link-lines-dev/stable 0.1.5-1+b2 arm64
  Collection of link-lines useful to build correct cdylibs on targets - Rust source code

librust-dlv-list-dev/stable 0.3.0-1+b2 arm64
  Semi-doubly linked list implemented using a vector - Rust source code

librust-genetlink-dev/stable 0.2.5-1+b3 arm64
  Communicate with generic netlink - Rust source code

librust-hashlink-dev/stable 0.8.4-1 arm64
  HashMap-like containers that hold their key-value pairs in a user controllable order - Rust source code

librust-libwebp-sys-dev/stable 0.9.5-1 arm64
  Bindings to libwebp (bindgen, static linking) - Rust source code

librust-link-cplusplus-dev/stable 1.0.10-1 arm64
  Link libstdc++ or libc++ automatically or manually - Rust source code

librust-linked-hash-map+heapsize-dev/stable 0.5.6-1+b2 arm64
  HashMap that holds key-value pairs in insertion order - feature "heapsize" and 1 more

librust-linked-hash-map+serde-dev/stable 0.5.6-1+b2 arm64
  HashMap that holds key-value pairs in insertion order - feature "serde" and 1 more

librust-linked-hash-map-dev/stable 0.5.6-1+b2 arm64
  HashMap that holds key-value pairs in insertion order - Rust source code

librust-linkify-dev/stable 0.9.0-1+b2 arm64
  Finds URLs and email addresses in plain text - Rust source code

librust-mptcp-pm-dev/stable 0.1.3-2+b1 arm64
  Linux kernel MPTCP path manager netlink Library - Rust source code

librust-netlink-packet-audit-dev/stable 0.5.1-1+b2 arm64
  Netlink packet types - Rust source code

librust-netlink-packet-core-dev/stable 0.7.0-1+b2 arm64
  Netlink packet types - Rust source code

librust-netlink-packet-generic-dev/stable 0.3.3-1+b3 arm64
  Generic netlink packet types - Rust source code

librust-netlink-packet-route-0.19-dev/stable 0.19.0-4 arm64
  Netlink packet types - Rust source code

librust-netlink-packet-route-dev/stable 0.21.0-4 arm64
  Netlink packet types - Rust source code

librust-netlink-packet-utils-dev/stable 0.5.2-2 arm64
  Macros and helpers for parsing netlink messages - Rust source code

librust-netlink-proto+smol-socket-dev/stable 0.11.2-3+b1 arm64
  Async netlink protocol - feature "smol_socket"

librust-netlink-proto+tokio-socket-dev/stable 0.11.2-3+b1 arm64
  Async netlink protocol - feature "tokio_socket" and 1 more

librust-netlink-proto-dev/stable 0.11.2-3+b1 arm64
  Async netlink protocol - Rust source code

librust-netlink-sys+async-io-dev/stable 0.8.7-1 arm64
  Netlink sockets, with optional integration with tokio - feature "async-io"

librust-netlink-sys+futures-dev/stable 0.8.7-1 arm64
  Netlink sockets, with optional integration with tokio - feature "futures"

librust-netlink-sys+mio-dev/stable 0.8.7-1 arm64
  Netlink sockets, with optional integration with tokio - feature "mio" and 1 more

librust-netlink-sys+smol-socket-dev/stable 0.8.7-1 arm64
  Netlink sockets, with optional integration with tokio - feature "smol_socket"

librust-netlink-sys+tokio-dev/stable 0.8.7-1 arm64
  Netlink sockets, with optional integration with tokio - feature "tokio"

librust-netlink-sys+tokio-socket-dev/stable 0.8.7-1 arm64
  Netlink sockets, with optional integration with tokio - feature "tokio_socket"

librust-netlink-sys-dev/stable 0.8.7-1 arm64
  Netlink sockets, with optional integration with tokio - Rust source code

librust-onig-sys-dev/stable 69.8.1-1+b2 arm64
  `onig_sys` crate contains raw rust bindings to the oniguruma library - Rust source code

librust-opener-dev/stable 0.6.1-2 arm64
  Open a file or link using the system default program - Rust source code

librust-pnet-datalink-dev/stable 0.35.0-1+b2 arm64
  Cross-platform, datalink layer networking - Rust source code

librust-reflink-copy-dev/stable 0.1.23-1 arm64
  Copy-on-write mechanism on supported file systems - Rust source code

librust-rtnetlink-dev/stable 0.14.1-2 arm64
  Manipulate linux networking resources via netlink - Rust source code

librust-supports-hyperlinks-dev/stable 3.1.0-1+b1 arm64
  Detects whether a terminal supports rendering hyperlinks - Rust source code

librust-tree-sitter-md-dev/stable 0.2.3-3 arm64
  Markdown grammar for the tree-sitter parser - Rust source code

libsafe-iop0/stable 0.3.1-2 arm64
  Safe integer operation library for C - Dynamic library

libscscp1-dev/stable 1.0.3+ds-7+b2 arm64
  IMCCE SCSCP C Library -- development package

libsctp-dev/stable 1.0.21+dfsg-1 arm64
  user-space access to Linux kernel SCTP - development files

libsdl1.2-compat/stable 1.2.68-3 arm64
  SDL 1.2 binary compatibility library - transitional package

libsdl2-dev/stable 2.32.4+dfsg-1 arm64
  Simple DirectMedia Layer development files

libsdl3-dev/stable 3.2.10+ds-1 arm64
  Simple DirectMedia Layer, version 3 development files

libsdo-api-java/stable 1.1.1-2 all
  Service Data Objects 2.1 Java API spec

libsdo-api-java-doc/stable 1.1.1-2 all
  Documentation for libsdo-api-java

libsepol-dev/stable 3.8.1-1 arm64
  SELinux binary policy manipulation library and development files

libserialdv-dev/stable 1.1.4-2+b2 arm64
  encode and decode audio with AMBE3000 devices (headers)

libserialdv1/stable 1.1.4-2+b2 arm64
  encode and decode audio with AMBE3000 devices

libshine-dev/stable 3.1.1-2+b2 arm64
  Fixed-point MP3 encoding library - development files

libsigmf/stable 1.0.2-3 arm64
  SigMF data format handling library

libsimbody-dev/stable 3.7+dfsg-4 arm64
  SimTK multibody dynamics API - development files

libslepc-complex3.22-dev/stable 3.22.2+dfsg1-1 arm64
  Scalable Library for Eigenvalue Problem Computations

libslepc-real3.22-dev/stable 3.22.2+dfsg1-1 arm64
  Scalable Library for Eigenvalue Problem Computations

libslepc64-complex3.22-dev/stable 3.22.2+dfsg1-1 arm64
  Scalable Library for Eigenvalue Problem Computations (64-bit)

libslepc64-real3.22-dev/stable 3.22.2+dfsg1-1 arm64
  Scalable Library for Eigenvalue Problem Computations (64-bit)

libsmithwaterman-dev/stable 0.0+git20160702.2610e25-12+b2 arm64
  determine similar regions between two strings or genomic sequences (devel)

libsollya-dev/stable 8.0+ds-3 arm64
  library for safe floating-point code development -- libdev

libsolvext1/stable 0.7.32-1 arm64
  dependency solver using a satisfiability algorithm (extensions)

libsonic-dev/stable 0.2.0-13+b1 arm64
  Header file for linking to libsonic

libsoplex-dev/stable 7.1.3+dfsg-1 arm64
  sequential object-oriented simplex solver (development files)

libsoqt520-dev/stable 1.6.3+ds1-2 arm64
  Qt5 GUI component toolkit for Inventor - development

libsoqt520t64/stable 1.6.3+ds1-2 arm64
  Qt5 GUI component toolkit for Inventor - runtime

libsoqt620/stable 1.6.3+ds1-2 arm64
  Qt6 GUI component toolkit for Inventor - runtime

libsoqt620-dev/stable 1.6.3+ds1-2 arm64
  Qt6 GUI component toolkit for Inventor - development

libspeechd-dev/stable 0.12.0-5 arm64
  Speech Dispatcher: Development libraries and header files

libspeechd2/stable 0.12.0-5 arm64
  Speech Dispatcher: Shared libraries

libspreadsheet-writeexcel-perl/stable 2.40-4 all
  module to create Excel spreadsheets

libsprng2-dev/stable 2.0a-16 arm64
  SPRNG Scalable Parallel RNG library -- development package

libsqlcipher-dev/stable 4.6.1-2 arm64
  SQLCipher development files

libsqlcipher1/stable 4.6.1-2 arm64
  SQLCipher shared library

libsqlite3-0/stable,now 3.46.1-7+deb13u1 arm64 [installed]
  SQLite 3 shared library

libsqlite3-dev/stable 3.46.1-7+deb13u1 arm64
  SQLite 3 development files

libsqlite3-ext-csv/stable 3.46.1-7+deb13u1 arm64
  SQLite 3 CSV extension

libsqlite3-ext-icu/stable 3.46.1-7+deb13u1 arm64
  SQLite 3 ICU extension

libsqlite3-mod-ceph-dev/stable 18.2.7+ds-1+deb13u1 arm64
  SQLite3 VFS for Ceph (development files)

libsqlite3-ocaml/stable 5.3.1-1+b1 arm64
  Embeddable SQL Database for OCaml Programs (runtime)

libsqlite3-tcl/stable 3.46.1-7+deb13u1 arm64
  SQLite 3 Tcl bindings

libss7-2.0/stable 2.0.1-2 arm64
  Signalling System 7 (ss7) library

libss7-dev/stable 2.0.1-2 arm64
  Signalling System 7 (ss7) development files

libssh-4/stable 0.11.2-1+deb13u1 arm64
  tiny C SSH library (OpenSSL flavor)

libsss-certmap-dev/stable 2.10.1-2+b1 arm64
  Certificate mapping library for SSSD -- development files

libsss-idmap-dev/stable 2.10.1-2+b1 arm64
  ID mapping library for SSSD -- development files

libsss-nss-idmap-dev/stable 2.10.1-2+b1 arm64
  SID based lookups library for SSSD -- development files

libsstp-api-0-dev/stable 1.0.20-1+b2 arm64
  Connect to a Microsoft Windows 2008 server using SSTP VPN

libstarlink-ast-dev/stable 9.2.10+dfsg-2 arm64
  Handle World Coordinate Systems in Astronomy (development package)

libstarlink-ast-doc/stable 9.2.10+dfsg-2 all
  Handle World Coordinate Systems in Astronomy (documentation)

libstarlink-ast-err9/stable 9.2.10+dfsg-2 arm64
  Handle World Coordinate Systems in Astronomy (error reporting)

libstarlink-ast-grf3d9/stable 9.2.10+dfsg-2 arm64
  Handle World Coordinate Systems in Astronomy (dummy 3d routines)

libstarlink-ast9/stable 9.2.10+dfsg-2 arm64
  Handle World Coordinate Systems in Astronomy (main shared lib)

libstarlink-pal-dev/stable 0.9.10-3 arm64
  Positional Astronomy Library (development files)

libstarlink-pal-doc/stable 0.9.10-3 all
  Positional Astronomy Library (documentation)

libstarlink-pal0/stable 0.9.10-3 arm64
  Positional Astronomy Library (shared library)

libstd-rust-1.85/stable 1.85.0+dfsg3-1 arm64
  Rust standard libraries

libstlink-dev/stable 1.8.0-1.1 arm64
  OpenSource ST-Link tools replacement.

libstlink1/stable 1.8.0-1.1 arm64
  OpenSource ST-Link tools replacement.

libstrongswan/stable 6.0.1-6+deb13u6 arm64
  strongSwan utility and crypto library

libsuil-0-0/stable 0.10.22-1 arm64
  library for loading and wrapping LV2 plugin UIs

libsuil-dev/stable 0.10.22-1 arm64
  Development files for suil

libsundials-dev/stable 7.1.1+dfsg1-10 arm64
  Package providing everything for SUNDIALS dev work

libsundials-fortran-dev/stable 7.1.1+dfsg1-10 arm64
  Package providing everything for SUNDIALS dev work. Fortran files

libsupernovas-dev/stable 1.3.0-2 arm64
  C development files for the SuperNOVAS C/C++ astronomy library

libsvm-java/stable 3.24+ds-6.1 all
  Java API to support vector machine library (libsvm.jar)

libsvmloc-dev/stable 1.0+dfsg-7 arm64
  PSORTb adapted library for svm machine-learning library (dev)

libsvmloc0/stable 1.0+dfsg-7 arm64
  PSORTb adapted library for svm machine-learning library

libsvn-dev/stable 1.14.5-3 arm64
  Development files for Apache Subversion libraries

libsymmetrica-dev/stable 3.1.0+ds-2 arm64
  Symmetrica Combinatoric C Library -- development package

libsysprof-capture-4-dev/stable 48.0-2 arm64
  capture library for system-wide Linux profiler

libtachyon-mpich-0-dev/stable 0.99~b6+dsx-14 arm64
  Parallel/Multiprocessor Ray Tracing Library - development - MPICH flavour

libtachyon-mt-0-dev/stable 0.99~b6+dsx-14 arm64
  Parallel/Multiprocessor Ray Tracing Library - development - MT flavour

libtachyon-openmpi-0-dev/stable 0.99~b6+dsx-14 arm64
  Parallel/Multiprocessor Ray Tracing Library - development - OpenMPI flavour

libtachyon-serial-0-dev/stable 0.99~b6+dsx-14 arm64
  Parallel/Multiprocessor Ray Tracing Library - development - serial flavour

libtaningia-dev/stable 0.2.2-2.1 arm64
  Development files for lib taningia

libtasn1-6-dev/stable 4.20.0-2+deb13u1 arm64
  Manage ASN.1 structures (development)

libtcmu2/stable 1.5.4-9+b1 arm64
  Library that handles the userspace side of the LIO TCM-User backstore

libteam-dev/stable 1.31-1+b2 arm64
  library for controlling team network device -- dev files

libteam-utils/stable 1.31-1+b2 arm64
  library for controlling team network device -- userspace utilities

libteam5/stable 1.31-1+b2 arm64
  library for communication with Netlink kernel module

libteamdctl0/stable 1.31-1+b2 arm64
  library for communication with `teamd` process

libteckit-dev/stable 2.5.12+ds1-1+b1 arm64
  Development files for TECkit encoding conversion library

libtemplate-plugin-clickable-email-perl/stable 0.01-3 all
  plugin to make clickable e-mail addresses with Template Toolkit

libtemplate-plugin-clickable-perl/stable 0.06-4 all
  Make URLs clickable in HTML

libtermpaint-dev/stable 0.3.1-1 arm64
  low level terminal access - headers

libtest-pod-no404s-perl/stable 0.02-2 all
  test utility checking POD for HTTP 404 links

libtest-www-declare-perl/stable 0.02-7 all
  declarative testing module for web apps

libtext-markdown-perl/stable 1.000031-5 all
  module to convert Markdown syntax to (X)HTML

libticables-dev/stable 1.3.6~git20240415.7c4858d+dfsg-1+b1 arm64
  Texas Instruments link cables library [development files]

libticables2-8/stable 1.3.6~git20240415.7c4858d+dfsg-1+b1 arm64
  Texas Instruments link cables library

libticalcs-dev/stable 1.1.10~git20240415.7c4858d+dfsg-1+b1 arm64
  Texas Instruments calculator communication library [development files]

libticalcs2-13/stable 1.1.10~git20240415.7c4858d+dfsg-1+b1 arm64
  Texas Instruments calculator communication library

libtinysparql-dev/stable 3.8.2-7 arm64
  metadata database, indexer and search tool - development files

libtitanium-json-ld-java/stable 1.3.2-1 all
  implementation of the JSON-LD 1.1 specification in Java

libtllist-dev/stable 1.1.0-1 arm64
  C header file only implementation of a typed linked list

libtntnet-dev/stable 3.0-4 arm64
  Tntnet library development headers

libtntnet13t64/stable 3.0-4 arm64
  Tntnet libraries

libtomcrypt-dev/stable 1.18.2+dfsg-7+b2 arm64
  static library, header files and documentation for libtomcrypt

libtopcom-dev/stable 1.1.2+ds-1.1+b2 arm64
  Triangulations Of Point Configs and Oriented Matroids (development)

libtorrent-dev/stable 0.13.8-2.1+b2 arm64
  C++ BitTorrent library by Rakshasa (development files)

libtracker-sparql-3.0-dev/stable 3.8.2-7 arm64
  metadata database, indexer and search tool - old dev files

libtree-dagnode-perl/stable 1.35-1 all
  Perl (super)class for representing nodes in a tree

libtrilinos-pamgen-13.2/stable 13.2.0-6+b4 arm64
  hexahedral and quadrilateral mesh generator - runtime files

libtrilinos-pamgen-dev/stable 13.2.0-6+b4 arm64
  hexahedral and quadrilateral mesh generator - development files

libtse3-0.3.1t64/stable 0.3.1-7+b1 arm64
  portable MIDI sequencer engine in C++

libtse3-dev/stable 0.3.1-7+b1 arm64
  portable MIDI sequencer engine in C++ - development files

libtss2-esys-3.0.2-0t64/stable,now 4.1.3-1.2 arm64 [installed,automatic]
  TPM2 Software stack library - TSS and TCTI libraries

libtss2-fapi1t64/stable,now 4.1.3-1.2 arm64 [installed,automatic]
  TPM2 Software stack library - TSS and TCTI libraries

libtss2-mu-4.0.1-0t64/stable,now 4.1.3-1.2 arm64 [installed,automatic]
  TPM2 Software stack library - TSS and TCTI libraries

libtss2-policy0t64/stable 4.1.3-1.2 arm64
  TPM2 Software stack library - policy libraries

libtss2-rc0t64/stable,now 4.1.3-1.2 arm64 [installed,automatic]
  TPM2 Software stack library - TSS and TCTI libraries

libtss2-sys1t64/stable,now 4.1.3-1.2 arm64 [installed,automatic]
  TPM2 Software stack library - TSS and TCTI libraries

libtss2-tcti-cmd0t64/stable,now 4.1.3-1.2 arm64 [installed,automatic]
  TPM2 Software stack library - TSS and TCTI libraries

libtss2-tcti-device0t64/stable,now 4.1.3-1.2 arm64 [installed,automatic]
  TPM2 Software stack library - TSS and TCTI libraries

libtss2-tcti-i2c-ftdi0/stable 4.1.3-1.2 arm64
  TPM2 Software stack library - TSS and TCTI libraries

libtss2-tcti-i2c-helper0/stable 4.1.3-1.2 arm64
  TPM2 Software stack library - TSS and TCTI libraries

libtss2-tcti-libtpms0t64/stable,now 4.1.3-1.2 arm64 [installed,automatic]
  TPM2 Software stack library - TSS and TCTI libraries

libtss2-tcti-mssim0t64/stable,now 4.1.3-1.2 arm64 [installed,automatic]
  TPM2 Software stack library - TSS and TCTI libraries

libtss2-tcti-pcap0t64/stable 4.1.3-1.2 arm64
  TPM2 Software stack library - TSS and TCTI libraries

libtss2-tcti-spi-ftdi0/stable 4.1.3-1.2 arm64
  TPM2 Software stack library - TSS and TCTI libraries

libtss2-tcti-spi-helper0t64/stable,now 4.1.3-1.2 arm64 [installed,automatic]
  TPM2 Software stack library - TSS and TCTI libraries

libtss2-tcti-spi-ltt2go0/stable 4.1.3-1.2 arm64
  TPM2 Software stack library - TSS and TCTI libraries

libtss2-tcti-spidev0/stable 4.1.3-1.2 arm64
  TPM2 Software stack library - TSS and TCTI libraries

libtss2-tcti-swtpm0t64/stable,now 4.1.3-1.2 arm64 [installed,automatic]
  TPM2 Software stack library - TSS and TCTI libraries

libtss2-tctildr0t64/stable,now 4.1.3-1.2 arm64 [installed,automatic]
  TPM2 Software stack library - TSS and TCTI libraries

libtuiwidgets-dev/stable 0.2.2-1 arm64
  high-level widget based toolkit for terminal applications - headers

libuber-pom-java/stable 1.0.3-2 all
  UberPom - merging maven pom hierarchy parameters

libunibreak6/stable 6.1-3 arm64
  line breaking library for Unicode (shared library)

libunistring-dev/stable 1.3-2 arm64
  Unicode string library for C - development files

libunivalue-dev/stable 1.1.1+20191112-3+b1 arm64
  C++ universal value object and JSON library - development headers

libunivalue0/stable 1.1.1+20191112-3+b1 arm64
  C++ universal value object and JSON library

libunshield-dev/stable 1.5.1-1+b2 arm64
  development files for libunshield

liburi-encode-perl/stable 1.1.1-3 all
  Perl module to encode and decode strings to URIs

liburi-find-simple-perl/stable 1.07-1 all
  simple interface to URI::Find

liburi-query-perl/stable 0.16-2 all
  module for manipulating URI query strings

libuv1t64/stable,now 1.50.0-2 arm64 [installed,automatic]
  asynchronous event notification library - runtime library

libviennacl-dev/stable 1.7.1+dfsg1-6 all
  Scientific computing library written in C++ based on OpenCL

libvips42t64/stable 8.16.1-1+deb13u1 arm64
  image processing system good for very large ones

libvirtodbc0/stable 7.2.12+dfsg-2 arm64
  high-performance database - ODBC libraries

libvtkgdcm-dev/stable 3.0.24-5+b3 arm64
  Grassroots DICOM VTK development libraries and headers

libvulkan-volk-dev/stable 1.4.304.0-1 arm64
  Meta-loader for Vulkan API

libwavpack-dev/stable 5.8.1-1 arm64
  audio codec (lossy and lossless) - development files

libwildmidi-dev/stable 0.4.3-1+b3 arm64
  software MIDI player library headers

libwvstreams4.6t64-base/stable 4.6.1-18 arm64
  C++ network libraries for rapid application development

libwww-mechanize-perl/stable 2.19-1 all
  module to automate interaction with websites

libwww-shorten-5gp-perl/stable 1.030-1.1 all
  Perl library for short URLs using http://5.gp

libwww-shorten-simple-perl/stable 0.02-3 all
  factory wrapper around WWW::Shorten to avoid imports

libwxgtk-gl3.2-1t64/stable 3.2.8+dfsg-2 arm64
  wxWidgets Cross-platform C++ GUI toolkit (GTK 3 gl library runtime)

libwxgtk-media3.2-1t64/stable 3.2.8+dfsg-2 arm64
  wxWidgets Cross-platform C++ GUI toolkit (GTK 3 media library runtime)

libwxgtk-webview3.2-1t64/stable 3.2.8+dfsg-2 arm64
  wxWidgets Cross-platform C++ GUI toolkit (GTK 3 webview library runtime)

libwxgtk3.2-1t64/stable 3.2.8+dfsg-2 arm64
  wxWidgets Cross-platform C++ GUI toolkit (GTK 3 runtime)

libx32gfortran5-amd64-cross/stable 14.2.0-19cross1 all
  Runtime library for GNU Fortran applications (x32)

libx32gfortran5-i386-cross/stable 14.2.0-19cross1 all
  Runtime library for GNU Fortran applications (x32)

libx32go21-amd64-cross/stable 12.4.0-5cross1 all
  Runtime library for GNU Go applications (x32)

libx32go21-i386-cross/stable 12.4.0-5cross1 all
  Runtime library for GNU Go applications (x32)

libx32go22-amd64-cross/stable 13.3.0-16cross1 all
  Runtime library for GNU Go applications (x32)

libx32go22-i386-cross/stable 13.3.0-16cross1 all
  Runtime library for GNU Go applications (x32)

libx32go23-amd64-cross/stable 14.2.0-19cross1 all
  Runtime library for GNU Go applications (x32)

libx32go23-i386-cross/stable 14.2.0-19cross1 all
  Runtime library for GNU Go applications (x32)

libx32objc4-amd64-cross/stable 14.2.0-19cross1 all
  Runtime library for GNU Objective-C applications (x32)

libx32objc4-i386-cross/stable 14.2.0-19cross1 all
  Runtime library for GNU Objective-C applications (x32)

libxdffileio-dev/stable 0.3-4+b2 arm64
  Library to read/write EEG data file formats (development files)

libxlsxwriter-dev/stable 1.2.1-1 arm64
  Library for XLSX -- development library of xlsxwriter

libxlsxwriter8/stable 1.2.1-1 arm64
  Library for XLSX -- runtime library

libxml-rsslite-perl/stable 0.17+dfsg-2 all
  lightweight, "relaxed" RSS (and XML-ish) parser

libxmlezout-dev/stable 1.06.2-17 arm64
  Easy-to-use library for emitting XML from Ada programs, dev files

libxmlezout8/stable 1.06.2-17 arm64
  Easy-to-use library for emitting XML from Ada programs, runtime

libxpertmass-dev/stable 1.1.0-1 arm64
  C++ mass spectrometry libraries (non-GUI development files)

libxpertmass-doc/stable 1.1.0-1 all
  C++ mass spectrometry libraries (documentation files)

libxpertmass1/stable 1.1.0-1 arm64
  C++ mass spectrometry libraries (non-GUI runtime files)

libxpertmassgui-dev/stable 1.1.0-1 arm64
  C++ mass spectrometry libraries (GUI development files)

libxpertmassgui1/stable 1.1.0-1 arm64
  C++ mass spectrometry libraries (GUI runtime files)

libxrd-parser-perl/stable 0.201-5 all
  parse XRD and host-meta files into RDF::Trine models

libxrl-dev/stable 4.0.0+dfsg1-8+b1 arm64
  library for interactions of X-rays with matter (headers)

libxrl11/stable 4.0.0+dfsg1-8+b1 arm64
  library for interactions of X-rays with matter

libxtables12/stable,now 1.8.11-2 arm64 [installed,automatic]
  netfilter xtables library

libzadc4/stable 4.0.20-2 arm64
  accelerated libz implementation (Accelerated Data Compression/ADC)

libzarith-ocaml/stable 1.14-1+b2 arm64
  arithmetic and logical operations over arbitrary-precision integers (runtime)

libzonemaster-ldns-perl/stable 4.1.0+ds-1 arm64
  Perl wrapper for the ldns DNS library

libzt1/stable 0.3.1-4+b2 arm64
  libzt is a simple and robust unit test library for C

link-grammar/stable 5.12.5~dfsg-1+b3 arm64
  Carnegie Mellon University's link grammar parser

link-grammar-dictionaries-all/stable 5.12.5~dfsg-1 all
  Carnegie Mellon University's link grammar parser (all dictionaries)

link-grammar-dictionaries-en/stable 5.12.5~dfsg-1 all
  Carnegie Mellon University's link grammar parser (English dictionary)

linkchecker/stable 10.5.0-1 arm64
  check websites and HTML documents for broken links

linkchecker-web/stable 10.5.0-1 all
  check websites and HTML documents for broken links (web client)

linklint/stable 2.3.5-8 all
  fast link checker and web site maintenance tool

links/stable 2.29-2+b3 arm64
  Web browser running in text mode

links2/stable 2.29-2+b3 arm64
  Web browser running in both graphics and text mode

linssid/stable 3.6-10 arm64
  graphical wireless scanner

lld/stable 1:19.0-63 arm64
  LLVM-based linker

lld-17/stable 1:17.0.6-22+b2 arm64
  LLVM-based linker

lld-18/stable 1:18.1.8-18+b1 arm64
  LLVM-based linker

lld-19/stable 1:19.1.7-3+b1 arm64
  LLVM-based linker

lldpad/stable 1.1.1-1+b2 arm64
  Link Layer Discovery Protocol Implementation (Runtime)

lldpad-dev/stable 1.1.1-1+b2 arm64
  Link Layer Discovery Protocol Implementation (Development headers)

lldpd/stable 1.0.18-1+b2 arm64
  implementation of IEEE 802.1ab (LLDP)

llgal/stable 0.13.19-1.1 all
  Command-line online gallery generator

lltdscan/stable 0+20180223-2 arm64
  Scan for LLTD-enabled hosts on your network

llvm-17/stable 1:17.0.6-22+b2 arm64
  Modular compiler and toolchain technologies

llvm-17-dev/stable 1:17.0.6-22+b2 arm64
  Modular compiler and toolchain technologies, libraries and headers

llvm-17-doc/stable 1:17.0.6-22 all
  Modular compiler and toolchain technologies, documentation

llvm-17-examples/stable 1:17.0.6-22 all
  Modular compiler and toolchain technologies, examples

llvm-17-linker-tools/stable 1:17.0.6-22+b2 arm64
  Modular compiler and toolchain technologies - Plugins

llvm-17-runtime/stable 1:17.0.6-22+b2 arm64
  Modular compiler and toolchain technologies, IR interpreter

llvm-17-tools/stable 1:17.0.6-22+b2 arm64
  Modular compiler and toolchain technologies, tools

llvm-18/stable 1:18.1.8-18+b1 arm64
  Modular compiler and toolchain technologies

llvm-18-dev/stable 1:18.1.8-18+b1 arm64
  Modular compiler and toolchain technologies, libraries and headers

llvm-18-doc/stable 1:18.1.8-18 all
  Modular compiler and toolchain technologies, documentation

llvm-18-examples/stable 1:18.1.8-18 all
  Modular compiler and toolchain technologies, examples

llvm-18-linker-tools/stable 1:18.1.8-18+b1 arm64
  Modular compiler and toolchain technologies - Plugins

llvm-18-runtime/stable 1:18.1.8-18+b1 arm64
  Modular compiler and toolchain technologies, IR interpreter

llvm-18-tools/stable 1:18.1.8-18+b1 arm64
  Modular compiler and toolchain technologies, tools

llvm-19/stable 1:19.1.7-3+b1 arm64
  Modular compiler and toolchain technologies

llvm-19-dev/stable 1:19.1.7-3+b1 arm64
  Modular compiler and toolchain technologies, libraries and headers

llvm-19-doc/stable 1:19.1.7-3 all
  Modular compiler and toolchain technologies, documentation

llvm-19-examples/stable 1:19.1.7-3 all
  Modular compiler and toolchain technologies, examples

llvm-19-linker-tools/stable 1:19.1.7-3+b1 arm64
  Modular compiler and toolchain technologies - Plugins

llvm-19-runtime/stable 1:19.1.7-3+b1 arm64
  Modular compiler and toolchain technologies, IR interpreter

llvm-19-tools/stable 1:19.1.7-3+b1 arm64
  Modular compiler and toolchain technologies, tools

loki/stable 2.4.7.4-12 arm64
  MCMC linkage analysis on general pedigrees

loki-doc/stable 2.4.7.4-12 all
  MCMC linkage analysis on general pedigrees (PS manual)

lomiri-keyboard/stable 1.0.3-1 arm64
  Lomiri on-screen keyboard

lomiri-keyboard-data/stable 1.0.3-1 all
  Lomiri on-screen keyboard data files

lomiri-keyboard-dev/stable 1.0.3-1 all
  Lomiri on-screen keyboard - development files

lowdown/stable 2.0.2-2 arm64
  Simple markdown translator

lsm/stable 1.0.21-2 all
  Link connectivity monitor tool - transitional package

ltrace/stable 0.7.91~git20230705.8eabf68-4 arm64
  Tracks runtime library calls in dynamically linked programs

lua-ansicolors/stable 1.0.2-3 all
  simple Lua function for printing to the console in color

lua-bit32-dev/stable 5.3.0-6 arm64
  Development files for the bit32 library for Lua 5.1

lua-bitop-dev/stable 1.0.2-7+b2 arm64
  fast bit manipulation library devel files for the Lua language

lua-cjson-dev/stable 2.1.0+dfsg-2.2+b2 arm64
  JSON parser/encoder for Lua, development files

lua-cmsgpack-dev/stable 0.4.0~git20230328.57b1f90-2 arm64
  development files for lua-cmsgpack library

lua-curl-dev/stable 0.3.0-12+b3 arm64
  libcURL development files for the Lua language

lua-curses-dev/stable 1:9.0.0-2+b2 arm64
  Development files for the lua-curses library

lua-cyrussasl-dev/stable 1.1.0-5+b2 arm64
  Cyrus SASL development files for the Lua language

lua-dbi-mysql-dev/stable 0.7.4-1 arm64
  DBI library for the Lua language, MySQL development files

lua-dbi-postgresql-dev/stable 0.7.4-1 arm64
  DBI library for the Lua language, PostgreSQL development files

lua-dbi-sqlite3-dev/stable 0.7.4-1 arm64
  DBI library for the Lua language, sqlite3 development files

lua-discount-dev/stable 2.1.8-4+b2 arm64
  discount development files for the Lua language

lua-event-dev/stable 0.4.6-2+b3 arm64
  libevent development files for the Lua language

lua-expat-dev/stable 1.5.2-1+b1 arm64
  libexpat development files for the Lua language

lua-filesystem-dev/stable 1.8.0-3+b2 arm64
  luafilesystem development files for the Lua language

lua-geoip-dev/stable 0.2-3+b3 arm64
  Development files for lua-geoip library

lua-iconv-dev/stable 7-3+b2 arm64
  iconv bindings for Lua - development files

lua-inotify-dev/stable 0.5-1+b2 arm64
  inotify bindings for Lua (development files)

lua-ldap-dev/stable 1.4.0-1+b3 arm64
  LDAP development files for the Lua language

lua-lgi-dev/stable 0.9.2-4 arm64
  lgi development files for the Lua language

lua-lpeg-dev/stable 1.1.0-2 arm64
  LPeg development files for the Lua language

lua-lpty-dev/stable 1.0.1-2+b2 arm64
  PTY library for the Lua language - development files

lua-md5-dev/stable 1.2+git+1+8d87fee-2+b2 arm64
  MD5 library for the Lua language

lua-posix-dev/stable 36.3-1 arm64
  posix development files for the Lua language

lua-readline-dev/stable 3.3-3+b3 arm64
  readline development files for the Lua language

lua-rex-gnu-dev/stable 2.9.2-3+b1 arm64
  GNU development files for the Lua language

lua-rex-onig-dev/stable 2.9.2-3+b1 arm64
  Onig regex development files for the Lua language

lua-rex-pcre2-dev/stable 2.9.2-3+b1 arm64
  PCRE2 development files for the Lua language

lua-rex-posix-dev/stable 2.9.2-3+b1 arm64
  POSIX regex development files for the Lua language

lua-rex-tre-dev/stable 2.9.2-3+b1 arm64
  TRE development files for the Lua language

lua-rings-dev/stable 1.3.0-4+b2 arm64
  Development files for the rings library for the Lua language

lua-sec-dev/stable 1.3.2-2+b2 arm64
  SSL socket library devel files for the Lua language

lua-sql-mysql-dev/stable 2.6.0-3 arm64
  luasql development files for the Lua language

lua-sql-odbc-dev/stable 2.6.0-3 arm64
  luasql development files for the Lua language

lua-sql-postgres-dev/stable 2.6.0-3 arm64
  luasql development files for the Lua language

lua-sql-sqlite3-dev/stable 2.6.0-3 arm64
  luasql development files for the Lua language

lua-svn-dev/stable 0.4.0-12 arm64
  Development files for the Subversion library for the Lua language

lua-systemd-dev/stable 0~git20160517-2+b2 arm64
  Development files for lua-systemd library

lua-unbound-dev/stable 1.0.0-2+b2 arm64
  Development files for unbound bindings for the Lua language

lua-zip-dev/stable 1.2.3-14+b3 arm64
  zip development files for the Lua language

lua-zlib-dev/stable 1.3-1 arm64
  zlib development files for the Lua language

mairix/stable 0.24-2+b1 arm64
  indexes and searches locally-stored email

maliit-framework/stable 2.3.0-5+b1 arm64
  Maliit Input Method Framework

maliit-framework-dev/stable 2.3.0-5+b1 arm64
  Maliit Input Method Framework - Development Files

maliit-framework-doc/stable 2.3.0-5 all
  docs for Maliit framework

maliit-inputcontext-gtk2/stable 0.99.1+git20151116.72d7576-3+b2 arm64
  Maliit Inputcontext for GTK+-2 applications

maliit-inputcontext-gtk3/stable 0.99.1+git20151116.72d7576-3+b2 arm64
  Maliit Inputcontext for GTK+-3 applications

man2html/stable 1.6g-16+b2 arm64
  browse man pages in your web browser

mariadb-client-compat/stable 1:11.8.6-0+deb13u1 all
  MySQL compatibility links to mariadb-client binaries/scripts

mariadb-server-compat/stable 1:11.8.6-0+deb13u1 all
  MySQL compatibility links to mariadb-server binaries/scripts

massxpert2/stable 8.5.0-2 arm64
  polymer chemistry modelling and mass spectrometry data simulation (runtime)

massxpert2-data/stable 8.5.0-2 all
  polymer chemistry modelling and mass spectrometry data simulation (data)

massxpert2-doc/stable 8.5.0-2 all
  polymer chemistry modelling and mass spectrometry data simulation (doc)

mcpp/stable 2.7.2-5.2 arm64
  Alternative C/C++ preprocessor

md2html/stable 0.5.2-2+b1 arm64
  Markdown to HTML converter

mdformat/stable 0.7.22-1 all
  CommonMark compliant Markdown formatter

mdns-scan/stable 0.5-5+b1 arm64
  Scan for mDNS/DNS-SD services published on the local network

mesa-utils/stable 9.0.0-2+b2 arm64
  Miscellaneous Mesa utilities -- symlinks

mescc-tools/stable 1.5.2-1+b1 arm64
  tools for binary bootstrapping

metastore/stable 1.1.2-6 arm64
  Store and restore metadata from a filesystem

mhonarc/stable 2.6.24-1 all
  Mail to HTML converter

microhope/stable 5.3.3+repack-2 all
  hardware & software framework to learn microcontrollers

minetest-mod-basic-materials/stable 20210130-3 all
  Minetest mod providing basic materials and items

mingw-w64-tools/stable 12.0.0-5 arm64
  Development tools for 32- and 64-bit Windows

mkdocs-autorefs/stable 1.4.2-1 all
  Plugin for MkDocs to automatically link across pages

mkdocs-material/stable 9.6.4-1 all
  Material Design theme for MkDocs

mksh/stable 59c-41+b2 arm64
  MirBSD Korn Shell

mmv/stable 2.5.1-1+b1 arm64
  Move/Copy/Link multiple files and directories

mold/stable 2.37.1+dfsg-1 arm64
  Drop-in linker

moosefs-cgi/stable 4.57.5-1 all
  MooseFS - CGI monitor

moosefs-cgiserv/stable 4.57.5-1 all
  simple CGI-capable HTTP server to run MooseFS CGI monitor

moosefs-chunkserver/stable 4.57.5-1 arm64
  MooseFS - data server

moosefs-cli/stable 4.57.5-1 all
  MooseFS CLI utility

moosefs-client/stable 4.57.5-1 arm64
  MooseFS - client tools and mount utility

moosefs-common/stable 4.57.5-1 all
  MooseFS - common files

moosefs-master/stable 4.57.5-1 arm64
  MooseFS - master server

moosefs-metalogger/stable 4.57.5-1 arm64
  MooseFS - metalogger server

moosefs-netdump/stable 4.57.5-1 arm64
  MooseFS network packet dump utility

mpi-default-bin/stable 1.18 arm64
  Standard MPI runtime programs (metapackage)

mpi-default-dev/stable 1.18 arm64
  Standard MPI development files (metapackage)

mptcpd/stable 0.13-2 arm64
  Multipath TCP Daemon

mptcpd-plugins/stable 0.13-2 arm64
  Multipath TCP Daemon Plug-ins

mrtg/stable 2.17.10-13+deb13u1 arm64
  Multi Router Traffic Grapher

mruby/stable 3.3.0-1+b1 arm64
  lightweight implementation of the Ruby language

msp430mcu/stable 20120406-2.3 all
  Spec files, headers and linker scripts for TI's MSP430 targets

mtr/stable 0.95-1.1+b2 arm64
  Full screen ncurses and X11 traceroute tool

mtr-tiny/stable 0.95-1.1+b2 arm64
  Full screen ncurses traceroute tool

mtree-netbsd/stable 20180822-9 arm64
  Validates directory tree against specification

multitail/stable 7.1.5-2 arm64
  view multiple logfiles windowed on console

munin/stable 2.0.76-5 all
  network-wide graphing framework (grapher/gatherer)

munin-async/stable 2.0.76-5 all
  network-wide graphing framework (async master/client)

munin-common/stable 2.0.76-5 all
  network-wide graphing framework (common)

munin-doc/stable 2.0.76-5 all
  network-wide graphing framework (documentation)

munin-node/stable 2.0.76-5 all
  network-wide graphing framework (node)

munin-plugins-core/stable 2.0.76-5 all
  network-wide graphing framework (plugins for node)

munin-plugins-extra/stable 2.0.76-5 all
  network-wide graphing framework (user contributed plugins for node)

munin-plugins-java/stable 2.0.76-5 all
  network-wide graphing framework (java plugins for node)

musescore/stable 2.3.2+dfsg4-16 arm64
  cross-platform multi-lingual music composition and notation, v2

musescore3/stable 3.2.3+dfsg2-19 arm64
  cross-platform multi-lingual music composition and notation, v3

musl-dev/stable 1.2.5-3.1~deb13u1 arm64
  standard C library development files

musl-tools/stable 1.2.5-3.1~deb13u1 arm64
  standard C library tools

nageru/stable 2.3.0-2 arm64
  modern free software video mixer

nast/stable 0.2.0-12+b1 arm64
  packet sniffer and lan analyzer

ncaptool/stable 1.9.2-8.1+b1 arm64
  network capture tool

ncdc/stable 1.23.1-1+b2 arm64
  file sharing program using Direct Connect protocols

netplug/stable 1.2.9.2-5+b1 arm64
  network link monitor daemon

network-manager/stable 1.52.1-1 arm64
  network management framework (daemon and userspace tools)

network-manager-iwd/stable 3.8-2 all
  wireless daemon for Linux - NetworkManager integration

neuron/stable 8.2.6-1 arm64
  Simulation environment for computational models of neurons

neuron-dev/stable 8.2.6-1 arm64
  Neuron simulation environment - Development files

nfacct/stable 1.0.2-4+b1 arm64
  netfilter accounting object tool

nfoview/stable 2.1-1 all
  simple viewer for NFO files

nginx-dev/stable 1.26.3-3+deb13u7 all
  nginx web/proxy server - development headers

nginx-extras/stable 1.26.3-3+deb13u7 arm64
  nginx web/proxy server (extended version)

nield/stable 0.6.2-1 arm64
  generate logs related to network interfaces

nlinline-dev/stable 0.2.2-1 all
  inline library for networking configuration (via netlink)

nmzmail/stable 1.1-5 arm64
  indexes and searches email in maildir folders

nncp/stable 8.11.0-4+deb13u1 arm64
  Secure store-and-forward files, mail, and commands

nnn/stable 5.0-1 arm64
  Free, fast, friendly file manager

node-anser/stable 2.3.2-1 all
  low level ANSI escape code parser

node-autolinker/stable 1.8.3+dfsg-5 all
  Utility for automatically linking URLs, emails, etc. in text

node-bufferlist/stable 0.1.0-3 all
  interface to treat a linked list of buffers as a single stream

node-copy-concurrently/stable 1.0.5-9 all
  Copy files, directories and symlinks concurrently

node-cycle/stable 1.0.3-4 all
  JSON encoder/decoder for cyclical structures in Node.js

node-d3-quadtree/stable 1.0.7+~1.0.9-1 all
  Two-dimensional recursive spatial subdivision

node-dequeue/stable 1.0.5-6 all
  Simple Double Ended Queue Datastructure for Node.js

node-devtools-protocol/stable 0.0.801017-1.1 all
  Chrome DevTools Protocol

node-dompurify/stable 3.1.7+dfsg+~3.0.5-2 all
  DOM-only, super-fast, uber-tolerant XSS sanitizer

node-findit2/stable 2.2.3-8 all
  walk a directory tree recursively with events

node-fstream/stable 1.0.12-7 all
  Advanced filesystem streaming tools for Node.js

node-icss-replace-symbols/stable 1.1.0-4 all
  Replace symbols during the linking phase of ICSS

node-jest-debbundle/stable 29.6.2~ds1+~cs73.45.28-5 all
  various ittle Node.js modules needed by jest

node-jquery-ujs/stable 1.2.3-2 all
  Unobtrusive scripting adapter for jQuery

node-markdown-it/stable 22.2.3+dfsg+~12.2.3-2 all
  Fast and easy to extend markdown parser

node-memfs/stable 3.4.12+~cs1.0.3-1 all
  In-memory filesystem with Node's API

node-npmrc/stable 1.1.1-3 all
  Switch between different .npmrc files

node-path-type/stable 4.0.0-3 all
  check if a path is a file, directory, or symlink

node-proxy-addr/stable 2.0.7+~cs2.3.0-1 all
  remote address filter for proxied requests - Node.js module

node-solid-rest/stable 1.1.3-2 all
  client-side multi-backend API for Solid requests - nodejs lib

node-turbolinks/stable 5.2.0+dfsg-6 all
  Turbolinks makes navigating your web application faster

node-vega-embed/stable 6.23.0-1 all
  Node.js library to easily embed vega views

node-vinyl-fs/stable 3.0.3+ds1+~cs18.6.9-1 all
  Vinyl adapter for the file system

node-yallist/stable 4.0.0+~4.0.1-1 all
  Double linked list implementation for Node.js

ntfs2btrfs/stable 20240115-2 arm64
  converts NTFS filesystem to BTRFS

nvptx-tools/stable 0.20240810-3 arm64
  collection of tools for use with nvptx-none GCC toolchains

obexftp/stable 0.24-10+b3 arm64
  file transfer utility for devices that use the OBEX protocol

obs-plugins/stable 30.2.3+dfsg-3 arm64
  recorder and streamer for live video content (plugins)

obs-scene-notes-dock/stable 0.2.0-4 arm64
  plugin for OBS Studio to create notes for each scene

ocaml-findlib/stable 1.9.8-1+b1 arm64
  management tool for OCaml libraries

ocamldsort/stable 0.16.0-9+b2 arm64
  dependency sorter for OCaml source files

ocl-icd-dev/stable 2.3.3-1 arm64
  Development files to build an OpenCL ICD

odin/stable 2.0.5-7+b1 arm64
  develop, simulate and run magnetic resonance sequences

opencu/stable 3-3+b2 arm64
  Serial terminal emulator

openguides/stable 0.84-1.1 all
  web application for managing a collaboratively-written city guide

openigtlink-doc/stable 1.11.0-6 all
  Open IGT Link is a simple network protocol - documentation

openigtlink-examples/stable 1.11.0-6 all
  Open IGT Link is a simple network protocol - examples

openobex-apps/stable 1.7.2-2.2+b1 arm64
  Applications for OpenOBEX

openrefine/stable 3.8.7-1 all
  powerful tool for working with messy data

openssh-known-hosts/stable 0.6.3-1 all
  download, filter and merge known_hosts for OpenSSH

openvpn-systemd-resolved/stable 1.3.0-4+b2 arm64
  integrates OpenVPN with systemd-resolved

osmo-msc/stable 1.13.0+dfsg1-2 arm64
  Osmocom's Mobile Switching Center for 2G and 3G mobile networks

ostree/stable 2025.2-1 arm64
  content-addressed filesystem for operating system binaries

ow-tools/stable 3.2p4+dfsg1-6 all
  tools to monitor or inspect a ow-server link

pasdoc/stable 0.16.0-2+b1 arm64
  documentation tool for Pascal source code

pasmo/stable 0.5.3-8+b1 arm64
  easy to use Z80 cross-assembler

passage/stable 4+dfsg1-4+b1 arm64
  game about the passage through life

pat/stable 0.16.0-1+b9 arm64
  Winlink client for amateur radio email

pax/stable 1:20240817-1 arm64
  Portable Archive Interchange (cpio, pax, tar)

pchar/stable 1.5-6+b2 arm64
  Characterize the bandwidth, latency and loss on network links

pd-ableton-link/stable 0.6~ds0-7+b1 arm64
  integration of Ableton Link into Pure Data

pd-jmmmp/stable 0.61-2 all
  collection of Pd GUI objects for musical performance

pd-pddp/stable 0.2.1-7 arm64
  support library for the Pure Data Documentation Project

pd-unauthorized/stable 0.1-9 arm64
  library of Pd objects for streaming and GUI control

pdf2djvu/stable 0.9.18.2-2.1+b4 arm64
  PDF to DjVu converter

perl-openssl-defaults/stable,now 7+b2 arm64 [installed,automatic]
  version compatibility baseline for Perl OpenSSL packages

pfm/stable 2.0.8-3 all
  PostgreSQL graphical client using Tcl/Tk

php-arthurhoaro-web-thumbnailer/stable 2.1.0+dfsg-5 all
  PHP library which will retrieve a thumbnail for any given URL

php-code-lts-u2f-php-server/stable 1.2.2-1 all
  Server side handling class for FIDO U2F registration and authentication

php-fig-link-util/stable 1.2.0-3 all
  Common utility implementations for HTTP links

php-fpdf/stable 3:1.8.4.dfsg-3 all
  PHP class to generate PDF files

php-json-schema/stable 6.4.1-1 all
  implementation of JSON schema

php-mariadb-mysql-kbs/stable 1.3.0-2 all
  Knowledge base about MariaDB and MySQL server variables

php-ps/stable 1.4.4++-4 all
  ps module for PHP

php-ps-all-dev/stable 1.4.4++-4 all
  ps module for PHP

php-psr-link/stable 2.0.1-3 all
  Common interfaces for HTTP links

php-symfony-browser-kit/stable 6.4.41+dfsg-0+deb13u1 all
  simulate the behavior of a web browser

php-symfony-filesystem/stable 6.4.41+dfsg-0+deb13u1 all
  basic filesystem utilities

php-symfony-linked-in-notifier/stable 6.4.41+dfsg-0+deb13u1 all
  Symfony LinkedIn Notifier Bridge

php-symfony-redlink-notifier/stable 6.4.41+dfsg-0+deb13u1 all
  Symfony Redlink Notifier Bridge

php-symfony-web-link/stable 6.4.41+dfsg-0+deb13u1 all
  manage links between resources

php-tcpdf/stable 6.9.1+dfsg-1 all
  PHP class for generating PDF files on-the-fly

php8.4-ps/stable 1.4.4++-4 arm64
  ps module for PHP

phpmyadmin/stable 4:5.2.2-really+dfsg-1+deb13u1 all
  MySQL web administration tool

pidgin-blinklight/stable 0.11.1-6 arm64
  Blinks your ThinkPad's ThinkLight upon new messages

pidgin-plugin-pack/stable 2.8.0-1+b2 arm64
  Collection of Pidgin plugins

pkg-config/stable 1.8.1-4 arm64
  manage compile and link flags for libraries (transitional package)

pkg-js-tools/stable 0.15.23 all
  collection of tools to aid packaging Node.js modules in Debian

pkg-kde-tools/stable 0.18.12 all
  various packaging tools and scripts for KDE Applications

pkgconf/stable 1.8.1-4 arm64
  manage compile and link flags for libraries

pkgconf-bin/stable 1.8.1-4 arm64
  manage compile and link flags for libraries (binaries)

plasma-browser-integration/stable 6.3.4-2 arm64
  Chromium, Google Chrome, Firefox integration for Plasma (backend)

plink/stable 1.07+dfsg-4+b2 arm64
  whole-genome association analysis toolset

plink1.9/stable 1.90~b7.7-241022-2 arm64
  whole-genome association analysis toolset

plink2/stable 2.00~a6.9-250129+dfsg-1+b1 arm64
  whole-genome association analysis toolset

plplot-tcl-dev/stable 5.15.0+dfsg2-15+b1 arm64
  Tcl/Tk development support for PLplot, a plotting library

plptools/stable 1.0.13-3+b1 arm64
  Access EPOC device (Psion PDA) over a serial link

policyrcd-script-zg2/stable 0.1-3.1 all
  policy-compliant interface from invoke-rc.d to local config files

postgresql-server-dev-17/stable 17.10-0+deb13u1 arm64
  development files for PostgreSQL 17 server-side programming

ppp/stable 2.5.2-1+1 arm64
  Point-to-Point Protocol (PPP) - daemon

ppp-dev/stable 2.5.2-1+1 all
  Point-to-Point Protocol (PPP) - development files

ppp-gatekeeper/stable 0.1.0-201406111015-1.1 all
  PPP manager for handling balanced, redundant and failover links

procmeter3/stable 3.6-3.1+b2 arm64
  graphical system status monitor

profile-sync-daemon/stable 6.50-1 all
  Symlink and sync browser profile directories into RAM

proftpd-mod-crypto/stable 1.3.8.c+dfsg-4+deb13u2 arm64
  Versatile, virtual-hosting FTP daemon - TLS/SSL/SFTP modules

prometheus-tplink-plug-exporter/stable 0.5.0-1+b16 arm64
  Prometheus exporter for TP-Link Smart plug metrics

prosody-modules/stable 0.0~hg20250402.f315edc39f3d+dfsg-2 all
  Selection of community modules for Prosody

protobuf-c-compiler/stable 1.5.1-1 arm64
  Protocol Buffers C compiler (protobuf-c)

proxychains4/stable 4.17-3 arm64
  redirect connections through socks/http proxies (proxychains-ng)

puppet-module-voxpupuli-alternatives/stable 3.0.0-5 all
  Puppet resource for managing Debian alternatives

putty-doc/stable 0.83-3 all
  PuTTY HTML documentation

putty-tools/stable 0.83-3 arm64
  command-line tools for SSH, SCP, and SFTP

pwget/stable 2016.1019+git75c6e3e-8 all
  downloader utility which resembles wget (implemented in Perl)

pygopherd/stable 3.0.1-2 all
  Modular Multiprotocol Gopher/HTTP/WAP Server

pyroman/stable 0.6.2-1.2 all
  Very fast firewall configuration tool

python-bleach-doc/stable 6.2.0-1 all
  whitelist-based HTML-sanitizing library (common documentation)

python-blinker-doc/stable 1.9.0-1 all
  Fast, simple object-to-object and broadcast signaling (Documentation)

python-circuits-doc/stable 3.2.3-2 all
  event-driven framework with a component architecture (Documentation)

python-dev-is-python3/stable 3.13.3-1 all
  symlinks /usr/bin/python-config to python3-config

python-django-allauth-doc/stable 65.0.2-1 all
  Django app for local and social authentication (Documentation)

python-django-registration-doc/stable 3.3-1 all
  User-registration application for Django (Documentation)

python-flask-marshmallow-doc/stable 1.3.0-1 all
  Flask + marshmallow for beautiful APIs (Documentation)

python-flask-paginate-doc/stable 2024.4.12-3 all
  Simple paginate support for flask (common documentation)

python-is-python3/stable 3.13.3-1 all
  symlinks /usr/bin/python to python3

python-link-grammar-examples/stable 5.12.5~dfsg-1 all
  CMU's link grammar parser (Python examples)

python-pyroute2-doc/stable 0.7.7-4 all
  netlink and Linux network configuration library (documentation)

python-rich-rst-doc/stable 1.3.1+dfsg-2 all
  Beautiful reStructuredText renderer for rich (common documentation)

python-sphinx-gallery-doc/stable 0.17.1-1 all
  extension that builds an HTML gallery of examples from Python scripts (Doc)

python-sphinx-panels-doc/stable 0.6.0-5 all
  documentation for the sphinx-panels Python library

python-sphinxcontrib.django-doc/stable 2.5-2 all
  improves the documentation of Django apps (Documentation)

python-xkcd-doc/stable 2.4.2-5 all
  Python library for accessing xkcd.com (common documentation)

python3-ad9361/stable 0.3-2+b2 arm64
  Module specific to the Analog Devices AD9361 (Python)

python3-aioharmony/stable 0.2.10-2 all
  asyncio library for connecting to and controlling the Logitech Harmony

python3-aionotify/stable 0.2.0-3 all
  Simple, asyncio-based inotify library for Python

python3-atomicwrites/stable 1.4.1-1 all
  Atomic file writes - Python 3.x

python3-bleach/stable 6.2.0-1 all
  whitelist-based HTML-sanitizing library (Python 3)

python3-blinker/stable 1.9.0-1 all
  Fast, simple object-to-object and broadcast signaling (Python3)

python3-blinkpy/stable 0.23.0-2 all
  Python library for the Blink Camera system

python3-broadlink/stable 0.19.0-1 all
  Python API for controlling Broadlink devices

python3-certvalidator/stable 0.11.1-4 all
  Validates X.509 certificates and paths

python3-circuits/stable 3.2.3-2 all
  event-driven framework with a component architecture (Python3 version)

python3-cloud-sptheme/stable 1.10.1.post20200504175005-7 all
  Cloud Sphinx theme and related extensions (python3 version)

python3-cluster/stable 1.4.1.post3-1 all
  allows grouping a list of arbitrary objects into related groups (clusters)

python3-confection/stable 0.1.5-1 all
  sweetest config system for Python3

python3-django-adminplus/stable 0.6-2 all
  Easily add custom views to the Django admin (Python3 version)

python3-django-allauth/stable 65.0.2-1 all
  Django app for local and social authentication (Python 3 version)

python3-django-compressor/stable 4.5.1-4 all
  Compresses linked, inline JS or CSS into single cached files - Python 3.x

python3-django-favicon-plus-reloaded/stable 1.2-1 all
  Django app for uploading and managing favicons and more

python3-django-invitations/stable 2.1.0-2 all
  Generic invitations solution for Django

python3-django-registration/stable 3.3-1 all
  User-registration application for Django (Python 3)

python3-elgato/stable 5.1.2-2 all
  Library for controlling and monitoring Elgato Light devices

python3-elmax-api/stable 0.0.5-2 all
  Asynchronous library for interacting with Elmax Cloud services

python3-fastcluster/stable 1.3.0-1 arm64
  Fast hierarchical clustering routines for Python 3

python3-fitz/stable 1.25.4+ds1-3+deb13u1 all
  Python binding for MuPDF (forward compatibility name)

python3-flask-marshmallow/stable 1.3.0-1 all
  Flask + marshmallow for beautiful APIs (Python3)

python3-flask-paginate/stable 2024.4.12-3 all
  Simple paginate support for flask

python3-geolinks/stable 0.2.3-1 all
  Python 3 Library for using geospatial links (catalogue interoperablity)

python3-gfapy/stable 1.2.3+dfsg-3 arm64
  flexible and extensible software library for handling sequence graphs

python3-glue/stable 1.22.0+ds-1 all
  Python 3 library for data interaction

python3-hatch-fancy-pypi-readme/stable 24.1.0-1 all
  Hatch metadata plugin for fancy PyPI READMEs

python3-hlk-sw16/stable 0.0.9-2 all
  Python client for the HLK-SW16 network relay

python3-hyperlink/stable 21.0.0-6 all
  Immutable, Pythonic, correct URLs.

python3-iaqualink/stable 0.5.3-1 all
  Library for interacting with Jandy iAqualink systems

python3-identify/stable 2.6.10-2 all
  File identification library for Python

python3-ld2410-ble/stable 0.2.0-2 all
  Interface with LD2410B modules from HiLink

python3-leidenalg/stable 0.10.2-3 arm64
  Python3 implementation of the Leiden algorithm in C++

python3-link-grammar/stable 5.12.5~dfsg-1+b3 arm64
  Carnegie Mellon University's link grammar parser (Python 3)

python3-linkify-it/stable 2.0.3-1 all
  links recognition library with FULL unicode support

python3-lockfile/stable 1:0.12.2-4 all
  file locking library for Python — Python 3 library

python3-logilab-constraint/stable 1.0-2 all
  constraints satisfaction solver in Python - Python 3

python3-markdown2/stable 2.4.11-1 all
  Fast and complete implementation of Markdown in Python3

python3-mechanicalsoup/stable 1.3.0-3 all
  library for automating interaction with websites (Python 3)

python3-mechanize/stable 1:0.4.10+ds-4 all
  stateful programmatic web browsing

python3-milksnake/stable 0.1.5-3 arm64
  setuptools/wheel/cffi extension to embed a binary data in wheels

python3-mitogen/stable 0.3.25~a2-1 all
  Library for writing distributed self-replicating programs

python3-myuplink/stable 0.6.0-1.1 all
  API package for myUplink

python3-nbgitpuller/stable 1.0.2-2 all
  Notebook Extension to do one-way synchronization of git repo

python3-nbsphinx-link/stable 1.3.0-4 all
  sphinx extension for including notebooks outside of sphinx root

python3-networkx/stable 3.2.1-5 all
  tool to create, manipulate and study complex networks (Python3)

python3-neuron/stable 8.2.6-1 arm64
  Neuron simulation environment - Python bindings

python3-nopie/stable 3.13.5-1 arm64
  Python interpreter linked without PIE (default python3 version)

python3-powerfox/stable 1.2.1-2 all
  Asynchronous client for interfacing with Powerfox poweropti devices

python3-pyhanko-certvalidator/stable 0.26.3-2 all
  Validates X.509 certificates and paths

python3-pymupdf/stable 1.25.4+ds1-3+deb13u1 arm64
  Python binding for MuPDF

python3-pypartpicker/stable 1.9.5-1 all
  Fetch product and part list information from PCPartPicker

python3-pypjlink2/stable 1.2.2-3 all
  Implementation of the PJLink Class 1 protocol to control projectors

python3-pyric/stable 0.1.6.4+git20170421.0562b17-1 all
  Python library for Linux wireless device control

python3-pyrituals/stable 0.0.6-2 all
  Async library for interacting with Rituals Perfume Genie devices

python3-pyroute2/stable 0.7.7-4 all
  Python3 Netlink library - full package

python3-pyrsistent/stable 0.20.0-2+b1 arm64
  persistent/functional/immutable data structures for Python

python3-readability/stable 0.8.1+dfsg1-4 all
  Pulls the main body of HTML document and cleans it up

python3-reflink/stable 0.2.2-1+b1 arm64
  Python Library wrapping platform-specific reflink implementations

python3-rich-rst/stable 1.3.1+dfsg-2 all
  beautiful reStructuredText renderer for rich

python3-rl-renderpm/stable 4.0.3+repack-9 arm64
  contains the ReportLab accelerator module

python3-scantree/stable 0.0.4-1 all
  Flexible recursive directory iterator: scandir meets glob("**", recursive=True)

python3-schema-salad/stable 8.9.20250408123006-1 arm64
  Schema Annotations for Linked Avro Data (SALAD)

python3-scrapy-djangoitem/stable 1.1.1-6 all
  Scrapy extension to write scraped items using Django models (Python3 version)

python3-shippinglabel/stable 2.2.0+dfsg-2 all
  Utilities for handling packages

python3-somfy-mylink-synergy/stable 1.0.6-2 all
  Library to interact with Somfy MyLink hub using Synergy API

python3-sphinx-codeautolink/stable 0.16.2-1 all
  Automatic links from code examples to reference documentation

python3-sphinx-gallery/stable 0.17.1-1 all
  extension that builds an HTML gallery of examples from Python scripts (Python 3)

python3-sphinx-hoverxref/stable 1.4.2-1 all
  Sphinx extension to show tooltips with content embedded when hover a reference

python3-sphinx-issues/stable 5.0.1-1 all
  Sphinx extension for linking to project's issue tracker

python3-sphinx-notfound-page/stable 1.0.4-2 all
  Create a custom 404 page with absolute URLs hardcoded

python3-sphinx-panels/stable 0.6.0-5 all
  sphinx extension for creating panels in a grid layout

python3-sphinx-paramlinks/stable 0.6.0-1 all
  Sphinx extension to make param links linkable (Python 3 version)

python3-sphinx-qt-documentation/stable 0.4.1-2 all
  Plugin for proper resolve intersphinx references for Qt elements

python3-sphinx-remove-toctrees/stable 1.0.0-1 all
  Reduce sphinx documentation build times

python3-sphinxcontrib-github-alt/stable 1.2-2 all
  Sphinx extension to link to GitHub issues, PRs, commits and users

python3-sphinxcontrib.django/stable 2.5-2 all
  improves the documentation of Django apps (Python3 version)

python3-sphinxcontrib.doxylink/stable 1.13.0-2 all
  Sphinx extension for linking to Doxygen documentation (Python 3)

python3-sphinxext-rediraffe/stable 0.2.7-2 all
  Sphinx Extension to redirect files

python3-streamlink/stable 7.3.0-2 all
  Python module for extracting video streams from various websites

python3-streamlink-doc/stable 7.3.0-2 all
  CLI for extracting video streams from various websites (documentation)

python3-stripe/stable 12.0.0-1 all
  Python bindings for the Stripe API

python3-tplink-omada-client/stable 1.4.4-1 all
  Client for TP-Link Omada SDN Controller API

python3-ttn-client/stable 1.2.1-3 all
  Client for fetching and parsing uplink messages from The Things Network

python3-uc-micro/stable 1.0.3-1 all
  python port of uc.micro

python3-varlink/stable 31.0.0-4 all
  Python implementation of the Varlink protocol

python3-virtualenv-clone/stable 0.5.7-1 all
  script for cloning a non-relocatable virtualenv (Python3)

python3-volatile/stable 2.1.0-4 all
  small extension for the Python tempfile module

python3-whey/stable 0.1.1-2 all
  simple Python wheel builder for simple projects

python3-xkcd/stable 2.4.2-5 all
  Python3 library for accessing xkcd.com

python3-xlsxwriter/stable 3.1.9-2 all
  Python 3 module for creating Excel XLSX files

python3-xraylib/stable 4.0.0+dfsg1-8+b1 arm64
  library for interactions of X-rays with matter (Python bindings)

python3-yolink-api/stable 0.5.2-1 all
  Library to authenticate with YoLink devices

python3.13-nopie/stable 3.13.5-2+deb13u3 arm64
  Python interpreter linked without PIE (version 3.13)

qemu-user/stable 1:10.0.11+ds-0+deb13u1 arm64
  QEMU user mode emulation (static binaries)

qemu-user-binfmt/stable 1:10.0.11+ds-0+deb13u1 arm64
  QEMU user mode binfmt registration for qemu-user

qemu-user-static/stable 1:10.0.11+ds-0+deb13u1 arm64
  QEMU user mode emulation (compat/transitional package)

qstardict/stable 3.0.0-1 arm64
  International dictionary written using Qt

qtel/stable 24.02-5 arm64
  Graphical client for the EchoLink® protocol

qtel-icons/stable 24.02-5 all
  Icons for graphical client for the EchoLink® protocol

quvi/stable 0.9.5-0.2+b2 arm64
  command line program to extract video download links

r-bioc-assorthead/stable 1.0.1+ds-2 all
  Assorted Header-Only C++ Libraries

r-bioc-beachmat/stable 2.22.0+ds-3~deb13u1 arm64
  I/O for several formats storing matrix data

r-bioc-cummerbund/stable 2.48.0-2 all
  tool for analysis of Cufflinks RNA-Seq output

r-bioc-decoupler/stable 2.12.0+dfsg-2 all
  infer biological activities from omics data

r-bioc-ggbio/stable 1.54.0-2 all
  Visualization tools for genomic data

r-bioc-isoformswitchanalyzer/stable 2.6.0+ds-2 arm64
  Identify, Annotate and Visualize Alternative Splicing and

r-bioc-org.hs.eg.db/stable 3.20.0-3 all
  genome-wide annotation for Human

r-bioc-tcgabiolinks/stable 2.34.1+dfsg-1 all
  GNU R/Bioconductor package for integrative analysis with GDC data

r-bioc-tcgabiolinksgui.data/stable 1.26.0+dfsg-2 all
  Data for the TCGAbiolinksGUI package

r-bioc-tximeta/stable 1.24.0+dfsg-2 all
  Transcript Quantification Import with Automatic Metadata

r-bioc-tximportdata/stable 1.34.0+ds-2 all
  GNU R various transcript abundance quantifiers

r-cran-brms/stable 2.22.0-1 all
  GNU R Bayesian regression models using 'Stan'

r-cran-commonmark/stable 1.9.5-1 arm64
  high performance CommonMark and Github markdown rendering in R

r-cran-crosstalk/stable 1.2.1+dfsg-1 all
  GNU R inter-widget interactivity for HTML widgets

r-cran-dendsort/stable 0.3.4+dfsg-2 all
  GNU R Modular Leaf Ordering Methods for Dendrogram Nodes

r-cran-downlit/stable 0.4.4-1 all
  GNU R syntax highlighting and automatic linking

r-cran-enrichwith/stable 0.3.1+dfsg-2 all
  GNU R methods to enrich R Objects with extra components

r-cran-fastcluster/stable 1.3.0-1 arm64
  Fast hierarchical clustering routines for GNU R

r-cran-freetypeharfbuzz/stable 0.2.6+dfsg-3+b2 arm64
  GNU R deterministic computation of text box metrics

r-cran-gap/stable 1.6+dfsg-1 arm64
  Genetic Analysis Package

r-cran-gap.datasets/stable 0.0.6-1.1 all
  Datasets for 'gap'

r-cran-geepack/stable 1.3.12-1 arm64
  Generalized Estimating Equation Package for R

r-cran-genetics/stable 1.3.8.1.3-1 all
  GNU R package for population genetics

r-cran-genie/stable 1.0.5-2+b1 arm64
  GNU R fast, robust, and outlier resistant hierarchical clustering

r-cran-gridsvg/stable 1.7-5-1 all
  GNU R export 'grid' graphics as SVG

r-cran-haplo.stats/stable 1.9.7-1 arm64
  GNU R package for haplotype analysis

r-cran-jsonld/stable 2.2.1+dfsg-1 all
  GNU R JSON for linking data

r-cran-ncdfgeom/stable 1.1.6+dfsg-1 all
  GNU R NetCDF geometry and time series

r-cran-ordinal/stable 2023.12-4.1-1 arm64
  GNU R regression models for ordinal data

r-cran-plogr/stable 0.2.0-3 all
  GNU R C++ Logging Library

r-cran-psyphy/stable 0.3-1 all
  functions for analyzing psychophysical data in GNU R

r-cran-qtl/stable 1.70-1 arm64
  GNU R package for genetic marker linkage analysis

r-cran-rserve/stable 1.8-15-1 arm64
  GNU R Rserve tcp/ip server and sample clients

r-cran-sitmo/stable 2.0.2-1+b2 arm64
  GNU R parallel pseudo random number generator 'sitmo' header files

r-cran-stanheaders/stable 2.32.10-1 arm64
  C++ Header Files for Stan for GNU R

r-cran-survey/stable 4.4-2-2 arm64
  Analysis of Complex Survey Samples

r-cran-themis/stable 1.0.3-1 all
  GNU R extra recipes steps for dealing with unbalanced data

rabbitsign/stable 2.1+dmca1-3+b1 arm64
  application signing system for the TI-73/83+/84+ calculators

randombytes/stable 0~20240318-3 arm64
  Library generating fresh randomness - command-line tool

rawdns/stable 1.6~ds1-1+b40 arm64
  raw DNS interface to the Docker API

rcm/stable 1.3.4-1 all
  tool to manage rc files (dotfiles)

rdfind/stable 1.6.0-1+b2 arm64
  find duplicate files utility

rdiff-backup/stable 2.2.6-3+b1 arm64
  remote incremental backup

redfishtool/stable 1.1.5-3 all
  redfish command-line client

rednotebook/stable 2.39+ds-2 all
  Modern desktop diary and personal journaling tool

remotetrx/stable 24.02-5 arm64
  Remote controller for radio transceivers

repeatmasker-recon/stable 1.08-8+b2 arm64
  finds repeat families from biological sequences

resource-agents/stable 1:4.16.0-3+deb13u2 arm64
  Cluster Resource Agents

rex/stable 1.16.0-1 all
  deployment and configuration management tool

rhash/stable 1.4.5-1 arm64
  utility for computing hash sums and magnet links

rlfe/stable 8.2-6 arm64
  Front-end using readline to "cook" input lines for other programs

rmlint/stable 2.10.2-0.2 arm64
  Extremely fast tool to remove filesystem lint

rmlint-doc/stable 2.10.2-0.2 all
  HTML documentation for rmlint

rmlint-gui/stable 2.10.2-0.2 all
  GTK+ frontend to rmlint

roffit/stable 0.16-1 all
  convert nroff manual pages into HTML

ronn/stable 0.10.1-2 all
  tool to build manuals from Markdown

ros-robot-state-publisher/stable 1.15.2-5+b5 arm64
  Robot OS robot_state_publisher

rsbackup/stable 10.0-3 arm64
  rsync-based backup utility

rsbackup-graph/stable 10.0-3 arm64
  Graphics for rsync-based backup utility

rsnapshot/stable 1.5.1-1 all
  local and remote filesystem snapshot utility

rt5-extension-resetpassword/stable 1.12-5 all
  Reset Password extension (for RT5)

ruby-actiontext/stable 2:7.2.2.2+dfsg-2~deb13u1 all
  edit and display rich text (part of Rails)

ruby-all-dev/stable 1:3.3+b1 arm64
  Ruby development environment (all versions supported in Debian)

ruby-friendly-id/stable 5.5.1-1 all
  Comprehensive slugging and pretty-URL plugin

ruby-html-proofer/stable 3.19.4-2 all
  Test your rendered HTML files to make sure they're accurate

ruby-jekyll-mentions/stable 1.6.0-1 all
  Jekyll plugin to add mentionable link support

ruby-jekyll-paginate-v2/stable 3.0.0-2 all
  enhanced pagination generator plugin for Jekyll

ruby-jekyll-readme-index/stable 0.3.0-2 all
  plugin to render a README as site index

ruby-jekyll-relative-links/stable 0.7.0-1 all
  plugin for Jekyll to convert relative links to Markdown files

ruby-linked-list/stable 0.0.14-2 all
  Ruby implementation of Doubly Linked List

ruby-mechanize/stable 2.10.1-1 all
  library used for automating interaction with websites

ruby-nfnetlink/stable 1.0.2-2 all
  Wrapper on top of libnfnetlink using FFI

ruby-obexftp/stable 0.24-10+b3 arm64
  ruby binding to the object exchange file transfer library

ruby-pathutil/stable 0.16.2-1 all
  Faster pure Ruby implementation of Pathname with extra bits

ruby-rails-html-sanitizer/stable 1.6.2-1 all
  HTML sanitization for Rails applications

ruby-rainbow/stable 3.1.1-1 all
  extension of Ruby String class enabling colored text on ANSI terminals

ruby-rethtool/stable 0.0.5-2 all
  partial wrapper around the SIOCETHTOOL ioctl

ruby-rgfa/stable 1.3.1+dfsg-3 all
  parse, edit and write GFA format graphs in Ruby

ruby-rinku/stable 1.7.3-2.1+b4 arm64
  autolinker for Ruby

ruby-rinku-doc/stable 1.7.3-2.1 all
  autolinker for Ruby (documentation)

ruby-ronn/stable 0.10.1-2 all
  library to build manuals from Markdown

ruby-rugged/stable 1.9.0+ds-1 arm64
  Ruby binding to the libgit2 library

ruby-sinatra-contrib/stable 4.1.1-5 all
  collection of useful extensions to the Sinatra web framework

ruby-spdx-licenses/stable 1.2.0-2 all
  SPDX license and identifier lookup

ruby-stringex/stable 2.8.5-4 all
  Some useful extensions to Ruby's String class

ruby-turbolinks/stable 5.2.1-2 all
  following links in your Rails web application faster

ruby-turbolinks-source/stable 5.2.0+dfsg-2 all
  Provides Turbolinks as a ruby gem

ruby-twitter-text/stable 1.14.7+conformance-3 all
  library that does auto linking and extraction items in tweets

ruby-wikicloth/stable 0.8.1+dfsg-4.1 all
  MediaWiki markup language parser for Ruby

ruby-will-paginate/stable 3.3.1-1 all
  Pagination for Rails

runit-init/stable 2.2.0-3 arm64
  system-wide service supervision (as init system)

rust-llvm/stable 1.85.0+dfsg3-1 arm64
  Rust LLVM integration

saods9/stable 8.6+repack-5 all
  Image display tool for astronomy

sash/stable 3.8-7+b12 arm64
  Stand-alone statically linked shell

satdump/stable 1.2.2-1 arm64
  Generic satellite data processing software

science-config/stable 1.15 all
  Debian Science Project config package

scilab-include/stable 2024.1.0+dfsg-6+deb13u1 arm64
  Scientific software package for numerical computations (include files)

scim/stable 1.4.18+git20211204-0.2+b4 arm64
  smart common input method platform

scotch/stable 7.0.7-1 arm64
  programs and libraries for graph, mesh and hypergraph partitioning

scrm/stable 1.7.4-2 arm64
  simulator of evolution of genetic sequences

sdcc/stable 4.5.0+dfsg-1 arm64
  Small Device C Compiler

securefs/stable 0.13.1+ds-1+b3 arm64
  Filesystem in userspace with transparent authenticated encryption

sfftw-dev/stable 2.1.5-7+b1 arm64
  library for computing Fast Fourier Transforms

shaarli/stable 0.14.0+dfsg-2+deb13u1 all
  Personal, minimalist, super-fast and no-database bookmarking service

shutter/stable 0.99.6-2 all
  feature-rich screenshot program

simple-whip-client/stable 0.0~git20240308-1+b1 arm64
  simple GStreamer-based WHIP client

simstring-dev/stable 1.0-3+b1 arm64
  fast and simple algorithm for approximate string matching/retrieval

sioyek/stable 2.0.0+dfsg-5.1+b1 arm64
  PDF viewer with a focus on technical books and research papers

skycat/stable 3.1.2+starlink1~b+dfsg-9 arm64
  Image visualization and access to catalogs and data for astronomy

slinkwatch/stable 1.1-6+b8 arm64
  automatic maintenance of Suricata monitoring interfaces

slrn/stable 1.0.3+dfsg-8 arm64
  threaded text-mode news reader

solvespace/stable 3.1+ds1-3.1+b2 arm64
  Parametric 2d/3d CAD

spinner/stable 1.2.4-6+b1 arm64
  Sends small packets over a idle link

splat/stable 1.4.2-3 arm64
  analyze point-to-point terrestrial RF communication links

sploitscan/stable 0.10.5-1 all
  Search for CVE information

sql-ledger/stable 3.2.6-1 all
  Web based double-entry accounting program

sqlcipher/stable 4.6.1-2 arm64
  Command line interface for SQLCipher

sqlite3/stable 3.46.1-7+deb13u1 arm64
  Command line interface for SQLite 3

sqlite3-doc/stable 3.46.1-7+deb13u1 all
  SQLite 3 documentation

srcpd/stable 2.1.7-2 arm64
  SRCP server daemon to control digital model railroads

staden/stable 2.0.0+b11-5+b1 arm64
  DNA sequence assembly (Gap4/Gap5), editing and analysis tools

staden-common/stable 2.0.0+b11-5 all
  Architecture independent files for Staden

starlink-array-java/stable 0.2+2024.07.24-1 all
  N-dimensional array manipulation and I/O in Java

starlink-array-java-doc/stable 0.2+2024.07.24-1 all
  N-dimensional array manipulation and I/O in Java (javadoc)

starlink-auth-java/stable 0.2+2024.09.16-1 all
  IVOA standard conform resource authentication

starlink-auth-java-doc/stable 0.2+2024.09.16-1 all
  IVOA standard conform resource authentication (API docs)

starlink-cdf-java/stable 1.0+2025.02.26-1 all
  CDF table support for Starjava

starlink-cdf-java-doc/stable 1.0+2025.02.26-1 all
  CDF table support for Starjava (Javadoc)

starlink-connect-java/stable 0.1+2024.08.01-1 all
  Abstract classes for persistent connections to remote services

starlink-connect-java-doc/stable 0.1+2024.08.01-1 all
  Abstract classes for persistent connections (javadoc)

starlink-datanode-java/stable 1.0+2024.07.24-1 all
  Classes for hierarchical browsing of data structures

starlink-datanode-java-doc/stable 1.0+2024.07.24-1 all
  Classes for hierarchical browsing of data structures (documentation)

starlink-dpac-java/stable 1.0+2024.08.01-1 all
  Java classes to process GAIA data

starlink-dpac-java-doc/stable 1.0+2024.08.01-1 all
  Java classes to process GAIA data (Javadoc)

starlink-ecsv-java/stable 1.0+2024.08.05-1 all
  Parser for the metadata and data of an ECSV file

starlink-ecsv-java-doc/stable 1.0+2024.08.05-1 all
  Parser for the metadata and data of an ECSV file (documentation)

starlink-fits-java/stable 0.1+2025.01.23-1 all
  Classes for general FITS handling

starlink-fits-java-doc/stable 0.1+2025.01.23-1 all
  Classes for general FITS handling (javadoc)

starlink-pal-java/stable 1.0.1+2024.07.24-1 all
  Starlink Positional Astronomy Library (Java version)

starlink-pal-java-doc/stable 1.0.1+2024.07.24-1 all
  Starlink Positional Astronomy Library (Java version) - documentation

starlink-registry-java/stable 1.2+2024.08.05-1 all
  Starlink IVOA registry access

starlink-registry-java-doc/stable 1.2+2024.08.05-1 all
  Starlink IVOA registry access (API docs)

starlink-table-java/stable 4.3.2-1 all
  Starlink Tables Infrastructure Library

starlink-table-java-doc/stable 4.3.2-1 all
  Starlink Tables Infrastructure Library (documentation)

starlink-task-java/stable 0.2+2025.02.03-1 all
  Java framework for invoking user-level tasks

starlink-task-java-doc/stable 0.2+2025.02.03-1 all
  Java framework for invoking user-level tasks (javadoc)

starlink-tfcat-java/stable 1.0+2024.08.01-1 all
  Java classes to parse Time-Frequency Radio Catalogues

starlink-tfcat-java-doc/stable 1.0+2024.08.01-1 all
  Java classes to parse Time-Frequency Radio Catalogues

starlink-tjoin-java/stable 1.0.+2024.08.01-2 all
  Join subclasses for Starjava table class

starlink-tjoin-java-doc/stable 1.0.+2024.08.01-2 all
  Join subclasses for Starjava table class (Javadoc)

starlink-topcat-java/stable 4.10.3-1 all
  Tool for OPerations on Catalogues And Tables (Java library)

starlink-topcat-java-doc/stable 4.10.3-1 all
  Tool for OPerations on Catalogues And Tables (JavaDoc)

starlink-ttools-java/stable 3.5.2-1 all
  Starlink Tables Infrastructure Library Tool Set (Java library)

starlink-ttools-java-doc/stable 3.5.2-1 all
  Starlink Tables Infrastructure Library Tool Set (Javadoc)

starlink-util-java/stable 1.0+2024.11.05-1 all
  Miscellaneous utilities for the Starjava classes

starlink-util-java-doc/stable 1.0+2024.11.05-1 all
  Miscellaneous utilities for the Starjava classes (documentation)

starlink-vo-java/stable 0.2+2025.03.05-1 all
  Virtual Observatory access classes

starlink-vo-java-doc/stable 0.2+2025.03.05-1 all
  Virtual Observatory access classes (javadoc)

starlink-votable-java/stable 2.0+2024.11.07-1 all
  Classes for VOTable input and output

starlink-votable-java-doc/stable 2.0+2024.11.07-1 all
  Classes for VOTable input and output (javadoc)

stilts/stable 3.5.2-1 all
  Starlink Tables Infrastructure Library Tool Set

stilts-doc/stable 3.5.2-1 all
  Starlink Tables Infrastructure Library Tool Set (documentation)

stlink-gui/stable 1.8.0-1.1 arm64
  OpenSource ST-Link tools replacement.

stlink-tools/stable 1.8.0-1.1 arm64
  OpenSource ST-Link tools replacement.

storebackup/stable 3.2.1-2 all
  fancy compressing managing checksumming deduplicating hard-linking cp -ua

stow/stable 2.4.1-2 all
  Organizer for /usr/local software packages

streamlink/stable 7.3.0-2 all
  CLI for extracting video streams from various websites to a video player

surf/stable 2.1+git20250419-1 arm64
  Simple web browser by suckless community

surfraw/stable 2.3.0-2 all
  fast unix command line interface to WWW

surfraw-extra/stable 2.3.0-2 all
  extra surfraw search tools with heavy dependencies

svxlink-calibration-tools/stable 24.02-5 arm64
  Calibration tools for SvxLink amateur radio suite

svxlink-gpio/stable 24.02-5 all
  GPIO control scripts SvxLink amateur radio server

svxlink-server/stable 24.02-5 arm64
  Voice-over-IP server for ham radio operators

svxreflector/stable 24.02-5 arm64
  Conference server for SvxLink amateur radio servers

swarm/stable 3.1.5+dfsg-2+b1 arm64
  robust and fast clustering method for amplicon-based studies

symlinks/stable 1.4-5 arm64
  scan/change symbolic links

syrep/stable 0.9-5+b2 arm64
  generic file repository synchronization tool

systemd-sysv/stable,now 257.13-1~deb13u1 arm64 [installed,automatic]
  system and service manager - SysV compatibility symlinks

sysv-rc/stable 3.14-4 all
  System-V-like runlevel change mechanism

sysv-rc-conf/stable 0.99-10 all
  SysV init runlevel configuration tool for the terminal

tcc/stable 0.9.27+git20200814.62c30a4a-2 arm64
  small ANSI C compiler

tcmu-runner/stable 1.5.4-9+b1 arm64
  Daemon that handles the userspace side of the LIO TCM-User backstore

tdiary-core/stable 5.3.0-2 all
  Communication-friendly weblog system

terminology/stable 1.14.0-1 arm64
  Enlightenment efl based terminal emulator

terminology-data/stable 1.14.0-1 all
  Enlightenment efl based terminal emulator data

texlive-bibtex-extra/stable 2024.20250309-2 all
  TeX Live: BibTeX additional styles

texlive-fonts-extra-links/stable 2024.20250309-2 all
  TeX Live: Setup of fonts for TeX Live and search via kpathsea

texlive-latex-extra/stable 2024.20250309-2 all
  TeX Live: LaTeX additional packages

theme-d-bootstrap/stable 6.1.0-1 all
  Bootstrapped Theme-D environment

thesias/stable 3.1.1-3 arm64
  Testing Haplotype Effects In Association Studies

tickr/stable 0.7.1-1+b2 arm64
  GTK-based highly graphically-customizable Feed Ticker

tilem/stable 2.0-5.1 arm64
  GTK+ TI Z80 calculator emulator

tilem-data/stable 2.0-5.1 all
  GTK+ TI Z80 calculator emulator (data files)

tilp2/stable 1.19~git20231112.5a2ea63-1+b3 arm64
  Texas Instruments hand-helds <-> PC communication program for X

tk-table/stable 2.10.8-2 arm64
  Table extension for Tcl/Tk

tk8.6-blt2.5/stable 2.5.3+dfsg-8 arm64
  graphics extension library for Tcl/Tk - library

tmfs/stable 7-1+b1 arm64
  Apple Time Machine FUSE mount

tmpreaper/stable 1.6.18 arm64
  cleans up files in directories based on their age

tmux/stable 3.5a-3 arm64
  terminal multiplexer

tntnet/stable 3.0-4 arm64
  modular, multithreaded web application server for C++

tntnet-demos/stable 3.0-4 arm64
  demo web applications for Tntnet

tntnet-doc/stable 3.0-4 all
  documentation for Tntnet

tntnet-runtime/stable 3.0-4 arm64
  Tntnet runtime system

topal/stable 84-1+b2 arm64
  Glue between the Alpine email client and GnuPG cryptography

trac/stable 1.6-3 all
  Enhanced wiki and issue tracking system for software development projects

transdecoder/stable 5.7.1-2 all
  find coding regions within RNA transcript sequences

transdecoder-doc/stable 5.7.1-2 all
  find coding regions within transcripts

tremotesf/stable 2.8.2-1 arm64
  Remote GUI for transmission-daemon

tryton-modules-account-invoice-stock/stable 7.0.2-1 all
  Tryton application platform - account invoice stock module

tryton-modules-account-payment-clearing/stable 7.0.5-1 all
  Tryton application platform - account payment clearing module

tryton-modules-account-payment-stripe/stable 7.0.4-3 all
  Tryton application platform - account payment stripe module

tryton-modules-account-tax-cash/stable 7.0.2-3 all
  Tryton application platform - account tax cash module

tryton-modules-google-maps/stable 7.0.0-3 all
  Tryton application platform - google maps module

tryton-modules-marketing-email/stable 7.0.0-3 all
  Tryton application platform - marketing email module

tryton-modules-sale-payment/stable 7.0.1-3 all
  Tryton application platform - sale payment module

tryton-modules-sale-promotion-coupon/stable 7.0.1-1 all
  Tryton application platform - sale promotion coupon module

txt2html/stable 1:3.0-1 all
  Text to HTML converter

txt2tags/stable 3.9-1 all
  conversion tool to generating several file formats

tzdata-legacy/stable 2026b-0+deb13u1 all
  time zone data for TAI minus ten seconds

ucarp/stable 1.5.2+git20192404.1a9aaf7-1+b2 arm64
  user-space replacement to VRRP automatic IP fail-over

udhcpc/stable 1:1.37.0-6 all
  Provides the busybox DHCP client implementation

udhcpd/stable 1:1.37.0-6 all
  Provides the busybox DHCP server implementation

uftp/stable 4.10.2-1.1+b5 arm64
  Encrypted multicast file transfer program

uisp/stable 20050207-4.5+b2 arm64
  Micro In-System Programmer for Atmel's AVR MCUs

unison/stable 2.53+1 all
  file-synchronization tool for Unix and Windows

unison-2.53/stable 2.53.7-2 arm64
  file-synchronization tool for Unix and Windows

unison-2.53-gtk/stable 2.53.7-2 arm64
  file-synchronization tool for Unix and Windows with GTK+ interface

unison-gtk/stable 2.53+1 all
  file-synchronization tool for Unix and Windows with GTK+ interface

unrtf/stable 0.21.10-clean-1+b1 arm64
  RTF to other formats converter

urlextractor/stable 0.2.0-2.1 all
  Information gathering and website reconnaissance

usemod-wiki/stable 1.2.2-2 all
  Perl-based Wiki clone

userv-utils/stable 0.6.1-2+b1 arm64
  privsep utilities collection

usrmerge/stable 39+nmu2 all
  Convert the system to the merged /usr directories scheme

uthash-dev/stable 2.3.0-2 arm64
  hash table and linked list for C structures

uwsgi-plugin-lua5.1/stable 2.0.28+8+0.0.2 arm64
  Lua WSAPI plugin for uWSGI (Lua 5.1)

uwsgi-plugin-luajit/stable 2.0.28+1+0.0.8+b6 arm64
  Lua WSAPI plugin for uWSGI (LuaJIT)

uwsgi-plugin-python3/stable 2.0.28+8+0.0.2+b1 arm64
  WSGI plugin for uWSGI (Python 3)

varlink-go/stable 0.4.0-2+b15 arm64
  Varlink interface generator utility

varnish-re2/stable 2.0.0-7 arm64
  RE2 regular expressions for Varnish

vde2-cryptcab/stable 2.3.2+r586-11 arm64
  Virtual Distributed Ethernet - CryptCab

vf1/stable 0.0.11-3 all
  command-line gopher client

vilistextum/stable 2.6.9-1.4 arm64
  a HTML to text converter

vim-link-vim/stable 1.4.0-1 all
  Keep long links out of your way

vim-scripts/stable 20210124.4 all
  plugins for vim, adding bells and whistles

vim-vimwiki/stable 2024.01.24-2 all
  Vim plugin for personal wiki

virtuoso-minimal/stable 7.2.12+dfsg-2 all
  high-performance database - core dependency package

virtuoso-opensource/stable 7.2.12+dfsg-2 all
  high-performance database

virtuoso-opensource-7/stable 7.2.12+dfsg-2 arm64
  high-performance database - support files

virtuoso-opensource-7-bin/stable 7.2.12+dfsg-2 arm64
  high-performance database - binaries

virtuoso-opensource-7-common/stable 7.2.12+dfsg-2 arm64
  high-performance database - common files

virtuoso-server/stable 7.2.12+dfsg-2 all
  high-performance database - server dependency package

virtuoso-vad-bpel/stable 7.2.12+dfsg-2 all
  high-performance database - BPEL module

virtuoso-vad-conductor/stable 7.2.12+dfsg-2 all
  high-performance database - conductor module

virtuoso-vad-demo/stable 7.2.12+dfsg-2 all
  high-performance database - demo module

virtuoso-vad-doc/stable 7.2.12+dfsg-2 all
  high-performance database - documentation module

virtuoso-vad-isparql/stable 7.2.12+dfsg-2 all
  high-performance database - iSPARQL module

virtuoso-vad-rdfmappers/stable 7.2.12+dfsg-2 all
  high-performance database - RDF mappers module

virtuoso-vad-sparqldemo/stable 7.2.12+dfsg-2 all
  high-performance database - SPARQL demo module

virtuoso-vad-syncml/stable 7.2.12+dfsg-2 all
  high-performance database - SyncML module

virtuoso-vad-tutorial/stable 7.2.12+dfsg-2 all
  high-performance database - tutorial module

virtuoso-vsp-startpage/stable 7.2.12+dfsg-2 all
  high-performance database - web interface files

vlc-plugin-bittorrent/stable 2.15-2 arm64
  Bittorrent plugin for VLC

w3c-linkchecker/stable 5.0.0-2 all
  tool to verify the links in a web page are still valid

w3m/stable 0.5.3+git20230121-2.1 arm64
  WWW browsable pager with excellent tables/frames support

wait-for-it/stable 0.0~git20180723-1 all
  script that will wait on the availability of a host and TCP port

webext-plasma-browser-integration/stable 6.3.4-2 all
  Chromium, Firefox integration for Plasma (web extension component)

webext-privacy-badger/stable 2020.10.7-1 all
  Privacy Badger automatically learns to block invisible trackers

webhttrack/stable 3.49.6-1 arm64
  Copy websites to your computer, httrack with a Web interface

wfuzz/stable 3.1.0-6 all
  Web application bruteforcer

wims/stable 2:4.29a+dfsg1-3 arm64
  server for educational content: courses, exercises, and exams

wims-lti/stable 0.4.4.1-17 all
  gateway server that links LMSs to WIMS servers, using LTI

wine64-preloader/stable 10.0~repack-6 arm64
  Windows API implementation - prelinked 64-bit binary loader

wise/stable 2.4.1-27 arm64
  comparison of biopolymers, like DNA and protein sequences

wise-data/stable 2.4.1-27 all
  data files for the wise package

wise-doc/stable 2.4.1-27 all
  documentation for the wise package

wmf/stable 1.0.5-8.1+b2 arm64
  Web Mail Folder

wmwave/stable 0.4-11.2 arm64
  Monitor status of an 802.11 wireless ethernet link

wordnet/stable 1:3.0-39 arm64
  electronic lexical database of English language

wordnet-base/stable 1:3.0-39 all
  electronic lexical database of English language (base data)

wordnet-dev/stable 1:3.0-39 arm64
  electronic lexical database of English language (devel)

wordnet-grind/stable 1:3.0-39 arm64
  WordNet lexicographer files processor

wordnet-gui/stable 1:3.0-39 arm64
  electronic lexical database of English language (GUI)

wordnet-sense-index/stable 1:3.0-39 all
  electronic lexical database of English language (index)

wpan-tools/stable 0.9-1+b1 arm64
  Configure and test 802.15.4 devices

wv/stable 1.2.9-8+b1 arm64
  Programs for accessing Microsoft Word documents

wvkbd/stable 0.15-1 arm64
  on-screen keyboard for wlroots that sucks less

x2vnc/stable 1.7.2+git20100909.01ced3d-1 arm64
  Link a VNC and an X display together, simulating a multiheaded display

x2x/stable 1.30-12 arm64
  Link two X displays together, simulating a multiheaded display

xaw3dg/stable 1.5+F-2+b1 arm64
  Xaw3d widget set

xaw3dg-dev/stable 1.5+F-2+b1 arm64
  Xaw3d widget set development package

xbindkeys/stable 1.8.7-2+b2 arm64
  Associate a combination of keys or mouse buttons with a shell command

ximtool/stable 2.2+dfsg-1 arm64
  Interactive image display program for the X Window System

xmms2-client-nycli/stable 0.8+dfsg-28+b1 arm64
  XMMS2 - new cli client

xmpuzzles/stable 8.8.7+ds-2 arm64
  collection of puzzles for X (Motif version)

xournalpp/stable 1.2.6-1 arm64
  Xournal++ - Open source hand note-taking program

xpuzzles/stable 8.8.7+ds-2 arm64
  collection of puzzles for X (plain X version)

xscreensaver-gl/stable 6.09+dfsg1-1 arm64
  GL(Mesa) screen saver modules for screensaver frontends

xstow/stable 1.1.1-1 arm64
  Extended replacement of GNU Stow

xutils-dev/stable 1:7.7+7 arm64
  X Window System utility programs for development

xwpe/stable 1.5.30a-4+b1 arm64
  Programming environment and editor for console and X11

xz-utils/stable 5.8.1-1+deb13u1 arm64 [upgradable from: 5.8.1-1]
  XZ-format compression utilities

xzdec/stable 5.8.1-1+deb13u1 arm64
  XZ-format compression utilities - tiny decompressors

yasat/stable 848-1.2 all
  simple stupid audit tool

yt-dlp/stable 2025.04.30-1 all
  downloader of videos from YouTube and other sites

zathura/stable 0.5.11-1 arm64
  document viewer with a minimalistic interface

zathura-cb/stable 0.1.11-1 arm64
  comic book archive support for zathura

zathura-djvu/stable 0.2.10-1 arm64
  DjVu support for zathura

zathura-pdf-poppler/stable 0.3.3-1 arm64
  PDF support for zathura

zathura-ps/stable 0.2.8-1 arm64
  PostScript support for zathura

zim/stable 0.76.3-1 all
  graphical text editor based on wiki technologies

ziproxy/stable 3.3.2-7+b4 arm64
  compressing HTTP proxy server

zita-lrx/stable 0.1.2-1+b2 arm64
  Command line jack application providing crossover filters

zmap/stable 2.1.1-2.1+b2 arm64
  network scanner for researchers

zsh-static/stable 5.9-8+b23 arm64
  shell with lots of features (static link)

